Copyright 1986-2022 Xilinx, Inc. All Rights Reserved. Copyright 2022-2025 Advanced Micro Devices, Inc. All Rights Reserved.
-------------------------------------------------------------------------------------------------------------------------------------------------
| Tool Version     : Vivado v.2025.2 (win64) Build 6299465 Fri Nov 14 19:35:11 GMT 2025
| Date             : Fri Sep 25 12:00:41 2026
| Host             : CHINAMI-1GGEFB2 running 64-bit major release  (build 9200)
| Command          : report_power -hier all -hierarchical_depth 12 -file E:/nf/n3_report_clean_v2/power_saif.rpt
| Design           : nl_fullnet_shell
| Device           : xcku060-ffva1156-2-i
| Design State     : routed
| Grade            : industrial
| Process          : typical
| Characterization : Production
-------------------------------------------------------------------------------------------------------------------------------------------------

Power Report

Table of Contents
-----------------
1. Summary
1.1 On-Chip Components
1.2 Power Supply Summary
1.3 Confidence Level
2. Settings
2.1 Environment
2.2 Clock Constraints
3. Detailed Reports
3.1 By Hierarchy

1. Summary
----------

+--------------------------+-------------------------------------------------------------------+
| Total On-Chip Power (W)  | 6.386                                                             |
| Design Power Budget (W)  | Unspecified*                                                      |
| Power Budget Margin (W)  | NA                                                                |
| Dynamic (W)              | 5.447                                                             |
| Device Static (W)        | 0.939                                                             |
| Effective TJA (C/W)      | 1.4                                                               |
| Max Ambient (C)          | 91.0                                                              |
| Junction Temperature (C) | 50.0                                                              |
| Confidence Level         | High                                                              |
| Setting File             | ---                                                               |
| Simulation Activity File | D:/我的文档/桌面/毕设/n3_power_delivery/n3_activity_clean_v1.saif |
| Design Nets Matched      | 71%   (453380/638590)                                             |
+--------------------------+-------------------------------------------------------------------+
* Specify Design Power Budget using, set_operating_conditions -design_power_budget <value in Watts>


1.1 On-Chip Components
----------------------

+--------------------------+-----------+----------+-----------+-----------------+
| On-Chip                  | Power (W) | Used     | Available | Utilization (%) |
+--------------------------+-----------+----------+-----------+-----------------+
| Clocks                   |     0.471 |        3 |       --- |             --- |
| CLB Logic                |     0.824 |   410523 |       --- |             --- |
|   LUT as Logic           |     0.474 |   147005 |    331680 |           44.32 |
|   LUT as Distributed RAM |     0.202 |     5676 |    146880 |            3.86 |
|   Register               |     0.080 |   171958 |    663360 |           25.92 |
|   LUT as Shift Register  |     0.043 |     2322 |    146880 |            1.58 |
|   CARRY8                 |     0.026 |    21380 |     41460 |           51.57 |
|   F7/F8 Muxes            |    <0.001 |     2702 |    331680 |            0.81 |
|   Others                 |     0.000 |    13476 |       --- |             --- |
|   BUFG                   |     0.000 |        1 |        96 |            1.04 |
| Signals                  |     1.265 |   397094 |       --- |             --- |
| Block RAM                |     2.011 |      692 |      1080 |           64.07 |
| DSPs                     |     0.863 |     2192 |      2760 |           79.42 |
| I/O                      |     0.011 |      227 |       520 |           43.65 |
| Static Power             |     0.939 |          |           |                 |
| Total                    |     6.386 |          |           |                 |
+--------------------------+-----------+----------+-----------+-----------------+


1.2 Power Supply Summary
------------------------

+------------+-------------+-----------+-------------+------------+-------------+-------------+------------+
| Source     | Voltage (V) | Total (A) | Dynamic (A) | Static (A) | Powerup (A) | Budget (A)  | Margin (A) |
+------------+-------------+-----------+-------------+------------+-------------+-------------+------------+
| Vccint     |       0.950 |     6.124 |       5.652 |      0.472 |       NA    | Unspecified | NA         |
| Vccaux     |       1.800 |     0.133 |       0.000 |      0.133 |       NA    | Unspecified | NA         |
| Vccaux_io  |       1.800 |     0.085 |       0.003 |      0.081 |       NA    | Unspecified | NA         |
| Vccint_io  |       0.950 |     0.045 |       0.005 |      0.040 |       NA    | Unspecified | NA         |
| Vcco33     |       3.300 |     0.000 |       0.000 |      0.000 |       NA    | Unspecified | NA         |
| Vcco25     |       2.500 |     0.000 |       0.000 |      0.000 |       NA    | Unspecified | NA         |
| Vcco18     |       1.800 |     0.000 |       0.000 |      0.000 |       NA    | Unspecified | NA         |
| Vcco15     |       1.500 |     0.000 |       0.000 |      0.000 |       NA    | Unspecified | NA         |
| Vcco135    |       1.350 |     0.000 |       0.000 |      0.000 |       NA    | Unspecified | NA         |
| Vcco12     |       1.200 |     0.000 |       0.000 |      0.000 |       NA    | Unspecified | NA         |
| Vcco10     |       1.000 |     0.000 |       0.000 |      0.000 |       NA    | Unspecified | NA         |
| Vccbram    |       0.950 |     0.114 |       0.069 |      0.045 |       NA    | Unspecified | NA         |
| MGTAVcc    |       1.000 |     0.000 |       0.000 |      0.000 |       NA    | Unspecified | NA         |
| MGTAVtt    |       1.200 |     0.000 |       0.000 |      0.000 |       NA    | Unspecified | NA         |
| MGTVccaux  |       1.800 |     0.000 |       0.000 |      0.000 |       NA    | Unspecified | NA         |
| Vccadc     |       1.800 |     0.014 |       0.000 |      0.014 |       NA    | Unspecified | NA         |
| MGTYVccaux |       1.800 |     0.000 |       0.000 |      0.000 |       NA    | Unspecified | NA         |
| MGTYAVcc   |       1.000 |     0.000 |       0.000 |      0.000 |       NA    | Unspecified | NA         |
| MGTYAVtt   |       1.200 |     0.000 |       0.000 |      0.000 |       NA    | Unspecified | NA         |
+------------+-------------+-----------+-------------+------------+-------------+-------------+------------+


1.3 Confidence Level
--------------------

+-----------------------------+------------+------------------------------------------------+--------+
| User Input Data             | Confidence | Details                                        | Action |
+-----------------------------+------------+------------------------------------------------+--------+
| Design implementation state | High       | Design is routed                               |        |
| Clock nodes activity        | High       | User specified more than 95% of clocks         |        |
| I/O nodes activity          | High       | User specified more than 95% of inputs         |        |
| Internal nodes activity     | High       | User specified more than 25% of internal nodes |        |
| Device models               | High       | Device models are Production                   |        |
|                             |            |                                                |        |
| Overall confidence level    | High       |                                                |        |
+-----------------------------+------------+------------------------------------------------+--------+


2. Settings
-----------

2.1 Environment
---------------

+-----------------------+--------------------------+
| Ambient Temp (C)      | 41.0                     |
| ThetaJA (C/W)         | 1.4                      |
| Airflow (LFM)         | 250                      |
| Heat Sink             | medium (Medium Profile)  |
| ThetaSA (C/W)         | 2.4                      |
| Board Selection       | medium (10"x10")         |
| # of Board Layers     | 12to15 (12 to 15 Layers) |
| Board Temperature (C) | 25.0                     |
+-----------------------+--------------------------+


2.2 Clock Constraints
---------------------

+----------+--------+-----------------+
| Clock    | Domain | Constraint (ns) |
+----------+--------+-----------------+
| core_clk | clk    |            10.0 |
+----------+--------+-----------------+


3. Detailed Reports
-------------------

3.1 By Hierarchy
----------------

+---------------------------------------------------------------------+-----------+---------+-----------+------+--------+----------+------------+---------+-----------+--------+----------+-------+---------+
| Name                                                                | Power (W) | Clock # | Clock (W) | Io # | Io (W) | Signal # | Signal (W) | Logic # | Logic (W) | Bram # | Bram (W) | Dsp # | Dsp (W) |
+---------------------------------------------------------------------+-----------+---------+-----------+------+--------+----------+------------+---------+-----------+--------+----------+-------+---------+
| nl_fullnet_shell                                                    |     5.447 |       3 |     0.471 |  227 |  0.011 |   397094 |      1.265 |  410523 |     0.824 |    692 |    2.011 |  2192 |   0.863 |
|   u_network                                                         |     5.435 |       3 |     0.471 |    0 |  0.000 |   396728 |      1.265 |  410293 |     0.824 |    708 |    2.011 |  2192 |   0.863 |
|     u_features                                                      |     5.404 |       3 |     0.466 |    0 |  0.000 |   391322 |      1.257 |  405797 |     0.820 |    688 |    2.004 |  2174 |   0.858 |
|       u_block0                                                      |     3.318 |       3 |     0.257 |    0 |  0.000 |   219222 |      0.929 |  219106 |     0.641 |    238 |    0.844 |  1368 |   0.647 |
|         u_conv                                                      |     0.192 |       3 |     0.023 |    0 |  0.000 |    13376 |      0.045 |   23929 |     0.052 |     16 |    0.068 |    16 |   0.004 |
|           u_spa_conv1d                                              |     0.100 |       3 |     0.012 |    0 |  0.000 |     7171 |      0.025 |   12361 |     0.028 |      8 |    0.034 |     8 |   0.002 |
|             G_LOCAL_SPA_HISTORY_LANE[0].u_history_lane              |     0.001 |       3 |    <0.001 |    0 |  0.000 |       65 |     <0.001 |      75 |    <0.001 |      0 |    0.000 |     0 |   0.000 |
|             G_LOCAL_SPA_HISTORY_LANE[1].u_history_lane              |     0.001 |       3 |    <0.001 |    0 |  0.000 |       65 |     <0.001 |      75 |    <0.001 |      0 |    0.000 |     0 |   0.000 |
|             G_LOCAL_SPA_HISTORY_LANE[2].u_history_lane              |     0.001 |       3 |    <0.001 |    0 |  0.000 |       65 |     <0.001 |      75 |    <0.001 |      0 |    0.000 |     0 |   0.000 |
|             G_LOCAL_SPA_HISTORY_LANE[3].u_history_lane              |     0.001 |       3 |    <0.001 |    0 |  0.000 |       65 |     <0.001 |      75 |    <0.001 |      0 |    0.000 |     0 |   0.000 |
|             G_LOCAL_SPA_HISTORY_LANE[4].u_history_lane              |     0.001 |       3 |    <0.001 |    0 |  0.000 |       65 |     <0.001 |      75 |    <0.001 |      0 |    0.000 |     0 |   0.000 |
|             G_LOCAL_SPA_HISTORY_LANE[5].u_history_lane              |     0.001 |       3 |    <0.001 |    0 |  0.000 |       65 |     <0.001 |      75 |    <0.001 |      0 |    0.000 |     0 |   0.000 |
|             G_LOCAL_SPA_HISTORY_LANE[6].u_history_lane              |     0.001 |       3 |    <0.001 |    0 |  0.000 |       65 |     <0.001 |      75 |    <0.001 |      0 |    0.000 |     0 |   0.000 |
|             G_LOCAL_SPA_HISTORY_LANE[7].u_history_lane              |     0.001 |       3 |    <0.001 |    0 |  0.000 |       65 |     <0.001 |      75 |    <0.001 |      0 |    0.000 |     0 |   0.000 |
|             u_param_rom                                             |     0.036 |       3 |    <0.001 |    0 |  0.000 |      424 |      0.003 |      17 |     0.000 |      8 |    0.034 |     0 |   0.000 |
|               GEN0.u                                                |     0.036 |       3 |    <0.001 |    0 |  0.000 |      424 |      0.003 |      16 |     0.000 |      8 |    0.034 |     0 |   0.000 |
|                 U0                                                  |     0.036 |       3 |    <0.001 |    0 |  0.000 |      424 |      0.003 |      16 |     0.000 |      8 |    0.034 |     0 |   0.000 |
|                   inst_blk_mem_gen                                  |     0.036 |       3 |    <0.001 |    0 |  0.000 |      424 |      0.003 |      16 |     0.000 |      8 |    0.034 |     0 |   0.000 |
|                     gnbram.gnativebmg.native_blk_mem_gen            |     0.036 |       3 |    <0.001 |    0 |  0.000 |      424 |      0.003 |      16 |     0.000 |      8 |    0.034 |     0 |   0.000 |
|                       valid.cstr                                    |     0.036 |       3 |    <0.001 |    0 |  0.000 |      424 |      0.003 |      16 |     0.000 |      8 |    0.034 |     0 |   0.000 |
|           u_spe_conv1d                                              |     0.092 |       3 |     0.012 |    0 |  0.000 |     6205 |      0.020 |   11568 |     0.025 |      8 |    0.034 |     8 |   0.002 |
|             G_LOCAL_SPE_HISTORY_LANE[6].u_history_lane              |     0.001 |       3 |    <0.001 |    0 |  0.000 |       65 |     <0.001 |      75 |    <0.001 |      0 |    0.000 |     0 |   0.000 |
|             G_LOCAL_SPE_HISTORY_LANE[7].u_history_lane              |     0.001 |       3 |    <0.001 |    0 |  0.000 |       65 |     <0.001 |      75 |    <0.001 |      0 |    0.000 |     0 |   0.000 |
|             u_param_rom                                             |     0.037 |       3 |    <0.001 |    0 |  0.000 |      424 |      0.003 |      17 |     0.000 |      8 |    0.034 |     0 |   0.000 |
|               GEN0.u                                                |     0.037 |       3 |    <0.001 |    0 |  0.000 |      424 |      0.003 |      16 |     0.000 |      8 |    0.034 |     0 |   0.000 |
|                 U0                                                  |     0.037 |       3 |    <0.001 |    0 |  0.000 |      424 |      0.003 |      16 |     0.000 |      8 |    0.034 |     0 |   0.000 |
|                   inst_blk_mem_gen                                  |     0.037 |       3 |    <0.001 |    0 |  0.000 |      424 |      0.003 |      16 |     0.000 |      8 |    0.034 |     0 |   0.000 |
|                     gnbram.gnativebmg.native_blk_mem_gen            |     0.037 |       3 |    <0.001 |    0 |  0.000 |      424 |      0.003 |      16 |     0.000 |      8 |    0.034 |     0 |   0.000 |
|                       valid.cstr                                    |     0.037 |       3 |    <0.001 |    0 |  0.000 |      424 |      0.003 |      16 |     0.000 |      8 |    0.034 |     0 |   0.000 |
|         u_in                                                        |     0.345 |       3 |     0.019 |    0 |  0.000 |    21362 |      0.056 |   18786 |     0.029 |     56 |    0.179 |   176 |   0.062 |
|           G_DSP_PARALLEL.u                                          |     0.345 |       3 |     0.019 |    0 |  0.000 |    21362 |      0.056 |   18786 |     0.029 |     56 |    0.179 |   176 |   0.062 |
|             G_LANE_PAIR[0].G_SPE_M[4].m                             |     0.001 |       3 |    <0.001 |    0 |  0.000 |       54 |     <0.001 |      48 |    <0.001 |      0 |    0.000 |     1 |  <0.001 |
|             G_ROM8.p                                                |     0.039 |       3 |    <0.001 |    0 |  0.000 |      532 |      0.003 |      35 |    <0.001 |      8 |    0.036 |     0 |   0.000 |
|               G[0].u                                                |     0.010 |       3 |    <0.001 |    0 |  0.000 |      128 |     <0.001 |       3 |     0.000 |      2 |    0.009 |     0 |   0.000 |
|                 GEN_BLOCK0.u_rom                                    |     0.010 |       3 |    <0.001 |    0 |  0.000 |      128 |     <0.001 |       2 |     0.000 |      2 |    0.009 |     0 |   0.000 |
|                   U0                                                |     0.010 |       3 |    <0.001 |    0 |  0.000 |      128 |     <0.001 |       2 |     0.000 |      2 |    0.009 |     0 |   0.000 |
|                     inst_blk_mem_gen                                |     0.010 |       3 |    <0.001 |    0 |  0.000 |      128 |     <0.001 |       2 |     0.000 |      2 |    0.009 |     0 |   0.000 |
|                       gnbram.gnativebmg.native_blk_mem_gen          |     0.010 |       3 |    <0.001 |    0 |  0.000 |      128 |     <0.001 |       2 |     0.000 |      2 |    0.009 |     0 |   0.000 |
|               G[1].u                                                |     0.010 |       3 |    <0.001 |    0 |  0.000 |      128 |     <0.001 |       3 |     0.000 |      2 |    0.009 |     0 |   0.000 |
|                 GEN_BLOCK0.u_rom                                    |     0.010 |       3 |    <0.001 |    0 |  0.000 |      128 |     <0.001 |       2 |     0.000 |      2 |    0.009 |     0 |   0.000 |
|                   U0                                                |     0.010 |       3 |    <0.001 |    0 |  0.000 |      128 |     <0.001 |       2 |     0.000 |      2 |    0.009 |     0 |   0.000 |
|                     inst_blk_mem_gen                                |     0.010 |       3 |    <0.001 |    0 |  0.000 |      128 |     <0.001 |       2 |     0.000 |      2 |    0.009 |     0 |   0.000 |
|                       gnbram.gnativebmg.native_blk_mem_gen          |     0.010 |       3 |    <0.001 |    0 |  0.000 |      128 |     <0.001 |       2 |     0.000 |      2 |    0.009 |     0 |   0.000 |
|               G[2].u                                                |     0.010 |       3 |    <0.001 |    0 |  0.000 |      128 |     <0.001 |       3 |     0.000 |      2 |    0.009 |     0 |   0.000 |
|                 GEN_BLOCK0.u_rom                                    |     0.010 |       3 |    <0.001 |    0 |  0.000 |      128 |     <0.001 |       2 |     0.000 |      2 |    0.009 |     0 |   0.000 |
|                   U0                                                |     0.010 |       3 |    <0.001 |    0 |  0.000 |      128 |     <0.001 |       2 |     0.000 |      2 |    0.009 |     0 |   0.000 |
|                     inst_blk_mem_gen                                |     0.010 |       3 |    <0.001 |    0 |  0.000 |      128 |     <0.001 |       2 |     0.000 |      2 |    0.009 |     0 |   0.000 |
|                       gnbram.gnativebmg.native_blk_mem_gen          |     0.010 |       3 |    <0.001 |    0 |  0.000 |      128 |     <0.001 |       2 |     0.000 |      2 |    0.009 |     0 |   0.000 |
|               G[3].u                                                |     0.009 |       3 |    <0.001 |    0 |  0.000 |      128 |     <0.001 |       3 |     0.000 |      2 |    0.009 |     0 |   0.000 |
|                 GEN_BLOCK0.u_rom                                    |     0.009 |       3 |    <0.001 |    0 |  0.000 |      128 |     <0.001 |       2 |     0.000 |      2 |    0.009 |     0 |   0.000 |
|                   U0                                                |     0.009 |       3 |    <0.001 |    0 |  0.000 |      128 |     <0.001 |       2 |     0.000 |      2 |    0.009 |     0 |   0.000 |
|                     inst_blk_mem_gen                                |     0.009 |       3 |    <0.001 |    0 |  0.000 |      128 |     <0.001 |       2 |     0.000 |      2 |    0.009 |     0 |   0.000 |
|                       gnbram.gnativebmg.native_blk_mem_gen          |     0.009 |       3 |    <0.001 |    0 |  0.000 |      128 |     <0.001 |       2 |     0.000 |      2 |    0.009 |     0 |   0.000 |
|             G_ROM8.s                                                |     0.149 |       3 |    <0.001 |    0 |  0.000 |     2084 |      0.013 |      75 |    <0.001 |     32 |    0.135 |     0 |   0.000 |
|               G[0].u                                                |     0.036 |       3 |    <0.001 |    0 |  0.000 |      512 |      0.003 |       9 |     0.000 |      8 |    0.034 |     0 |   0.000 |
|                 GEN_BLOCK0.u_rom                                    |     0.036 |       3 |    <0.001 |    0 |  0.000 |      512 |      0.003 |       8 |     0.000 |      8 |    0.034 |     0 |   0.000 |
|                   U0                                                |     0.036 |       3 |    <0.001 |    0 |  0.000 |      512 |      0.003 |       8 |     0.000 |      8 |    0.034 |     0 |   0.000 |
|                     inst_blk_mem_gen                                |     0.036 |       3 |    <0.001 |    0 |  0.000 |      512 |      0.003 |       8 |     0.000 |      8 |    0.034 |     0 |   0.000 |
|                       gnbram.gnativebmg.native_blk_mem_gen          |     0.036 |       3 |    <0.001 |    0 |  0.000 |      512 |      0.003 |       8 |     0.000 |      8 |    0.034 |     0 |   0.000 |
|               G[1].u                                                |     0.037 |       3 |    <0.001 |    0 |  0.000 |      512 |      0.003 |       9 |     0.000 |      8 |    0.034 |     0 |   0.000 |
|                 GEN_BLOCK0.u_rom                                    |     0.037 |       3 |    <0.001 |    0 |  0.000 |      512 |      0.003 |       8 |     0.000 |      8 |    0.034 |     0 |   0.000 |
|                   U0                                                |     0.037 |       3 |    <0.001 |    0 |  0.000 |      512 |      0.003 |       8 |     0.000 |      8 |    0.034 |     0 |   0.000 |
|                     inst_blk_mem_gen                                |     0.037 |       3 |    <0.001 |    0 |  0.000 |      512 |      0.003 |       8 |     0.000 |      8 |    0.034 |     0 |   0.000 |
|                       gnbram.gnativebmg.native_blk_mem_gen          |     0.037 |       3 |    <0.001 |    0 |  0.000 |      512 |      0.003 |       8 |     0.000 |      8 |    0.034 |     0 |   0.000 |
|               G[2].u                                                |     0.038 |       3 |    <0.001 |    0 |  0.000 |      512 |      0.004 |       9 |     0.000 |      8 |    0.034 |     0 |   0.000 |
|                 GEN_BLOCK0.u_rom                                    |     0.038 |       3 |    <0.001 |    0 |  0.000 |      512 |      0.004 |       8 |     0.000 |      8 |    0.034 |     0 |   0.000 |
|                   U0                                                |     0.038 |       3 |    <0.001 |    0 |  0.000 |      512 |      0.004 |       8 |     0.000 |      8 |    0.034 |     0 |   0.000 |
|                     inst_blk_mem_gen                                |     0.038 |       3 |    <0.001 |    0 |  0.000 |      512 |      0.004 |       8 |     0.000 |      8 |    0.034 |     0 |   0.000 |
|                       gnbram.gnativebmg.native_blk_mem_gen          |     0.038 |       3 |    <0.001 |    0 |  0.000 |      512 |      0.004 |       8 |     0.000 |      8 |    0.034 |     0 |   0.000 |
|               G[3].u                                                |     0.037 |       3 |    <0.001 |    0 |  0.000 |      512 |      0.003 |       9 |     0.000 |      8 |    0.034 |     0 |   0.000 |
|                 GEN_BLOCK0.u_rom                                    |     0.037 |       3 |    <0.001 |    0 |  0.000 |      512 |      0.003 |       8 |     0.000 |      8 |    0.034 |     0 |   0.000 |
|                   U0                                                |     0.037 |       3 |    <0.001 |    0 |  0.000 |      512 |      0.003 |       8 |     0.000 |      8 |    0.034 |     0 |   0.000 |
|                     inst_blk_mem_gen                                |     0.037 |       3 |    <0.001 |    0 |  0.000 |      512 |      0.003 |       8 |     0.000 |      8 |    0.034 |     0 |   0.000 |
|                       gnbram.gnativebmg.native_blk_mem_gen          |     0.037 |       3 |    <0.001 |    0 |  0.000 |      512 |      0.003 |       8 |     0.000 |      8 |    0.034 |     0 |   0.000 |
|             G_SPLIT_INPUT_RAM.u_spa_input_ctx0                      |     0.002 |       3 |    <0.001 |    0 |  0.000 |      256 |     <0.001 |       4 |     0.000 |      4 |    0.002 |     0 |   0.000 |
|               U0                                                    |     0.002 |       3 |    <0.001 |    0 |  0.000 |      256 |     <0.001 |       4 |     0.000 |      4 |    0.002 |     0 |   0.000 |
|                 inst_blk_mem_gen                                    |     0.002 |       3 |    <0.001 |    0 |  0.000 |      256 |     <0.001 |       4 |     0.000 |      4 |    0.002 |     0 |   0.000 |
|                   gnbram.gnativebmg.native_blk_mem_gen              |     0.002 |       3 |    <0.001 |    0 |  0.000 |      256 |     <0.001 |       4 |     0.000 |      4 |    0.002 |     0 |   0.000 |
|                     valid.cstr                                      |     0.002 |       3 |    <0.001 |    0 |  0.000 |      256 |     <0.001 |       4 |     0.000 |      4 |    0.002 |     0 |   0.000 |
|             G_SPLIT_INPUT_RAM.u_spa_input_ctx1                      |     0.002 |       3 |    <0.001 |    0 |  0.000 |      256 |     <0.001 |       4 |     0.000 |      4 |    0.002 |     0 |   0.000 |
|               U0                                                    |     0.002 |       3 |    <0.001 |    0 |  0.000 |      256 |     <0.001 |       4 |     0.000 |      4 |    0.002 |     0 |   0.000 |
|                 inst_blk_mem_gen                                    |     0.002 |       3 |    <0.001 |    0 |  0.000 |      256 |     <0.001 |       4 |     0.000 |      4 |    0.002 |     0 |   0.000 |
|                   gnbram.gnativebmg.native_blk_mem_gen              |     0.002 |       3 |    <0.001 |    0 |  0.000 |      256 |     <0.001 |       4 |     0.000 |      4 |    0.002 |     0 |   0.000 |
|                     valid.cstr                                      |     0.002 |       3 |    <0.001 |    0 |  0.000 |      256 |     <0.001 |       4 |     0.000 |      4 |    0.002 |     0 |   0.000 |
|             G_SPLIT_INPUT_RAM.u_spe_input_ctx0                      |     0.002 |       3 |    <0.001 |    0 |  0.000 |      256 |     <0.001 |       4 |     0.000 |      4 |    0.002 |     0 |   0.000 |
|               U0                                                    |     0.002 |       3 |    <0.001 |    0 |  0.000 |      256 |     <0.001 |       4 |     0.000 |      4 |    0.002 |     0 |   0.000 |
|                 inst_blk_mem_gen                                    |     0.002 |       3 |    <0.001 |    0 |  0.000 |      256 |     <0.001 |       4 |     0.000 |      4 |    0.002 |     0 |   0.000 |
|                   gnbram.gnativebmg.native_blk_mem_gen              |     0.002 |       3 |    <0.001 |    0 |  0.000 |      256 |     <0.001 |       4 |     0.000 |      4 |    0.002 |     0 |   0.000 |
|                     valid.cstr                                      |     0.002 |       3 |    <0.001 |    0 |  0.000 |      256 |     <0.001 |       4 |     0.000 |      4 |    0.002 |     0 |   0.000 |
|             G_SPLIT_INPUT_RAM.u_spe_input_ctx1                      |     0.002 |       3 |    <0.001 |    0 |  0.000 |      256 |     <0.001 |       4 |     0.000 |      4 |    0.002 |     0 |   0.000 |
|               U0                                                    |     0.002 |       3 |    <0.001 |    0 |  0.000 |      256 |     <0.001 |       4 |     0.000 |      4 |    0.002 |     0 |   0.000 |
|                 inst_blk_mem_gen                                    |     0.002 |       3 |    <0.001 |    0 |  0.000 |      256 |     <0.001 |       4 |     0.000 |      4 |    0.002 |     0 |   0.000 |
|                   gnbram.gnativebmg.native_blk_mem_gen              |     0.002 |       3 |    <0.001 |    0 |  0.000 |      256 |     <0.001 |       4 |     0.000 |      4 |    0.002 |     0 |   0.000 |
|                     valid.cstr                                      |     0.002 |       3 |    <0.001 |    0 |  0.000 |      256 |     <0.001 |       4 |     0.000 |      4 |    0.002 |     0 |   0.000 |
|         u_pdt                                                       |     0.034 |       3 |     0.002 |    0 |  0.000 |     1556 |      0.005 |    2203 |     0.005 |      5 |    0.020 |    12 |   0.003 |
|           GEN_DOT_PAIR[3].u_mult                                    |     0.001 |       3 |    <0.001 |    0 |  0.000 |       56 |     <0.001 |      29 |    <0.001 |      0 |    0.000 |     1 |  <0.001 |
|           u_param_rom                                               |     0.021 |       3 |    <0.001 |    0 |  0.000 |      232 |     <0.001 |      11 |     0.000 |      5 |    0.020 |     0 |   0.000 |
|             GEN0.u                                                  |     0.021 |       3 |    <0.001 |    0 |  0.000 |      232 |     <0.001 |      10 |     0.000 |      5 |    0.020 |     0 |   0.000 |
|               U0                                                    |     0.021 |       3 |    <0.001 |    0 |  0.000 |      232 |     <0.001 |      10 |     0.000 |      5 |    0.020 |     0 |   0.000 |
|                 inst_blk_mem_gen                                    |     0.021 |       3 |    <0.001 |    0 |  0.000 |      232 |     <0.001 |      10 |     0.000 |      5 |    0.020 |     0 |   0.000 |
|                   gnbram.gnativebmg.native_blk_mem_gen              |     0.021 |       3 |    <0.001 |    0 |  0.000 |      232 |     <0.001 |      10 |     0.000 |      5 |    0.020 |     0 |   0.000 |
|                     valid.cstr                                      |     0.021 |       3 |    <0.001 |    0 |  0.000 |      232 |     <0.001 |      10 |     0.000 |      5 |    0.020 |     0 |   0.000 |
|                       ramloop[0].ram.r                              |     0.002 |       3 |    <0.001 |    0 |  0.000 |       36 |     <0.001 |       2 |     0.000 |      1 |    0.002 |     0 |   0.000 |
|                       ramloop[1].ram.r                              |     0.005 |       3 |    <0.001 |    0 |  0.000 |       61 |     <0.001 |       2 |     0.000 |      1 |    0.005 |     0 |   0.000 |
|                       ramloop[2].ram.r                              |     0.005 |       3 |    <0.001 |    0 |  0.000 |       50 |     <0.001 |       2 |     0.000 |      1 |    0.004 |     0 |   0.000 |
|                       ramloop[3].ram.r                              |     0.004 |       3 |    <0.001 |    0 |  0.000 |       43 |     <0.001 |       2 |     0.000 |      1 |    0.004 |     0 |   0.000 |
|                       ramloop[4].ram.r                              |     0.005 |       3 |    <0.001 |    0 |  0.000 |       42 |     <0.001 |       2 |     0.000 |      1 |    0.005 |     0 |   0.000 |
|         u_px                                                        |     0.302 |       3 |     0.013 |    0 |  0.000 |    16652 |      0.060 |   16157 |     0.038 |     36 |    0.115 |   144 |   0.077 |
|           G0.u                                                      |     0.302 |       3 |     0.013 |    0 |  0.000 |    16652 |      0.060 |   16157 |     0.038 |     36 |    0.115 |   144 |   0.077 |
|             u_dot0                                                  |     0.031 |       3 |     0.003 |    0 |  0.000 |     2784 |      0.008 |    2553 |     0.004 |      0 |    0.000 |    32 |   0.016 |
|               GEN_LANE_PAIR[0].GEN_FEATURE[12].u_mult               |     0.001 |       3 |    <0.001 |    0 |  0.000 |       52 |     <0.001 |      29 |    <0.001 |      0 |    0.000 |     1 |  <0.001 |
|               GEN_LANE_PAIR[1].GEN_FEATURE[14].u_mult               |     0.001 |       3 |    <0.001 |    0 |  0.000 |       52 |     <0.001 |      29 |    <0.001 |      0 |    0.000 |     1 |  <0.001 |
|             u_dot1                                                  |     0.032 |       3 |     0.003 |    0 |  0.000 |     2776 |      0.007 |    2543 |     0.004 |      0 |    0.000 |    32 |   0.018 |
|               GEN_LANE_PAIR[1].GEN_FEATURE[14].u_mult               |     0.001 |       3 |    <0.001 |    0 |  0.000 |       52 |     <0.001 |      13 |    <0.001 |      0 |    0.000 |     1 |  <0.001 |
|             u_dot2                                                  |     0.031 |       3 |     0.003 |    0 |  0.000 |     2776 |      0.007 |    2543 |     0.004 |      0 |    0.000 |    32 |   0.017 |
|               GEN_LANE_PAIR[0].GEN_FEATURE[14].u_mult               |     0.001 |       3 |    <0.001 |    0 |  0.000 |       52 |     <0.001 |      13 |    <0.001 |      0 |    0.000 |     1 |  <0.001 |
|             u_dot3                                                  |     0.030 |       3 |     0.003 |    0 |  0.000 |     2776 |      0.006 |    2543 |     0.004 |      0 |    0.000 |    32 |   0.017 |
|             u_input_bram                                            |     0.005 |       3 |    <0.001 |    0 |  0.000 |      128 |     <0.001 |       4 |     0.000 |      4 |    0.005 |     0 |   0.000 |
|               U0                                                    |     0.005 |       3 |    <0.001 |    0 |  0.000 |      128 |     <0.001 |       4 |     0.000 |      4 |    0.005 |     0 |   0.000 |
|                 inst_blk_mem_gen                                    |     0.005 |       3 |    <0.001 |    0 |  0.000 |      128 |     <0.001 |       4 |     0.000 |      4 |    0.005 |     0 |   0.000 |
|                   gnbram.gnativebmg.native_blk_mem_gen              |     0.005 |       3 |    <0.001 |    0 |  0.000 |      128 |     <0.001 |       4 |     0.000 |      4 |    0.005 |     0 |   0.000 |
|                     valid.cstr                                      |     0.005 |       3 |    <0.001 |    0 |  0.000 |      128 |     <0.001 |       4 |     0.000 |      4 |    0.005 |     0 |   0.000 |
|                       ramloop[0].ram.r                              |     0.001 |       3 |    <0.001 |    0 |  0.000 |       36 |     <0.001 |       1 |     0.000 |      1 |    0.001 |     0 |   0.000 |
|                       ramloop[1].ram.r                              |     0.001 |       3 |    <0.001 |    0 |  0.000 |       36 |     <0.001 |       1 |     0.000 |      1 |    0.001 |     0 |   0.000 |
|                       ramloop[2].ram.r                              |     0.001 |       3 |    <0.001 |    0 |  0.000 |       36 |     <0.001 |       1 |     0.000 |      1 |    0.001 |     0 |   0.000 |
|                       ramloop[3].ram.r                              |     0.001 |       3 |    <0.001 |    0 |  0.000 |       20 |     <0.001 |       1 |     0.000 |      1 |    0.001 |     0 |   0.000 |
|             u_weight_rom0                                           |     0.031 |       3 |    <0.001 |    0 |  0.000 |      512 |      0.003 |      10 |     0.000 |      8 |    0.028 |     0 |   0.000 |
|               GEN_BLOCK0.u_copy01                                   |     0.015 |       3 |    <0.001 |    0 |  0.000 |      256 |      0.002 |       4 |     0.000 |      4 |    0.014 |     0 |   0.000 |
|                 U0                                                  |     0.015 |       3 |    <0.001 |    0 |  0.000 |      256 |      0.002 |       4 |     0.000 |      4 |    0.014 |     0 |   0.000 |
|                   inst_blk_mem_gen                                  |     0.015 |       3 |    <0.001 |    0 |  0.000 |      256 |      0.002 |       4 |     0.000 |      4 |    0.014 |     0 |   0.000 |
|                     gnbram.gnativebmg.native_blk_mem_gen            |     0.015 |       3 |    <0.001 |    0 |  0.000 |      256 |      0.002 |       4 |     0.000 |      4 |    0.014 |     0 |   0.000 |
|                       valid.cstr                                    |     0.015 |       3 |    <0.001 |    0 |  0.000 |      256 |      0.002 |       4 |     0.000 |      4 |    0.014 |     0 |   0.000 |
|               GEN_BLOCK0.u_copy23                                   |     0.016 |       3 |    <0.001 |    0 |  0.000 |      256 |      0.002 |       4 |     0.000 |      4 |    0.014 |     0 |   0.000 |
|                 U0                                                  |     0.016 |       3 |    <0.001 |    0 |  0.000 |      256 |      0.002 |       4 |     0.000 |      4 |    0.014 |     0 |   0.000 |
|                   inst_blk_mem_gen                                  |     0.016 |       3 |    <0.001 |    0 |  0.000 |      256 |      0.002 |       4 |     0.000 |      4 |    0.014 |     0 |   0.000 |
|                     gnbram.gnativebmg.native_blk_mem_gen            |     0.016 |       3 |    <0.001 |    0 |  0.000 |      256 |      0.002 |       4 |     0.000 |      4 |    0.014 |     0 |   0.000 |
|                       valid.cstr                                    |     0.016 |       3 |    <0.001 |    0 |  0.000 |      256 |      0.002 |       4 |     0.000 |      4 |    0.014 |     0 |   0.000 |
|             u_weight_rom1                                           |     0.031 |       3 |    <0.001 |    0 |  0.000 |      512 |      0.003 |      10 |     0.000 |      8 |    0.028 |     0 |   0.000 |
|               GEN_BLOCK0.u_copy01                                   |     0.015 |       3 |    <0.001 |    0 |  0.000 |      256 |      0.001 |       4 |     0.000 |      4 |    0.014 |     0 |   0.000 |
|                 U0                                                  |     0.015 |       3 |    <0.001 |    0 |  0.000 |      256 |      0.001 |       4 |     0.000 |      4 |    0.014 |     0 |   0.000 |
|                   inst_blk_mem_gen                                  |     0.015 |       3 |    <0.001 |    0 |  0.000 |      256 |      0.001 |       4 |     0.000 |      4 |    0.014 |     0 |   0.000 |
|                     gnbram.gnativebmg.native_blk_mem_gen            |     0.015 |       3 |    <0.001 |    0 |  0.000 |      256 |      0.001 |       4 |     0.000 |      4 |    0.014 |     0 |   0.000 |
|                       valid.cstr                                    |     0.015 |       3 |    <0.001 |    0 |  0.000 |      256 |      0.001 |       4 |     0.000 |      4 |    0.014 |     0 |   0.000 |
|               GEN_BLOCK0.u_copy23                                   |     0.016 |       3 |    <0.001 |    0 |  0.000 |      256 |      0.002 |       4 |     0.000 |      4 |    0.014 |     0 |   0.000 |
|                 U0                                                  |     0.016 |       3 |    <0.001 |    0 |  0.000 |      256 |      0.002 |       4 |     0.000 |      4 |    0.014 |     0 |   0.000 |
|                   inst_blk_mem_gen                                  |     0.016 |       3 |    <0.001 |    0 |  0.000 |      256 |      0.002 |       4 |     0.000 |      4 |    0.014 |     0 |   0.000 |
|                     gnbram.gnativebmg.native_blk_mem_gen            |     0.016 |       3 |    <0.001 |    0 |  0.000 |      256 |      0.002 |       4 |     0.000 |      4 |    0.014 |     0 |   0.000 |
|                       valid.cstr                                    |     0.016 |       3 |    <0.001 |    0 |  0.000 |      256 |      0.002 |       4 |     0.000 |      4 |    0.014 |     0 |   0.000 |
|             u_weight_rom2                                           |     0.031 |       3 |    <0.001 |    0 |  0.000 |      512 |      0.004 |      10 |     0.000 |      8 |    0.028 |     0 |   0.000 |
|               GEN_BLOCK0.u_copy01                                   |     0.016 |       3 |    <0.001 |    0 |  0.000 |      256 |      0.002 |       4 |     0.000 |      4 |    0.014 |     0 |   0.000 |
|                 U0                                                  |     0.016 |       3 |    <0.001 |    0 |  0.000 |      256 |      0.002 |       4 |     0.000 |      4 |    0.014 |     0 |   0.000 |
|                   inst_blk_mem_gen                                  |     0.016 |       3 |    <0.001 |    0 |  0.000 |      256 |      0.002 |       4 |     0.000 |      4 |    0.014 |     0 |   0.000 |
|                     gnbram.gnativebmg.native_blk_mem_gen            |     0.016 |       3 |    <0.001 |    0 |  0.000 |      256 |      0.002 |       4 |     0.000 |      4 |    0.014 |     0 |   0.000 |
|                       valid.cstr                                    |     0.016 |       3 |    <0.001 |    0 |  0.000 |      256 |      0.002 |       4 |     0.000 |      4 |    0.014 |     0 |   0.000 |
|               GEN_BLOCK0.u_copy23                                   |     0.016 |       3 |    <0.001 |    0 |  0.000 |      256 |      0.002 |       4 |     0.000 |      4 |    0.014 |     0 |   0.000 |
|                 U0                                                  |     0.016 |       3 |    <0.001 |    0 |  0.000 |      256 |      0.002 |       4 |     0.000 |      4 |    0.014 |     0 |   0.000 |
|                   inst_blk_mem_gen                                  |     0.016 |       3 |    <0.001 |    0 |  0.000 |      256 |      0.002 |       4 |     0.000 |      4 |    0.014 |     0 |   0.000 |
|                     gnbram.gnativebmg.native_blk_mem_gen            |     0.016 |       3 |    <0.001 |    0 |  0.000 |      256 |      0.002 |       4 |     0.000 |      4 |    0.014 |     0 |   0.000 |
|                       valid.cstr                                    |     0.016 |       3 |    <0.001 |    0 |  0.000 |      256 |      0.002 |       4 |     0.000 |      4 |    0.014 |     0 |   0.000 |
|             u_weight_rom3                                           |     0.031 |       3 |    <0.001 |    0 |  0.000 |      512 |      0.003 |      10 |     0.000 |      8 |    0.028 |     0 |   0.000 |
|               GEN_BLOCK0.u_copy01                                   |     0.015 |       3 |    <0.001 |    0 |  0.000 |      256 |      0.001 |       4 |     0.000 |      4 |    0.014 |     0 |   0.000 |
|                 U0                                                  |     0.015 |       3 |    <0.001 |    0 |  0.000 |      256 |      0.001 |       4 |     0.000 |      4 |    0.014 |     0 |   0.000 |
|                   inst_blk_mem_gen                                  |     0.015 |       3 |    <0.001 |    0 |  0.000 |      256 |      0.001 |       4 |     0.000 |      4 |    0.014 |     0 |   0.000 |
|                     gnbram.gnativebmg.native_blk_mem_gen            |     0.015 |       3 |    <0.001 |    0 |  0.000 |      256 |      0.001 |       4 |     0.000 |      4 |    0.014 |     0 |   0.000 |
|                       valid.cstr                                    |     0.015 |       3 |    <0.001 |    0 |  0.000 |      256 |      0.001 |       4 |     0.000 |      4 |    0.014 |     0 |   0.000 |
|               GEN_BLOCK0.u_copy23                                   |     0.015 |       3 |    <0.001 |    0 |  0.000 |      256 |      0.002 |       4 |     0.000 |      4 |    0.014 |     0 |   0.000 |
|                 U0                                                  |     0.015 |       3 |    <0.001 |    0 |  0.000 |      256 |      0.002 |       4 |     0.000 |      4 |    0.014 |     0 |   0.000 |
|                   inst_blk_mem_gen                                  |     0.015 |       3 |    <0.001 |    0 |  0.000 |      256 |      0.002 |       4 |     0.000 |      4 |    0.014 |     0 |   0.000 |
|                     gnbram.gnativebmg.native_blk_mem_gen            |     0.015 |       3 |    <0.001 |    0 |  0.000 |      256 |      0.002 |       4 |     0.000 |      4 |    0.014 |     0 |   0.000 |
|                       valid.cstr                                    |     0.015 |       3 |    <0.001 |    0 |  0.000 |      256 |      0.002 |       4 |     0.000 |      4 |    0.014 |     0 |   0.000 |
|         u_sdt                                                       |     0.047 |       3 |     0.002 |    0 |  0.000 |     2610 |      0.009 |    3199 |     0.008 |      6 |    0.025 |    16 |   0.004 |
|           u_param_rom                                               |     0.026 |       3 |    <0.001 |    0 |  0.000 |      296 |      0.001 |      13 |     0.000 |      6 |    0.025 |     0 |   0.000 |
|             GEN0.u                                                  |     0.026 |       3 |    <0.001 |    0 |  0.000 |      296 |      0.001 |      12 |     0.000 |      6 |    0.025 |     0 |   0.000 |
|               U0                                                    |     0.026 |       3 |    <0.001 |    0 |  0.000 |      296 |      0.001 |      12 |     0.000 |      6 |    0.025 |     0 |   0.000 |
|                 inst_blk_mem_gen                                    |     0.026 |       3 |    <0.001 |    0 |  0.000 |      296 |      0.001 |      12 |     0.000 |      6 |    0.025 |     0 |   0.000 |
|                   gnbram.gnativebmg.native_blk_mem_gen              |     0.026 |       3 |    <0.001 |    0 |  0.000 |      296 |      0.001 |      12 |     0.000 |      6 |    0.025 |     0 |   0.000 |
|                     valid.cstr                                      |     0.026 |       3 |    <0.001 |    0 |  0.000 |      296 |      0.001 |      12 |     0.000 |      6 |    0.025 |     0 |   0.000 |
|                       ramloop[0].ram.r                              |     0.003 |       3 |    <0.001 |    0 |  0.000 |       36 |     <0.001 |       2 |     0.000 |      1 |    0.002 |     0 |   0.000 |
|                       ramloop[1].ram.r                              |     0.005 |       3 |    <0.001 |    0 |  0.000 |       72 |     <0.001 |       2 |     0.000 |      1 |    0.005 |     0 |   0.000 |
|                       ramloop[2].ram.r                              |     0.005 |       3 |    <0.001 |    0 |  0.000 |       61 |     <0.001 |       2 |     0.000 |      1 |    0.005 |     0 |   0.000 |
|                       ramloop[3].ram.r                              |     0.005 |       3 |    <0.001 |    0 |  0.000 |       43 |     <0.001 |       2 |     0.000 |      1 |    0.004 |     0 |   0.000 |
|                       ramloop[4].ram.r                              |     0.005 |       3 |    <0.001 |    0 |  0.000 |       46 |     <0.001 |       2 |     0.000 |      1 |    0.004 |     0 |   0.000 |
|                       ramloop[5].ram.r                              |     0.005 |       3 |    <0.001 |    0 |  0.000 |       38 |     <0.001 |       2 |     0.000 |      1 |    0.004 |     0 |   0.000 |
|         u_sx                                                        |     0.258 |       3 |     0.021 |    0 |  0.000 |    14517 |      0.079 |   16170 |     0.036 |     16 |    0.070 |    72 |   0.053 |
|           G0.u                                                      |     0.258 |       3 |     0.021 |    0 |  0.000 |    14517 |      0.079 |   16170 |     0.036 |     16 |    0.070 |    72 |   0.053 |
|             G_COMPLETED_BANK[0].u_completed_bank                    |     0.003 |       3 |     0.002 |    0 |  0.000 |      910 |     <0.001 |    1121 |    <0.001 |      0 |    0.000 |     0 |   0.000 |
|             G_COMPLETED_BANK[1].u_completed_bank                    |     0.003 |       3 |     0.002 |    0 |  0.000 |      910 |     <0.001 |    1121 |    <0.001 |      0 |    0.000 |     0 |   0.000 |
|             G_COMPLETED_BANK[2].u_completed_bank                    |     0.002 |       3 |     0.002 |    0 |  0.000 |      805 |     <0.001 |     996 |    <0.001 |      0 |    0.000 |     0 |   0.000 |
|             G_COMPLETED_BANK[3].u_completed_bank                    |     0.002 |       3 |     0.002 |    0 |  0.000 |      805 |     <0.001 |     996 |    <0.001 |      0 |    0.000 |     0 |   0.000 |
|             G_X_PAIR[0].u_dot4_pair                                 |     0.011 |       3 |    <0.001 |    0 |  0.000 |      397 |      0.004 |     608 |     0.004 |      0 |    0.000 |     4 |   0.003 |
|             G_X_PAIR[10].u_dot4_pair                                |     0.008 |       3 |    <0.001 |    0 |  0.000 |      354 |      0.003 |     339 |     0.001 |      0 |    0.000 |     4 |   0.003 |
|               G[0].u                                                |     0.001 |       3 |    <0.001 |    0 |  0.000 |       52 |     <0.001 |      13 |    <0.001 |      0 |    0.000 |     1 |  <0.001 |
|                 u_dsp                                               |     0.001 |       3 |    <0.001 |    0 |  0.000 |       33 |     <0.001 |       2 |     0.000 |      0 |    0.000 |     1 |  <0.001 |
|                   U0                                                |     0.001 |       3 |    <0.001 |    0 |  0.000 |       33 |     <0.001 |       2 |     0.000 |      0 |    0.000 |     1 |  <0.001 |
|                     i_synth                                         |     0.001 |       3 |    <0.001 |    0 |  0.000 |       33 |     <0.001 |       2 |     0.000 |      0 |    0.000 |     1 |  <0.001 |
|                       i_synth_option.i_synth_model                  |     0.001 |       3 |    <0.001 |    0 |  0.000 |       33 |     <0.001 |       2 |     0.000 |      0 |    0.000 |     1 |  <0.001 |
|               G[2].u                                                |     0.001 |       3 |    <0.001 |    0 |  0.000 |       52 |     <0.001 |      13 |    <0.001 |      0 |    0.000 |     1 |  <0.001 |
|                 u_dsp                                               |     0.001 |       3 |    <0.001 |    0 |  0.000 |       33 |     <0.001 |       2 |     0.000 |      0 |    0.000 |     1 |  <0.001 |
|                   U0                                                |     0.001 |       3 |    <0.001 |    0 |  0.000 |       33 |     <0.001 |       2 |     0.000 |      0 |    0.000 |     1 |  <0.001 |
|                     i_synth                                         |     0.001 |       3 |    <0.001 |    0 |  0.000 |       33 |     <0.001 |       2 |     0.000 |      0 |    0.000 |     1 |  <0.001 |
|                       i_synth_option.i_synth_model                  |     0.001 |       3 |    <0.001 |    0 |  0.000 |       33 |     <0.001 |       2 |     0.000 |      0 |    0.000 |     1 |  <0.001 |
|             G_X_PAIR[11].u_dot4_pair                                |     0.009 |       3 |    <0.001 |    0 |  0.000 |      354 |      0.004 |     318 |     0.001 |      0 |    0.000 |     4 |   0.003 |
|               G[0].u                                                |     0.002 |       3 |    <0.001 |    0 |  0.000 |       52 |     <0.001 |      13 |    <0.001 |      0 |    0.000 |     1 |  <0.001 |
|                 u_dsp                                               |     0.001 |       3 |    <0.001 |    0 |  0.000 |       33 |     <0.001 |       2 |     0.000 |      0 |    0.000 |     1 |  <0.001 |
|                   U0                                                |     0.001 |       3 |    <0.001 |    0 |  0.000 |       33 |     <0.001 |       2 |     0.000 |      0 |    0.000 |     1 |  <0.001 |
|                     i_synth                                         |     0.001 |       3 |    <0.001 |    0 |  0.000 |       33 |     <0.001 |       2 |     0.000 |      0 |    0.000 |     1 |  <0.001 |
|                       i_synth_option.i_synth_model                  |     0.001 |       3 |    <0.001 |    0 |  0.000 |       33 |     <0.001 |       2 |     0.000 |      0 |    0.000 |     1 |  <0.001 |
|               G[1].u                                                |     0.001 |       3 |    <0.001 |    0 |  0.000 |       50 |     <0.001 |       7 |    <0.001 |      0 |    0.000 |     1 |  <0.001 |
|               G[3].u                                                |     0.001 |       3 |    <0.001 |    0 |  0.000 |       50 |     <0.001 |       7 |    <0.001 |      0 |    0.000 |     1 |  <0.001 |
|             G_X_PAIR[12].u_dot4_pair                                |     0.006 |       3 |    <0.001 |    0 |  0.000 |      354 |      0.002 |     339 |     0.001 |      0 |    0.000 |     4 |   0.003 |
|             G_X_PAIR[13].u_dot4_pair                                |     0.006 |       3 |    <0.001 |    0 |  0.000 |      354 |      0.002 |     318 |     0.001 |      0 |    0.000 |     4 |   0.003 |
|               G[2].u                                                |     0.001 |       3 |    <0.001 |    0 |  0.000 |       52 |     <0.001 |      13 |    <0.001 |      0 |    0.000 |     1 |  <0.001 |
|             G_X_PAIR[14].u_dot4_pair                                |     0.007 |       3 |    <0.001 |    0 |  0.000 |      354 |      0.003 |     339 |     0.001 |      0 |    0.000 |     4 |   0.003 |
|               G[2].u                                                |     0.001 |       3 |    <0.001 |    0 |  0.000 |       52 |     <0.001 |      13 |    <0.001 |      0 |    0.000 |     1 |  <0.001 |
|                 u_dsp                                               |     0.001 |       3 |    <0.001 |    0 |  0.000 |       33 |     <0.001 |       2 |     0.000 |      0 |    0.000 |     1 |  <0.001 |
|                   U0                                                |     0.001 |       3 |    <0.001 |    0 |  0.000 |       33 |     <0.001 |       2 |     0.000 |      0 |    0.000 |     1 |  <0.001 |
|                     i_synth                                         |     0.001 |       3 |    <0.001 |    0 |  0.000 |       33 |     <0.001 |       2 |     0.000 |      0 |    0.000 |     1 |  <0.001 |
|                       i_synth_option.i_synth_model                  |     0.001 |       3 |    <0.001 |    0 |  0.000 |       33 |     <0.001 |       2 |     0.000 |      0 |    0.000 |     1 |  <0.001 |
|             G_X_PAIR[15].u_dot4_pair                                |     0.007 |       3 |    <0.001 |    0 |  0.000 |      354 |      0.003 |     318 |     0.001 |      0 |    0.000 |     4 |   0.003 |
|               G[1].u                                                |     0.001 |       3 |    <0.001 |    0 |  0.000 |       50 |     <0.001 |       7 |    <0.001 |      0 |    0.000 |     1 |  <0.001 |
|                 u_dsp                                               |     0.001 |       3 |    <0.001 |    0 |  0.000 |       33 |     <0.001 |       2 |     0.000 |      0 |    0.000 |     1 |  <0.001 |
|                   U0                                                |     0.001 |       3 |    <0.001 |    0 |  0.000 |       33 |     <0.001 |       2 |     0.000 |      0 |    0.000 |     1 |  <0.001 |
|                     i_synth                                         |     0.001 |       3 |    <0.001 |    0 |  0.000 |       33 |     <0.001 |       2 |     0.000 |      0 |    0.000 |     1 |  <0.001 |
|                       i_synth_option.i_synth_model                  |     0.001 |       3 |    <0.001 |    0 |  0.000 |       33 |     <0.001 |       2 |     0.000 |      0 |    0.000 |     1 |  <0.001 |
|             G_X_PAIR[16].u_dot4_pair                                |     0.007 |       3 |    <0.001 |    0 |  0.000 |      354 |      0.002 |     339 |     0.001 |      0 |    0.000 |     4 |   0.003 |
|               G[0].u                                                |     0.001 |       3 |    <0.001 |    0 |  0.000 |       52 |     <0.001 |      13 |    <0.001 |      0 |    0.000 |     1 |  <0.001 |
|                 u_dsp                                               |     0.001 |       3 |    <0.001 |    0 |  0.000 |       33 |     <0.001 |       2 |     0.000 |      0 |    0.000 |     1 |  <0.001 |
|                   U0                                                |     0.001 |       3 |    <0.001 |    0 |  0.000 |       33 |     <0.001 |       2 |     0.000 |      0 |    0.000 |     1 |  <0.001 |
|                     i_synth                                         |     0.001 |       3 |    <0.001 |    0 |  0.000 |       33 |     <0.001 |       2 |     0.000 |      0 |    0.000 |     1 |  <0.001 |
|                       i_synth_option.i_synth_model                  |     0.001 |       3 |    <0.001 |    0 |  0.000 |       33 |     <0.001 |       2 |     0.000 |      0 |    0.000 |     1 |  <0.001 |
|             G_X_PAIR[1].u_dot4_pair                                 |     0.007 |       3 |    <0.001 |    0 |  0.000 |      354 |      0.003 |     318 |     0.001 |      0 |    0.000 |     4 |   0.003 |
|               G[1].u                                                |     0.001 |       3 |    <0.001 |    0 |  0.000 |       50 |     <0.001 |       7 |    <0.001 |      0 |    0.000 |     1 |  <0.001 |
|               G[2].u                                                |     0.001 |       3 |    <0.001 |    0 |  0.000 |       52 |     <0.001 |      13 |    <0.001 |      0 |    0.000 |     1 |  <0.001 |
|                 u_dsp                                               |     0.001 |       3 |    <0.001 |    0 |  0.000 |       33 |     <0.001 |       2 |     0.000 |      0 |    0.000 |     1 |  <0.001 |
|                   U0                                                |     0.001 |       3 |    <0.001 |    0 |  0.000 |       33 |     <0.001 |       2 |     0.000 |      0 |    0.000 |     1 |  <0.001 |
|                     i_synth                                         |     0.001 |       3 |    <0.001 |    0 |  0.000 |       33 |     <0.001 |       2 |     0.000 |      0 |    0.000 |     1 |  <0.001 |
|                       i_synth_option.i_synth_model                  |     0.001 |       3 |    <0.001 |    0 |  0.000 |       33 |     <0.001 |       2 |     0.000 |      0 |    0.000 |     1 |  <0.001 |
|               G[3].u                                                |     0.001 |       3 |    <0.001 |    0 |  0.000 |       50 |     <0.001 |       7 |    <0.001 |      0 |    0.000 |     1 |  <0.001 |
|                 u_dsp                                               |     0.001 |       3 |    <0.001 |    0 |  0.000 |       33 |     <0.001 |       2 |     0.000 |      0 |    0.000 |     1 |  <0.001 |
|                   U0                                                |     0.001 |       3 |    <0.001 |    0 |  0.000 |       33 |     <0.001 |       2 |     0.000 |      0 |    0.000 |     1 |  <0.001 |
|                     i_synth                                         |     0.001 |       3 |    <0.001 |    0 |  0.000 |       33 |     <0.001 |       2 |     0.000 |      0 |    0.000 |     1 |  <0.001 |
|                       i_synth_option.i_synth_model                  |     0.001 |       3 |    <0.001 |    0 |  0.000 |       33 |     <0.001 |       2 |     0.000 |      0 |    0.000 |     1 |  <0.001 |
|             G_X_PAIR[2].u_dot4_pair                                 |     0.007 |       3 |    <0.001 |    0 |  0.000 |      354 |      0.002 |     318 |     0.001 |      0 |    0.000 |     4 |   0.003 |
|               G[1].u                                                |     0.001 |       3 |    <0.001 |    0 |  0.000 |       50 |     <0.001 |       7 |    <0.001 |      0 |    0.000 |     1 |  <0.001 |
|                 u_dsp                                               |     0.001 |       3 |    <0.001 |    0 |  0.000 |       33 |     <0.001 |       2 |     0.000 |      0 |    0.000 |     1 |  <0.001 |
|                   U0                                                |     0.001 |       3 |    <0.001 |    0 |  0.000 |       33 |     <0.001 |       2 |     0.000 |      0 |    0.000 |     1 |  <0.001 |
|                     i_synth                                         |     0.001 |       3 |    <0.001 |    0 |  0.000 |       33 |     <0.001 |       2 |     0.000 |      0 |    0.000 |     1 |  <0.001 |
|                       i_synth_option.i_synth_model                  |     0.001 |       3 |    <0.001 |    0 |  0.000 |       33 |     <0.001 |       2 |     0.000 |      0 |    0.000 |     1 |  <0.001 |
|               G[3].u                                                |     0.001 |       3 |    <0.001 |    0 |  0.000 |       50 |     <0.001 |       7 |    <0.001 |      0 |    0.000 |     1 |  <0.001 |
|                 u_dsp                                               |     0.001 |       3 |    <0.001 |    0 |  0.000 |       33 |     <0.001 |       2 |     0.000 |      0 |    0.000 |     1 |  <0.001 |
|                   U0                                                |     0.001 |       3 |    <0.001 |    0 |  0.000 |       33 |     <0.001 |       2 |     0.000 |      0 |    0.000 |     1 |  <0.001 |
|                     i_synth                                         |     0.001 |       3 |    <0.001 |    0 |  0.000 |       33 |     <0.001 |       2 |     0.000 |      0 |    0.000 |     1 |  <0.001 |
|                       i_synth_option.i_synth_model                  |     0.001 |       3 |    <0.001 |    0 |  0.000 |       33 |     <0.001 |       2 |     0.000 |      0 |    0.000 |     1 |  <0.001 |
|             G_X_PAIR[3].u_dot4_pair                                 |     0.007 |       3 |    <0.001 |    0 |  0.000 |      354 |      0.002 |     318 |     0.001 |      0 |    0.000 |     4 |   0.003 |
|               G[2].u                                                |     0.001 |       3 |    <0.001 |    0 |  0.000 |       52 |     <0.001 |      13 |    <0.001 |      0 |    0.000 |     1 |  <0.001 |
|                 u_dsp                                               |     0.001 |       3 |    <0.001 |    0 |  0.000 |       33 |     <0.001 |       2 |     0.000 |      0 |    0.000 |     1 |  <0.001 |
|                   U0                                                |     0.001 |       3 |    <0.001 |    0 |  0.000 |       33 |     <0.001 |       2 |     0.000 |      0 |    0.000 |     1 |  <0.001 |
|                     i_synth                                         |     0.001 |       3 |    <0.001 |    0 |  0.000 |       33 |     <0.001 |       2 |     0.000 |      0 |    0.000 |     1 |  <0.001 |
|                       i_synth_option.i_synth_model                  |     0.001 |       3 |    <0.001 |    0 |  0.000 |       33 |     <0.001 |       2 |     0.000 |      0 |    0.000 |     1 |  <0.001 |
|             G_X_PAIR[4].u_dot4_pair                                 |     0.007 |       3 |    <0.001 |    0 |  0.000 |      354 |      0.003 |     318 |     0.001 |      0 |    0.000 |     4 |   0.003 |
|               G[2].u                                                |     0.001 |       3 |    <0.001 |    0 |  0.000 |       52 |     <0.001 |      13 |    <0.001 |      0 |    0.000 |     1 |  <0.001 |
|                 u_dsp                                               |     0.001 |       3 |    <0.001 |    0 |  0.000 |       33 |     <0.001 |       2 |     0.000 |      0 |    0.000 |     1 |  <0.001 |
|                   U0                                                |     0.001 |       3 |    <0.001 |    0 |  0.000 |       33 |     <0.001 |       2 |     0.000 |      0 |    0.000 |     1 |  <0.001 |
|                     i_synth                                         |     0.001 |       3 |    <0.001 |    0 |  0.000 |       33 |     <0.001 |       2 |     0.000 |      0 |    0.000 |     1 |  <0.001 |
|                       i_synth_option.i_synth_model                  |     0.001 |       3 |    <0.001 |    0 |  0.000 |       33 |     <0.001 |       2 |     0.000 |      0 |    0.000 |     1 |  <0.001 |
|               G[3].u                                                |     0.001 |       3 |    <0.001 |    0 |  0.000 |       50 |     <0.001 |       7 |    <0.001 |      0 |    0.000 |     1 |  <0.001 |
|                 u_dsp                                               |     0.001 |       3 |    <0.001 |    0 |  0.000 |       33 |     <0.001 |       2 |     0.000 |      0 |    0.000 |     1 |  <0.001 |
|                   U0                                                |     0.001 |       3 |    <0.001 |    0 |  0.000 |       33 |     <0.001 |       2 |     0.000 |      0 |    0.000 |     1 |  <0.001 |
|                     i_synth                                         |     0.001 |       3 |    <0.001 |    0 |  0.000 |       33 |     <0.001 |       2 |     0.000 |      0 |    0.000 |     1 |  <0.001 |
|                       i_synth_option.i_synth_model                  |     0.001 |       3 |    <0.001 |    0 |  0.000 |       33 |     <0.001 |       2 |     0.000 |      0 |    0.000 |     1 |  <0.001 |
|             G_X_PAIR[5].u_dot4_pair                                 |     0.009 |       3 |    <0.001 |    0 |  0.000 |      354 |      0.004 |     318 |     0.001 |      0 |    0.000 |     4 |   0.003 |
|               G[0].u                                                |     0.001 |       3 |    <0.001 |    0 |  0.000 |       52 |     <0.001 |      13 |    <0.001 |      0 |    0.000 |     1 |  <0.001 |
|               G[1].u                                                |     0.001 |       3 |    <0.001 |    0 |  0.000 |       50 |     <0.001 |       7 |    <0.001 |      0 |    0.000 |     1 |  <0.001 |
|                 u_dsp                                               |     0.001 |       3 |    <0.001 |    0 |  0.000 |       33 |     <0.001 |       2 |     0.000 |      0 |    0.000 |     1 |  <0.001 |
|                   U0                                                |     0.001 |       3 |    <0.001 |    0 |  0.000 |       33 |     <0.001 |       2 |     0.000 |      0 |    0.000 |     1 |  <0.001 |
|                     i_synth                                         |     0.001 |       3 |    <0.001 |    0 |  0.000 |       33 |     <0.001 |       2 |     0.000 |      0 |    0.000 |     1 |  <0.001 |
|                       i_synth_option.i_synth_model                  |     0.001 |       3 |    <0.001 |    0 |  0.000 |       33 |     <0.001 |       2 |     0.000 |      0 |    0.000 |     1 |  <0.001 |
|               G[2].u                                                |     0.001 |       3 |    <0.001 |    0 |  0.000 |       52 |     <0.001 |      13 |    <0.001 |      0 |    0.000 |     1 |  <0.001 |
|                 u_dsp                                               |     0.001 |       3 |    <0.001 |    0 |  0.000 |       33 |     <0.001 |       2 |     0.000 |      0 |    0.000 |     1 |  <0.001 |
|                   U0                                                |     0.001 |       3 |    <0.001 |    0 |  0.000 |       33 |     <0.001 |       2 |     0.000 |      0 |    0.000 |     1 |  <0.001 |
|                     i_synth                                         |     0.001 |       3 |    <0.001 |    0 |  0.000 |       33 |     <0.001 |       2 |     0.000 |      0 |    0.000 |     1 |  <0.001 |
|                       i_synth_option.i_synth_model                  |     0.001 |       3 |    <0.001 |    0 |  0.000 |       33 |     <0.001 |       2 |     0.000 |      0 |    0.000 |     1 |  <0.001 |
|               G[3].u                                                |     0.001 |       3 |    <0.001 |    0 |  0.000 |       50 |     <0.001 |       7 |    <0.001 |      0 |    0.000 |     1 |  <0.001 |
|             G_X_PAIR[6].u_dot4_pair                                 |     0.008 |       3 |    <0.001 |    0 |  0.000 |      354 |      0.003 |     339 |     0.001 |      0 |    0.000 |     4 |   0.004 |
|               G[0].u                                                |     0.001 |       3 |    <0.001 |    0 |  0.000 |       52 |     <0.001 |      13 |    <0.001 |      0 |    0.000 |     1 |  <0.001 |
|                 u_dsp                                               |     0.001 |       3 |    <0.001 |    0 |  0.000 |       33 |     <0.001 |       2 |     0.000 |      0 |    0.000 |     1 |  <0.001 |
|                   U0                                                |     0.001 |       3 |    <0.001 |    0 |  0.000 |       33 |     <0.001 |       2 |     0.000 |      0 |    0.000 |     1 |  <0.001 |
|                     i_synth                                         |     0.001 |       3 |    <0.001 |    0 |  0.000 |       33 |     <0.001 |       2 |     0.000 |      0 |    0.000 |     1 |  <0.001 |
|                       i_synth_option.i_synth_model                  |     0.001 |       3 |    <0.001 |    0 |  0.000 |       33 |     <0.001 |       2 |     0.000 |      0 |    0.000 |     1 |  <0.001 |
|               G[1].u                                                |     0.001 |       3 |    <0.001 |    0 |  0.000 |       50 |     <0.001 |       7 |    <0.001 |      0 |    0.000 |     1 |  <0.001 |
|                 u_dsp                                               |     0.001 |       3 |    <0.001 |    0 |  0.000 |       33 |     <0.001 |       2 |     0.000 |      0 |    0.000 |     1 |  <0.001 |
|                   U0                                                |     0.001 |       3 |    <0.001 |    0 |  0.000 |       33 |     <0.001 |       2 |     0.000 |      0 |    0.000 |     1 |  <0.001 |
|                     i_synth                                         |     0.001 |       3 |    <0.001 |    0 |  0.000 |       33 |     <0.001 |       2 |     0.000 |      0 |    0.000 |     1 |  <0.001 |
|                       i_synth_option.i_synth_model                  |     0.001 |       3 |    <0.001 |    0 |  0.000 |       33 |     <0.001 |       2 |     0.000 |      0 |    0.000 |     1 |  <0.001 |
|               G[2].u                                                |     0.001 |       3 |    <0.001 |    0 |  0.000 |       52 |     <0.001 |      13 |    <0.001 |      0 |    0.000 |     1 |  <0.001 |
|                 u_dsp                                               |     0.001 |       3 |    <0.001 |    0 |  0.000 |       33 |     <0.001 |       2 |     0.000 |      0 |    0.000 |     1 |  <0.001 |
|                   U0                                                |     0.001 |       3 |    <0.001 |    0 |  0.000 |       33 |     <0.001 |       2 |     0.000 |      0 |    0.000 |     1 |  <0.001 |
|                     i_synth                                         |     0.001 |       3 |    <0.001 |    0 |  0.000 |       33 |     <0.001 |       2 |     0.000 |      0 |    0.000 |     1 |  <0.001 |
|                       i_synth_option.i_synth_model                  |     0.001 |       3 |    <0.001 |    0 |  0.000 |       33 |     <0.001 |       2 |     0.000 |      0 |    0.000 |     1 |  <0.001 |
|               G[3].u                                                |     0.001 |       3 |    <0.001 |    0 |  0.000 |       50 |     <0.001 |       7 |    <0.001 |      0 |    0.000 |     1 |  <0.001 |
|             G_X_PAIR[7].u_dot4_pair                                 |     0.007 |       3 |    <0.001 |    0 |  0.000 |      354 |      0.003 |     318 |    <0.001 |      0 |    0.000 |     4 |   0.003 |
|             G_X_PAIR[8].u_dot4_pair                                 |     0.007 |       3 |    <0.001 |    0 |  0.000 |      354 |      0.002 |     339 |     0.001 |      0 |    0.000 |     4 |   0.003 |
|               G[0].u                                                |     0.001 |       3 |    <0.001 |    0 |  0.000 |       52 |     <0.001 |      13 |    <0.001 |      0 |    0.000 |     1 |  <0.001 |
|             G_X_PAIR[9].u_dot4_pair                                 |     0.007 |       3 |    <0.001 |    0 |  0.000 |      354 |      0.002 |     318 |     0.001 |      0 |    0.000 |     4 |   0.003 |
|               G[0].u                                                |     0.001 |       3 |    <0.001 |    0 |  0.000 |       52 |     <0.001 |      13 |    <0.001 |      0 |    0.000 |     1 |  <0.001 |
|                 u_dsp                                               |     0.001 |       3 |    <0.001 |    0 |  0.000 |       33 |     <0.001 |       2 |     0.000 |      0 |    0.000 |     1 |  <0.001 |
|                   U0                                                |     0.001 |       3 |    <0.001 |    0 |  0.000 |       33 |     <0.001 |       2 |     0.000 |      0 |    0.000 |     1 |  <0.001 |
|                     i_synth                                         |     0.001 |       3 |    <0.001 |    0 |  0.000 |       33 |     <0.001 |       2 |     0.000 |      0 |    0.000 |     1 |  <0.001 |
|                       i_synth_option.i_synth_model                  |     0.001 |       3 |    <0.001 |    0 |  0.000 |       33 |     <0.001 |       2 |     0.000 |      0 |    0.000 |     1 |  <0.001 |
|               G[2].u                                                |     0.001 |       3 |    <0.001 |    0 |  0.000 |       52 |     <0.001 |      13 |    <0.001 |      0 |    0.000 |     1 |  <0.001 |
|             u_stream_weight_rom                                     |     0.083 |       3 |    <0.001 |    0 |  0.000 |     1088 |      0.014 |      32 |     0.000 |     16 |    0.070 |     0 |   0.000 |
|               G0.u                                                  |     0.083 |       3 |    <0.001 |    0 |  0.000 |     1088 |      0.014 |      32 |     0.000 |     16 |    0.070 |     0 |   0.000 |
|                 U0                                                  |     0.083 |       3 |    <0.001 |    0 |  0.000 |     1088 |      0.014 |      32 |     0.000 |     16 |    0.070 |     0 |   0.000 |
|                   inst_blk_mem_gen                                  |     0.083 |       3 |    <0.001 |    0 |  0.000 |     1088 |      0.014 |      32 |     0.000 |     16 |    0.070 |     0 |   0.000 |
|                     gnbram.gnativebmg.native_blk_mem_gen            |     0.083 |       3 |    <0.001 |    0 |  0.000 |     1088 |      0.014 |      32 |     0.000 |     16 |    0.070 |     0 |   0.000 |
|                       valid.cstr                                    |     0.083 |       3 |    <0.001 |    0 |  0.000 |     1088 |      0.014 |      32 |     0.000 |     16 |    0.070 |     0 |   0.000 |
|         u_tail                                                      |     2.137 |       3 |     0.176 |    0 |  0.000 |   148346 |      0.676 |  137854 |     0.471 |    103 |    0.369 |   932 |   0.444 |
|           u_both_ssm                                                |     1.841 |       3 |     0.157 |    0 |  0.000 |   126443 |      0.598 |  115704 |     0.426 |     64 |    0.274 |   768 |   0.386 |
|             u_spa_ssm                                               |     0.920 |       3 |     0.082 |    0 |  0.000 |    59019 |      0.319 |   58226 |     0.213 |     24 |    0.108 |   384 |   0.197 |
|               G0_FUSED.u                                            |     0.920 |       3 |     0.082 |    0 |  0.000 |    59019 |      0.319 |   58226 |     0.213 |     24 |    0.108 |   384 |   0.197 |
|                 GEN_CHANNEL_BANK[0].u_local_bank                    |     0.178 |       3 |     0.018 |    0 |  0.000 |    13677 |      0.064 |   13155 |     0.049 |      0 |    0.000 |    96 |   0.047 |
|                   GEN_STATE_SUBBANK[0].u_state_half                 |     0.092 |       3 |     0.009 |    0 |  0.000 |     6750 |      0.033 |    6465 |     0.025 |      0 |    0.000 |    48 |   0.025 |
|                     GEN_STATE_CELL[0].GEN_DSP_C_PRODUCT.u_c_product |     0.002 |       3 |    <0.001 |    0 |  0.000 |      143 |     <0.001 |     194 |    <0.001 |      0 |    0.000 |     1 |  <0.001 |
|                       u_ip                                          |     0.002 |       3 |    <0.001 |    0 |  0.000 |      143 |     <0.001 |     194 |    <0.001 |      0 |    0.000 |     1 |  <0.001 |
|                     GEN_STATE_CELL[0].u_fused_update                |     0.007 |       3 |    <0.001 |    0 |  0.000 |      516 |      0.003 |     380 |     0.001 |      0 |    0.000 |     5 |   0.003 |
|                       u_abar_state_low                              |     0.001 |       3 |    <0.001 |    0 |  0.000 |       45 |     <0.001 |       2 |     0.000 |      0 |    0.000 |     1 |  <0.001 |
|                     GEN_STATE_CELL[1].GEN_DSP_C_PRODUCT.u_c_product |     0.002 |       3 |    <0.001 |    0 |  0.000 |      143 |     <0.001 |     194 |    <0.001 |      0 |    0.000 |     1 |  <0.001 |
|                       u_ip                                          |     0.002 |       3 |    <0.001 |    0 |  0.000 |      143 |     <0.001 |     194 |    <0.001 |      0 |    0.000 |     1 |  <0.001 |
|                     GEN_STATE_CELL[1].u_fused_update                |     0.007 |       3 |    <0.001 |    0 |  0.000 |      516 |      0.003 |     380 |     0.001 |      0 |    0.000 |     5 |   0.003 |
|                     GEN_STATE_CELL[2].GEN_DSP_C_PRODUCT.u_c_product |     0.002 |       3 |    <0.001 |    0 |  0.000 |      143 |     <0.001 |     194 |    <0.001 |      0 |    0.000 |     1 |  <0.001 |
|                       u_ip                                          |     0.002 |       3 |    <0.001 |    0 |  0.000 |      143 |     <0.001 |     194 |    <0.001 |      0 |    0.000 |     1 |  <0.001 |
|                     GEN_STATE_CELL[2].u_fused_update                |     0.007 |       3 |    <0.001 |    0 |  0.000 |      516 |      0.003 |     380 |     0.001 |      0 |    0.000 |     5 |   0.003 |
|                     GEN_STATE_CELL[3].GEN_DSP_C_PRODUCT.u_c_product |     0.002 |       3 |    <0.001 |    0 |  0.000 |      143 |     <0.001 |     194 |    <0.001 |      0 |    0.000 |     1 |  <0.001 |
|                       u_ip                                          |     0.002 |       3 |    <0.001 |    0 |  0.000 |      143 |     <0.001 |     194 |    <0.001 |      0 |    0.000 |     1 |  <0.001 |
|                     GEN_STATE_CELL[3].u_fused_update                |     0.007 |       3 |    <0.001 |    0 |  0.000 |      517 |      0.002 |     380 |     0.001 |      0 |    0.000 |     5 |   0.003 |
|                     GEN_STATE_CELL[4].GEN_DSP_C_PRODUCT.u_c_product |     0.002 |       3 |    <0.001 |    0 |  0.000 |      143 |     <0.001 |     194 |    <0.001 |      0 |    0.000 |     1 |  <0.001 |
|                       u_ip                                          |     0.002 |       3 |    <0.001 |    0 |  0.000 |      143 |     <0.001 |     194 |    <0.001 |      0 |    0.000 |     1 |  <0.001 |
|                     GEN_STATE_CELL[4].u_fused_update                |     0.007 |       3 |    <0.001 |    0 |  0.000 |      516 |      0.002 |     380 |     0.001 |      0 |    0.000 |     5 |   0.003 |
|                     GEN_STATE_CELL[5].GEN_DSP_C_PRODUCT.u_c_product |     0.002 |       3 |    <0.001 |    0 |  0.000 |      143 |     <0.001 |     194 |    <0.001 |      0 |    0.000 |     1 |  <0.001 |
|                       u_ip                                          |     0.002 |       3 |    <0.001 |    0 |  0.000 |      143 |     <0.001 |     194 |    <0.001 |      0 |    0.000 |     1 |  <0.001 |
|                     GEN_STATE_CELL[5].u_fused_update                |     0.005 |       3 |    <0.001 |    0 |  0.000 |      516 |      0.002 |     380 |    <0.001 |      0 |    0.000 |     5 |   0.002 |
|                       u_abar_state_low                              |     0.001 |       3 |    <0.001 |    0 |  0.000 |       45 |     <0.001 |       2 |     0.000 |      0 |    0.000 |     1 |  <0.001 |
|                     GEN_STATE_CELL[6].GEN_DSP_C_PRODUCT.u_c_product |     0.001 |       3 |    <0.001 |    0 |  0.000 |      143 |     <0.001 |     194 |    <0.001 |      0 |    0.000 |     1 |  <0.001 |
|                       u_ip                                          |     0.001 |       3 |    <0.001 |    0 |  0.000 |      143 |     <0.001 |     194 |    <0.001 |      0 |    0.000 |     1 |  <0.001 |
|                     GEN_STATE_CELL[6].u_fused_update                |     0.005 |       3 |    <0.001 |    0 |  0.000 |      516 |      0.002 |     380 |    <0.001 |      0 |    0.000 |     5 |   0.002 |
|                     GEN_STATE_CELL[7].GEN_DSP_C_PRODUCT.u_c_product |     0.002 |       3 |    <0.001 |    0 |  0.000 |      143 |     <0.001 |     194 |    <0.001 |      0 |    0.000 |     1 |  <0.001 |
|                       u_ip                                          |     0.002 |       3 |    <0.001 |    0 |  0.000 |      143 |     <0.001 |     194 |    <0.001 |      0 |    0.000 |     1 |  <0.001 |
|                     GEN_STATE_CELL[7].u_fused_update                |     0.008 |       3 |    <0.001 |    0 |  0.000 |      517 |      0.003 |     380 |     0.001 |      0 |    0.000 |     5 |   0.003 |
|                       u_abar_state_low                              |     0.001 |       3 |    <0.001 |    0 |  0.000 |       45 |     <0.001 |       2 |     0.000 |      0 |    0.000 |     1 |  <0.001 |
|                     u_state_bank                                    |     0.016 |       3 |     0.001 |    0 |  0.000 |      372 |      0.003 |     468 |     0.012 |      0 |    0.000 |     0 |   0.000 |
|                       GEN_LOCAL_SLICE[0].u_slice                    |     0.004 |       3 |    <0.001 |    0 |  0.000 |      105 |     <0.001 |     129 |     0.003 |      0 |    0.000 |     0 |   0.000 |
|                       GEN_LOCAL_SLICE[1].u_slice                    |     0.004 |       3 |    <0.001 |    0 |  0.000 |       89 |     <0.001 |     113 |     0.003 |      0 |    0.000 |     0 |   0.000 |
|                       GEN_LOCAL_SLICE[2].u_slice                    |     0.004 |       3 |    <0.001 |    0 |  0.000 |       89 |     <0.001 |     113 |     0.003 |      0 |    0.000 |     0 |   0.000 |
|                       GEN_LOCAL_SLICE[3].u_slice                    |     0.004 |       3 |    <0.001 |    0 |  0.000 |       89 |     <0.001 |     113 |     0.003 |      0 |    0.000 |     0 |   0.000 |
|                   GEN_STATE_SUBBANK[1].u_state_half                 |     0.085 |       3 |     0.009 |    0 |  0.000 |     6750 |      0.031 |    6465 |     0.023 |      0 |    0.000 |    48 |   0.022 |
|                     GEN_STATE_CELL[0].GEN_DSP_C_PRODUCT.u_c_product |     0.001 |       3 |    <0.001 |    0 |  0.000 |      143 |     <0.001 |     194 |    <0.001 |      0 |    0.000 |     1 |  <0.001 |
|                       u_ip                                          |     0.001 |       3 |    <0.001 |    0 |  0.000 |      143 |     <0.001 |     194 |    <0.001 |      0 |    0.000 |     1 |  <0.001 |
|                     GEN_STATE_CELL[0].u_fused_update                |     0.005 |       3 |    <0.001 |    0 |  0.000 |      516 |      0.002 |     380 |    <0.001 |      0 |    0.000 |     5 |   0.002 |
|                     GEN_STATE_CELL[1].GEN_DSP_C_PRODUCT.u_c_product |     0.002 |       3 |    <0.001 |    0 |  0.000 |      143 |     <0.001 |     194 |    <0.001 |      0 |    0.000 |     1 |  <0.001 |
|                       u_ip                                          |     0.002 |       3 |    <0.001 |    0 |  0.000 |      143 |     <0.001 |     194 |    <0.001 |      0 |    0.000 |     1 |  <0.001 |
|                     GEN_STATE_CELL[1].u_fused_update                |     0.005 |       3 |    <0.001 |    0 |  0.000 |      516 |      0.002 |     380 |    <0.001 |      0 |    0.000 |     5 |   0.002 |
|                     GEN_STATE_CELL[2].GEN_DSP_C_PRODUCT.u_c_product |     0.002 |       3 |    <0.001 |    0 |  0.000 |      143 |     <0.001 |     194 |    <0.001 |      0 |    0.000 |     1 |  <0.001 |
|                       u_ip                                          |     0.002 |       3 |    <0.001 |    0 |  0.000 |      143 |     <0.001 |     194 |    <0.001 |      0 |    0.000 |     1 |  <0.001 |
|                     GEN_STATE_CELL[2].u_fused_update                |     0.008 |       3 |    <0.001 |    0 |  0.000 |      516 |      0.003 |     380 |     0.001 |      0 |    0.000 |     5 |   0.003 |
|                       u_abar_state_high                             |     0.001 |       3 |    <0.001 |    0 |  0.000 |       45 |     <0.001 |       2 |     0.000 |      0 |    0.000 |     1 |  <0.001 |
|                       u_abar_state_low                              |     0.001 |       3 |    <0.001 |    0 |  0.000 |       45 |     <0.001 |       2 |     0.000 |      0 |    0.000 |     1 |  <0.001 |
|                     GEN_STATE_CELL[3].GEN_DSP_C_PRODUCT.u_c_product |     0.002 |       3 |    <0.001 |    0 |  0.000 |      143 |     <0.001 |     194 |    <0.001 |      0 |    0.000 |     1 |  <0.001 |
|                       u_ip                                          |     0.002 |       3 |    <0.001 |    0 |  0.000 |      143 |     <0.001 |     194 |    <0.001 |      0 |    0.000 |     1 |  <0.001 |
|                     GEN_STATE_CELL[3].u_fused_update                |     0.008 |       3 |    <0.001 |    0 |  0.000 |      517 |      0.004 |     380 |     0.001 |      0 |    0.000 |     5 |   0.003 |
|                       u_k_bu                                        |     0.001 |       3 |    <0.001 |    0 |  0.000 |       36 |     <0.001 |       2 |     0.000 |      0 |    0.000 |     1 |  <0.001 |
|                     GEN_STATE_CELL[4].GEN_DSP_C_PRODUCT.u_c_product |     0.002 |       3 |    <0.001 |    0 |  0.000 |      143 |     <0.001 |     194 |    <0.001 |      0 |    0.000 |     1 |  <0.001 |
|                       u_ip                                          |     0.002 |       3 |    <0.001 |    0 |  0.000 |      143 |     <0.001 |     194 |    <0.001 |      0 |    0.000 |     1 |  <0.001 |
|                     GEN_STATE_CELL[4].u_fused_update                |     0.005 |       3 |    <0.001 |    0 |  0.000 |      516 |      0.002 |     380 |    <0.001 |      0 |    0.000 |     5 |   0.002 |
|                     GEN_STATE_CELL[5].GEN_DSP_C_PRODUCT.u_c_product |     0.002 |       3 |    <0.001 |    0 |  0.000 |      143 |     <0.001 |     194 |    <0.001 |      0 |    0.000 |     1 |  <0.001 |
|                       u_ip                                          |     0.002 |       3 |    <0.001 |    0 |  0.000 |      143 |     <0.001 |     194 |    <0.001 |      0 |    0.000 |     1 |  <0.001 |
|                     GEN_STATE_CELL[5].u_fused_update                |     0.005 |       3 |    <0.001 |    0 |  0.000 |      516 |      0.002 |     380 |    <0.001 |      0 |    0.000 |     5 |   0.002 |
|                     GEN_STATE_CELL[6].GEN_DSP_C_PRODUCT.u_c_product |     0.002 |       3 |    <0.001 |    0 |  0.000 |      143 |     <0.001 |     194 |    <0.001 |      0 |    0.000 |     1 |  <0.001 |
|                       u_ip                                          |     0.002 |       3 |    <0.001 |    0 |  0.000 |      143 |     <0.001 |     194 |    <0.001 |      0 |    0.000 |     1 |  <0.001 |
|                     GEN_STATE_CELL[6].u_fused_update                |     0.007 |       3 |    <0.001 |    0 |  0.000 |      516 |      0.002 |     380 |     0.001 |      0 |    0.000 |     5 |   0.003 |
|                       u_abar_state_low                              |     0.001 |       3 |    <0.001 |    0 |  0.000 |       45 |     <0.001 |       2 |     0.000 |      0 |    0.000 |     1 |  <0.001 |
|                     GEN_STATE_CELL[7].GEN_DSP_C_PRODUCT.u_c_product |     0.001 |       3 |    <0.001 |    0 |  0.000 |      143 |     <0.001 |     194 |    <0.001 |      0 |    0.000 |     1 |  <0.001 |
|                       u_ip                                          |     0.001 |       3 |    <0.001 |    0 |  0.000 |      143 |     <0.001 |     194 |    <0.001 |      0 |    0.000 |     1 |  <0.001 |
|                     GEN_STATE_CELL[7].u_fused_update                |     0.005 |       3 |    <0.001 |    0 |  0.000 |      517 |      0.002 |     380 |    <0.001 |      0 |    0.000 |     5 |   0.002 |
|                     u_state_bank                                    |     0.016 |       3 |     0.001 |    0 |  0.000 |      372 |      0.003 |     468 |     0.012 |      0 |    0.000 |     0 |   0.000 |
|                       GEN_LOCAL_SLICE[0].u_slice                    |     0.004 |       3 |    <0.001 |    0 |  0.000 |      105 |     <0.001 |     129 |     0.003 |      0 |    0.000 |     0 |   0.000 |
|                       GEN_LOCAL_SLICE[1].u_slice                    |     0.004 |       3 |    <0.001 |    0 |  0.000 |       89 |     <0.001 |     113 |     0.003 |      0 |    0.000 |     0 |   0.000 |
|                       GEN_LOCAL_SLICE[2].u_slice                    |     0.004 |       3 |    <0.001 |    0 |  0.000 |       89 |     <0.001 |     113 |     0.003 |      0 |    0.000 |     0 |   0.000 |
|                       GEN_LOCAL_SLICE[3].u_slice                    |     0.004 |       3 |    <0.001 |    0 |  0.000 |       89 |     <0.001 |     113 |     0.003 |      0 |    0.000 |     0 |   0.000 |
|                 GEN_CHANNEL_BANK[1].u_local_bank                    |     0.185 |       3 |     0.018 |    0 |  0.000 |    13677 |      0.065 |   13155 |     0.051 |      0 |    0.000 |    96 |   0.051 |
|                   GEN_STATE_SUBBANK[0].u_state_half                 |     0.098 |       3 |     0.009 |    0 |  0.000 |     6750 |      0.035 |    6465 |     0.026 |      0 |    0.000 |    48 |   0.028 |
|                     GEN_STATE_CELL[0].GEN_DSP_C_PRODUCT.u_c_product |     0.002 |       3 |    <0.001 |    0 |  0.000 |      143 |     <0.001 |     194 |    <0.001 |      0 |    0.000 |     1 |  <0.001 |
|                       u_ip                                          |     0.002 |       3 |    <0.001 |    0 |  0.000 |      143 |     <0.001 |     194 |    <0.001 |      0 |    0.000 |     1 |  <0.001 |
|                     GEN_STATE_CELL[0].u_fused_update                |     0.007 |       3 |    <0.001 |    0 |  0.000 |      516 |      0.003 |     380 |     0.001 |      0 |    0.000 |     5 |   0.003 |
|                       u_abar_state_high                             |     0.001 |       3 |    <0.001 |    0 |  0.000 |       45 |     <0.001 |       2 |     0.000 |      0 |    0.000 |     1 |  <0.001 |
|                     GEN_STATE_CELL[1].GEN_DSP_C_PRODUCT.u_c_product |     0.002 |       3 |    <0.001 |    0 |  0.000 |      143 |     <0.001 |     194 |    <0.001 |      0 |    0.000 |     1 |  <0.001 |
|                       u_ip                                          |     0.002 |       3 |    <0.001 |    0 |  0.000 |      143 |     <0.001 |     194 |    <0.001 |      0 |    0.000 |     1 |  <0.001 |
|                     GEN_STATE_CELL[1].u_fused_update                |     0.007 |       3 |    <0.001 |    0 |  0.000 |      516 |      0.003 |     380 |     0.001 |      0 |    0.000 |     5 |   0.003 |
|                     GEN_STATE_CELL[2].GEN_DSP_C_PRODUCT.u_c_product |     0.002 |       3 |    <0.001 |    0 |  0.000 |      143 |     <0.001 |     194 |    <0.001 |      0 |    0.000 |     1 |  <0.001 |
|                       u_ip                                          |     0.002 |       3 |    <0.001 |    0 |  0.000 |      143 |     <0.001 |     194 |    <0.001 |      0 |    0.000 |     1 |  <0.001 |
|                     GEN_STATE_CELL[2].u_fused_update                |     0.007 |       3 |    <0.001 |    0 |  0.000 |      516 |      0.003 |     380 |     0.001 |      0 |    0.000 |     5 |   0.003 |
|                       u_abar_state_high                             |     0.001 |       3 |    <0.001 |    0 |  0.000 |       45 |     <0.001 |       2 |     0.000 |      0 |    0.000 |     1 |  <0.001 |
|                     GEN_STATE_CELL[3].GEN_DSP_C_PRODUCT.u_c_product |     0.002 |       3 |    <0.001 |    0 |  0.000 |      143 |     <0.001 |     194 |    <0.001 |      0 |    0.000 |     1 |  <0.001 |
|                       u_ip                                          |     0.002 |       3 |    <0.001 |    0 |  0.000 |      143 |     <0.001 |     194 |    <0.001 |      0 |    0.000 |     1 |  <0.001 |
|                     GEN_STATE_CELL[3].u_fused_update                |     0.007 |       3 |    <0.001 |    0 |  0.000 |      517 |      0.003 |     380 |     0.001 |      0 |    0.000 |     5 |   0.003 |
|                       u_abar_state_low                              |     0.001 |       3 |    <0.001 |    0 |  0.000 |       45 |     <0.001 |       2 |     0.000 |      0 |    0.000 |     1 |  <0.001 |
|                     GEN_STATE_CELL[4].GEN_DSP_C_PRODUCT.u_c_product |     0.003 |       3 |    <0.001 |    0 |  0.000 |      143 |     <0.001 |     194 |    <0.001 |      0 |    0.000 |     1 |  <0.001 |
|                       u_ip                                          |     0.003 |       3 |    <0.001 |    0 |  0.000 |      143 |     <0.001 |     194 |    <0.001 |      0 |    0.000 |     1 |  <0.001 |
|                     GEN_STATE_CELL[4].u_fused_update                |     0.008 |       3 |    <0.001 |    0 |  0.000 |      516 |      0.003 |     380 |     0.001 |      0 |    0.000 |     5 |   0.003 |
|                       u_abar_state_high                             |     0.001 |       3 |    <0.001 |    0 |  0.000 |       45 |     <0.001 |       2 |     0.000 |      0 |    0.000 |     1 |  <0.001 |
|                     GEN_STATE_CELL[5].GEN_DSP_C_PRODUCT.u_c_product |     0.002 |       3 |    <0.001 |    0 |  0.000 |      143 |     <0.001 |     194 |    <0.001 |      0 |    0.000 |     1 |  <0.001 |
|                       u_ip                                          |     0.002 |       3 |    <0.001 |    0 |  0.000 |      143 |     <0.001 |     194 |    <0.001 |      0 |    0.000 |     1 |  <0.001 |
|                     GEN_STATE_CELL[5].u_fused_update                |     0.004 |       3 |    <0.001 |    0 |  0.000 |      516 |      0.001 |     380 |    <0.001 |      0 |    0.000 |     5 |   0.002 |
|                     GEN_STATE_CELL[6].GEN_DSP_C_PRODUCT.u_c_product |     0.001 |       3 |    <0.001 |    0 |  0.000 |      143 |     <0.001 |     194 |    <0.001 |      0 |    0.000 |     1 |  <0.001 |
|                       u_ip                                          |     0.001 |       3 |    <0.001 |    0 |  0.000 |      143 |     <0.001 |     194 |    <0.001 |      0 |    0.000 |     1 |  <0.001 |
|                     GEN_STATE_CELL[6].u_fused_update                |     0.005 |       3 |    <0.001 |    0 |  0.000 |      516 |      0.002 |     380 |    <0.001 |      0 |    0.000 |     5 |   0.002 |
|                     GEN_STATE_CELL[7].GEN_DSP_C_PRODUCT.u_c_product |     0.003 |       3 |    <0.001 |    0 |  0.000 |      143 |     <0.001 |     194 |    <0.001 |      0 |    0.000 |     1 |  <0.001 |
|                       u_ip                                          |     0.003 |       3 |    <0.001 |    0 |  0.000 |      143 |     <0.001 |     194 |    <0.001 |      0 |    0.000 |     1 |  <0.001 |
|                     GEN_STATE_CELL[7].u_fused_update                |     0.008 |       3 |    <0.001 |    0 |  0.000 |      517 |      0.003 |     380 |     0.001 |      0 |    0.000 |     5 |   0.003 |
|                       u_abar_state_high                             |     0.001 |       3 |    <0.001 |    0 |  0.000 |       45 |     <0.001 |       2 |     0.000 |      0 |    0.000 |     1 |  <0.001 |
|                       u_abar_state_low                              |     0.001 |       3 |    <0.001 |    0 |  0.000 |       45 |     <0.001 |       2 |     0.000 |      0 |    0.000 |     1 |  <0.001 |
|                     u_state_bank                                    |     0.016 |       3 |     0.001 |    0 |  0.000 |      372 |      0.003 |     468 |     0.012 |      0 |    0.000 |     0 |   0.000 |
|                       GEN_LOCAL_SLICE[0].u_slice                    |     0.004 |       3 |    <0.001 |    0 |  0.000 |      105 |     <0.001 |     129 |     0.003 |      0 |    0.000 |     0 |   0.000 |
|                       GEN_LOCAL_SLICE[1].u_slice                    |     0.004 |       3 |    <0.001 |    0 |  0.000 |       89 |     <0.001 |     113 |     0.003 |      0 |    0.000 |     0 |   0.000 |
|                       GEN_LOCAL_SLICE[2].u_slice                    |     0.004 |       3 |    <0.001 |    0 |  0.000 |       89 |      0.001 |     113 |     0.003 |      0 |    0.000 |     0 |   0.000 |
|                       GEN_LOCAL_SLICE[3].u_slice                    |     0.004 |       3 |    <0.001 |    0 |  0.000 |       89 |     <0.001 |     113 |     0.003 |      0 |    0.000 |     0 |   0.000 |
|                   GEN_STATE_SUBBANK[1].u_state_half                 |     0.086 |       3 |     0.009 |    0 |  0.000 |     6750 |      0.029 |    6465 |     0.024 |      0 |    0.000 |    48 |   0.024 |
|                     GEN_STATE_CELL[0].GEN_DSP_C_PRODUCT.u_c_product |     0.001 |       3 |    <0.001 |    0 |  0.000 |      143 |     <0.001 |     194 |    <0.001 |      0 |    0.000 |     1 |  <0.001 |
|                       u_ip                                          |     0.001 |       3 |    <0.001 |    0 |  0.000 |      143 |     <0.001 |     194 |    <0.001 |      0 |    0.000 |     1 |  <0.001 |
|                     GEN_STATE_CELL[0].u_fused_update                |     0.004 |       3 |    <0.001 |    0 |  0.000 |      516 |      0.001 |     380 |    <0.001 |      0 |    0.000 |     5 |   0.002 |
|                     GEN_STATE_CELL[1].GEN_DSP_C_PRODUCT.u_c_product |     0.002 |       3 |    <0.001 |    0 |  0.000 |      143 |     <0.001 |     194 |    <0.001 |      0 |    0.000 |     1 |  <0.001 |
|                       u_ip                                          |     0.002 |       3 |    <0.001 |    0 |  0.000 |      143 |     <0.001 |     194 |    <0.001 |      0 |    0.000 |     1 |  <0.001 |
|                     GEN_STATE_CELL[1].u_fused_update                |     0.004 |       3 |    <0.001 |    0 |  0.000 |      516 |      0.001 |     380 |    <0.001 |      0 |    0.000 |     5 |   0.002 |
|                       u_abar_state_low                              |     0.001 |       3 |    <0.001 |    0 |  0.000 |       45 |     <0.001 |       2 |     0.000 |      0 |    0.000 |     1 |  <0.001 |
|                     GEN_STATE_CELL[2].GEN_DSP_C_PRODUCT.u_c_product |     0.002 |       3 |    <0.001 |    0 |  0.000 |      143 |     <0.001 |     194 |    <0.001 |      0 |    0.000 |     1 |  <0.001 |
|                       u_ip                                          |     0.002 |       3 |    <0.001 |    0 |  0.000 |      143 |     <0.001 |     194 |    <0.001 |      0 |    0.000 |     1 |  <0.001 |
|                     GEN_STATE_CELL[2].u_fused_update                |     0.008 |       3 |    <0.001 |    0 |  0.000 |      516 |      0.003 |     380 |     0.001 |      0 |    0.000 |     5 |   0.003 |
|                     GEN_STATE_CELL[3].GEN_DSP_C_PRODUCT.u_c_product |     0.002 |       3 |    <0.001 |    0 |  0.000 |      143 |     <0.001 |     194 |    <0.001 |      0 |    0.000 |     1 |  <0.001 |
|                       u_ip                                          |     0.002 |       3 |    <0.001 |    0 |  0.000 |      143 |     <0.001 |     194 |    <0.001 |      0 |    0.000 |     1 |  <0.001 |
|                     GEN_STATE_CELL[3].u_fused_update                |     0.009 |       3 |    <0.001 |    0 |  0.000 |      517 |      0.004 |     380 |     0.001 |      0 |    0.000 |     5 |   0.003 |
|                       u_abar_state_high                             |     0.001 |       3 |    <0.001 |    0 |  0.000 |       45 |     <0.001 |       2 |     0.000 |      0 |    0.000 |     1 |  <0.001 |
|                     GEN_STATE_CELL[4].GEN_DSP_C_PRODUCT.u_c_product |     0.002 |       3 |    <0.001 |    0 |  0.000 |      143 |     <0.001 |     194 |    <0.001 |      0 |    0.000 |     1 |  <0.001 |
|                       u_ip                                          |     0.002 |       3 |    <0.001 |    0 |  0.000 |      143 |     <0.001 |     194 |    <0.001 |      0 |    0.000 |     1 |  <0.001 |
|                     GEN_STATE_CELL[4].u_fused_update                |     0.004 |       3 |    <0.001 |    0 |  0.000 |      516 |      0.001 |     380 |    <0.001 |      0 |    0.000 |     5 |   0.002 |
|                     GEN_STATE_CELL[5].GEN_DSP_C_PRODUCT.u_c_product |     0.002 |       3 |    <0.001 |    0 |  0.000 |      143 |     <0.001 |     194 |    <0.001 |      0 |    0.000 |     1 |  <0.001 |
|                       u_ip                                          |     0.002 |       3 |    <0.001 |    0 |  0.000 |      143 |     <0.001 |     194 |    <0.001 |      0 |    0.000 |     1 |  <0.001 |
|                     GEN_STATE_CELL[5].u_fused_update                |     0.004 |       3 |    <0.001 |    0 |  0.000 |      516 |      0.001 |     380 |    <0.001 |      0 |    0.000 |     5 |   0.002 |
|                     GEN_STATE_CELL[6].GEN_DSP_C_PRODUCT.u_c_product |     0.002 |       3 |    <0.001 |    0 |  0.000 |      143 |     <0.001 |     194 |    <0.001 |      0 |    0.000 |     1 |  <0.001 |
|                       u_ip                                          |     0.002 |       3 |    <0.001 |    0 |  0.000 |      143 |     <0.001 |     194 |    <0.001 |      0 |    0.000 |     1 |  <0.001 |
|                     GEN_STATE_CELL[6].u_fused_update                |     0.008 |       3 |    <0.001 |    0 |  0.000 |      516 |      0.003 |     380 |     0.001 |      0 |    0.000 |     5 |   0.003 |
|                     GEN_STATE_CELL[7].GEN_DSP_C_PRODUCT.u_c_product |     0.001 |       3 |    <0.001 |    0 |  0.000 |      143 |     <0.001 |     194 |    <0.001 |      0 |    0.000 |     1 |  <0.001 |
|                       u_ip                                          |     0.001 |       3 |    <0.001 |    0 |  0.000 |      143 |     <0.001 |     194 |    <0.001 |      0 |    0.000 |     1 |  <0.001 |
|                     GEN_STATE_CELL[7].u_fused_update                |     0.004 |       3 |    <0.001 |    0 |  0.000 |      517 |      0.001 |     380 |    <0.001 |      0 |    0.000 |     5 |   0.002 |
|                     u_state_bank                                    |     0.016 |       3 |     0.001 |    0 |  0.000 |      372 |      0.003 |     468 |     0.012 |      0 |    0.000 |     0 |   0.000 |
|                       GEN_LOCAL_SLICE[0].u_slice                    |     0.004 |       3 |    <0.001 |    0 |  0.000 |      105 |     <0.001 |     129 |     0.003 |      0 |    0.000 |     0 |   0.000 |
|                       GEN_LOCAL_SLICE[1].u_slice                    |     0.004 |       3 |    <0.001 |    0 |  0.000 |       89 |     <0.001 |     113 |     0.003 |      0 |    0.000 |     0 |   0.000 |
|                       GEN_LOCAL_SLICE[2].u_slice                    |     0.004 |       3 |    <0.001 |    0 |  0.000 |       89 |     <0.001 |     113 |     0.003 |      0 |    0.000 |     0 |   0.000 |
|                       GEN_LOCAL_SLICE[3].u_slice                    |     0.004 |       3 |    <0.001 |    0 |  0.000 |       89 |     <0.001 |     113 |     0.003 |      0 |    0.000 |     0 |   0.000 |
|                 GEN_CHANNEL_BANK[2].u_local_bank                    |     0.199 |       3 |     0.018 |    0 |  0.000 |    13677 |      0.080 |   13155 |     0.051 |      0 |    0.000 |    96 |   0.049 |
|                   GEN_STATE_SUBBANK[0].u_state_half                 |     0.106 |       3 |     0.009 |    0 |  0.000 |     6750 |      0.045 |    6465 |     0.026 |      0 |    0.000 |    48 |   0.026 |
|                     GEN_STATE_CELL[0].GEN_DSP_C_PRODUCT.u_c_product |     0.002 |       3 |    <0.001 |    0 |  0.000 |      143 |     <0.001 |     194 |    <0.001 |      0 |    0.000 |     1 |  <0.001 |
|                       u_ip                                          |     0.002 |       3 |    <0.001 |    0 |  0.000 |      143 |     <0.001 |     194 |    <0.001 |      0 |    0.000 |     1 |  <0.001 |
|                     GEN_STATE_CELL[0].u_fused_update                |     0.009 |       3 |    <0.001 |    0 |  0.000 |      516 |      0.005 |     380 |     0.001 |      0 |    0.000 |     5 |   0.003 |
|                       u_k_bu                                        |     0.001 |       3 |    <0.001 |    0 |  0.000 |       36 |     <0.001 |       2 |     0.000 |      0 |    0.000 |     1 |  <0.001 |
|                     GEN_STATE_CELL[1].GEN_DSP_C_PRODUCT.u_c_product |     0.002 |       3 |    <0.001 |    0 |  0.000 |      143 |     <0.001 |     194 |    <0.001 |      0 |    0.000 |     1 |  <0.001 |
|                       u_ip                                          |     0.002 |       3 |    <0.001 |    0 |  0.000 |      143 |     <0.001 |     194 |    <0.001 |      0 |    0.000 |     1 |  <0.001 |
|                     GEN_STATE_CELL[1].u_fused_update                |     0.009 |       3 |    <0.001 |    0 |  0.000 |      516 |      0.005 |     380 |     0.001 |      0 |    0.000 |     5 |   0.003 |
|                       u_k_bu                                        |     0.001 |       3 |    <0.001 |    0 |  0.000 |       36 |     <0.001 |       2 |     0.000 |      0 |    0.000 |     1 |  <0.001 |
|                     GEN_STATE_CELL[2].GEN_DSP_C_PRODUCT.u_c_product |     0.002 |       3 |    <0.001 |    0 |  0.000 |      143 |     <0.001 |     194 |    <0.001 |      0 |    0.000 |     1 |  <0.001 |
|                       u_ip                                          |     0.002 |       3 |    <0.001 |    0 |  0.000 |      143 |     <0.001 |     194 |    <0.001 |      0 |    0.000 |     1 |  <0.001 |
|                     GEN_STATE_CELL[2].u_fused_update                |     0.009 |       3 |    <0.001 |    0 |  0.000 |      516 |      0.004 |     380 |     0.001 |      0 |    0.000 |     5 |   0.003 |
|                       u_k_bu                                        |     0.001 |       3 |    <0.001 |    0 |  0.000 |       36 |     <0.001 |       2 |     0.000 |      0 |    0.000 |     1 |  <0.001 |
|                     GEN_STATE_CELL[3].GEN_DSP_C_PRODUCT.u_c_product |     0.002 |       3 |    <0.001 |    0 |  0.000 |      143 |     <0.001 |     194 |    <0.001 |      0 |    0.000 |     1 |  <0.001 |
|                       u_ip                                          |     0.002 |       3 |    <0.001 |    0 |  0.000 |      143 |     <0.001 |     194 |    <0.001 |      0 |    0.000 |     1 |  <0.001 |
|                     GEN_STATE_CELL[3].u_fused_update                |     0.009 |       3 |    <0.001 |    0 |  0.000 |      517 |      0.004 |     380 |     0.001 |      0 |    0.000 |     5 |   0.003 |
|                     GEN_STATE_CELL[4].GEN_DSP_C_PRODUCT.u_c_product |     0.002 |       3 |    <0.001 |    0 |  0.000 |      143 |     <0.001 |     194 |    <0.001 |      0 |    0.000 |     1 |  <0.001 |
|                       u_ip                                          |     0.002 |       3 |    <0.001 |    0 |  0.000 |      143 |     <0.001 |     194 |    <0.001 |      0 |    0.000 |     1 |  <0.001 |
|                     GEN_STATE_CELL[4].u_fused_update                |     0.008 |       3 |    <0.001 |    0 |  0.000 |      516 |      0.003 |     380 |     0.001 |      0 |    0.000 |     5 |   0.003 |
|                     GEN_STATE_CELL[5].GEN_DSP_C_PRODUCT.u_c_product |     0.002 |       3 |    <0.001 |    0 |  0.000 |      143 |     <0.001 |     194 |    <0.001 |      0 |    0.000 |     1 |  <0.001 |
|                       u_ip                                          |     0.002 |       3 |    <0.001 |    0 |  0.000 |      143 |     <0.001 |     194 |    <0.001 |      0 |    0.000 |     1 |  <0.001 |
|                     GEN_STATE_CELL[5].u_fused_update                |     0.005 |       3 |    <0.001 |    0 |  0.000 |      516 |      0.002 |     380 |    <0.001 |      0 |    0.000 |     5 |   0.002 |
|                       u_abar_state_low                              |     0.001 |       3 |    <0.001 |    0 |  0.000 |       45 |     <0.001 |       2 |     0.000 |      0 |    0.000 |     1 |  <0.001 |
|                     GEN_STATE_CELL[6].GEN_DSP_C_PRODUCT.u_c_product |     0.002 |       3 |    <0.001 |    0 |  0.000 |      143 |     <0.001 |     194 |    <0.001 |      0 |    0.000 |     1 |  <0.001 |
|                       u_ip                                          |     0.002 |       3 |    <0.001 |    0 |  0.000 |      143 |     <0.001 |     194 |    <0.001 |      0 |    0.000 |     1 |  <0.001 |
|                     GEN_STATE_CELL[6].u_fused_update                |     0.005 |       3 |    <0.001 |    0 |  0.000 |      516 |      0.002 |     380 |    <0.001 |      0 |    0.000 |     5 |   0.002 |
|                     GEN_STATE_CELL[7].GEN_DSP_C_PRODUCT.u_c_product |     0.002 |       3 |    <0.001 |    0 |  0.000 |      143 |     <0.001 |     194 |    <0.001 |      0 |    0.000 |     1 |  <0.001 |
|                       u_ip                                          |     0.002 |       3 |    <0.001 |    0 |  0.000 |      143 |     <0.001 |     194 |    <0.001 |      0 |    0.000 |     1 |  <0.001 |
|                     GEN_STATE_CELL[7].u_fused_update                |     0.009 |       3 |    <0.001 |    0 |  0.000 |      517 |      0.005 |     380 |     0.001 |      0 |    0.000 |     5 |   0.003 |
|                       u_abar_state_high                             |     0.001 |       3 |    <0.001 |    0 |  0.000 |       45 |     <0.001 |       2 |     0.000 |      0 |    0.000 |     1 |  <0.001 |
|                       u_abar_state_low                              |     0.001 |       3 |    <0.001 |    0 |  0.000 |       45 |     <0.001 |       2 |     0.000 |      0 |    0.000 |     1 |  <0.001 |
|                     u_state_bank                                    |     0.016 |       3 |     0.001 |    0 |  0.000 |      372 |      0.003 |     468 |     0.012 |      0 |    0.000 |     0 |   0.000 |
|                       GEN_LOCAL_SLICE[0].u_slice                    |     0.004 |       3 |    <0.001 |    0 |  0.000 |      105 |     <0.001 |     129 |     0.003 |      0 |    0.000 |     0 |   0.000 |
|                       GEN_LOCAL_SLICE[1].u_slice                    |     0.004 |       3 |    <0.001 |    0 |  0.000 |       89 |      0.001 |     113 |     0.003 |      0 |    0.000 |     0 |   0.000 |
|                       GEN_LOCAL_SLICE[2].u_slice                    |     0.004 |       3 |    <0.001 |    0 |  0.000 |       89 |     <0.001 |     113 |     0.003 |      0 |    0.000 |     0 |   0.000 |
|                       GEN_LOCAL_SLICE[3].u_slice                    |     0.004 |       3 |    <0.001 |    0 |  0.000 |       89 |     <0.001 |     113 |     0.003 |      0 |    0.000 |     0 |   0.000 |
|                   GEN_STATE_SUBBANK[1].u_state_half                 |     0.092 |       3 |     0.009 |    0 |  0.000 |     6750 |      0.036 |    6465 |     0.024 |      0 |    0.000 |    48 |   0.023 |
|                     GEN_STATE_CELL[0].GEN_DSP_C_PRODUCT.u_c_product |     0.001 |       3 |    <0.001 |    0 |  0.000 |      143 |     <0.001 |     194 |    <0.001 |      0 |    0.000 |     1 |  <0.001 |
|                       u_ip                                          |     0.001 |       3 |    <0.001 |    0 |  0.000 |      143 |     <0.001 |     194 |    <0.001 |      0 |    0.000 |     1 |  <0.001 |
|                     GEN_STATE_CELL[0].u_fused_update                |     0.005 |       3 |    <0.001 |    0 |  0.000 |      516 |      0.002 |     380 |    <0.001 |      0 |    0.000 |     5 |   0.002 |
|                     GEN_STATE_CELL[1].GEN_DSP_C_PRODUCT.u_c_product |     0.002 |       3 |    <0.001 |    0 |  0.000 |      143 |     <0.001 |     194 |    <0.001 |      0 |    0.000 |     1 |  <0.001 |
|                       u_ip                                          |     0.002 |       3 |    <0.001 |    0 |  0.000 |      143 |     <0.001 |     194 |    <0.001 |      0 |    0.000 |     1 |  <0.001 |
|                     GEN_STATE_CELL[1].u_fused_update                |     0.005 |       3 |    <0.001 |    0 |  0.000 |      516 |      0.002 |     380 |    <0.001 |      0 |    0.000 |     5 |   0.002 |
|                       u_abar_state_low                              |     0.001 |       3 |    <0.001 |    0 |  0.000 |       45 |     <0.001 |       2 |     0.000 |      0 |    0.000 |     1 |  <0.001 |
|                     GEN_STATE_CELL[2].GEN_DSP_C_PRODUCT.u_c_product |     0.002 |       3 |    <0.001 |    0 |  0.000 |      143 |     <0.001 |     194 |    <0.001 |      0 |    0.000 |     1 |  <0.001 |
|                       u_ip                                          |     0.002 |       3 |    <0.001 |    0 |  0.000 |      143 |     <0.001 |     194 |    <0.001 |      0 |    0.000 |     1 |  <0.001 |
|                     GEN_STATE_CELL[2].u_fused_update                |     0.008 |       3 |    <0.001 |    0 |  0.000 |      516 |      0.004 |     380 |     0.001 |      0 |    0.000 |     5 |   0.003 |
|                       u_k_bu                                        |     0.001 |       3 |    <0.001 |    0 |  0.000 |       36 |     <0.001 |       2 |     0.000 |      0 |    0.000 |     1 |  <0.001 |
|                     GEN_STATE_CELL[3].GEN_DSP_C_PRODUCT.u_c_product |     0.002 |       3 |    <0.001 |    0 |  0.000 |      143 |     <0.001 |     194 |    <0.001 |      0 |    0.000 |     1 |  <0.001 |
|                       u_ip                                          |     0.002 |       3 |    <0.001 |    0 |  0.000 |      143 |     <0.001 |     194 |    <0.001 |      0 |    0.000 |     1 |  <0.001 |
|                     GEN_STATE_CELL[3].u_fused_update                |     0.009 |       3 |    <0.001 |    0 |  0.000 |      517 |      0.004 |     380 |     0.001 |      0 |    0.000 |     5 |   0.003 |
|                       u_k_bu                                        |     0.001 |       3 |    <0.001 |    0 |  0.000 |       36 |     <0.001 |       2 |     0.000 |      0 |    0.000 |     1 |  <0.001 |
|                     GEN_STATE_CELL[4].GEN_DSP_C_PRODUCT.u_c_product |     0.002 |       3 |    <0.001 |    0 |  0.000 |      143 |     <0.001 |     194 |    <0.001 |      0 |    0.000 |     1 |  <0.001 |
|                       u_ip                                          |     0.002 |       3 |    <0.001 |    0 |  0.000 |      143 |     <0.001 |     194 |    <0.001 |      0 |    0.000 |     1 |  <0.001 |
|                     GEN_STATE_CELL[4].u_fused_update                |     0.005 |       3 |    <0.001 |    0 |  0.000 |      516 |      0.002 |     380 |    <0.001 |      0 |    0.000 |     5 |   0.002 |
|                     GEN_STATE_CELL[5].GEN_DSP_C_PRODUCT.u_c_product |     0.002 |       3 |    <0.001 |    0 |  0.000 |      143 |     <0.001 |     194 |    <0.001 |      0 |    0.000 |     1 |  <0.001 |
|                       u_ip                                          |     0.002 |       3 |    <0.001 |    0 |  0.000 |      143 |     <0.001 |     194 |    <0.001 |      0 |    0.000 |     1 |  <0.001 |
|                     GEN_STATE_CELL[5].u_fused_update                |     0.005 |       3 |    <0.001 |    0 |  0.000 |      516 |      0.002 |     380 |    <0.001 |      0 |    0.000 |     5 |   0.002 |
|                       u_abar_state_low                              |     0.001 |       3 |    <0.001 |    0 |  0.000 |       45 |     <0.001 |       2 |     0.000 |      0 |    0.000 |     1 |  <0.001 |
|                     GEN_STATE_CELL[6].GEN_DSP_C_PRODUCT.u_c_product |     0.002 |       3 |    <0.001 |    0 |  0.000 |      143 |     <0.001 |     194 |    <0.001 |      0 |    0.000 |     1 |  <0.001 |
|                       u_ip                                          |     0.002 |       3 |    <0.001 |    0 |  0.000 |      143 |     <0.001 |     194 |    <0.001 |      0 |    0.000 |     1 |  <0.001 |
|                     GEN_STATE_CELL[6].u_fused_update                |     0.008 |       3 |    <0.001 |    0 |  0.000 |      516 |      0.003 |     380 |     0.001 |      0 |    0.000 |     5 |   0.003 |
|                       u_abar_state_low                              |     0.001 |       3 |    <0.001 |    0 |  0.000 |       45 |     <0.001 |       2 |     0.000 |      0 |    0.000 |     1 |  <0.001 |
|                     GEN_STATE_CELL[7].GEN_DSP_C_PRODUCT.u_c_product |     0.001 |       3 |    <0.001 |    0 |  0.000 |      143 |     <0.001 |     194 |    <0.001 |      0 |    0.000 |     1 |  <0.001 |
|                       u_ip                                          |     0.001 |       3 |    <0.001 |    0 |  0.000 |      143 |     <0.001 |     194 |    <0.001 |      0 |    0.000 |     1 |  <0.001 |
|                     GEN_STATE_CELL[7].u_fused_update                |     0.005 |       3 |    <0.001 |    0 |  0.000 |      517 |      0.002 |     380 |    <0.001 |      0 |    0.000 |     5 |   0.002 |
|                       u_abar_state_low                              |     0.001 |       3 |    <0.001 |    0 |  0.000 |       45 |     <0.001 |       2 |     0.000 |      0 |    0.000 |     1 |  <0.001 |
|                     u_state_bank                                    |     0.016 |       3 |     0.001 |    0 |  0.000 |      372 |      0.003 |     468 |     0.012 |      0 |    0.000 |     0 |   0.000 |
|                       GEN_LOCAL_SLICE[0].u_slice                    |     0.004 |       3 |    <0.001 |    0 |  0.000 |      105 |     <0.001 |     129 |     0.003 |      0 |    0.000 |     0 |   0.000 |
|                       GEN_LOCAL_SLICE[1].u_slice                    |     0.004 |       3 |    <0.001 |    0 |  0.000 |       89 |     <0.001 |     113 |     0.003 |      0 |    0.000 |     0 |   0.000 |
|                       GEN_LOCAL_SLICE[2].u_slice                    |     0.004 |       3 |    <0.001 |    0 |  0.000 |       89 |     <0.001 |     113 |     0.003 |      0 |    0.000 |     0 |   0.000 |
|                       GEN_LOCAL_SLICE[3].u_slice                    |     0.004 |       3 |    <0.001 |    0 |  0.000 |       89 |     <0.001 |     113 |     0.003 |      0 |    0.000 |     0 |   0.000 |
|                 GEN_CHANNEL_BANK[3].u_local_bank                    |     0.185 |       3 |     0.018 |    0 |  0.000 |    13677 |      0.070 |   13155 |     0.048 |      0 |    0.000 |    96 |   0.049 |
|                   GEN_STATE_SUBBANK[0].u_state_half                 |     0.097 |       3 |     0.009 |    0 |  0.000 |     6750 |      0.037 |    6465 |     0.025 |      0 |    0.000 |    48 |   0.026 |
|                     GEN_STATE_CELL[0].GEN_DSP_C_PRODUCT.u_c_product |     0.003 |       3 |    <0.001 |    0 |  0.000 |      143 |      0.001 |     194 |    <0.001 |      0 |    0.000 |     1 |  <0.001 |
|                       u_ip                                          |     0.003 |       3 |    <0.001 |    0 |  0.000 |      143 |      0.001 |     194 |    <0.001 |      0 |    0.000 |     1 |  <0.001 |
|                     GEN_STATE_CELL[0].u_fused_update                |     0.008 |       3 |    <0.001 |    0 |  0.000 |      516 |      0.004 |     380 |     0.001 |      0 |    0.000 |     5 |   0.003 |
|                       u_k_bu                                        |     0.001 |       3 |    <0.001 |    0 |  0.000 |       36 |     <0.001 |       2 |     0.000 |      0 |    0.000 |     1 |  <0.001 |
|                     GEN_STATE_CELL[1].GEN_DSP_C_PRODUCT.u_c_product |     0.003 |       3 |    <0.001 |    0 |  0.000 |      143 |      0.001 |     194 |    <0.001 |      0 |    0.000 |     1 |  <0.001 |
|                       u_ip                                          |     0.003 |       3 |    <0.001 |    0 |  0.000 |      143 |      0.001 |     194 |    <0.001 |      0 |    0.000 |     1 |  <0.001 |
|                     GEN_STATE_CELL[1].u_fused_update                |     0.008 |       3 |    <0.001 |    0 |  0.000 |      516 |      0.004 |     380 |     0.001 |      0 |    0.000 |     5 |   0.003 |
|                     GEN_STATE_CELL[2].GEN_DSP_C_PRODUCT.u_c_product |     0.002 |       3 |    <0.001 |    0 |  0.000 |      143 |     <0.001 |     194 |    <0.001 |      0 |    0.000 |     1 |  <0.001 |
|                       u_ip                                          |     0.002 |       3 |    <0.001 |    0 |  0.000 |      143 |     <0.001 |     194 |    <0.001 |      0 |    0.000 |     1 |  <0.001 |
|                     GEN_STATE_CELL[2].u_fused_update                |     0.009 |       3 |    <0.001 |    0 |  0.000 |      516 |      0.005 |     380 |     0.001 |      0 |    0.000 |     5 |   0.003 |
|                     GEN_STATE_CELL[3].GEN_DSP_C_PRODUCT.u_c_product |     0.002 |       3 |    <0.001 |    0 |  0.000 |      143 |     <0.001 |     194 |    <0.001 |      0 |    0.000 |     1 |  <0.001 |
|                       u_ip                                          |     0.002 |       3 |    <0.001 |    0 |  0.000 |      143 |     <0.001 |     194 |    <0.001 |      0 |    0.000 |     1 |  <0.001 |
|                     GEN_STATE_CELL[3].u_fused_update                |     0.007 |       3 |    <0.001 |    0 |  0.000 |      517 |      0.003 |     380 |     0.001 |      0 |    0.000 |     5 |   0.003 |
|                     GEN_STATE_CELL[4].GEN_DSP_C_PRODUCT.u_c_product |     0.002 |       3 |    <0.001 |    0 |  0.000 |      143 |     <0.001 |     194 |    <0.001 |      0 |    0.000 |     1 |  <0.001 |
|                       u_ip                                          |     0.002 |       3 |    <0.001 |    0 |  0.000 |      143 |     <0.001 |     194 |    <0.001 |      0 |    0.000 |     1 |  <0.001 |
|                     GEN_STATE_CELL[4].u_fused_update                |     0.007 |       3 |    <0.001 |    0 |  0.000 |      516 |      0.003 |     380 |     0.001 |      0 |    0.000 |     5 |   0.003 |
|                     GEN_STATE_CELL[5].GEN_DSP_C_PRODUCT.u_c_product |     0.002 |       3 |    <0.001 |    0 |  0.000 |      143 |     <0.001 |     194 |    <0.001 |      0 |    0.000 |     1 |  <0.001 |
|                       u_ip                                          |     0.002 |       3 |    <0.001 |    0 |  0.000 |      143 |     <0.001 |     194 |    <0.001 |      0 |    0.000 |     1 |  <0.001 |
|                     GEN_STATE_CELL[5].u_fused_update                |     0.005 |       3 |    <0.001 |    0 |  0.000 |      516 |      0.002 |     380 |    <0.001 |      0 |    0.000 |     5 |   0.002 |
|                     GEN_STATE_CELL[6].GEN_DSP_C_PRODUCT.u_c_product |     0.001 |       3 |    <0.001 |    0 |  0.000 |      143 |     <0.001 |     194 |    <0.001 |      0 |    0.000 |     1 |  <0.001 |
|                       u_ip                                          |     0.001 |       3 |    <0.001 |    0 |  0.000 |      143 |     <0.001 |     194 |    <0.001 |      0 |    0.000 |     1 |  <0.001 |
|                     GEN_STATE_CELL[6].u_fused_update                |     0.004 |       3 |    <0.001 |    0 |  0.000 |      516 |      0.001 |     380 |    <0.001 |      0 |    0.000 |     5 |   0.002 |
|                     GEN_STATE_CELL[7].GEN_DSP_C_PRODUCT.u_c_product |     0.002 |       3 |    <0.001 |    0 |  0.000 |      143 |     <0.001 |     194 |    <0.001 |      0 |    0.000 |     1 |  <0.001 |
|                       u_ip                                          |     0.002 |       3 |    <0.001 |    0 |  0.000 |      143 |     <0.001 |     194 |    <0.001 |      0 |    0.000 |     1 |  <0.001 |
|                     GEN_STATE_CELL[7].u_fused_update                |     0.006 |       3 |    <0.001 |    0 |  0.000 |      517 |      0.002 |     380 |     0.001 |      0 |    0.000 |     5 |   0.003 |
|                     u_state_bank                                    |     0.016 |       3 |     0.001 |    0 |  0.000 |      372 |      0.003 |     468 |     0.012 |      0 |    0.000 |     0 |   0.000 |
|                       GEN_LOCAL_SLICE[0].u_slice                    |     0.004 |       3 |    <0.001 |    0 |  0.000 |      105 |     <0.001 |     129 |     0.003 |      0 |    0.000 |     0 |   0.000 |
|                       GEN_LOCAL_SLICE[1].u_slice                    |     0.004 |       3 |    <0.001 |    0 |  0.000 |       89 |     <0.001 |     113 |     0.003 |      0 |    0.000 |     0 |   0.000 |
|                       GEN_LOCAL_SLICE[2].u_slice                    |     0.004 |       3 |    <0.001 |    0 |  0.000 |       89 |     <0.001 |     113 |     0.003 |      0 |    0.000 |     0 |   0.000 |
|                       GEN_LOCAL_SLICE[3].u_slice                    |     0.004 |       3 |    <0.001 |    0 |  0.000 |       89 |     <0.001 |     113 |     0.003 |      0 |    0.000 |     0 |   0.000 |
|                   GEN_STATE_SUBBANK[1].u_state_half                 |     0.087 |       3 |     0.009 |    0 |  0.000 |     6750 |      0.033 |    6465 |     0.023 |      0 |    0.000 |    48 |   0.023 |
|                     GEN_STATE_CELL[0].GEN_DSP_C_PRODUCT.u_c_product |     0.001 |       3 |    <0.001 |    0 |  0.000 |      143 |     <0.001 |     194 |    <0.001 |      0 |    0.000 |     1 |  <0.001 |
|                       u_ip                                          |     0.001 |       3 |    <0.001 |    0 |  0.000 |      143 |     <0.001 |     194 |    <0.001 |      0 |    0.000 |     1 |  <0.001 |
|                     GEN_STATE_CELL[0].u_fused_update                |     0.005 |       3 |    <0.001 |    0 |  0.000 |      516 |      0.001 |     380 |    <0.001 |      0 |    0.000 |     5 |   0.002 |
|                     GEN_STATE_CELL[1].GEN_DSP_C_PRODUCT.u_c_product |     0.002 |       3 |    <0.001 |    0 |  0.000 |      143 |     <0.001 |     194 |    <0.001 |      0 |    0.000 |     1 |  <0.001 |
|                       u_ip                                          |     0.002 |       3 |    <0.001 |    0 |  0.000 |      143 |     <0.001 |     194 |    <0.001 |      0 |    0.000 |     1 |  <0.001 |
|                     GEN_STATE_CELL[1].u_fused_update                |     0.005 |       3 |    <0.001 |    0 |  0.000 |      516 |      0.002 |     380 |    <0.001 |      0 |    0.000 |     5 |   0.002 |
|                     GEN_STATE_CELL[2].GEN_DSP_C_PRODUCT.u_c_product |     0.002 |       3 |    <0.001 |    0 |  0.000 |      143 |     <0.001 |     194 |    <0.001 |      0 |    0.000 |     1 |  <0.001 |
|                       u_ip                                          |     0.002 |       3 |    <0.001 |    0 |  0.000 |      143 |     <0.001 |     194 |    <0.001 |      0 |    0.000 |     1 |  <0.001 |
|                     GEN_STATE_CELL[2].u_fused_update                |     0.007 |       3 |    <0.001 |    0 |  0.000 |      516 |      0.003 |     380 |     0.001 |      0 |    0.000 |     5 |   0.003 |
|                       u_abar_state_high                             |     0.001 |       3 |    <0.001 |    0 |  0.000 |       45 |     <0.001 |       2 |     0.000 |      0 |    0.000 |     1 |  <0.001 |
|                     GEN_STATE_CELL[3].GEN_DSP_C_PRODUCT.u_c_product |     0.002 |       3 |    <0.001 |    0 |  0.000 |      143 |     <0.001 |     194 |    <0.001 |      0 |    0.000 |     1 |  <0.001 |
|                       u_ip                                          |     0.002 |       3 |    <0.001 |    0 |  0.000 |      143 |     <0.001 |     194 |    <0.001 |      0 |    0.000 |     1 |  <0.001 |
|                     GEN_STATE_CELL[3].u_fused_update                |     0.008 |       3 |    <0.001 |    0 |  0.000 |      517 |      0.003 |     380 |     0.001 |      0 |    0.000 |     5 |   0.003 |
|                     GEN_STATE_CELL[4].GEN_DSP_C_PRODUCT.u_c_product |     0.002 |       3 |    <0.001 |    0 |  0.000 |      143 |     <0.001 |     194 |    <0.001 |      0 |    0.000 |     1 |  <0.001 |
|                       u_ip                                          |     0.002 |       3 |    <0.001 |    0 |  0.000 |      143 |     <0.001 |     194 |    <0.001 |      0 |    0.000 |     1 |  <0.001 |
|                     GEN_STATE_CELL[4].u_fused_update                |     0.005 |       3 |    <0.001 |    0 |  0.000 |      516 |      0.002 |     380 |    <0.001 |      0 |    0.000 |     5 |   0.002 |
|                     GEN_STATE_CELL[5].GEN_DSP_C_PRODUCT.u_c_product |     0.002 |       3 |    <0.001 |    0 |  0.000 |      143 |     <0.001 |     194 |    <0.001 |      0 |    0.000 |     1 |  <0.001 |
|                       u_ip                                          |     0.002 |       3 |    <0.001 |    0 |  0.000 |      143 |     <0.001 |     194 |    <0.001 |      0 |    0.000 |     1 |  <0.001 |
|                     GEN_STATE_CELL[5].u_fused_update                |     0.005 |       3 |    <0.001 |    0 |  0.000 |      516 |      0.002 |     380 |    <0.001 |      0 |    0.000 |     5 |   0.002 |
|                     GEN_STATE_CELL[6].GEN_DSP_C_PRODUCT.u_c_product |     0.002 |       3 |    <0.001 |    0 |  0.000 |      143 |     <0.001 |     194 |    <0.001 |      0 |    0.000 |     1 |  <0.001 |
|                       u_ip                                          |     0.002 |       3 |    <0.001 |    0 |  0.000 |      143 |     <0.001 |     194 |    <0.001 |      0 |    0.000 |     1 |  <0.001 |
|                     GEN_STATE_CELL[6].u_fused_update                |     0.008 |       3 |    <0.001 |    0 |  0.000 |      516 |      0.004 |     380 |     0.001 |      0 |    0.000 |     5 |   0.003 |
|                     GEN_STATE_CELL[7].GEN_DSP_C_PRODUCT.u_c_product |     0.001 |       3 |    <0.001 |    0 |  0.000 |      143 |     <0.001 |     194 |    <0.001 |      0 |    0.000 |     1 |  <0.001 |
|                       u_ip                                          |     0.001 |       3 |    <0.001 |    0 |  0.000 |      143 |     <0.001 |     194 |    <0.001 |      0 |    0.000 |     1 |  <0.001 |
|                     GEN_STATE_CELL[7].u_fused_update                |     0.005 |       3 |    <0.001 |    0 |  0.000 |      517 |      0.002 |     380 |    <0.001 |      0 |    0.000 |     5 |   0.002 |
|                     u_state_bank                                    |     0.016 |       3 |     0.001 |    0 |  0.000 |      372 |      0.003 |     468 |     0.012 |      0 |    0.000 |     0 |   0.000 |
|                       GEN_LOCAL_SLICE[0].u_slice                    |     0.004 |       3 |    <0.001 |    0 |  0.000 |      105 |     <0.001 |     129 |     0.003 |      0 |    0.000 |     0 |   0.000 |
|                       GEN_LOCAL_SLICE[1].u_slice                    |     0.004 |       3 |    <0.001 |    0 |  0.000 |       89 |     <0.001 |     113 |     0.003 |      0 |    0.000 |     0 |   0.000 |
|                       GEN_LOCAL_SLICE[2].u_slice                    |     0.004 |       3 |    <0.001 |    0 |  0.000 |       89 |     <0.001 |     113 |     0.003 |      0 |    0.000 |     0 |   0.000 |
|                       GEN_LOCAL_SLICE[3].u_slice                    |     0.004 |       3 |    <0.001 |    0 |  0.000 |       89 |     <0.001 |     113 |     0.003 |      0 |    0.000 |     0 |   0.000 |
|                 G_D1_NONLINEAR.G_NATIVE_ROM.u_rom                   |     0.135 |       3 |    <0.001 |    0 |  0.000 |     1636 |      0.027 |      38 |    <0.001 |     24 |    0.108 |     0 |   0.000 |
|                   u0                                                |     0.069 |       3 |    <0.001 |    0 |  0.000 |      818 |      0.014 |      19 |    <0.001 |     12 |    0.054 |     0 |   0.000 |
|                   u1                                                |     0.067 |       3 |    <0.001 |    0 |  0.000 |      818 |      0.013 |      19 |    <0.001 |     12 |    0.054 |     0 |   0.000 |
|                 G_D_READOUT[0].G_ENABLED.u_d_lut                    |     0.004 |       3 |    <0.001 |    0 |  0.000 |      163 |      0.002 |     411 |     0.002 |      0 |    0.000 |     0 |   0.000 |
|                 G_D_READOUT[1].G_ENABLED.u_d_lut                    |     0.004 |       3 |    <0.001 |    0 |  0.000 |      163 |      0.002 |     411 |     0.002 |      0 |    0.000 |     0 |   0.000 |
|                 G_D_READOUT[2].G_ENABLED.u_d_lut                    |     0.004 |       3 |    <0.001 |    0 |  0.000 |      164 |      0.002 |     411 |     0.002 |      0 |    0.000 |     0 |   0.000 |
|                 G_D_READOUT[3].G_ENABLED.u_d_lut                    |     0.004 |       3 |    <0.001 |    0 |  0.000 |      163 |      0.002 |     411 |     0.002 |      0 |    0.000 |     0 |   0.000 |
|             u_spe_ssm                                               |     0.921 |       3 |     0.075 |    0 |  0.000 |    67415 |      0.279 |   57469 |     0.212 |     40 |    0.165 |   384 |   0.189 |
|               G0_FUSED.u                                            |     0.921 |       3 |     0.075 |    0 |  0.000 |    67415 |      0.279 |   57469 |     0.212 |     40 |    0.165 |   384 |   0.189 |
|                 GEN_CHANNEL_BANK[0].u_local_bank                    |     0.153 |       3 |     0.018 |    0 |  0.000 |    16062 |      0.049 |   13767 |     0.045 |      0 |    0.000 |    96 |   0.042 |
|                   GEN_STATE_SUBBANK[0].u_state_half                 |     0.080 |       3 |     0.009 |    0 |  0.000 |     7950 |      0.025 |    6771 |     0.024 |      0 |    0.000 |    48 |   0.023 |
|                     GEN_STATE_CELL[0].GEN_DSP_C_PRODUCT.u_c_product |     0.001 |       3 |    <0.001 |    0 |  0.000 |      143 |     <0.001 |     194 |    <0.001 |      0 |    0.000 |     1 |  <0.001 |
|                       u_ip                                          |     0.001 |       3 |    <0.001 |    0 |  0.000 |      143 |     <0.001 |     194 |    <0.001 |      0 |    0.000 |     1 |  <0.001 |
|                     GEN_STATE_CELL[0].u_fused_update                |     0.003 |       3 |    <0.001 |    0 |  0.000 |      674 |      0.001 |     431 |    <0.001 |      0 |    0.000 |     5 |   0.001 |
|                     GEN_STATE_CELL[1].GEN_DSP_C_PRODUCT.u_c_product |     0.002 |       3 |    <0.001 |    0 |  0.000 |      143 |     <0.001 |     194 |    <0.001 |      0 |    0.000 |     1 |  <0.001 |
|                       u_ip                                          |     0.002 |       3 |    <0.001 |    0 |  0.000 |      143 |     <0.001 |     194 |    <0.001 |      0 |    0.000 |     1 |  <0.001 |
|                     GEN_STATE_CELL[1].u_fused_update                |     0.007 |       3 |    <0.001 |    0 |  0.000 |      672 |      0.002 |     429 |     0.001 |      0 |    0.000 |     5 |   0.003 |
|                     GEN_STATE_CELL[2].GEN_DSP_C_PRODUCT.u_c_product |     0.001 |       3 |    <0.001 |    0 |  0.000 |      143 |     <0.001 |     194 |    <0.001 |      0 |    0.000 |     1 |  <0.001 |
|                       u_ip                                          |     0.001 |       3 |    <0.001 |    0 |  0.000 |      143 |     <0.001 |     194 |    <0.001 |      0 |    0.000 |     1 |  <0.001 |
|                     GEN_STATE_CELL[2].u_fused_update                |     0.007 |       3 |    <0.001 |    0 |  0.000 |      677 |      0.002 |     429 |     0.001 |      0 |    0.000 |     5 |   0.003 |
|                       u_abar_state_high                             |     0.001 |       3 |    <0.001 |    0 |  0.000 |       45 |     <0.001 |       2 |     0.000 |      0 |    0.000 |     1 |  <0.001 |
|                     GEN_STATE_CELL[3].u_fused_update                |     0.003 |       3 |    <0.001 |    0 |  0.000 |      674 |     <0.001 |     429 |    <0.001 |      0 |    0.000 |     5 |   0.001 |
|                     GEN_STATE_CELL[4].GEN_DSP_C_PRODUCT.u_c_product |     0.002 |       3 |    <0.001 |    0 |  0.000 |      143 |     <0.001 |     194 |    <0.001 |      0 |    0.000 |     1 |  <0.001 |
|                       u_ip                                          |     0.002 |       3 |    <0.001 |    0 |  0.000 |      143 |     <0.001 |     194 |    <0.001 |      0 |    0.000 |     1 |  <0.001 |
|                     GEN_STATE_CELL[4].u_fused_update                |     0.007 |       3 |    <0.001 |    0 |  0.000 |      673 |      0.002 |     429 |     0.001 |      0 |    0.000 |     5 |   0.003 |
|                     GEN_STATE_CELL[5].GEN_DSP_C_PRODUCT.u_c_product |     0.002 |       3 |    <0.001 |    0 |  0.000 |      143 |     <0.001 |     194 |    <0.001 |      0 |    0.000 |     1 |  <0.001 |
|                       u_ip                                          |     0.002 |       3 |    <0.001 |    0 |  0.000 |      143 |     <0.001 |     194 |    <0.001 |      0 |    0.000 |     1 |  <0.001 |
|                     GEN_STATE_CELL[5].u_fused_update                |     0.007 |       3 |    <0.001 |    0 |  0.000 |      675 |      0.003 |     429 |     0.001 |      0 |    0.000 |     5 |   0.003 |
|                     GEN_STATE_CELL[6].GEN_DSP_C_PRODUCT.u_c_product |     0.001 |       3 |    <0.001 |    0 |  0.000 |      143 |     <0.001 |     194 |    <0.001 |      0 |    0.000 |     1 |  <0.001 |
|                       u_ip                                          |     0.001 |       3 |    <0.001 |    0 |  0.000 |      143 |     <0.001 |     194 |    <0.001 |      0 |    0.000 |     1 |  <0.001 |
|                     GEN_STATE_CELL[6].u_fused_update                |     0.005 |       3 |    <0.001 |    0 |  0.000 |      674 |      0.002 |     429 |     0.001 |      0 |    0.000 |     5 |   0.002 |
|                     GEN_STATE_CELL[7].GEN_DSP_C_PRODUCT.u_c_product |     0.002 |       3 |    <0.001 |    0 |  0.000 |      143 |     <0.001 |     194 |    <0.001 |      0 |    0.000 |     1 |  <0.001 |
|                       u_ip                                          |     0.002 |       3 |    <0.001 |    0 |  0.000 |      143 |     <0.001 |     194 |    <0.001 |      0 |    0.000 |     1 |  <0.001 |
|                     GEN_STATE_CELL[7].u_fused_update                |     0.007 |       3 |    <0.001 |    0 |  0.000 |      687 |      0.003 |     441 |     0.001 |      0 |    0.000 |     5 |   0.003 |
|                     u_state_bank                                    |     0.014 |       3 |    <0.001 |    0 |  0.000 |      296 |      0.002 |     368 |     0.011 |      0 |    0.000 |     0 |   0.000 |
|                       GEN_LOCAL_SLICE[0].u_slice                    |     0.004 |       3 |    <0.001 |    0 |  0.000 |       76 |     <0.001 |      94 |     0.003 |      0 |    0.000 |     0 |   0.000 |
|                       GEN_LOCAL_SLICE[1].u_slice                    |     0.004 |       3 |    <0.001 |    0 |  0.000 |       73 |     <0.001 |      91 |     0.003 |      0 |    0.000 |     0 |   0.000 |
|                       GEN_LOCAL_SLICE[2].u_slice                    |     0.004 |       3 |    <0.001 |    0 |  0.000 |       73 |     <0.001 |      91 |     0.003 |      0 |    0.000 |     0 |   0.000 |
|                       GEN_LOCAL_SLICE[3].u_slice                    |     0.004 |       3 |    <0.001 |    0 |  0.000 |       74 |     <0.001 |      92 |     0.003 |      0 |    0.000 |     0 |   0.000 |
|                   GEN_STATE_SUBBANK[1].u_state_half                 |     0.072 |       3 |     0.009 |    0 |  0.000 |     7935 |      0.023 |    6771 |     0.021 |      0 |    0.000 |    48 |   0.019 |
|                     GEN_STATE_CELL[0].GEN_DSP_C_PRODUCT.u_c_product |     0.001 |       3 |    <0.001 |    0 |  0.000 |      143 |     <0.001 |     194 |    <0.001 |      0 |    0.000 |     1 |  <0.001 |
|                       u_ip                                          |     0.001 |       3 |    <0.001 |    0 |  0.000 |      143 |     <0.001 |     194 |    <0.001 |      0 |    0.000 |     1 |  <0.001 |
|                     GEN_STATE_CELL[0].u_fused_update                |     0.003 |       3 |    <0.001 |    0 |  0.000 |      675 |     <0.001 |     431 |    <0.001 |      0 |    0.000 |     5 |   0.002 |
|                     GEN_STATE_CELL[1].GEN_DSP_C_PRODUCT.u_c_product |     0.001 |       3 |    <0.001 |    0 |  0.000 |      143 |     <0.001 |     194 |    <0.001 |      0 |    0.000 |     1 |  <0.001 |
|                       u_ip                                          |     0.001 |       3 |    <0.001 |    0 |  0.000 |      143 |     <0.001 |     194 |    <0.001 |      0 |    0.000 |     1 |  <0.001 |
|                     GEN_STATE_CELL[1].u_fused_update                |     0.008 |       3 |    <0.001 |    0 |  0.000 |      675 |      0.004 |     429 |     0.001 |      0 |    0.000 |     5 |   0.003 |
|                       u_abar_state_high                             |     0.001 |       3 |    <0.001 |    0 |  0.000 |       45 |     <0.001 |       2 |     0.000 |      0 |    0.000 |     1 |  <0.001 |
|                       u_abar_state_low                              |     0.001 |       3 |    <0.001 |    0 |  0.000 |       45 |     <0.001 |       2 |     0.000 |      0 |    0.000 |     1 |  <0.001 |
|                     GEN_STATE_CELL[2].GEN_DSP_C_PRODUCT.u_c_product |     0.002 |       3 |    <0.001 |    0 |  0.000 |      143 |     <0.001 |     194 |    <0.001 |      0 |    0.000 |     1 |  <0.001 |
|                       u_ip                                          |     0.002 |       3 |    <0.001 |    0 |  0.000 |      143 |     <0.001 |     194 |    <0.001 |      0 |    0.000 |     1 |  <0.001 |
|                     GEN_STATE_CELL[2].u_fused_update                |     0.007 |       3 |    <0.001 |    0 |  0.000 |      669 |      0.003 |     429 |     0.001 |      0 |    0.000 |     5 |   0.003 |
|                       u_abar_state_high                             |     0.001 |       3 |    <0.001 |    0 |  0.000 |       45 |     <0.001 |       2 |     0.000 |      0 |    0.000 |     1 |  <0.001 |
|                     GEN_STATE_CELL[3].u_fused_update                |     0.003 |       3 |    <0.001 |    0 |  0.000 |      673 |     <0.001 |     429 |    <0.001 |      0 |    0.000 |     5 |   0.002 |
|                     GEN_STATE_CELL[4].GEN_DSP_C_PRODUCT.u_c_product |     0.001 |       3 |    <0.001 |    0 |  0.000 |      143 |     <0.001 |     194 |    <0.001 |      0 |    0.000 |     1 |  <0.001 |
|                       u_ip                                          |     0.001 |       3 |    <0.001 |    0 |  0.000 |      143 |     <0.001 |     194 |    <0.001 |      0 |    0.000 |     1 |  <0.001 |
|                     GEN_STATE_CELL[4].u_fused_update                |     0.003 |       3 |    <0.001 |    0 |  0.000 |      670 |      0.001 |     429 |    <0.001 |      0 |    0.000 |     5 |   0.001 |
|                     GEN_STATE_CELL[5].GEN_DSP_C_PRODUCT.u_c_product |     0.002 |       3 |    <0.001 |    0 |  0.000 |      143 |     <0.001 |     194 |    <0.001 |      0 |    0.000 |     1 |  <0.001 |
|                       u_ip                                          |     0.002 |       3 |    <0.001 |    0 |  0.000 |      143 |     <0.001 |     194 |    <0.001 |      0 |    0.000 |     1 |  <0.001 |
|                     GEN_STATE_CELL[5].u_fused_update                |     0.007 |       3 |    <0.001 |    0 |  0.000 |      672 |      0.003 |     429 |     0.001 |      0 |    0.000 |     5 |   0.002 |
|                     GEN_STATE_CELL[6].u_fused_update                |     0.003 |       3 |    <0.001 |    0 |  0.000 |      672 |     <0.001 |     429 |    <0.001 |      0 |    0.000 |     5 |   0.002 |
|                     GEN_STATE_CELL[7].u_fused_update                |     0.004 |       3 |    <0.001 |    0 |  0.000 |      685 |      0.001 |     441 |    <0.001 |      0 |    0.000 |     5 |   0.001 |
|                     u_state_bank                                    |     0.014 |       3 |    <0.001 |    0 |  0.000 |      296 |      0.002 |     368 |     0.011 |      0 |    0.000 |     0 |   0.000 |
|                       GEN_LOCAL_SLICE[0].u_slice                    |     0.004 |       3 |    <0.001 |    0 |  0.000 |       76 |     <0.001 |      94 |     0.003 |      0 |    0.000 |     0 |   0.000 |
|                       GEN_LOCAL_SLICE[1].u_slice                    |     0.004 |       3 |    <0.001 |    0 |  0.000 |       73 |     <0.001 |      91 |     0.003 |      0 |    0.000 |     0 |   0.000 |
|                       GEN_LOCAL_SLICE[2].u_slice                    |     0.004 |       3 |    <0.001 |    0 |  0.000 |       73 |     <0.001 |      91 |     0.003 |      0 |    0.000 |     0 |   0.000 |
|                       GEN_LOCAL_SLICE[3].u_slice                    |     0.004 |       3 |    <0.001 |    0 |  0.000 |       74 |     <0.001 |      92 |     0.003 |      0 |    0.000 |     0 |   0.000 |
|                 GEN_CHANNEL_BANK[1].u_local_bank                    |     0.190 |       3 |     0.018 |    0 |  0.000 |    16055 |      0.066 |   13767 |     0.055 |      0 |    0.000 |    96 |   0.052 |
|                   GEN_STATE_SUBBANK[0].u_state_half                 |     0.104 |       3 |     0.009 |    0 |  0.000 |     7934 |      0.038 |    6771 |     0.029 |      0 |    0.000 |    48 |   0.029 |
|                     GEN_STATE_CELL[0].GEN_DSP_C_PRODUCT.u_c_product |     0.002 |       3 |    <0.001 |    0 |  0.000 |      143 |     <0.001 |     194 |    <0.001 |      0 |    0.000 |     1 |  <0.001 |
|                       u_ip                                          |     0.002 |       3 |    <0.001 |    0 |  0.000 |      143 |     <0.001 |     194 |    <0.001 |      0 |    0.000 |     1 |  <0.001 |
|                     GEN_STATE_CELL[0].u_fused_update                |     0.004 |       3 |    <0.001 |    0 |  0.000 |      673 |      0.001 |     431 |    <0.001 |      0 |    0.000 |     5 |   0.002 |
|                     GEN_STATE_CELL[1].GEN_DSP_C_PRODUCT.u_c_product |     0.002 |       3 |    <0.001 |    0 |  0.000 |      143 |     <0.001 |     194 |    <0.001 |      0 |    0.000 |     1 |  <0.001 |
|                       u_ip                                          |     0.002 |       3 |    <0.001 |    0 |  0.000 |      143 |     <0.001 |     194 |    <0.001 |      0 |    0.000 |     1 |  <0.001 |
|                     GEN_STATE_CELL[1].u_fused_update                |     0.009 |       3 |    <0.001 |    0 |  0.000 |      671 |      0.003 |     429 |     0.002 |      0 |    0.000 |     5 |   0.003 |
|                       u_abar_state_high                             |     0.001 |       3 |    <0.001 |    0 |  0.000 |       45 |     <0.001 |       2 |     0.000 |      0 |    0.000 |     1 |  <0.001 |
|                       u_abar_state_low                              |     0.001 |       3 |    <0.001 |    0 |  0.000 |       45 |     <0.001 |       2 |     0.000 |      0 |    0.000 |     1 |  <0.001 |
|                     GEN_STATE_CELL[2].GEN_DSP_C_PRODUCT.u_c_product |     0.002 |       3 |    <0.001 |    0 |  0.000 |      143 |     <0.001 |     194 |    <0.001 |      0 |    0.000 |     1 |  <0.001 |
|                       u_ip                                          |     0.002 |       3 |    <0.001 |    0 |  0.000 |      143 |     <0.001 |     194 |    <0.001 |      0 |    0.000 |     1 |  <0.001 |
|                     GEN_STATE_CELL[2].u_fused_update                |     0.009 |       3 |    <0.001 |    0 |  0.000 |      673 |      0.003 |     429 |     0.002 |      0 |    0.000 |     5 |   0.004 |
|                       u_abar_state_high                             |     0.001 |       3 |    <0.001 |    0 |  0.000 |       45 |     <0.001 |       2 |     0.000 |      0 |    0.000 |     1 |  <0.001 |
|                       u_abar_state_low                              |     0.001 |       3 |    <0.001 |    0 |  0.000 |       45 |     <0.001 |       2 |     0.000 |      0 |    0.000 |     1 |  <0.001 |
|                     GEN_STATE_CELL[3].GEN_DSP_C_PRODUCT.u_c_product |     0.001 |       3 |    <0.001 |    0 |  0.000 |      143 |     <0.001 |     194 |    <0.001 |      0 |    0.000 |     1 |  <0.001 |
|                       u_ip                                          |     0.001 |       3 |    <0.001 |    0 |  0.000 |      143 |     <0.001 |     194 |    <0.001 |      0 |    0.000 |     1 |  <0.001 |
|                     GEN_STATE_CELL[3].u_fused_update                |     0.004 |       3 |    <0.001 |    0 |  0.000 |      673 |      0.001 |     429 |    <0.001 |      0 |    0.000 |     5 |   0.002 |
|                     GEN_STATE_CELL[4].GEN_DSP_C_PRODUCT.u_c_product |     0.002 |       3 |    <0.001 |    0 |  0.000 |      143 |     <0.001 |     194 |    <0.001 |      0 |    0.000 |     1 |  <0.001 |
|                       u_ip                                          |     0.002 |       3 |    <0.001 |    0 |  0.000 |      143 |     <0.001 |     194 |    <0.001 |      0 |    0.000 |     1 |  <0.001 |
|                     GEN_STATE_CELL[4].u_fused_update                |     0.010 |       3 |    <0.001 |    0 |  0.000 |      672 |      0.004 |     429 |     0.002 |      0 |    0.000 |     5 |   0.003 |
|                       u_abar_state_high                             |     0.001 |       3 |    <0.001 |    0 |  0.000 |       45 |     <0.001 |       2 |     0.000 |      0 |    0.000 |     1 |  <0.001 |
|                       u_abar_state_low                              |     0.001 |       3 |    <0.001 |    0 |  0.000 |       45 |     <0.001 |       2 |     0.000 |      0 |    0.000 |     1 |  <0.001 |
|                     GEN_STATE_CELL[5].GEN_DSP_C_PRODUCT.u_c_product |     0.002 |       3 |    <0.001 |    0 |  0.000 |      143 |     <0.001 |     194 |    <0.001 |      0 |    0.000 |     1 |  <0.001 |
|                       u_ip                                          |     0.002 |       3 |    <0.001 |    0 |  0.000 |      143 |     <0.001 |     194 |    <0.001 |      0 |    0.000 |     1 |  <0.001 |
|                     GEN_STATE_CELL[5].u_fused_update                |     0.011 |       3 |    <0.001 |    0 |  0.000 |      672 |      0.005 |     429 |     0.002 |      0 |    0.000 |     5 |   0.004 |
|                       u_abar_state_high                             |     0.002 |       3 |    <0.001 |    0 |  0.000 |       45 |     <0.001 |       2 |     0.000 |      0 |    0.000 |     1 |  <0.001 |
|                       u_abar_state_low                              |     0.001 |       3 |    <0.001 |    0 |  0.000 |       45 |     <0.001 |       2 |     0.000 |      0 |    0.000 |     1 |  <0.001 |
|                     GEN_STATE_CELL[6].GEN_DSP_C_PRODUCT.u_c_product |     0.002 |       3 |    <0.001 |    0 |  0.000 |      143 |     <0.001 |     194 |    <0.001 |      0 |    0.000 |     1 |  <0.001 |
|                       u_ip                                          |     0.002 |       3 |    <0.001 |    0 |  0.000 |      143 |     <0.001 |     194 |    <0.001 |      0 |    0.000 |     1 |  <0.001 |
|                     GEN_STATE_CELL[6].u_fused_update                |     0.007 |       3 |    <0.001 |    0 |  0.000 |      673 |      0.003 |     429 |     0.001 |      0 |    0.000 |     5 |   0.003 |
|                       u_abar_state_low                              |     0.001 |       3 |    <0.001 |    0 |  0.000 |       45 |     <0.001 |       2 |     0.000 |      0 |    0.000 |     1 |  <0.001 |
|                     GEN_STATE_CELL[7].GEN_DSP_C_PRODUCT.u_c_product |     0.002 |       3 |    <0.001 |    0 |  0.000 |      143 |     <0.001 |     194 |    <0.001 |      0 |    0.000 |     1 |  <0.001 |
|                       u_ip                                          |     0.002 |       3 |    <0.001 |    0 |  0.000 |      143 |     <0.001 |     194 |    <0.001 |      0 |    0.000 |     1 |  <0.001 |
|                     GEN_STATE_CELL[7].u_fused_update                |     0.010 |       3 |    <0.001 |    0 |  0.000 |      683 |      0.004 |     441 |     0.002 |      0 |    0.000 |     5 |   0.003 |
|                       u_abar_state_high                             |     0.001 |       3 |    <0.001 |    0 |  0.000 |       45 |     <0.001 |       2 |     0.000 |      0 |    0.000 |     1 |   0.001 |
|                       u_abar_state_low                              |     0.001 |       3 |    <0.001 |    0 |  0.000 |       45 |     <0.001 |       2 |     0.000 |      0 |    0.000 |     1 |  <0.001 |
|                     u_state_bank                                    |     0.015 |       3 |    <0.001 |    0 |  0.000 |      296 |      0.003 |     368 |     0.012 |      0 |    0.000 |     0 |   0.000 |
|                       GEN_LOCAL_SLICE[0].u_slice                    |     0.004 |       3 |    <0.001 |    0 |  0.000 |       76 |     <0.001 |      94 |     0.003 |      0 |    0.000 |     0 |   0.000 |
|                       GEN_LOCAL_SLICE[1].u_slice                    |     0.004 |       3 |    <0.001 |    0 |  0.000 |       73 |     <0.001 |      91 |     0.003 |      0 |    0.000 |     0 |   0.000 |
|                       GEN_LOCAL_SLICE[2].u_slice                    |     0.004 |       3 |    <0.001 |    0 |  0.000 |       73 |     <0.001 |      91 |     0.003 |      0 |    0.000 |     0 |   0.000 |
|                       GEN_LOCAL_SLICE[3].u_slice                    |     0.004 |       3 |    <0.001 |    0 |  0.000 |       74 |     <0.001 |      92 |     0.003 |      0 |    0.000 |     0 |   0.000 |
|                   GEN_STATE_SUBBANK[1].u_state_half                 |     0.085 |       3 |     0.009 |    0 |  0.000 |     7944 |      0.028 |    6771 |     0.025 |      0 |    0.000 |    48 |   0.023 |
|                     GEN_STATE_CELL[0].GEN_DSP_C_PRODUCT.u_c_product |     0.002 |       3 |    <0.001 |    0 |  0.000 |      143 |     <0.001 |     194 |    <0.001 |      0 |    0.000 |     1 |  <0.001 |
|                       u_ip                                          |     0.002 |       3 |    <0.001 |    0 |  0.000 |      143 |     <0.001 |     194 |    <0.001 |      0 |    0.000 |     1 |  <0.001 |
|                     GEN_STATE_CELL[0].u_fused_update                |     0.004 |       3 |    <0.001 |    0 |  0.000 |      676 |      0.001 |     431 |    <0.001 |      0 |    0.000 |     5 |   0.002 |
|                     GEN_STATE_CELL[1].GEN_DSP_C_PRODUCT.u_c_product |     0.002 |       3 |    <0.001 |    0 |  0.000 |      143 |     <0.001 |     194 |    <0.001 |      0 |    0.000 |     1 |  <0.001 |
|                       u_ip                                          |     0.002 |       3 |    <0.001 |    0 |  0.000 |      143 |     <0.001 |     194 |    <0.001 |      0 |    0.000 |     1 |  <0.001 |
|                     GEN_STATE_CELL[1].u_fused_update                |     0.009 |       3 |    <0.001 |    0 |  0.000 |      674 |      0.004 |     429 |     0.002 |      0 |    0.000 |     5 |   0.003 |
|                       u_abar_state_high                             |     0.001 |       3 |    <0.001 |    0 |  0.000 |       45 |     <0.001 |       2 |     0.000 |      0 |    0.000 |     1 |  <0.001 |
|                       u_abar_state_low                              |     0.001 |       3 |    <0.001 |    0 |  0.000 |       45 |     <0.001 |       2 |     0.000 |      0 |    0.000 |     1 |  <0.001 |
|                     GEN_STATE_CELL[2].GEN_DSP_C_PRODUCT.u_c_product |     0.002 |       3 |    <0.001 |    0 |  0.000 |      143 |     <0.001 |     194 |    <0.001 |      0 |    0.000 |     1 |  <0.001 |
|                       u_ip                                          |     0.002 |       3 |    <0.001 |    0 |  0.000 |      143 |     <0.001 |     194 |    <0.001 |      0 |    0.000 |     1 |  <0.001 |
|                     GEN_STATE_CELL[2].u_fused_update                |     0.009 |       3 |    <0.001 |    0 |  0.000 |      670 |      0.004 |     429 |     0.002 |      0 |    0.000 |     5 |   0.003 |
|                       u_abar_state_high                             |     0.001 |       3 |    <0.001 |    0 |  0.000 |       45 |     <0.001 |       2 |     0.000 |      0 |    0.000 |     1 |  <0.001 |
|                       u_abar_state_low                              |     0.001 |       3 |    <0.001 |    0 |  0.000 |       45 |     <0.001 |       2 |     0.000 |      0 |    0.000 |     1 |  <0.001 |
|                     GEN_STATE_CELL[3].GEN_DSP_C_PRODUCT.u_c_product |     0.001 |       3 |    <0.001 |    0 |  0.000 |      143 |     <0.001 |     194 |    <0.001 |      0 |    0.000 |     1 |  <0.001 |
|                       u_ip                                          |     0.001 |       3 |    <0.001 |    0 |  0.000 |      143 |     <0.001 |     194 |    <0.001 |      0 |    0.000 |     1 |  <0.001 |
|                     GEN_STATE_CELL[3].u_fused_update                |     0.004 |       3 |    <0.001 |    0 |  0.000 |      674 |      0.001 |     429 |    <0.001 |      0 |    0.000 |     5 |   0.002 |
|                     GEN_STATE_CELL[4].GEN_DSP_C_PRODUCT.u_c_product |     0.002 |       3 |    <0.001 |    0 |  0.000 |      143 |     <0.001 |     194 |    <0.001 |      0 |    0.000 |     1 |  <0.001 |
|                       u_ip                                          |     0.002 |       3 |    <0.001 |    0 |  0.000 |      143 |     <0.001 |     194 |    <0.001 |      0 |    0.000 |     1 |  <0.001 |
|                     GEN_STATE_CELL[4].u_fused_update                |     0.004 |       3 |    <0.001 |    0 |  0.000 |      673 |     <0.001 |     429 |    <0.001 |      0 |    0.000 |     5 |   0.002 |
|                     GEN_STATE_CELL[5].GEN_DSP_C_PRODUCT.u_c_product |     0.002 |       3 |    <0.001 |    0 |  0.000 |      143 |     <0.001 |     194 |    <0.001 |      0 |    0.000 |     1 |  <0.001 |
|                       u_ip                                          |     0.002 |       3 |    <0.001 |    0 |  0.000 |      143 |     <0.001 |     194 |    <0.001 |      0 |    0.000 |     1 |  <0.001 |
|                     GEN_STATE_CELL[5].u_fused_update                |     0.008 |       3 |    <0.001 |    0 |  0.000 |      674 |      0.003 |     429 |     0.002 |      0 |    0.000 |     5 |   0.003 |
|                       u_abar_state_high                             |     0.001 |       3 |    <0.001 |    0 |  0.000 |       45 |     <0.001 |       2 |     0.000 |      0 |    0.000 |     1 |  <0.001 |
|                       u_abar_state_low                              |     0.001 |       3 |    <0.001 |    0 |  0.000 |       45 |     <0.001 |       2 |     0.000 |      0 |    0.000 |     1 |  <0.001 |
|                     GEN_STATE_CELL[6].GEN_DSP_C_PRODUCT.u_c_product |     0.001 |       3 |    <0.001 |    0 |  0.000 |      143 |     <0.001 |     194 |    <0.001 |      0 |    0.000 |     1 |  <0.001 |
|                       u_ip                                          |     0.001 |       3 |    <0.001 |    0 |  0.000 |      143 |     <0.001 |     194 |    <0.001 |      0 |    0.000 |     1 |  <0.001 |
|                     GEN_STATE_CELL[6].u_fused_update                |     0.004 |       3 |    <0.001 |    0 |  0.000 |      673 |      0.001 |     429 |    <0.001 |      0 |    0.000 |     5 |   0.002 |
|                     GEN_STATE_CELL[7].GEN_DSP_C_PRODUCT.u_c_product |     0.001 |       3 |    <0.001 |    0 |  0.000 |      143 |     <0.001 |     194 |    <0.001 |      0 |    0.000 |     1 |  <0.001 |
|                       u_ip                                          |     0.001 |       3 |    <0.001 |    0 |  0.000 |      143 |     <0.001 |     194 |    <0.001 |      0 |    0.000 |     1 |  <0.001 |
|                     GEN_STATE_CELL[7].u_fused_update                |     0.004 |       3 |    <0.001 |    0 |  0.000 |      686 |      0.001 |     441 |    <0.001 |      0 |    0.000 |     5 |   0.002 |
|                     u_state_bank                                    |     0.014 |       3 |    <0.001 |    0 |  0.000 |      296 |      0.002 |     368 |     0.011 |      0 |    0.000 |     0 |   0.000 |
|                       GEN_LOCAL_SLICE[0].u_slice                    |     0.004 |       3 |    <0.001 |    0 |  0.000 |       76 |     <0.001 |      94 |     0.003 |      0 |    0.000 |     0 |   0.000 |
|                       GEN_LOCAL_SLICE[1].u_slice                    |     0.004 |       3 |    <0.001 |    0 |  0.000 |       73 |     <0.001 |      91 |     0.003 |      0 |    0.000 |     0 |   0.000 |
|                       GEN_LOCAL_SLICE[2].u_slice                    |     0.004 |       3 |    <0.001 |    0 |  0.000 |       73 |     <0.001 |      91 |     0.003 |      0 |    0.000 |     0 |   0.000 |
|                       GEN_LOCAL_SLICE[3].u_slice                    |     0.004 |       3 |    <0.001 |    0 |  0.000 |       74 |     <0.001 |      92 |     0.003 |      0 |    0.000 |     0 |   0.000 |
|                 GEN_CHANNEL_BANK[2].u_local_bank                    |     0.190 |       3 |     0.018 |    0 |  0.000 |    16076 |      0.065 |   13767 |     0.055 |      0 |    0.000 |    96 |   0.052 |
|                   GEN_STATE_SUBBANK[0].u_state_half                 |     0.103 |       3 |     0.009 |    0 |  0.000 |     7945 |      0.036 |    6771 |     0.029 |      0 |    0.000 |    48 |   0.029 |
|                     GEN_STATE_CELL[0].GEN_DSP_C_PRODUCT.u_c_product |     0.002 |       3 |    <0.001 |    0 |  0.000 |      143 |     <0.001 |     194 |    <0.001 |      0 |    0.000 |     1 |  <0.001 |
|                       u_ip                                          |     0.002 |       3 |    <0.001 |    0 |  0.000 |      143 |     <0.001 |     194 |    <0.001 |      0 |    0.000 |     1 |  <0.001 |
|                     GEN_STATE_CELL[0].u_fused_update                |     0.004 |       3 |    <0.001 |    0 |  0.000 |      674 |      0.001 |     431 |    <0.001 |      0 |    0.000 |     5 |   0.002 |
|                     GEN_STATE_CELL[1].GEN_DSP_C_PRODUCT.u_c_product |     0.002 |       3 |    <0.001 |    0 |  0.000 |      143 |     <0.001 |     194 |    <0.001 |      0 |    0.000 |     1 |   0.001 |
|                       u_ip                                          |     0.002 |       3 |    <0.001 |    0 |  0.000 |      143 |     <0.001 |     194 |    <0.001 |      0 |    0.000 |     1 |   0.001 |
|                     GEN_STATE_CELL[1].u_fused_update                |     0.009 |       3 |    <0.001 |    0 |  0.000 |      673 |      0.003 |     429 |     0.002 |      0 |    0.000 |     5 |   0.003 |
|                       u_abar_state_high                             |     0.001 |       3 |    <0.001 |    0 |  0.000 |       45 |     <0.001 |       2 |     0.000 |      0 |    0.000 |     1 |  <0.001 |
|                       u_abar_state_low                              |     0.001 |       3 |    <0.001 |    0 |  0.000 |       45 |     <0.001 |       2 |     0.000 |      0 |    0.000 |     1 |  <0.001 |
|                     GEN_STATE_CELL[2].GEN_DSP_C_PRODUCT.u_c_product |     0.002 |       3 |    <0.001 |    0 |  0.000 |      143 |     <0.001 |     194 |    <0.001 |      0 |    0.000 |     1 |  <0.001 |
|                       u_ip                                          |     0.002 |       3 |    <0.001 |    0 |  0.000 |      143 |     <0.001 |     194 |    <0.001 |      0 |    0.000 |     1 |  <0.001 |
|                     GEN_STATE_CELL[2].u_fused_update                |     0.009 |       3 |    <0.001 |    0 |  0.000 |      674 |      0.003 |     429 |     0.002 |      0 |    0.000 |     5 |   0.004 |
|                       u_abar_state_high                             |     0.001 |       3 |    <0.001 |    0 |  0.000 |       45 |     <0.001 |       2 |     0.000 |      0 |    0.000 |     1 |   0.001 |
|                       u_abar_state_low                              |     0.001 |       3 |    <0.001 |    0 |  0.000 |       45 |     <0.001 |       2 |     0.000 |      0 |    0.000 |     1 |   0.001 |
|                     GEN_STATE_CELL[3].GEN_DSP_C_PRODUCT.u_c_product |     0.001 |       3 |    <0.001 |    0 |  0.000 |      143 |     <0.001 |     194 |    <0.001 |      0 |    0.000 |     1 |  <0.001 |
|                       u_ip                                          |     0.001 |       3 |    <0.001 |    0 |  0.000 |      143 |     <0.001 |     194 |    <0.001 |      0 |    0.000 |     1 |  <0.001 |
|                     GEN_STATE_CELL[3].u_fused_update                |     0.004 |       3 |    <0.001 |    0 |  0.000 |      676 |      0.001 |     429 |    <0.001 |      0 |    0.000 |     5 |   0.002 |
|                     GEN_STATE_CELL[4].GEN_DSP_C_PRODUCT.u_c_product |     0.002 |       3 |    <0.001 |    0 |  0.000 |      143 |     <0.001 |     194 |    <0.001 |      0 |    0.000 |     1 |  <0.001 |
|                       u_ip                                          |     0.002 |       3 |    <0.001 |    0 |  0.000 |      143 |     <0.001 |     194 |    <0.001 |      0 |    0.000 |     1 |  <0.001 |
|                     GEN_STATE_CELL[4].u_fused_update                |     0.009 |       3 |    <0.001 |    0 |  0.000 |      670 |      0.004 |     429 |     0.002 |      0 |    0.000 |     5 |   0.003 |
|                       u_abar_state_high                             |     0.001 |       3 |    <0.001 |    0 |  0.000 |       45 |     <0.001 |       2 |     0.000 |      0 |    0.000 |     1 |  <0.001 |
|                       u_abar_state_low                              |     0.001 |       3 |    <0.001 |    0 |  0.000 |       45 |     <0.001 |       2 |     0.000 |      0 |    0.000 |     1 |  <0.001 |
|                     GEN_STATE_CELL[5].GEN_DSP_C_PRODUCT.u_c_product |     0.002 |       3 |    <0.001 |    0 |  0.000 |      143 |     <0.001 |     194 |    <0.001 |      0 |    0.000 |     1 |   0.001 |
|                       u_ip                                          |     0.002 |       3 |    <0.001 |    0 |  0.000 |      143 |     <0.001 |     194 |    <0.001 |      0 |    0.000 |     1 |   0.001 |
|                     GEN_STATE_CELL[5].u_fused_update                |     0.009 |       3 |    <0.001 |    0 |  0.000 |      674 |      0.003 |     429 |     0.002 |      0 |    0.000 |     5 |   0.003 |
|                       u_abar_state_high                             |     0.001 |       3 |    <0.001 |    0 |  0.000 |       45 |     <0.001 |       2 |     0.000 |      0 |    0.000 |     1 |  <0.001 |
|                       u_abar_state_low                              |     0.001 |       3 |    <0.001 |    0 |  0.000 |       45 |     <0.001 |       2 |     0.000 |      0 |    0.000 |     1 |  <0.001 |
|                     GEN_STATE_CELL[6].GEN_DSP_C_PRODUCT.u_c_product |     0.002 |       3 |    <0.001 |    0 |  0.000 |      143 |     <0.001 |     194 |    <0.001 |      0 |    0.000 |     1 |  <0.001 |
|                       u_ip                                          |     0.002 |       3 |    <0.001 |    0 |  0.000 |      143 |     <0.001 |     194 |    <0.001 |      0 |    0.000 |     1 |  <0.001 |
|                     GEN_STATE_CELL[6].u_fused_update                |     0.007 |       3 |    <0.001 |    0 |  0.000 |      672 |      0.002 |     429 |     0.001 |      0 |    0.000 |     5 |   0.003 |
|                     GEN_STATE_CELL[7].GEN_DSP_C_PRODUCT.u_c_product |     0.002 |       3 |    <0.001 |    0 |  0.000 |      143 |     <0.001 |     194 |    <0.001 |      0 |    0.000 |     1 |   0.001 |
|                       u_ip                                          |     0.002 |       3 |    <0.001 |    0 |  0.000 |      143 |     <0.001 |     194 |    <0.001 |      0 |    0.000 |     1 |   0.001 |
|                     GEN_STATE_CELL[7].u_fused_update                |     0.010 |       3 |    <0.001 |    0 |  0.000 |      688 |      0.004 |     441 |     0.002 |      0 |    0.000 |     5 |   0.003 |
|                       u_abar_state_high                             |     0.001 |       3 |    <0.001 |    0 |  0.000 |       45 |     <0.001 |       2 |     0.000 |      0 |    0.000 |     1 |  <0.001 |
|                       u_abar_state_low                              |     0.001 |       3 |    <0.001 |    0 |  0.000 |       45 |     <0.001 |       2 |     0.000 |      0 |    0.000 |     1 |  <0.001 |
|                     u_state_bank                                    |     0.015 |       3 |    <0.001 |    0 |  0.000 |      296 |      0.003 |     368 |     0.012 |      0 |    0.000 |     0 |   0.000 |
|                       GEN_LOCAL_SLICE[0].u_slice                    |     0.004 |       3 |    <0.001 |    0 |  0.000 |       76 |     <0.001 |      94 |     0.003 |      0 |    0.000 |     0 |   0.000 |
|                       GEN_LOCAL_SLICE[1].u_slice                    |     0.004 |       3 |    <0.001 |    0 |  0.000 |       73 |     <0.001 |      91 |     0.003 |      0 |    0.000 |     0 |   0.000 |
|                       GEN_LOCAL_SLICE[2].u_slice                    |     0.004 |       3 |    <0.001 |    0 |  0.000 |       73 |     <0.001 |      91 |     0.003 |      0 |    0.000 |     0 |   0.000 |
|                       GEN_LOCAL_SLICE[3].u_slice                    |     0.004 |       3 |    <0.001 |    0 |  0.000 |       74 |     <0.001 |      92 |     0.003 |      0 |    0.000 |     0 |   0.000 |
|                   GEN_STATE_SUBBANK[1].u_state_half                 |     0.085 |       3 |     0.009 |    0 |  0.000 |     7954 |      0.028 |    6771 |     0.025 |      0 |    0.000 |    48 |   0.023 |
|                     GEN_STATE_CELL[0].GEN_DSP_C_PRODUCT.u_c_product |     0.002 |       3 |    <0.001 |    0 |  0.000 |      143 |     <0.001 |     194 |    <0.001 |      0 |    0.000 |     1 |  <0.001 |
|                       u_ip                                          |     0.002 |       3 |    <0.001 |    0 |  0.000 |      143 |     <0.001 |     194 |    <0.001 |      0 |    0.000 |     1 |  <0.001 |
|                     GEN_STATE_CELL[0].u_fused_update                |     0.004 |       3 |    <0.001 |    0 |  0.000 |      676 |      0.001 |     431 |    <0.001 |      0 |    0.000 |     5 |   0.002 |
|                     GEN_STATE_CELL[1].GEN_DSP_C_PRODUCT.u_c_product |     0.002 |       3 |    <0.001 |    0 |  0.000 |      143 |     <0.001 |     194 |    <0.001 |      0 |    0.000 |     1 |  <0.001 |
|                       u_ip                                          |     0.002 |       3 |    <0.001 |    0 |  0.000 |      143 |     <0.001 |     194 |    <0.001 |      0 |    0.000 |     1 |  <0.001 |
|                     GEN_STATE_CELL[1].u_fused_update                |     0.009 |       3 |    <0.001 |    0 |  0.000 |      675 |      0.004 |     429 |     0.002 |      0 |    0.000 |     5 |   0.003 |
|                       u_abar_state_high                             |     0.001 |       3 |    <0.001 |    0 |  0.000 |       45 |     <0.001 |       2 |     0.000 |      0 |    0.000 |     1 |  <0.001 |
|                     GEN_STATE_CELL[2].GEN_DSP_C_PRODUCT.u_c_product |     0.003 |       3 |    <0.001 |    0 |  0.000 |      143 |     <0.001 |     194 |    <0.001 |      0 |    0.000 |     1 |   0.001 |
|                       u_ip                                          |     0.003 |       3 |    <0.001 |    0 |  0.000 |      143 |     <0.001 |     194 |    <0.001 |      0 |    0.000 |     1 |   0.001 |
|                     GEN_STATE_CELL[2].u_fused_update                |     0.010 |       3 |    <0.001 |    0 |  0.000 |      677 |      0.004 |     429 |     0.002 |      0 |    0.000 |     5 |   0.003 |
|                       u_abar_state_high                             |     0.001 |       3 |    <0.001 |    0 |  0.000 |       45 |     <0.001 |       2 |     0.000 |      0 |    0.000 |     1 |  <0.001 |
|                       u_abar_state_low                              |     0.001 |       3 |    <0.001 |    0 |  0.000 |       45 |     <0.001 |       2 |     0.000 |      0 |    0.000 |     1 |  <0.001 |
|                     GEN_STATE_CELL[3].GEN_DSP_C_PRODUCT.u_c_product |     0.001 |       3 |    <0.001 |    0 |  0.000 |      143 |     <0.001 |     194 |    <0.001 |      0 |    0.000 |     1 |  <0.001 |
|                       u_ip                                          |     0.001 |       3 |    <0.001 |    0 |  0.000 |      143 |     <0.001 |     194 |    <0.001 |      0 |    0.000 |     1 |  <0.001 |
|                     GEN_STATE_CELL[3].u_fused_update                |     0.004 |       3 |    <0.001 |    0 |  0.000 |      677 |      0.002 |     429 |    <0.001 |      0 |    0.000 |     5 |   0.002 |
|                     GEN_STATE_CELL[4].GEN_DSP_C_PRODUCT.u_c_product |     0.002 |       3 |    <0.001 |    0 |  0.000 |      143 |     <0.001 |     194 |    <0.001 |      0 |    0.000 |     1 |  <0.001 |
|                       u_ip                                          |     0.002 |       3 |    <0.001 |    0 |  0.000 |      143 |     <0.001 |     194 |    <0.001 |      0 |    0.000 |     1 |  <0.001 |
|                     GEN_STATE_CELL[4].u_fused_update                |     0.004 |       3 |    <0.001 |    0 |  0.000 |      669 |      0.001 |     429 |    <0.001 |      0 |    0.000 |     5 |   0.002 |
|                     GEN_STATE_CELL[5].GEN_DSP_C_PRODUCT.u_c_product |     0.002 |       3 |    <0.001 |    0 |  0.000 |      143 |     <0.001 |     194 |    <0.001 |      0 |    0.000 |     1 |  <0.001 |
|                       u_ip                                          |     0.002 |       3 |    <0.001 |    0 |  0.000 |      143 |     <0.001 |     194 |    <0.001 |      0 |    0.000 |     1 |  <0.001 |
|                     GEN_STATE_CELL[5].u_fused_update                |     0.008 |       3 |    <0.001 |    0 |  0.000 |      672 |      0.003 |     429 |     0.001 |      0 |    0.000 |     5 |   0.003 |
|                       u_abar_state_high                             |     0.001 |       3 |    <0.001 |    0 |  0.000 |       45 |     <0.001 |       2 |     0.000 |      0 |    0.000 |     1 |  <0.001 |
|                     GEN_STATE_CELL[6].GEN_DSP_C_PRODUCT.u_c_product |     0.001 |       3 |    <0.001 |    0 |  0.000 |      143 |     <0.001 |     194 |    <0.001 |      0 |    0.000 |     1 |  <0.001 |
|                       u_ip                                          |     0.001 |       3 |    <0.001 |    0 |  0.000 |      143 |     <0.001 |     194 |    <0.001 |      0 |    0.000 |     1 |  <0.001 |
|                     GEN_STATE_CELL[6].u_fused_update                |     0.004 |       3 |    <0.001 |    0 |  0.000 |      678 |      0.001 |     429 |    <0.001 |      0 |    0.000 |     5 |   0.002 |
|                     GEN_STATE_CELL[7].GEN_DSP_C_PRODUCT.u_c_product |     0.001 |       3 |    <0.001 |    0 |  0.000 |      143 |     <0.001 |     194 |    <0.001 |      0 |    0.000 |     1 |  <0.001 |
|                       u_ip                                          |     0.001 |       3 |    <0.001 |    0 |  0.000 |      143 |     <0.001 |     194 |    <0.001 |      0 |    0.000 |     1 |  <0.001 |
|                     GEN_STATE_CELL[7].u_fused_update                |     0.004 |       3 |    <0.001 |    0 |  0.000 |      686 |      0.001 |     441 |    <0.001 |      0 |    0.000 |     5 |   0.002 |
|                     u_state_bank                                    |     0.015 |       3 |    <0.001 |    0 |  0.000 |      296 |      0.002 |     368 |     0.011 |      0 |    0.000 |     0 |   0.000 |
|                       GEN_LOCAL_SLICE[0].u_slice                    |     0.004 |       3 |    <0.001 |    0 |  0.000 |       76 |     <0.001 |      94 |     0.003 |      0 |    0.000 |     0 |   0.000 |
|                       GEN_LOCAL_SLICE[1].u_slice                    |     0.004 |       3 |    <0.001 |    0 |  0.000 |       73 |     <0.001 |      91 |     0.003 |      0 |    0.000 |     0 |   0.000 |
|                       GEN_LOCAL_SLICE[2].u_slice                    |     0.004 |       3 |    <0.001 |    0 |  0.000 |       73 |     <0.001 |      91 |     0.003 |      0 |    0.000 |     0 |   0.000 |
|                       GEN_LOCAL_SLICE[3].u_slice                    |     0.003 |       3 |    <0.001 |    0 |  0.000 |       74 |     <0.001 |      92 |     0.003 |      0 |    0.000 |     0 |   0.000 |
|                 GEN_CHANNEL_BANK[3].u_local_bank                    |     0.170 |       3 |     0.018 |    0 |  0.000 |    16058 |      0.058 |   13767 |     0.050 |      0 |    0.000 |    96 |   0.044 |
|                   GEN_STATE_SUBBANK[0].u_state_half                 |     0.093 |       3 |     0.009 |    0 |  0.000 |     7945 |      0.033 |    6771 |     0.026 |      0 |    0.000 |    48 |   0.024 |
|                     GEN_STATE_CELL[0].GEN_DSP_C_PRODUCT.u_c_product |     0.002 |       3 |    <0.001 |    0 |  0.000 |      143 |     <0.001 |     194 |    <0.001 |      0 |    0.000 |     1 |  <0.001 |
|                       u_ip                                          |     0.002 |       3 |    <0.001 |    0 |  0.000 |      143 |     <0.001 |     194 |    <0.001 |      0 |    0.000 |     1 |  <0.001 |
|                     GEN_STATE_CELL[0].u_fused_update                |     0.003 |       3 |    <0.001 |    0 |  0.000 |      678 |      0.001 |     431 |    <0.001 |      0 |    0.000 |     5 |   0.001 |
|                     GEN_STATE_CELL[1].GEN_DSP_C_PRODUCT.u_c_product |     0.002 |       3 |    <0.001 |    0 |  0.000 |      143 |     <0.001 |     194 |    <0.001 |      0 |    0.000 |     1 |  <0.001 |
|                       u_ip                                          |     0.002 |       3 |    <0.001 |    0 |  0.000 |      143 |     <0.001 |     194 |    <0.001 |      0 |    0.000 |     1 |  <0.001 |
|                     GEN_STATE_CELL[1].u_fused_update                |     0.008 |       3 |    <0.001 |    0 |  0.000 |      674 |      0.003 |     429 |     0.002 |      0 |    0.000 |     5 |   0.003 |
|                       u_abar_state_high                             |     0.001 |       3 |    <0.001 |    0 |  0.000 |       45 |     <0.001 |       2 |     0.000 |      0 |    0.000 |     1 |  <0.001 |
|                       u_abar_state_low                              |     0.001 |       3 |    <0.001 |    0 |  0.000 |       45 |     <0.001 |       2 |     0.000 |      0 |    0.000 |     1 |  <0.001 |
|                     GEN_STATE_CELL[2].GEN_DSP_C_PRODUCT.u_c_product |     0.002 |       3 |    <0.001 |    0 |  0.000 |      143 |     <0.001 |     194 |    <0.001 |      0 |    0.000 |     1 |  <0.001 |
|                       u_ip                                          |     0.002 |       3 |    <0.001 |    0 |  0.000 |      143 |     <0.001 |     194 |    <0.001 |      0 |    0.000 |     1 |  <0.001 |
|                     GEN_STATE_CELL[2].u_fused_update                |     0.010 |       3 |    <0.001 |    0 |  0.000 |      673 |      0.005 |     429 |     0.002 |      0 |    0.000 |     5 |   0.003 |
|                       u_abar_state_high                             |     0.001 |       3 |    <0.001 |    0 |  0.000 |       45 |     <0.001 |       2 |     0.000 |      0 |    0.000 |     1 |  <0.001 |
|                       u_abar_state_low                              |     0.001 |       3 |    <0.001 |    0 |  0.000 |       45 |     <0.001 |       2 |     0.000 |      0 |    0.000 |     1 |  <0.001 |
|                     GEN_STATE_CELL[3].u_fused_update                |     0.003 |       3 |    <0.001 |    0 |  0.000 |      674 |     <0.001 |     429 |    <0.001 |      0 |    0.000 |     5 |   0.001 |
|                     GEN_STATE_CELL[4].GEN_DSP_C_PRODUCT.u_c_product |     0.002 |       3 |    <0.001 |    0 |  0.000 |      143 |     <0.001 |     194 |    <0.001 |      0 |    0.000 |     1 |  <0.001 |
|                       u_ip                                          |     0.002 |       3 |    <0.001 |    0 |  0.000 |      143 |     <0.001 |     194 |    <0.001 |      0 |    0.000 |     1 |  <0.001 |
|                     GEN_STATE_CELL[4].u_fused_update                |     0.008 |       3 |    <0.001 |    0 |  0.000 |      673 |      0.003 |     429 |     0.001 |      0 |    0.000 |     5 |   0.003 |
|                       u_abar_state_low                              |     0.001 |       3 |    <0.001 |    0 |  0.000 |       45 |     <0.001 |       2 |     0.000 |      0 |    0.000 |     1 |  <0.001 |
|                     GEN_STATE_CELL[5].GEN_DSP_C_PRODUCT.u_c_product |     0.002 |       3 |    <0.001 |    0 |  0.000 |      143 |     <0.001 |     194 |    <0.001 |      0 |    0.000 |     1 |  <0.001 |
|                       u_ip                                          |     0.002 |       3 |    <0.001 |    0 |  0.000 |      143 |     <0.001 |     194 |    <0.001 |      0 |    0.000 |     1 |  <0.001 |
|                     GEN_STATE_CELL[5].u_fused_update                |     0.008 |       3 |    <0.001 |    0 |  0.000 |      674 |      0.003 |     429 |     0.002 |      0 |    0.000 |     5 |   0.003 |
|                       u_abar_state_high                             |     0.001 |       3 |    <0.001 |    0 |  0.000 |       45 |     <0.001 |       2 |     0.000 |      0 |    0.000 |     1 |  <0.001 |
|                       u_abar_state_low                              |     0.001 |       3 |    <0.001 |    0 |  0.000 |       45 |     <0.001 |       2 |     0.000 |      0 |    0.000 |     1 |  <0.001 |
|                     GEN_STATE_CELL[6].GEN_DSP_C_PRODUCT.u_c_product |     0.002 |       3 |    <0.001 |    0 |  0.000 |      143 |     <0.001 |     194 |    <0.001 |      0 |    0.000 |     1 |  <0.001 |
|                       u_ip                                          |     0.002 |       3 |    <0.001 |    0 |  0.000 |      143 |     <0.001 |     194 |    <0.001 |      0 |    0.000 |     1 |  <0.001 |
|                     GEN_STATE_CELL[6].u_fused_update                |     0.006 |       3 |    <0.001 |    0 |  0.000 |      669 |      0.002 |     429 |     0.001 |      0 |    0.000 |     5 |   0.002 |
|                     GEN_STATE_CELL[7].GEN_DSP_C_PRODUCT.u_c_product |     0.002 |       3 |    <0.001 |    0 |  0.000 |      143 |     <0.001 |     194 |    <0.001 |      0 |    0.000 |     1 |  <0.001 |
|                       u_ip                                          |     0.002 |       3 |    <0.001 |    0 |  0.000 |      143 |     <0.001 |     194 |    <0.001 |      0 |    0.000 |     1 |  <0.001 |
|                     GEN_STATE_CELL[7].u_fused_update                |     0.008 |       3 |    <0.001 |    0 |  0.000 |      686 |      0.003 |     441 |     0.002 |      0 |    0.000 |     5 |   0.003 |
|                       u_abar_state_high                             |     0.001 |       3 |    <0.001 |    0 |  0.000 |       45 |     <0.001 |       2 |     0.000 |      0 |    0.000 |     1 |  <0.001 |
|                       u_abar_state_low                              |     0.001 |       3 |    <0.001 |    0 |  0.000 |       45 |     <0.001 |       2 |     0.000 |      0 |    0.000 |     1 |  <0.001 |
|                     u_state_bank                                    |     0.015 |       3 |    <0.001 |    0 |  0.000 |      296 |      0.002 |     368 |     0.011 |      0 |    0.000 |     0 |   0.000 |
|                       GEN_LOCAL_SLICE[0].u_slice                    |     0.004 |       3 |    <0.001 |    0 |  0.000 |       76 |     <0.001 |      94 |     0.003 |      0 |    0.000 |     0 |   0.000 |
|                       GEN_LOCAL_SLICE[1].u_slice                    |     0.004 |       3 |    <0.001 |    0 |  0.000 |       73 |     <0.001 |      91 |     0.003 |      0 |    0.000 |     0 |   0.000 |
|                       GEN_LOCAL_SLICE[2].u_slice                    |     0.004 |       3 |    <0.001 |    0 |  0.000 |       73 |     <0.001 |      91 |     0.003 |      0 |    0.000 |     0 |   0.000 |
|                       GEN_LOCAL_SLICE[3].u_slice                    |     0.004 |       3 |    <0.001 |    0 |  0.000 |       74 |     <0.001 |      92 |     0.003 |      0 |    0.000 |     0 |   0.000 |
|                   GEN_STATE_SUBBANK[1].u_state_half                 |     0.076 |       3 |     0.009 |    0 |  0.000 |     7936 |      0.024 |    6771 |     0.023 |      0 |    0.000 |    48 |   0.020 |
|                     GEN_STATE_CELL[0].GEN_DSP_C_PRODUCT.u_c_product |     0.001 |       3 |    <0.001 |    0 |  0.000 |      143 |     <0.001 |     194 |    <0.001 |      0 |    0.000 |     1 |  <0.001 |
|                       u_ip                                          |     0.001 |       3 |    <0.001 |    0 |  0.000 |      143 |     <0.001 |     194 |    <0.001 |      0 |    0.000 |     1 |  <0.001 |
|                     GEN_STATE_CELL[0].u_fused_update                |     0.003 |       3 |    <0.001 |    0 |  0.000 |      673 |     <0.001 |     431 |    <0.001 |      0 |    0.000 |     5 |   0.002 |
|                     GEN_STATE_CELL[1].GEN_DSP_C_PRODUCT.u_c_product |     0.002 |       3 |    <0.001 |    0 |  0.000 |      143 |     <0.001 |     194 |    <0.001 |      0 |    0.000 |     1 |  <0.001 |
|                       u_ip                                          |     0.002 |       3 |    <0.001 |    0 |  0.000 |      143 |     <0.001 |     194 |    <0.001 |      0 |    0.000 |     1 |  <0.001 |
|                     GEN_STATE_CELL[1].u_fused_update                |     0.008 |       3 |    <0.001 |    0 |  0.000 |      671 |      0.003 |     429 |     0.002 |      0 |    0.000 |     5 |   0.003 |
|                       u_abar_state_high                             |     0.001 |       3 |    <0.001 |    0 |  0.000 |       45 |     <0.001 |       2 |     0.000 |      0 |    0.000 |     1 |  <0.001 |
|                       u_abar_state_low                              |     0.001 |       3 |    <0.001 |    0 |  0.000 |       45 |     <0.001 |       2 |     0.000 |      0 |    0.000 |     1 |  <0.001 |
|                     GEN_STATE_CELL[2].GEN_DSP_C_PRODUCT.u_c_product |     0.002 |       3 |    <0.001 |    0 |  0.000 |      143 |     <0.001 |     194 |    <0.001 |      0 |    0.000 |     1 |  <0.001 |
|                       u_ip                                          |     0.002 |       3 |    <0.001 |    0 |  0.000 |      143 |     <0.001 |     194 |    <0.001 |      0 |    0.000 |     1 |  <0.001 |
|                     GEN_STATE_CELL[2].u_fused_update                |     0.008 |       3 |    <0.001 |    0 |  0.000 |      670 |      0.003 |     429 |     0.002 |      0 |    0.000 |     5 |   0.003 |
|                       u_abar_state_high                             |     0.001 |       3 |    <0.001 |    0 |  0.000 |       45 |     <0.001 |       2 |     0.000 |      0 |    0.000 |     1 |  <0.001 |
|                       u_abar_state_low                              |     0.001 |       3 |    <0.001 |    0 |  0.000 |       45 |     <0.001 |       2 |     0.000 |      0 |    0.000 |     1 |  <0.001 |
|                     GEN_STATE_CELL[3].u_fused_update                |     0.003 |       3 |    <0.001 |    0 |  0.000 |      669 |     <0.001 |     429 |    <0.001 |      0 |    0.000 |     5 |   0.002 |
|                     GEN_STATE_CELL[4].GEN_DSP_C_PRODUCT.u_c_product |     0.002 |       3 |    <0.001 |    0 |  0.000 |      143 |     <0.001 |     194 |    <0.001 |      0 |    0.000 |     1 |  <0.001 |
|                       u_ip                                          |     0.002 |       3 |    <0.001 |    0 |  0.000 |      143 |     <0.001 |     194 |    <0.001 |      0 |    0.000 |     1 |  <0.001 |
|                     GEN_STATE_CELL[4].u_fused_update                |     0.003 |       3 |    <0.001 |    0 |  0.000 |      675 |      0.001 |     429 |    <0.001 |      0 |    0.000 |     5 |   0.002 |
|                     GEN_STATE_CELL[5].GEN_DSP_C_PRODUCT.u_c_product |     0.002 |       3 |    <0.001 |    0 |  0.000 |      143 |     <0.001 |     194 |    <0.001 |      0 |    0.000 |     1 |  <0.001 |
|                       u_ip                                          |     0.002 |       3 |    <0.001 |    0 |  0.000 |      143 |     <0.001 |     194 |    <0.001 |      0 |    0.000 |     1 |  <0.001 |
|                     GEN_STATE_CELL[5].u_fused_update                |     0.007 |       3 |    <0.001 |    0 |  0.000 |      672 |      0.003 |     429 |     0.001 |      0 |    0.000 |     5 |   0.003 |
|                       u_abar_state_high                             |     0.001 |       3 |    <0.001 |    0 |  0.000 |       45 |     <0.001 |       2 |     0.000 |      0 |    0.000 |     1 |  <0.001 |
|                       u_abar_state_low                              |     0.001 |       3 |    <0.001 |    0 |  0.000 |       45 |     <0.001 |       2 |     0.000 |      0 |    0.000 |     1 |  <0.001 |
|                     GEN_STATE_CELL[6].u_fused_update                |     0.003 |       3 |    <0.001 |    0 |  0.000 |      675 |     <0.001 |     429 |    <0.001 |      0 |    0.000 |     5 |   0.002 |
|                     GEN_STATE_CELL[7].u_fused_update                |     0.004 |       3 |    <0.001 |    0 |  0.000 |      687 |      0.001 |     441 |    <0.001 |      0 |    0.000 |     5 |   0.002 |
|                     u_state_bank                                    |     0.014 |       3 |    <0.001 |    0 |  0.000 |      296 |      0.002 |     368 |     0.011 |      0 |    0.000 |     0 |   0.000 |
|                       GEN_LOCAL_SLICE[0].u_slice                    |     0.004 |       3 |    <0.001 |    0 |  0.000 |       76 |     <0.001 |      94 |     0.003 |      0 |    0.000 |     0 |   0.000 |
|                       GEN_LOCAL_SLICE[1].u_slice                    |     0.004 |       3 |    <0.001 |    0 |  0.000 |       73 |     <0.001 |      91 |     0.003 |      0 |    0.000 |     0 |   0.000 |
|                       GEN_LOCAL_SLICE[2].u_slice                    |     0.004 |       3 |    <0.001 |    0 |  0.000 |       73 |     <0.001 |      91 |     0.003 |      0 |    0.000 |     0 |   0.000 |
|                       GEN_LOCAL_SLICE[3].u_slice                    |     0.003 |       3 |    <0.001 |    0 |  0.000 |       74 |     <0.001 |      92 |     0.003 |      0 |    0.000 |     0 |   0.000 |
|                 G_D1_NONLINEAR.G_NATIVE_ROM.u_rom                   |     0.133 |       3 |    <0.001 |    0 |  0.000 |     1592 |      0.025 |       6 |     0.000 |     24 |    0.108 |     0 |   0.000 |
|                   u0                                                |     0.067 |       3 |    <0.001 |    0 |  0.000 |      796 |      0.013 |       3 |     0.000 |     12 |    0.054 |     0 |   0.000 |
|                   u1                                                |     0.066 |       3 |    <0.001 |    0 |  0.000 |      796 |      0.012 |       3 |     0.000 |     12 |    0.054 |     0 |   0.000 |
|                 G_D_READOUT[0].G_ENABLED.u_d_lut                    |     0.001 |       3 |    <0.001 |    0 |  0.000 |       55 |     <0.001 |     277 |    <0.001 |      0 |    0.000 |     0 |   0.000 |
|                 G_D_READOUT[1].G_ENABLED.u_d_lut                    |     0.002 |       3 |    <0.001 |    0 |  0.000 |       56 |     <0.001 |     277 |     0.001 |      0 |    0.000 |     0 |   0.000 |
|                 G_D_READOUT[2].G_ENABLED.u_d_lut                    |     0.004 |       3 |    <0.001 |    0 |  0.000 |      179 |      0.002 |     427 |     0.002 |      0 |    0.000 |     0 |   0.000 |
|                 G_D_READOUT[3].G_ENABLED.u_d_lut                    |     0.004 |       3 |    <0.001 |    0 |  0.000 |      179 |      0.002 |     428 |     0.002 |      0 |    0.000 |     0 |   0.000 |
|                 G_FRAME_RECORD_INPUT.u_b_record_bram                |     0.014 |       3 |    <0.001 |    0 |  0.000 |      128 |      0.001 |       4 |     0.000 |      4 |    0.013 |     0 |   0.000 |
|                   GEN_BRAM_1024.u_bram                              |     0.014 |       3 |    <0.001 |    0 |  0.000 |      128 |      0.001 |       4 |     0.000 |      4 |    0.013 |     0 |   0.000 |
|                     U0                                              |     0.014 |       3 |    <0.001 |    0 |  0.000 |      128 |      0.001 |       4 |     0.000 |      4 |    0.013 |     0 |   0.000 |
|                       inst_blk_mem_gen                              |     0.014 |       3 |    <0.001 |    0 |  0.000 |      128 |      0.001 |       4 |     0.000 |      4 |    0.013 |     0 |   0.000 |
|                 G_FRAME_RECORD_INPUT.u_c_record_bram                |     0.013 |       3 |    <0.001 |    0 |  0.000 |      128 |     <0.001 |       4 |     0.000 |      4 |    0.013 |     0 |   0.000 |
|                   GEN_BRAM_1024.u_bram                              |     0.013 |       3 |    <0.001 |    0 |  0.000 |      128 |     <0.001 |       4 |     0.000 |      4 |    0.013 |     0 |   0.000 |
|                     U0                                              |     0.013 |       3 |    <0.001 |    0 |  0.000 |      128 |     <0.001 |       4 |     0.000 |      4 |    0.013 |     0 |   0.000 |
|                       inst_blk_mem_gen                              |     0.013 |       3 |    <0.001 |    0 |  0.000 |      128 |     <0.001 |       4 |     0.000 |      4 |    0.013 |     0 |   0.000 |
|                 G_FRAME_RECORD_INPUT.u_dt_bram                      |     0.019 |       3 |    <0.001 |    0 |  0.000 |       96 |      0.003 |      36 |    <0.001 |      4 |    0.016 |     0 |   0.000 |
|                   u_bram                                            |     0.016 |       3 |    <0.001 |    0 |  0.000 |       64 |     <0.001 |       4 |     0.000 |      4 |    0.016 |     0 |   0.000 |
|                     U0                                              |     0.016 |       3 |    <0.001 |    0 |  0.000 |       64 |     <0.001 |       4 |     0.000 |      4 |    0.016 |     0 |   0.000 |
|                       inst_blk_mem_gen                              |     0.016 |       3 |    <0.001 |    0 |  0.000 |       64 |     <0.001 |       4 |     0.000 |      4 |    0.016 |     0 |   0.000 |
|                 G_FRAME_RECORD_INPUT.u_u_bram                       |     0.018 |       3 |    <0.001 |    0 |  0.000 |       96 |      0.002 |      36 |    <0.001 |      4 |    0.015 |     0 |   0.000 |
|                   u_bram                                            |     0.015 |       3 |    <0.001 |    0 |  0.000 |       64 |     <0.001 |       4 |     0.000 |      4 |    0.015 |     0 |   0.000 |
|                     U0                                              |     0.015 |       3 |    <0.001 |    0 |  0.000 |       64 |     <0.001 |       4 |     0.000 |      4 |    0.015 |     0 |   0.000 |
|                       inst_blk_mem_gen                              |     0.015 |       3 |    <0.001 |    0 |  0.000 |       64 |     <0.001 |       4 |     0.000 |      4 |    0.015 |     0 |   0.000 |
|           u_post_ssm                                                |     0.296 |       3 |     0.020 |    0 |  0.000 |    21902 |      0.078 |   22146 |     0.046 |     39 |    0.095 |   164 |   0.057 |
|             u_residual_fusion                                       |     0.018 |       3 |     0.002 |    0 |  0.000 |     1452 |      0.005 |    1569 |     0.002 |      6 |    0.009 |     0 |   0.000 |
|               u_block_residual                                      |     0.004 |       3 |    <0.001 |    0 |  0.000 |      458 |      0.003 |     556 |     0.001 |      0 |    0.000 |     0 |   0.000 |
|               u_fusion                                              |     0.004 |       3 |    <0.001 |    0 |  0.000 |      577 |      0.002 |     675 |     0.001 |      0 |    0.000 |     0 |   0.000 |
|               u_input_slot_bram                                     |     0.003 |       3 |    <0.001 |    0 |  0.000 |       65 |     <0.001 |       3 |    <0.001 |      2 |    0.003 |     0 |   0.000 |
|                 u_bram                                              |     0.003 |       3 |    <0.001 |    0 |  0.000 |       64 |     <0.001 |       2 |     0.000 |      2 |    0.003 |     0 |   0.000 |
|                   U0                                                |     0.003 |       3 |    <0.001 |    0 |  0.000 |       64 |     <0.001 |       2 |     0.000 |      2 |    0.003 |     0 |   0.000 |
|                     inst_blk_mem_gen                                |     0.003 |       3 |    <0.001 |    0 |  0.000 |       64 |     <0.001 |       2 |     0.000 |      2 |    0.003 |     0 |   0.000 |
|                       gnbram.gnativebmg.native_blk_mem_gen          |     0.003 |       3 |    <0.001 |    0 |  0.000 |       64 |     <0.001 |       2 |     0.000 |      2 |    0.003 |     0 |   0.000 |
|               u_spa_slot_bram                                       |     0.003 |       3 |    <0.001 |    0 |  0.000 |       64 |     <0.001 |       2 |     0.000 |      2 |    0.003 |     0 |   0.000 |
|                 u_bram                                              |     0.003 |       3 |    <0.001 |    0 |  0.000 |       64 |     <0.001 |       2 |     0.000 |      2 |    0.003 |     0 |   0.000 |
|                   U0                                                |     0.003 |       3 |    <0.001 |    0 |  0.000 |       64 |     <0.001 |       2 |     0.000 |      2 |    0.003 |     0 |   0.000 |
|                     inst_blk_mem_gen                                |     0.003 |       3 |    <0.001 |    0 |  0.000 |       64 |     <0.001 |       2 |     0.000 |      2 |    0.003 |     0 |   0.000 |
|                       gnbram.gnativebmg.native_blk_mem_gen          |     0.003 |       3 |    <0.001 |    0 |  0.000 |       64 |     <0.001 |       2 |     0.000 |      2 |    0.003 |     0 |   0.000 |
|               u_spe_slot_bram                                       |     0.003 |       3 |    <0.001 |    0 |  0.000 |       65 |     <0.001 |      51 |    <0.001 |      2 |    0.003 |     0 |   0.000 |
|                 u_bram                                              |     0.003 |       3 |    <0.001 |    0 |  0.000 |       64 |     <0.001 |       2 |     0.000 |      2 |    0.003 |     0 |   0.000 |
|                   U0                                                |     0.003 |       3 |    <0.001 |    0 |  0.000 |       64 |     <0.001 |       2 |     0.000 |      2 |    0.003 |     0 |   0.000 |
|                     inst_blk_mem_gen                                |     0.003 |       3 |    <0.001 |    0 |  0.000 |       64 |     <0.001 |       2 |     0.000 |      2 |    0.003 |     0 |   0.000 |
|                       gnbram.gnativebmg.native_blk_mem_gen          |     0.003 |       3 |    <0.001 |    0 |  0.000 |       64 |     <0.001 |       2 |     0.000 |      2 |    0.003 |     0 |   0.000 |
|             u_spa_out_proj                                          |     0.219 |       3 |     0.010 |    0 |  0.000 |     9446 |      0.059 |   10336 |     0.034 |     15 |    0.065 |    68 |   0.050 |
|               G0.u                                                  |     0.219 |       3 |     0.010 |    0 |  0.000 |     9446 |      0.059 |   10336 |     0.034 |     15 |    0.065 |    68 |   0.050 |
|                 G_O_PAIR[0].u_dot4_pair                             |     0.017 |       3 |    <0.001 |    0 |  0.000 |      429 |      0.005 |    1000 |     0.008 |      0 |    0.000 |     4 |   0.003 |
|                   G[0].u                                            |     0.001 |       3 |    <0.001 |    0 |  0.000 |       52 |     <0.001 |      29 |    <0.001 |      0 |    0.000 |     1 |  <0.001 |
|                   G[2].u                                            |     0.001 |       3 |    <0.001 |    0 |  0.000 |       52 |     <0.001 |      29 |    <0.001 |      0 |    0.000 |     1 |  <0.001 |
|                 G_O_PAIR[10].u_dot4_pair                            |     0.007 |       3 |    <0.001 |    0 |  0.000 |      357 |      0.002 |     386 |     0.001 |      0 |    0.000 |     4 |   0.003 |
|                   G[0].u                                            |     0.001 |       3 |    <0.001 |    0 |  0.000 |       52 |     <0.001 |      29 |    <0.001 |      0 |    0.000 |     1 |  <0.001 |
|                   G[1].u                                            |     0.001 |       3 |    <0.001 |    0 |  0.000 |       50 |     <0.001 |       7 |    <0.001 |      0 |    0.000 |     1 |  <0.001 |
|                 G_O_PAIR[11].u_dot4_pair                            |     0.007 |       3 |    <0.001 |    0 |  0.000 |      358 |      0.002 |     366 |     0.001 |      0 |    0.000 |     4 |   0.003 |
|                   G[0].u                                            |     0.001 |       3 |    <0.001 |    0 |  0.000 |       52 |     <0.001 |      29 |    <0.001 |      0 |    0.000 |     1 |  <0.001 |
|                   G[2].u                                            |     0.001 |       3 |    <0.001 |    0 |  0.000 |       52 |     <0.001 |      29 |    <0.001 |      0 |    0.000 |     1 |  <0.001 |
|                 G_O_PAIR[12].u_dot4_pair                            |     0.007 |       3 |    <0.001 |    0 |  0.000 |      357 |      0.002 |     388 |     0.002 |      0 |    0.000 |     4 |   0.003 |
|                   G[0].u                                            |     0.001 |       3 |    <0.001 |    0 |  0.000 |       52 |     <0.001 |      29 |    <0.001 |      0 |    0.000 |     1 |  <0.001 |
|                   G[2].u                                            |     0.001 |       3 |    <0.001 |    0 |  0.000 |       52 |     <0.001 |      29 |    <0.001 |      0 |    0.000 |     1 |  <0.001 |
|                 G_O_PAIR[13].u_dot4_pair                            |     0.007 |       3 |    <0.001 |    0 |  0.000 |      357 |      0.002 |     376 |     0.001 |      0 |    0.000 |     4 |   0.003 |
|                   G[0].u                                            |     0.001 |       3 |    <0.001 |    0 |  0.000 |       52 |     <0.001 |      29 |    <0.001 |      0 |    0.000 |     1 |  <0.001 |
|                   G[2].u                                            |     0.001 |       3 |    <0.001 |    0 |  0.000 |       52 |     <0.001 |      29 |    <0.001 |      0 |    0.000 |     1 |  <0.001 |
|                   G[3].u                                            |     0.001 |       3 |    <0.001 |    0 |  0.000 |       50 |     <0.001 |       7 |    <0.001 |      0 |    0.000 |     1 |  <0.001 |
|                 G_O_PAIR[14].u_dot4_pair                            |     0.007 |       3 |    <0.001 |    0 |  0.000 |      356 |      0.002 |     389 |     0.002 |      0 |    0.000 |     4 |   0.003 |
|                   G[0].u                                            |     0.001 |       3 |    <0.001 |    0 |  0.000 |       52 |     <0.001 |      29 |    <0.001 |      0 |    0.000 |     1 |  <0.001 |
|                   G[2].u                                            |     0.001 |       3 |    <0.001 |    0 |  0.000 |       52 |     <0.001 |      29 |    <0.001 |      0 |    0.000 |     1 |  <0.001 |
|                 G_O_PAIR[15].u_dot4_pair                            |     0.007 |       3 |    <0.001 |    0 |  0.000 |      358 |      0.002 |     374 |     0.001 |      0 |    0.000 |     4 |   0.003 |
|                 G_O_PAIR[1].u_dot4_pair                             |     0.008 |       3 |    <0.001 |    0 |  0.000 |      357 |      0.003 |     376 |     0.002 |      0 |    0.000 |     4 |   0.003 |
|                   G[0].u                                            |     0.001 |       3 |    <0.001 |    0 |  0.000 |       52 |     <0.001 |      29 |    <0.001 |      0 |    0.000 |     1 |  <0.001 |
|                   G[2].u                                            |     0.001 |       3 |    <0.001 |    0 |  0.000 |       52 |     <0.001 |      29 |    <0.001 |      0 |    0.000 |     1 |  <0.001 |
|                     u_dsp                                           |     0.001 |       3 |    <0.001 |    0 |  0.000 |       33 |     <0.001 |       2 |     0.000 |      0 |    0.000 |     1 |  <0.001 |
|                       U0                                            |     0.001 |       3 |    <0.001 |    0 |  0.000 |       33 |     <0.001 |       2 |     0.000 |      0 |    0.000 |     1 |  <0.001 |
|                 G_O_PAIR[2].u_dot4_pair                             |     0.007 |       3 |    <0.001 |    0 |  0.000 |      357 |      0.002 |     386 |     0.001 |      0 |    0.000 |     4 |   0.003 |
|                   G[2].u                                            |     0.001 |       3 |    <0.001 |    0 |  0.000 |       52 |     <0.001 |      29 |    <0.001 |      0 |    0.000 |     1 |  <0.001 |
|                     u_dsp                                           |     0.001 |       3 |    <0.001 |    0 |  0.000 |       33 |     <0.001 |       2 |     0.000 |      0 |    0.000 |     1 |  <0.001 |
|                       U0                                            |     0.001 |       3 |    <0.001 |    0 |  0.000 |       33 |     <0.001 |       2 |     0.000 |      0 |    0.000 |     1 |  <0.001 |
|                 G_O_PAIR[3].u_dot4_pair                             |     0.007 |       3 |    <0.001 |    0 |  0.000 |      357 |      0.002 |     372 |     0.001 |      0 |    0.000 |     4 |   0.003 |
|                   G[0].u                                            |     0.001 |       3 |    <0.001 |    0 |  0.000 |       52 |     <0.001 |      29 |    <0.001 |      0 |    0.000 |     1 |  <0.001 |
|                   G[2].u                                            |     0.001 |       3 |    <0.001 |    0 |  0.000 |       52 |     <0.001 |      29 |    <0.001 |      0 |    0.000 |     1 |  <0.001 |
|                 G_O_PAIR[4].u_dot4_pair                             |     0.007 |       3 |    <0.001 |    0 |  0.000 |      356 |      0.002 |     381 |     0.001 |      0 |    0.000 |     4 |   0.003 |
|                   G[0].u                                            |     0.001 |       3 |    <0.001 |    0 |  0.000 |       52 |     <0.001 |      29 |    <0.001 |      0 |    0.000 |     1 |  <0.001 |
|                     u_dsp                                           |     0.001 |       3 |    <0.001 |    0 |  0.000 |       33 |     <0.001 |       2 |     0.000 |      0 |    0.000 |     1 |  <0.001 |
|                       U0                                            |     0.001 |       3 |    <0.001 |    0 |  0.000 |       33 |     <0.001 |       2 |     0.000 |      0 |    0.000 |     1 |  <0.001 |
|                   G[1].u                                            |     0.001 |       3 |    <0.001 |    0 |  0.000 |       50 |     <0.001 |       7 |    <0.001 |      0 |    0.000 |     1 |  <0.001 |
|                     u_dsp                                           |     0.001 |       3 |    <0.001 |    0 |  0.000 |       33 |     <0.001 |       2 |     0.000 |      0 |    0.000 |     1 |  <0.001 |
|                       U0                                            |     0.001 |       3 |    <0.001 |    0 |  0.000 |       33 |     <0.001 |       2 |     0.000 |      0 |    0.000 |     1 |  <0.001 |
|                 G_O_PAIR[5].u_dot4_pair                             |     0.007 |       3 |    <0.001 |    0 |  0.000 |      356 |      0.002 |     370 |     0.001 |      0 |    0.000 |     4 |   0.003 |
|                   G[0].u                                            |     0.001 |       3 |    <0.001 |    0 |  0.000 |       52 |     <0.001 |      29 |    <0.001 |      0 |    0.000 |     1 |  <0.001 |
|                     u_dsp                                           |     0.001 |       3 |    <0.001 |    0 |  0.000 |       33 |     <0.001 |       2 |     0.000 |      0 |    0.000 |     1 |  <0.001 |
|                       U0                                            |     0.001 |       3 |    <0.001 |    0 |  0.000 |       33 |     <0.001 |       2 |     0.000 |      0 |    0.000 |     1 |  <0.001 |
|                   G[3].u                                            |     0.001 |       3 |    <0.001 |    0 |  0.000 |       50 |     <0.001 |       7 |    <0.001 |      0 |    0.000 |     1 |  <0.001 |
|                     u_dsp                                           |     0.001 |       3 |    <0.001 |    0 |  0.000 |       33 |     <0.001 |       2 |     0.000 |      0 |    0.000 |     1 |  <0.001 |
|                       U0                                            |     0.001 |       3 |    <0.001 |    0 |  0.000 |       33 |     <0.001 |       2 |     0.000 |      0 |    0.000 |     1 |  <0.001 |
|                 G_O_PAIR[6].u_dot4_pair                             |     0.008 |       3 |    <0.001 |    0 |  0.000 |      357 |      0.003 |     388 |     0.002 |      0 |    0.000 |     4 |   0.003 |
|                   G[0].u                                            |     0.001 |       3 |    <0.001 |    0 |  0.000 |       52 |     <0.001 |      29 |    <0.001 |      0 |    0.000 |     1 |  <0.001 |
|                   G[1].u                                            |     0.001 |       3 |    <0.001 |    0 |  0.000 |       50 |     <0.001 |       7 |    <0.001 |      0 |    0.000 |     1 |  <0.001 |
|                     u_dsp                                           |     0.001 |       3 |    <0.001 |    0 |  0.000 |       33 |     <0.001 |       2 |     0.000 |      0 |    0.000 |     1 |  <0.001 |
|                       U0                                            |     0.001 |       3 |    <0.001 |    0 |  0.000 |       33 |     <0.001 |       2 |     0.000 |      0 |    0.000 |     1 |  <0.001 |
|                   G[2].u                                            |     0.001 |       3 |    <0.001 |    0 |  0.000 |       52 |     <0.001 |      29 |    <0.001 |      0 |    0.000 |     1 |  <0.001 |
|                   G[3].u                                            |     0.001 |       3 |    <0.001 |    0 |  0.000 |       50 |     <0.001 |       7 |    <0.001 |      0 |    0.000 |     1 |  <0.001 |
|                     u_dsp                                           |     0.001 |       3 |    <0.001 |    0 |  0.000 |       33 |     <0.001 |       2 |     0.000 |      0 |    0.000 |     1 |  <0.001 |
|                       U0                                            |     0.001 |       3 |    <0.001 |    0 |  0.000 |       33 |     <0.001 |       2 |     0.000 |      0 |    0.000 |     1 |  <0.001 |
|                 G_O_PAIR[7].u_dot4_pair                             |     0.008 |       3 |    <0.001 |    0 |  0.000 |      357 |      0.003 |     375 |     0.001 |      0 |    0.000 |     4 |   0.003 |
|                   G[0].u                                            |     0.001 |       3 |    <0.001 |    0 |  0.000 |       52 |     <0.001 |      29 |    <0.001 |      0 |    0.000 |     1 |  <0.001 |
|                   G[1].u                                            |     0.001 |       3 |    <0.001 |    0 |  0.000 |       50 |     <0.001 |       7 |    <0.001 |      0 |    0.000 |     1 |  <0.001 |
|                     u_dsp                                           |     0.001 |       3 |    <0.001 |    0 |  0.000 |       33 |     <0.001 |       2 |     0.000 |      0 |    0.000 |     1 |  <0.001 |
|                       U0                                            |     0.001 |       3 |    <0.001 |    0 |  0.000 |       33 |     <0.001 |       2 |     0.000 |      0 |    0.000 |     1 |  <0.001 |
|                 G_O_PAIR[8].u_dot4_pair                             |     0.007 |       3 |    <0.001 |    0 |  0.000 |      357 |      0.002 |     388 |     0.002 |      0 |    0.000 |     4 |   0.003 |
|                   G[0].u                                            |     0.001 |       3 |    <0.001 |    0 |  0.000 |       52 |     <0.001 |      29 |    <0.001 |      0 |    0.000 |     1 |  <0.001 |
|                   G[1].u                                            |     0.001 |       3 |    <0.001 |    0 |  0.000 |       50 |     <0.001 |       7 |    <0.001 |      0 |    0.000 |     1 |  <0.001 |
|                   G[2].u                                            |     0.001 |       3 |    <0.001 |    0 |  0.000 |       52 |     <0.001 |      29 |    <0.001 |      0 |    0.000 |     1 |  <0.001 |
|                 G_O_PAIR[9].u_dot4_pair                             |     0.007 |       3 |    <0.001 |    0 |  0.000 |      356 |      0.002 |     370 |     0.001 |      0 |    0.000 |     4 |   0.003 |
|                   G[0].u                                            |     0.001 |       3 |    <0.001 |    0 |  0.000 |       52 |     <0.001 |      29 |    <0.001 |      0 |    0.000 |     1 |  <0.001 |
|                   G[1].u                                            |     0.001 |       3 |    <0.001 |    0 |  0.000 |       50 |     <0.001 |       7 |    <0.001 |      0 |    0.000 |     1 |  <0.001 |
|                     u_dsp                                           |     0.001 |       3 |    <0.001 |    0 |  0.000 |       33 |     <0.001 |       2 |     0.000 |      0 |    0.000 |     1 |  <0.001 |
|                       U0                                            |     0.001 |       3 |    <0.001 |    0 |  0.000 |       33 |     <0.001 |       2 |     0.000 |      0 |    0.000 |     1 |  <0.001 |
|                   G[2].u                                            |     0.001 |       3 |    <0.001 |    0 |  0.000 |       52 |     <0.001 |      29 |    <0.001 |      0 |    0.000 |     1 |  <0.001 |
|                 u_stream_weight_rom                                 |     0.076 |       3 |    <0.001 |    0 |  0.000 |     1024 |      0.010 |      30 |     0.000 |     15 |    0.065 |     0 |   0.000 |
|                   G0.u                                              |     0.076 |       3 |    <0.001 |    0 |  0.000 |     1024 |      0.010 |      30 |     0.000 |     15 |    0.065 |     0 |   0.000 |
|                     U0                                              |     0.076 |       3 |    <0.001 |    0 |  0.000 |     1024 |      0.010 |      30 |     0.000 |     15 |    0.065 |     0 |   0.000 |
|                       inst_blk_mem_gen                              |     0.076 |       3 |    <0.001 |    0 |  0.000 |     1024 |      0.010 |      30 |     0.000 |     15 |    0.065 |     0 |   0.000 |
|             u_spa_ssm_requant                                       |     0.010 |       3 |    <0.001 |    0 |  0.000 |     1558 |      0.004 |    1573 |     0.002 |      0 |    0.000 |    12 |   0.003 |
|               GEN_REQUANT[0].u_multiplier                           |     0.002 |       3 |    <0.001 |    0 |  0.000 |      230 |     <0.001 |      40 |    <0.001 |      0 |    0.000 |     3 |  <0.001 |
|                 U0                                                  |     0.002 |       3 |    <0.001 |    0 |  0.000 |      230 |     <0.001 |      40 |    <0.001 |      0 |    0.000 |     3 |  <0.001 |
|                   i_mult                                            |     0.002 |       3 |    <0.001 |    0 |  0.000 |      230 |     <0.001 |      40 |    <0.001 |      0 |    0.000 |     3 |  <0.001 |
|                     gDSP.gDSP_only.iDSP                             |     0.002 |       3 |    <0.001 |    0 |  0.000 |      230 |     <0.001 |      40 |    <0.001 |      0 |    0.000 |     3 |  <0.001 |
|               GEN_REQUANT[1].u_multiplier                           |     0.001 |       3 |    <0.001 |    0 |  0.000 |      230 |     <0.001 |      40 |    <0.001 |      0 |    0.000 |     3 |  <0.001 |
|                 U0                                                  |     0.001 |       3 |    <0.001 |    0 |  0.000 |      230 |     <0.001 |      40 |    <0.001 |      0 |    0.000 |     3 |  <0.001 |
|                   i_mult                                            |     0.001 |       3 |    <0.001 |    0 |  0.000 |      230 |     <0.001 |      40 |    <0.001 |      0 |    0.000 |     3 |  <0.001 |
|                     gDSP.gDSP_only.iDSP                             |     0.001 |       3 |    <0.001 |    0 |  0.000 |      230 |     <0.001 |      40 |    <0.001 |      0 |    0.000 |     3 |  <0.001 |
|               GEN_REQUANT[2].u_multiplier                           |     0.002 |       3 |    <0.001 |    0 |  0.000 |      230 |     <0.001 |      40 |    <0.001 |      0 |    0.000 |     3 |  <0.001 |
|                 U0                                                  |     0.002 |       3 |    <0.001 |    0 |  0.000 |      230 |     <0.001 |      40 |    <0.001 |      0 |    0.000 |     3 |  <0.001 |
|                   i_mult                                            |     0.002 |       3 |    <0.001 |    0 |  0.000 |      230 |     <0.001 |      40 |    <0.001 |      0 |    0.000 |     3 |  <0.001 |
|                     gDSP.gDSP_only.iDSP                             |     0.002 |       3 |    <0.001 |    0 |  0.000 |      230 |     <0.001 |      40 |    <0.001 |      0 |    0.000 |     3 |  <0.001 |
|               GEN_REQUANT[3].u_multiplier                           |     0.001 |       3 |    <0.001 |    0 |  0.000 |      230 |     <0.001 |      40 |    <0.001 |      0 |    0.000 |     3 |  <0.001 |
|                 U0                                                  |     0.001 |       3 |    <0.001 |    0 |  0.000 |      230 |     <0.001 |      40 |    <0.001 |      0 |    0.000 |     3 |  <0.001 |
|                   i_mult                                            |     0.001 |       3 |    <0.001 |    0 |  0.000 |      230 |     <0.001 |      40 |    <0.001 |      0 |    0.000 |     3 |  <0.001 |
|                     gDSP.gDSP_only.iDSP                             |     0.001 |       3 |    <0.001 |    0 |  0.000 |      230 |     <0.001 |      40 |    <0.001 |      0 |    0.000 |     3 |  <0.001 |
|             u_spe_out_proj                                          |     0.040 |       3 |     0.007 |    0 |  0.000 |     7892 |      0.006 |    7108 |     0.004 |     18 |    0.021 |    72 |   0.001 |
|               G0.u                                                  |     0.040 |       3 |     0.007 |    0 |  0.000 |     7892 |      0.006 |    7108 |     0.004 |     18 |    0.021 |    72 |   0.001 |
|                 u_dot                                               |     0.010 |       3 |     0.006 |    0 |  0.000 |     5418 |      0.003 |    5135 |     0.002 |      0 |    0.000 |    64 |  <0.001 |
|                 u_rom                                               |     0.021 |       3 |    <0.001 |    0 |  0.000 |     1192 |      0.000 |      37 |     0.000 |     18 |    0.021 |     0 |   0.000 |
|                   GEN0.u                                            |     0.021 |       3 |    <0.001 |    0 |  0.000 |     1192 |      0.000 |      36 |     0.000 |     18 |    0.021 |     0 |   0.000 |
|                     U0                                              |     0.021 |       3 |    <0.001 |    0 |  0.000 |     1192 |      0.000 |      36 |     0.000 |     18 |    0.021 |     0 |   0.000 |
|                       inst_blk_mem_gen                              |     0.021 |       3 |    <0.001 |    0 |  0.000 |     1192 |      0.000 |      36 |     0.000 |     18 |    0.021 |     0 |   0.000 |
|             u_spe_ssm_requant                                       |     0.010 |       3 |    <0.001 |    0 |  0.000 |     1549 |      0.004 |    1554 |     0.003 |      0 |    0.000 |    12 |   0.003 |
|               GEN_REQUANT[1].u_multiplier                           |     0.001 |       3 |    <0.001 |    0 |  0.000 |      230 |     <0.001 |      40 |    <0.001 |      0 |    0.000 |     3 |  <0.001 |
|                 U0                                                  |     0.001 |       3 |    <0.001 |    0 |  0.000 |      230 |     <0.001 |      40 |    <0.001 |      0 |    0.000 |     3 |  <0.001 |
|                   i_mult                                            |     0.001 |       3 |    <0.001 |    0 |  0.000 |      230 |     <0.001 |      40 |    <0.001 |      0 |    0.000 |     3 |  <0.001 |
|                     gDSP.gDSP_only.iDSP                             |     0.001 |       3 |    <0.001 |    0 |  0.000 |      230 |     <0.001 |      40 |    <0.001 |      0 |    0.000 |     3 |  <0.001 |
|               GEN_REQUANT[2].u_multiplier                           |     0.001 |       3 |    <0.001 |    0 |  0.000 |      230 |     <0.001 |      40 |    <0.001 |      0 |    0.000 |     3 |  <0.001 |
|                 U0                                                  |     0.001 |       3 |    <0.001 |    0 |  0.000 |      230 |     <0.001 |      40 |    <0.001 |      0 |    0.000 |     3 |  <0.001 |
|                   i_mult                                            |     0.001 |       3 |    <0.001 |    0 |  0.000 |      230 |     <0.001 |      40 |    <0.001 |      0 |    0.000 |     3 |  <0.001 |
|                     gDSP.gDSP_only.iDSP                             |     0.001 |       3 |    <0.001 |    0 |  0.000 |      230 |     <0.001 |      40 |    <0.001 |      0 |    0.000 |     3 |  <0.001 |
|               GEN_REQUANT[3].u_multiplier                           |     0.001 |       3 |    <0.001 |    0 |  0.000 |      230 |     <0.001 |      40 |    <0.001 |      0 |    0.000 |     3 |  <0.001 |
|                 U0                                                  |     0.001 |       3 |    <0.001 |    0 |  0.000 |      230 |     <0.001 |      40 |    <0.001 |      0 |    0.000 |     3 |  <0.001 |
|                   i_mult                                            |     0.001 |       3 |    <0.001 |    0 |  0.000 |      230 |     <0.001 |      40 |    <0.001 |      0 |    0.000 |     3 |  <0.001 |
|                     gDSP.gDSP_only.iDSP                             |     0.001 |       3 |    <0.001 |    0 |  0.000 |      230 |     <0.001 |      40 |    <0.001 |      0 |    0.000 |     3 |  <0.001 |
|       u_block1                                                      |     1.322 |       3 |     0.114 |    0 |  0.000 |    96453 |      0.231 |  101425 |     0.124 |    236 |    0.701 |   500 |   0.152 |
|         u_conv                                                      |     0.113 |       3 |     0.023 |    0 |  0.000 |    12398 |      0.013 |   22757 |     0.014 |     16 |    0.061 |    16 |   0.001 |
|           u_spa_conv1d                                              |     0.057 |       3 |     0.012 |    0 |  0.000 |     6207 |      0.007 |   11386 |     0.007 |      8 |    0.031 |     8 |  <0.001 |
|             u_param_rom                                             |     0.031 |       3 |    <0.001 |    0 |  0.000 |      424 |     <0.001 |      17 |     0.000 |      8 |    0.031 |     0 |   0.000 |
|               GEN1.u                                                |     0.031 |       3 |    <0.001 |    0 |  0.000 |      424 |     <0.001 |      16 |     0.000 |      8 |    0.031 |     0 |   0.000 |
|                 U0                                                  |     0.031 |       3 |    <0.001 |    0 |  0.000 |      424 |     <0.001 |      16 |     0.000 |      8 |    0.031 |     0 |   0.000 |
|                   inst_blk_mem_gen                                  |     0.031 |       3 |    <0.001 |    0 |  0.000 |      424 |     <0.001 |      16 |     0.000 |      8 |    0.031 |     0 |   0.000 |
|                     gnbram.gnativebmg.native_blk_mem_gen            |     0.031 |       3 |    <0.001 |    0 |  0.000 |      424 |     <0.001 |      16 |     0.000 |      8 |    0.031 |     0 |   0.000 |
|                       valid.cstr                                    |     0.031 |       3 |    <0.001 |    0 |  0.000 |      424 |     <0.001 |      16 |     0.000 |      8 |    0.031 |     0 |   0.000 |
|           u_spe_conv1d                                              |     0.056 |       3 |     0.012 |    0 |  0.000 |     6191 |      0.006 |   11371 |     0.007 |      8 |    0.031 |     8 |  <0.001 |
|             u_param_rom                                             |     0.031 |       3 |    <0.001 |    0 |  0.000 |      424 |     <0.001 |      17 |     0.000 |      8 |    0.031 |     0 |   0.000 |
|               GEN1.u                                                |     0.031 |       3 |    <0.001 |    0 |  0.000 |      424 |     <0.001 |      16 |     0.000 |      8 |    0.031 |     0 |   0.000 |
|                 U0                                                  |     0.031 |       3 |    <0.001 |    0 |  0.000 |      424 |     <0.001 |      16 |     0.000 |      8 |    0.031 |     0 |   0.000 |
|                   inst_blk_mem_gen                                  |     0.031 |       3 |    <0.001 |    0 |  0.000 |      424 |     <0.001 |      16 |     0.000 |      8 |    0.031 |     0 |   0.000 |
|                     gnbram.gnativebmg.native_blk_mem_gen            |     0.031 |       3 |    <0.001 |    0 |  0.000 |      424 |     <0.001 |      16 |     0.000 |      8 |    0.031 |     0 |   0.000 |
|                       valid.cstr                                    |     0.031 |       3 |    <0.001 |    0 |  0.000 |      424 |     <0.001 |      16 |     0.000 |      8 |    0.031 |     0 |   0.000 |
|         u_in                                                        |     0.082 |       3 |     0.008 |    0 |  0.000 |     7747 |      0.022 |    7158 |     0.009 |     26 |    0.028 |    44 |   0.016 |
|           G_DSP_PARALLEL.u                                          |     0.082 |       3 |     0.008 |    0 |  0.000 |     7747 |      0.022 |    7158 |     0.009 |     26 |    0.028 |    44 |   0.016 |
|             G_ROM2.p                                                |     0.006 |       3 |    <0.001 |    0 |  0.000 |      129 |     <0.001 |       5 |    <0.001 |      2 |    0.005 |     0 |   0.000 |
|               GEN_BLOCK1.u_rom                                      |     0.006 |       3 |    <0.001 |    0 |  0.000 |      128 |     <0.001 |       2 |     0.000 |      2 |    0.005 |     0 |   0.000 |
|                 U0                                                  |     0.006 |       3 |    <0.001 |    0 |  0.000 |      128 |     <0.001 |       2 |     0.000 |      2 |    0.005 |     0 |   0.000 |
|                   inst_blk_mem_gen                                  |     0.006 |       3 |    <0.001 |    0 |  0.000 |      128 |     <0.001 |       2 |     0.000 |      2 |    0.005 |     0 |   0.000 |
|                     gnbram.gnativebmg.native_blk_mem_gen            |     0.006 |       3 |    <0.001 |    0 |  0.000 |      128 |     <0.001 |       2 |     0.000 |      2 |    0.005 |     0 |   0.000 |
|                       valid.cstr                                    |     0.006 |       3 |    <0.001 |    0 |  0.000 |      128 |     <0.001 |       2 |     0.000 |      2 |    0.005 |     0 |   0.000 |
|             G_ROM2.s                                                |     0.022 |       3 |    <0.001 |    0 |  0.000 |      512 |      0.004 |      10 |     0.000 |      8 |    0.018 |     0 |   0.000 |
|               GEN_BLOCK1.u_rom                                      |     0.022 |       3 |    <0.001 |    0 |  0.000 |      512 |      0.004 |       8 |     0.000 |      8 |    0.018 |     0 |   0.000 |
|                 U0                                                  |     0.022 |       3 |    <0.001 |    0 |  0.000 |      512 |      0.004 |       8 |     0.000 |      8 |    0.018 |     0 |   0.000 |
|                   inst_blk_mem_gen                                  |     0.022 |       3 |    <0.001 |    0 |  0.000 |      512 |      0.004 |       8 |     0.000 |      8 |    0.018 |     0 |   0.000 |
|                     gnbram.gnativebmg.native_blk_mem_gen            |     0.022 |       3 |    <0.001 |    0 |  0.000 |      512 |      0.004 |       8 |     0.000 |      8 |    0.018 |     0 |   0.000 |
|                       valid.cstr                                    |     0.022 |       3 |    <0.001 |    0 |  0.000 |      512 |      0.004 |       8 |     0.000 |      8 |    0.018 |     0 |   0.000 |
|             G_SPLIT_INPUT_RAM.u_spa_input_ctx0                      |     0.001 |       3 |    <0.001 |    0 |  0.000 |      256 |     <0.001 |       4 |     0.000 |      4 |    0.001 |     0 |   0.000 |
|               U0                                                    |     0.001 |       3 |    <0.001 |    0 |  0.000 |      256 |     <0.001 |       4 |     0.000 |      4 |    0.001 |     0 |   0.000 |
|                 inst_blk_mem_gen                                    |     0.001 |       3 |    <0.001 |    0 |  0.000 |      256 |     <0.001 |       4 |     0.000 |      4 |    0.001 |     0 |   0.000 |
|                   gnbram.gnativebmg.native_blk_mem_gen              |     0.001 |       3 |    <0.001 |    0 |  0.000 |      256 |     <0.001 |       4 |     0.000 |      4 |    0.001 |     0 |   0.000 |
|                     valid.cstr                                      |     0.001 |       3 |    <0.001 |    0 |  0.000 |      256 |     <0.001 |       4 |     0.000 |      4 |    0.001 |     0 |   0.000 |
|             G_SPLIT_INPUT_RAM.u_spa_input_ctx1                      |     0.001 |       3 |    <0.001 |    0 |  0.000 |      256 |     <0.001 |       4 |     0.000 |      4 |    0.001 |     0 |   0.000 |
|               U0                                                    |     0.001 |       3 |    <0.001 |    0 |  0.000 |      256 |     <0.001 |       4 |     0.000 |      4 |    0.001 |     0 |   0.000 |
|                 inst_blk_mem_gen                                    |     0.001 |       3 |    <0.001 |    0 |  0.000 |      256 |     <0.001 |       4 |     0.000 |      4 |    0.001 |     0 |   0.000 |
|                   gnbram.gnativebmg.native_blk_mem_gen              |     0.001 |       3 |    <0.001 |    0 |  0.000 |      256 |     <0.001 |       4 |     0.000 |      4 |    0.001 |     0 |   0.000 |
|                     valid.cstr                                      |     0.001 |       3 |    <0.001 |    0 |  0.000 |      256 |     <0.001 |       4 |     0.000 |      4 |    0.001 |     0 |   0.000 |
|             G_SPLIT_INPUT_RAM.u_spe_input_ctx0                      |     0.001 |       3 |    <0.001 |    0 |  0.000 |      256 |     <0.001 |       4 |     0.000 |      4 |    0.001 |     0 |   0.000 |
|               U0                                                    |     0.001 |       3 |    <0.001 |    0 |  0.000 |      256 |     <0.001 |       4 |     0.000 |      4 |    0.001 |     0 |   0.000 |
|                 inst_blk_mem_gen                                    |     0.001 |       3 |    <0.001 |    0 |  0.000 |      256 |     <0.001 |       4 |     0.000 |      4 |    0.001 |     0 |   0.000 |
|                   gnbram.gnativebmg.native_blk_mem_gen              |     0.001 |       3 |    <0.001 |    0 |  0.000 |      256 |     <0.001 |       4 |     0.000 |      4 |    0.001 |     0 |   0.000 |
|                     valid.cstr                                      |     0.001 |       3 |    <0.001 |    0 |  0.000 |      256 |     <0.001 |       4 |     0.000 |      4 |    0.001 |     0 |   0.000 |
|             G_SPLIT_INPUT_RAM.u_spe_input_ctx1                      |     0.001 |       3 |    <0.001 |    0 |  0.000 |      256 |     <0.001 |       4 |     0.000 |      4 |    0.001 |     0 |   0.000 |
|               U0                                                    |     0.001 |       3 |    <0.001 |    0 |  0.000 |      256 |     <0.001 |       4 |     0.000 |      4 |    0.001 |     0 |   0.000 |
|                 inst_blk_mem_gen                                    |     0.001 |       3 |    <0.001 |    0 |  0.000 |      256 |     <0.001 |       4 |     0.000 |      4 |    0.001 |     0 |   0.000 |
|                   gnbram.gnativebmg.native_blk_mem_gen              |     0.001 |       3 |    <0.001 |    0 |  0.000 |      256 |     <0.001 |       4 |     0.000 |      4 |    0.001 |     0 |   0.000 |
|                     valid.cstr                                      |     0.001 |       3 |    <0.001 |    0 |  0.000 |      256 |     <0.001 |       4 |     0.000 |      4 |    0.001 |     0 |   0.000 |
|         u_pdt                                                       |     0.024 |       3 |     0.002 |    0 |  0.000 |     1562 |      0.001 |    2205 |     0.002 |      5 |    0.018 |    12 |  <0.001 |
|           u_param_rom                                               |     0.018 |       3 |    <0.001 |    0 |  0.000 |      232 |     <0.001 |      11 |     0.000 |      5 |    0.018 |     0 |   0.000 |
|             GEN1.u                                                  |     0.018 |       3 |    <0.001 |    0 |  0.000 |      232 |     <0.001 |      10 |     0.000 |      5 |    0.018 |     0 |   0.000 |
|               U0                                                    |     0.018 |       3 |    <0.001 |    0 |  0.000 |      232 |     <0.001 |      10 |     0.000 |      5 |    0.018 |     0 |   0.000 |
|                 inst_blk_mem_gen                                    |     0.018 |       3 |    <0.001 |    0 |  0.000 |      232 |     <0.001 |      10 |     0.000 |      5 |    0.018 |     0 |   0.000 |
|                   gnbram.gnativebmg.native_blk_mem_gen              |     0.018 |       3 |    <0.001 |    0 |  0.000 |      232 |     <0.001 |      10 |     0.000 |      5 |    0.018 |     0 |   0.000 |
|                     valid.cstr                                      |     0.018 |       3 |    <0.001 |    0 |  0.000 |      232 |     <0.001 |      10 |     0.000 |      5 |    0.018 |     0 |   0.000 |
|                       ramloop[0].ram.r                              |     0.002 |       3 |    <0.001 |    0 |  0.000 |       36 |     <0.001 |       2 |     0.000 |      1 |    0.002 |     0 |   0.000 |
|                       ramloop[1].ram.r                              |     0.004 |       3 |    <0.001 |    0 |  0.000 |       61 |     <0.001 |       2 |     0.000 |      1 |    0.004 |     0 |   0.000 |
|                       ramloop[2].ram.r                              |     0.004 |       3 |    <0.001 |    0 |  0.000 |       50 |     <0.001 |       2 |     0.000 |      1 |    0.004 |     0 |   0.000 |
|                       ramloop[3].ram.r                              |     0.004 |       3 |    <0.001 |    0 |  0.000 |       43 |     <0.001 |       2 |     0.000 |      1 |    0.004 |     0 |   0.000 |
|                       ramloop[4].ram.r                              |     0.004 |       3 |    <0.001 |    0 |  0.000 |       42 |     <0.001 |       2 |     0.000 |      1 |    0.004 |     0 |   0.000 |
|         u_px                                                        |     0.065 |       3 |     0.005 |    0 |  0.000 |     4702 |      0.015 |    4646 |     0.008 |     12 |    0.023 |    36 |   0.014 |
|           GS.u                                                      |     0.065 |       3 |     0.005 |    0 |  0.000 |     4702 |      0.015 |    4646 |     0.008 |     12 |    0.023 |    36 |   0.014 |
|             GEN_DOT16_FAST.G[0].u_dot                               |     0.012 |       3 |     0.001 |    0 |  0.000 |     1356 |      0.002 |    1256 |     0.002 |      0 |    0.000 |    16 |   0.007 |
|             GEN_DOT16_FAST.G[1].u_dot                               |     0.011 |       3 |     0.001 |    0 |  0.000 |     1352 |      0.002 |    1239 |     0.002 |      0 |    0.000 |    16 |   0.006 |
|             u_input_bram                                            |     0.002 |       3 |    <0.001 |    0 |  0.000 |      128 |     <0.001 |       4 |     0.000 |      4 |    0.002 |     0 |   0.000 |
|               U0                                                    |     0.002 |       3 |    <0.001 |    0 |  0.000 |      128 |     <0.001 |       4 |     0.000 |      4 |    0.002 |     0 |   0.000 |
|                 inst_blk_mem_gen                                    |     0.002 |       3 |    <0.001 |    0 |  0.000 |      128 |     <0.001 |       4 |     0.000 |      4 |    0.002 |     0 |   0.000 |
|                   gnbram.gnativebmg.native_blk_mem_gen              |     0.002 |       3 |    <0.001 |    0 |  0.000 |      128 |     <0.001 |       4 |     0.000 |      4 |    0.002 |     0 |   0.000 |
|                     valid.cstr                                      |     0.002 |       3 |    <0.001 |    0 |  0.000 |      128 |     <0.001 |       4 |     0.000 |      4 |    0.002 |     0 |   0.000 |
|             u_weight_rom                                            |     0.024 |       3 |    <0.001 |    0 |  0.000 |      512 |      0.003 |      10 |     0.000 |      8 |    0.021 |     0 |   0.000 |
|               GEN_BLOCK1.u_copy01                                   |     0.012 |       3 |    <0.001 |    0 |  0.000 |      256 |      0.001 |       4 |     0.000 |      4 |    0.011 |     0 |   0.000 |
|                 U0                                                  |     0.012 |       3 |    <0.001 |    0 |  0.000 |      256 |      0.001 |       4 |     0.000 |      4 |    0.011 |     0 |   0.000 |
|                   inst_blk_mem_gen                                  |     0.012 |       3 |    <0.001 |    0 |  0.000 |      256 |      0.001 |       4 |     0.000 |      4 |    0.011 |     0 |   0.000 |
|                     gnbram.gnativebmg.native_blk_mem_gen            |     0.012 |       3 |    <0.001 |    0 |  0.000 |      256 |      0.001 |       4 |     0.000 |      4 |    0.011 |     0 |   0.000 |
|                       valid.cstr                                    |     0.012 |       3 |    <0.001 |    0 |  0.000 |      256 |      0.001 |       4 |     0.000 |      4 |    0.011 |     0 |   0.000 |
|               GEN_BLOCK1.u_copy23                                   |     0.012 |       3 |    <0.001 |    0 |  0.000 |      256 |      0.001 |       4 |     0.000 |      4 |    0.011 |     0 |   0.000 |
|                 U0                                                  |     0.012 |       3 |    <0.001 |    0 |  0.000 |      256 |      0.001 |       4 |     0.000 |      4 |    0.011 |     0 |   0.000 |
|                   inst_blk_mem_gen                                  |     0.012 |       3 |    <0.001 |    0 |  0.000 |      256 |      0.001 |       4 |     0.000 |      4 |    0.011 |     0 |   0.000 |
|                     gnbram.gnativebmg.native_blk_mem_gen            |     0.012 |       3 |    <0.001 |    0 |  0.000 |      256 |      0.001 |       4 |     0.000 |      4 |    0.011 |     0 |   0.000 |
|                       valid.cstr                                    |     0.012 |       3 |    <0.001 |    0 |  0.000 |      256 |      0.001 |       4 |     0.000 |      4 |    0.011 |     0 |   0.000 |
|         u_sdt                                                       |     0.029 |       3 |     0.002 |    0 |  0.000 |     2019 |      0.001 |    2574 |     0.002 |      6 |    0.022 |    16 |  <0.001 |
|           u_param_rom                                               |     0.023 |       3 |    <0.001 |    0 |  0.000 |      296 |     <0.001 |      13 |     0.000 |      6 |    0.022 |     0 |   0.000 |
|             GEN1.u                                                  |     0.023 |       3 |    <0.001 |    0 |  0.000 |      296 |     <0.001 |      12 |     0.000 |      6 |    0.022 |     0 |   0.000 |
|               U0                                                    |     0.023 |       3 |    <0.001 |    0 |  0.000 |      296 |     <0.001 |      12 |     0.000 |      6 |    0.022 |     0 |   0.000 |
|                 inst_blk_mem_gen                                    |     0.023 |       3 |    <0.001 |    0 |  0.000 |      296 |     <0.001 |      12 |     0.000 |      6 |    0.022 |     0 |   0.000 |
|                   gnbram.gnativebmg.native_blk_mem_gen              |     0.023 |       3 |    <0.001 |    0 |  0.000 |      296 |     <0.001 |      12 |     0.000 |      6 |    0.022 |     0 |   0.000 |
|                     valid.cstr                                      |     0.023 |       3 |    <0.001 |    0 |  0.000 |      296 |     <0.001 |      12 |     0.000 |      6 |    0.022 |     0 |   0.000 |
|                       ramloop[0].ram.r                              |     0.002 |       3 |    <0.001 |    0 |  0.000 |       36 |     <0.001 |       2 |     0.000 |      1 |    0.002 |     0 |   0.000 |
|                       ramloop[1].ram.r                              |     0.004 |       3 |    <0.001 |    0 |  0.000 |       72 |     <0.001 |       2 |     0.000 |      1 |    0.004 |     0 |   0.000 |
|                       ramloop[2].ram.r                              |     0.004 |       3 |    <0.001 |    0 |  0.000 |       61 |     <0.001 |       2 |     0.000 |      1 |    0.004 |     0 |   0.000 |
|                       ramloop[3].ram.r                              |     0.004 |       3 |    <0.001 |    0 |  0.000 |       43 |     <0.001 |       2 |     0.000 |      1 |    0.004 |     0 |   0.000 |
|                       ramloop[4].ram.r                              |     0.004 |       3 |    <0.001 |    0 |  0.000 |       46 |     <0.001 |       2 |     0.000 |      1 |    0.004 |     0 |   0.000 |
|                       ramloop[5].ram.r                              |     0.004 |       3 |    <0.001 |    0 |  0.000 |       38 |     <0.001 |       2 |     0.000 |      1 |    0.004 |     0 |   0.000 |
|         u_sx                                                        |     0.129 |       3 |     0.007 |    0 |  0.000 |     8333 |      0.020 |    6607 |     0.011 |     40 |    0.076 |    36 |   0.016 |
|           GS.u                                                      |     0.129 |       3 |     0.007 |    0 |  0.000 |     8333 |      0.020 |    6607 |     0.011 |     40 |    0.076 |    36 |   0.016 |
|             G_BLOCK1_ROWS23.u_dot_rows23                            |     0.015 |       3 |     0.001 |    0 |  0.000 |     1352 |      0.003 |    1281 |     0.002 |      0 |    0.000 |    16 |   0.008 |
|             u_dot                                                   |     0.014 |       3 |     0.001 |    0 |  0.000 |     1365 |      0.003 |    1311 |     0.002 |      0 |    0.000 |    16 |   0.007 |
|             u_input_bram                                            |     0.003 |       3 |    <0.001 |    0 |  0.000 |      512 |     <0.001 |       8 |     0.000 |      8 |    0.003 |     0 |   0.000 |
|               U0                                                    |     0.003 |       3 |    <0.001 |    0 |  0.000 |      512 |     <0.001 |       8 |     0.000 |      8 |    0.003 |     0 |   0.000 |
|                 inst_blk_mem_gen                                    |     0.003 |       3 |    <0.001 |    0 |  0.000 |      512 |     <0.001 |       8 |     0.000 |      8 |    0.003 |     0 |   0.000 |
|                   gnbram.gnativebmg.native_blk_mem_gen              |     0.003 |       3 |    <0.001 |    0 |  0.000 |      512 |     <0.001 |       8 |     0.000 |      8 |    0.003 |     0 |   0.000 |
|                     valid.cstr                                      |     0.003 |       3 |    <0.001 |    0 |  0.000 |      512 |     <0.001 |       8 |     0.000 |      8 |    0.003 |     0 |   0.000 |
|             u_weight_rom                                            |     0.082 |       3 |    <0.001 |    0 |  0.000 |     2586 |      0.006 |     606 |     0.002 |     32 |    0.073 |     0 |   0.000 |
|               u0                                                    |     0.020 |       3 |    <0.001 |    0 |  0.000 |      646 |      0.001 |     151 |    <0.001 |      8 |    0.018 |     0 |   0.000 |
|                 GEN_BLOCK1.u_rom                                    |     0.019 |       3 |    <0.001 |    0 |  0.000 |      512 |     <0.001 |      16 |     0.000 |      8 |    0.018 |     0 |   0.000 |
|                   U0                                                |     0.019 |       3 |    <0.001 |    0 |  0.000 |      512 |     <0.001 |      16 |     0.000 |      8 |    0.018 |     0 |   0.000 |
|                     inst_blk_mem_gen                                |     0.019 |       3 |    <0.001 |    0 |  0.000 |      512 |     <0.001 |      16 |     0.000 |      8 |    0.018 |     0 |   0.000 |
|                       gnbram.gnativebmg.native_blk_mem_gen          |     0.019 |       3 |    <0.001 |    0 |  0.000 |      512 |     <0.001 |      16 |     0.000 |      8 |    0.018 |     0 |   0.000 |
|               u1                                                    |     0.021 |       3 |    <0.001 |    0 |  0.000 |      646 |      0.002 |     152 |    <0.001 |      8 |    0.018 |     0 |   0.000 |
|                 GEN_BLOCK1.u_rom                                    |     0.019 |       3 |    <0.001 |    0 |  0.000 |      512 |     <0.001 |      16 |     0.000 |      8 |    0.018 |     0 |   0.000 |
|                   U0                                                |     0.019 |       3 |    <0.001 |    0 |  0.000 |      512 |     <0.001 |      16 |     0.000 |      8 |    0.018 |     0 |   0.000 |
|                     inst_blk_mem_gen                                |     0.019 |       3 |    <0.001 |    0 |  0.000 |      512 |     <0.001 |      16 |     0.000 |      8 |    0.018 |     0 |   0.000 |
|                       gnbram.gnativebmg.native_blk_mem_gen          |     0.019 |       3 |    <0.001 |    0 |  0.000 |      512 |     <0.001 |      16 |     0.000 |      8 |    0.018 |     0 |   0.000 |
|               u2                                                    |     0.020 |       3 |    <0.001 |    0 |  0.000 |      647 |      0.001 |     152 |    <0.001 |      8 |    0.018 |     0 |   0.000 |
|                 GEN_BLOCK1.u_rom                                    |     0.019 |       3 |    <0.001 |    0 |  0.000 |      512 |     <0.001 |      16 |     0.000 |      8 |    0.018 |     0 |   0.000 |
|                   U0                                                |     0.019 |       3 |    <0.001 |    0 |  0.000 |      512 |     <0.001 |      16 |     0.000 |      8 |    0.018 |     0 |   0.000 |
|                     inst_blk_mem_gen                                |     0.019 |       3 |    <0.001 |    0 |  0.000 |      512 |     <0.001 |      16 |     0.000 |      8 |    0.018 |     0 |   0.000 |
|                       gnbram.gnativebmg.native_blk_mem_gen          |     0.019 |       3 |    <0.001 |    0 |  0.000 |      512 |     <0.001 |      16 |     0.000 |      8 |    0.018 |     0 |   0.000 |
|               u3                                                    |     0.021 |       3 |    <0.001 |    0 |  0.000 |      647 |      0.002 |     151 |    <0.001 |      8 |    0.018 |     0 |   0.000 |
|                 GEN_BLOCK1.u_rom                                    |     0.019 |       3 |    <0.001 |    0 |  0.000 |      512 |     <0.001 |      16 |     0.000 |      8 |    0.018 |     0 |   0.000 |
|                   U0                                                |     0.019 |       3 |    <0.001 |    0 |  0.000 |      512 |     <0.001 |      16 |     0.000 |      8 |    0.018 |     0 |   0.000 |
|                     inst_blk_mem_gen                                |     0.019 |       3 |    <0.001 |    0 |  0.000 |      512 |     <0.001 |      16 |     0.000 |      8 |    0.018 |     0 |   0.000 |
|                       gnbram.gnativebmg.native_blk_mem_gen          |     0.019 |       3 |    <0.001 |    0 |  0.000 |      512 |     <0.001 |      16 |     0.000 |      8 |    0.018 |     0 |   0.000 |
|         u_tail                                                      |     0.878 |       3 |     0.067 |    0 |  0.000 |    59335 |      0.158 |   55118 |     0.077 |    131 |    0.472 |   340 |   0.104 |
|           u_both_ssm                                                |     0.649 |       3 |     0.054 |    0 |  0.000 |    44997 |      0.125 |   41400 |     0.057 |     78 |    0.327 |   288 |   0.085 |
|             u_spa_ssm                                               |     0.290 |       3 |     0.018 |    0 |  0.000 |    14917 |      0.070 |   13698 |     0.027 |     26 |    0.130 |    96 |   0.044 |
|               GS_FUSED.u                                            |     0.290 |       3 |     0.018 |    0 |  0.000 |    14917 |      0.070 |   13698 |     0.027 |     26 |    0.130 |    96 |   0.044 |
|                 G_D1_NONLINEAR.G_NATIVE_ROM.u_rom                   |     0.034 |       3 |    <0.001 |    0 |  0.000 |      404 |      0.007 |       3 |     0.000 |      6 |    0.027 |     0 |   0.000 |
|                   u0                                                |     0.034 |       3 |    <0.001 |    0 |  0.000 |      404 |      0.007 |       3 |     0.000 |      6 |    0.027 |     0 |   0.000 |
|                 G_D_READOUT.u_d_lut                                 |     0.005 |       3 |    <0.001 |    0 |  0.000 |      251 |      0.002 |     538 |     0.002 |      0 |    0.000 |     0 |   0.000 |
|                 G_SCALED_BANKED.G_STATE_BANK[0].u_local_bank        |     0.053 |       3 |     0.004 |    0 |  0.000 |     3204 |      0.017 |    2881 |     0.005 |      2 |    0.016 |    24 |   0.011 |
|                   GEN_STATE[0].u_c_product                          |     0.002 |       3 |    <0.001 |    0 |  0.000 |      143 |     <0.001 |     194 |    <0.001 |      0 |    0.000 |     1 |  <0.001 |
|                     u_ip                                            |     0.002 |       3 |    <0.001 |    0 |  0.000 |      143 |     <0.001 |     194 |    <0.001 |      0 |    0.000 |     1 |  <0.001 |
|                       U0                                            |     0.002 |       3 |    <0.001 |    0 |  0.000 |      143 |     <0.001 |     194 |    <0.001 |      0 |    0.000 |     1 |  <0.001 |
|                   GEN_STATE[0].u_fused_update                       |     0.007 |       3 |    <0.001 |    0 |  0.000 |      479 |      0.003 |     346 |    <0.001 |      0 |    0.000 |     5 |   0.003 |
|                   GEN_STATE[1].u_c_product                          |     0.002 |       3 |    <0.001 |    0 |  0.000 |      143 |     <0.001 |     194 |    <0.001 |      0 |    0.000 |     1 |  <0.001 |
|                     u_ip                                            |     0.002 |       3 |    <0.001 |    0 |  0.000 |      143 |     <0.001 |     194 |    <0.001 |      0 |    0.000 |     1 |  <0.001 |
|                       U0                                            |     0.002 |       3 |    <0.001 |    0 |  0.000 |      143 |     <0.001 |     194 |    <0.001 |      0 |    0.000 |     1 |  <0.001 |
|                   GEN_STATE[1].u_fused_update                       |     0.005 |       3 |    <0.001 |    0 |  0.000 |      479 |      0.002 |     346 |    <0.001 |      0 |    0.000 |     5 |   0.002 |
|                   GEN_STATE[2].u_c_product                          |     0.001 |       3 |    <0.001 |    0 |  0.000 |      143 |     <0.001 |     194 |    <0.001 |      0 |    0.000 |     1 |  <0.001 |
|                     u_ip                                            |     0.001 |       3 |    <0.001 |    0 |  0.000 |      143 |     <0.001 |     194 |    <0.001 |      0 |    0.000 |     1 |  <0.001 |
|                       U0                                            |     0.001 |       3 |    <0.001 |    0 |  0.000 |      143 |     <0.001 |     194 |    <0.001 |      0 |    0.000 |     1 |  <0.001 |
|                   GEN_STATE[2].u_fused_update                       |     0.006 |       3 |    <0.001 |    0 |  0.000 |      479 |      0.003 |     346 |    <0.001 |      0 |    0.000 |     5 |   0.002 |
|                     u_abar_state_low                                |     0.001 |       3 |    <0.001 |    0 |  0.000 |       45 |     <0.001 |       2 |     0.000 |      0 |    0.000 |     1 |  <0.001 |
|                       U0                                            |     0.001 |       3 |    <0.001 |    0 |  0.000 |       45 |     <0.001 |       2 |     0.000 |      0 |    0.000 |     1 |  <0.001 |
|                   GEN_STATE[3].u_c_product                          |     0.002 |       3 |    <0.001 |    0 |  0.000 |      143 |     <0.001 |     194 |    <0.001 |      0 |    0.000 |     1 |  <0.001 |
|                     u_ip                                            |     0.002 |       3 |    <0.001 |    0 |  0.000 |      143 |     <0.001 |     194 |    <0.001 |      0 |    0.000 |     1 |  <0.001 |
|                       U0                                            |     0.002 |       3 |    <0.001 |    0 |  0.000 |      143 |     <0.001 |     194 |    <0.001 |      0 |    0.000 |     1 |  <0.001 |
|                   GEN_STATE[3].u_fused_update                       |     0.006 |       3 |    <0.001 |    0 |  0.000 |      480 |      0.003 |     346 |    <0.001 |      0 |    0.000 |     5 |   0.002 |
|                   G_BLOCK1_STATE_BRAM.u_state_bank                  |     0.018 |       3 |    <0.001 |    0 |  0.000 |      256 |      0.002 |     132 |    <0.001 |      2 |    0.016 |     0 |   0.000 |
|                     G_BRAM128_BANK[0].u_state_bank                  |     0.016 |       3 |    <0.001 |    0 |  0.000 |      128 |     <0.001 |       2 |     0.000 |      2 |    0.016 |     0 |   0.000 |
|                       U0                                            |     0.016 |       3 |    <0.001 |    0 |  0.000 |      128 |     <0.001 |       2 |     0.000 |      2 |    0.016 |     0 |   0.000 |
|                 G_SCALED_BANKED.G_STATE_BANK[1].u_local_bank        |     0.049 |       3 |     0.004 |    0 |  0.000 |     3205 |      0.013 |    2881 |     0.006 |      2 |    0.016 |    24 |   0.011 |
|                   GEN_STATE[0].u_c_product                          |     0.002 |       3 |    <0.001 |    0 |  0.000 |      143 |     <0.001 |     194 |    <0.001 |      0 |    0.000 |     1 |  <0.001 |
|                     u_ip                                            |     0.002 |       3 |    <0.001 |    0 |  0.000 |      143 |     <0.001 |     194 |    <0.001 |      0 |    0.000 |     1 |  <0.001 |
|                       U0                                            |     0.002 |       3 |    <0.001 |    0 |  0.000 |      143 |     <0.001 |     194 |    <0.001 |      0 |    0.000 |     1 |  <0.001 |
|                   GEN_STATE[0].u_fused_update                       |     0.005 |       3 |    <0.001 |    0 |  0.000 |      479 |      0.002 |     346 |    <0.001 |      0 |    0.000 |     5 |   0.002 |
|                   GEN_STATE[1].u_c_product                          |     0.002 |       3 |    <0.001 |    0 |  0.000 |      143 |     <0.001 |     194 |    <0.001 |      0 |    0.000 |     1 |  <0.001 |
|                     u_ip                                            |     0.002 |       3 |    <0.001 |    0 |  0.000 |      143 |     <0.001 |     194 |    <0.001 |      0 |    0.000 |     1 |  <0.001 |
|                       U0                                            |     0.002 |       3 |    <0.001 |    0 |  0.000 |      143 |     <0.001 |     194 |    <0.001 |      0 |    0.000 |     1 |  <0.001 |
|                   GEN_STATE[1].u_fused_update                       |     0.005 |       3 |    <0.001 |    0 |  0.000 |      480 |      0.002 |     346 |    <0.001 |      0 |    0.000 |     5 |   0.002 |
|                     u_abar_state_low                                |     0.001 |       3 |    <0.001 |    0 |  0.000 |       45 |     <0.001 |       2 |     0.000 |      0 |    0.000 |     1 |  <0.001 |
|                       U0                                            |     0.001 |       3 |    <0.001 |    0 |  0.000 |       45 |     <0.001 |       2 |     0.000 |      0 |    0.000 |     1 |  <0.001 |
|                   GEN_STATE[2].u_c_product                          |     0.001 |       3 |    <0.001 |    0 |  0.000 |      143 |     <0.001 |     194 |    <0.001 |      0 |    0.000 |     1 |  <0.001 |
|                     u_ip                                            |     0.001 |       3 |    <0.001 |    0 |  0.000 |      143 |     <0.001 |     194 |    <0.001 |      0 |    0.000 |     1 |  <0.001 |
|                       U0                                            |     0.001 |       3 |    <0.001 |    0 |  0.000 |      143 |     <0.001 |     194 |    <0.001 |      0 |    0.000 |     1 |  <0.001 |
|                   GEN_STATE[2].u_fused_update                       |     0.004 |       3 |    <0.001 |    0 |  0.000 |      479 |      0.001 |     346 |    <0.001 |      0 |    0.000 |     5 |   0.002 |
|                   GEN_STATE[3].u_c_product                          |     0.002 |       3 |    <0.001 |    0 |  0.000 |      143 |     <0.001 |     194 |    <0.001 |      0 |    0.000 |     1 |  <0.001 |
|                     u_ip                                            |     0.002 |       3 |    <0.001 |    0 |  0.000 |      143 |     <0.001 |     194 |    <0.001 |      0 |    0.000 |     1 |  <0.001 |
|                       U0                                            |     0.002 |       3 |    <0.001 |    0 |  0.000 |      143 |     <0.001 |     194 |    <0.001 |      0 |    0.000 |     1 |  <0.001 |
|                   GEN_STATE[3].u_fused_update                       |     0.007 |       3 |    <0.001 |    0 |  0.000 |      480 |      0.002 |     346 |    <0.001 |      0 |    0.000 |     5 |   0.003 |
|                   G_BLOCK1_STATE_BRAM.u_state_bank                  |     0.017 |       3 |    <0.001 |    0 |  0.000 |      256 |      0.001 |     132 |    <0.001 |      2 |    0.016 |     0 |   0.000 |
|                     G_BRAM128_BANK[0].u_state_bank                  |     0.016 |       3 |    <0.001 |    0 |  0.000 |      128 |     <0.001 |       2 |     0.000 |      2 |    0.016 |     0 |   0.000 |
|                       U0                                            |     0.016 |       3 |    <0.001 |    0 |  0.000 |      128 |     <0.001 |       2 |     0.000 |      2 |    0.016 |     0 |   0.000 |
|                 G_SCALED_BANKED.G_STATE_BANK[2].u_local_bank        |     0.049 |       3 |     0.004 |    0 |  0.000 |     3206 |      0.012 |    2881 |     0.006 |      2 |    0.016 |    24 |   0.012 |
|                   GEN_STATE[0].u_c_product                          |     0.001 |       3 |    <0.001 |    0 |  0.000 |      143 |     <0.001 |     194 |    <0.001 |      0 |    0.000 |     1 |  <0.001 |
|                     u_ip                                            |     0.001 |       3 |    <0.001 |    0 |  0.000 |      143 |     <0.001 |     194 |    <0.001 |      0 |    0.000 |     1 |  <0.001 |
|                       U0                                            |     0.001 |       3 |    <0.001 |    0 |  0.000 |      143 |     <0.001 |     194 |    <0.001 |      0 |    0.000 |     1 |  <0.001 |
|                   GEN_STATE[0].u_fused_update                       |     0.004 |       3 |    <0.001 |    0 |  0.000 |      479 |      0.001 |     346 |    <0.001 |      0 |    0.000 |     5 |   0.002 |
|                   GEN_STATE[1].u_c_product                          |     0.002 |       3 |    <0.001 |    0 |  0.000 |      143 |     <0.001 |     194 |    <0.001 |      0 |    0.000 |     1 |  <0.001 |
|                     u_ip                                            |     0.002 |       3 |    <0.001 |    0 |  0.000 |      143 |     <0.001 |     194 |    <0.001 |      0 |    0.000 |     1 |  <0.001 |
|                       U0                                            |     0.002 |       3 |    <0.001 |    0 |  0.000 |      143 |     <0.001 |     194 |    <0.001 |      0 |    0.000 |     1 |  <0.001 |
|                   GEN_STATE[1].u_fused_update                       |     0.005 |       3 |    <0.001 |    0 |  0.000 |      480 |      0.002 |     346 |    <0.001 |      0 |    0.000 |     5 |   0.002 |
|                   GEN_STATE[2].u_c_product                          |     0.002 |       3 |    <0.001 |    0 |  0.000 |      143 |     <0.001 |     194 |    <0.001 |      0 |    0.000 |     1 |  <0.001 |
|                     u_ip                                            |     0.002 |       3 |    <0.001 |    0 |  0.000 |      143 |     <0.001 |     194 |    <0.001 |      0 |    0.000 |     1 |  <0.001 |
|                       U0                                            |     0.002 |       3 |    <0.001 |    0 |  0.000 |      143 |     <0.001 |     194 |    <0.001 |      0 |    0.000 |     1 |  <0.001 |
|                   GEN_STATE[2].u_fused_update                       |     0.005 |       3 |    <0.001 |    0 |  0.000 |      480 |      0.002 |     346 |    <0.001 |      0 |    0.000 |     5 |   0.002 |
|                   GEN_STATE[3].u_c_product                          |     0.002 |       3 |    <0.001 |    0 |  0.000 |      143 |     <0.001 |     194 |    <0.001 |      0 |    0.000 |     1 |  <0.001 |
|                     u_ip                                            |     0.002 |       3 |    <0.001 |    0 |  0.000 |      143 |     <0.001 |     194 |    <0.001 |      0 |    0.000 |     1 |  <0.001 |
|                       U0                                            |     0.002 |       3 |    <0.001 |    0 |  0.000 |      143 |     <0.001 |     194 |    <0.001 |      0 |    0.000 |     1 |  <0.001 |
|                   GEN_STATE[3].u_fused_update                       |     0.006 |       3 |    <0.001 |    0 |  0.000 |      480 |      0.002 |     346 |    <0.001 |      0 |    0.000 |     5 |   0.003 |
|                   G_BLOCK1_STATE_BRAM.u_state_bank                  |     0.017 |       3 |    <0.001 |    0 |  0.000 |      256 |      0.001 |     132 |    <0.001 |      2 |    0.016 |     0 |   0.000 |
|                     G_BRAM128_BANK[0].u_state_bank                  |     0.016 |       3 |    <0.001 |    0 |  0.000 |      128 |     <0.001 |       2 |     0.000 |      2 |    0.016 |     0 |   0.000 |
|                       U0                                            |     0.016 |       3 |    <0.001 |    0 |  0.000 |      128 |     <0.001 |       2 |     0.000 |      2 |    0.016 |     0 |   0.000 |
|                 G_SCALED_BANKED.G_STATE_BANK[3].u_local_bank        |     0.048 |       3 |     0.004 |    0 |  0.000 |     3206 |      0.012 |    2881 |     0.006 |      2 |    0.016 |    24 |   0.011 |
|                   GEN_STATE[0].u_c_product                          |     0.002 |       3 |    <0.001 |    0 |  0.000 |      143 |     <0.001 |     194 |    <0.001 |      0 |    0.000 |     1 |  <0.001 |
|                     u_ip                                            |     0.002 |       3 |    <0.001 |    0 |  0.000 |      143 |     <0.001 |     194 |    <0.001 |      0 |    0.000 |     1 |  <0.001 |
|                       U0                                            |     0.002 |       3 |    <0.001 |    0 |  0.000 |      143 |     <0.001 |     194 |    <0.001 |      0 |    0.000 |     1 |  <0.001 |
|                   GEN_STATE[0].u_fused_update                       |     0.004 |       3 |    <0.001 |    0 |  0.000 |      480 |      0.001 |     346 |    <0.001 |      0 |    0.000 |     5 |   0.002 |
|                   GEN_STATE[1].u_c_product                          |     0.002 |       3 |    <0.001 |    0 |  0.000 |      143 |     <0.001 |     194 |    <0.001 |      0 |    0.000 |     1 |  <0.001 |
|                     u_ip                                            |     0.002 |       3 |    <0.001 |    0 |  0.000 |      143 |     <0.001 |     194 |    <0.001 |      0 |    0.000 |     1 |  <0.001 |
|                       U0                                            |     0.002 |       3 |    <0.001 |    0 |  0.000 |      143 |     <0.001 |     194 |    <0.001 |      0 |    0.000 |     1 |  <0.001 |
|                   GEN_STATE[1].u_fused_update                       |     0.004 |       3 |    <0.001 |    0 |  0.000 |      479 |      0.001 |     346 |    <0.001 |      0 |    0.000 |     5 |   0.002 |
|                   GEN_STATE[2].u_c_product                          |     0.001 |       3 |    <0.001 |    0 |  0.000 |      143 |     <0.001 |     194 |    <0.001 |      0 |    0.000 |     1 |  <0.001 |
|                     u_ip                                            |     0.001 |       3 |    <0.001 |    0 |  0.000 |      143 |     <0.001 |     194 |    <0.001 |      0 |    0.000 |     1 |  <0.001 |
|                       U0                                            |     0.001 |       3 |    <0.001 |    0 |  0.000 |      143 |     <0.001 |     194 |    <0.001 |      0 |    0.000 |     1 |  <0.001 |
|                   GEN_STATE[2].u_fused_update                       |     0.007 |       3 |    <0.001 |    0 |  0.000 |      480 |      0.002 |     346 |     0.001 |      0 |    0.000 |     5 |   0.003 |
|                   GEN_STATE[3].u_c_product                          |     0.001 |       3 |    <0.001 |    0 |  0.000 |      143 |     <0.001 |     194 |    <0.001 |      0 |    0.000 |     1 |  <0.001 |
|                     u_ip                                            |     0.001 |       3 |    <0.001 |    0 |  0.000 |      143 |     <0.001 |     194 |    <0.001 |      0 |    0.000 |     1 |  <0.001 |
|                       U0                                            |     0.001 |       3 |    <0.001 |    0 |  0.000 |      143 |     <0.001 |     194 |    <0.001 |      0 |    0.000 |     1 |  <0.001 |
|                   GEN_STATE[3].u_fused_update                       |     0.004 |       3 |    <0.001 |    0 |  0.000 |      480 |      0.001 |     346 |    <0.001 |      0 |    0.000 |     5 |   0.002 |
|                   G_BLOCK1_STATE_BRAM.u_state_bank                  |     0.017 |       3 |    <0.001 |    0 |  0.000 |      256 |      0.001 |     132 |    <0.001 |      2 |    0.016 |     0 |   0.000 |
|                     G_BRAM128_BANK[0].u_state_bank                  |     0.016 |       3 |    <0.001 |    0 |  0.000 |      128 |     <0.001 |       2 |     0.000 |      2 |    0.016 |     0 |   0.000 |
|                       U0                                            |     0.016 |       3 |    <0.001 |    0 |  0.000 |      128 |     <0.001 |       2 |     0.000 |      2 |    0.016 |     0 |   0.000 |
|                 u_b_record_bram                                     |     0.009 |       3 |    <0.001 |    0 |  0.000 |      128 |     <0.001 |       3 |     0.000 |      2 |    0.009 |     0 |   0.000 |
|                   GEN_BRAM_256.u_bram                               |     0.009 |       3 |    <0.001 |    0 |  0.000 |      128 |     <0.001 |       2 |     0.000 |      2 |    0.009 |     0 |   0.000 |
|                     U0                                              |     0.009 |       3 |    <0.001 |    0 |  0.000 |      128 |     <0.001 |       2 |     0.000 |      2 |    0.009 |     0 |   0.000 |
|                       inst_blk_mem_gen                              |     0.009 |       3 |    <0.001 |    0 |  0.000 |      128 |     <0.001 |       2 |     0.000 |      2 |    0.009 |     0 |   0.000 |
|                 u_c_record_bram                                     |     0.009 |       3 |    <0.001 |    0 |  0.000 |      128 |     <0.001 |       3 |     0.000 |      2 |    0.009 |     0 |   0.000 |
|                   GEN_BRAM_256.u_bram                               |     0.009 |       3 |    <0.001 |    0 |  0.000 |      128 |     <0.001 |       2 |     0.000 |      2 |    0.009 |     0 |   0.000 |
|                     U0                                              |     0.009 |       3 |    <0.001 |    0 |  0.000 |      128 |     <0.001 |       2 |     0.000 |      2 |    0.009 |     0 |   0.000 |
|                       inst_blk_mem_gen                              |     0.009 |       3 |    <0.001 |    0 |  0.000 |      128 |     <0.001 |       2 |     0.000 |      2 |    0.009 |     0 |   0.000 |
|                 u_dt_bram                                           |     0.012 |       3 |    <0.001 |    0 |  0.000 |       72 |     <0.001 |      29 |    <0.001 |      4 |    0.011 |     0 |   0.000 |
|                   u_bram                                            |     0.011 |       3 |    <0.001 |    0 |  0.000 |       64 |     <0.001 |       4 |     0.000 |      4 |    0.011 |     0 |   0.000 |
|                     U0                                              |     0.011 |       3 |    <0.001 |    0 |  0.000 |       64 |     <0.001 |       4 |     0.000 |      4 |    0.011 |     0 |   0.000 |
|                       inst_blk_mem_gen                              |     0.011 |       3 |    <0.001 |    0 |  0.000 |       64 |     <0.001 |       4 |     0.000 |      4 |    0.011 |     0 |   0.000 |
|                 u_u_bram                                            |     0.011 |       3 |    <0.001 |    0 |  0.000 |       64 |     <0.001 |      29 |    <0.001 |      4 |    0.011 |     0 |   0.000 |
|                   u_bram                                            |     0.011 |       3 |    <0.001 |    0 |  0.000 |       64 |     <0.001 |       4 |     0.000 |      4 |    0.011 |     0 |   0.000 |
|                     U0                                              |     0.011 |       3 |    <0.001 |    0 |  0.000 |       64 |     <0.001 |       4 |     0.000 |      4 |    0.011 |     0 |   0.000 |
|                       inst_blk_mem_gen                              |     0.011 |       3 |    <0.001 |    0 |  0.000 |       64 |     <0.001 |       4 |     0.000 |      4 |    0.011 |     0 |   0.000 |
|             u_spe_ssm                                               |     0.359 |       3 |     0.036 |    0 |  0.000 |    30075 |      0.055 |   27696 |     0.030 |     52 |    0.198 |   192 |   0.040 |
|               G1_SPE_DUAL.u                                         |     0.359 |       3 |     0.036 |    0 |  0.000 |    30075 |      0.055 |   27696 |     0.030 |     52 |    0.198 |   192 |   0.040 |
|                 u_lower                                             |     0.178 |       3 |     0.018 |    0 |  0.000 |    14844 |      0.026 |   13746 |     0.015 |     26 |    0.099 |    96 |   0.021 |
|                   G_D1_NONLINEAR.G_NATIVE_ROM.u_rom                 |     0.030 |       3 |    <0.001 |    0 |  0.000 |      398 |      0.003 |       3 |     0.000 |      6 |    0.027 |     0 |   0.000 |
|                     u0                                              |     0.030 |       3 |    <0.001 |    0 |  0.000 |      398 |      0.003 |       3 |     0.000 |      6 |    0.027 |     0 |   0.000 |
|                   G_D_READOUT.u_d_lut                               |     0.002 |       3 |    <0.001 |    0 |  0.000 |      200 |     <0.001 |     380 |    <0.001 |      0 |    0.000 |     0 |   0.000 |
|                   G_SCALED_BANKED.G_STATE_BANK[0].u_local_bank      |     0.030 |       3 |     0.004 |    0 |  0.000 |     3209 |      0.005 |    2889 |     0.003 |      2 |    0.012 |    24 |   0.005 |
|                     GEN_STATE[0].u_fused_update                     |     0.003 |       3 |    <0.001 |    0 |  0.000 |      481 |     <0.001 |     348 |    <0.001 |      0 |    0.000 |     5 |   0.001 |
|                     GEN_STATE[1].u_fused_update                     |     0.003 |       3 |    <0.001 |    0 |  0.000 |      481 |     <0.001 |     348 |    <0.001 |      0 |    0.000 |     5 |   0.001 |
|                     GEN_STATE[2].u_fused_update                     |     0.002 |       3 |    <0.001 |    0 |  0.000 |      480 |     <0.001 |     348 |    <0.001 |      0 |    0.000 |     5 |  <0.001 |
|                     GEN_STATE[3].u_fused_update                     |     0.003 |       3 |    <0.001 |    0 |  0.000 |      480 |      0.001 |     348 |    <0.001 |      0 |    0.000 |     5 |   0.001 |
|                     G_BLOCK1_STATE_BRAM.u_state_bank                |     0.013 |       3 |    <0.001 |    0 |  0.000 |      256 |     <0.001 |     132 |    <0.001 |      2 |    0.012 |     0 |   0.000 |
|                       G_BRAM128_BANK[0].u_state_bank                |     0.013 |       3 |    <0.001 |    0 |  0.000 |      128 |     <0.001 |       2 |     0.000 |      2 |    0.012 |     0 |   0.000 |
|                   G_SCALED_BANKED.G_STATE_BANK[1].u_local_bank      |     0.028 |       3 |     0.004 |    0 |  0.000 |     3209 |      0.005 |    2889 |     0.003 |      2 |    0.012 |    24 |   0.005 |
|                     GEN_STATE[0].u_c_product                        |     0.001 |       3 |    <0.001 |    0 |  0.000 |      143 |     <0.001 |     194 |    <0.001 |      0 |    0.000 |     1 |  <0.001 |
|                       u_ip                                          |     0.001 |       3 |    <0.001 |    0 |  0.000 |      143 |     <0.001 |     194 |    <0.001 |      0 |    0.000 |     1 |  <0.001 |
|                     GEN_STATE[0].u_fused_update                     |     0.002 |       3 |    <0.001 |    0 |  0.000 |      480 |     <0.001 |     348 |    <0.001 |      0 |    0.000 |     5 |  <0.001 |
|                     GEN_STATE[1].u_c_product                        |     0.001 |       3 |    <0.001 |    0 |  0.000 |      143 |     <0.001 |     194 |    <0.001 |      0 |    0.000 |     1 |  <0.001 |
|                       u_ip                                          |     0.001 |       3 |    <0.001 |    0 |  0.000 |      143 |     <0.001 |     194 |    <0.001 |      0 |    0.000 |     1 |  <0.001 |
|                     GEN_STATE[1].u_fused_update                     |     0.002 |       3 |    <0.001 |    0 |  0.000 |      480 |     <0.001 |     348 |    <0.001 |      0 |    0.000 |     5 |  <0.001 |
|                     GEN_STATE[2].u_fused_update                     |     0.003 |       3 |    <0.001 |    0 |  0.000 |      481 |     <0.001 |     348 |    <0.001 |      0 |    0.000 |     5 |   0.001 |
|                     GEN_STATE[3].u_c_product                        |     0.001 |       3 |    <0.001 |    0 |  0.000 |      143 |     <0.001 |     194 |    <0.001 |      0 |    0.000 |     1 |  <0.001 |
|                       u_ip                                          |     0.001 |       3 |    <0.001 |    0 |  0.000 |      143 |     <0.001 |     194 |    <0.001 |      0 |    0.000 |     1 |  <0.001 |
|                     GEN_STATE[3].u_fused_update                     |     0.002 |       3 |    <0.001 |    0 |  0.000 |      481 |     <0.001 |     348 |    <0.001 |      0 |    0.000 |     5 |  <0.001 |
|                     G_BLOCK1_STATE_BRAM.u_state_bank                |     0.013 |       3 |    <0.001 |    0 |  0.000 |      256 |     <0.001 |     132 |    <0.001 |      2 |    0.012 |     0 |   0.000 |
|                       G_BRAM128_BANK[0].u_state_bank                |     0.012 |       3 |    <0.001 |    0 |  0.000 |      128 |     <0.001 |       2 |     0.000 |      2 |    0.012 |     0 |   0.000 |
|                   G_SCALED_BANKED.G_STATE_BANK[2].u_local_bank      |     0.029 |       3 |     0.004 |    0 |  0.000 |     3209 |      0.005 |    2889 |     0.003 |      2 |    0.012 |    24 |   0.005 |
|                     GEN_STATE[0].u_c_product                        |     0.001 |       3 |    <0.001 |    0 |  0.000 |      143 |     <0.001 |     194 |    <0.001 |      0 |    0.000 |     1 |  <0.001 |
|                       u_ip                                          |     0.001 |       3 |    <0.001 |    0 |  0.000 |      143 |     <0.001 |     194 |    <0.001 |      0 |    0.000 |     1 |  <0.001 |
|                     GEN_STATE[0].u_fused_update                     |     0.002 |       3 |    <0.001 |    0 |  0.000 |      481 |     <0.001 |     348 |    <0.001 |      0 |    0.000 |     5 |  <0.001 |
|                     GEN_STATE[1].u_fused_update                     |     0.002 |       3 |    <0.001 |    0 |  0.000 |      480 |     <0.001 |     348 |    <0.001 |      0 |    0.000 |     5 |   0.001 |
|                     GEN_STATE[2].u_c_product                        |     0.001 |       3 |    <0.001 |    0 |  0.000 |      143 |     <0.001 |     194 |    <0.001 |      0 |    0.000 |     1 |  <0.001 |
|                       u_ip                                          |     0.001 |       3 |    <0.001 |    0 |  0.000 |      143 |     <0.001 |     194 |    <0.001 |      0 |    0.000 |     1 |  <0.001 |
|                     GEN_STATE[2].u_fused_update                     |     0.002 |       3 |    <0.001 |    0 |  0.000 |      480 |     <0.001 |     348 |    <0.001 |      0 |    0.000 |     5 |  <0.001 |
|                     GEN_STATE[3].u_fused_update                     |     0.003 |       3 |    <0.001 |    0 |  0.000 |      481 |     <0.001 |     348 |    <0.001 |      0 |    0.000 |     5 |   0.001 |
|                     G_BLOCK1_STATE_BRAM.u_state_bank                |     0.013 |       3 |    <0.001 |    0 |  0.000 |      256 |     <0.001 |     132 |    <0.001 |      2 |    0.012 |     0 |   0.000 |
|                       G_BRAM128_BANK[0].u_state_bank                |     0.012 |       3 |    <0.001 |    0 |  0.000 |      128 |     <0.001 |       2 |     0.000 |      2 |    0.012 |     0 |   0.000 |
|                   G_SCALED_BANKED.G_STATE_BANK[3].u_local_bank      |     0.028 |       3 |     0.004 |    0 |  0.000 |     3210 |      0.005 |    2889 |     0.003 |      2 |    0.012 |    24 |   0.005 |
|                     GEN_STATE[0].u_fused_update                     |     0.002 |       3 |    <0.001 |    0 |  0.000 |      481 |     <0.001 |     348 |    <0.001 |      0 |    0.000 |     5 |  <0.001 |
|                     GEN_STATE[1].u_fused_update                     |     0.002 |       3 |    <0.001 |    0 |  0.000 |      481 |     <0.001 |     348 |    <0.001 |      0 |    0.000 |     5 |  <0.001 |
|                     GEN_STATE[2].u_c_product                        |     0.001 |       3 |    <0.001 |    0 |  0.000 |      143 |     <0.001 |     194 |    <0.001 |      0 |    0.000 |     1 |  <0.001 |
|                       u_ip                                          |     0.001 |       3 |    <0.001 |    0 |  0.000 |      143 |     <0.001 |     194 |    <0.001 |      0 |    0.000 |     1 |  <0.001 |
|                     GEN_STATE[2].u_fused_update                     |     0.002 |       3 |    <0.001 |    0 |  0.000 |      481 |     <0.001 |     348 |    <0.001 |      0 |    0.000 |     5 |  <0.001 |
|                     GEN_STATE[3].u_fused_update                     |     0.003 |       3 |    <0.001 |    0 |  0.000 |      480 |     <0.001 |     348 |    <0.001 |      0 |    0.000 |     5 |   0.001 |
|                     G_BLOCK1_STATE_BRAM.u_state_bank                |     0.013 |       3 |    <0.001 |    0 |  0.000 |      256 |     <0.001 |     132 |    <0.001 |      2 |    0.012 |     0 |   0.000 |
|                       G_BRAM128_BANK[0].u_state_bank                |     0.013 |       3 |    <0.001 |    0 |  0.000 |      128 |     <0.001 |       2 |     0.000 |      2 |    0.012 |     0 |   0.000 |
|                   u_b_record_bram                                   |     0.006 |       3 |    <0.001 |    0 |  0.000 |      128 |     <0.001 |       2 |     0.000 |      2 |    0.005 |     0 |   0.000 |
|                     GEN_BRAM_256.u_bram                             |     0.006 |       3 |    <0.001 |    0 |  0.000 |      128 |     <0.001 |       2 |     0.000 |      2 |    0.005 |     0 |   0.000 |
|                       U0                                            |     0.006 |       3 |    <0.001 |    0 |  0.000 |      128 |     <0.001 |       2 |     0.000 |      2 |    0.005 |     0 |   0.000 |
|                   u_c_record_bram                                   |     0.006 |       3 |    <0.001 |    0 |  0.000 |      128 |     <0.001 |       2 |     0.000 |      2 |    0.005 |     0 |   0.000 |
|                     GEN_BRAM_256.u_bram                             |     0.006 |       3 |    <0.001 |    0 |  0.000 |      128 |     <0.001 |       2 |     0.000 |      2 |    0.005 |     0 |   0.000 |
|                       U0                                            |     0.006 |       3 |    <0.001 |    0 |  0.000 |      128 |     <0.001 |       2 |     0.000 |      2 |    0.005 |     0 |   0.000 |
|                   u_dt_bram                                         |     0.006 |       3 |    <0.001 |    0 |  0.000 |       72 |     <0.001 |      29 |    <0.001 |      4 |    0.006 |     0 |   0.000 |
|                     u_bram                                          |     0.006 |       3 |    <0.001 |    0 |  0.000 |       64 |     <0.001 |       4 |     0.000 |      4 |    0.006 |     0 |   0.000 |
|                       U0                                            |     0.006 |       3 |    <0.001 |    0 |  0.000 |       64 |     <0.001 |       4 |     0.000 |      4 |    0.006 |     0 |   0.000 |
|                   u_u_bram                                          |     0.006 |       3 |    <0.001 |    0 |  0.000 |       74 |     <0.001 |      39 |    <0.001 |      4 |    0.006 |     0 |   0.000 |
|                     u_bram                                          |     0.006 |       3 |    <0.001 |    0 |  0.000 |       64 |     <0.001 |       4 |     0.000 |      4 |    0.006 |     0 |   0.000 |
|                       U0                                            |     0.006 |       3 |    <0.001 |    0 |  0.000 |       64 |     <0.001 |       4 |     0.000 |      4 |    0.006 |     0 |   0.000 |
|                 u_upper                                             |     0.179 |       3 |     0.018 |    0 |  0.000 |    14842 |      0.028 |   13558 |     0.015 |     26 |    0.099 |    96 |   0.020 |
|                   G_D1_NONLINEAR.G_NATIVE_ROM.u_rom                 |     0.030 |       3 |    <0.001 |    0 |  0.000 |      398 |      0.003 |       3 |     0.000 |      6 |    0.027 |     0 |   0.000 |
|                     u0                                              |     0.030 |       3 |    <0.001 |    0 |  0.000 |      398 |      0.003 |       3 |     0.000 |      6 |    0.027 |     0 |   0.000 |
|                   G_D_READOUT.u_d_lut                               |     0.002 |       3 |    <0.001 |    0 |  0.000 |      200 |     <0.001 |     380 |    <0.001 |      0 |    0.000 |     0 |   0.000 |
|                   G_SCALED_BANKED.G_STATE_BANK[0].u_local_bank      |     0.031 |       3 |     0.004 |    0 |  0.000 |     3209 |      0.006 |    2889 |     0.003 |      2 |    0.012 |    24 |   0.005 |
|                     GEN_STATE[0].u_c_product                        |     0.001 |       3 |    <0.001 |    0 |  0.000 |      143 |     <0.001 |     194 |    <0.001 |      0 |    0.000 |     1 |  <0.001 |
|                       u_ip                                          |     0.001 |       3 |    <0.001 |    0 |  0.000 |      143 |     <0.001 |     194 |    <0.001 |      0 |    0.000 |     1 |  <0.001 |
|                     GEN_STATE[0].u_fused_update                     |     0.003 |       3 |    <0.001 |    0 |  0.000 |      480 |      0.001 |     348 |    <0.001 |      0 |    0.000 |     5 |   0.001 |
|                     GEN_STATE[1].u_fused_update                     |     0.003 |       3 |    <0.001 |    0 |  0.000 |      481 |     <0.001 |     348 |    <0.001 |      0 |    0.000 |     5 |   0.001 |
|                     GEN_STATE[2].u_fused_update                     |     0.002 |       3 |    <0.001 |    0 |  0.000 |      480 |     <0.001 |     348 |    <0.001 |      0 |    0.000 |     5 |  <0.001 |
|                     GEN_STATE[3].u_fused_update                     |     0.003 |       3 |    <0.001 |    0 |  0.000 |      481 |      0.001 |     348 |    <0.001 |      0 |    0.000 |     5 |   0.001 |
|                     G_BLOCK1_STATE_BRAM.u_state_bank                |     0.013 |       3 |    <0.001 |    0 |  0.000 |      256 |     <0.001 |     132 |    <0.001 |      2 |    0.012 |     0 |   0.000 |
|                       G_BRAM128_BANK[0].u_state_bank                |     0.013 |       3 |    <0.001 |    0 |  0.000 |      128 |     <0.001 |       2 |     0.000 |      2 |    0.012 |     0 |   0.000 |
|                   G_SCALED_BANKED.G_STATE_BANK[1].u_local_bank      |     0.029 |       3 |     0.004 |    0 |  0.000 |     3210 |      0.005 |    2889 |     0.003 |      2 |    0.012 |    24 |   0.005 |
|                     GEN_STATE[0].u_c_product                        |     0.001 |       3 |    <0.001 |    0 |  0.000 |      143 |     <0.001 |     194 |    <0.001 |      0 |    0.000 |     1 |  <0.001 |
|                       u_ip                                          |     0.001 |       3 |    <0.001 |    0 |  0.000 |      143 |     <0.001 |     194 |    <0.001 |      0 |    0.000 |     1 |  <0.001 |
|                     GEN_STATE[0].u_fused_update                     |     0.002 |       3 |    <0.001 |    0 |  0.000 |      480 |     <0.001 |     348 |    <0.001 |      0 |    0.000 |     5 |  <0.001 |
|                     GEN_STATE[1].u_c_product                        |     0.001 |       3 |    <0.001 |    0 |  0.000 |      143 |     <0.001 |     194 |    <0.001 |      0 |    0.000 |     1 |  <0.001 |
|                       u_ip                                          |     0.001 |       3 |    <0.001 |    0 |  0.000 |      143 |     <0.001 |     194 |    <0.001 |      0 |    0.000 |     1 |  <0.001 |
|                     GEN_STATE[1].u_fused_update                     |     0.002 |       3 |    <0.001 |    0 |  0.000 |      481 |     <0.001 |     348 |    <0.001 |      0 |    0.000 |     5 |  <0.001 |
|                     GEN_STATE[2].u_fused_update                     |     0.003 |       3 |    <0.001 |    0 |  0.000 |      481 |      0.001 |     348 |    <0.001 |      0 |    0.000 |     5 |   0.001 |
|                     GEN_STATE[3].u_c_product                        |     0.001 |       3 |    <0.001 |    0 |  0.000 |      143 |     <0.001 |     194 |    <0.001 |      0 |    0.000 |     1 |  <0.001 |
|                       u_ip                                          |     0.001 |       3 |    <0.001 |    0 |  0.000 |      143 |     <0.001 |     194 |    <0.001 |      0 |    0.000 |     1 |  <0.001 |
|                     GEN_STATE[3].u_fused_update                     |     0.002 |       3 |    <0.001 |    0 |  0.000 |      481 |     <0.001 |     348 |    <0.001 |      0 |    0.000 |     5 |  <0.001 |
|                     G_BLOCK1_STATE_BRAM.u_state_bank                |     0.013 |       3 |    <0.001 |    0 |  0.000 |      256 |     <0.001 |     132 |    <0.001 |      2 |    0.012 |     0 |   0.000 |
|                       G_BRAM128_BANK[0].u_state_bank                |     0.012 |       3 |    <0.001 |    0 |  0.000 |      128 |     <0.001 |       2 |     0.000 |      2 |    0.012 |     0 |   0.000 |
|                   G_SCALED_BANKED.G_STATE_BANK[2].u_local_bank      |     0.029 |       3 |     0.004 |    0 |  0.000 |     3208 |      0.005 |    2889 |     0.003 |      2 |    0.012 |    24 |   0.005 |
|                     GEN_STATE[0].u_c_product                        |     0.001 |       3 |    <0.001 |    0 |  0.000 |      143 |     <0.001 |     194 |    <0.001 |      0 |    0.000 |     1 |  <0.001 |
|                       u_ip                                          |     0.001 |       3 |    <0.001 |    0 |  0.000 |      143 |     <0.001 |     194 |    <0.001 |      0 |    0.000 |     1 |  <0.001 |
|                     GEN_STATE[0].u_fused_update                     |     0.002 |       3 |    <0.001 |    0 |  0.000 |      480 |     <0.001 |     348 |    <0.001 |      0 |    0.000 |     5 |  <0.001 |
|                     GEN_STATE[1].u_fused_update                     |     0.002 |       3 |    <0.001 |    0 |  0.000 |      480 |     <0.001 |     348 |    <0.001 |      0 |    0.000 |     5 |  <0.001 |
|                     GEN_STATE[2].u_c_product                        |     0.001 |       3 |    <0.001 |    0 |  0.000 |      143 |     <0.001 |     194 |    <0.001 |      0 |    0.000 |     1 |  <0.001 |
|                       u_ip                                          |     0.001 |       3 |    <0.001 |    0 |  0.000 |      143 |     <0.001 |     194 |    <0.001 |      0 |    0.000 |     1 |  <0.001 |
|                     GEN_STATE[2].u_fused_update                     |     0.002 |       3 |    <0.001 |    0 |  0.000 |      480 |     <0.001 |     348 |    <0.001 |      0 |    0.000 |     5 |  <0.001 |
|                     GEN_STATE[3].u_fused_update                     |     0.003 |       3 |    <0.001 |    0 |  0.000 |      481 |     <0.001 |     348 |    <0.001 |      0 |    0.000 |     5 |   0.001 |
|                     G_BLOCK1_STATE_BRAM.u_state_bank                |     0.013 |       3 |    <0.001 |    0 |  0.000 |      256 |     <0.001 |     132 |    <0.001 |      2 |    0.012 |     0 |   0.000 |
|                       G_BRAM128_BANK[0].u_state_bank                |     0.012 |       3 |    <0.001 |    0 |  0.000 |      128 |     <0.001 |       2 |     0.000 |      2 |    0.012 |     0 |   0.000 |
|                   G_SCALED_BANKED.G_STATE_BANK[3].u_local_bank      |     0.029 |       3 |     0.004 |    0 |  0.000 |     3209 |      0.005 |    2889 |     0.003 |      2 |    0.012 |    24 |   0.005 |
|                     GEN_STATE[0].u_fused_update                     |     0.002 |       3 |    <0.001 |    0 |  0.000 |      480 |     <0.001 |     348 |    <0.001 |      0 |    0.000 |     5 |  <0.001 |
|                     GEN_STATE[1].u_c_product                        |     0.001 |       3 |    <0.001 |    0 |  0.000 |      143 |     <0.001 |     194 |    <0.001 |      0 |    0.000 |     1 |  <0.001 |
|                       u_ip                                          |     0.001 |       3 |    <0.001 |    0 |  0.000 |      143 |     <0.001 |     194 |    <0.001 |      0 |    0.000 |     1 |  <0.001 |
|                     GEN_STATE[1].u_fused_update                     |     0.002 |       3 |    <0.001 |    0 |  0.000 |      481 |     <0.001 |     348 |    <0.001 |      0 |    0.000 |     5 |  <0.001 |
|                     GEN_STATE[2].u_c_product                        |     0.001 |       3 |    <0.001 |    0 |  0.000 |      143 |     <0.001 |     194 |    <0.001 |      0 |    0.000 |     1 |  <0.001 |
|                       u_ip                                          |     0.001 |       3 |    <0.001 |    0 |  0.000 |      143 |     <0.001 |     194 |    <0.001 |      0 |    0.000 |     1 |  <0.001 |
|                     GEN_STATE[2].u_fused_update                     |     0.002 |       3 |    <0.001 |    0 |  0.000 |      480 |     <0.001 |     348 |    <0.001 |      0 |    0.000 |     5 |  <0.001 |
|                     GEN_STATE[3].u_fused_update                     |     0.003 |       3 |    <0.001 |    0 |  0.000 |      481 |      0.001 |     348 |    <0.001 |      0 |    0.000 |     5 |   0.001 |
|                     G_BLOCK1_STATE_BRAM.u_state_bank                |     0.013 |       3 |    <0.001 |    0 |  0.000 |      256 |     <0.001 |     132 |    <0.001 |      2 |    0.012 |     0 |   0.000 |
|                       G_BRAM128_BANK[0].u_state_bank                |     0.012 |       3 |    <0.001 |    0 |  0.000 |      128 |     <0.001 |       2 |     0.000 |      2 |    0.012 |     0 |   0.000 |
|                   u_b_record_bram                                   |     0.006 |       3 |    <0.001 |    0 |  0.000 |      128 |     <0.001 |       2 |     0.000 |      2 |    0.005 |     0 |   0.000 |
|                     GEN_BRAM_256.u_bram                             |     0.006 |       3 |    <0.001 |    0 |  0.000 |      128 |     <0.001 |       2 |     0.000 |      2 |    0.005 |     0 |   0.000 |
|                       U0                                            |     0.006 |       3 |    <0.001 |    0 |  0.000 |      128 |     <0.001 |       2 |     0.000 |      2 |    0.005 |     0 |   0.000 |
|                   u_c_record_bram                                   |     0.006 |       3 |    <0.001 |    0 |  0.000 |      128 |     <0.001 |       2 |     0.000 |      2 |    0.005 |     0 |   0.000 |
|                     GEN_BRAM_256.u_bram                             |     0.006 |       3 |    <0.001 |    0 |  0.000 |      128 |     <0.001 |       2 |     0.000 |      2 |    0.005 |     0 |   0.000 |
|                       U0                                            |     0.006 |       3 |    <0.001 |    0 |  0.000 |      128 |     <0.001 |       2 |     0.000 |      2 |    0.005 |     0 |   0.000 |
|                   u_dt_bram                                         |     0.006 |       3 |    <0.001 |    0 |  0.000 |       72 |     <0.001 |      29 |    <0.001 |      4 |    0.006 |     0 |   0.000 |
|                     u_bram                                          |     0.006 |       3 |    <0.001 |    0 |  0.000 |       64 |     <0.001 |       4 |     0.000 |      4 |    0.006 |     0 |   0.000 |
|                       U0                                            |     0.006 |       3 |    <0.001 |    0 |  0.000 |       64 |     <0.001 |       4 |     0.000 |      4 |    0.006 |     0 |   0.000 |
|                   u_u_bram                                          |     0.006 |       3 |    <0.001 |    0 |  0.000 |       74 |     <0.001 |      39 |    <0.001 |      4 |    0.006 |     0 |   0.000 |
|                     u_bram                                          |     0.006 |       3 |    <0.001 |    0 |  0.000 |       64 |     <0.001 |       4 |     0.000 |      4 |    0.006 |     0 |   0.000 |
|                       U0                                            |     0.006 |       3 |    <0.001 |    0 |  0.000 |       64 |     <0.001 |       4 |     0.000 |      4 |    0.006 |     0 |   0.000 |
|           u_post_ssm                                                |     0.230 |       3 |     0.013 |    0 |  0.000 |    14337 |      0.033 |   13714 |     0.020 |     53 |    0.145 |    52 |   0.019 |
|             u_residual_fusion                                       |     0.009 |       3 |     0.002 |    0 |  0.000 |     1729 |      0.002 |    2072 |     0.001 |      7 |    0.004 |     0 |   0.000 |
|               u_block_residual                                      |     0.003 |       3 |    <0.001 |    0 |  0.000 |      702 |      0.001 |     976 |     0.001 |      0 |    0.000 |     0 |   0.000 |
|               u_fusion                                              |     0.002 |       3 |    <0.001 |    0 |  0.000 |      592 |     <0.001 |     755 |    <0.001 |      0 |    0.000 |     0 |   0.000 |
|               u_input_slot_bram                                     |     0.002 |       3 |    <0.001 |    0 |  0.000 |       81 |     <0.001 |       4 |    <0.001 |      3 |    0.002 |     0 |   0.000 |
|                 u_bram                                              |     0.002 |       3 |    <0.001 |    0 |  0.000 |       80 |     <0.001 |       3 |     0.000 |      3 |    0.002 |     0 |   0.000 |
|                   U0                                                |     0.002 |       3 |    <0.001 |    0 |  0.000 |       80 |     <0.001 |       3 |     0.000 |      3 |    0.002 |     0 |   0.000 |
|                     inst_blk_mem_gen                                |     0.002 |       3 |    <0.001 |    0 |  0.000 |       80 |     <0.001 |       3 |     0.000 |      3 |    0.002 |     0 |   0.000 |
|                       gnbram.gnativebmg.native_blk_mem_gen          |     0.002 |       3 |    <0.001 |    0 |  0.000 |       80 |     <0.001 |       3 |     0.000 |      3 |    0.002 |     0 |   0.000 |
|               u_spa_slot_bram                                       |     0.001 |       3 |    <0.001 |    0 |  0.000 |       64 |     <0.001 |       2 |     0.000 |      2 |    0.001 |     0 |   0.000 |
|                 u_bram                                              |     0.001 |       3 |    <0.001 |    0 |  0.000 |       64 |     <0.001 |       2 |     0.000 |      2 |    0.001 |     0 |   0.000 |
|                   U0                                                |     0.001 |       3 |    <0.001 |    0 |  0.000 |       64 |     <0.001 |       2 |     0.000 |      2 |    0.001 |     0 |   0.000 |
|                     inst_blk_mem_gen                                |     0.001 |       3 |    <0.001 |    0 |  0.000 |       64 |     <0.001 |       2 |     0.000 |      2 |    0.001 |     0 |   0.000 |
|                       gnbram.gnativebmg.native_blk_mem_gen          |     0.001 |       3 |    <0.001 |    0 |  0.000 |       64 |     <0.001 |       2 |     0.000 |      2 |    0.001 |     0 |   0.000 |
|               u_spe_slot_bram                                       |     0.001 |       3 |    <0.001 |    0 |  0.000 |       65 |     <0.001 |      51 |    <0.001 |      2 |    0.001 |     0 |   0.000 |
|                 u_bram                                              |     0.001 |       3 |    <0.001 |    0 |  0.000 |       64 |     <0.001 |       2 |     0.000 |      2 |    0.001 |     0 |   0.000 |
|                   U0                                                |     0.001 |       3 |    <0.001 |    0 |  0.000 |       64 |     <0.001 |       2 |     0.000 |      2 |    0.001 |     0 |   0.000 |
|                     inst_blk_mem_gen                                |     0.001 |       3 |    <0.001 |    0 |  0.000 |       64 |     <0.001 |       2 |     0.000 |      2 |    0.001 |     0 |   0.000 |
|                       gnbram.gnativebmg.native_blk_mem_gen          |     0.001 |       3 |    <0.001 |    0 |  0.000 |       64 |     <0.001 |       2 |     0.000 |      2 |    0.001 |     0 |   0.000 |
|             u_spa_out_proj                                          |     0.123 |       3 |     0.006 |    0 |  0.000 |     5706 |      0.022 |    5046 |     0.011 |     24 |    0.070 |    18 |   0.014 |
|               GS.u                                                  |     0.123 |       3 |     0.006 |    0 |  0.000 |     5706 |      0.022 |    5044 |     0.011 |     24 |    0.070 |    18 |   0.014 |
|                 u_dot                                               |     0.029 |       3 |     0.002 |    0 |  0.000 |     1369 |      0.009 |    1357 |     0.005 |      0 |    0.000 |    16 |   0.014 |
|                   G[0].u                                            |     0.001 |       3 |    <0.001 |    0 |  0.000 |       53 |     <0.001 |      30 |    <0.001 |      0 |    0.000 |     1 |  <0.001 |
|                   G[10].u                                           |     0.001 |       3 |    <0.001 |    0 |  0.000 |       52 |     <0.001 |      29 |    <0.001 |      0 |    0.000 |     1 |  <0.001 |
|                   G[11].u                                           |     0.001 |       3 |    <0.001 |    0 |  0.000 |       50 |     <0.001 |       7 |    <0.001 |      0 |    0.000 |     1 |  <0.001 |
|                     u_dsp                                           |     0.001 |       3 |    <0.001 |    0 |  0.000 |       33 |     <0.001 |       2 |     0.000 |      0 |    0.000 |     1 |  <0.001 |
|                       U0                                            |     0.001 |       3 |    <0.001 |    0 |  0.000 |       33 |     <0.001 |       2 |     0.000 |      0 |    0.000 |     1 |  <0.001 |
|                   G[12].u                                           |     0.001 |       3 |    <0.001 |    0 |  0.000 |       52 |     <0.001 |      29 |    <0.001 |      0 |    0.000 |     1 |  <0.001 |
|                     u_dsp                                           |     0.001 |       3 |    <0.001 |    0 |  0.000 |       33 |     <0.001 |       2 |     0.000 |      0 |    0.000 |     1 |  <0.001 |
|                       U0                                            |     0.001 |       3 |    <0.001 |    0 |  0.000 |       33 |     <0.001 |       2 |     0.000 |      0 |    0.000 |     1 |  <0.001 |
|                   G[13].u                                           |     0.001 |       3 |    <0.001 |    0 |  0.000 |       50 |     <0.001 |       7 |    <0.001 |      0 |    0.000 |     1 |  <0.001 |
|                     u_dsp                                           |     0.001 |       3 |    <0.001 |    0 |  0.000 |       33 |     <0.001 |       2 |     0.000 |      0 |    0.000 |     1 |  <0.001 |
|                       U0                                            |     0.001 |       3 |    <0.001 |    0 |  0.000 |       33 |     <0.001 |       2 |     0.000 |      0 |    0.000 |     1 |  <0.001 |
|                   G[14].u                                           |     0.001 |       3 |    <0.001 |    0 |  0.000 |       52 |     <0.001 |      29 |    <0.001 |      0 |    0.000 |     1 |  <0.001 |
|                     u_dsp                                           |     0.001 |       3 |    <0.001 |    0 |  0.000 |       33 |     <0.001 |       2 |     0.000 |      0 |    0.000 |     1 |  <0.001 |
|                       U0                                            |     0.001 |       3 |    <0.001 |    0 |  0.000 |       33 |     <0.001 |       2 |     0.000 |      0 |    0.000 |     1 |  <0.001 |
|                   G[15].u                                           |     0.001 |       3 |    <0.001 |    0 |  0.000 |       50 |     <0.001 |       7 |    <0.001 |      0 |    0.000 |     1 |  <0.001 |
|                   G[1].u                                            |     0.001 |       3 |    <0.001 |    0 |  0.000 |       50 |     <0.001 |       7 |    <0.001 |      0 |    0.000 |     1 |  <0.001 |
|                     u_dsp                                           |     0.001 |       3 |    <0.001 |    0 |  0.000 |       33 |     <0.001 |       2 |     0.000 |      0 |    0.000 |     1 |  <0.001 |
|                       U0                                            |     0.001 |       3 |    <0.001 |    0 |  0.000 |       33 |     <0.001 |       2 |     0.000 |      0 |    0.000 |     1 |  <0.001 |
|                   G[2].u                                            |     0.001 |       3 |    <0.001 |    0 |  0.000 |       52 |     <0.001 |      29 |    <0.001 |      0 |    0.000 |     1 |  <0.001 |
|                     u_dsp                                           |     0.001 |       3 |    <0.001 |    0 |  0.000 |       33 |     <0.001 |       2 |     0.000 |      0 |    0.000 |     1 |  <0.001 |
|                       U0                                            |     0.001 |       3 |    <0.001 |    0 |  0.000 |       33 |     <0.001 |       2 |     0.000 |      0 |    0.000 |     1 |  <0.001 |
|                   G[3].u                                            |     0.001 |       3 |    <0.001 |    0 |  0.000 |       50 |     <0.001 |       7 |    <0.001 |      0 |    0.000 |     1 |  <0.001 |
|                     u_dsp                                           |     0.001 |       3 |    <0.001 |    0 |  0.000 |       33 |     <0.001 |       2 |     0.000 |      0 |    0.000 |     1 |  <0.001 |
|                       U0                                            |     0.001 |       3 |    <0.001 |    0 |  0.000 |       33 |     <0.001 |       2 |     0.000 |      0 |    0.000 |     1 |  <0.001 |
|                   G[4].u                                            |     0.001 |       3 |    <0.001 |    0 |  0.000 |       52 |     <0.001 |      29 |    <0.001 |      0 |    0.000 |     1 |  <0.001 |
|                   G[5].u                                            |     0.001 |       3 |    <0.001 |    0 |  0.000 |       50 |     <0.001 |       7 |    <0.001 |      0 |    0.000 |     1 |  <0.001 |
|                     u_dsp                                           |     0.001 |       3 |    <0.001 |    0 |  0.000 |       33 |     <0.001 |       2 |     0.000 |      0 |    0.000 |     1 |  <0.001 |
|                       U0                                            |     0.001 |       3 |    <0.001 |    0 |  0.000 |       33 |     <0.001 |       2 |     0.000 |      0 |    0.000 |     1 |  <0.001 |
|                   G[6].u                                            |     0.002 |       3 |    <0.001 |    0 |  0.000 |       52 |     <0.001 |      29 |    <0.001 |      0 |    0.000 |     1 |  <0.001 |
|                     u_dsp                                           |     0.001 |       3 |    <0.001 |    0 |  0.000 |       33 |     <0.001 |       2 |     0.000 |      0 |    0.000 |     1 |  <0.001 |
|                       U0                                            |     0.001 |       3 |    <0.001 |    0 |  0.000 |       33 |     <0.001 |       2 |     0.000 |      0 |    0.000 |     1 |  <0.001 |
|                   G[7].u                                            |     0.001 |       3 |    <0.001 |    0 |  0.000 |       50 |     <0.001 |       7 |    <0.001 |      0 |    0.000 |     1 |  <0.001 |
|                     u_dsp                                           |     0.001 |       3 |    <0.001 |    0 |  0.000 |       33 |     <0.001 |       2 |     0.000 |      0 |    0.000 |     1 |  <0.001 |
|                       U0                                            |     0.001 |       3 |    <0.001 |    0 |  0.000 |       33 |     <0.001 |       2 |     0.000 |      0 |    0.000 |     1 |  <0.001 |
|                   G[8].u                                            |     0.001 |       3 |    <0.001 |    0 |  0.000 |       52 |     <0.001 |      29 |    <0.001 |      0 |    0.000 |     1 |  <0.001 |
|                     u_dsp                                           |     0.001 |       3 |    <0.001 |    0 |  0.000 |       33 |     <0.001 |       2 |     0.000 |      0 |    0.000 |     1 |  <0.001 |
|                       U0                                            |     0.001 |       3 |    <0.001 |    0 |  0.000 |       33 |     <0.001 |       2 |     0.000 |      0 |    0.000 |     1 |  <0.001 |
|                   G[9].u                                            |     0.001 |       3 |    <0.001 |    0 |  0.000 |       50 |     <0.001 |       7 |    <0.001 |      0 |    0.000 |     1 |  <0.001 |
|                     u_dsp                                           |     0.001 |       3 |    <0.001 |    0 |  0.000 |       33 |     <0.001 |       2 |     0.000 |      0 |    0.000 |     1 |  <0.001 |
|                       U0                                            |     0.001 |       3 |    <0.001 |    0 |  0.000 |       33 |     <0.001 |       2 |     0.000 |      0 |    0.000 |     1 |  <0.001 |
|                 u_ram                                               |     0.002 |       3 |    <0.001 |    0 |  0.000 |      512 |      0.000 |       8 |     0.000 |      8 |    0.002 |     0 |   0.000 |
|                   U0                                                |     0.002 |       3 |    <0.001 |    0 |  0.000 |      512 |      0.000 |       8 |     0.000 |      8 |    0.002 |     0 |   0.000 |
|                     inst_blk_mem_gen                                |     0.002 |       3 |    <0.001 |    0 |  0.000 |      512 |      0.000 |       8 |     0.000 |      8 |    0.002 |     0 |   0.000 |
|                       gnbram.gnativebmg.native_blk_mem_gen          |     0.002 |       3 |    <0.001 |    0 |  0.000 |      512 |      0.000 |       8 |     0.000 |      8 |    0.002 |     0 |   0.000 |
|                 u_rom                                               |     0.079 |       3 |    <0.001 |    0 |  0.000 |     1601 |      0.008 |     531 |     0.004 |     16 |    0.068 |     0 |   0.000 |
|                   GEN1.a                                            |     0.070 |       3 |    <0.001 |    0 |  0.000 |     1088 |      0.002 |      16 |     0.000 |     16 |    0.068 |     0 |   0.000 |
|                     U0                                              |     0.070 |       3 |    <0.001 |    0 |  0.000 |     1088 |      0.002 |      16 |     0.000 |     16 |    0.068 |     0 |   0.000 |
|                       inst_blk_mem_gen                              |     0.070 |       3 |    <0.001 |    0 |  0.000 |     1088 |      0.002 |      16 |     0.000 |     16 |    0.068 |     0 |   0.000 |
|             u_spa_ssm_requant                                       |     0.005 |       3 |    <0.001 |    0 |  0.000 |     1705 |      0.002 |    1870 |     0.002 |      0 |    0.000 |    12 |  <0.001 |
|             u_spe_out_proj                                          |     0.087 |       3 |     0.003 |    0 |  0.000 |     3469 |      0.005 |    2831 |     0.004 |     22 |    0.071 |    10 |   0.003 |
|               GS.u                                                  |     0.087 |       3 |     0.003 |    0 |  0.000 |     3469 |      0.005 |    2830 |     0.004 |     22 |    0.071 |    10 |   0.003 |
|                 G_DOT16_FAST.u_dot                                  |     0.010 |       3 |    <0.001 |    0 |  0.000 |      863 |      0.003 |     888 |     0.003 |      0 |    0.000 |     8 |   0.003 |
|                   G[1].u                                            |     0.001 |       3 |    <0.001 |    0 |  0.000 |       74 |     <0.001 |      31 |    <0.001 |      0 |    0.000 |     1 |  <0.001 |
|                 u_ram                                               |     0.002 |       3 |    <0.001 |    0 |  0.000 |      128 |     <0.001 |       4 |     0.000 |      4 |    0.002 |     0 |   0.000 |
|                   U0                                                |     0.002 |       3 |    <0.001 |    0 |  0.000 |      128 |     <0.001 |       4 |     0.000 |      4 |    0.002 |     0 |   0.000 |
|                     inst_blk_mem_gen                                |     0.002 |       3 |    <0.001 |    0 |  0.000 |      128 |     <0.001 |       4 |     0.000 |      4 |    0.002 |     0 |   0.000 |
|                       gnbram.gnativebmg.native_blk_mem_gen          |     0.002 |       3 |    <0.001 |    0 |  0.000 |      128 |     <0.001 |       4 |     0.000 |      4 |    0.002 |     0 |   0.000 |
|                 u_rom                                               |     0.070 |       3 |    <0.001 |    0 |  0.000 |     1192 |      0.000 |     336 |    <0.001 |     18 |    0.069 |     0 |   0.000 |
|                   GEN1.u                                            |     0.069 |       3 |    <0.001 |    0 |  0.000 |     1192 |      0.000 |      36 |     0.000 |     18 |    0.069 |     0 |   0.000 |
|                     U0                                              |     0.069 |       3 |    <0.001 |    0 |  0.000 |     1192 |      0.000 |      36 |     0.000 |     18 |    0.069 |     0 |   0.000 |
|                       inst_blk_mem_gen                              |     0.069 |       3 |    <0.001 |    0 |  0.000 |     1192 |      0.000 |      36 |     0.000 |     18 |    0.069 |     0 |   0.000 |
|             u_spe_ssm_requant                                       |     0.006 |       3 |    <0.001 |    0 |  0.000 |     1723 |      0.002 |    1889 |     0.002 |      0 |    0.000 |    12 |   0.001 |
|       u_block2                                                      |     0.668 |       3 |     0.077 |    0 |  0.000 |    64410 |      0.081 |   72444 |     0.046 |    186 |    0.419 |   270 |   0.046 |
|         u_conv                                                      |     0.089 |       3 |     0.023 |    0 |  0.000 |    12350 |      0.003 |   22695 |     0.004 |     16 |    0.059 |    16 |  <0.001 |
|           u_spa_conv1d                                              |     0.044 |       3 |     0.011 |    0 |  0.000 |     6184 |      0.002 |   11356 |     0.002 |      8 |    0.029 |     8 |  <0.001 |
|             u_param_rom                                             |     0.029 |       3 |    <0.001 |    0 |  0.000 |      424 |     <0.001 |      17 |     0.000 |      8 |    0.029 |     0 |   0.000 |
|               GEN2.u                                                |     0.029 |       3 |    <0.001 |    0 |  0.000 |      424 |     <0.001 |      16 |     0.000 |      8 |    0.029 |     0 |   0.000 |
|                 U0                                                  |     0.029 |       3 |    <0.001 |    0 |  0.000 |      424 |     <0.001 |      16 |     0.000 |      8 |    0.029 |     0 |   0.000 |
|                   inst_blk_mem_gen                                  |     0.029 |       3 |    <0.001 |    0 |  0.000 |      424 |     <0.001 |      16 |     0.000 |      8 |    0.029 |     0 |   0.000 |
|                     gnbram.gnativebmg.native_blk_mem_gen            |     0.029 |       3 |    <0.001 |    0 |  0.000 |      424 |     <0.001 |      16 |     0.000 |      8 |    0.029 |     0 |   0.000 |
|                       valid.cstr                                    |     0.029 |       3 |    <0.001 |    0 |  0.000 |      424 |     <0.001 |      16 |     0.000 |      8 |    0.029 |     0 |   0.000 |
|           u_spe_conv1d                                              |     0.044 |       3 |     0.011 |    0 |  0.000 |     6166 |      0.002 |   11339 |     0.002 |      8 |    0.029 |     8 |  <0.001 |
|             u_param_rom                                             |     0.030 |       3 |    <0.001 |    0 |  0.000 |      424 |     <0.001 |      17 |     0.000 |      8 |    0.029 |     0 |   0.000 |
|               GEN2.u                                                |     0.030 |       3 |    <0.001 |    0 |  0.000 |      424 |     <0.001 |      16 |     0.000 |      8 |    0.029 |     0 |   0.000 |
|                 U0                                                  |     0.030 |       3 |    <0.001 |    0 |  0.000 |      424 |     <0.001 |      16 |     0.000 |      8 |    0.029 |     0 |   0.000 |
|                   inst_blk_mem_gen                                  |     0.030 |       3 |    <0.001 |    0 |  0.000 |      424 |     <0.001 |      16 |     0.000 |      8 |    0.029 |     0 |   0.000 |
|                     gnbram.gnativebmg.native_blk_mem_gen            |     0.030 |       3 |    <0.001 |    0 |  0.000 |      424 |     <0.001 |      16 |     0.000 |      8 |    0.029 |     0 |   0.000 |
|                       valid.cstr                                    |     0.030 |       3 |    <0.001 |    0 |  0.000 |      424 |     <0.001 |      16 |     0.000 |      8 |    0.029 |     0 |   0.000 |
|         u_in                                                        |     0.031 |       3 |     0.008 |    0 |  0.000 |     7544 |      0.005 |    6962 |     0.003 |     26 |    0.012 |    44 |   0.004 |
|           G_DSP_PARALLEL.u                                          |     0.031 |       3 |     0.008 |    0 |  0.000 |     7544 |      0.005 |    6962 |     0.003 |     26 |    0.012 |    44 |   0.004 |
|             G_ROM2.p                                                |     0.002 |       3 |    <0.001 |    0 |  0.000 |      129 |     <0.001 |       5 |    <0.001 |      2 |    0.001 |     0 |   0.000 |
|               GEN_BLOCK2.u_rom                                      |     0.002 |       3 |    <0.001 |    0 |  0.000 |      128 |     <0.001 |       2 |     0.000 |      2 |    0.001 |     0 |   0.000 |
|                 U0                                                  |     0.002 |       3 |    <0.001 |    0 |  0.000 |      128 |     <0.001 |       2 |     0.000 |      2 |    0.001 |     0 |   0.000 |
|                   inst_blk_mem_gen                                  |     0.002 |       3 |    <0.001 |    0 |  0.000 |      128 |     <0.001 |       2 |     0.000 |      2 |    0.001 |     0 |   0.000 |
|                     gnbram.gnativebmg.native_blk_mem_gen            |     0.002 |       3 |    <0.001 |    0 |  0.000 |      128 |     <0.001 |       2 |     0.000 |      2 |    0.001 |     0 |   0.000 |
|                       valid.cstr                                    |     0.002 |       3 |    <0.001 |    0 |  0.000 |      128 |     <0.001 |       2 |     0.000 |      2 |    0.001 |     0 |   0.000 |
|             G_ROM2.s                                                |     0.006 |       3 |    <0.001 |    0 |  0.000 |      512 |     <0.001 |      10 |     0.000 |      8 |    0.006 |     0 |   0.000 |
|               GEN_BLOCK2.u_rom                                      |     0.006 |       3 |    <0.001 |    0 |  0.000 |      512 |     <0.001 |       8 |     0.000 |      8 |    0.006 |     0 |   0.000 |
|                 U0                                                  |     0.006 |       3 |    <0.001 |    0 |  0.000 |      512 |     <0.001 |       8 |     0.000 |      8 |    0.006 |     0 |   0.000 |
|                   inst_blk_mem_gen                                  |     0.006 |       3 |    <0.001 |    0 |  0.000 |      512 |     <0.001 |       8 |     0.000 |      8 |    0.006 |     0 |   0.000 |
|                     gnbram.gnativebmg.native_blk_mem_gen            |     0.006 |       3 |    <0.001 |    0 |  0.000 |      512 |     <0.001 |       8 |     0.000 |      8 |    0.006 |     0 |   0.000 |
|                       valid.cstr                                    |     0.006 |       3 |    <0.001 |    0 |  0.000 |      512 |     <0.001 |       8 |     0.000 |      8 |    0.006 |     0 |   0.000 |
|             G_SPLIT_INPUT_RAM.u_spa_input_ctx0                      |     0.001 |       3 |    <0.001 |    0 |  0.000 |      256 |     <0.001 |       4 |     0.000 |      4 |    0.001 |     0 |   0.000 |
|               U0                                                    |     0.001 |       3 |    <0.001 |    0 |  0.000 |      256 |     <0.001 |       4 |     0.000 |      4 |    0.001 |     0 |   0.000 |
|                 inst_blk_mem_gen                                    |     0.001 |       3 |    <0.001 |    0 |  0.000 |      256 |     <0.001 |       4 |     0.000 |      4 |    0.001 |     0 |   0.000 |
|                   gnbram.gnativebmg.native_blk_mem_gen              |     0.001 |       3 |    <0.001 |    0 |  0.000 |      256 |     <0.001 |       4 |     0.000 |      4 |    0.001 |     0 |   0.000 |
|                     valid.cstr                                      |     0.001 |       3 |    <0.001 |    0 |  0.000 |      256 |     <0.001 |       4 |     0.000 |      4 |    0.001 |     0 |   0.000 |
|             G_SPLIT_INPUT_RAM.u_spa_input_ctx1                      |     0.001 |       3 |    <0.001 |    0 |  0.000 |      256 |     <0.001 |       4 |     0.000 |      4 |    0.001 |     0 |   0.000 |
|               U0                                                    |     0.001 |       3 |    <0.001 |    0 |  0.000 |      256 |     <0.001 |       4 |     0.000 |      4 |    0.001 |     0 |   0.000 |
|                 inst_blk_mem_gen                                    |     0.001 |       3 |    <0.001 |    0 |  0.000 |      256 |     <0.001 |       4 |     0.000 |      4 |    0.001 |     0 |   0.000 |
|                   gnbram.gnativebmg.native_blk_mem_gen              |     0.001 |       3 |    <0.001 |    0 |  0.000 |      256 |     <0.001 |       4 |     0.000 |      4 |    0.001 |     0 |   0.000 |
|                     valid.cstr                                      |     0.001 |       3 |    <0.001 |    0 |  0.000 |      256 |     <0.001 |       4 |     0.000 |      4 |    0.001 |     0 |   0.000 |
|             G_SPLIT_INPUT_RAM.u_spe_input_ctx0                      |     0.001 |       3 |    <0.001 |    0 |  0.000 |      256 |     <0.001 |       4 |     0.000 |      4 |    0.001 |     0 |   0.000 |
|               U0                                                    |     0.001 |       3 |    <0.001 |    0 |  0.000 |      256 |     <0.001 |       4 |     0.000 |      4 |    0.001 |     0 |   0.000 |
|                 inst_blk_mem_gen                                    |     0.001 |       3 |    <0.001 |    0 |  0.000 |      256 |     <0.001 |       4 |     0.000 |      4 |    0.001 |     0 |   0.000 |
|                   gnbram.gnativebmg.native_blk_mem_gen              |     0.001 |       3 |    <0.001 |    0 |  0.000 |      256 |     <0.001 |       4 |     0.000 |      4 |    0.001 |     0 |   0.000 |
|                     valid.cstr                                      |     0.001 |       3 |    <0.001 |    0 |  0.000 |      256 |     <0.001 |       4 |     0.000 |      4 |    0.001 |     0 |   0.000 |
|             G_SPLIT_INPUT_RAM.u_spe_input_ctx1                      |     0.001 |       3 |    <0.001 |    0 |  0.000 |      256 |     <0.001 |       4 |     0.000 |      4 |    0.001 |     0 |   0.000 |
|               U0                                                    |     0.001 |       3 |    <0.001 |    0 |  0.000 |      256 |     <0.001 |       4 |     0.000 |      4 |    0.001 |     0 |   0.000 |
|                 inst_blk_mem_gen                                    |     0.001 |       3 |    <0.001 |    0 |  0.000 |      256 |     <0.001 |       4 |     0.000 |      4 |    0.001 |     0 |   0.000 |
|                   gnbram.gnativebmg.native_blk_mem_gen              |     0.001 |       3 |    <0.001 |    0 |  0.000 |      256 |     <0.001 |       4 |     0.000 |      4 |    0.001 |     0 |   0.000 |
|                     valid.cstr                                      |     0.001 |       3 |    <0.001 |    0 |  0.000 |      256 |     <0.001 |       4 |     0.000 |      4 |    0.001 |     0 |   0.000 |
|         u_pdt                                                       |     0.021 |       3 |     0.002 |    0 |  0.000 |     1554 |     <0.001 |    2195 |     0.001 |      5 |    0.017 |    12 |  <0.001 |
|           u_param_rom                                               |     0.018 |       3 |    <0.001 |    0 |  0.000 |      232 |     <0.001 |      11 |     0.000 |      5 |    0.017 |     0 |   0.000 |
|             GEN2.u                                                  |     0.018 |       3 |    <0.001 |    0 |  0.000 |      232 |     <0.001 |      10 |     0.000 |      5 |    0.017 |     0 |   0.000 |
|               U0                                                    |     0.018 |       3 |    <0.001 |    0 |  0.000 |      232 |     <0.001 |      10 |     0.000 |      5 |    0.017 |     0 |   0.000 |
|                 inst_blk_mem_gen                                    |     0.018 |       3 |    <0.001 |    0 |  0.000 |      232 |     <0.001 |      10 |     0.000 |      5 |    0.017 |     0 |   0.000 |
|                   gnbram.gnativebmg.native_blk_mem_gen              |     0.018 |       3 |    <0.001 |    0 |  0.000 |      232 |     <0.001 |      10 |     0.000 |      5 |    0.017 |     0 |   0.000 |
|                     valid.cstr                                      |     0.018 |       3 |    <0.001 |    0 |  0.000 |      232 |     <0.001 |      10 |     0.000 |      5 |    0.017 |     0 |   0.000 |
|                       ramloop[0].ram.r                              |     0.002 |       3 |    <0.001 |    0 |  0.000 |       36 |     <0.001 |       2 |     0.000 |      1 |    0.002 |     0 |   0.000 |
|                       ramloop[1].ram.r                              |     0.004 |       3 |    <0.001 |    0 |  0.000 |       61 |     <0.001 |       2 |     0.000 |      1 |    0.004 |     0 |   0.000 |
|                       ramloop[2].ram.r                              |     0.004 |       3 |    <0.001 |    0 |  0.000 |       50 |     <0.001 |       2 |     0.000 |      1 |    0.004 |     0 |   0.000 |
|                       ramloop[3].ram.r                              |     0.004 |       3 |    <0.001 |    0 |  0.000 |       43 |     <0.001 |       2 |     0.000 |      1 |    0.004 |     0 |   0.000 |
|                       ramloop[4].ram.r                              |     0.004 |       3 |    <0.001 |    0 |  0.000 |       42 |     <0.001 |       2 |     0.000 |      1 |    0.004 |     0 |   0.000 |
|         u_px                                                        |     0.031 |       3 |     0.003 |    0 |  0.000 |     3620 |      0.007 |    3680 |     0.004 |     12 |    0.012 |    20 |   0.004 |
|           GS.u                                                      |     0.031 |       3 |     0.003 |    0 |  0.000 |     3620 |      0.007 |    3680 |     0.004 |     12 |    0.012 |    20 |   0.004 |
|             GEN_DOT8_SCALED.G[0].u_dot                              |     0.004 |       3 |    <0.001 |    0 |  0.000 |      665 |     <0.001 |     646 |    <0.001 |      0 |    0.000 |     8 |   0.002 |
|             GEN_DOT8_SCALED.G[1].u_dot                              |     0.005 |       3 |    <0.001 |    0 |  0.000 |      722 |      0.001 |     687 |    <0.001 |      0 |    0.000 |     8 |   0.002 |
|             u_input_bram                                            |     0.001 |       3 |    <0.001 |    0 |  0.000 |      128 |     <0.001 |       4 |     0.000 |      4 |    0.001 |     0 |   0.000 |
|               U0                                                    |     0.001 |       3 |    <0.001 |    0 |  0.000 |      128 |     <0.001 |       4 |     0.000 |      4 |    0.001 |     0 |   0.000 |
|                 inst_blk_mem_gen                                    |     0.001 |       3 |    <0.001 |    0 |  0.000 |      128 |     <0.001 |       4 |     0.000 |      4 |    0.001 |     0 |   0.000 |
|                   gnbram.gnativebmg.native_blk_mem_gen              |     0.001 |       3 |    <0.001 |    0 |  0.000 |      128 |     <0.001 |       4 |     0.000 |      4 |    0.001 |     0 |   0.000 |
|                     valid.cstr                                      |     0.001 |       3 |    <0.001 |    0 |  0.000 |      128 |     <0.001 |       4 |     0.000 |      4 |    0.001 |     0 |   0.000 |
|             u_weight_rom                                            |     0.014 |       3 |    <0.001 |    0 |  0.000 |      768 |      0.002 |     266 |    <0.001 |      8 |    0.011 |     0 |   0.000 |
|               GEN_BLOCK2.u_copy01                                   |     0.006 |       3 |    <0.001 |    0 |  0.000 |      256 |     <0.001 |       4 |     0.000 |      4 |    0.005 |     0 |   0.000 |
|                 U0                                                  |     0.006 |       3 |    <0.001 |    0 |  0.000 |      256 |     <0.001 |       4 |     0.000 |      4 |    0.005 |     0 |   0.000 |
|                   inst_blk_mem_gen                                  |     0.006 |       3 |    <0.001 |    0 |  0.000 |      256 |     <0.001 |       4 |     0.000 |      4 |    0.005 |     0 |   0.000 |
|                     gnbram.gnativebmg.native_blk_mem_gen            |     0.006 |       3 |    <0.001 |    0 |  0.000 |      256 |     <0.001 |       4 |     0.000 |      4 |    0.005 |     0 |   0.000 |
|                       valid.cstr                                    |     0.006 |       3 |    <0.001 |    0 |  0.000 |      256 |     <0.001 |       4 |     0.000 |      4 |    0.005 |     0 |   0.000 |
|               GEN_BLOCK2.u_copy23                                   |     0.006 |       3 |    <0.001 |    0 |  0.000 |      256 |     <0.001 |       4 |     0.000 |      4 |    0.005 |     0 |   0.000 |
|                 U0                                                  |     0.006 |       3 |    <0.001 |    0 |  0.000 |      256 |     <0.001 |       4 |     0.000 |      4 |    0.005 |     0 |   0.000 |
|                   inst_blk_mem_gen                                  |     0.006 |       3 |    <0.001 |    0 |  0.000 |      256 |     <0.001 |       4 |     0.000 |      4 |    0.005 |     0 |   0.000 |
|                     gnbram.gnativebmg.native_blk_mem_gen            |     0.006 |       3 |    <0.001 |    0 |  0.000 |      256 |     <0.001 |       4 |     0.000 |      4 |    0.005 |     0 |   0.000 |
|                       valid.cstr                                    |     0.006 |       3 |    <0.001 |    0 |  0.000 |      256 |     <0.001 |       4 |     0.000 |      4 |    0.005 |     0 |   0.000 |
|         u_sdt                                                       |     0.025 |       3 |     0.002 |    0 |  0.000 |     2029 |     <0.001 |    2574 |     0.001 |      6 |    0.021 |    16 |  <0.001 |
|           u_param_rom                                               |     0.021 |       3 |    <0.001 |    0 |  0.000 |      296 |     <0.001 |      13 |     0.000 |      6 |    0.021 |     0 |   0.000 |
|             GEN2.u                                                  |     0.021 |       3 |    <0.001 |    0 |  0.000 |      296 |     <0.001 |      12 |     0.000 |      6 |    0.021 |     0 |   0.000 |
|               U0                                                    |     0.021 |       3 |    <0.001 |    0 |  0.000 |      296 |     <0.001 |      12 |     0.000 |      6 |    0.021 |     0 |   0.000 |
|                 inst_blk_mem_gen                                    |     0.021 |       3 |    <0.001 |    0 |  0.000 |      296 |     <0.001 |      12 |     0.000 |      6 |    0.021 |     0 |   0.000 |
|                   gnbram.gnativebmg.native_blk_mem_gen              |     0.021 |       3 |    <0.001 |    0 |  0.000 |      296 |     <0.001 |      12 |     0.000 |      6 |    0.021 |     0 |   0.000 |
|                     valid.cstr                                      |     0.021 |       3 |    <0.001 |    0 |  0.000 |      296 |     <0.001 |      12 |     0.000 |      6 |    0.021 |     0 |   0.000 |
|                       ramloop[0].ram.r                              |     0.002 |       3 |    <0.001 |    0 |  0.000 |       36 |     <0.001 |       2 |     0.000 |      1 |    0.002 |     0 |   0.000 |
|                       ramloop[1].ram.r                              |     0.004 |       3 |    <0.001 |    0 |  0.000 |       72 |     <0.001 |       2 |     0.000 |      1 |    0.004 |     0 |   0.000 |
|                       ramloop[2].ram.r                              |     0.004 |       3 |    <0.001 |    0 |  0.000 |       61 |     <0.001 |       2 |     0.000 |      1 |    0.004 |     0 |   0.000 |
|                       ramloop[3].ram.r                              |     0.004 |       3 |    <0.001 |    0 |  0.000 |       43 |     <0.001 |       2 |     0.000 |      1 |    0.004 |     0 |   0.000 |
|                       ramloop[4].ram.r                              |     0.004 |       3 |    <0.001 |    0 |  0.000 |       46 |     <0.001 |       2 |     0.000 |      1 |    0.004 |     0 |   0.000 |
|                       ramloop[5].ram.r                              |     0.004 |       3 |    <0.001 |    0 |  0.000 |       38 |     <0.001 |       2 |     0.000 |      1 |    0.004 |     0 |   0.000 |
|         u_sx                                                        |     0.081 |       3 |     0.005 |    0 |  0.000 |     5441 |      0.007 |    4552 |     0.003 |     24 |    0.061 |    18 |   0.004 |
|           GS.u                                                      |     0.081 |       3 |     0.005 |    0 |  0.000 |     5441 |      0.007 |    4552 |     0.003 |     24 |    0.061 |    18 |   0.004 |
|             u_dot                                                   |     0.008 |       3 |     0.001 |    0 |  0.000 |     1362 |      0.002 |    1307 |     0.001 |      0 |    0.000 |    16 |   0.004 |
|             u_input_bram                                            |     0.002 |       3 |    <0.001 |    0 |  0.000 |      512 |     <0.001 |       8 |     0.000 |      8 |    0.002 |     0 |   0.000 |
|               U0                                                    |     0.002 |       3 |    <0.001 |    0 |  0.000 |      512 |     <0.001 |       8 |     0.000 |      8 |    0.002 |     0 |   0.000 |
|                 inst_blk_mem_gen                                    |     0.002 |       3 |    <0.001 |    0 |  0.000 |      512 |     <0.001 |       8 |     0.000 |      8 |    0.002 |     0 |   0.000 |
|                   gnbram.gnativebmg.native_blk_mem_gen              |     0.002 |       3 |    <0.001 |    0 |  0.000 |      512 |     <0.001 |       8 |     0.000 |      8 |    0.002 |     0 |   0.000 |
|                     valid.cstr                                      |     0.002 |       3 |    <0.001 |    0 |  0.000 |      512 |     <0.001 |       8 |     0.000 |      8 |    0.002 |     0 |   0.000 |
|             u_weight_rom                                            |     0.062 |       3 |    <0.001 |    0 |  0.000 |     1292 |      0.003 |     302 |    <0.001 |     16 |    0.059 |     0 |   0.000 |
|               u0                                                    |     0.031 |       3 |    <0.001 |    0 |  0.000 |      646 |      0.001 |     151 |    <0.001 |      8 |    0.030 |     0 |   0.000 |
|                 GEN_BLOCK2.u_rom                                    |     0.030 |       3 |    <0.001 |    0 |  0.000 |      512 |     <0.001 |      16 |     0.000 |      8 |    0.030 |     0 |   0.000 |
|                   U0                                                |     0.030 |       3 |    <0.001 |    0 |  0.000 |      512 |     <0.001 |      16 |     0.000 |      8 |    0.030 |     0 |   0.000 |
|                     inst_blk_mem_gen                                |     0.030 |       3 |    <0.001 |    0 |  0.000 |      512 |     <0.001 |      16 |     0.000 |      8 |    0.030 |     0 |   0.000 |
|                       gnbram.gnativebmg.native_blk_mem_gen          |     0.030 |       3 |    <0.001 |    0 |  0.000 |      512 |     <0.001 |      16 |     0.000 |      8 |    0.030 |     0 |   0.000 |
|               u1                                                    |     0.031 |       3 |    <0.001 |    0 |  0.000 |      646 |      0.001 |     151 |    <0.001 |      8 |    0.030 |     0 |   0.000 |
|                 GEN_BLOCK2.u_rom                                    |     0.030 |       3 |    <0.001 |    0 |  0.000 |      512 |     <0.001 |      16 |     0.000 |      8 |    0.030 |     0 |   0.000 |
|                   U0                                                |     0.030 |       3 |    <0.001 |    0 |  0.000 |      512 |     <0.001 |      16 |     0.000 |      8 |    0.030 |     0 |   0.000 |
|                     inst_blk_mem_gen                                |     0.030 |       3 |    <0.001 |    0 |  0.000 |      512 |     <0.001 |      16 |     0.000 |      8 |    0.030 |     0 |   0.000 |
|                       gnbram.gnativebmg.native_blk_mem_gen          |     0.030 |       3 |    <0.001 |    0 |  0.000 |      512 |     <0.001 |      16 |     0.000 |      8 |    0.030 |     0 |   0.000 |
|         u_tail                                                      |     0.389 |       3 |     0.033 |    0 |  0.000 |    31609 |      0.057 |   29520 |     0.029 |     97 |    0.236 |   144 |   0.033 |
|           u_both_ssm                                                |     0.264 |       3 |     0.021 |    0 |  0.000 |    17697 |      0.049 |   16309 |     0.023 |     44 |    0.143 |    96 |   0.028 |
|             u_spa_ssm                                               |     0.133 |       3 |     0.010 |    0 |  0.000 |     8857 |      0.024 |    8129 |     0.012 |     22 |    0.071 |    48 |   0.015 |
|               GS_FUSED.u                                            |     0.133 |       3 |     0.010 |    0 |  0.000 |     8857 |      0.024 |    8129 |     0.012 |     22 |    0.071 |    48 |   0.015 |
|                 G_D1_NONLINEAR.G_NATIVE_ROM.u_rom                   |     0.029 |       3 |    <0.001 |    0 |  0.000 |      595 |      0.003 |     195 |    <0.001 |      6 |    0.026 |     0 |   0.000 |
|                   u0                                                |     0.029 |       3 |    <0.001 |    0 |  0.000 |      595 |      0.003 |     195 |    <0.001 |      6 |    0.026 |     0 |   0.000 |
|                 G_D_READOUT.u_d_lut                                 |     0.002 |       3 |    <0.001 |    0 |  0.000 |      260 |     <0.001 |     424 |    <0.001 |      0 |    0.000 |     0 |   0.000 |
|                 G_SCALED_BANKED.G_STATE_BANK[0].u_local_bank        |     0.037 |       3 |     0.004 |    0 |  0.000 |     3206 |      0.009 |    2871 |     0.004 |      2 |    0.012 |    24 |   0.007 |
|                   GEN_STATE[0].u_c_product                          |     0.001 |       3 |    <0.001 |    0 |  0.000 |      143 |     <0.001 |     194 |    <0.001 |      0 |    0.000 |     1 |  <0.001 |
|                     u_ip                                            |     0.001 |       3 |    <0.001 |    0 |  0.000 |      143 |     <0.001 |     194 |    <0.001 |      0 |    0.000 |     1 |  <0.001 |
|                       U0                                            |     0.001 |       3 |    <0.001 |    0 |  0.000 |      143 |     <0.001 |     194 |    <0.001 |      0 |    0.000 |     1 |  <0.001 |
|                   GEN_STATE[0].u_fused_update                       |     0.003 |       3 |    <0.001 |    0 |  0.000 |      511 |     <0.001 |     376 |    <0.001 |      0 |    0.000 |     5 |   0.001 |
|                   GEN_STATE[1].u_c_product                          |     0.002 |       3 |    <0.001 |    0 |  0.000 |      143 |     <0.001 |     194 |    <0.001 |      0 |    0.000 |     1 |  <0.001 |
|                     u_ip                                            |     0.002 |       3 |    <0.001 |    0 |  0.000 |      143 |     <0.001 |     194 |    <0.001 |      0 |    0.000 |     1 |  <0.001 |
|                       U0                                            |     0.002 |       3 |    <0.001 |    0 |  0.000 |      143 |     <0.001 |     194 |    <0.001 |      0 |    0.000 |     1 |  <0.001 |
|                   GEN_STATE[1].u_fused_update                       |     0.004 |       3 |    <0.001 |    0 |  0.000 |      512 |      0.001 |     376 |    <0.001 |      0 |    0.000 |     5 |   0.001 |
|                   GEN_STATE[2].u_c_product                          |     0.002 |       3 |    <0.001 |    0 |  0.000 |      143 |     <0.001 |     194 |    <0.001 |      0 |    0.000 |     1 |  <0.001 |
|                     u_ip                                            |     0.002 |       3 |    <0.001 |    0 |  0.000 |      143 |     <0.001 |     194 |    <0.001 |      0 |    0.000 |     1 |  <0.001 |
|                       U0                                            |     0.002 |       3 |    <0.001 |    0 |  0.000 |      143 |     <0.001 |     194 |    <0.001 |      0 |    0.000 |     1 |  <0.001 |
|                   GEN_STATE[2].u_fused_update                       |     0.003 |       3 |    <0.001 |    0 |  0.000 |      512 |      0.001 |     376 |    <0.001 |      0 |    0.000 |     5 |   0.001 |
|                   GEN_STATE[3].u_c_product                          |     0.002 |       3 |    <0.001 |    0 |  0.000 |      143 |     <0.001 |     194 |    <0.001 |      0 |    0.000 |     1 |  <0.001 |
|                     u_ip                                            |     0.002 |       3 |    <0.001 |    0 |  0.000 |      143 |     <0.001 |     194 |    <0.001 |      0 |    0.000 |     1 |  <0.001 |
|                       U0                                            |     0.002 |       3 |    <0.001 |    0 |  0.000 |      143 |     <0.001 |     194 |    <0.001 |      0 |    0.000 |     1 |  <0.001 |
|                   GEN_STATE[3].u_fused_update                       |     0.004 |       3 |    <0.001 |    0 |  0.000 |      512 |      0.001 |     376 |    <0.001 |      0 |    0.000 |     5 |   0.001 |
|                   G_BLOCK2_STATE_BRAM.u_state_bank                  |     0.013 |       3 |    <0.001 |    0 |  0.000 |      128 |     <0.001 |       2 |     0.000 |      2 |    0.012 |     0 |   0.000 |
|                     U0                                              |     0.013 |       3 |    <0.001 |    0 |  0.000 |      128 |     <0.001 |       2 |     0.000 |      2 |    0.012 |     0 |   0.000 |
|                       inst_blk_mem_gen                              |     0.013 |       3 |    <0.001 |    0 |  0.000 |      128 |     <0.001 |       2 |     0.000 |      2 |    0.012 |     0 |   0.000 |
|                 G_SCALED_BANKED.G_STATE_BANK[1].u_local_bank        |     0.037 |       3 |     0.004 |    0 |  0.000 |     3205 |      0.009 |    2871 |     0.004 |      2 |    0.012 |    24 |   0.008 |
|                   GEN_STATE[0].u_fused_update                       |     0.003 |       3 |    <0.001 |    0 |  0.000 |      511 |     <0.001 |     376 |    <0.001 |      0 |    0.000 |     5 |   0.001 |
|                   GEN_STATE[1].u_c_product                          |     0.002 |       3 |    <0.001 |    0 |  0.000 |      143 |     <0.001 |     194 |    <0.001 |      0 |    0.000 |     1 |  <0.001 |
|                     u_ip                                            |     0.002 |       3 |    <0.001 |    0 |  0.000 |      143 |     <0.001 |     194 |    <0.001 |      0 |    0.000 |     1 |  <0.001 |
|                       U0                                            |     0.002 |       3 |    <0.001 |    0 |  0.000 |      143 |     <0.001 |     194 |    <0.001 |      0 |    0.000 |     1 |  <0.001 |
|                   GEN_STATE[1].u_fused_update                       |     0.005 |       3 |    <0.001 |    0 |  0.000 |      511 |      0.002 |     376 |    <0.001 |      0 |    0.000 |     5 |   0.002 |
|                   GEN_STATE[2].u_fused_update                       |     0.003 |       3 |    <0.001 |    0 |  0.000 |      512 |     <0.001 |     376 |    <0.001 |      0 |    0.000 |     5 |   0.001 |
|                   GEN_STATE[3].u_c_product                          |     0.002 |       3 |    <0.001 |    0 |  0.000 |      143 |     <0.001 |     194 |    <0.001 |      0 |    0.000 |     1 |  <0.001 |
|                     u_ip                                            |     0.002 |       3 |    <0.001 |    0 |  0.000 |      143 |     <0.001 |     194 |    <0.001 |      0 |    0.000 |     1 |  <0.001 |
|                       U0                                            |     0.002 |       3 |    <0.001 |    0 |  0.000 |      143 |     <0.001 |     194 |    <0.001 |      0 |    0.000 |     1 |  <0.001 |
|                   GEN_STATE[3].u_fused_update                       |     0.004 |       3 |    <0.001 |    0 |  0.000 |      512 |      0.001 |     376 |    <0.001 |      0 |    0.000 |     5 |   0.002 |
|                   G_BLOCK2_STATE_BRAM.u_state_bank                  |     0.013 |       3 |    <0.001 |    0 |  0.000 |      128 |     <0.001 |       2 |     0.000 |      2 |    0.012 |     0 |   0.000 |
|                     U0                                              |     0.013 |       3 |    <0.001 |    0 |  0.000 |      128 |     <0.001 |       2 |     0.000 |      2 |    0.012 |     0 |   0.000 |
|                       inst_blk_mem_gen                              |     0.013 |       3 |    <0.001 |    0 |  0.000 |      128 |     <0.001 |       2 |     0.000 |      2 |    0.012 |     0 |   0.000 |
|                 u_b_record_bram                                     |     0.005 |       3 |    <0.001 |    0 |  0.000 |      128 |     <0.001 |       3 |     0.000 |      2 |    0.005 |     0 |   0.000 |
|                   GEN_BRAM_256.u_bram                               |     0.005 |       3 |    <0.001 |    0 |  0.000 |      128 |     <0.001 |       2 |     0.000 |      2 |    0.005 |     0 |   0.000 |
|                     U0                                              |     0.005 |       3 |    <0.001 |    0 |  0.000 |      128 |     <0.001 |       2 |     0.000 |      2 |    0.005 |     0 |   0.000 |
|                       inst_blk_mem_gen                              |     0.005 |       3 |    <0.001 |    0 |  0.000 |      128 |     <0.001 |       2 |     0.000 |      2 |    0.005 |     0 |   0.000 |
|                 u_c_record_bram                                     |     0.005 |       3 |    <0.001 |    0 |  0.000 |      128 |     <0.001 |       3 |     0.000 |      2 |    0.005 |     0 |   0.000 |
|                   GEN_BRAM_256.u_bram                               |     0.005 |       3 |    <0.001 |    0 |  0.000 |      128 |     <0.001 |       2 |     0.000 |      2 |    0.005 |     0 |   0.000 |
|                     U0                                              |     0.005 |       3 |    <0.001 |    0 |  0.000 |      128 |     <0.001 |       2 |     0.000 |      2 |    0.005 |     0 |   0.000 |
|                       inst_blk_mem_gen                              |     0.005 |       3 |    <0.001 |    0 |  0.000 |      128 |     <0.001 |       2 |     0.000 |      2 |    0.005 |     0 |   0.000 |
|                 u_dt_bram                                           |     0.006 |       3 |    <0.001 |    0 |  0.000 |       72 |     <0.001 |      29 |    <0.001 |      4 |    0.006 |     0 |   0.000 |
|                   u_bram                                            |     0.006 |       3 |    <0.001 |    0 |  0.000 |       64 |     <0.001 |       4 |     0.000 |      4 |    0.006 |     0 |   0.000 |
|                     U0                                              |     0.006 |       3 |    <0.001 |    0 |  0.000 |       64 |     <0.001 |       4 |     0.000 |      4 |    0.006 |     0 |   0.000 |
|                       inst_blk_mem_gen                              |     0.006 |       3 |    <0.001 |    0 |  0.000 |       64 |     <0.001 |       4 |     0.000 |      4 |    0.006 |     0 |   0.000 |
|                 u_u_bram                                            |     0.006 |       3 |    <0.001 |    0 |  0.000 |       69 |     <0.001 |      34 |    <0.001 |      4 |    0.006 |     0 |   0.000 |
|                   u_bram                                            |     0.006 |       3 |    <0.001 |    0 |  0.000 |       64 |     <0.001 |       4 |     0.000 |      4 |    0.006 |     0 |   0.000 |
|                     U0                                              |     0.006 |       3 |    <0.001 |    0 |  0.000 |       64 |     <0.001 |       4 |     0.000 |      4 |    0.006 |     0 |   0.000 |
|                       inst_blk_mem_gen                              |     0.006 |       3 |    <0.001 |    0 |  0.000 |       64 |     <0.001 |       4 |     0.000 |      4 |    0.006 |     0 |   0.000 |
|             u_spe_ssm                                               |     0.131 |       3 |     0.010 |    0 |  0.000 |     8832 |      0.024 |    8171 |     0.011 |     22 |    0.072 |    48 |   0.013 |
|               GS_FUSED.u                                            |     0.131 |       3 |     0.010 |    0 |  0.000 |     8828 |      0.024 |    8157 |     0.011 |     22 |    0.072 |    48 |   0.013 |
|                 G_D1_NONLINEAR.G_NATIVE_ROM.u_rom                   |     0.030 |       3 |    <0.001 |    0 |  0.000 |      595 |      0.003 |     195 |    <0.001 |      6 |    0.026 |     0 |   0.000 |
|                   u0                                                |     0.030 |       3 |    <0.001 |    0 |  0.000 |      595 |      0.003 |     195 |    <0.001 |      6 |    0.026 |     0 |   0.000 |
|                 G_D_READOUT.u_d_lut                                 |     0.002 |       3 |    <0.001 |    0 |  0.000 |      269 |      0.001 |     488 |    <0.001 |      0 |    0.000 |     0 |   0.000 |
|                 G_SCALED_BANKED.G_STATE_BANK[0].u_local_bank        |     0.035 |       3 |     0.004 |    0 |  0.000 |     3207 |      0.009 |    2879 |     0.004 |      2 |    0.012 |    24 |   0.007 |
|                   GEN_STATE[0].u_c_product                          |     0.002 |       3 |    <0.001 |    0 |  0.000 |      143 |     <0.001 |     194 |    <0.001 |      0 |    0.000 |     1 |  <0.001 |
|                     u_ip                                            |     0.002 |       3 |    <0.001 |    0 |  0.000 |      143 |     <0.001 |     194 |    <0.001 |      0 |    0.000 |     1 |  <0.001 |
|                       U0                                            |     0.002 |       3 |    <0.001 |    0 |  0.000 |      143 |     <0.001 |     194 |    <0.001 |      0 |    0.000 |     1 |  <0.001 |
|                   GEN_STATE[0].u_fused_update                       |     0.003 |       3 |    <0.001 |    0 |  0.000 |      512 |     <0.001 |     378 |    <0.001 |      0 |    0.000 |     5 |   0.001 |
|                   GEN_STATE[1].u_fused_update                       |     0.003 |       3 |    <0.001 |    0 |  0.000 |      512 |      0.001 |     378 |    <0.001 |      0 |    0.000 |     5 |   0.001 |
|                   GEN_STATE[2].u_c_product                          |     0.002 |       3 |    <0.001 |    0 |  0.000 |      143 |     <0.001 |     194 |    <0.001 |      0 |    0.000 |     1 |  <0.001 |
|                     u_ip                                            |     0.002 |       3 |    <0.001 |    0 |  0.000 |      143 |     <0.001 |     194 |    <0.001 |      0 |    0.000 |     1 |  <0.001 |
|                       U0                                            |     0.002 |       3 |    <0.001 |    0 |  0.000 |      143 |     <0.001 |     194 |    <0.001 |      0 |    0.000 |     1 |  <0.001 |
|                   GEN_STATE[2].u_fused_update                       |     0.004 |       3 |    <0.001 |    0 |  0.000 |      512 |      0.001 |     378 |    <0.001 |      0 |    0.000 |     5 |   0.001 |
|                   GEN_STATE[3].u_c_product                          |     0.002 |       3 |    <0.001 |    0 |  0.000 |      143 |     <0.001 |     194 |    <0.001 |      0 |    0.000 |     1 |  <0.001 |
|                     u_ip                                            |     0.002 |       3 |    <0.001 |    0 |  0.000 |      143 |     <0.001 |     194 |    <0.001 |      0 |    0.000 |     1 |  <0.001 |
|                       U0                                            |     0.002 |       3 |    <0.001 |    0 |  0.000 |      143 |     <0.001 |     194 |    <0.001 |      0 |    0.000 |     1 |  <0.001 |
|                   GEN_STATE[3].u_fused_update                       |     0.003 |       3 |    <0.001 |    0 |  0.000 |      512 |      0.001 |     378 |    <0.001 |      0 |    0.000 |     5 |   0.001 |
|                   G_BLOCK2_STATE_BRAM.u_state_bank                  |     0.013 |       3 |    <0.001 |    0 |  0.000 |      128 |     <0.001 |       2 |     0.000 |      2 |    0.012 |     0 |   0.000 |
|                     U0                                              |     0.013 |       3 |    <0.001 |    0 |  0.000 |      128 |     <0.001 |       2 |     0.000 |      2 |    0.012 |     0 |   0.000 |
|                       inst_blk_mem_gen                              |     0.013 |       3 |    <0.001 |    0 |  0.000 |      128 |     <0.001 |       2 |     0.000 |      2 |    0.012 |     0 |   0.000 |
|                 G_SCALED_BANKED.G_STATE_BANK[1].u_local_bank        |     0.035 |       3 |     0.004 |    0 |  0.000 |     3206 |      0.009 |    2879 |     0.004 |      2 |    0.012 |    24 |   0.006 |
|                   GEN_STATE[0].u_c_product                          |     0.001 |       3 |    <0.001 |    0 |  0.000 |      143 |     <0.001 |     194 |    <0.001 |      0 |    0.000 |     1 |  <0.001 |
|                     u_ip                                            |     0.001 |       3 |    <0.001 |    0 |  0.000 |      143 |     <0.001 |     194 |    <0.001 |      0 |    0.000 |     1 |  <0.001 |
|                       U0                                            |     0.001 |       3 |    <0.001 |    0 |  0.000 |      143 |     <0.001 |     194 |    <0.001 |      0 |    0.000 |     1 |  <0.001 |
|                   GEN_STATE[0].u_fused_update                       |     0.003 |       3 |    <0.001 |    0 |  0.000 |      512 |     <0.001 |     378 |    <0.001 |      0 |    0.000 |     5 |  <0.001 |
|                   GEN_STATE[1].u_c_product                          |     0.002 |       3 |    <0.001 |    0 |  0.000 |      143 |     <0.001 |     194 |    <0.001 |      0 |    0.000 |     1 |  <0.001 |
|                     u_ip                                            |     0.002 |       3 |    <0.001 |    0 |  0.000 |      143 |     <0.001 |     194 |    <0.001 |      0 |    0.000 |     1 |  <0.001 |
|                       U0                                            |     0.002 |       3 |    <0.001 |    0 |  0.000 |      143 |     <0.001 |     194 |    <0.001 |      0 |    0.000 |     1 |  <0.001 |
|                   GEN_STATE[1].u_fused_update                       |     0.004 |       3 |    <0.001 |    0 |  0.000 |      512 |      0.002 |     378 |    <0.001 |      0 |    0.000 |     5 |   0.001 |
|                   GEN_STATE[2].u_c_product                          |     0.002 |       3 |    <0.001 |    0 |  0.000 |      143 |     <0.001 |     194 |    <0.001 |      0 |    0.000 |     1 |  <0.001 |
|                     u_ip                                            |     0.002 |       3 |    <0.001 |    0 |  0.000 |      143 |     <0.001 |     194 |    <0.001 |      0 |    0.000 |     1 |  <0.001 |
|                       U0                                            |     0.002 |       3 |    <0.001 |    0 |  0.000 |      143 |     <0.001 |     194 |    <0.001 |      0 |    0.000 |     1 |  <0.001 |
|                   GEN_STATE[2].u_fused_update                       |     0.003 |       3 |    <0.001 |    0 |  0.000 |      511 |      0.001 |     378 |    <0.001 |      0 |    0.000 |     5 |   0.001 |
|                   GEN_STATE[3].u_c_product                          |     0.002 |       3 |    <0.001 |    0 |  0.000 |      143 |     <0.001 |     194 |    <0.001 |      0 |    0.000 |     1 |  <0.001 |
|                     u_ip                                            |     0.002 |       3 |    <0.001 |    0 |  0.000 |      143 |     <0.001 |     194 |    <0.001 |      0 |    0.000 |     1 |  <0.001 |
|                       U0                                            |     0.002 |       3 |    <0.001 |    0 |  0.000 |      143 |     <0.001 |     194 |    <0.001 |      0 |    0.000 |     1 |  <0.001 |
|                   GEN_STATE[3].u_fused_update                       |     0.002 |       3 |    <0.001 |    0 |  0.000 |      512 |     <0.001 |     378 |    <0.001 |      0 |    0.000 |     5 |  <0.001 |
|                   G_BLOCK2_STATE_BRAM.u_state_bank                  |     0.013 |       3 |    <0.001 |    0 |  0.000 |      128 |     <0.001 |       2 |     0.000 |      2 |    0.012 |     0 |   0.000 |
|                     U0                                              |     0.013 |       3 |    <0.001 |    0 |  0.000 |      128 |     <0.001 |       2 |     0.000 |      2 |    0.012 |     0 |   0.000 |
|                       inst_blk_mem_gen                              |     0.013 |       3 |    <0.001 |    0 |  0.000 |      128 |     <0.001 |       2 |     0.000 |      2 |    0.012 |     0 |   0.000 |
|                 u_b_record_bram                                     |     0.005 |       3 |    <0.001 |    0 |  0.000 |      128 |     <0.001 |       3 |     0.000 |      2 |    0.005 |     0 |   0.000 |
|                   GEN_BRAM_256.u_bram                               |     0.005 |       3 |    <0.001 |    0 |  0.000 |      128 |     <0.001 |       2 |     0.000 |      2 |    0.005 |     0 |   0.000 |
|                     U0                                              |     0.005 |       3 |    <0.001 |    0 |  0.000 |      128 |     <0.001 |       2 |     0.000 |      2 |    0.005 |     0 |   0.000 |
|                       inst_blk_mem_gen                              |     0.005 |       3 |    <0.001 |    0 |  0.000 |      128 |     <0.001 |       2 |     0.000 |      2 |    0.005 |     0 |   0.000 |
|                 u_c_record_bram                                     |     0.005 |       3 |    <0.001 |    0 |  0.000 |      128 |     <0.001 |       3 |     0.000 |      2 |    0.005 |     0 |   0.000 |
|                   GEN_BRAM_256.u_bram                               |     0.005 |       3 |    <0.001 |    0 |  0.000 |      128 |     <0.001 |       2 |     0.000 |      2 |    0.005 |     0 |   0.000 |
|                     U0                                              |     0.005 |       3 |    <0.001 |    0 |  0.000 |      128 |     <0.001 |       2 |     0.000 |      2 |    0.005 |     0 |   0.000 |
|                       inst_blk_mem_gen                              |     0.005 |       3 |    <0.001 |    0 |  0.000 |      128 |     <0.001 |       2 |     0.000 |      2 |    0.005 |     0 |   0.000 |
|                 u_dt_bram                                           |     0.006 |       3 |    <0.001 |    0 |  0.000 |       72 |     <0.001 |      27 |    <0.001 |      4 |    0.006 |     0 |   0.000 |
|                   u_bram                                            |     0.006 |       3 |    <0.001 |    0 |  0.000 |       64 |     <0.001 |       4 |     0.000 |      4 |    0.006 |     0 |   0.000 |
|                     U0                                              |     0.006 |       3 |    <0.001 |    0 |  0.000 |       64 |     <0.001 |       4 |     0.000 |      4 |    0.006 |     0 |   0.000 |
|                       inst_blk_mem_gen                              |     0.006 |       3 |    <0.001 |    0 |  0.000 |       64 |     <0.001 |       4 |     0.000 |      4 |    0.006 |     0 |   0.000 |
|                 u_u_bram                                            |     0.006 |       3 |    <0.001 |    0 |  0.000 |       72 |     <0.001 |      37 |    <0.001 |      4 |    0.006 |     0 |   0.000 |
|                   u_bram                                            |     0.006 |       3 |    <0.001 |    0 |  0.000 |       64 |     <0.001 |       4 |     0.000 |      4 |    0.006 |     0 |   0.000 |
|                     U0                                              |     0.006 |       3 |    <0.001 |    0 |  0.000 |       64 |     <0.001 |       4 |     0.000 |      4 |    0.006 |     0 |   0.000 |
|                       inst_blk_mem_gen                              |     0.006 |       3 |    <0.001 |    0 |  0.000 |       64 |     <0.001 |       4 |     0.000 |      4 |    0.006 |     0 |   0.000 |
|           u_post_ssm                                                |     0.126 |       3 |     0.012 |    0 |  0.000 |    13911 |      0.009 |   13207 |     0.006 |     53 |    0.093 |    48 |   0.005 |
|             u_residual_fusion                                       |     0.005 |       3 |     0.002 |    0 |  0.000 |     1658 |     <0.001 |    1947 |    <0.001 |      7 |    0.002 |     0 |   0.000 |
|               u_fusion                                              |     0.001 |       3 |    <0.001 |    0 |  0.000 |      563 |     <0.001 |     790 |    <0.001 |      0 |    0.000 |     0 |   0.000 |
|               u_input_slot_bram                                     |     0.001 |       3 |    <0.001 |    0 |  0.000 |       81 |     <0.001 |       4 |    <0.001 |      3 |    0.001 |     0 |   0.000 |
|                 u_bram                                              |     0.001 |       3 |    <0.001 |    0 |  0.000 |       80 |     <0.001 |       3 |     0.000 |      3 |    0.001 |     0 |   0.000 |
|                   U0                                                |     0.001 |       3 |    <0.001 |    0 |  0.000 |       80 |     <0.001 |       3 |     0.000 |      3 |    0.001 |     0 |   0.000 |
|                     inst_blk_mem_gen                                |     0.001 |       3 |    <0.001 |    0 |  0.000 |       80 |     <0.001 |       3 |     0.000 |      3 |    0.001 |     0 |   0.000 |
|                       gnbram.gnativebmg.native_blk_mem_gen          |     0.001 |       3 |    <0.001 |    0 |  0.000 |       80 |     <0.001 |       3 |     0.000 |      3 |    0.001 |     0 |   0.000 |
|             u_spa_out_proj                                          |     0.039 |       3 |     0.006 |    0 |  0.000 |     5822 |      0.005 |    5119 |     0.003 |     24 |    0.021 |    18 |   0.004 |
|               GS.u                                                  |     0.039 |       3 |     0.006 |    0 |  0.000 |     5822 |      0.005 |    5118 |     0.003 |     24 |    0.021 |    18 |   0.004 |
|                 u_dot                                               |     0.008 |       3 |     0.002 |    0 |  0.000 |     1370 |      0.002 |    1357 |     0.002 |      0 |    0.000 |    16 |   0.003 |
|                 u_ram                                               |     0.002 |       3 |    <0.001 |    0 |  0.000 |      512 |      0.000 |       8 |     0.000 |      8 |    0.002 |     0 |   0.000 |
|                   U0                                                |     0.002 |       3 |    <0.001 |    0 |  0.000 |      512 |      0.000 |       8 |     0.000 |      8 |    0.002 |     0 |   0.000 |
|                     inst_blk_mem_gen                                |     0.002 |       3 |    <0.001 |    0 |  0.000 |      512 |      0.000 |       8 |     0.000 |      8 |    0.002 |     0 |   0.000 |
|                       gnbram.gnativebmg.native_blk_mem_gen          |     0.002 |       3 |    <0.001 |    0 |  0.000 |      512 |      0.000 |       8 |     0.000 |      8 |    0.002 |     0 |   0.000 |
|                 u_rom                                               |     0.022 |       3 |    <0.001 |    0 |  0.000 |     1601 |      0.002 |     531 |    <0.001 |     16 |    0.019 |     0 |   0.000 |
|                   GEN2.a                                            |     0.019 |       3 |    <0.001 |    0 |  0.000 |     1088 |     <0.001 |      16 |     0.000 |     16 |    0.019 |     0 |   0.000 |
|                     U0                                              |     0.019 |       3 |    <0.001 |    0 |  0.000 |     1088 |     <0.001 |      16 |     0.000 |     16 |    0.019 |     0 |   0.000 |
|                       inst_blk_mem_gen                              |     0.019 |       3 |    <0.001 |    0 |  0.000 |     1088 |     <0.001 |      16 |     0.000 |     16 |    0.019 |     0 |   0.000 |
|             u_spa_ssm_requant                                       |     0.002 |       3 |    <0.001 |    0 |  0.000 |     1705 |     <0.001 |    1868 |    <0.001 |      0 |    0.000 |    12 |  <0.001 |
|             u_spe_out_proj                                          |     0.077 |       3 |     0.003 |    0 |  0.000 |     3020 |      0.002 |    2398 |     0.002 |     22 |    0.070 |     6 |  <0.001 |
|               GS.u                                                  |     0.077 |       3 |     0.003 |    0 |  0.000 |     3020 |      0.002 |    2397 |     0.002 |     22 |    0.070 |     6 |  <0.001 |
|                 G_DOT8_SCALED.u_dot                                 |     0.003 |       3 |    <0.001 |    0 |  0.000 |      426 |     <0.001 |     469 |    <0.001 |      0 |    0.000 |     4 |  <0.001 |
|                 u_ram                                               |     0.001 |       3 |    <0.001 |    0 |  0.000 |      128 |     <0.001 |       4 |     0.000 |      4 |    0.001 |     0 |   0.000 |
|                   U0                                                |     0.001 |       3 |    <0.001 |    0 |  0.000 |      128 |     <0.001 |       4 |     0.000 |      4 |    0.001 |     0 |   0.000 |
|                     inst_blk_mem_gen                                |     0.001 |       3 |    <0.001 |    0 |  0.000 |      128 |     <0.001 |       4 |     0.000 |      4 |    0.001 |     0 |   0.000 |
|                       gnbram.gnativebmg.native_blk_mem_gen          |     0.001 |       3 |    <0.001 |    0 |  0.000 |      128 |     <0.001 |       4 |     0.000 |      4 |    0.001 |     0 |   0.000 |
|                 u_rom                                               |     0.069 |       3 |    <0.001 |    0 |  0.000 |     1192 |      0.000 |     336 |    <0.001 |     18 |    0.069 |     0 |   0.000 |
|                   GEN2.u                                            |     0.069 |       3 |    <0.001 |    0 |  0.000 |     1192 |      0.000 |      36 |     0.000 |     18 |    0.069 |     0 |   0.000 |
|                     U0                                              |     0.069 |       3 |    <0.001 |    0 |  0.000 |     1192 |      0.000 |      36 |     0.000 |     18 |    0.069 |     0 |   0.000 |
|                       inst_blk_mem_gen                              |     0.069 |       3 |    <0.001 |    0 |  0.000 |     1192 |      0.000 |      36 |     0.000 |     18 |    0.069 |     0 |   0.000 |
|             u_spe_ssm_requant                                       |     0.002 |       3 |    <0.001 |    0 |  0.000 |     1701 |     <0.001 |    1869 |    <0.001 |      0 |    0.000 |    12 |  <0.001 |
|       u_patch                                                       |     0.076 |       3 |     0.006 |    0 |  0.000 |     4811 |      0.016 |    4627 |     0.008 |     12 |    0.034 |    36 |   0.013 |
|         u_patch_bias_rom                                            |     0.005 |       3 |    <0.001 |    0 |  0.000 |       84 |     <0.001 |       4 |     0.000 |      2 |    0.005 |     0 |   0.000 |
|           U0                                                        |     0.005 |       3 |    <0.001 |    0 |  0.000 |       84 |     <0.001 |       4 |     0.000 |      2 |    0.005 |     0 |   0.000 |
|             inst_blk_mem_gen                                        |     0.005 |       3 |    <0.001 |    0 |  0.000 |       84 |     <0.001 |       4 |     0.000 |      2 |    0.005 |     0 |   0.000 |
|               gnbram.gnativebmg.native_blk_mem_gen                  |     0.005 |       3 |    <0.001 |    0 |  0.000 |       84 |     <0.001 |       4 |     0.000 |      2 |    0.005 |     0 |   0.000 |
|                 valid.cstr                                          |     0.005 |       3 |    <0.001 |    0 |  0.000 |       84 |     <0.001 |       4 |     0.000 |      2 |    0.005 |     0 |   0.000 |
|                   ramloop[0].ram.r                                  |     0.003 |       3 |    <0.001 |    0 |  0.000 |       50 |     <0.001 |       2 |     0.000 |      1 |    0.002 |     0 |   0.000 |
|                     prim_init.ram                                   |     0.003 |       3 |    <0.001 |    0 |  0.000 |       50 |     <0.001 |       2 |     0.000 |      1 |    0.002 |     0 |   0.000 |
|                   ramloop[1].ram.r                                  |     0.002 |       3 |    <0.001 |    0 |  0.000 |       34 |     <0.001 |       2 |     0.000 |      1 |    0.002 |     0 |   0.000 |
|                     prim_init.ram                                   |     0.002 |       3 |    <0.001 |    0 |  0.000 |       34 |     <0.001 |       2 |     0.000 |      1 |    0.002 |     0 |   0.000 |
|         u_patch_weight_rom_copy01                                   |     0.011 |       3 |    <0.001 |    0 |  0.000 |      256 |      0.001 |       4 |     0.000 |      4 |    0.010 |     0 |   0.000 |
|           U0                                                        |     0.011 |       3 |    <0.001 |    0 |  0.000 |      256 |      0.001 |       4 |     0.000 |      4 |    0.010 |     0 |   0.000 |
|             inst_blk_mem_gen                                        |     0.011 |       3 |    <0.001 |    0 |  0.000 |      256 |      0.001 |       4 |     0.000 |      4 |    0.010 |     0 |   0.000 |
|               gnbram.gnativebmg.native_blk_mem_gen                  |     0.011 |       3 |    <0.001 |    0 |  0.000 |      256 |      0.001 |       4 |     0.000 |      4 |    0.010 |     0 |   0.000 |
|                 valid.cstr                                          |     0.011 |       3 |    <0.001 |    0 |  0.000 |      256 |      0.001 |       4 |     0.000 |      4 |    0.010 |     0 |   0.000 |
|                   ramloop[0].ram.r                                  |     0.003 |       3 |    <0.001 |    0 |  0.000 |       72 |     <0.001 |       1 |     0.000 |      1 |    0.002 |     0 |   0.000 |
|                     prim_init.ram                                   |     0.003 |       3 |    <0.001 |    0 |  0.000 |       72 |     <0.001 |       1 |     0.000 |      1 |    0.002 |     0 |   0.000 |
|                   ramloop[1].ram.r                                  |     0.003 |       3 |    <0.001 |    0 |  0.000 |       72 |     <0.001 |       1 |     0.000 |      1 |    0.002 |     0 |   0.000 |
|                     prim_init.ram                                   |     0.003 |       3 |    <0.001 |    0 |  0.000 |       72 |     <0.001 |       1 |     0.000 |      1 |    0.002 |     0 |   0.000 |
|                   ramloop[2].ram.r                                  |     0.003 |       3 |    <0.001 |    0 |  0.000 |       72 |     <0.001 |       1 |     0.000 |      1 |    0.002 |     0 |   0.000 |
|                     prim_init.ram                                   |     0.003 |       3 |    <0.001 |    0 |  0.000 |       72 |     <0.001 |       1 |     0.000 |      1 |    0.002 |     0 |   0.000 |
|                   ramloop[3].ram.r                                  |     0.003 |       3 |    <0.001 |    0 |  0.000 |       40 |     <0.001 |       1 |     0.000 |      1 |    0.002 |     0 |   0.000 |
|                     prim_init.ram                                   |     0.003 |       3 |    <0.001 |    0 |  0.000 |       40 |     <0.001 |       1 |     0.000 |      1 |    0.002 |     0 |   0.000 |
|         u_patch_weight_rom_copy23                                   |     0.011 |       3 |    <0.001 |    0 |  0.000 |      256 |      0.001 |       4 |     0.000 |      4 |    0.010 |     0 |   0.000 |
|           U0                                                        |     0.011 |       3 |    <0.001 |    0 |  0.000 |      256 |      0.001 |       4 |     0.000 |      4 |    0.010 |     0 |   0.000 |
|             inst_blk_mem_gen                                        |     0.011 |       3 |    <0.001 |    0 |  0.000 |      256 |      0.001 |       4 |     0.000 |      4 |    0.010 |     0 |   0.000 |
|               gnbram.gnativebmg.native_blk_mem_gen                  |     0.011 |       3 |    <0.001 |    0 |  0.000 |      256 |      0.001 |       4 |     0.000 |      4 |    0.010 |     0 |   0.000 |
|                 valid.cstr                                          |     0.011 |       3 |    <0.001 |    0 |  0.000 |      256 |      0.001 |       4 |     0.000 |      4 |    0.010 |     0 |   0.000 |
|                   ramloop[0].ram.r                                  |     0.003 |       3 |    <0.001 |    0 |  0.000 |       72 |     <0.001 |       1 |     0.000 |      1 |    0.002 |     0 |   0.000 |
|                     prim_init.ram                                   |     0.003 |       3 |    <0.001 |    0 |  0.000 |       72 |     <0.001 |       1 |     0.000 |      1 |    0.002 |     0 |   0.000 |
|                   ramloop[1].ram.r                                  |     0.003 |       3 |    <0.001 |    0 |  0.000 |       72 |     <0.001 |       1 |     0.000 |      1 |    0.002 |     0 |   0.000 |
|                     prim_init.ram                                   |     0.003 |       3 |    <0.001 |    0 |  0.000 |       72 |     <0.001 |       1 |     0.000 |      1 |    0.002 |     0 |   0.000 |
|                   ramloop[2].ram.r                                  |     0.003 |       3 |    <0.001 |    0 |  0.000 |       72 |     <0.001 |       1 |     0.000 |      1 |    0.002 |     0 |   0.000 |
|                     prim_init.ram                                   |     0.003 |       3 |    <0.001 |    0 |  0.000 |       72 |     <0.001 |       1 |     0.000 |      1 |    0.002 |     0 |   0.000 |
|                   ramloop[3].ram.r                                  |     0.003 |       3 |    <0.001 |    0 |  0.000 |       40 |     <0.001 |       1 |     0.000 |      1 |    0.002 |     0 |   0.000 |
|                     prim_init.ram                                   |     0.003 |       3 |    <0.001 |    0 |  0.000 |       40 |     <0.001 |       1 |     0.000 |      1 |    0.002 |     0 |   0.000 |
|       u_pool1                                                       |     0.010 |       3 |     0.005 |    0 |  0.000 |     2953 |     <0.001 |    3703 |    <0.001 |      8 |    0.004 |     0 |   0.000 |
|         u_pixel_bram_ctx0                                           |     0.002 |       3 |    <0.001 |    0 |  0.000 |      256 |     <0.001 |       4 |     0.000 |      4 |    0.002 |     0 |   0.000 |
|           U0                                                        |     0.002 |       3 |    <0.001 |    0 |  0.000 |      256 |     <0.001 |       4 |     0.000 |      4 |    0.002 |     0 |   0.000 |
|             inst_blk_mem_gen                                        |     0.002 |       3 |    <0.001 |    0 |  0.000 |      256 |     <0.001 |       4 |     0.000 |      4 |    0.002 |     0 |   0.000 |
|               gnbram.gnativebmg.native_blk_mem_gen                  |     0.002 |       3 |    <0.001 |    0 |  0.000 |      256 |     <0.001 |       4 |     0.000 |      4 |    0.002 |     0 |   0.000 |
|                 valid.cstr                                          |     0.002 |       3 |    <0.001 |    0 |  0.000 |      256 |     <0.001 |       4 |     0.000 |      4 |    0.002 |     0 |   0.000 |
|         u_pixel_bram_ctx1                                           |     0.002 |       3 |    <0.001 |    0 |  0.000 |      256 |     <0.001 |       4 |     0.000 |      4 |    0.002 |     0 |   0.000 |
|           U0                                                        |     0.002 |       3 |    <0.001 |    0 |  0.000 |      256 |     <0.001 |       4 |     0.000 |      4 |    0.002 |     0 |   0.000 |
|             inst_blk_mem_gen                                        |     0.002 |       3 |    <0.001 |    0 |  0.000 |      256 |     <0.001 |       4 |     0.000 |      4 |    0.002 |     0 |   0.000 |
|               gnbram.gnativebmg.native_blk_mem_gen                  |     0.002 |       3 |    <0.001 |    0 |  0.000 |      256 |     <0.001 |       4 |     0.000 |      4 |    0.002 |     0 |   0.000 |
|                 valid.cstr                                          |     0.002 |       3 |    <0.001 |    0 |  0.000 |      256 |     <0.001 |       4 |     0.000 |      4 |    0.002 |     0 |   0.000 |
|       u_pool2                                                       |     0.010 |       3 |     0.007 |    0 |  0.000 |     3470 |     <0.001 |    4487 |    <0.001 |      8 |    0.003 |     0 |   0.000 |
|         u_pixel_bram_ctx0                                           |     0.001 |       3 |    <0.001 |    0 |  0.000 |      256 |     <0.001 |       4 |     0.000 |      4 |    0.001 |     0 |   0.000 |
|           U0                                                        |     0.001 |       3 |    <0.001 |    0 |  0.000 |      256 |     <0.001 |       4 |     0.000 |      4 |    0.001 |     0 |   0.000 |
|             inst_blk_mem_gen                                        |     0.001 |       3 |    <0.001 |    0 |  0.000 |      256 |     <0.001 |       4 |     0.000 |      4 |    0.001 |     0 |   0.000 |
|               gnbram.gnativebmg.native_blk_mem_gen                  |     0.001 |       3 |    <0.001 |    0 |  0.000 |      256 |     <0.001 |       4 |     0.000 |      4 |    0.001 |     0 |   0.000 |
|                 valid.cstr                                          |     0.001 |       3 |    <0.001 |    0 |  0.000 |      256 |     <0.001 |       4 |     0.000 |      4 |    0.001 |     0 |   0.000 |
|         u_pixel_bram_ctx1                                           |     0.001 |       3 |    <0.001 |    0 |  0.000 |      256 |     <0.001 |       4 |     0.000 |      4 |    0.001 |     0 |   0.000 |
|           U0                                                        |     0.001 |       3 |    <0.001 |    0 |  0.000 |      256 |     <0.001 |       4 |     0.000 |      4 |    0.001 |     0 |   0.000 |
|             inst_blk_mem_gen                                        |     0.001 |       3 |    <0.001 |    0 |  0.000 |      256 |     <0.001 |       4 |     0.000 |      4 |    0.001 |     0 |   0.000 |
|               gnbram.gnativebmg.native_blk_mem_gen                  |     0.001 |       3 |    <0.001 |    0 |  0.000 |      256 |     <0.001 |       4 |     0.000 |      4 |    0.001 |     0 |   0.000 |
|                 valid.cstr                                          |     0.001 |       3 |    <0.001 |    0 |  0.000 |      256 |     <0.001 |       4 |     0.000 |      4 |    0.001 |     0 |   0.000 |
|     u_head                                                          |     0.031 |       3 |     0.005 |    0 |  0.000 |     5401 |      0.008 |    4487 |     0.005 |     20 |    0.007 |    18 |   0.005 |
|       u_dot_pair                                                    |     0.016 |       3 |     0.002 |    0 |  0.000 |     2209 |      0.006 |    2226 |     0.004 |      0 |    0.000 |    16 |   0.005 |
|       u_head1_rom_high                                              |     0.001 |       3 |    <0.001 |    0 |  0.000 |      277 |     <0.001 |       8 |     0.000 |      4 |    0.001 |     0 |   0.000 |
|         U0                                                          |     0.001 |       3 |    <0.001 |    0 |  0.000 |      277 |     <0.001 |       8 |     0.000 |      4 |    0.001 |     0 |   0.000 |
|           inst_blk_mem_gen                                          |     0.001 |       3 |    <0.001 |    0 |  0.000 |      277 |     <0.001 |       8 |     0.000 |      4 |    0.001 |     0 |   0.000 |
|             gnbram.gnativebmg.native_blk_mem_gen                    |     0.001 |       3 |    <0.001 |    0 |  0.000 |      277 |     <0.001 |       8 |     0.000 |      4 |    0.001 |     0 |   0.000 |
|               valid.cstr                                            |     0.001 |       3 |    <0.001 |    0 |  0.000 |      277 |     <0.001 |       8 |     0.000 |      4 |    0.001 |     0 |   0.000 |
|       u_head1_rom_low                                               |     0.001 |       3 |    <0.001 |    0 |  0.000 |      277 |     <0.001 |       8 |     0.000 |      4 |    0.001 |     0 |   0.000 |
|         U0                                                          |     0.001 |       3 |    <0.001 |    0 |  0.000 |      277 |     <0.001 |       8 |     0.000 |      4 |    0.001 |     0 |   0.000 |
|           inst_blk_mem_gen                                          |     0.001 |       3 |    <0.001 |    0 |  0.000 |      277 |     <0.001 |       8 |     0.000 |      4 |    0.001 |     0 |   0.000 |
|             gnbram.gnativebmg.native_blk_mem_gen                    |     0.001 |       3 |    <0.001 |    0 |  0.000 |      277 |     <0.001 |       8 |     0.000 |      4 |    0.001 |     0 |   0.000 |
|               valid.cstr                                            |     0.001 |       3 |    <0.001 |    0 |  0.000 |      277 |     <0.001 |       8 |     0.000 |      4 |    0.001 |     0 |   0.000 |
|       u_head2_rom_high                                              |     0.002 |       3 |    <0.001 |    0 |  0.000 |      277 |     <0.001 |       8 |     0.000 |      4 |    0.002 |     0 |   0.000 |
|         U0                                                          |     0.002 |       3 |    <0.001 |    0 |  0.000 |      277 |     <0.001 |       8 |     0.000 |      4 |    0.002 |     0 |   0.000 |
|           inst_blk_mem_gen                                          |     0.002 |       3 |    <0.001 |    0 |  0.000 |      277 |     <0.001 |       8 |     0.000 |      4 |    0.002 |     0 |   0.000 |
|             gnbram.gnativebmg.native_blk_mem_gen                    |     0.002 |       3 |    <0.001 |    0 |  0.000 |      277 |     <0.001 |       8 |     0.000 |      4 |    0.002 |     0 |   0.000 |
|               valid.cstr                                            |     0.002 |       3 |    <0.001 |    0 |  0.000 |      277 |     <0.001 |       8 |     0.000 |      4 |    0.002 |     0 |   0.000 |
|       u_head2_rom_low                                               |     0.002 |       3 |    <0.001 |    0 |  0.000 |      277 |     <0.001 |       8 |     0.000 |      4 |    0.002 |     0 |   0.000 |
|         U0                                                          |     0.002 |       3 |    <0.001 |    0 |  0.000 |      277 |     <0.001 |       8 |     0.000 |      4 |    0.002 |     0 |   0.000 |
|           inst_blk_mem_gen                                          |     0.002 |       3 |    <0.001 |    0 |  0.000 |      277 |     <0.001 |       8 |     0.000 |      4 |    0.002 |     0 |   0.000 |
|             gnbram.gnativebmg.native_blk_mem_gen                    |     0.002 |       3 |    <0.001 |    0 |  0.000 |      277 |     <0.001 |       8 |     0.000 |      4 |    0.002 |     0 |   0.000 |
|               valid.cstr                                            |     0.002 |       3 |    <0.001 |    0 |  0.000 |      277 |     <0.001 |       8 |     0.000 |      4 |    0.002 |     0 |   0.000 |
|       u_input_bram                                                  |     0.001 |       3 |    <0.001 |    0 |  0.000 |      256 |     <0.001 |       4 |     0.000 |      4 |    0.001 |     0 |   0.000 |
|         U0                                                          |     0.001 |       3 |    <0.001 |    0 |  0.000 |      256 |     <0.001 |       4 |     0.000 |      4 |    0.001 |     0 |   0.000 |
|           inst_blk_mem_gen                                          |     0.001 |       3 |    <0.001 |    0 |  0.000 |      256 |     <0.001 |       4 |     0.000 |      4 |    0.001 |     0 |   0.000 |
|             gnbram.gnativebmg.native_blk_mem_gen                    |     0.001 |       3 |    <0.001 |    0 |  0.000 |      256 |     <0.001 |       4 |     0.000 |      4 |    0.001 |     0 |   0.000 |
|               valid.cstr                                            |     0.001 |       3 |    <0.001 |    0 |  0.000 |      256 |     <0.001 |       4 |     0.000 |      4 |    0.001 |     0 |   0.000 |
+---------------------------------------------------------------------+-----------+---------+-----------+------+--------+----------+------------+---------+-----------+--------+----------+-------+---------+


