Copyright 1986-2022 Xilinx, Inc. All Rights Reserved. Copyright 2022-2025 Advanced Micro Devices, Inc. All Rights Reserved.
-------------------------------------------------------------------------------------------------------------------------------------------------
| Tool Version     : Vivado v.2025.2 (win64) Build 6299465 Fri Nov 14 19:35:11 GMT 2025
| Date             : Fri Sep 25 12:01:22 2026
| Host             : CHINAMI-1GGEFB2 running 64-bit major release  (build 9200)
| Command          : report_power -advisory -file E:/nf/n3_report_clean_v2/power_advisory.rpt
| Design           : nl_fullnet_shell
| Device           : xcku060-ffva1156-2-i
| Design State     : routed
| Grade            : industrial
| Process          : typical
| Characterization : Production
-------------------------------------------------------------------------------------------------------------------------------------------------

Power Report

Table of Contents
-----------------
1. Summary
1.1 On-Chip Components
1.2 Power Supply Summary
1.3 Confidence Level
2. Settings
2.1 Environment
2.2 Clock Constraints
3. Detailed Reports
3.1 By Hierarchy
4. Advisory

1. Summary
----------

+--------------------------+-------------------------------------------------------------------+
| Total On-Chip Power (W)  | 6.386                                                             |
| Design Power Budget (W)  | Unspecified*                                                      |
| Power Budget Margin (W)  | NA                                                                |
| Dynamic (W)              | 5.447                                                             |
| Device Static (W)        | 0.939                                                             |
| Effective TJA (C/W)      | 1.4                                                               |
| Max Ambient (C)          | 91.0                                                              |
| Junction Temperature (C) | 50.0                                                              |
| Confidence Level         | High                                                              |
| Setting File             | ---                                                               |
| Simulation Activity File | D:/我的文档/桌面/毕设/n3_power_delivery/n3_activity_clean_v1.saif |
| Design Nets Matched      | 71%   (453380/638590)                                             |
+--------------------------+-------------------------------------------------------------------+
* Specify Design Power Budget using, set_operating_conditions -design_power_budget <value in Watts>


1.1 On-Chip Components
----------------------

+--------------------------+-----------+----------+-----------+-----------------+
| On-Chip                  | Power (W) | Used     | Available | Utilization (%) |
+--------------------------+-----------+----------+-----------+-----------------+
| Clocks                   |     0.471 |        3 |       --- |             --- |
| CLB Logic                |     0.824 |   410523 |       --- |             --- |
|   LUT as Logic           |     0.474 |   147005 |    331680 |           44.32 |
|   LUT as Distributed RAM |     0.202 |     5676 |    146880 |            3.86 |
|   Register               |     0.080 |   171958 |    663360 |           25.92 |
|   LUT as Shift Register  |     0.043 |     2322 |    146880 |            1.58 |
|   CARRY8                 |     0.026 |    21380 |     41460 |           51.57 |
|   F7/F8 Muxes            |    <0.001 |     2702 |    331680 |            0.81 |
|   Others                 |     0.000 |    13476 |       --- |             --- |
|   BUFG                   |     0.000 |        1 |        96 |            1.04 |
| Signals                  |     1.265 |   397094 |       --- |             --- |
| Block RAM                |     2.011 |      692 |      1080 |           64.07 |
| DSPs                     |     0.863 |     2192 |      2760 |           79.42 |
| I/O                      |     0.011 |      227 |       520 |           43.65 |
| Static Power             |     0.939 |          |           |                 |
| Total                    |     6.386 |          |           |                 |
+--------------------------+-----------+----------+-----------+-----------------+


1.2 Power Supply Summary
------------------------

+------------+-------------+-----------+-------------+------------+-------------+-------------+------------+
| Source     | Voltage (V) | Total (A) | Dynamic (A) | Static (A) | Powerup (A) | Budget (A)  | Margin (A) |
+------------+-------------+-----------+-------------+------------+-------------+-------------+------------+
| Vccint     |       0.950 |     6.124 |       5.652 |      0.472 |       NA    | Unspecified | NA         |
| Vccaux     |       1.800 |     0.133 |       0.000 |      0.133 |       NA    | Unspecified | NA         |
| Vccaux_io  |       1.800 |     0.085 |       0.003 |      0.081 |       NA    | Unspecified | NA         |
| Vccint_io  |       0.950 |     0.045 |       0.005 |      0.040 |       NA    | Unspecified | NA         |
| Vcco33     |       3.300 |     0.000 |       0.000 |      0.000 |       NA    | Unspecified | NA         |
| Vcco25     |       2.500 |     0.000 |       0.000 |      0.000 |       NA    | Unspecified | NA         |
| Vcco18     |       1.800 |     0.000 |       0.000 |      0.000 |       NA    | Unspecified | NA         |
| Vcco15     |       1.500 |     0.000 |       0.000 |      0.000 |       NA    | Unspecified | NA         |
| Vcco135    |       1.350 |     0.000 |       0.000 |      0.000 |       NA    | Unspecified | NA         |
| Vcco12     |       1.200 |     0.000 |       0.000 |      0.000 |       NA    | Unspecified | NA         |
| Vcco10     |       1.000 |     0.000 |       0.000 |      0.000 |       NA    | Unspecified | NA         |
| Vccbram    |       0.950 |     0.114 |       0.069 |      0.045 |       NA    | Unspecified | NA         |
| MGTAVcc    |       1.000 |     0.000 |       0.000 |      0.000 |       NA    | Unspecified | NA         |
| MGTAVtt    |       1.200 |     0.000 |       0.000 |      0.000 |       NA    | Unspecified | NA         |
| MGTVccaux  |       1.800 |     0.000 |       0.000 |      0.000 |       NA    | Unspecified | NA         |
| Vccadc     |       1.800 |     0.014 |       0.000 |      0.014 |       NA    | Unspecified | NA         |
| MGTYVccaux |       1.800 |     0.000 |       0.000 |      0.000 |       NA    | Unspecified | NA         |
| MGTYAVcc   |       1.000 |     0.000 |       0.000 |      0.000 |       NA    | Unspecified | NA         |
| MGTYAVtt   |       1.200 |     0.000 |       0.000 |      0.000 |       NA    | Unspecified | NA         |
+------------+-------------+-----------+-------------+------------+-------------+-------------+------------+


1.3 Confidence Level
--------------------

+-----------------------------+------------+------------------------------------------------+--------+
| User Input Data             | Confidence | Details                                        | Action |
+-----------------------------+------------+------------------------------------------------+--------+
| Design implementation state | High       | Design is routed                               |        |
| Clock nodes activity        | High       | User specified more than 95% of clocks         |        |
| I/O nodes activity          | High       | User specified more than 95% of inputs         |        |
| Internal nodes activity     | High       | User specified more than 25% of internal nodes |        |
| Device models               | High       | Device models are Production                   |        |
|                             |            |                                                |        |
| Overall confidence level    | High       |                                                |        |
+-----------------------------+------------+------------------------------------------------+--------+


2. Settings
-----------

2.1 Environment
---------------

+-----------------------+--------------------------+
| Ambient Temp (C)      | 41.0                     |
| ThetaJA (C/W)         | 1.4                      |
| Airflow (LFM)         | 250                      |
| Heat Sink             | medium (Medium Profile)  |
| ThetaSA (C/W)         | 2.4                      |
| Board Selection       | medium (10"x10")         |
| # of Board Layers     | 12to15 (12 to 15 Layers) |
| Board Temperature (C) | 25.0                     |
+-----------------------+--------------------------+


2.2 Clock Constraints
---------------------

+----------+--------+-----------------+
| Clock    | Domain | Constraint (ns) |
+----------+--------+-----------------+
| core_clk | clk    |            10.0 |
+----------+--------+-----------------+


3. Detailed Reports
-------------------

3.1 By Hierarchy
----------------

+------------------------+-----------+
| Name                   | Power (W) |
+------------------------+-----------+
| nl_fullnet_shell       |     5.447 |
|   u_network            |     5.435 |
|     u_features         |     5.404 |
|       u_block0         |     3.318 |
|       u_block1         |     1.322 |
|       u_block2         |     0.668 |
|       u_patch          |     0.076 |
|       u_pool1          |     0.010 |
|       u_pool2          |     0.010 |
|     u_head             |     0.031 |
|       u_dot_pair       |     0.016 |
|       u_head1_rom_high |     0.001 |
|       u_head1_rom_low  |     0.001 |
|       u_head2_rom_high |     0.002 |
|       u_head2_rom_low  |     0.002 |
|       u_input_bram     |     0.001 |
+------------------------+-----------+


4. Advisory
-----------

+------------------+----------------------------------+--------+--------------+-------------+--------------------+-----------------+--------------------------------------------------------------------------------------------------------------------------------------------------------------------------------------+
| Confidence Level | Status                           | Fanout | Signal Type  | Polarity    | Static Probability | Toggle Rate (%) | Net                                                                                                                                                                                  |
+------------------+----------------------------------+--------+--------------+-------------+--------------------+-----------------+--------------------------------------------------------------------------------------------------------------------------------------------------------------------------------------+
| Low              |                                  |    576 |              | Active High |               0.02 |             3.1 | u_network/u_features/u_pool1/pair01[0]                                                                                                                                               |
| Low              |                                  |    512 |              | Active High |               0.00 |             1.0 | u_network/u_features/u_block1/u_sx/GS.u/activation[511]_i_1__0_n_0                                                                                                                   |
| Low              |                                  |    512 |              | Active High |               0.00 |             0.0 | u_network/u_features/u_block1/u_tail/u_post_ssm/u_spa_out_proj/GS.u/activation[511]_i_1_n_0                                                                                          |
| Low              |                                  |    512 |              | Active High |               0.02 |             3.1 | u_network/u_features/u_block1/u_tail/u_post_ssm/u_spa_out_proj/GS.u/next_activation[0]                                                                                               |
| Low              |                                  |    512 |              | Active High |               0.00 |             0.0 | u_network/u_features/u_block2/u_tail/u_post_ssm/u_spa_out_proj/GS.u/next_activation[0]                                                                                               |
| Low              |                                  |    320 |              | Active High |               0.02 |             3.1 | u_network/u_features/u_pool1/pool_word[0]                                                                                                                                            |
| Low              |                                  |    320 |              | Active High |               0.00 |             0.8 | u_network/u_features/u_pool2/pool_word[0]                                                                                                                                            |
| Low              |                                  |    256 |              | Active High |               0.02 |             3.1 | u_network/u_features/u_pool1/G_LEGACY_CAPTURE_PAYLOAD.pixel0[0]                                                                                                                      |
| Low              |                                  |    256 |              | Active High |               0.02 |             3.1 | u_network/u_features/u_pool1/G_LEGACY_CAPTURE_PAYLOAD.pixel1[0]                                                                                                                      |
| Low              |                                  |    256 |              | Active High |               0.02 |             3.1 | u_network/u_features/u_pool1/G_LEGACY_CAPTURE_PAYLOAD.pixel2[0]                                                                                                                      |
| Low              |                                  |    256 |              | Active High |               0.00 |             0.8 | u_network/u_head/input_activation[255]_i_1_n_0                                                                                                                                       |
| Low              |                                  |    192 |              | Active High |               0.01 |             1.6 | u_network/u_features/u_block2/u_tail/u_both_ssm/u_spa_ssm/GS_FUSED.u/out_y_q24[187]_i_1_n_0                                                                                          |
| Low              |                                  |    192 |              | Active High |               0.01 |             1.6 | u_network/u_features/u_block2/u_tail/u_both_ssm/u_spe_ssm/GS_FUSED.u/out_y_q24[191]_i_1_n_0                                                                                          |
| Low              |                                  |    190 |              | Active High |               0.00 |             0.0 | u_network/u_features/u_block1/u_tail/u_both_ssm/u_spe_ssm/G1_SPE_DUAL.u/u_upper/E[0]                                                                                                 |
| Low              |                                  |    189 |              | Active High |               0.02 |             3.1 | u_network/u_features/u_block0/u_sx/G0.u/G_COMPLETED_BANK[0].u_completed_bank/rows[0][0][20]_i_1_n_0                                                                                  |
| Low              |                                  |    189 |              | Active High |               0.02 |             3.1 | u_network/u_features/u_block0/u_sx/G0.u/G_COMPLETED_BANK[0].u_completed_bank/rows[1][0][20]_i_1_n_0                                                                                  |
| Low              |                                  |    189 |              | Active High |               0.02 |             3.1 | u_network/u_features/u_block0/u_sx/G0.u/G_COMPLETED_BANK[0].u_completed_bank/rows[2][0][20]_i_1_n_0                                                                                  |
| Low              |                                  |    189 |              | Active High |               0.02 |             3.1 | u_network/u_features/u_block0/u_sx/G0.u/G_COMPLETED_BANK[0].u_completed_bank/rows[3][0][20]_i_1_n_0                                                                                  |
| Low              |                                  |    189 |              | Active High |               0.02 |             3.1 | u_network/u_features/u_block0/u_sx/G0.u/G_COMPLETED_BANK[1].u_completed_bank/rows[0][0][20]_i_1_n_0                                                                                  |
| Low              |                                  |    189 |              | Active High |               0.02 |             3.1 | u_network/u_features/u_block0/u_sx/G0.u/G_COMPLETED_BANK[1].u_completed_bank/rows[1][0][20]_i_1_n_0                                                                                  |
| Low              |                                  |    189 |              | Active High |               0.02 |             3.1 | u_network/u_features/u_block0/u_sx/G0.u/G_COMPLETED_BANK[1].u_completed_bank/rows[2][0][20]_i_1_n_0                                                                                  |
| Low              |                                  |    189 |              | Active High |               0.02 |             3.1 | u_network/u_features/u_block0/u_sx/G0.u/G_COMPLETED_BANK[1].u_completed_bank/rows[3][0][20]_i_1_n_0                                                                                  |
| Low              |                                  |    183 |              | Active High |               0.02 |             3.1 | u_network/u_features/u_block2/u_tail/u_post_ssm/u_residual_fusion/u_fusion/captured_a_0[0]                                                                                           |
| Low              |                                  |    168 |              | Active High |               0.02 |             3.1 | u_network/u_features/u_block0/u_sx/G0.u/G_COMPLETED_BANK[2].u_completed_bank/rows[0][0][20]_i_1_n_0                                                                                  |
| Low              |                                  |    168 |              | Active High |               0.02 |             3.1 | u_network/u_features/u_block0/u_sx/G0.u/G_COMPLETED_BANK[2].u_completed_bank/rows[1][0][20]_i_1_n_0                                                                                  |
| Low              |                                  |    168 |              | Active High |               0.02 |             3.1 | u_network/u_features/u_block0/u_sx/G0.u/G_COMPLETED_BANK[2].u_completed_bank/rows[2][0][20]_i_1_n_0                                                                                  |
| Low              |                                  |    168 |              | Active High |               0.02 |             3.1 | u_network/u_features/u_block0/u_sx/G0.u/G_COMPLETED_BANK[2].u_completed_bank/rows[3][0][20]_i_1_n_0                                                                                  |
| Low              |                                  |    168 |              | Active High |               0.02 |             3.1 | u_network/u_features/u_block0/u_sx/G0.u/G_COMPLETED_BANK[3].u_completed_bank/rows[0][0][20]_i_1_n_0                                                                                  |
| Low              |                                  |    168 |              | Active High |               0.02 |             3.1 | u_network/u_features/u_block0/u_sx/G0.u/G_COMPLETED_BANK[3].u_completed_bank/rows[1][0][20]_i_1_n_0                                                                                  |
| Low              |                                  |    168 |              | Active High |               0.02 |             3.1 | u_network/u_features/u_block0/u_sx/G0.u/G_COMPLETED_BANK[3].u_completed_bank/rows[2][0][20]_i_1_n_0                                                                                  |
| Low              |                                  |    168 |              | Active High |               0.02 |             3.1 | u_network/u_features/u_block0/u_sx/G0.u/G_COMPLETED_BANK[3].u_completed_bank/rows[3][0][20]_i_1_n_0                                                                                  |
| Low              |                                  |    150 |              | Active High |               0.02 |             3.1 | u_network/u_features/u_block2/u_tail/u_post_ssm/u_residual_fusion/u_fusion/out_data[63]_i_1__1_n_0                                                                                   |
| Low              |                                  |    128 |              | Active High |               0.00 |             0.7 | u_network/u_features/u_block1/u_px/GS.u/activation[127]_i_1_n_0                                                                                                                      |
| Low              |                                  |    128 |              | Active High |               0.02 |             4.8 | u_network/u_features/u_block1/u_tail/u_post_ssm/u_spe_out_proj/GS.u/activation[127]_i_1__0_n_0                                                                                       |
| Low              |                                  |    128 |              | Active High |               0.00 |             0.8 | u_network/u_features/u_block2/u_px/GS.u/activation[127]_i_1_n_0                                                                                                                      |
| Low              |                                  |    128 |              | Active High |               0.02 |             3.1 | u_network/u_features/u_block2/u_tail/u_post_ssm/u_spe_out_proj/GS.u/activation[127]_i_1__0_n_0                                                                                       |
| Low              |                                  |    111 |              | Active High |               0.02 |             3.1 | u_network/u_features/u_block2/u_tail/u_post_ssm/u_residual_fusion/u_block_residual/captured_a[0]                                                                                     |
| Low              |                                  |    106 |              | Active High |               0.00 |             0.8 | u_network/u_head/group0_logit_q[0]                                                                                                                                                   |
| Low              |                                  |    100 | /BRAM Enable | Active High |               0.02 |             3.1 | u_network/u_features/u_block1/u_conv/u_spa_conv1d/ready_count[0]                                                                                                                     |
| Low              |                                  |    100 | /BRAM Enable | Active High |               0.06 |            12.5 | u_network/u_features/u_block1/u_px/GS.u/pb_v                                                                                                                                         |
| Low              |                                  |    100 | /BRAM Enable | Active High |               0.06 |            12.5 | u_network/u_features/u_block1/u_px/GS.u/pcv_v                                                                                                                                        |
| Low              |                                  |    100 | /BRAM Enable | Active High |               0.02 |             3.1 | u_network/u_features/u_block1/u_tail/u_both_ssm/u_spa_ssm/GS_FUSED.u/wr_en                                                                                                           |
| Low              |                                  |    100 | /BRAM Enable | Active High |               0.00 |             0.8 | u_network/u_features/u_block2/u_conv/u_spa_conv1d/ready_count[0]                                                                                                                     |
| Low              |                                  |    100 | /BRAM Enable | Active High |               0.00 |             0.8 | u_network/u_features/u_block2/u_tail/u_both_ssm/u_spa_ssm/GS_FUSED.u/wr_en_0                                                                                                         |
| Low              |                                  |     76 |              | Active High |               0.00 |             0.8 | u_network/u_head/final_logits_q[0]                                                                                                                                                   |
| Low              |                                  |     72 | BRAM Enable  | Active High |               0.03 |             6.3 | u_network/u_features/u_block0/u_in/G_DSP_PARALLEL.u/ena0                                                                                                                             |
| Low              |                                  |     72 | BRAM Enable  | Active High |               0.03 |             6.3 | u_network/u_features/u_block0/u_in/G_DSP_PARALLEL.u/ena05_out                                                                                                                        |
| Low              |                                  |     72 | BRAM Enable  | Active High |               0.01 |             1.6 | u_network/u_features/u_block1/u_in/G_DSP_PARALLEL.u/ena0                                                                                                                             |
| Low              |                                  |     72 | BRAM Enable  | Active High |               0.01 |             1.6 | u_network/u_features/u_block1/u_in/G_DSP_PARALLEL.u/ena05_out                                                                                                                        |
| Low              |                                  |     72 | BRAM Enable  | Active High |               0.00 |             0.4 | u_network/u_features/u_block2/u_in/G_DSP_PARALLEL.u/ena0                                                                                                                             |
| Low              |                                  |     72 | BRAM Enable  | Active High |               0.00 |             0.4 | u_network/u_features/u_block2/u_in/G_DSP_PARALLEL.u/ena05_out                                                                                                                        |
| Low              |                                  |     72 |              | Active High |               0.00 |             0.8 | u_network/u_head/out_logits[71]_i_1_n_0                                                                                                                                              |
| Low              |                                  |     70 |              | Active High |               0.02 |             3.1 | u_network/u_features/u_block2/u_tail/u_post_ssm/u_residual_fusion/u_block_residual/out_metadata[5]_i_1_n_0                                                                           |
| Low              |                                  |     68 | /BRAM Enable | Active High |               0.00 |             0.8 | u_network/u_head/input_wr_en                                                                                                                                                         |
| Low              |                                  |     64 |              | Active High |               0.02 |             3.1 | u_network/u_features/u_block1/u_conv/u_spa_conv1d/E[0]                                                                                                                               |
| Low              |                                  |     64 |              | Active High |               0.02 |             3.1 | u_network/u_features/u_block1/u_conv/u_spa_conv1d/E[1]                                                                                                                               |
| Low              |                                  |     64 |              | Active High |               0.00 |             0.8 | u_network/u_features/u_block2/u_conv/u_spa_conv1d/E[0]                                                                                                                               |
| Low              |                                  |     64 |              | Active High |               0.00 |             0.8 | u_network/u_features/u_block2/u_conv/u_spa_conv1d/E[1]                                                                                                                               |
| Low              |                                  |     64 |              | Active High |               0.02 |             3.1 | u_network/u_features/u_block2/u_conv/u_spe_conv1d/block_frame_start_q_reg[0]                                                                                                         |
| Low              |                                  |     64 |              | Active High |               0.00 |             0.1 | u_network/u_features/u_block2/u_in/G_DSP_PARALLEL.u/spa_out_data[63]_i_1_n_0                                                                                                         |
| Low              |                                  |     64 |              | Active High |               0.00 |             0.1 | u_network/u_features/u_block2/u_in/G_DSP_PARALLEL.u/spe_out_data[63]_i_1_n_0                                                                                                         |
| Low              |                                  |     56 |              | Active High |               0.02 |             3.1 | u_network/u_features/u_block1/u_conv/u_spa_conv1d/E[13]                                                                                                                              |
| Low              |                                  |     56 |              | Active High |               0.02 |             3.1 | u_network/u_features/u_block1/u_conv/u_spa_conv1d/E[2]                                                                                                                               |
| Low              |                                  |     56 |              | Active High |               0.00 |             0.8 | u_network/u_features/u_block2/u_conv/u_spa_conv1d/E[13]                                                                                                                              |
| Low              |                                  |     56 |              | Active High |               0.00 |             0.8 | u_network/u_features/u_block2/u_conv/u_spa_conv1d/E[2]                                                                                                                               |
| Low              |                                  |     52 | /BRAM Enable | Active High |               0.06 |            12.5 | u_network/u_features/u_block1/u_conv/u_spe_conv1d/ena                                                                                                                                |
| Low              |                                  |     52 | /BRAM Enable | Active High |               0.06 |            12.5 | u_network/u_features/u_block1/u_tail/u_post_ssm/u_spe_ssm_requant/wr_en                                                                                                              |
| Low              |                                  |     52 | /BRAM Enable | Active High |               0.02 |             3.1 | u_network/u_features/u_block2/u_conv/u_spe_conv1d/wr_en                                                                                                                              |
| Low              |                                  |     52 | /BRAM Enable | Active High |               0.02 |             3.1 | u_network/u_features/u_block2/u_tail/u_both_ssm/u_spe_ssm/GS_FUSED.u/wr_en                                                                                                           |
| Low              |                                  |     51 |              | Active High |               0.02 |             0.5 | u_network/u_features/u_pool1/FSM_onehot_state_reg_n_0_[10]                                                                                                                           |
| Low              |                                  |     50 | /BRAM Enable | Active High |               0.02 |             3.1 | u_network/u_features/u_block1/u_sx/GS.u/sb_v                                                                                                                                         |
| Low              |                                  |     50 | /BRAM Enable | Active High |               0.02 |             3.1 | u_network/u_features/u_block1/u_sx/GS.u/scv_v                                                                                                                                        |
| Low              |                                  |     50 | /BRAM Enable | Active High |               0.02 |             3.1 | u_network/u_features/u_block2/u_px/GS.u/pb_v                                                                                                                                         |
| Low              |                                  |     50 | /BRAM Enable | Active High |               0.02 |             3.1 | u_network/u_features/u_block2/u_px/GS.u/pcv_v                                                                                                                                        |
| Low              |                                  |     50 | /BRAM Enable | Active High |               0.00 |             0.8 | u_network/u_features/u_block2/u_sx/GS.u/sb_v                                                                                                                                         |
| Low              |                                  |     50 | /BRAM Enable | Active High |               0.00 |             0.8 | u_network/u_features/u_block2/u_sx/GS.u/scv_v                                                                                                                                        |
| Low              |                                  |     48 |              | Active High |               0.02 |             3.1 | u_network/u_features/u_block1/u_conv/u_spa_conv1d/E[15]                                                                                                                              |
| Low              |                                  |     48 |              | Active High |               0.00 |             0.8 | u_network/u_features/u_block2/u_conv/u_spa_conv1d/E[15]                                                                                                                              |
| Low              |                                  |     48 |              | Active High |               0.02 |             4.7 | u_network/u_features/u_block2/u_tail/u_both_ssm/u_spa_ssm/GS_FUSED.u/output_pack[139]_i_1_n_0                                                                                        |
| Low              |                                  |     48 |              | Active High |               0.02 |             4.7 | u_network/u_features/u_block2/u_tail/u_both_ssm/u_spa_ssm/GS_FUSED.u/output_pack[91]_i_1_n_0                                                                                         |
| Low              |                                  |     48 |              | Active High |               0.02 |             4.7 | u_network/u_features/u_block2/u_tail/u_both_ssm/u_spe_ssm/GS_FUSED.u/output_pack[143]_i_1_n_0                                                                                        |
| Low              |                                  |     48 |              | Active High |               0.02 |             4.7 | u_network/u_features/u_block2/u_tail/u_both_ssm/u_spe_ssm/GS_FUSED.u/output_pack[95]_i_1_n_0                                                                                         |
| Low              |                                  |     47 | /BRAM Enable | Active High |               0.06 |            12.5 | u_network/u_features/u_block1/u_tail/u_post_ssm/u_residual_fusion/u_input_slot_bram/input_slot_write                                                                                 |
| Low              |                                  |     47 | /BRAM Enable | Active High |               0.02 |             3.1 | u_network/u_features/u_block2/u_tail/u_post_ssm/u_residual_fusion/u_input_slot_bram/input_slot_write                                                                                 |
| Low              |                                  |     44 | /BRAM Enable | Active High |               0.06 |            12.5 | u_network/u_features/u_block1/u_conv/u_spe_conv1d/out_valid_reg_1                                                                                                                    |
| Low              |                                  |     44 | /BRAM Enable | Active High |               0.06 |            12.5 | u_network/u_features/u_block1/u_conv/u_spe_conv1d/u_valid                                                                                                                            |
| Low              |                                  |     44 | /BRAM Enable | Active High |               0.06 |            12.5 | u_network/u_features/u_block1/u_pdt/dt_valid                                                                                                                                         |
| Low              |                                  |     44 | /BRAM Enable | Active High |               0.06 |            12.5 | u_network/u_features/u_block1/u_pdt/out_valid_reg_0                                                                                                                                  |
| Low              |                                  |     42 | /BRAM Enable | Active High |               0.06 |            12.5 | u_network/u_features/u_block1/u_tail/u_post_ssm/u_spa_out_proj/GS.u/spa_slot_write                                                                                                   |
| Low              |                                  |     42 | /BRAM Enable | Active High |               0.06 |            12.5 | u_network/u_features/u_block1/u_tail/u_post_ssm/u_spe_out_proj/GS.u/ena                                                                                                              |
| Low              |                                  |     42 | /BRAM Enable | Active High |               0.02 |             3.1 | u_network/u_features/u_block2/u_tail/u_post_ssm/u_spa_out_proj/GS.u/spa_slot_write                                                                                                   |
| Low              |                                  |     42 | /BRAM Enable | Active High |               0.02 |             3.1 | u_network/u_features/u_block2/u_tail/u_post_ssm/u_spe_out_proj/GS.u/ena                                                                                                              |
| Low              |                                  |     40 |              | Active High |               0.02 |             3.1 | u_network/u_features/u_block1/u_conv/u_spa_conv1d/E[6]                                                                                                                               |
| Low              |                                  |     40 |              | Active High |               0.00 |             0.8 | u_network/u_features/u_block2/u_conv/u_spa_conv1d/E[6]                                                                                                                               |
| Low              |                                  |     40 |              | Active High |               0.02 |             3.1 | u_network/u_features/u_block2/u_tail/u_post_ssm/u_residual_fusion/input_low_half                                                                                                     |
| Low              |                                  |     39 | /BRAM Enable | Active High |               0.06 |            12.5 | u_network/u_features/u_block1/u_tail/u_post_ssm/u_residual_fusion/u_spe_slot_bram/fusion_read_issue                                                                                  |
| Low              |                                  |     39 | /BRAM Enable | Active High |               0.02 |             3.1 | u_network/u_features/u_block2/u_tail/u_post_ssm/u_residual_fusion/fusion_read_issue__0                                                                                               |
| Low              |                                  |     36 | BRAM Enable  | Active High |               0.03 |             6.2 | u_network/u_features/u_pool1/ena0                                                                                                                                                    |
| Low              |                                  |     36 | BRAM Enable  | Active High |               0.03 |             6.2 | u_network/u_features/u_pool1/ena03_out                                                                                                                                               |
| Low              |                                  |     36 | BRAM Enable  | Active High |               0.01 |             1.6 | u_network/u_features/u_pool2/ena0                                                                                                                                                    |
| Low              |                                  |     36 | BRAM Enable  | Active High |               0.01 |             1.6 | u_network/u_features/u_pool2/ena03_out                                                                                                                                               |
| Low              |                                  |     32 |              | Active High |               0.02 |             3.1 | u_network/u_features/u_block1/u_conv/u_spa_conv1d/E[11]                                                                                                                              |
| Low              |                                  |     32 |              | Active High |               0.02 |             3.1 | u_network/u_features/u_block1/u_conv/u_spa_conv1d/u_record_complete                                                                                                                  |
| Low              |                                  |     32 |              | Active High |               0.02 |             3.1 | u_network/u_features/u_block1/u_in/G_DSP_PARALLEL.u/pixel_q                                                                                                                          |
| Low              |                                  |     32 |              | Active High |               0.02 |             3.1 | u_network/u_features/u_block1/u_in/G_DSP_PARALLEL.u/wr_en                                                                                                                            |
| Low              |                                  |     32 |              | Active High |               0.01 |             2.6 | u_network/u_features/u_block1/u_px/GS.u/b_data[119]_i_1__0_n_0                                                                                                                       |
| Low              |                                  |     32 |              | Active High |               0.00 |             0.9 | u_network/u_features/u_block1/u_px/GS.u/c_data[119]_i_1__0_n_0                                                                                                                       |
| Low              |                                  |     32 |              | Active High |               0.01 |             2.6 | u_network/u_features/u_block1/u_px/GS.u/c_data[55]_i_1_n_0                                                                                                                           |
| Low              |                                  |     32 |              | Active High |               0.01 |             2.1 | u_network/u_features/u_block1/u_px/GS.u/c_data[87]_i_1_n_0                                                                                                                           |
| Low              |                                  |     32 |              | Active High |               0.01 |             3.0 | u_network/u_features/u_block1/u_px/GS.u/time_index[0]_i_1__0_n_0                                                                                                                     |
| Low              |                                  |     32 |              | Active High |               0.02 |             3.1 | u_network/u_features/u_block1/u_sdt/dt_record_complete                                                                                                                               |
| Low              |                                  |     32 |              | Active High |               0.00 |             0.7 | u_network/u_features/u_block1/u_sx/GS.u/b_data[111]_i_1_n_0                                                                                                                          |
| Low              |                                  |     32 |              | Active High |               0.01 |             2.0 | u_network/u_features/u_block1/u_sx/GS.u/b_data[127]_i_1_n_0                                                                                                                          |
| Low              |                                  |     32 |              | Active High |               0.01 |             2.0 | u_network/u_features/u_block1/u_sx/GS.u/b_data[47]_i_1_n_0                                                                                                                           |
| Low              |                                  |     32 |              | Active High |               0.01 |             2.0 | u_network/u_features/u_block1/u_sx/GS.u/b_data[79]_i_1_n_0                                                                                                                           |
| Low              |                                  |     32 |              | Active High |               0.00 |             0.2 | u_network/u_features/u_block1/u_sx/GS.u/c_data[111]_i_1_n_0                                                                                                                          |
| Low              |                                  |     32 |              | Active High |               0.00 |             0.7 | u_network/u_features/u_block1/u_sx/GS.u/c_data[47]_i_1_n_0                                                                                                                           |
| Low              |                                  |     32 |              | Active High |               0.00 |             0.7 | u_network/u_features/u_block1/u_sx/GS.u/c_data[79]_i_1_n_0                                                                                                                           |
| Low              |                                  |     32 |              | Active High |               0.02 |             4.7 | u_network/u_features/u_block1/u_sx/GS.u/time_index[0]                                                                                                                                |
| Low              |                                  |     32 |              | Active High |               0.02 |             3.1 | u_network/u_features/u_block1/u_tail/u_both_ssm/u_spa_ssm/GS_FUSED.u/E[0]                                                                                                            |
| Low              |                                  |     32 |              | Active High |               0.02 |             3.1 | u_network/u_features/u_block1/u_tail/u_both_ssm/u_spa_ssm/GS_FUSED.u/E[1]                                                                                                            |
| Low              |                                  |     32 |              | Active High |               0.02 |             3.1 | u_network/u_features/u_block1/u_tail/u_both_ssm/u_spa_ssm/GS_FUSED.u/E[20]                                                                                                           |
| Low              |                                  |     32 |              | Active High |               0.02 |             3.1 | u_network/u_features/u_block1/u_tail/u_both_ssm/u_spa_ssm/GS_FUSED.u/E[2]                                                                                                            |
| Low              |                                  |     32 |              | Active High |               0.02 |             3.1 | u_network/u_features/u_block1/u_tail/u_both_ssm/u_spa_ssm/GS_FUSED.u/E[3]                                                                                                            |
| Low              |                                  |     32 |              | Active High |               0.02 |             3.1 | u_network/u_features/u_block1/u_tail/u_both_ssm/u_spa_ssm/GS_FUSED.u/current_sequence[0]_i_2_n_0                                                                                     |
| Low              |                                  |     32 |              | Active High |               0.02 |             3.1 | u_network/u_features/u_block1/u_tail/u_post_ssm/u_spa_out_proj/GS.u/record_q[0]_i_1__0_n_0                                                                                           |
| Low              |                                  |     32 |              | Active High |               0.01 |             2.1 | u_network/u_features/u_block1/u_tail/u_post_ssm/u_spe_out_proj/GS.u/record_q[0]_i_1_n_0                                                                                              |
| Low              |                                  |     32 |              | Active High |               0.00 |             0.8 | u_network/u_features/u_block2/u_conv/u_spa_conv1d/u_record_complete                                                                                                                  |
| Low              |                                  |     32 |              | Active High |               0.00 |             0.8 | u_network/u_features/u_block2/u_in/G_DSP_PARALLEL.u/pixel_q                                                                                                                          |
| Low              |                                  |     32 |              | Active High |               0.00 |             0.8 | u_network/u_features/u_block2/u_in/G_DSP_PARALLEL.u/wr_en                                                                                                                            |
| Low              |                                  |     32 |              | Active High |               0.00 |             0.1 | u_network/u_features/u_block2/u_px/GS.u/b_data[119]_i_1__0_n_0                                                                                                                       |
| Low              |                                  |     32 |              | Active High |               0.00 |             0.7 | u_network/u_features/u_block2/u_px/GS.u/b_data[127]_i_1__0_n_0                                                                                                                       |
| Low              |                                  |     32 |              | Active High |               0.00 |             0.7 | u_network/u_features/u_block2/u_px/GS.u/b_data[55]_i_1__0_n_0                                                                                                                        |
| Low              |                                  |     32 |              | Active High |               0.00 |             0.7 | u_network/u_features/u_block2/u_px/GS.u/b_data[87]_i_1__0_n_0                                                                                                                        |
| Low              |                                  |     32 |              | Active High |               0.00 |             0.0 | u_network/u_features/u_block2/u_px/GS.u/c_data[119]_i_1__0_n_0                                                                                                                       |
| Low              |                                  |     32 |              | Active High |               0.00 |             0.1 | u_network/u_features/u_block2/u_px/GS.u/c_data[55]_i_1__0_n_0                                                                                                                        |
| Low              |                                  |     32 |              | Active High |               0.00 |             0.1 | u_network/u_features/u_block2/u_px/GS.u/c_data[87]_i_1__0_n_0                                                                                                                        |
| Low              |                                  |     32 |              | Active High |               0.00 |             0.2 | u_network/u_features/u_block2/u_px/GS.u/time_index[0]_i_1__0_n_0                                                                                                                     |
| Low              |                                  |     32 |              | Active High |               0.00 |             0.8 | u_network/u_features/u_block2/u_sdt/dt_record_complete                                                                                                                               |
| Low              |                                  |     32 |              | Active High |               0.00 |             0.8 | u_network/u_features/u_block2/u_sx/GS.u/time_index[0]                                                                                                                                |
| Low              |                                  |     32 |              | Active High |               0.00 |             1.2 | u_network/u_features/u_block2/u_tail/u_both_ssm/u_spa_ssm/GS_FUSED.u/current_sequence0                                                                                               |
| Low              |                                  |     32 |              | Active High |               0.02 |             3.1 | u_network/u_features/u_block2/u_tail/u_both_ssm/u_spe_ssm/GS_FUSED.u/E[0]                                                                                                            |
| Low              |                                  |     32 |              | Active High |               0.02 |             3.1 | u_network/u_features/u_block2/u_tail/u_both_ssm/u_spe_ssm/GS_FUSED.u/current_sequence0                                                                                               |
| Low              |                                  |     32 |              | Active High |               0.02 |             3.1 | u_network/u_features/u_block2/u_tail/u_both_ssm/u_spe_ssm/i___11_n_0                                                                                                                 |
| Low              |                                  |     32 |              | Active High |               0.02 |             3.1 | u_network/u_features/u_block2/u_tail/u_both_ssm/u_spe_ssm/i___12_n_0                                                                                                                 |
| Low              |                                  |     32 |              | Active High |               0.00 |             1.2 | u_network/u_features/u_block2/u_tail/u_post_ssm/u_spa_out_proj/GS.u/record_q[0]                                                                                                      |
| Low              |                                  |     32 |              | Active High |               0.00 |             0.2 | u_network/u_features/u_block2/u_tail/u_post_ssm/u_spe_out_proj/GS.u/record_q[0]_i_1_n_0                                                                                              |
| Low              |                                  |     32 |              | Active High |               0.02 |             3.1 | u_network/u_features/u_pool2/p_2_in                                                                                                                                                  |
| Low              |                                  |     32 |              | Active High |               0.00 |             0.8 | u_network/u_head/pixel_q[0]                                                                                                                                                          |
| Low              |                                  |     28 |              | Active High |               0.02 |             3.1 | u_network/u_features/u_block2/u_tail/u_post_ssm/u_residual_fusion/spa_low_half                                                                                                       |
| Low              |                                  |     26 |              | Active High |               0.00 |             0.0 | u_network/u_features/u_pool2/done_i_1_n_0                                                                                                                                            |
| Low              |                                  |     24 |              | Active High |               0.02 |             3.1 | u_network/u_features/u_block1/u_sx/GS.u/E[0]                                                                                                                                         |
| Low              |                                  |     24 |              | Active High |               0.02 |             3.1 | u_network/u_features/u_block1/u_tail/u_both_ssm/u_spa_ssm/GS_FUSED.u/E[10]                                                                                                           |
| Low              |                                  |     24 |              | Active High |               0.02 |             3.1 | u_network/u_features/u_block1/u_tail/u_both_ssm/u_spa_ssm/GS_FUSED.u/E[13]                                                                                                           |
| Low              |                                  |     24 |              | Active High |               0.02 |             3.1 | u_network/u_features/u_block1/u_tail/u_both_ssm/u_spa_ssm/GS_FUSED.u/E[14]                                                                                                           |
| Low              |                                  |     24 |              | Active High |               0.02 |             3.1 | u_network/u_features/u_block1/u_tail/u_both_ssm/u_spa_ssm/GS_FUSED.u/E[17]                                                                                                           |
| Low              |                                  |     24 |              | Active High |               0.02 |             3.1 | u_network/u_features/u_block1/u_tail/u_both_ssm/u_spa_ssm/GS_FUSED.u/E[21]                                                                                                           |
| Low              |                                  |     24 |              | Active High |               0.02 |             3.1 | u_network/u_features/u_block1/u_tail/u_both_ssm/u_spa_ssm/GS_FUSED.u/E[24]                                                                                                           |
| Low              |                                  |     24 |              | Active High |               0.02 |             3.1 | u_network/u_features/u_block1/u_tail/u_both_ssm/u_spa_ssm/GS_FUSED.u/E[4]                                                                                                            |
| Low              |                                  |     24 |              | Active High |               0.02 |             3.1 | u_network/u_features/u_block1/u_tail/u_both_ssm/u_spa_ssm/GS_FUSED.u/E[6]                                                                                                            |
| Low              |                                  |     24 |              | Active High |               0.02 |             3.1 | u_network/u_features/u_block1/u_tail/u_both_ssm/u_spa_ssm/GS_FUSED.u/E[9]                                                                                                            |
| Low              |                                  |     24 |              | Active High |               0.02 |             4.7 | u_network/u_features/u_block2/u_px/GS.u/b_data[23]_i_1__0_n_0                                                                                                                        |
| Low              |                                  |     24 |              | Active High |               0.00 |             0.8 | u_network/u_features/u_block2/u_tail/u_both_ssm/u_spa_ssm/GS_FUSED.u/out_valid_reg_1[11]                                                                                             |
| Low              |                                  |     24 |              | Active High |               0.00 |             0.8 | u_network/u_features/u_block2/u_tail/u_both_ssm/u_spa_ssm/GS_FUSED.u/out_valid_reg_1[16]                                                                                             |
| Low              |                                  |     24 |              | Active High |               0.00 |             0.8 | u_network/u_features/u_block2/u_tail/u_both_ssm/u_spa_ssm/GS_FUSED.u/out_valid_reg_1[20]                                                                                             |
| Low              |                                  |     24 |              | Active High |               0.00 |             0.8 | u_network/u_features/u_block2/u_tail/u_both_ssm/u_spa_ssm/GS_FUSED.u/out_valid_reg_1[25]                                                                                             |
| Low              |                                  |     24 |              | Active High |               0.00 |             0.8 | u_network/u_features/u_block2/u_tail/u_both_ssm/u_spa_ssm/GS_FUSED.u/out_valid_reg_1[29]                                                                                             |
| Low              |                                  |     24 |              | Active High |               0.00 |             0.8 | u_network/u_features/u_block2/u_tail/u_both_ssm/u_spa_ssm/GS_FUSED.u/out_valid_reg_1[2]                                                                                              |
| Low              |                                  |     24 |              | Active High |               0.00 |             0.8 | u_network/u_features/u_block2/u_tail/u_both_ssm/u_spa_ssm/GS_FUSED.u/out_valid_reg_1[7]                                                                                              |
| Low              |                                  |     24 |              | Active High |               0.00 |             0.0 | u_network/u_features/u_pool1/done_i_1_n_0                                                                                                                                            |
| Low              |                                  |     22 |              | Active High |               0.00 |             0.8 | u_network/u_features/u_block2/u_sx/GS.u/E[0]                                                                                                                                         |
| Low              |                                  |     18 | /BRAM Enable | Active High |               0.00 |             0.0 | u_network/u_head/FSM_onehot_state_reg_n_0_[3]                                                                                                                                        |
| Low              |                                  |     16 |              | Active High |               0.02 |             3.1 | u_network/u_features/u_block1/u_conv/u_spa_conv1d/E[16]                                                                                                                              |
| Low              |                                  |     16 |              | Active High |               0.02 |             3.1 | u_network/u_features/u_block1/u_in/G_DSP_PARALLEL.u/spa_collect_pixel[103]                                                                                                           |
| Low              |                                  |     16 |              | Active High |               0.02 |             3.1 | u_network/u_features/u_block1/u_in/G_DSP_PARALLEL.u/spa_collect_pixel[111]                                                                                                           |
| Low              |                                  |     16 |              | Active High |               0.02 |             3.1 | u_network/u_features/u_block1/u_in/G_DSP_PARALLEL.u/spa_collect_pixel[119]                                                                                                           |
| Low              |                                  |     16 |              | Active High |               0.02 |             3.1 | u_network/u_features/u_block1/u_in/G_DSP_PARALLEL.u/spa_collect_pixel[127]                                                                                                           |
| Low              |                                  |     16 |              | Active High |               0.02 |             3.1 | u_network/u_features/u_block1/u_in/G_DSP_PARALLEL.u/spa_collect_pixel[135]                                                                                                           |
| Low              |                                  |     16 |              | Active High |               0.02 |             3.1 | u_network/u_features/u_block1/u_in/G_DSP_PARALLEL.u/spa_collect_pixel[143]                                                                                                           |
| Low              |                                  |     16 |              | Active High |               0.02 |             3.1 | u_network/u_features/u_block1/u_in/G_DSP_PARALLEL.u/spa_collect_pixel[151]                                                                                                           |
| Low              |                                  |     16 |              | Active High |               0.02 |             3.1 | u_network/u_features/u_block1/u_in/G_DSP_PARALLEL.u/spa_collect_pixel[159]                                                                                                           |
| Low              |                                  |     16 |              | Active High |               0.02 |             3.1 | u_network/u_features/u_block1/u_in/G_DSP_PARALLEL.u/spa_collect_pixel[15]                                                                                                            |
| Low              |                                  |     16 |              | Active High |               0.02 |             3.1 | u_network/u_features/u_block1/u_in/G_DSP_PARALLEL.u/spa_collect_pixel[167]                                                                                                           |
| Low              |                                  |     16 |              | Active High |               0.02 |             3.1 | u_network/u_features/u_block1/u_in/G_DSP_PARALLEL.u/spa_collect_pixel[175]                                                                                                           |
| Low              |                                  |     16 |              | Active High |               0.02 |             3.1 | u_network/u_features/u_block1/u_in/G_DSP_PARALLEL.u/spa_collect_pixel[183]                                                                                                           |
| Low              |                                  |     16 |              | Active High |               0.02 |             3.1 | u_network/u_features/u_block1/u_in/G_DSP_PARALLEL.u/spa_collect_pixel[191]                                                                                                           |
| Low              |                                  |     16 |              | Active High |               0.02 |             3.1 | u_network/u_features/u_block1/u_in/G_DSP_PARALLEL.u/spa_collect_pixel[199]                                                                                                           |
| Low              |                                  |     16 |              | Active High |               0.02 |             3.1 | u_network/u_features/u_block1/u_in/G_DSP_PARALLEL.u/spa_collect_pixel[207]                                                                                                           |
| Low              |                                  |     16 |              | Active High |               0.02 |             3.1 | u_network/u_features/u_block1/u_in/G_DSP_PARALLEL.u/spa_collect_pixel[215]                                                                                                           |
| Low              |                                  |     16 |              | Active High |               0.02 |             3.1 | u_network/u_features/u_block1/u_in/G_DSP_PARALLEL.u/spa_collect_pixel[223]                                                                                                           |
| Low              |                                  |     16 |              | Active High |               0.02 |             3.1 | u_network/u_features/u_block1/u_in/G_DSP_PARALLEL.u/spa_collect_pixel[23]                                                                                                            |
| Low              |                                  |     16 |              | Active High |               0.02 |             3.1 | u_network/u_features/u_block1/u_in/G_DSP_PARALLEL.u/spa_collect_pixel[31]                                                                                                            |
| Low              |                                  |     16 |              | Active High |               0.02 |             3.1 | u_network/u_features/u_block1/u_in/G_DSP_PARALLEL.u/spa_collect_pixel[39]                                                                                                            |
| Low              |                                  |     16 |              | Active High |               0.02 |             3.1 | u_network/u_features/u_block1/u_in/G_DSP_PARALLEL.u/spa_collect_pixel[47]                                                                                                            |
| Low              |                                  |     16 |              | Active High |               0.02 |             3.1 | u_network/u_features/u_block1/u_in/G_DSP_PARALLEL.u/spa_collect_pixel[55]                                                                                                            |
| Low              |                                  |     16 |              | Active High |               0.02 |             3.1 | u_network/u_features/u_block1/u_in/G_DSP_PARALLEL.u/spa_collect_pixel[63]                                                                                                            |
| Low              |                                  |     16 |              | Active High |               0.02 |             3.1 | u_network/u_features/u_block1/u_in/G_DSP_PARALLEL.u/spa_collect_pixel[71]                                                                                                            |
| Low              |                                  |     16 |              | Active High |               0.02 |             3.1 | u_network/u_features/u_block1/u_in/G_DSP_PARALLEL.u/spa_collect_pixel[79]                                                                                                            |
| Low              |                                  |     16 |              | Active High |               0.02 |             3.1 | u_network/u_features/u_block1/u_in/G_DSP_PARALLEL.u/spa_collect_pixel[7]                                                                                                             |
| Low              |                                  |     16 |              | Active High |               0.02 |             3.1 | u_network/u_features/u_block1/u_in/G_DSP_PARALLEL.u/spa_collect_pixel[87]                                                                                                            |
| Low              |                                  |     16 |              | Active High |               0.02 |             3.1 | u_network/u_features/u_block1/u_in/G_DSP_PARALLEL.u/spa_collect_pixel[95]                                                                                                            |
| Low              |                                  |     16 |              | Active High |               0.03 |             5.9 | u_network/u_features/u_block1/u_sx/GS.u/b_data[15]_i_1_n_0                                                                                                                           |
| Low              |                                  |     16 |              | Active High |               0.03 |             5.9 | u_network/u_features/u_block1/u_sx/GS.u/c_data[127]_i_1_n_0                                                                                                                          |
| Low              |                                  |     16 |              | Active High |               0.02 |             3.1 | u_network/u_features/u_block1/u_tail/u_both_ssm/u_spa_ssm/GS_FUSED.u/E[18]                                                                                                           |
| Low              |                                  |     16 |              | Active High |               0.02 |             3.1 | u_network/u_features/u_block1/u_tail/u_both_ssm/u_spa_ssm/GS_FUSED.u/E[19]                                                                                                           |
| Low              |                                  |     16 |              | Active High |               0.00 |             0.8 | u_network/u_features/u_block2/u_conv/u_spa_conv1d/E[10]                                                                                                                              |
| Low              |                                  |     16 |              | Active High |               0.00 |             0.8 | u_network/u_features/u_block2/u_conv/u_spa_conv1d/E[11]                                                                                                                              |
| Low              |                                  |     16 |              | Active High |               0.00 |             0.8 | u_network/u_features/u_block2/u_conv/u_spa_conv1d/E[16]                                                                                                                              |
| Low              |                                  |     16 |              | Active High |               0.00 |             0.8 | u_network/u_features/u_block2/u_conv/u_spa_conv1d/E[9]                                                                                                                               |
| Low              |                                  |     16 |              | Active High |               0.00 |             0.8 | u_network/u_features/u_block2/u_in/G_DSP_PARALLEL.u/spa_collect_pixel[103]                                                                                                           |
| Low              |                                  |     16 |              | Active High |               0.00 |             0.8 | u_network/u_features/u_block2/u_in/G_DSP_PARALLEL.u/spa_collect_pixel[111]                                                                                                           |
| Low              |                                  |     16 |              | Active High |               0.00 |             0.8 | u_network/u_features/u_block2/u_in/G_DSP_PARALLEL.u/spa_collect_pixel[119]                                                                                                           |
| Low              |                                  |     16 |              | Active High |               0.00 |             0.8 | u_network/u_features/u_block2/u_in/G_DSP_PARALLEL.u/spa_collect_pixel[127]                                                                                                           |
| Low              |                                  |     16 |              | Active High |               0.00 |             0.8 | u_network/u_features/u_block2/u_in/G_DSP_PARALLEL.u/spa_collect_pixel[135]                                                                                                           |
| Low              |                                  |     16 |              | Active High |               0.00 |             0.8 | u_network/u_features/u_block2/u_in/G_DSP_PARALLEL.u/spa_collect_pixel[143]                                                                                                           |
| Low              |                                  |     16 |              | Active High |               0.00 |             0.8 | u_network/u_features/u_block2/u_in/G_DSP_PARALLEL.u/spa_collect_pixel[151]                                                                                                           |
| Low              |                                  |     16 |              | Active High |               0.00 |             0.8 | u_network/u_features/u_block2/u_in/G_DSP_PARALLEL.u/spa_collect_pixel[159]                                                                                                           |
| Low              |                                  |     16 |              | Active High |               0.00 |             0.8 | u_network/u_features/u_block2/u_in/G_DSP_PARALLEL.u/spa_collect_pixel[15]                                                                                                            |
| Low              |                                  |     16 |              | Active High |               0.00 |             0.8 | u_network/u_features/u_block2/u_in/G_DSP_PARALLEL.u/spa_collect_pixel[167]                                                                                                           |
| Low              |                                  |     16 |              | Active High |               0.00 |             0.8 | u_network/u_features/u_block2/u_in/G_DSP_PARALLEL.u/spa_collect_pixel[175]                                                                                                           |
| Low              |                                  |     16 |              | Active High |               0.00 |             0.8 | u_network/u_features/u_block2/u_in/G_DSP_PARALLEL.u/spa_collect_pixel[183]                                                                                                           |
| Low              |                                  |     16 |              | Active High |               0.00 |             0.8 | u_network/u_features/u_block2/u_in/G_DSP_PARALLEL.u/spa_collect_pixel[191]                                                                                                           |
| Low              |                                  |     16 |              | Active High |               0.00 |             0.8 | u_network/u_features/u_block2/u_in/G_DSP_PARALLEL.u/spa_collect_pixel[199]                                                                                                           |
| Low              |                                  |     16 |              | Active High |               0.00 |             0.8 | u_network/u_features/u_block2/u_in/G_DSP_PARALLEL.u/spa_collect_pixel[207]                                                                                                           |
| Low              |                                  |     16 |              | Active High |               0.00 |             0.8 | u_network/u_features/u_block2/u_in/G_DSP_PARALLEL.u/spa_collect_pixel[215]                                                                                                           |
| Low              |                                  |     16 |              | Active High |               0.00 |             0.8 | u_network/u_features/u_block2/u_in/G_DSP_PARALLEL.u/spa_collect_pixel[223]                                                                                                           |
| Low              |                                  |     16 |              | Active High |               0.00 |             0.8 | u_network/u_features/u_block2/u_in/G_DSP_PARALLEL.u/spa_collect_pixel[23]                                                                                                            |
| Low              |                                  |     16 |              | Active High |               0.00 |             0.8 | u_network/u_features/u_block2/u_in/G_DSP_PARALLEL.u/spa_collect_pixel[31]                                                                                                            |
| Low              |                                  |     16 |              | Active High |               0.00 |             0.8 | u_network/u_features/u_block2/u_in/G_DSP_PARALLEL.u/spa_collect_pixel[39]                                                                                                            |
| Low              |                                  |     16 |              | Active High |               0.00 |             0.8 | u_network/u_features/u_block2/u_in/G_DSP_PARALLEL.u/spa_collect_pixel[47]                                                                                                            |
| Low              |                                  |     16 |              | Active High |               0.00 |             0.8 | u_network/u_features/u_block2/u_in/G_DSP_PARALLEL.u/spa_collect_pixel[55]                                                                                                            |
| Low              |                                  |     16 |              | Active High |               0.00 |             0.8 | u_network/u_features/u_block2/u_in/G_DSP_PARALLEL.u/spa_collect_pixel[63]                                                                                                            |
| Low              |                                  |     16 |              | Active High |               0.00 |             0.8 | u_network/u_features/u_block2/u_in/G_DSP_PARALLEL.u/spa_collect_pixel[71]                                                                                                            |
| Low              |                                  |     16 |              | Active High |               0.00 |             0.8 | u_network/u_features/u_block2/u_in/G_DSP_PARALLEL.u/spa_collect_pixel[79]                                                                                                            |
| Low              |                                  |     16 |              | Active High |               0.00 |             0.8 | u_network/u_features/u_block2/u_in/G_DSP_PARALLEL.u/spa_collect_pixel[7]                                                                                                             |
| Low              |                                  |     16 |              | Active High |               0.00 |             0.8 | u_network/u_features/u_block2/u_in/G_DSP_PARALLEL.u/spa_collect_pixel[87]                                                                                                            |
| Low              |                                  |     16 |              | Active High |               0.00 |             0.8 | u_network/u_features/u_block2/u_in/G_DSP_PARALLEL.u/spa_collect_pixel[95]                                                                                                            |
| Low              |                                  |     16 |              | Active High |               0.01 |             1.5 | u_network/u_features/u_block2/u_in/G_DSP_PARALLEL.u/spa_pack[31]_i_1_n_0                                                                                                             |
| Low              |                                  |     16 |              | Active High |               0.01 |             0.8 | u_network/u_features/u_block2/u_in/G_DSP_PARALLEL.u/spa_pack[47]_i_2_n_0                                                                                                             |
| Low              |                                  |     16 |              | Active High |               0.01 |             1.5 | u_network/u_features/u_block2/u_in/G_DSP_PARALLEL.u/spe_pack[31]_i_1_n_0                                                                                                             |
| Low              |                                  |     16 |              | Active High |               0.01 |             0.8 | u_network/u_features/u_block2/u_in/G_DSP_PARALLEL.u/spe_pack[47]_i_1_n_0                                                                                                             |
| Low              |                                  |     16 |              | Active High |               0.00 |             0.8 | u_network/u_features/u_block2/u_tail/u_both_ssm/u_spa_ssm/GS_FUSED.u/out_valid_reg_1[0]                                                                                              |
| Low              |                                  |     16 |              | Active High |               0.00 |             0.8 | u_network/u_features/u_block2/u_tail/u_both_ssm/u_spa_ssm/GS_FUSED.u/out_valid_reg_1[10]                                                                                             |
| Low              |                                  |     16 |              | Active High |               0.00 |             0.8 | u_network/u_features/u_block2/u_tail/u_both_ssm/u_spa_ssm/GS_FUSED.u/out_valid_reg_1[13]                                                                                             |
| Low              |                                  |     16 |              | Active High |               0.00 |             0.8 | u_network/u_features/u_block2/u_tail/u_both_ssm/u_spa_ssm/GS_FUSED.u/out_valid_reg_1[18]                                                                                             |
| Low              |                                  |     16 |              | Active High |               0.00 |             0.8 | u_network/u_features/u_block2/u_tail/u_both_ssm/u_spa_ssm/GS_FUSED.u/out_valid_reg_1[19]                                                                                             |
| Low              |                                  |     16 |              | Active High |               0.00 |             0.8 | u_network/u_features/u_block2/u_tail/u_both_ssm/u_spa_ssm/GS_FUSED.u/out_valid_reg_1[1]                                                                                              |
| Low              |                                  |     16 |              | Active High |               0.00 |             0.8 | u_network/u_features/u_block2/u_tail/u_both_ssm/u_spa_ssm/GS_FUSED.u/out_valid_reg_1[22]                                                                                             |
| Low              |                                  |     16 |              | Active High |               0.00 |             0.8 | u_network/u_features/u_block2/u_tail/u_both_ssm/u_spa_ssm/GS_FUSED.u/out_valid_reg_1[27]                                                                                             |
| Low              |                                  |     16 |              | Active High |               0.00 |             0.8 | u_network/u_features/u_block2/u_tail/u_both_ssm/u_spa_ssm/GS_FUSED.u/out_valid_reg_1[28]                                                                                             |
| Low              |                                  |     16 |              | Active High |               0.00 |             0.8 | u_network/u_features/u_block2/u_tail/u_both_ssm/u_spa_ssm/GS_FUSED.u/out_valid_reg_1[31]                                                                                             |
| Low              |                                  |     16 |              | Active High |               0.00 |             0.8 | u_network/u_features/u_block2/u_tail/u_both_ssm/u_spa_ssm/GS_FUSED.u/out_valid_reg_1[4]                                                                                              |
| Low              |                                  |     16 |              | Active High |               0.00 |             0.8 | u_network/u_features/u_block2/u_tail/u_both_ssm/u_spa_ssm/GS_FUSED.u/out_valid_reg_1[9]                                                                                              |
| Low              |                                  |     16 |              | Active High |               0.02 |             3.1 | u_network/u_features/u_block2/u_tail/u_both_ssm/u_spe_ssm/GS_FUSED.u/E[5]                                                                                                            |
| Low              |                                  |     16 |              | Active High |               0.02 |             3.1 | u_network/u_features/u_block2/u_tail/u_both_ssm/u_spe_ssm/GS_FUSED.u/E[6]                                                                                                            |
| Low              |                                  |     16 | BRAM Enable  | Active High |               0.05 |             0.0 | u_network/u_head/FSM_onehot_state_reg_n_0_[5]                                                                                                                                        |
| Low              |                                  |     16 |              | Active High |               0.01 |             1.6 | u_network/u_head/logit_pack[15]_i_1_n_0                                                                                                                                              |
| Low              |                                  |     16 |              | Active High |               0.00 |             0.4 | u_network/u_head/logit_pack[31]_i_1_n_0                                                                                                                                              |
| Low              |                                  |     16 |              | Active High |               0.00 |             0.4 | u_network/u_head/logit_pack[47]_i_1_n_0                                                                                                                                              |
| Low              |                                  |     16 |              | Active High |               0.00 |             0.1 | u_network/u_head/logit_pack[63]_i_1_n_0                                                                                                                                              |
| Low              |                                  |     16 | BRAM Enable  | Active High |               0.06 |             0.0 | wr_q                                                                                                                                                                                 |
| Low              |                                  |     15 |              | Active High |               0.02 |             3.1 | u_network/u_features/u_block2/u_px/GS.u/E[0]                                                                                                                                         |
| Low              |                                  |     14 |              | Active High |               0.02 |             3.1 | u_network/u_features/u_block2/u_tail/u_post_ssm/u_spe_out_proj/GS.u/pack_raw[15]                                                                                                     |
| Low              |                                  |     14 |              | Active High |               0.02 |             3.1 | u_network/u_features/u_block2/u_tail/u_post_ssm/u_spe_out_proj/GS.u/pack_raw[31]                                                                                                     |
| Low              |                                  |     14 |              | Active High |               0.02 |             3.1 | u_network/u_features/u_block2/u_tail/u_post_ssm/u_spe_out_proj/GS.u/pack_raw[47]                                                                                                     |
| Low              |                                  |     14 |              | Active High |               0.00 |             1.0 | u_network/u_head/head1_activation[110]_i_1_n_0                                                                                                                                       |
| Low              |                                  |     14 |              | Active High |               0.00 |             0.3 | u_network/u_head/head1_activation[126]_i_1_n_0                                                                                                                                       |
| Low              |                                  |     14 |              | Active High |               0.00 |             0.2 | u_network/u_head/head1_activation[142]_i_1_n_0                                                                                                                                       |
| Low              |                                  |     14 |              | Active High |               0.00 |             0.7 | u_network/u_head/head1_activation[14]_i_1_n_0                                                                                                                                        |
| Low              |                                  |     14 |              | Active High |               0.00 |             0.0 | u_network/u_head/head1_activation[158]_i_1_n_0                                                                                                                                       |
| Low              |                                  |     14 |              | Active High |               0.00 |             0.0 | u_network/u_head/head1_activation[174]_i_1_n_0                                                                                                                                       |
| Low              |                                  |     14 |              | Active High |               0.00 |             0.0 | u_network/u_head/head1_activation[190]_i_1_n_0                                                                                                                                       |
| Low              |                                  |     14 |              | Active High |               0.00 |             0.7 | u_network/u_head/head1_activation[206]_i_1_n_0                                                                                                                                       |
| Low              |                                  |     14 |              | Active High |               0.00 |             0.2 | u_network/u_head/head1_activation[222]_i_1_n_0                                                                                                                                       |
| Low              |                                  |     14 |              | Active High |               0.00 |             0.2 | u_network/u_head/head1_activation[238]_i_1_n_0                                                                                                                                       |
| Low              |                                  |     14 |              | Active High |               0.00 |             0.0 | u_network/u_head/head1_activation[254]_i_1_n_0                                                                                                                                       |
| Low              |                                  |     14 |              | Active High |               0.00 |             0.2 | u_network/u_head/head1_activation[270]_i_1_n_0                                                                                                                                       |
| Low              |                                  |     14 |              | Active High |               0.00 |             0.0 | u_network/u_head/head1_activation[286]_i_1_n_0                                                                                                                                       |
| Low              |                                  |     14 |              | Active High |               0.00 |             0.0 | u_network/u_head/head1_activation[302]_i_1_n_0                                                                                                                                       |
| Low              |                                  |     14 |              | Active High |               0.00 |             0.2 | u_network/u_head/head1_activation[30]_i_1_n_0                                                                                                                                        |
| Low              |                                  |     14 |              | Active High |               0.00 |             0.0 | u_network/u_head/head1_activation[318]_i_1_n_0                                                                                                                                       |
| Low              |                                  |     14 |              | Active High |               0.00 |             0.7 | u_network/u_head/head1_activation[334]_i_1_n_0                                                                                                                                       |
| Low              |                                  |     14 |              | Active High |               0.00 |             0.2 | u_network/u_head/head1_activation[350]_i_1_n_0                                                                                                                                       |
| Low              |                                  |     14 |              | Active High |               0.00 |             0.2 | u_network/u_head/head1_activation[366]_i_1_n_0                                                                                                                                       |
| Low              |                                  |     14 |              | Active High |               0.00 |             0.0 | u_network/u_head/head1_activation[382]_i_1_n_0                                                                                                                                       |
| Low              |                                  |     14 |              | Active High |               0.00 |             0.0 | u_network/u_head/head1_activation[398]_i_1_n_0                                                                                                                                       |
| Low              |                                  |     14 |              | Active High |               0.00 |             0.0 | u_network/u_head/head1_activation[414]_i_1_n_0                                                                                                                                       |
| Low              |                                  |     14 |              | Active High |               0.00 |             0.0 | u_network/u_head/head1_activation[430]_i_1_n_0                                                                                                                                       |
| Low              |                                  |     14 |              | Active High |               0.00 |             0.0 | u_network/u_head/head1_activation[446]_i_1_n_0                                                                                                                                       |
| Low              |                                  |     14 |              | Active High |               0.00 |             0.1 | u_network/u_head/head1_activation[462]_i_1_n_0                                                                                                                                       |
| Low              |                                  |     14 |              | Active High |               0.00 |             0.2 | u_network/u_head/head1_activation[46]_i_1_n_0                                                                                                                                        |
| Low              |                                  |     14 |              | Active High |               0.00 |             0.0 | u_network/u_head/head1_activation[478]_i_1_n_0                                                                                                                                       |
| Low              |                                  |     14 |              | Active High |               0.00 |             0.0 | u_network/u_head/head1_activation[494]_i_1_n_0                                                                                                                                       |
| Low              |                                  |     14 |              | Active High |               0.00 |             0.0 | u_network/u_head/head1_activation[510]_i_1_n_0                                                                                                                                       |
| Low              |                                  |     14 |              | Active High |               0.00 |             0.0 | u_network/u_head/head1_activation[62]_i_1_n_0                                                                                                                                        |
| Low              |                                  |     14 |              | Active High |               0.02 |             3.6 | u_network/u_head/head1_activation[78]_i_1_n_0                                                                                                                                        |
| Low              |                                  |     14 |              | Active High |               0.00 |             1.0 | u_network/u_head/head1_activation[94]_i_1_n_0                                                                                                                                        |
| Low              |                                  |     12 | BRAM Enable  | Active High |               0.03 |             6.2 | u_network/u_features/u_block2/u_conv/u_spa_conv1d/out_valid_reg_0                                                                                                                    |
| Low              |                                  |     12 | BRAM Enable  | Active High |               0.03 |             6.2 | u_network/u_features/u_block2/u_conv/u_spe_conv1d/spe_out_valid                                                                                                                      |
| Low              |                                  |     12 | BRAM Enable  | Active High |               0.03 |             3.1 | u_network/u_features/u_block2/u_pdt/wea[0]                                                                                                                                           |
| Low              |                                  |     12 | BRAM Enable  | Active High |               0.03 |             0.8 | u_network/u_features/u_block2/u_sdt/wea[0]                                                                                                                                           |
| Low              |                                  |      9 |              | Active High |               0.02 |             3.3 | u_network/u_features/u_block1/u_in/G_DSP_PARALLEL.u/rd_en                                                                                                                            |
| Low              |                                  |      9 |              | Active High |               0.02 |             4.7 | u_network/u_features/u_block2/u_px/GS.u/dt_data[8]_i_1__0_n_0                                                                                                                        |
| Low              |                                  |      9 |              | Active High |               0.01 |             1.6 | u_network/u_features/u_block2/u_tail/u_both_ssm/u_spe_ssm/GS_FUSED.u/out_record_addr_reg[5]_fwrd__5_n_0                                                                              |
| Low              | Excessive Set/Reset/Preset/Clear |      8 | Reset        | Active High |               0.41 |            18.8 | u_network/u_features/u_block0/u_conv/u_spa_conv1d/out_data[15]_i_1_n_0                                                                                                               |
| Low              | Excessive Set/Reset/Preset/Clear |      8 | Reset        | Active High |               0.22 |            24.0 | u_network/u_features/u_block0/u_conv/u_spa_conv1d/out_data[23]_i_1_n_0                                                                                                               |
| Low              | Excessive Set/Reset/Preset/Clear |      8 | Reset        | Active High |               0.35 |            23.1 | u_network/u_features/u_block0/u_conv/u_spa_conv1d/out_data[31]_i_1_n_0                                                                                                               |
| Low              | Excessive Set/Reset/Preset/Clear |      8 | Reset        | Active High |               0.30 |            25.2 | u_network/u_features/u_block0/u_conv/u_spa_conv1d/out_data[39]_i_1_n_0                                                                                                               |
| Low              | Excessive Set/Reset/Preset/Clear |      8 | Reset        | Active High |               0.33 |            22.6 | u_network/u_features/u_block0/u_conv/u_spa_conv1d/out_data[47]_i_1_n_0                                                                                                               |
| Low              | Excessive Set/Reset/Preset/Clear |      8 | Reset        | Active High |               0.27 |            24.2 | u_network/u_features/u_block0/u_conv/u_spa_conv1d/out_data[55]_i_1_n_0                                                                                                               |
| Low              | Excessive Set/Reset/Preset/Clear |      8 | Reset        | Active High |               0.26 |            24.0 | u_network/u_features/u_block0/u_conv/u_spa_conv1d/out_data[63]_i_1_n_0                                                                                                               |
| Low              | Excessive Set/Reset/Preset/Clear |      8 | Reset        | Active High |               0.30 |            23.5 | u_network/u_features/u_block0/u_conv/u_spa_conv1d/out_data[7]_i_1_n_0                                                                                                                |
| Low              | Excessive Set/Reset/Preset/Clear |      8 | Reset        | Active High |               0.23 |            26.3 | u_network/u_features/u_block0/u_conv/u_spe_conv1d/out_data[15]_i_1__0_n_0                                                                                                            |
| Low              | Excessive Set/Reset/Preset/Clear |      8 | Reset        | Active High |               0.41 |            22.8 | u_network/u_features/u_block0/u_conv/u_spe_conv1d/out_data[23]_i_1__0_n_0                                                                                                            |
| Low              | Excessive Set/Reset/Preset/Clear |      8 | Reset        | Active High |               0.33 |            28.5 | u_network/u_features/u_block0/u_conv/u_spe_conv1d/out_data[31]_i_1__0_n_0                                                                                                            |
| Low              | Excessive Set/Reset/Preset/Clear |      8 | Reset        | Active High |               0.23 |            27.8 | u_network/u_features/u_block0/u_conv/u_spe_conv1d/out_data[39]_i_1__0_n_0                                                                                                            |
| Low              | Excessive Set/Reset/Preset/Clear |      8 | Reset        | Active High |               0.22 |            28.2 | u_network/u_features/u_block0/u_conv/u_spe_conv1d/out_data[47]_i_1__0_n_0                                                                                                            |
| Low              | Excessive Set/Reset/Preset/Clear |      8 | Reset        | Active High |               0.15 |            23.3 | u_network/u_features/u_block0/u_conv/u_spe_conv1d/out_data[55]_i_1__0_n_0                                                                                                            |
| Low              | Excessive Set/Reset/Preset/Clear |      8 | Reset        | Active High |               0.25 |            27.8 | u_network/u_features/u_block0/u_conv/u_spe_conv1d/out_data[63]_i_1__0_n_0                                                                                                            |
| Low              | Excessive Set/Reset/Preset/Clear |      8 | Reset        | Active High |               0.47 |            16.4 | u_network/u_features/u_block0/u_conv/u_spe_conv1d/out_data[7]_i_1__0_n_0                                                                                                             |
| Low              |                                  |      8 | BRAM Enable  | Active High |               0.03 |             6.2 | u_network/u_features/u_block0/u_in/G_DSP_PARALLEL.u/enb0                                                                                                                             |
| Low              |                                  |      8 | BRAM Enable  | Active High |               0.03 |             6.2 | u_network/u_features/u_block0/u_in/G_DSP_PARALLEL.u/enb03_out                                                                                                                        |
| Low              |                                  |      8 |              | Active High |               0.01 |             2.2 | u_network/u_features/u_block0/u_sx/G0.u/c_data[23]_i_1_n_0                                                                                                                           |
| Low              |                                  |      8 |              | Active High |               0.01 |             2.2 | u_network/u_features/u_block0/u_sx/G0.u/c_data[55]_i_1_n_0                                                                                                                           |
| Low              |                                  |      8 |              | Active High |               0.00 |             0.6 | u_network/u_features/u_block0/u_sx/G0.u/c_data[87]_i_1_n_0                                                                                                                           |
| Low              |                                  |      8 |              | Active High |               0.01 |             1.5 | u_network/u_features/u_block0/u_sx/G0.u/dt_pixel_addr[7]_i_1_n_0                                                                                                                     |
| Low              |                                  |      8 |              | Active High |               0.02 |             3.1 | u_network/u_features/u_block0/u_sx/G0.u/u_launch_record[0][7]_i_1_n_0                                                                                                                |
| Low              |                                  |      8 |              | Active High |               0.02 |             3.1 | u_network/u_features/u_block0/u_sx/G0.u/u_launch_record[1][7]_i_1_n_0                                                                                                                |
| Low              |                                  |      8 |              | Active High |               0.02 |             3.1 | u_network/u_features/u_block0/u_sx/G0.u/u_launch_record[2][7]_i_1_n_0                                                                                                                |
| Low              |                                  |      8 |              | Active High |               0.02 |             3.1 | u_network/u_features/u_block0/u_sx/G0.u/u_launch_record[3][7]_i_1_n_0                                                                                                                |
| Low              | Excessive Set/Reset/Preset/Clear |      8 | Reset        | Active High |               0.30 |            20.2 | u_network/u_features/u_block0/u_tail/u_post_ssm/u_spa_out_proj/G0.u/out_data[15]_i_1__1_n_0                                                                                          |
| Low              | Excessive Set/Reset/Preset/Clear |      8 | Reset        | Active High |               0.27 |            20.3 | u_network/u_features/u_block0/u_tail/u_post_ssm/u_spa_out_proj/G0.u/out_data[23]_i_1__1_n_0                                                                                          |
| Low              | Excessive Set/Reset/Preset/Clear |      8 | Reset        | Active High |               0.23 |            17.5 | u_network/u_features/u_block0/u_tail/u_post_ssm/u_spa_out_proj/G0.u/out_data[31]_i_1__1_n_0                                                                                          |
| Low              | Excessive Set/Reset/Preset/Clear |      8 | Reset        | Active High |               0.25 |            17.9 | u_network/u_features/u_block0/u_tail/u_post_ssm/u_spa_out_proj/G0.u/out_data[7]_i_1__1_n_0                                                                                           |
| Low              | Excessive Set/Reset/Preset/Clear |      8 | Reset        | Active High |               0.13 |            25.7 | u_network/u_features/u_block0/u_tail/u_post_ssm/u_spe_out_proj/G0.u/out_data[15]_i_1__2_n_0                                                                                          |
| Low              | Excessive Set/Reset/Preset/Clear |      8 | Reset        | Active High |               0.15 |            29.2 | u_network/u_features/u_block0/u_tail/u_post_ssm/u_spe_out_proj/G0.u/out_data[23]_i_1__2_n_0                                                                                          |
| Low              | Excessive Set/Reset/Preset/Clear |      8 | Reset        | Active High |               0.16 |            31.4 | u_network/u_features/u_block0/u_tail/u_post_ssm/u_spe_out_proj/G0.u/out_data[39]_i_1__1_n_0                                                                                          |
| Low              | Excessive Set/Reset/Preset/Clear |      8 | Reset        | Active High |               0.09 |            17.2 | u_network/u_features/u_block0/u_tail/u_post_ssm/u_spe_out_proj/G0.u/out_data[47]_i_1__1_n_0                                                                                          |
| Low              | Excessive Set/Reset/Preset/Clear |      8 | Reset        | Active High |               0.09 |            17.9 | u_network/u_features/u_block0/u_tail/u_post_ssm/u_spe_out_proj/G0.u/out_data[7]_i_1__2_n_0                                                                                           |
| Low              |                                  |      8 |              | Active High |               0.02 |             3.1 | u_network/u_features/u_block1/u_conv/u_spa_conv1d/E[10]                                                                                                                              |
| Low              |                                  |      8 |              | Active High |               0.02 |             3.1 | u_network/u_features/u_block1/u_conv/u_spa_conv1d/E[12]                                                                                                                              |
| Low              |                                  |      8 |              | Active High |               0.02 |             3.1 | u_network/u_features/u_block1/u_conv/u_spa_conv1d/E[14]                                                                                                                              |
| Low              |                                  |      8 |              | Active High |               0.02 |             3.1 | u_network/u_features/u_block1/u_conv/u_spa_conv1d/E[3]                                                                                                                               |
| Low              |                                  |      8 |              | Active High |               0.02 |             3.1 | u_network/u_features/u_block1/u_conv/u_spa_conv1d/E[4]                                                                                                                               |
| Low              |                                  |      8 |              | Active High |               0.02 |             3.1 | u_network/u_features/u_block1/u_conv/u_spa_conv1d/E[5]                                                                                                                               |
| Low              |                                  |      8 |              | Active High |               0.02 |             3.1 | u_network/u_features/u_block1/u_conv/u_spa_conv1d/E[7]                                                                                                                               |
| Low              |                                  |      8 |              | Active High |               0.02 |             3.1 | u_network/u_features/u_block1/u_conv/u_spa_conv1d/E[8]                                                                                                                               |
| Low              |                                  |      8 |              | Active High |               0.02 |             3.1 | u_network/u_features/u_block1/u_conv/u_spa_conv1d/E[9]                                                                                                                               |
| Low              | Excessive Set/Reset/Preset/Clear |      8 | Reset        | Active High |               0.08 |            16.6 | u_network/u_features/u_block1/u_conv/u_spa_conv1d/out_data[39]_i_1_n_0                                                                                                               |
| Low              | Excessive Set/Reset/Preset/Clear |      8 | Reset        | Active High |               0.09 |            18.3 | u_network/u_features/u_block1/u_conv/u_spe_conv1d/out_data[23]_i_1__0_n_0                                                                                                            |
| Low              | Excessive Set/Reset/Preset/Clear |      8 | Reset        | Active High |               0.09 |            18.1 | u_network/u_features/u_block1/u_conv/u_spe_conv1d/out_data[47]_i_1__0_n_0                                                                                                            |
| Low              | Excessive Set/Reset/Preset/Clear |      8 | Reset        | Active High |               0.11 |            22.2 | u_network/u_features/u_block1/u_conv/u_spe_conv1d/out_data[63]_i_1__0_n_0                                                                                                            |
| Low              | Excessive Set/Reset/Preset/Clear |      8 | Reset        | Active High |               0.12 |            23.9 | u_network/u_features/u_block1/u_conv/u_spe_conv1d/out_data[7]_i_1__0_n_0                                                                                                             |
| Low              |                                  |      8 | BRAM Enable  | Active High |               0.01 |             1.6 | u_network/u_features/u_block1/u_in/G_DSP_PARALLEL.u/enb0                                                                                                                             |
| Low              |                                  |      8 | BRAM Enable  | Active High |               0.01 |             1.6 | u_network/u_features/u_block1/u_in/G_DSP_PARALLEL.u/enb03_out                                                                                                                        |
| Low              |                                  |      8 | BRAM Enable  | Active High |               0.02 |             3.1 | u_network/u_features/u_block1/u_sx/GS.u/rd_en_reg_n_0                                                                                                                                |
| Low              |                                  |      8 |              | Active High |               0.02 |             3.1 | u_network/u_features/u_block1/u_tail/u_both_ssm/u_spa_ssm/GS_FUSED.u/E[11]                                                                                                           |
| Low              |                                  |      8 |              | Active High |               0.02 |             3.1 | u_network/u_features/u_block1/u_tail/u_both_ssm/u_spa_ssm/GS_FUSED.u/E[12]                                                                                                           |
| Low              |                                  |      8 |              | Active High |               0.02 |             3.1 | u_network/u_features/u_block1/u_tail/u_both_ssm/u_spa_ssm/GS_FUSED.u/E[15]                                                                                                           |
| Low              |                                  |      8 |              | Active High |               0.02 |             3.1 | u_network/u_features/u_block1/u_tail/u_both_ssm/u_spa_ssm/GS_FUSED.u/E[16]                                                                                                           |
| Low              |                                  |      8 |              | Active High |               0.02 |             3.1 | u_network/u_features/u_block1/u_tail/u_both_ssm/u_spa_ssm/GS_FUSED.u/E[22]                                                                                                           |
| Low              |                                  |      8 |              | Active High |               0.02 |             3.1 | u_network/u_features/u_block1/u_tail/u_both_ssm/u_spa_ssm/GS_FUSED.u/E[23]                                                                                                           |
| Low              |                                  |      8 |              | Active High |               0.02 |             3.1 | u_network/u_features/u_block1/u_tail/u_both_ssm/u_spa_ssm/GS_FUSED.u/E[5]                                                                                                            |
| Low              |                                  |      8 |              | Active High |               0.02 |             3.1 | u_network/u_features/u_block1/u_tail/u_both_ssm/u_spa_ssm/GS_FUSED.u/E[7]                                                                                                            |
| Low              |                                  |      8 |              | Active High |               0.02 |             3.1 | u_network/u_features/u_block1/u_tail/u_both_ssm/u_spa_ssm/GS_FUSED.u/E[8]                                                                                                            |
| Low              |                                  |      8 | BRAM Enable  | Active High |               0.00 |             0.0 | u_network/u_features/u_block1/u_tail/u_post_ssm/u_spa_out_proj/GS.u/rd_en_reg_n_0                                                                                                    |
| Low              | Excessive Set/Reset/Preset/Clear |      8 | Set/Reset    | Active High |               0.14 |             9.7 | u_network/u_features/u_block1/u_tail/u_post_ssm/u_spe_ssm_requant/out_data_reg[23]_i_1__1_n_2                                                                                        |
| Low              | Excessive Set/Reset/Preset/Clear |      8 | Set/Reset    | Active High |               0.11 |             5.9 | u_network/u_features/u_block1/u_tail/u_post_ssm/u_spe_ssm_requant/out_data_reg[7]_i_1__1_n_2                                                                                         |
| Low              |                                  |      8 |              | Active High |               0.00 |             0.8 | u_network/u_features/u_block2/u_conv/u_spa_conv1d/E[12]                                                                                                                              |
| Low              |                                  |      8 |              | Active High |               0.00 |             0.8 | u_network/u_features/u_block2/u_conv/u_spa_conv1d/E[14]                                                                                                                              |
| Low              |                                  |      8 |              | Active High |               0.00 |             0.8 | u_network/u_features/u_block2/u_conv/u_spa_conv1d/E[3]                                                                                                                               |
| Low              |                                  |      8 |              | Active High |               0.00 |             0.8 | u_network/u_features/u_block2/u_conv/u_spa_conv1d/E[4]                                                                                                                               |
| Low              |                                  |      8 |              | Active High |               0.00 |             0.8 | u_network/u_features/u_block2/u_conv/u_spa_conv1d/E[5]                                                                                                                               |
| Low              |                                  |      8 |              | Active High |               0.00 |             0.8 | u_network/u_features/u_block2/u_conv/u_spa_conv1d/E[7]                                                                                                                               |
| Low              |                                  |      8 |              | Active High |               0.00 |             0.8 | u_network/u_features/u_block2/u_conv/u_spa_conv1d/E[8]                                                                                                                               |
| Low              |                                  |      8 | BRAM Enable  | Active High |               0.00 |             0.4 | u_network/u_features/u_block2/u_in/G_DSP_PARALLEL.u/enb0                                                                                                                             |
| Low              |                                  |      8 | BRAM Enable  | Active High |               0.00 |             0.4 | u_network/u_features/u_block2/u_in/G_DSP_PARALLEL.u/enb03_out                                                                                                                        |
| Low              |                                  |      8 |              | Active High |               0.00 |             0.0 | u_network/u_features/u_block2/u_sx/GS.u/b_data[31]_i_1__0_n_0                                                                                                                        |
| Low              |                                  |      8 |              | Active High |               0.00 |             0.0 | u_network/u_features/u_block2/u_sx/GS.u/b_data[71]_i_1__0_n_0                                                                                                                        |
| Low              |                                  |      8 |              | Active High |               0.00 |             0.0 | u_network/u_features/u_block2/u_sx/GS.u/b_data[7]_i_1__0_n_0                                                                                                                         |
| Low              |                                  |      8 | BRAM Enable  | Active High |               0.00 |             0.8 | u_network/u_features/u_block2/u_sx/GS.u/rd_en_reg_n_0                                                                                                                                |
| Low              |                                  |      8 |              | Active High |               0.01 |             1.6 | u_network/u_features/u_block2/u_tail/u_both_ssm/u_spa_ssm/GS_FUSED.u/out_record_addr_reg[3]_fwrd__5_n_0                                                                              |
| Low              |                                  |      8 |              | Active High |               0.00 |             0.8 | u_network/u_features/u_block2/u_tail/u_both_ssm/u_spa_ssm/GS_FUSED.u/out_valid_reg_1[12]                                                                                             |
| Low              |                                  |      8 |              | Active High |               0.00 |             0.8 | u_network/u_features/u_block2/u_tail/u_both_ssm/u_spa_ssm/GS_FUSED.u/out_valid_reg_1[14]                                                                                             |
| Low              |                                  |      8 |              | Active High |               0.00 |             0.8 | u_network/u_features/u_block2/u_tail/u_both_ssm/u_spa_ssm/GS_FUSED.u/out_valid_reg_1[15]                                                                                             |
| Low              |                                  |      8 |              | Active High |               0.00 |             0.8 | u_network/u_features/u_block2/u_tail/u_both_ssm/u_spa_ssm/GS_FUSED.u/out_valid_reg_1[17]                                                                                             |
| Low              |                                  |      8 |              | Active High |               0.00 |             0.8 | u_network/u_features/u_block2/u_tail/u_both_ssm/u_spa_ssm/GS_FUSED.u/out_valid_reg_1[21]                                                                                             |
| Low              |                                  |      8 |              | Active High |               0.00 |             0.8 | u_network/u_features/u_block2/u_tail/u_both_ssm/u_spa_ssm/GS_FUSED.u/out_valid_reg_1[23]                                                                                             |
| Low              |                                  |      8 |              | Active High |               0.00 |             0.8 | u_network/u_features/u_block2/u_tail/u_both_ssm/u_spa_ssm/GS_FUSED.u/out_valid_reg_1[24]                                                                                             |
| Low              |                                  |      8 |              | Active High |               0.00 |             0.8 | u_network/u_features/u_block2/u_tail/u_both_ssm/u_spa_ssm/GS_FUSED.u/out_valid_reg_1[26]                                                                                             |
| Low              |                                  |      8 |              | Active High |               0.00 |             0.8 | u_network/u_features/u_block2/u_tail/u_both_ssm/u_spa_ssm/GS_FUSED.u/out_valid_reg_1[30]                                                                                             |
| Low              |                                  |      8 |              | Active High |               0.00 |             0.8 | u_network/u_features/u_block2/u_tail/u_both_ssm/u_spa_ssm/GS_FUSED.u/out_valid_reg_1[32]                                                                                             |
| Low              |                                  |      8 |              | Active High |               0.00 |             0.8 | u_network/u_features/u_block2/u_tail/u_both_ssm/u_spa_ssm/GS_FUSED.u/out_valid_reg_1[33]                                                                                             |
| Low              |                                  |      8 |              | Active High |               0.00 |             0.8 | u_network/u_features/u_block2/u_tail/u_both_ssm/u_spa_ssm/GS_FUSED.u/out_valid_reg_1[3]                                                                                              |
| Low              |                                  |      8 |              | Active High |               0.00 |             0.8 | u_network/u_features/u_block2/u_tail/u_both_ssm/u_spa_ssm/GS_FUSED.u/out_valid_reg_1[5]                                                                                              |
| Low              |                                  |      8 |              | Active High |               0.00 |             0.8 | u_network/u_features/u_block2/u_tail/u_both_ssm/u_spa_ssm/GS_FUSED.u/out_valid_reg_1[6]                                                                                              |
| Low              |                                  |      8 |              | Active High |               0.00 |             0.8 | u_network/u_features/u_block2/u_tail/u_both_ssm/u_spa_ssm/GS_FUSED.u/out_valid_reg_1[8]                                                                                              |
| Low              | Excessive Set/Reset/Preset/Clear |      8 | Reset        | Active High |               0.50 |             0.4 | u_network/u_features/u_block2/u_tail/u_both_ssm/u_spa_ssm/GS_FUSED.u/request_group[7]_i_1_n_0                                                                                        |
| Low              |                                  |      8 |              | Active High |               0.02 |             3.1 | u_network/u_features/u_block2/u_tail/u_both_ssm/u_spe_ssm/GS_FUSED.u/E[1]                                                                                                            |
| Low              |                                  |      8 |              | Active High |               0.02 |             3.1 | u_network/u_features/u_block2/u_tail/u_both_ssm/u_spe_ssm/GS_FUSED.u/E[2]                                                                                                            |
| Low              |                                  |      8 |              | Active High |               0.02 |             3.1 | u_network/u_features/u_block2/u_tail/u_both_ssm/u_spe_ssm/GS_FUSED.u/E[3]                                                                                                            |
| Low              |                                  |      8 |              | Active High |               0.02 |             3.1 | u_network/u_features/u_block2/u_tail/u_both_ssm/u_spe_ssm/GS_FUSED.u/E[4]                                                                                                            |
| Low              |                                  |      8 | BRAM Enable  | Active High |               0.00 |             0.0 | u_network/u_features/u_block2/u_tail/u_post_ssm/u_spa_out_proj/GS.u/rd_en_reg_n_0                                                                                                    |
| Low              | Excessive Set/Reset/Preset/Clear |      8 | Set/Reset    | Active High |               0.22 |            13.0 | u_network/u_features/u_block2/u_tail/u_post_ssm/u_spa_ssm_requant/out_data_reg[23]_i_1__0_n_2                                                                                        |
| Low              | Excessive Set/Reset/Preset/Clear |      8 | Set/Reset    | Active High |               0.20 |             9.7 | u_network/u_features/u_block2/u_tail/u_post_ssm/u_spa_ssm_requant/out_data_reg[7]_i_1__0_n_2                                                                                         |
| Low              | Excessive Set/Reset/Preset/Clear |      8 | Set/Reset    | Active High |               0.16 |             6.9 | u_network/u_features/u_block2/u_tail/u_post_ssm/u_spe_ssm_requant/out_data_reg[15]_i_1__1_n_2                                                                                        |
| Low              | Excessive Set/Reset/Preset/Clear |      8 | Set/Reset    | Active High |               0.11 |             5.9 | u_network/u_features/u_block2/u_tail/u_post_ssm/u_spe_ssm_requant/out_data_reg[7]_i_1__1_n_2                                                                                         |
| Low              |                                  |      8 |              | Active High |               0.02 |             3.1 | u_network/u_features/u_pool1/collect[15]_i_2_n_0                                                                                                                                     |
| Low              |                                  |      8 |              | Active High |               0.02 |             3.1 | u_network/u_features/u_pool1/collect[23]_i_2_n_0                                                                                                                                     |
| Low              |                                  |      8 |              | Active High |               0.02 |             3.1 | u_network/u_features/u_pool1/collect[31]_i_2_n_0                                                                                                                                     |
| Low              |                                  |      8 |              | Active High |               0.02 |             3.1 | u_network/u_features/u_pool1/collect[39]_i_2_n_0                                                                                                                                     |
| Low              |                                  |      8 |              | Active High |               0.02 |             3.1 | u_network/u_features/u_pool1/collect[47]_i_2_n_0                                                                                                                                     |
| Low              |                                  |      8 |              | Active High |               0.02 |             3.1 | u_network/u_features/u_pool1/collect[55]_i_2_n_0                                                                                                                                     |
| Low              |                                  |      8 |              | Active High |               0.02 |             3.1 | u_network/u_features/u_pool1/collect[63]_i_2_n_0                                                                                                                                     |
| Low              |                                  |      8 |              | Active High |               0.02 |             3.1 | u_network/u_features/u_pool1/collect[7]_i_2_n_0                                                                                                                                      |
| Low              |                                  |      8 |              | Active High |               0.02 |             3.1 | u_network/u_features/u_pool1/out_index[0]                                                                                                                                            |
| Low              |                                  |      8 |              | Active High |               0.02 |             3.1 | u_network/u_features/u_pool2/collect[103]_i_1_n_0                                                                                                                                    |
| Low              |                                  |      8 |              | Active High |               0.02 |             3.1 | u_network/u_features/u_pool2/collect[111]_i_1_n_0                                                                                                                                    |
| Low              |                                  |      8 |              | Active High |               0.02 |             3.1 | u_network/u_features/u_pool2/collect[119]_i_1_n_0                                                                                                                                    |
| Low              |                                  |      8 |              | Active High |               0.02 |             3.1 | u_network/u_features/u_pool2/collect[127]_i_2_n_0                                                                                                                                    |
| Low              |                                  |      8 |              | Active High |               0.02 |             3.1 | u_network/u_features/u_pool2/collect[135]_i_1_n_0                                                                                                                                    |
| Low              |                                  |      8 |              | Active High |               0.02 |             3.1 | u_network/u_features/u_pool2/collect[143]_i_1_n_0                                                                                                                                    |
| Low              |                                  |      8 |              | Active High |               0.02 |             3.1 | u_network/u_features/u_pool2/collect[151]_i_1_n_0                                                                                                                                    |
| Low              |                                  |      8 |              | Active High |               0.02 |             3.1 | u_network/u_features/u_pool2/collect[159]_i_1_n_0                                                                                                                                    |
| Low              |                                  |      8 |              | Active High |               0.02 |             3.1 | u_network/u_features/u_pool2/collect[15]_i_1_n_0                                                                                                                                     |
| Low              |                                  |      8 |              | Active High |               0.02 |             3.1 | u_network/u_features/u_pool2/collect[167]_i_1_n_0                                                                                                                                    |
| Low              |                                  |      8 |              | Active High |               0.02 |             3.1 | u_network/u_features/u_pool2/collect[175]_i_1_n_0                                                                                                                                    |
| Low              |                                  |      8 |              | Active High |               0.02 |             3.1 | u_network/u_features/u_pool2/collect[183]_i_1_n_0                                                                                                                                    |
| Low              |                                  |      8 |              | Active High |               0.02 |             3.1 | u_network/u_features/u_pool2/collect[191]_i_2_n_0                                                                                                                                    |
| Low              |                                  |      8 |              | Active High |               0.02 |             3.1 | u_network/u_features/u_pool2/collect[23]_i_2_n_0                                                                                                                                     |
| Low              |                                  |      8 |              | Active High |               0.02 |             3.1 | u_network/u_features/u_pool2/collect[31]_i_2_n_0                                                                                                                                     |
| Low              |                                  |      8 |              | Active High |               0.02 |             3.1 | u_network/u_features/u_pool2/collect[39]_i_2_n_0                                                                                                                                     |
| Low              |                                  |      8 |              | Active High |               0.02 |             3.1 | u_network/u_features/u_pool2/collect[47]_i_2_n_0                                                                                                                                     |
| Low              |                                  |      8 |              | Active High |               0.02 |             3.1 | u_network/u_features/u_pool2/collect[55]_i_2_n_0                                                                                                                                     |
| Low              |                                  |      8 |              | Active High |               0.02 |             3.1 | u_network/u_features/u_pool2/collect[63]_i_1_n_0                                                                                                                                     |
| Low              |                                  |      8 |              | Active High |               0.02 |             3.1 | u_network/u_features/u_pool2/collect[71]_i_1_n_0                                                                                                                                     |
| Low              |                                  |      8 |              | Active High |               0.02 |             3.1 | u_network/u_features/u_pool2/collect[79]_i_1_n_0                                                                                                                                     |
| Low              |                                  |      8 |              | Active High |               0.02 |             3.1 | u_network/u_features/u_pool2/collect[7]_i_1_n_0                                                                                                                                      |
| Low              |                                  |      8 |              | Active High |               0.02 |             3.1 | u_network/u_features/u_pool2/collect[87]_i_1_n_0                                                                                                                                     |
| Low              |                                  |      8 |              | Active High |               0.02 |             3.1 | u_network/u_features/u_pool2/collect[95]_i_1_n_0                                                                                                                                     |
| Low              |                                  |      8 |              | Active High |               0.00 |             0.8 | u_network/u_features/u_pool2/out_index[0]                                                                                                                                            |
| Low              |                                  |      8 |              | Active High |               0.02 |             3.6 | u_network/u_features/u_pool2/rd_en                                                                                                                                                   |
| Low              |                                  |      8 |              | Active High |               0.00 |             0.8 | u_network/u_head/group_valid_q                                                                                                                                                       |
| Low              |                                  |      8 |              | Active High |               0.00 |             0.3 | u_network/u_head/input_collect[103]_i_1_n_0                                                                                                                                          |
| Low              |                                  |      8 |              | Active High |               0.00 |             0.1 | u_network/u_head/input_collect[111]_i_1_n_0                                                                                                                                          |
| Low              |                                  |      8 |              | Active High |               0.00 |             0.1 | u_network/u_head/input_collect[119]_i_1_n_0                                                                                                                                          |
| Low              |                                  |      8 |              | Active High |               0.00 |             0.3 | u_network/u_head/input_collect[127]_i_1_n_0                                                                                                                                          |
| Low              |                                  |      8 |              | Active High |               0.00 |             0.3 | u_network/u_head/input_collect[135]_i_1_n_0                                                                                                                                          |
| Low              |                                  |      8 |              | Active High |               0.00 |             0.1 | u_network/u_head/input_collect[143]_i_1_n_0                                                                                                                                          |
| Low              |                                  |      8 |              | Active High |               0.00 |             0.1 | u_network/u_head/input_collect[151]_i_1_n_0                                                                                                                                          |
| Low              |                                  |      8 |              | Active High |               0.00 |             0.3 | u_network/u_head/input_collect[159]_i_1_n_0                                                                                                                                          |
| Low              |                                  |      8 |              | Active High |               0.00 |             0.0 | u_network/u_head/input_collect[15]_i_1_n_0                                                                                                                                           |
| Low              |                                  |      8 |              | Active High |               0.00 |             0.3 | u_network/u_head/input_collect[167]_i_1_n_0                                                                                                                                          |
| Low              |                                  |      8 |              | Active High |               0.00 |             0.1 | u_network/u_head/input_collect[175]_i_1_n_0                                                                                                                                          |
| Low              |                                  |      8 |              | Active High |               0.00 |             0.1 | u_network/u_head/input_collect[183]_i_1_n_0                                                                                                                                          |
| Low              |                                  |      8 |              | Active High |               0.00 |             0.3 | u_network/u_head/input_collect[191]_i_1_n_0                                                                                                                                          |
| Low              |                                  |      8 |              | Active High |               0.00 |             0.0 | u_network/u_head/input_collect[23]_i_1_n_0                                                                                                                                           |
| Low              |                                  |      8 |              | Active High |               0.00 |             0.0 | u_network/u_head/input_collect[31]_i_1_n_0                                                                                                                                           |
| Low              |                                  |      8 |              | Active High |               0.00 |             0.0 | u_network/u_head/input_collect[39]_i_1_n_0                                                                                                                                           |
| Low              |                                  |      8 |              | Active High |               0.00 |             0.0 | u_network/u_head/input_collect[47]_i_1_n_0                                                                                                                                           |
| Low              |                                  |      8 |              | Active High |               0.00 |             0.0 | u_network/u_head/input_collect[55]_i_1_n_0                                                                                                                                           |
| Low              |                                  |      8 |              | Active High |               0.00 |             0.0 | u_network/u_head/input_collect[63]_i_1_n_0                                                                                                                                           |
| Low              |                                  |      8 |              | Active High |               0.00 |             0.3 | u_network/u_head/input_collect[71]_i_1_n_0                                                                                                                                           |
| Low              |                                  |      8 |              | Active High |               0.00 |             0.1 | u_network/u_head/input_collect[79]_i_1_n_0                                                                                                                                           |
| Low              |                                  |      8 |              | Active High |               0.00 |             0.0 | u_network/u_head/input_collect[7]_i_1_n_0                                                                                                                                            |
| Low              |                                  |      8 |              | Active High |               0.00 |             0.1 | u_network/u_head/input_collect[87]_i_1_n_0                                                                                                                                           |
| Low              |                                  |      8 |              | Active High |               0.00 |             0.3 | u_network/u_head/input_collect[95]_i_1_n_0                                                                                                                                           |
| Low              | Excessive Set/Reset/Preset/Clear |      8 | Set/Reset    | Active High |               0.14 |            17.6 | u_network/u_head/result_code_high_q_reg[7]_i_1_n_3                                                                                                                                   |
| Low              | Excessive Set/Reset/Preset/Clear |      8 | Set/Reset    | Active High |               0.18 |            11.4 | u_network/u_head/result_code_low_q_reg[7]_i_1_n_3                                                                                                                                    |
| Low              |                                  |      7 |              | Active High |               0.00 |             1.2 | u_network/u_features/u_block2/u_in/G_DSP_PARALLEL.u/rd_en                                                                                                                            |
| Low              |                                  |      7 |              | Active High |               0.00 |             0.1 | u_network/u_features/u_block2/u_in/G_DSP_PARALLEL.u/spa_out_pixel_addr[3]_i_1_n_0                                                                                                    |
| Low              |                                  |      7 |              | Active High |               0.00 |             0.1 | u_network/u_features/u_block2/u_in/G_DSP_PARALLEL.u/spe_out_pixel_addr[3]_i_1_n_0                                                                                                    |
| Low              |                                  |      7 |              | Active High |               0.00 |             0.0 | u_network/u_features/u_block2/u_sx/GS.u/b_data[102]_i_1__0_n_0                                                                                                                       |
| Low              |                                  |      7 |              | Active High |               0.00 |             0.0 | u_network/u_features/u_block2/u_sx/GS.u/b_data[38]_i_1__0_n_0                                                                                                                        |
| Low              |                                  |      7 |              | Active High |               0.00 |             0.0 | u_network/u_features/u_block2/u_sx/GS.u/b_data[46]_i_1__0_n_0                                                                                                                        |
| Low              |                                  |      7 |              | Active High |               0.00 |             0.0 | u_network/u_features/u_block2/u_sx/GS.u/b_data[62]_i_1__0_n_0                                                                                                                        |
| Low              |                                  |      7 |              | Active High |               0.00 |             0.0 | u_network/u_features/u_block2/u_sx/GS.u/b_data[94]_i_1__0_n_0                                                                                                                        |
| Low              |                                  |      7 |              | Active High |               0.00 |             0.0 | u_network/u_features/u_block2/u_sx/GS.u/c_data[46]_i_1__0_n_0                                                                                                                        |
| Low              |                                  |      7 |              | Active High |               0.02 |             3.1 | u_network/u_features/u_block2/u_tail/u_post_ssm/u_residual_fusion/fusion_read_slot[5]_i_1_n_0                                                                                        |
| Low              |                                  |      7 |              | Active High |               0.03 |             3.9 | u_network/u_head/state[0]                                                                                                                                                            |
| Low              |                                  |      6 |              | Active High |               0.01 |             2.0 | u_network/u_features/u_block1/u_sx/GS.u/b_pixel_addr[5]_i_1_n_0                                                                                                                      |
| Low              |                                  |      6 |              | Active High |               0.03 |             5.9 | u_network/u_features/u_block1/u_sx/GS.u/c_pixel_addr[5]_i_1_n_0                                                                                                                      |
| Low              |                                  |      6 |              | Active High |               0.03 |             5.9 | u_network/u_features/u_block1/u_sx/GS.u/dt_data[16]_i_1_n_0                                                                                                                          |
| Low              |                                  |      6 |              | Active High |               0.03 |             5.9 | u_network/u_features/u_block1/u_sx/GS.u/dt_pixel_addr[5]_i_1_n_0                                                                                                                     |
| Low              |                                  |      6 |              | Active High |               0.02 |             4.3 | u_network/u_features/u_block1/u_sx/GS.u/rd_addr[0]                                                                                                                                   |
| Low              |                                  |      6 |              | Active High |               0.00 |             0.0 | u_network/u_features/u_block1/u_tail/u_post_ssm/u_spa_out_proj/GS.u/rd_en                                                                                                            |
| Low              |                                  |      6 |              | Active High |               0.00 |             0.7 | u_network/u_features/u_block2/u_px/GS.u/b_pixel_addr[3]_i_1__0_n_0                                                                                                                   |
| Low              |                                  |      6 |              | Active High |               0.02 |             3.1 | u_network/u_features/u_block2/u_px/GS.u/dt_valid_i_1__0_n_0                                                                                                                          |
| Low              |                                  |      6 |              | Active High |               0.02 |             3.5 | u_network/u_features/u_block2/u_px/GS.u/rd_en                                                                                                                                        |
| Low              |                                  |      6 |              | Active High |               0.00 |             0.0 | u_network/u_features/u_block2/u_sx/GS.u/b_data[110]_i_1__0_n_0                                                                                                                       |
| Low              |                                  |      6 |              | Active High |               0.00 |             0.1 | u_network/u_features/u_block2/u_sx/GS.u/b_data[126]_i_1__0_n_0                                                                                                                       |
| Low              |                                  |      6 |              | Active High |               0.00 |             0.0 | u_network/u_features/u_block2/u_sx/GS.u/b_data[14]_i_1__0_n_0                                                                                                                        |
| Low              |                                  |      6 |              | Active High |               0.00 |             0.0 | u_network/u_features/u_block2/u_sx/GS.u/b_data[78]_i_1__0_n_0                                                                                                                        |
| Low              |                                  |      6 |              | Active High |               0.00 |             0.1 | u_network/u_features/u_block2/u_sx/GS.u/c_data[101]_i_1__0_n_0                                                                                                                       |
| Low              |                                  |      6 |              | Active High |               0.00 |             0.0 | u_network/u_features/u_block2/u_sx/GS.u/c_data[14]_i_1__0_n_0                                                                                                                        |
| Low              |                                  |      6 |              | Active High |               0.00 |             0.1 | u_network/u_features/u_block2/u_sx/GS.u/c_data[30]_i_1__0_n_0                                                                                                                        |
| Low              |                                  |      6 |              | Active High |               0.00 |             0.0 | u_network/u_features/u_block2/u_sx/GS.u/c_data[37]_i_1__0_n_0                                                                                                                        |
| Low              |                                  |      6 |              | Active High |               0.00 |             0.0 | u_network/u_features/u_block2/u_sx/GS.u/c_data[78]_i_1__0_n_0                                                                                                                        |
| Low              |                                  |      6 |              | Active High |               0.00 |             0.2 | u_network/u_features/u_block2/u_sx/GS.u/c_data[94]_i_1__0_n_0                                                                                                                        |
| Low              | Excessive Set/Reset/Preset/Clear |      6 | Reset        | Active High |               0.51 |             1.8 | u_network/u_features/u_block2/u_tail/u_both_ssm/u_spe_ssm/GS_FUSED.u/request_group[5]_i_1_n_0                                                                                        |
| Low              |                                  |      6 |              | Active High |               0.02 |             4.7 | u_network/u_features/u_block2/u_tail/u_post_ssm/u_spe_out_proj/GS.u/rd_en                                                                                                            |
| Low              |                                  |      5 |              | Active High |               0.00 |             0.1 | u_network/u_features/u_block2/u_sx/GS.u/b_data[116]_i_1__0_n_0                                                                                                                       |
| Low              |                                  |      5 |              | Active High |               0.00 |             0.0 | u_network/u_features/u_block2/u_sx/GS.u/b_data[20]_i_1__0_n_0                                                                                                                        |
| Low              |                                  |      5 |              | Active High |               0.00 |             0.0 | u_network/u_features/u_block2/u_sx/GS.u/b_data[52]_i_1__0_n_0                                                                                                                        |
| Low              |                                  |      5 |              | Active High |               0.00 |             0.0 | u_network/u_features/u_block2/u_sx/GS.u/b_data[84]_i_1__0_n_0                                                                                                                        |
| Low              |                                  |      5 |              | Active High |               0.00 |             0.8 | u_network/u_features/u_block2/u_sx/GS.u/c_data[116]_i_1__0_n_0                                                                                                                       |
| Low              |                                  |      5 |              | Active High |               0.00 |             0.1 | u_network/u_features/u_block2/u_sx/GS.u/c_data[20]_i_1__0_n_0                                                                                                                        |
| Low              |                                  |      5 |              | Active High |               0.00 |             0.3 | u_network/u_features/u_block2/u_sx/GS.u/c_data[52]_i_1__0_n_0                                                                                                                        |
| Low              |                                  |      5 |              | Active High |               0.00 |             0.0 | u_network/u_features/u_block2/u_sx/GS.u/c_data[7]_i_1__0_n_0                                                                                                                         |
| Low              |                                  |      5 |              | Active High |               0.00 |             0.2 | u_network/u_features/u_block2/u_sx/GS.u/c_data[84]_i_1__0_n_0                                                                                                                        |
| Low              |                                  |      4 | BRAM Enable  | Active High |               0.06 |            12.5 | u_network/u_features/u_block1/u_px/GS.u/rd_en_reg_n_0                                                                                                                                |
| Low              | Excessive Set/Reset/Preset/Clear |      4 | Reset        | Active High |               0.51 |            13.7 | u_network/u_features/u_block1/u_tail/u_both_ssm/u_spe_ssm/G1_SPE_DUAL.u/u_lower/request_group[3]_i_1_n_0                                                                             |
| Low              | Excessive Set/Reset/Preset/Clear |      4 | Reset        | Active High |               0.51 |            13.7 | u_network/u_features/u_block1/u_tail/u_both_ssm/u_spe_ssm/G1_SPE_DUAL.u/u_upper/request_group[3]_i_1__0_n_0                                                                          |
| Low              |                                  |      4 | BRAM Enable  | Active High |               0.06 |            12.5 | u_network/u_features/u_block1/u_tail/u_post_ssm/u_spe_out_proj/GS.u/rd_en_reg_n_0                                                                                                    |
| Low              |                                  |      4 |              | Active High |               0.02 |             1.6 | u_network/u_features/u_block2/u_in/G_DSP_PARALLEL.u/state                                                                                                                            |
| Low              |                                  |      4 | BRAM Enable  | Active High |               0.02 |             3.1 | u_network/u_features/u_block2/u_px/GS.u/rd_en_reg_n_0                                                                                                                                |
| Low              |                                  |      4 |              | Active High |               0.00 |             0.3 | u_network/u_features/u_block2/u_sx/GS.u/b_pixel_addr[3]_i_1_n_0                                                                                                                      |
| Low              |                                  |      4 |              | Active High |               0.00 |             0.1 | u_network/u_features/u_block2/u_sx/GS.u/c_data[110]_i_1__0_n_0                                                                                                                       |
| Low              |                                  |      4 |              | Active High |               0.00 |             0.3 | u_network/u_features/u_block2/u_sx/GS.u/c_data[62]_i_1__0_n_0                                                                                                                        |
| Low              |                                  |      4 |              | Active High |               0.00 |             0.0 | u_network/u_features/u_block2/u_sx/GS.u/c_data[71]_i_1__0_n_0                                                                                                                        |
| Low              |                                  |      4 |              | Active High |               0.03 |             5.8 | u_network/u_features/u_block2/u_sx/GS.u/c_pixel_addr[3]_i_1_n_0                                                                                                                      |
| Low              |                                  |      4 |              | Active High |               0.01 |             1.9 | u_network/u_features/u_block2/u_sx/GS.u/dt_pixel_addr[3]_i_1_n_0                                                                                                                     |
| Low              |                                  |      4 |              | Active High |               0.00 |             1.2 | u_network/u_features/u_block2/u_sx/GS.u/rd_addr[0]                                                                                                                                   |
| Low              | Excessive Set/Reset/Preset/Clear |      4 | Reset        | Active High |               0.50 |             0.2 | u_network/u_features/u_block2/u_tail/u_both_ssm/u_spa_frame_start_buffer/SR[0]                                                                                                       |
| Low              |                                  |      4 |              | Active High |               0.00 |             0.4 | u_network/u_features/u_block2/u_tail/u_post_ssm/u_spa_out_proj/GS.u/rd_en                                                                                                            |
| Low              |                                  |      4 | BRAM Enable  | Active High |               0.02 |             3.1 | u_network/u_features/u_block2/u_tail/u_post_ssm/u_spe_out_proj/GS.u/rd_en_reg_n_0                                                                                                    |
| Low              |                                  |      4 | BRAM Enable  | Active High |               0.03 |             6.2 | u_network/u_features/u_pool1/enb0                                                                                                                                                    |
| Low              |                                  |      4 | BRAM Enable  | Active High |               0.03 |             6.2 | u_network/u_features/u_pool1/enb01_out                                                                                                                                               |
| Low              |                                  |      4 | BRAM Enable  | Active High |               0.01 |             1.6 | u_network/u_features/u_pool2/enb0                                                                                                                                                    |
| Low              |                                  |      4 | BRAM Enable  | Active High |               0.01 |             1.6 | u_network/u_features/u_pool2/enb01_out                                                                                                                                               |
| Low              |                                  |      4 |              | Active High |               0.00 |             1.2 | u_network/u_head/input_rd_en                                                                                                                                                         |
| Low              |                                  |      4 | BRAM Enable  | Active High |               0.00 |             0.8 | u_network/u_head/input_rd_en_reg_n_0                                                                                                                                                 |
| Low              |                                  |      3 |              | Active High |               0.00 |             0.3 | u_network/u_features/u_block0/u_sx/G0.u/state_reg[1][0]                                                                                                                              |
| Low              |                                  |      3 |              | Active High |               0.00 |             0.1 | u_network/u_features/u_block0/u_tail/u_both_ssm/u_spa_ssm/G0_FUSED.u/fsm_state_reg_1[0]                                                                                              |
| Low              |                                  |      3 |              | Active High |               0.00 |             0.1 | u_network/u_features/u_block1/u_sx/GS.u/dt_data[3]_i_1_n_0                                                                                                                           |
| Low              |                                  |      3 |              | Active High |               0.00 |             0.1 | u_network/u_features/u_block1/u_sx/GS.u/dt_data[7]_i_1_n_0                                                                                                                           |
| Low              | Excessive Set/Reset/Preset/Clear |      3 | Reset        | Active High |               0.86 |            28.1 | u_network/u_features/u_block1/u_sx/GS.u/dt_valid_i_1_n_0                                                                                                                             |
| Low              |                                  |      3 |              | Active High |               0.00 |             0.1 | u_network/u_features/u_block2/u_sx/GS.u/c_data[109]_i_1_n_0                                                                                                                          |
| Low              |                                  |      3 |              | Active High |               0.00 |             0.8 | u_network/u_features/u_block2/u_sx/GS.u/c_data[125]_i_1__0_n_0                                                                                                                       |
| Low              | Excessive Set/Reset/Preset/Clear |      3 | Reset        | Active High |               0.93 |            13.3 | u_network/u_features/u_block2/u_sx/GS.u/dt_valid_i_1_n_0                                                                                                                             |
| Low              | Excessive Set/Reset/Preset/Clear |      2 | Reset        | Active High |               0.25 |            50.0 | u_network/u_features/u_block0/u_tail/u_both_ssm/u_spe_ssm/G0_FUSED.u/request_group[1]_i_1__0_n_0                                                                                     |
| Low              |                                  |      2 |              | Active High |               0.02 |             3.1 | u_network/u_features/u_block1/u_tail/u_post_ssm/u_spa_out_proj/GS.u/FSM_sequential_state[1]_i_2__0_n_0                                                                               |
| Low              |                                  |      2 |              | Active High |               0.00 |             0.1 | u_network/u_features/u_block2/u_sx/GS.u/b_data[127]_i_1_n_0                                                                                                                          |
| Low              |                                  |      2 |              | Active High |               0.00 |             0.8 | u_network/u_features/u_block2/u_sx/GS.u/c_data[124]_i_1__0_n_0                                                                                                                       |
| Low              |                                  |      2 |              | Active High |               0.00 |             0.3 | u_network/u_features/u_block2/u_sx/GS.u/c_data[63]_i_1__0_n_0                                                                                                                        |
| Low              |                                  |      2 |              | Active High |               0.00 |             0.0 | u_network/u_features/u_block2/u_sx/GS.u/c_data[6]_i_1__0_n_0                                                                                                                         |
| Low              | Excessive Set/Reset/Preset/Clear |      2 | Reset        | Active High |               0.50 |             0.2 | u_network/u_features/u_block2/u_tail/u_both_ssm/u_spe_ssm/i__n_0                                                                                                                     |
| Low              |                                  |      2 | BRAM Enable  | Active High |               0.06 |            12.5 | u_network/u_features/u_patch/current_pixel_data[0]                                                                                                                                   |
| Low              |                                  |      1 |              | Active High |               0.01 |             1.6 | u_network/u_features/u_block0/u_in/G_DSP_PARALLEL.u/spa_collect_pixel[0]_i_1_n_0                                                                                                     |
| Low              |                                  |      1 |              | Active High |               0.01 |             1.6 | u_network/u_features/u_block0/u_in/G_DSP_PARALLEL.u/spa_collect_pixel[1]_i_1_n_0                                                                                                     |
| Medium           |                                  |  25219 | Reset/       | Both        |               1.00 |             0.0 | rst_q_BUFG                                                                                                                                                                           |
| Medium           |                                  |    576 |              | Active High |               0.50 |             0.0 | u_network/u_features/u_patch/borrow_l1[0]                                                                                                                                            |
| Medium           |                                  |    561 |              | Active High |               1.00 |             0.0 | u_network/u_features/u_block0/u_in/G_DSP_PARALLEL.u/E[0]                                                                                                                             |
| Medium           |                                  |    557 |              | Active High |               1.00 |             0.0 | u_network/u_features/u_block1/u_in/G_DSP_PARALLEL.u/E[0]                                                                                                                             |
| Medium           |                                  |    553 |              | Active High |               1.00 |             0.0 | u_network/u_features/u_block2/u_in/G_DSP_PARALLEL.u/E[0]                                                                                                                             |
| Medium           |                                  |    512 |              | Active High |               0.99 |             1.0 | u_network/u_features/u_block2/u_sx/GS.u/activation[511]_i_1_n_0                                                                                                                      |
| Medium           |                                  |    512 |              | Active High |               0.19 |             1.2 | u_network/u_features/u_block2/u_tail/u_post_ssm/u_spa_out_proj/GS.u/activation[511]_i_1__0_n_0                                                                                       |
| Medium           |                                  |    440 |              | Active High |               0.50 |             4.7 | u_network/u_features/u_block1/u_tail/u_post_ssm/u_spe_out_proj/GS.u/ra[0]                                                                                                            |
| Medium           |                                  |    438 |              | Active High |               0.25 |             3.1 | u_network/u_features/u_block2/u_tail/u_post_ssm/u_spe_out_proj/GS.u/ra[0]                                                                                                            |
| Medium           |                                  |    384 |              | Active High |               1.00 |             0.0 | u_network/u_features/u_block0/u_tail/u_both_ssm/u_spa_ssm/G0_FUSED.u/fsm_state_reg_n_0                                                                                               |
| Medium           |                                  |    312 |              | Active High |               0.50 |             0.0 | u_network/u_features/u_patch/borrow_l2[0]                                                                                                                                            |
| Medium           |                                  |    304 |              | Active High |               1.00 |             0.0 | u_network/u_features/u_block0/u_tail/u_both_ssm/u_spe_frame_start_buffer/p_5_in                                                                                                      |
| Medium           |                                  |    272 |              | Active High |               0.50 |            12.5 | u_network/u_features/u_block0/u_conv/u_spa_conv1d/sum_l1[0]                                                                                                                          |
| Medium           |                                  |    272 |              | Active High |               0.50 |            12.5 | u_network/u_features/u_block0/u_conv/u_spe_conv1d/sum_l1[0]                                                                                                                          |
| Medium           |                                  |    272 |              | Active High |               0.12 |            25.0 | u_network/u_features/u_block1/u_conv/u_spa_conv1d/sum_l1[0]                                                                                                                          |
| Medium           |                                  |    272 |              | Active High |               0.12 |            25.0 | u_network/u_features/u_block1/u_conv/u_spe_conv1d/sum_l1[0]                                                                                                                          |
| Medium           |                                  |    272 |              | Active High |               0.03 |             6.2 | u_network/u_features/u_block2/u_conv/u_spa_conv1d/sum_l1[0]                                                                                                                          |
| Medium           |                                  |    272 |              | Active High |               0.03 |             6.2 | u_network/u_features/u_block2/u_conv/u_spe_conv1d/sum_l1[0]                                                                                                                          |
| Medium           |                                  |    267 |              | Active High |               0.50 |            12.5 | u_network/u_features/u_block0/u_conv/u_spa_conv1d/b0_in_valid_q                                                                                                                      |
| Medium           |                                  |    267 |              | Active High |               0.50 |            12.5 | u_network/u_features/u_block0/u_in/G_DSP_PARALLEL.u/spe_out_valid                                                                                                                    |
| Medium           |                                  |    265 |              | Active High |               0.12 |            25.0 | u_network/u_features/u_block1/u_in/G_DSP_PARALLEL.u/spa_out_valid_reg_0[0]                                                                                                           |
| Medium           |                                  |    265 |              | Active High |               0.12 |            25.0 | u_network/u_features/u_block1/u_in/G_DSP_PARALLEL.u/spe_out_valid_reg_0[0]                                                                                                           |
| Medium           |                                  |    263 |              | Active High |               0.03 |             6.2 | u_network/u_features/u_block2/u_in/G_DSP_PARALLEL.u/spa_out_valid_reg_0[0]                                                                                                           |
| Medium           |                                  |    263 |              | Active High |               0.03 |             6.2 | u_network/u_features/u_block2/u_in/G_DSP_PARALLEL.u/spe_out_valid_reg_0[0]                                                                                                           |
| Medium           |                                  |    192 |              | Active High |               1.00 |             0.0 | u_network/u_features/u_block0/u_tail/u_both_ssm/u_spa_ssm/G0_FUSED.u/out_record_addr[7]_i_1_n_0                                                                                      |
| Medium           |                                  |    192 |              | Active High |               1.00 |             0.0 | u_network/u_features/u_block0/u_tail/u_both_ssm/u_spe_frame_start_buffer/E[0]                                                                                                        |
| Medium           |                                  |    191 |              | Active High |               0.25 |            25.0 | u_network/u_features/u_block1/u_tail/u_both_ssm/u_spe_ssm/G1_SPE_DUAL.u/u_lower/E[0]                                                                                                 |
| Medium           |                                  |    190 |              | Active High |               0.03 |             6.2 | u_network/u_features/u_block1/u_tail/u_both_ssm/u_spe_ssm/G1_SPE_DUAL.u/u_lower/out_y_q24[191]_i_1__0_n_0                                                                            |
| Medium           |                                  |    190 |              | Active High |               0.03 |             6.2 | u_network/u_features/u_block1/u_tail/u_both_ssm/u_spe_ssm/G1_SPE_DUAL.u/u_upper/out_y_q24[191]_i_1__1_n_0                                                                            |
| Medium           |                                  |    189 |              | Active High |               1.00 |             0.0 | u_network/u_features/u_block0/u_sx/G0.u/G_X_VALID_BANK[0].u_partial_valid_buffer/E[0]                                                                                                |
| Medium           |                                  |    189 |              | Active High |               1.00 |             0.0 | u_network/u_features/u_block0/u_sx/G0.u/G_X_VALID_BANK[1].u_partial_valid_buffer/E[0]                                                                                                |
| Medium           |                                  |    189 |              | Active High |               1.00 |             0.0 | u_network/u_features/u_block0/u_sx/G0.u/G_X_VALID_BANK[2].u_partial_valid_buffer/E[0]                                                                                                |
| Medium           |                                  |    184 |              | Active High |               0.06 |            12.5 | u_network/u_features/u_block1/u_tail/u_post_ssm/u_residual_fusion/u_fusion/captured_a_0[0]                                                                                           |
| Medium           |                                  |    180 |              | Active High |               0.25 |            50.0 | u_network/u_features/u_block1/u_tail/u_both_ssm/u_spa_ssm/GS_FUSED.u/out_y_q24[191]_i_1_n_0                                                                                          |
| Medium           |                                  |    179 |              | Active High |               0.50 |            12.5 | u_network/u_features/u_block0/u_conv/u_spa_conv1d/mult_valid_d0                                                                                                                      |
| Medium           |                                  |    179 |              | Active High |               0.50 |            12.5 | u_network/u_features/u_block0/u_conv/u_spa_conv1d/mult_valid_d1                                                                                                                      |
| Medium           |                                  |    179 |              | Active High |               0.50 |            12.5 | u_network/u_features/u_block0/u_conv/u_spa_conv1d/rom_valid                                                                                                                          |
| Medium           |                                  |    179 |              | Active High |               0.50 |            12.5 | u_network/u_features/u_block0/u_conv/u_spe_conv1d/mult_valid_d0                                                                                                                      |
| Medium           |                                  |    179 |              | Active High |               0.50 |            12.5 | u_network/u_features/u_block0/u_conv/u_spe_conv1d/mult_valid_d1                                                                                                                      |
| Medium           |                                  |    179 |              | Active High |               0.50 |            12.5 | u_network/u_features/u_block0/u_conv/u_spe_conv1d/rom_valid                                                                                                                          |
| Medium           |                                  |    177 |              | Active High |               0.12 |            25.0 | u_network/u_features/u_block1/u_conv/u_spa_conv1d/mult_valid_d0                                                                                                                      |
| Medium           |                                  |    177 |              | Active High |               0.12 |            25.0 | u_network/u_features/u_block1/u_conv/u_spa_conv1d/mult_valid_d1                                                                                                                      |
| Medium           |                                  |    177 |              | Active High |               0.12 |            25.0 | u_network/u_features/u_block1/u_conv/u_spa_conv1d/rom_valid                                                                                                                          |
| Medium           |                                  |    177 |              | Active High |               0.12 |            25.0 | u_network/u_features/u_block1/u_conv/u_spe_conv1d/mult_valid_d0                                                                                                                      |
| Medium           |                                  |    177 |              | Active High |               0.12 |            25.0 | u_network/u_features/u_block1/u_conv/u_spe_conv1d/mult_valid_d1                                                                                                                      |
| Medium           |                                  |    177 |              | Active High |               0.12 |            25.0 | u_network/u_features/u_block1/u_conv/u_spe_conv1d/rom_valid                                                                                                                          |
| Medium           |                                  |    175 |              | Active High |               0.03 |             6.2 | u_network/u_features/u_block2/u_conv/u_spa_conv1d/mult_valid_d0                                                                                                                      |
| Medium           |                                  |    175 |              | Active High |               0.03 |             6.2 | u_network/u_features/u_block2/u_conv/u_spa_conv1d/mult_valid_d1                                                                                                                      |
| Medium           |                                  |    175 |              | Active High |               0.03 |             6.2 | u_network/u_features/u_block2/u_conv/u_spa_conv1d/rom_valid                                                                                                                          |
| Medium           |                                  |    175 |              | Active High |               0.03 |             6.2 | u_network/u_features/u_block2/u_conv/u_spe_conv1d/mult_valid_d0                                                                                                                      |
| Medium           |                                  |    175 |              | Active High |               0.03 |             6.2 | u_network/u_features/u_block2/u_conv/u_spe_conv1d/mult_valid_d1                                                                                                                      |
| Medium           |                                  |    175 |              | Active High |               0.03 |             6.2 | u_network/u_features/u_block2/u_conv/u_spe_conv1d/rom_valid                                                                                                                          |
| Medium           |                                  |    170 |              | Active High |               0.25 |            50.0 | u_network/u_features/u_block0/u_tail/u_post_ssm/u_residual_fusion/u_fusion/captured_a_0[0]                                                                                           |
| Medium           |                                  |    168 |              | Active High |               0.50 |            12.5 | u_network/u_features/u_block0/u_conv/u_spa_conv1d/accumulator[0]                                                                                                                     |
| Medium           |                                  |    168 |              | Active High |               0.50 |            12.5 | u_network/u_features/u_block0/u_conv/u_spa_conv1d/mult_valid_d2                                                                                                                      |
| Medium           |                                  |    168 |              | Active High |               0.50 |            12.5 | u_network/u_features/u_block0/u_conv/u_spa_conv1d/valid_l1                                                                                                                           |
| Medium           |                                  |    168 |              | Active High |               0.50 |            12.5 | u_network/u_features/u_block0/u_conv/u_spe_conv1d/accumulator[0]                                                                                                                     |
| Medium           |                                  |    168 |              | Active High |               0.50 |            12.5 | u_network/u_features/u_block0/u_conv/u_spe_conv1d/mult_valid_d2                                                                                                                      |
| Medium           |                                  |    168 |              | Active High |               0.50 |            12.5 | u_network/u_features/u_block0/u_conv/u_spe_conv1d/valid_l1                                                                                                                           |
| Medium           |                                  |    168 |              | Active High |               0.03 |             6.2 | u_network/u_features/u_block0/u_tail/u_post_ssm/u_spa_out_proj/G0.u/G_O_PAIR[0].u_dot4_pair/E[0]                                                                                     |
| Medium           |                                  |    168 |              | Active High |               0.03 |             6.2 | u_network/u_features/u_block0/u_tail/u_post_ssm/u_spa_out_proj/G0.u/G_O_PAIR[0].u_dot4_pair/u_control_lut[0]                                                                         |
| Medium           |                                  |    168 |              | Active High |               0.03 |             6.2 | u_network/u_features/u_block0/u_tail/u_post_ssm/u_spa_out_proj/G0.u/G_O_PAIR[0].u_dot4_pair/u_control_lut_0[0]                                                                       |
| Medium           |                                  |    168 |              | Active High |               0.03 |             6.2 | u_network/u_features/u_block0/u_tail/u_post_ssm/u_spa_out_proj/G0.u/G_O_PAIR[0].u_dot4_pair/u_control_lut_1[0]                                                                       |
| Medium           |                                  |    168 |              | Active High |               0.03 |             6.2 | u_network/u_features/u_block0/u_tail/u_post_ssm/u_spa_out_proj/G0.u/G_O_PAIR[0].u_dot4_pair/u_control_lut_2[0]                                                                       |
| Medium           |                                  |    168 |              | Active High |               0.03 |             6.2 | u_network/u_features/u_block0/u_tail/u_post_ssm/u_spa_out_proj/G0.u/G_O_PAIR[0].u_dot4_pair/u_control_lut_3[0]                                                                       |
| Medium           |                                  |    168 |              | Active High |               0.03 |             6.2 | u_network/u_features/u_block0/u_tail/u_post_ssm/u_spa_out_proj/G0.u/G_O_PAIR[0].u_dot4_pair/u_control_lut_4[0]                                                                       |
| Medium           |                                  |    168 |              | Active High |               0.03 |             6.2 | u_network/u_features/u_block0/u_tail/u_post_ssm/u_spa_out_proj/G0.u/G_O_PAIR[0].u_dot4_pair/u_control_lut_5[0]                                                                       |
| Medium           |                                  |    168 |              | Active High |               1.00 |             0.0 | u_network/u_features/u_block0/u_tail/u_post_ssm/u_spa_out_proj/G0.u/G_O_VALID_BANK[0].u_partial_valid_buffer/partial_accumulator[0]                                                  |
| Medium           |                                  |    168 |              | Active High |               1.00 |             0.0 | u_network/u_features/u_block0/u_tail/u_post_ssm/u_spa_out_proj/G0.u/G_O_VALID_BANK[1].u_partial_valid_buffer/E[0]                                                                    |
| Medium           |                                  |    168 |              | Active High |               1.00 |             0.0 | u_network/u_features/u_block0/u_tail/u_post_ssm/u_spa_out_proj/G0.u/G_O_VALID_BANK[2].u_partial_valid_buffer/E[0]                                                                    |
| Medium           |                                  |    168 |              | Active High |               1.00 |             0.0 | u_network/u_features/u_block0/u_tail/u_post_ssm/u_spa_out_proj/G0.u/G_O_VALID_BANK[3].u_partial_valid_buffer/E[0]                                                                    |
| Medium           |                                  |    168 |              | Active High |               0.25 |            50.0 | u_network/u_features/u_block0/u_tail/u_post_ssm/u_spe_out_proj/G0.u/u_dot/sum_valid_reg_0[0]                                                                                         |
| Medium           |                                  |    168 |              | Active High |               0.12 |            25.0 | u_network/u_features/u_block1/u_conv/u_spa_conv1d/accumulator[0]                                                                                                                     |
| Medium           |                                  |    168 |              | Active High |               0.12 |            25.0 | u_network/u_features/u_block1/u_conv/u_spa_conv1d/mult_valid_d2                                                                                                                      |
| Medium           |                                  |    168 |              | Active High |               0.12 |            25.0 | u_network/u_features/u_block1/u_conv/u_spa_conv1d/valid_l1                                                                                                                           |
| Medium           |                                  |    168 |              | Active High |               0.12 |            25.0 | u_network/u_features/u_block1/u_conv/u_spe_conv1d/accumulator[0]                                                                                                                     |
| Medium           |                                  |    168 |              | Active High |               0.12 |            25.0 | u_network/u_features/u_block1/u_conv/u_spe_conv1d/mult_valid_d2                                                                                                                      |
| Medium           |                                  |    168 |              | Active High |               0.12 |            25.0 | u_network/u_features/u_block1/u_conv/u_spe_conv1d/valid_l1                                                                                                                           |
| Medium           |                                  |    168 |              | Active High |               0.03 |             6.2 | u_network/u_features/u_block2/u_conv/u_spa_conv1d/accumulator[0]                                                                                                                     |
| Medium           |                                  |    168 |              | Active High |               0.03 |             6.2 | u_network/u_features/u_block2/u_conv/u_spa_conv1d/mult_valid_d2                                                                                                                      |
| Medium           |                                  |    168 |              | Active High |               0.03 |             6.2 | u_network/u_features/u_block2/u_conv/u_spa_conv1d/valid_l1                                                                                                                           |
| Medium           |                                  |    168 |              | Active High |               0.03 |             6.2 | u_network/u_features/u_block2/u_conv/u_spe_conv1d/accumulator[0]                                                                                                                     |
| Medium           |                                  |    168 |              | Active High |               0.03 |             6.2 | u_network/u_features/u_block2/u_conv/u_spe_conv1d/mult_valid_d2                                                                                                                      |
| Medium           |                                  |    168 |              | Active High |               0.03 |             6.2 | u_network/u_features/u_block2/u_conv/u_spe_conv1d/valid_l1                                                                                                                           |
| Medium           |                                  |    168 |              | Active High |               0.50 |             0.0 | u_network/u_features/u_patch/borrow_l3[0]                                                                                                                                            |
| Medium           |                                  |    160 |              | Active High |               1.00 |             0.0 | u_network/u_features/u_block0/u_tail/u_both_ssm/u_spa_frame_start_buffer/rst_q_reg                                                                                                   |
| Medium           |                                  |    160 | /Reset       | Both        |               1.00 |             0.0 | u_network/u_features/u_block0/u_tail/u_both_ssm/u_spa_ssm/G0_FUSED.u/bank_arith_valid_d4[0]                                                                                          |
| Medium           |                                  |    160 | /Reset       | Both        |               1.00 |             0.0 | u_network/u_features/u_block0/u_tail/u_both_ssm/u_spa_ssm/G0_FUSED.u/bank_arith_valid_d4[1]                                                                                          |
| Medium           |                                  |    160 | /Reset       | Both        |               1.00 |             0.0 | u_network/u_features/u_block0/u_tail/u_both_ssm/u_spa_ssm/G0_FUSED.u/bank_arith_valid_d4[2]                                                                                          |
| Medium           |                                  |    160 | /Reset       | Both        |               1.00 |             0.0 | u_network/u_features/u_block0/u_tail/u_both_ssm/u_spa_ssm/G0_FUSED.u/bank_arith_valid_d4[3]                                                                                          |
| Medium           |                                  |    159 | /BRAM Enable | Active High |               0.50 |             0.0 | u_network/u_features/u_patch/state__0[2]                                                                                                                                             |
| Medium           |                                  |    152 |              | Active High |               0.06 |            12.5 | u_network/u_features/u_block1/u_tail/u_post_ssm/u_residual_fusion/u_fusion/out_data[63]_i_1__1_n_0                                                                                   |
| Medium           |                                  |    147 |              | Active High |               1.00 |             0.0 | u_network/u_features/u_block0/u_sx/G0.u/G_X_VALID_BANK[3].u_partial_valid_buffer/E[0]                                                                                                |
| Medium           |                                  |    144 |              | Active High |               0.50 |            12.5 | u_network/u_features/u_block0/u_conv/u_spa_conv1d/sum_l2[0]                                                                                                                          |
| Medium           |                                  |    144 |              | Active High |               0.50 |            12.5 | u_network/u_features/u_block0/u_conv/u_spe_conv1d/sum_l2[0]                                                                                                                          |
| Medium           |                                  |    144 |              | Active High |               0.12 |            25.0 | u_network/u_features/u_block1/u_conv/u_spa_conv1d/sum_l2[0]                                                                                                                          |
| Medium           |                                  |    144 |              | Active High |               0.12 |            25.0 | u_network/u_features/u_block1/u_conv/u_spe_conv1d/sum_l2[0]                                                                                                                          |
| Medium           |                                  |    144 |              | Active High |               0.03 |             6.2 | u_network/u_features/u_block2/u_conv/u_spa_conv1d/sum_l2[0]                                                                                                                          |
| Medium           |                                  |    144 |              | Active High |               0.03 |             6.2 | u_network/u_features/u_block2/u_conv/u_spe_conv1d/sum_l2[0]                                                                                                                          |
| Medium           |                                  |    143 |              | Active High |               1.00 |             0.0 | u_network/u_features/u_block1/u_tail/u_post_ssm/u_spa_out_proj/GS.u/ra[127]_i_1_n_0                                                                                                  |
| Medium           |                                  |    141 |              | Active High |               0.25 |             0.8 | u_network/u_features/u_block2/u_tail/u_post_ssm/u_spa_out_proj/GS.u/ra[0]                                                                                                            |
| Medium           |                                  |    138 |              | Active High |               0.25 |            50.0 | u_network/u_features/u_block0/u_tail/u_post_ssm/u_residual_fusion/u_fusion/out_data[63]_i_1__2_n_0                                                                                   |
| Medium           |                                  |    128 |              | Active High |               0.25 |            50.0 | u_network/u_features/u_block0/u_tail/u_post_ssm/u_spe_ssm_requant/rst_q_reg_0[0]                                                                                                     |
| Medium           |                                  |    128 |              | Active High |               0.56 |             0.8 | u_network/u_features/u_block1/u_sx/GS.u/rom_act[0]                                                                                                                                   |
| Medium           |                                  |    128 |              | Active High |               0.28 |             0.8 | u_network/u_features/u_block2/u_px/GS.u/G_B2_ROM_PAYLOAD_GATED.rom_act[127]_i_1_n_0                                                                                                  |
| Medium           |                                  |    128 |              | Active High |               0.27 |             0.8 | u_network/u_features/u_block2/u_sx/GS.u/rom_act[0]                                                                                                                                   |
| Medium           |                                  |    120 |              | Active High |               0.42 |            50.0 | u_network/u_features/u_block0/u_px/G0.u/b_data[119]_i_1__0_n_0                                                                                                                       |
| Medium           |                                  |    120 |              | Active High |               0.25 |            50.0 | u_network/u_features/u_block0/u_px/G0.u/g0_b119_n_0                                                                                                                                  |
| Medium           |                                  |    112 |              | Active High |               0.06 |            12.5 | u_network/u_features/u_block1/u_tail/u_post_ssm/u_residual_fusion/u_block_residual/captured_a[0]                                                                                     |
| Medium           |                                  |    106 |              | Active High |               0.25 |            50.0 | u_network/u_features/u_block0/u_tail/u_post_ssm/u_residual_fusion/u_block_residual/captured_a[0]                                                                                     |
| Medium           |                                  |    101 |              | Active High |               0.50 |            12.5 | u_network/u_features/u_block0/u_sx/G0.u/u_data[63]_i_1_n_0                                                                                                                           |
| Medium           |                                  |     96 |              | Active High |               0.06 |            12.5 | u_network/u_features/u_block0/u_sx/G0.u/rq_start                                                                                                                                     |
| Medium           |                                  |     95 |              | Active High |               0.50 |             0.0 | u_network/u_features/u_patch/mult_valid_d0                                                                                                                                           |
| Medium           |                                  |     95 |              | Active High |               0.50 |             0.0 | u_network/u_features/u_patch/mult_valid_d1                                                                                                                                           |
| Medium           |                                  |     95 |              | Active High |               0.50 |             0.0 | u_network/u_features/u_patch/mult_valid_d2                                                                                                                                           |
| Medium           |                                  |     95 |              | Active High |               0.50 |             0.0 | u_network/u_features/u_patch/rom_valid                                                                                                                                               |
| Medium           |                                  |     95 |              | Active High |               0.50 |             0.0 | u_network/u_features/u_patch/valid_l1                                                                                                                                                |
| Medium           |                                  |     95 |              | Active High |               0.50 |             0.0 | u_network/u_features/u_patch/valid_l2                                                                                                                                                |
| Medium           |                                  |     95 |              | Active High |               0.50 |             0.0 | u_network/u_features/u_patch/valid_l3                                                                                                                                                |
| Medium           |                                  |     95 |              | Active High |               0.50 |             0.0 | u_network/u_features/u_patch/valid_l4                                                                                                                                                |
| Medium           |                                  |     90 |              | Active High |               0.50 |             0.0 | u_network/u_features/u_patch/borrow_l4[0]                                                                                                                                            |
| Medium           |                                  |     84 |              | Active High |               0.56 |             0.4 | u_network/u_features/u_block1/u_px/GS.u/GEN_DOT16_FAST.G[0].u_dot/accumulator[0]                                                                                                     |
| Medium           |                                  |     84 |              | Active High |               0.56 |             0.8 | u_network/u_features/u_block1/u_sx/GS.u/u_dot/accumulator[0]                                                                                                                         |
| Medium           |                                  |     84 |              | Active High |               0.28 |             0.8 | u_network/u_features/u_block2/u_px/GS.u/GEN_DOT8_SCALED.G[0].u_dot/v5_reg_0                                                                                                          |
| Medium           |                                  |     84 |              | Active High |               0.50 |             0.0 | u_network/u_features/u_patch/accumulator_l6[0]                                                                                                                                       |
| Medium           |                                  |     82 |              | Active High |               0.50 |             0.0 | u_network/u_features/u_patch/corrected_sum_l5[0]                                                                                                                                     |
| Medium           |                                  |     79 | /BRAM Enable | Active High |               0.56 |             0.8 | u_network/u_features/u_block1/u_sx/GS.u/FSM_onehot_state_reg_n_0_[3]                                                                                                                 |
| Medium           |                                  |     74 |              | Active High |               0.25 |            50.0 | u_network/u_features/u_block0/u_tail/u_post_ssm/u_residual_fusion/u_block_residual/out_metadata[9]_i_1_n_0                                                                           |
| Medium           |                                  |     72 | BRAM Enable  | Active High |               1.00 |             0.0 | u_network/u_features/u_block1/u_tail/u_both_ssm/u_spa_ssm/GS_FUSED.u/state_round_valid                                                                                               |
| Medium           |                                  |     72 | BRAM Enable  | Active High |               0.50 |            12.5 | u_network/u_features/u_block1/u_tail/u_both_ssm/u_spe_ssm/G1_SPE_DUAL.u/u_lower/state_round_valid                                                                                    |
| Medium           |                                  |     72 | BRAM Enable  | Active High |               0.50 |            12.5 | u_network/u_features/u_block1/u_tail/u_both_ssm/u_spe_ssm/G1_SPE_DUAL.u/u_upper/state_round_valid                                                                                    |
| Medium           |                                  |     72 |              | Active High |               0.06 |            12.5 | u_network/u_features/u_block1/u_tail/u_post_ssm/u_residual_fusion/u_block_residual/out_metadata[7]_i_1_n_0                                                                           |
| Medium           |                                  |     64 |              | Active High |               0.50 |            12.5 | u_network/u_features/u_block0/u_conv/u_spa_conv1d/rq_valid_d2                                                                                                                        |
| Medium           |                                  |     64 |              | Active High |               0.25 |            50.0 | u_network/u_features/u_block0/u_conv/u_spe_conv1d/out_channel_base_reg[3]_1[0]                                                                                                       |
| Medium           |                                  |     64 |              | Active High |               0.50 |            12.5 | u_network/u_features/u_block0/u_conv/u_spe_conv1d/rq_valid_d2                                                                                                                        |
| Medium           |                                  |     64 |              | Active High |               0.50 |            12.5 | u_network/u_features/u_block0/u_in/G_DSP_PARALLEL.u/spa_out_data[63]_i_1_n_0                                                                                                         |
| Medium           |                                  |     64 |              | Active High |               0.50 |            12.5 | u_network/u_features/u_block0/u_in/G_DSP_PARALLEL.u/spe_out_data[63]_i_1_n_0                                                                                                         |
| Medium           |                                  |     64 | BRAM Enable  | Active High |               0.75 |            12.4 | u_network/u_features/u_block0/u_px/G0.u/FSM_onehot_state_reg_n_0_[2]                                                                                                                 |
| Medium           |                                  |     64 |              | Active High |               0.52 |            18.3 | u_network/u_features/u_block0/u_sx/G0.u/u_stream_data_q[63]_i_1_n_0                                                                                                                  |
| Medium           |                                  |     64 |              | Active High |               0.25 |            50.0 | u_network/u_features/u_block0/u_tail/u_post_ssm/u_spe_out_proj/G0.u/out_data[63]_i_2__2_n_0                                                                                          |
| Medium           |                                  |     64 |              | Active High |               0.12 |            25.0 | u_network/u_features/u_block1/u_conv/u_spa_conv1d/rq_valid_d2                                                                                                                        |
| Medium           |                                  |     64 |              | Active High |               0.06 |            12.5 | u_network/u_features/u_block1/u_conv/u_spe_conv1d/out_valid_reg_0[0]                                                                                                                 |
| Medium           |                                  |     64 |              | Active High |               0.12 |            25.0 | u_network/u_features/u_block1/u_conv/u_spe_conv1d/rq_valid_d2                                                                                                                        |
| Medium           |                                  |     64 |              | Active High |               0.03 |             6.2 | u_network/u_features/u_block1/u_in/G_DSP_PARALLEL.u/spa_out_data[63]_i_1_n_0                                                                                                         |
| Medium           |                                  |     64 |              | Active High |               0.03 |             6.2 | u_network/u_features/u_block1/u_in/G_DSP_PARALLEL.u/spe_out_data[63]_i_1_n_0                                                                                                         |
| Medium           |                                  |     64 |              | Active High |               0.03 |             6.2 | u_network/u_features/u_block2/u_conv/u_spa_conv1d/rq_valid_d2                                                                                                                        |
| Medium           |                                  |     64 |              | Active High |               0.03 |             6.2 | u_network/u_features/u_block2/u_conv/u_spe_conv1d/rq_valid_d2                                                                                                                        |
| Medium           |                                  |     56 |              | Active High |               0.14 |            28.1 | u_network/u_features/u_block1/u_tail/u_post_ssm/u_spe_out_proj/GS.u/out_data[62]_i_1__3_n_0                                                                                          |
| Medium           |                                  |     56 |              | Active High |               0.05 |             9.6 | u_network/u_features/u_block2/u_tail/u_post_ssm/u_spe_out_proj/GS.u/out_data[62]_i_1__2_n_0                                                                                          |
| Medium           |                                  |     52 |              | Active High |               0.25 |            50.0 | u_network/u_features/u_block1/u_tail/u_post_ssm/u_spa_out_proj/GS.u/acc_result_valid_reg_n_0                                                                                         |
| Medium           |                                  |     52 |              | Active High |               0.25 |            50.0 | u_network/u_features/u_block1/u_tail/u_post_ssm/u_spa_out_proj/GS.u/u_dot/E[0]                                                                                                       |
| Medium           |                                  |     52 |              | Active High |               0.25 |            50.0 | u_network/u_features/u_block1/u_tail/u_post_ssm/u_spe_out_proj/GS.u/G_DOT16_FAST.u_dot/E[0]                                                                                          |
| Medium           |                                  |     52 |              | Active High |               0.25 |            50.0 | u_network/u_features/u_block1/u_tail/u_post_ssm/u_spe_out_proj/GS.u/acc_result_valid_reg_n_0                                                                                         |
| Medium           |                                  |     50 |              | Active High |               0.06 |            12.5 | u_network/u_features/u_block2/u_tail/u_post_ssm/u_spa_out_proj/GS.u/acc_result_valid_reg_n_0                                                                                         |
| Medium           |                                  |     50 |              | Active High |               0.06 |            12.5 | u_network/u_features/u_block2/u_tail/u_post_ssm/u_spa_out_proj/GS.u/u_dot/E[0]                                                                                                       |
| Medium           |                                  |     50 |              | Active High |               0.06 |            12.5 | u_network/u_features/u_block2/u_tail/u_post_ssm/u_spe_out_proj/GS.u/G_DOT8_SCALED.u_dot/E[0]                                                                                         |
| Medium           |                                  |     50 |              | Active High |               0.06 |            12.5 | u_network/u_features/u_block2/u_tail/u_post_ssm/u_spe_out_proj/GS.u/acc_result_valid_reg_n_0                                                                                         |
| Medium           |                                  |     48 | /BRAM Enable | Active High |               1.00 |             0.0 | u_network/u_features/u_block0/u_sx/G0.u/worker_active                                                                                                                                |
| Medium           |                                  |     48 | /Reset       | Both        |               1.00 |             0.0 | u_network/u_features/u_block0/u_tail/u_both_ssm/u_spe_ssm/G0_FUSED.u/bank_arith_valid_d4[0]                                                                                          |
| Medium           |                                  |     48 | /Reset       | Both        |               1.00 |             0.0 | u_network/u_features/u_block0/u_tail/u_both_ssm/u_spe_ssm/G0_FUSED.u/bank_arith_valid_d4[1]                                                                                          |
| Medium           |                                  |     48 | /Reset       | Both        |               1.00 |             0.0 | u_network/u_features/u_block0/u_tail/u_both_ssm/u_spe_ssm/G0_FUSED.u/bank_arith_valid_d4[2]                                                                                          |
| Medium           |                                  |     48 | /Reset       | Both        |               1.00 |             0.0 | u_network/u_features/u_block0/u_tail/u_both_ssm/u_spe_ssm/G0_FUSED.u/bank_arith_valid_d4[3]                                                                                          |
| Medium           |                                  |     48 |              | Active High |               0.50 |             0.2 | u_network/u_features/u_block2/u_tail/u_both_ssm/u_spa_frame_start_buffer/state_y_accumulator[0]                                                                                      |
| Medium           |                                  |     48 |              | Active High |               0.07 |            14.1 | u_network/u_features/u_block2/u_tail/u_both_ssm/u_spa_ssm/GS_FUSED.u/output_pack[43]_i_1_n_0                                                                                         |
| Medium           |                                  |     48 |              | Active High |               0.50 |             0.2 | u_network/u_features/u_block2/u_tail/u_both_ssm/u_spe_ssm/GS_FUSED.u/state_y_accumulator[0]                                                                                          |
| Medium           |                                  |     48 |              | Active High |               0.06 |            12.5 | u_network/u_features/u_block2/u_tail/u_both_ssm/u_spe_ssm/i___0_n_0                                                                                                                  |
| Medium           |                                  |     46 | /BRAM Enable | Active High |               0.99 |             1.0 | u_network/u_features/u_block2/u_sx/GS.u/FSM_onehot_state_reg_n_0_[3]                                                                                                                 |
| Medium           |                                  |     45 |              | Active High |               0.25 |            50.0 | u_network/u_features/u_block1/u_tail/u_both_ssm/u_spa_ssm/GS_FUSED.u/output_pack[143]_i_1_n_0                                                                                        |
| Medium           |                                  |     45 |              | Active High |               0.25 |            50.0 | u_network/u_features/u_block1/u_tail/u_both_ssm/u_spa_ssm/GS_FUSED.u/output_pack[47]_i_1_n_0                                                                                         |
| Medium           |                                  |     45 |              | Active High |               0.25 |            50.0 | u_network/u_features/u_block1/u_tail/u_both_ssm/u_spa_ssm/GS_FUSED.u/output_pack[95]_i_1_n_0                                                                                         |
| Medium           |                                  |     45 |              | Active High |               0.09 |            13.3 | u_network/u_features/u_block1/u_tail/u_both_ssm/u_spe_ssm/G1_SPE_DUAL.u/u_lower/output_pack[143]_i_1__0_n_0                                                                          |
| Medium           |                                  |     45 |              | Active High |               0.28 |            28.9 | u_network/u_features/u_block1/u_tail/u_both_ssm/u_spe_ssm/G1_SPE_DUAL.u/u_lower/output_pack[47]_i_1__0_n_0                                                                           |
| Medium           |                                  |     45 |              | Active High |               0.09 |            18.8 | u_network/u_features/u_block1/u_tail/u_both_ssm/u_spe_ssm/G1_SPE_DUAL.u/u_lower/output_pack[95]_i_1__0_n_0                                                                           |
| Medium           |                                  |     45 |              | Active High |               0.09 |            13.3 | u_network/u_features/u_block1/u_tail/u_both_ssm/u_spe_ssm/G1_SPE_DUAL.u/u_upper/output_pack[143]_i_1__1_n_0                                                                          |
| Medium           |                                  |     45 |              | Active High |               0.28 |            28.9 | u_network/u_features/u_block1/u_tail/u_both_ssm/u_spe_ssm/G1_SPE_DUAL.u/u_upper/output_pack[47]_i_1__1_n_0                                                                           |
| Medium           |                                  |     45 |              | Active High |               0.09 |            18.8 | u_network/u_features/u_block1/u_tail/u_both_ssm/u_spe_ssm/G1_SPE_DUAL.u/u_upper/output_pack[95]_i_1__1_n_0                                                                           |
| Medium           |                                  |     42 | /BRAM Enable | Active High |               0.25 |            50.0 | u_network/u_features/u_block0/u_tail/u_post_ssm/u_residual_fusion/u_input_slot_bram/input_slot_write                                                                                 |
| Medium           |                                  |     42 | /BRAM Enable | Active High |               0.25 |            50.0 | u_network/u_features/u_block0/u_tail/u_post_ssm/u_spa_out_proj/G0.u/spa_slot_write                                                                                                   |
| Medium           |                                  |     42 | /BRAM Enable | Active High |               1.00 |             0.0 | u_network/u_features/u_block0/u_tail/u_post_ssm/u_spa_ssm_requant/out_valid                                                                                                          |
| Medium           |                                  |     42 | /BRAM Enable | Active High |               0.25 |            50.0 | u_network/u_features/u_block0/u_tail/u_post_ssm/u_spe_out_proj/G0.u/out_valid_reg_0                                                                                                  |
| Medium           |                                  |     42 |              | Active High |               1.00 |             0.0 | u_network/u_features/u_block1/u_tail/u_post_ssm/u_spa_out_proj/GS.u/u_dot/dv                                                                                                         |
| Medium           |                                  |     42 |              | Active High |               0.50 |             4.7 | u_network/u_features/u_block1/u_tail/u_post_ssm/u_spe_out_proj/GS.u/G_DOT16_FAST.u_dot/dv                                                                                            |
| Medium           |                                  |     42 |              | Active High |               0.27 |             0.8 | u_network/u_features/u_block2/u_sx/GS.u/u_dot/accumulator[0]                                                                                                                         |
| Medium           |                                  |     42 |              | Active High |               0.25 |             0.8 | u_network/u_features/u_block2/u_tail/u_post_ssm/u_spa_out_proj/GS.u/u_dot/dv                                                                                                         |
| Medium           |                                  |     42 |              | Active High |               0.25 |             3.1 | u_network/u_features/u_block2/u_tail/u_post_ssm/u_spe_out_proj/GS.u/G_DOT8_SCALED.u_dot/dv                                                                                           |
| Medium           |                                  |     42 |              | Active High |               0.18 |            28.9 | u_network/u_head/u_dot_pair/E[0]                                                                                                                                                     |
| Medium           |                                  |     40 |              | Active High |               0.06 |            12.5 | u_network/u_features/u_block1/u_tail/u_post_ssm/u_residual_fusion/input_low_half                                                                                                     |
| Medium           |                                  |     39 |              | Active High |               0.50 |             0.0 | u_network/u_features/u_patch/requant_valid_d2                                                                                                                                        |
| Medium           |                                  |     38 | /BRAM Enable | Active High |               0.25 |            50.0 | u_network/u_features/u_block0/u_tail/u_post_ssm/u_residual_fusion/u_spe_slot_bram/sel                                                                                                |
| Medium           |                                  |     36 | BRAM Enable  | Active High |               0.25 |            50.0 | u_network/u_features/u_block0/u_tail/u_post_ssm/u_spe_ssm_requant/ena                                                                                                                |
| Medium           |                                  |     36 | BRAM Enable  | Active High |               0.50 |             0.2 | u_network/u_features/u_block2/u_tail/u_both_ssm/u_spa_ssm/GS_FUSED.u/state_round_valid                                                                                               |
| Medium           |                                  |     36 | BRAM Enable  | Active High |               0.50 |             0.2 | u_network/u_features/u_block2/u_tail/u_both_ssm/u_spe_ssm/GS_FUSED.u/state_round_valid                                                                                               |
| Medium           |                                  |     32 |              | Active High |               0.25 |            50.0 | u_network/u_features/u_block0/u_conv/u_spe_conv1d/ready_count[0]                                                                                                                     |
| Medium           |                                  |     32 |              | Active High |               0.06 |            12.5 | u_network/u_features/u_block0/u_in/G_DSP_PARALLEL.u/pixel_q                                                                                                                          |
| Medium           |                                  |     32 |              | Active High |               0.06 |            12.5 | u_network/u_features/u_block0/u_in/G_DSP_PARALLEL.u/wr_en                                                                                                                            |
| Medium           |                                  |     32 |              | Active High |               0.25 |            50.0 | u_network/u_features/u_block0/u_px/G0.u/time_index[0]                                                                                                                                |
| Medium           |                                  |     32 |              | Active High |               1.00 |             0.0 | u_network/u_features/u_block0/u_sx/G0.u/rom_activation[31]_i_1_n_0                                                                                                                   |
| Medium           |                                  |     32 |              | Active High |               0.25 |            50.0 | u_network/u_features/u_block0/u_tail/u_post_ssm/u_residual_fusion/input_low_half                                                                                                     |
| Medium           |                                  |     32 |              | Active High |               0.25 |            50.0 | u_network/u_features/u_block0/u_tail/u_post_ssm/u_spa_out_proj/G0.u/E[0]                                                                                                             |
| Medium           |                                  |     32 |              | Active High |               0.50 |            12.5 | u_network/u_features/u_block0/u_tail/u_post_ssm/u_spa_out_proj/G0.u/out_data[31]_i_2__2_n_0                                                                                          |
| Medium           |                                  |     32 |              | Active High |               1.00 |             0.0 | u_network/u_features/u_block0/u_tail/u_post_ssm/u_spa_ssm_requant/out_valid_reg_0[0]                                                                                                 |
| Medium           |                                  |     32 |              | Active High |               0.25 |            50.0 | u_network/u_features/u_block0/u_tail/u_post_ssm/u_spe_ssm_requant/E[0]                                                                                                               |
| Medium           |                                  |     32 |              | Active High |               0.04 |             5.0 | u_network/u_features/u_block1/u_px/GS.u/b_data[127]_i_1__0_n_0                                                                                                                       |
| Medium           |                                  |     32 |              | Active High |               0.04 |             7.9 | u_network/u_features/u_block1/u_px/GS.u/b_data[55]_i_1_n_0                                                                                                                           |
| Medium           |                                  |     32 |              | Active High |               0.04 |             5.8 | u_network/u_features/u_block1/u_px/GS.u/b_data[87]_i_1_n_0                                                                                                                           |
| Medium           |                                  |     32 |              | Active High |               0.06 |            12.5 | u_network/u_features/u_block1/u_tail/u_both_ssm/u_spe_ssm/G1_SPE_DUAL.u/u_lower/current_sequence[0]                                                                                  |
| Medium           |                                  |     32 |              | Active High |               0.06 |            12.5 | u_network/u_features/u_block1/u_tail/u_both_ssm/u_spe_ssm/G1_SPE_DUAL.u/u_upper/current_sequence[0]                                                                                  |
| Medium           |                                  |     32 | BRAM Enable  | Active High |               1.00 |             0.0 | u_network/u_features/u_block1/u_tail/u_post_ssm/u_spa_out_proj/GS.u/u_rom/ena                                                                                                        |
| Medium           |                                  |     32 |              | Active High |               0.06 |            12.5 | u_network/u_features/u_block1/u_tail/u_post_ssm/u_spe_ssm_requant/E[0]                                                                                                               |
| Medium           |                                  |     32 | BRAM Enable  | Active High |               0.25 |             0.8 | u_network/u_features/u_block2/u_tail/u_post_ssm/u_spa_out_proj/GS.u/u_rom/ena                                                                                                        |
| Medium           |                                  |     32 |              | Active High |               0.06 |            12.5 | u_network/u_features/u_pool1/p_2_in                                                                                                                                                  |
| Medium           |                                  |     28 |              | Active High |               0.06 |            12.5 | u_network/u_features/u_block1/u_tail/u_post_ssm/u_spa_out_proj/GS.u/E[0]                                                                                                             |
| Medium           |                                  |     28 |              | Active High |               0.12 |            25.0 | u_network/u_features/u_block1/u_tail/u_post_ssm/u_spa_out_proj/GS.u/out_data[14]_i_1__2_n_0                                                                                          |
| Medium           |                                  |     28 |              | Active High |               0.05 |            10.9 | u_network/u_features/u_block2/u_tail/u_post_ssm/u_spa_out_proj/GS.u/out_data[14]_i_1__2_n_0                                                                                          |
| Medium           |                                  |     27 |              | Active High |               0.50 |            12.5 | u_network/u_features/u_block0/u_conv/u_spa_conv1d/out_pixel_addr[7]_i_1_n_0                                                                                                          |
| Medium           |                                  |     27 |              | Active High |               0.06 |            12.5 | u_network/u_features/u_block0/u_tail/u_both_ssm/u_spa_ssm/G0_FUSED.u/fsm_state_reg_0                                                                                                 |
| Medium           |                                  |     27 | /BRAM Enable | Active High |               0.28 |             0.8 | u_network/u_features/u_block2/u_px/GS.u/FSM_onehot_state_reg_n_0_[3]                                                                                                                 |
| Medium           |                                  |     26 |              | Active High |               0.06 |            12.5 | u_network/u_features/u_block0/u_sx/G0.u/E[0]                                                                                                                                         |
| Medium           |                                  |     24 | Reset        | Active High |               0.06 |             7.0 | u_network/u_features/u_block0/u_conv/u_spe_conv1d/G_LOCAL_SPE_HISTORY_LANE[0].u_history_lane/window[23]_i_1_n_0                                                                      |
| Medium           |                                  |     24 | Reset        | Active High |               0.06 |             7.0 | u_network/u_features/u_block0/u_conv/u_spe_conv1d/G_LOCAL_SPE_HISTORY_LANE[1].u_history_lane/window[23]_i_1_n_0                                                                      |
| Medium           |                                  |     24 | Reset        | Active High |               0.06 |             7.0 | u_network/u_features/u_block0/u_conv/u_spe_conv1d/G_LOCAL_SPE_HISTORY_LANE[2].u_history_lane/window[23]_i_1_n_0                                                                      |
| Medium           |                                  |     24 | Reset        | Active High |               0.06 |             7.0 | u_network/u_features/u_block0/u_conv/u_spe_conv1d/G_LOCAL_SPE_HISTORY_LANE[3].u_history_lane/window[23]_i_1_n_0                                                                      |
| Medium           |                                  |     24 | Reset        | Active High |               0.06 |             7.0 | u_network/u_features/u_block0/u_conv/u_spe_conv1d/G_LOCAL_SPE_HISTORY_LANE[4].u_history_lane/window[23]_i_1_n_0                                                                      |
| Medium           |                                  |     24 | Reset        | Active High |               0.06 |             7.0 | u_network/u_features/u_block0/u_conv/u_spe_conv1d/G_LOCAL_SPE_HISTORY_LANE[5].u_history_lane/window[23]_i_1_n_0                                                                      |
| Medium           |                                  |     24 | Reset        | Active High |               0.06 |             7.0 | u_network/u_features/u_block0/u_conv/u_spe_conv1d/G_LOCAL_SPE_HISTORY_LANE[6].u_history_lane/window[23]_i_1_n_0                                                                      |
| Medium           |                                  |     24 | Reset        | Active High |               0.06 |             7.0 | u_network/u_features/u_block0/u_conv/u_spe_conv1d/G_LOCAL_SPE_HISTORY_LANE[7].u_history_lane/window[23]_i_1_n_0                                                                      |
| Medium           |                                  |     24 |              | Active High |               0.25 |            50.0 | u_network/u_features/u_block0/u_tail/u_post_ssm/u_spe_ssm_requant/out_channel_base_reg[2]__0_0[0]                                                                                    |
| Medium           |                                  |     24 |              | Active High |               0.12 |            13.2 | u_network/u_features/u_block1/u_px/GS.u/b_data[23]_i_1_n_0                                                                                                                           |
| Medium           |                                  |     20 | BRAM Enable  | Active High |               0.25 |            50.0 | u_network/u_features/u_block0/u_conv/u_spe_conv1d/ena                                                                                                                                |
| Medium           |                                  |     20 | BRAM Enable  | Active High |               0.25 |            50.0 | u_network/u_features/u_block0/u_px/G0.u/b_valid_reg_0                                                                                                                                |
| Medium           |                                  |     20 | BRAM Enable  | Active High |               0.25 |            50.0 | u_network/u_features/u_block0/u_px/G0.u/c_valid_reg_0                                                                                                                                |
| Medium           |                                  |     20 |              | Active High |               0.56 |            12.5 | u_network/u_features/u_block0/u_sx/G0.u/rq_active                                                                                                                                    |
| Medium           |                                  |     20 | BRAM Enable  | Active High |               0.50 |             3.1 | u_network/u_features/u_block1/u_in/G_DSP_PARALLEL.u/G_ROM2.p/ena                                                                                                                     |
| Medium           |                                  |     20 | BRAM Enable  | Active High |               0.12 |             0.8 | u_network/u_features/u_block2/u_in/G_DSP_PARALLEL.u/G_ROM2.p/ena                                                                                                                     |
| Medium           |                                  |     19 |              | Active High |               0.25 |            50.0 | u_network/u_features/u_block0/u_px/G0.u/E[0]                                                                                                                                         |
| Medium           |                                  |     18 |              | Active High |               0.06 |            12.5 | u_network/u_features/u_block0/u_sx/G0.u/dt_data0_out[17]                                                                                                                             |
| Medium           |                                  |     17 |              | Active High |               0.06 |            12.5 | u_network/u_features/u_block1/u_px/GS.u/E[0]                                                                                                                                         |
| Medium           |                                  |     16 |              | Active High |               0.06 |            12.5 | u_network/u_features/u_block0/u_sx/G0.u/b_data0_out[111]                                                                                                                             |
| Medium           |                                  |     16 |              | Active High |               0.06 |            12.5 | u_network/u_features/u_block0/u_sx/G0.u/b_data0_out[15]                                                                                                                              |
| Medium           |                                  |     16 |              | Active High |               0.06 |            12.5 | u_network/u_features/u_block0/u_sx/G0.u/b_data0_out[47]                                                                                                                              |
| Medium           |                                  |     16 |              | Active High |               0.06 |            12.5 | u_network/u_features/u_block0/u_sx/G0.u/b_data0_out[79]                                                                                                                              |
| Medium           |                                  |     16 |              | Active High |               0.06 |            12.5 | u_network/u_features/u_block0/u_sx/G0.u/c_data0_out[111]                                                                                                                             |
| Medium           |                                  |     16 |              | Active High |               0.06 |            12.5 | u_network/u_features/u_block0/u_sx/G0.u/c_data0_out[15]                                                                                                                              |
| Medium           |                                  |     16 |              | Active High |               0.06 |            12.5 | u_network/u_features/u_block0/u_sx/G0.u/c_data0_out[47]                                                                                                                              |
| Medium           |                                  |     16 |              | Active High |               0.06 |            12.5 | u_network/u_features/u_block0/u_sx/G0.u/c_data0_out[79]                                                                                                                              |
| Medium           |                                  |     16 |              | Active High |               0.56 |            12.5 | u_network/u_features/u_block0/u_sx/G0.u/rq_valid_d1                                                                                                                                  |
| Medium           |                                  |     16 |              | Active High |               0.06 |            12.5 | u_network/u_features/u_block0/u_sx/G0.u/u_stream_active4_out                                                                                                                         |
| Medium           |                                  |     16 |              | Active High |               0.06 |            12.5 | u_network/u_features/u_block0/u_sx/G0.u/worker_active5_out                                                                                                                           |
| Medium           |                                  |     16 | BRAM Enable  | Active High |               1.00 |             0.0 | u_network/u_features/u_block0/u_tail/u_both_ssm/u_spe_ssm/G0_FUSED.u/fsm_state_reg_n_0                                                                                               |
| Medium           |                                  |     16 |              | Active High |               0.50 |            12.5 | u_network/u_features/u_block0/u_tail/u_post_ssm/u_spa_out_proj/G0.u/rq_active                                                                                                        |
| Medium           |                                  |     16 |              | Active High |               0.25 |            50.0 | u_network/u_features/u_block0/u_tail/u_post_ssm/u_spe_ssm_requant/out_valid_reg_0[0]                                                                                                 |
| Medium           |                                  |     16 |              | Active High |               0.28 |            26.0 | u_network/u_features/u_block1/u_in/G_DSP_PARALLEL.u/spa_pack[15]_i_1_n_0                                                                                                             |
| Medium           |                                  |     16 |              | Active High |               0.09 |            18.8 | u_network/u_features/u_block1/u_in/G_DSP_PARALLEL.u/spa_pack[31]_i_1_n_0                                                                                                             |
| Medium           |                                  |     16 |              | Active High |               0.09 |            12.7 | u_network/u_features/u_block1/u_in/G_DSP_PARALLEL.u/spa_pack[47]_i_2_n_0                                                                                                             |
| Medium           |                                  |     16 |              | Active High |               0.28 |            26.0 | u_network/u_features/u_block1/u_in/G_DSP_PARALLEL.u/spe_pack[15]_i_1_n_0                                                                                                             |
| Medium           |                                  |     16 |              | Active High |               0.09 |            18.8 | u_network/u_features/u_block1/u_in/G_DSP_PARALLEL.u/spe_pack[31]_i_1_n_0                                                                                                             |
| Medium           |                                  |     16 |              | Active High |               0.09 |            12.7 | u_network/u_features/u_block1/u_in/G_DSP_PARALLEL.u/spe_pack[47]_i_1_n_0                                                                                                             |
| Medium           |                                  |     16 | BRAM Enable  | Active High |               0.56 |             0.4 | u_network/u_features/u_block1/u_px/GS.u/FSM_onehot_state_reg_n_0_[3]                                                                                                                 |
| Medium           |                                  |     16 |              | Active High |               0.06 |            12.5 | u_network/u_features/u_block1/u_tail/u_post_ssm/u_spe_ssm_requant/E[2]                                                                                                               |
| Medium           |                                  |     16 |              | Active High |               0.06 |            12.5 | u_network/u_features/u_block1/u_tail/u_post_ssm/u_spe_ssm_requant/E[4]                                                                                                               |
| Medium           |                                  |     16 |              | Active High |               0.06 |            12.5 | u_network/u_features/u_block1/u_tail/u_post_ssm/u_spe_ssm_requant/E[5]                                                                                                               |
| Medium           |                                  |     16 |              | Active High |               0.11 |             2.8 | u_network/u_features/u_block2/u_in/G_DSP_PARALLEL.u/spa_pack[15]_i_1_n_0                                                                                                             |
| Medium           |                                  |     16 |              | Active High |               0.11 |             2.8 | u_network/u_features/u_block2/u_in/G_DSP_PARALLEL.u/spe_pack[15]_i_1_n_0                                                                                                             |
| Medium           |                                  |     14 |              | Active High |               0.12 |            25.0 | u_network/u_features/u_block1/u_tail/u_post_ssm/u_spa_out_proj/GS.u/pack_raw[0]                                                                                                      |
| Medium           |                                  |     14 |              | Active High |               0.06 |            12.5 | u_network/u_features/u_block1/u_tail/u_post_ssm/u_spe_out_proj/GS.u/pack_raw[15]                                                                                                     |
| Medium           |                                  |     14 |              | Active High |               0.06 |            12.5 | u_network/u_features/u_block1/u_tail/u_post_ssm/u_spe_out_proj/GS.u/pack_raw[31]                                                                                                     |
| Medium           |                                  |     14 |              | Active High |               0.06 |            12.5 | u_network/u_features/u_block1/u_tail/u_post_ssm/u_spe_out_proj/GS.u/pack_raw[47]                                                                                                     |
| Medium           |                                  |     14 |              | Active High |               0.03 |             6.2 | u_network/u_features/u_block2/u_tail/u_post_ssm/u_spa_out_proj/GS.u/pack_raw[0]                                                                                                      |
| Medium           |                                  |     12 | BRAM Enable  | Active High |               0.50 |            12.5 | u_network/u_features/u_block0/u_conv/u_spe_conv1d/out_valid_reg_0                                                                                                                    |
| Medium           |                                  |     12 | BRAM Enable  | Active High |               0.50 |            50.0 | u_network/u_features/u_block0/u_pdt/wea[0]                                                                                                                                           |
| Medium           |                                  |     12 |              | Active High |               0.56 |            12.5 | u_network/u_features/u_block0/u_sx/G0.u/rq_valid_d0                                                                                                                                  |
| Medium           |                                  |     12 | BRAM Enable  | Active High |               0.12 |            25.0 | u_network/u_features/u_block1/u_conv/u_spa_conv1d/out_valid_reg_0                                                                                                                    |
| Medium           |                                  |     12 |              | Active High |               0.56 |             0.4 | u_network/u_features/u_block1/u_px/GS.u/GEN_DOT16_FAST.G[0].u_dot/E[0]                                                                                                               |
| Medium           |                                  |     12 |              | Active High |               0.56 |             0.4 | u_network/u_features/u_block1/u_px/GS.u/accumulator_result_valid                                                                                                                     |
| Medium           |                                  |     12 |              | Active High |               0.56 |             0.4 | u_network/u_features/u_block1/u_px/GS.u/rv0                                                                                                                                          |
| Medium           |                                  |     12 |              | Active High |               0.56 |             0.4 | u_network/u_features/u_block1/u_px/GS.u/rv1                                                                                                                                          |
| Medium           |                                  |     12 | BRAM Enable  | Active High |               0.12 |             3.1 | u_network/u_features/u_block1/u_sdt/wea[0]                                                                                                                                           |
| Medium           |                                  |     12 | BRAM Enable  | Active High |               1.00 |             0.0 | u_network/u_features/u_block1/u_tail/u_both_ssm/u_spa_ssm/GS_FUSED.u/enb                                                                                                             |
| Medium           |                                  |     12 | BRAM Enable  | Active High |               0.50 |            12.5 | u_network/u_features/u_block1/u_tail/u_both_ssm/u_spe_ssm/G1_SPE_DUAL.u/u_lower/fsm_state_reg_n_0                                                                                    |
| Medium           |                                  |     12 | BRAM Enable  | Active High |               0.50 |            12.5 | u_network/u_features/u_block1/u_tail/u_both_ssm/u_spe_ssm/G1_SPE_DUAL.u/u_upper/fsm_state_reg_n_0                                                                                    |
| Medium           |                                  |     12 | BRAM Enable  | Active High |               0.50 |             0.2 | u_network/u_features/u_block2/u_tail/u_both_ssm/u_spa_ssm/GS_FUSED.u/enb                                                                                                             |
| Medium           |                                  |     12 | BRAM Enable  | Active High |               0.50 |             0.2 | u_network/u_features/u_block2/u_tail/u_both_ssm/u_spe_ssm/GS_FUSED.u/fsm_state_reg_0                                                                                                 |
| Medium           |                                  |     11 |              | Active High |               0.50 |            12.5 | u_network/u_features/u_block0/u_conv/u_spa_conv1d/channel_acc[0]                                                                                                                     |
| Medium           |                                  |     11 |              | Active High |               0.50 |            12.5 | u_network/u_features/u_block0/u_conv/u_spa_conv1d/channel_l1[0]                                                                                                                      |
| Medium           |                                  |     11 |              | Active High |               0.50 |            12.5 | u_network/u_features/u_block0/u_conv/u_spa_conv1d/channel_l2[0]                                                                                                                      |
| Medium           |                                  |     11 |              | Active High |               0.50 |            12.5 | u_network/u_features/u_block0/u_conv/u_spa_conv1d/rq_valid_d0                                                                                                                        |
| Medium           |                                  |     11 |              | Active High |               0.50 |            12.5 | u_network/u_features/u_block0/u_conv/u_spa_conv1d/rq_valid_d1                                                                                                                        |
| Medium           |                                  |     11 |              | Active High |               0.50 |            12.5 | u_network/u_features/u_block0/u_conv/u_spa_conv1d/valid_acc                                                                                                                          |
| Medium           |                                  |     11 |              | Active High |               0.50 |            12.5 | u_network/u_features/u_block0/u_conv/u_spe_conv1d/channel_acc[0]                                                                                                                     |
| Medium           |                                  |     11 |              | Active High |               0.50 |            12.5 | u_network/u_features/u_block0/u_conv/u_spe_conv1d/channel_l1[0]                                                                                                                      |
| Medium           |                                  |     11 |              | Active High |               0.50 |            12.5 | u_network/u_features/u_block0/u_conv/u_spe_conv1d/channel_l2[0]                                                                                                                      |
| Medium           |                                  |     11 |              | Active High |               0.50 |            12.5 | u_network/u_features/u_block0/u_conv/u_spe_conv1d/out_pixel_addr[7]_i_1__0_n_0                                                                                                       |
| Medium           |                                  |     11 |              | Active High |               0.50 |            12.5 | u_network/u_features/u_block0/u_conv/u_spe_conv1d/rq_valid_d0                                                                                                                        |
| Medium           |                                  |     11 |              | Active High |               0.50 |            12.5 | u_network/u_features/u_block0/u_conv/u_spe_conv1d/rq_valid_d1                                                                                                                        |
| Medium           |                                  |     11 |              | Active High |               0.50 |            12.5 | u_network/u_features/u_block0/u_conv/u_spe_conv1d/valid_acc                                                                                                                          |
| Medium           |                                  |     11 |              | Active High |               0.50 |            12.5 | u_network/u_features/u_block0/u_in/G_DSP_PARALLEL.u/srv0                                                                                                                             |
| Medium           |                                  |     11 |              | Active High |               0.50 |            12.5 | u_network/u_features/u_block0/u_in/G_DSP_PARALLEL.u/srv2                                                                                                                             |
| Medium           |                                  |     11 |              | Active High |               0.38 |            50.0 | u_network/u_features/u_block0/u_tail/u_both_ssm/u_spe_ssm/G0_FUSED.u/b_pending_records[10]_i_1_n_0                                                                                   |
| Medium           |                                  |     11 |              | Active High |               0.37 |            50.0 | u_network/u_features/u_block0/u_tail/u_both_ssm/u_spe_ssm/G0_FUSED.u/c_pending_records[10]_i_1_n_0                                                                                   |
| Medium           |                                  |     11 |              | Active High |               0.30 |            48.4 | u_network/u_features/u_block0/u_tail/u_both_ssm/u_spe_ssm/G0_FUSED.u/dt_pending_records[10]_i_1_n_0                                                                                  |
| Medium           |                                  |     11 |              | Active High |               0.44 |            50.0 | u_network/u_features/u_block0/u_tail/u_both_ssm/u_spe_ssm/G0_FUSED.u/u_pending_records[10]_i_1_n_0                                                                                   |
| Medium           |                                  |     11 |              | Active High |               0.50 |            12.5 | u_network/u_features/u_block0/u_tail/u_post_ssm/u_spa_out_proj/G0.u/rv0                                                                                                              |
| Medium           |                                  |     11 |              | Active High |               0.50 |            12.5 | u_network/u_features/u_block0/u_tail/u_post_ssm/u_spa_out_proj/G0.u/rv1                                                                                                              |
| Medium           |                                  |     11 |              | Active High |               0.50 |            12.5 | u_network/u_features/u_block0/u_tail/u_post_ssm/u_spa_out_proj/G0.u/rv2                                                                                                              |
| Medium           |                                  |     11 |              | Active High |               0.07 |            13.3 | u_network/u_features/u_block2/u_sx/GS.u/rv1                                                                                                                                          |
| Medium           |                                  |     11 |              | Active High |               0.50 |             0.0 | u_network/u_features/u_patch/requant_valid_d0                                                                                                                                        |
| Medium           |                                  |     11 |              | Active High |               0.50 |             0.0 | u_network/u_features/u_patch/requant_valid_d1                                                                                                                                        |
| Medium           |                                  |     11 |              | Active High |               0.50 |             0.0 | u_network/u_features/u_patch/valid_l5                                                                                                                                                |
| Medium           |                                  |     11 |              | Active High |               0.50 |             0.0 | u_network/u_features/u_patch/valid_l6                                                                                                                                                |
| Medium           |                                  |     11 |              | Active High |               0.15 |            25.8 | u_network/u_features/u_pool1/FSM_onehot_state[10]_i_1_n_0                                                                                                                            |
| Medium           |                                  |     11 |              | Active High |               0.03 |             6.8 | u_network/u_features/u_pool2/FSM_onehot_state[10]_i_1_n_0                                                                                                                            |
| Medium           |                                  |     10 |              | Active High |               0.14 |            28.1 | u_network/u_features/u_block0/u_px/G0.u/b_token[1]_i_1_n_0                                                                                                                           |
| Medium           |                                  |     10 |              | Active High |               0.14 |            28.1 | u_network/u_features/u_block0/u_px/G0.u/c_token[1]_i_1_n_0                                                                                                                           |
| Medium           |                                  |     10 |              | Active High |               0.42 |            50.0 | u_network/u_features/u_block0/u_px/G0.u/dt_token[1]_i_1_n_0                                                                                                                          |
| Medium           |                                  |     10 |              | Active High |               0.25 |            50.0 | u_network/u_features/u_block0/u_px/G0.u/rd_en                                                                                                                                        |
| Medium           |                                  |     10 |              | Active High |               0.25 |            50.0 | u_network/u_features/u_block0/u_tail/u_both_ssm/u_spe_ssm/G0_FUSED.u/current_record[0]__0_i_2_n_0                                                                                    |
| Medium           |                                  |     10 |              | Active High |               0.25 |            50.0 | u_network/u_features/u_block0/u_tail/u_post_ssm/u_residual_fusion/fusion_read_slot[9]_i_1_n_0                                                                                        |
| Medium           |                                  |     10 |              | Active High |               0.05 |             8.3 | u_network/u_features/u_block0/u_tail/u_post_ssm/u_spa_out_proj/G0.u/rq_record[7]_i_1__0_n_0                                                                                          |
| Medium           |                                  |     10 |              | Active High |               0.25 |            50.0 | u_network/u_features/u_block0/u_tail/u_post_ssm/u_spe_out_proj/G0.u/out_pixel_addr[7]_i_2__1_n_0                                                                                     |
| Medium           |                                  |     10 |              | Active High |               0.25 |            50.0 | u_network/u_features/u_block0/u_tail/u_post_ssm/u_spe_out_proj/G0.u/rec_d_reg[9]_fwrd__17_n_0                                                                                        |
| Medium           |                                  |     10 |              | Active High |               0.25 |            50.0 | u_network/u_features/u_block0/u_tail/u_post_ssm/u_spe_out_proj/G0.u/rr0[0]                                                                                                           |
| Medium           |                                  |     10 |              | Active High |               0.25 |            50.0 | u_network/u_features/u_block0/u_tail/u_post_ssm/u_spe_out_proj/G0.u/rr1[0]                                                                                                           |
| Medium           |                                  |     10 |              | Active High |               0.25 |            50.0 | u_network/u_features/u_block0/u_tail/u_post_ssm/u_spe_out_proj/G0.u/rr2[0]                                                                                                           |
| Medium           |                                  |     10 |              | Active High |               0.25 |            50.0 | u_network/u_features/u_block0/u_tail/u_post_ssm/u_spe_out_proj/G0.u/u_dot/E[0]                                                                                                       |
| Medium           |                                  |     10 |              | Active High |               0.14 |            28.1 | u_network/u_features/u_block1/u_sx/GS.u/accumulator_result_valid                                                                                                                     |
| Medium           |                                  |     10 |              | Active High |               0.14 |            28.1 | u_network/u_features/u_block1/u_sx/GS.u/rv0                                                                                                                                          |
| Medium           |                                  |     10 |              | Active High |               0.14 |            28.1 | u_network/u_features/u_block1/u_sx/GS.u/rv1                                                                                                                                          |
| Medium           |                                  |     10 |              | Active High |               0.14 |            28.1 | u_network/u_features/u_block1/u_sx/GS.u/u_dot/E[0]                                                                                                                                   |
| Medium           |                                  |     10 |              | Active High |               0.25 |            50.0 | u_network/u_features/u_block1/u_tail/u_both_ssm/u_spa_ssm/GS_FUSED.u/out_record_addr_reg[5]_fwrd__5_n_0                                                                              |
| Medium           |                                  |     10 |              | Active High |               0.14 |            28.1 | u_network/u_features/u_block2/u_px/GS.u/GEN_DOT8_SCALED.G[0].u_dot/E[0]                                                                                                              |
| Medium           |                                  |     10 |              | Active High |               0.14 |            28.1 | u_network/u_features/u_block2/u_px/GS.u/accumulator_result_valid                                                                                                                     |
| Medium           |                                  |     10 |              | Active High |               0.14 |            28.1 | u_network/u_features/u_block2/u_px/GS.u/rv0                                                                                                                                          |
| Medium           |                                  |     10 |              | Active High |               0.14 |            28.1 | u_network/u_features/u_block2/u_px/GS.u/rv1                                                                                                                                          |
| Medium           |                                  |     10 |              | Active High |               0.14 |            28.9 | u_network/u_head/qv0                                                                                                                                                                 |
| Medium           |                                  |     10 |              | Active High |               0.14 |            28.9 | u_network/u_head/qv1                                                                                                                                                                 |
| Medium           |                                  |     10 |              | Active High |               0.33 |             1.6 | u_network/u_head/request_valid                                                                                                                                                       |
| Medium           |                                  |     10 |              | Active High |               0.14 |            28.9 | u_network/u_head/u_dot_pair/v6_reg_0[0]                                                                                                                                              |
| Medium           |                                  |      9 |              | Active High |               0.42 |            50.0 | u_network/u_features/u_block0/u_px/G0.u/dt_data[8]_i_1__0_n_0                                                                                                                        |
| Medium           |                                  |      9 |              | Active High |               0.12 |            25.0 | u_network/u_features/u_block1/u_conv/u_spa_conv1d/channel_acc[0]                                                                                                                     |
| Medium           |                                  |      9 |              | Active High |               0.12 |            25.0 | u_network/u_features/u_block1/u_conv/u_spa_conv1d/channel_l1[0]                                                                                                                      |
| Medium           |                                  |      9 |              | Active High |               0.12 |            25.0 | u_network/u_features/u_block1/u_conv/u_spa_conv1d/channel_l2[0]                                                                                                                      |
| Medium           |                                  |      9 |              | Active High |               0.12 |            25.0 | u_network/u_features/u_block1/u_conv/u_spa_conv1d/out_pixel_addr[5]_i_1_n_0                                                                                                          |
| Medium           |                                  |      9 |              | Active High |               0.12 |            25.0 | u_network/u_features/u_block1/u_conv/u_spa_conv1d/rq_valid_d0                                                                                                                        |
| Medium           |                                  |      9 |              | Active High |               0.12 |            25.0 | u_network/u_features/u_block1/u_conv/u_spa_conv1d/rq_valid_d1                                                                                                                        |
| Medium           |                                  |      9 |              | Active High |               0.12 |            25.0 | u_network/u_features/u_block1/u_conv/u_spa_conv1d/valid_acc                                                                                                                          |
| Medium           |                                  |      9 |              | Active High |               0.12 |            25.0 | u_network/u_features/u_block1/u_conv/u_spe_conv1d/channel_acc[0]                                                                                                                     |
| Medium           |                                  |      9 |              | Active High |               0.12 |            25.0 | u_network/u_features/u_block1/u_conv/u_spe_conv1d/channel_l1[0]                                                                                                                      |
| Medium           |                                  |      9 |              | Active High |               0.12 |            25.0 | u_network/u_features/u_block1/u_conv/u_spe_conv1d/channel_l2[0]                                                                                                                      |
| Medium           |                                  |      9 |              | Active High |               0.12 |            25.0 | u_network/u_features/u_block1/u_conv/u_spe_conv1d/out_pixel_addr[5]_i_1__0_n_0                                                                                                       |
| Medium           |                                  |      9 |              | Active High |               0.12 |            25.0 | u_network/u_features/u_block1/u_conv/u_spe_conv1d/rq_valid_d0                                                                                                                        |
| Medium           |                                  |      9 |              | Active High |               0.12 |            25.0 | u_network/u_features/u_block1/u_conv/u_spe_conv1d/rq_valid_d1                                                                                                                        |
| Medium           |                                  |      9 |              | Active High |               0.12 |            25.0 | u_network/u_features/u_block1/u_conv/u_spe_conv1d/valid_acc                                                                                                                          |
| Medium           |                                  |      9 |              | Active High |               0.03 |             6.2 | u_network/u_features/u_block1/u_in/G_DSP_PARALLEL.u/spa_out_pixel_addr[5]_i_1_n_0                                                                                                    |
| Medium           |                                  |      9 |              | Active High |               0.03 |             6.2 | u_network/u_features/u_block1/u_in/G_DSP_PARALLEL.u/spe_out_pixel_addr[5]_i_1_n_0                                                                                                    |
| Medium           |                                  |      9 |              | Active High |               0.12 |            25.0 | u_network/u_features/u_block1/u_tail/u_post_ssm/u_spa_out_proj/GS.u/out_pixel_addr[5]_i_2__2_n_0                                                                                     |
| Medium           |                                  |      9 |              | Active High |               0.07 |            13.3 | u_network/u_features/u_block2/u_sx/GS.u/accumulator_result_valid                                                                                                                     |
| Medium           |                                  |      9 |              | Active High |               0.07 |            13.3 | u_network/u_features/u_block2/u_sx/GS.u/rv0                                                                                                                                          |
| Medium           |                                  |      9 |              | Active High |               0.07 |            13.3 | u_network/u_features/u_block2/u_sx/GS.u/u_dot/E[0]                                                                                                                                   |
| Medium           |                                  |      8 |              | Active High |               0.06 |            12.5 | u_network/u_features/u_block0/u_in/G_DSP_PARALLEL.u/rd_addr                                                                                                                          |
| Medium           |                                  |      8 |              | Active High |               0.06 |            12.5 | u_network/u_features/u_block0/u_in/G_DSP_PARALLEL.u/spa_collect_pixel[143]                                                                                                           |
| Medium           |                                  |      8 |              | Active High |               0.06 |            12.5 | u_network/u_features/u_block0/u_in/G_DSP_PARALLEL.u/spa_collect_pixel[159]                                                                                                           |
| Medium           |                                  |      8 |              | Active High |               0.06 |            12.5 | u_network/u_features/u_block0/u_in/G_DSP_PARALLEL.u/spa_collect_pixel[15]                                                                                                            |
| Medium           |                                  |      8 |              | Active High |               0.06 |            12.5 | u_network/u_features/u_block0/u_in/G_DSP_PARALLEL.u/spa_collect_pixel[207]                                                                                                           |
| Medium           |                                  |      8 |              | Active High |               0.06 |            12.5 | u_network/u_features/u_block0/u_in/G_DSP_PARALLEL.u/spa_collect_pixel[223]                                                                                                           |
| Medium           |                                  |      8 |              | Active High |               0.06 |            12.5 | u_network/u_features/u_block0/u_in/G_DSP_PARALLEL.u/spa_collect_pixel[31]                                                                                                            |
| Medium           |                                  |      8 |              | Active High |               0.06 |            12.5 | u_network/u_features/u_block0/u_in/G_DSP_PARALLEL.u/spa_collect_pixel[79]                                                                                                            |
| Medium           |                                  |      8 |              | Active High |               0.06 |            12.5 | u_network/u_features/u_block0/u_in/G_DSP_PARALLEL.u/spa_collect_pixel[95]                                                                                                            |
| Medium           |                                  |      8 |              | Active High |               0.14 |            28.1 | u_network/u_features/u_block0/u_px/G0.u/b_data[127]_i_1__0_n_0                                                                                                                       |
| Medium           |                                  |      8 |              | Active High |               0.25 |            50.0 | u_network/u_features/u_block0/u_px/G0.u/g0_b127_n_0                                                                                                                                  |
| Medium           |                                  |      8 |              | Active High |               0.06 |            12.5 | u_network/u_features/u_block0/u_sx/G0.u/b_data0_out[119]                                                                                                                             |
| Medium           |                                  |      8 |              | Active High |               0.06 |            12.5 | u_network/u_features/u_block0/u_sx/G0.u/b_data0_out[127]                                                                                                                             |
| Medium           |                                  |      8 |              | Active High |               0.06 |            12.5 | u_network/u_features/u_block0/u_sx/G0.u/b_data0_out[23]                                                                                                                              |
| Medium           |                                  |      8 |              | Active High |               0.06 |            12.5 | u_network/u_features/u_block0/u_sx/G0.u/b_data0_out[31]                                                                                                                              |
| Medium           |                                  |      8 |              | Active High |               0.06 |            12.5 | u_network/u_features/u_block0/u_sx/G0.u/b_data0_out[55]                                                                                                                              |
| Medium           |                                  |      8 |              | Active High |               0.06 |            12.5 | u_network/u_features/u_block0/u_sx/G0.u/b_data0_out[63]                                                                                                                              |
| Medium           |                                  |      8 |              | Active High |               0.06 |            12.5 | u_network/u_features/u_block0/u_sx/G0.u/b_data0_out[87]                                                                                                                              |
| Medium           |                                  |      8 |              | Active High |               0.06 |            12.5 | u_network/u_features/u_block0/u_sx/G0.u/b_data0_out[95]                                                                                                                              |
| Medium           |                                  |      8 |              | Active High |               0.04 |             4.7 | u_network/u_features/u_block0/u_sx/G0.u/b_pixel_addr[7]_i_1_n_0                                                                                                                      |
| Medium           |                                  |      8 |              | Active High |               0.06 |            12.5 | u_network/u_features/u_block0/u_sx/G0.u/c_data0_out[127]                                                                                                                             |
| Medium           |                                  |      8 |              | Active High |               0.06 |            12.5 | u_network/u_features/u_block0/u_sx/G0.u/c_data0_out[31]                                                                                                                              |
| Medium           |                                  |      8 |              | Active High |               0.06 |            12.5 | u_network/u_features/u_block0/u_sx/G0.u/c_data0_out[63]                                                                                                                              |
| Medium           |                                  |      8 |              | Active High |               0.06 |            12.5 | u_network/u_features/u_block0/u_sx/G0.u/c_data0_out[95]                                                                                                                              |
| Medium           |                                  |      8 |              | Active High |               0.04 |             4.9 | u_network/u_features/u_block0/u_sx/G0.u/c_data[119]_i_1_n_0                                                                                                                          |
| Medium           |                                  |      8 |              | Active High |               0.11 |            13.2 | u_network/u_features/u_block0/u_sx/G0.u/c_pixel_addr[7]_i_1_n_0                                                                                                                      |
| Medium           |                                  |      8 |              | Active High |               0.06 |            12.5 | u_network/u_features/u_block0/u_sx/G0.u/rq_active6_out                                                                                                                               |
| Medium           |                                  |      8 | Reset        | Active High |               0.06 |            12.5 | u_network/u_features/u_block0/u_sx/G0.u/rq_group[3]_i_1_n_0                                                                                                                          |
| Medium           |                                  |      8 | Reset        | Active High |               0.06 |            11.8 | u_network/u_features/u_block0/u_tail/u_post_ssm/u_spe_out_proj/G0.u/out_data[31]_i_1__2_n_0                                                                                          |
| Medium           |                                  |      8 | Reset        | Active High |               0.07 |            14.6 | u_network/u_features/u_block0/u_tail/u_post_ssm/u_spe_out_proj/G0.u/out_data[55]_i_1__1_n_0                                                                                          |
| Medium           |                                  |      8 | Reset        | Active High |               0.08 |            15.2 | u_network/u_features/u_block0/u_tail/u_post_ssm/u_spe_out_proj/G0.u/out_data[63]_i_1__1_n_0                                                                                          |
| Medium           |                                  |      8 |              | Active High |               0.25 |            50.0 | u_network/u_features/u_block0/u_tail/u_post_ssm/u_spe_ssm_requant/out_channel_base_reg[2]__0_1[0]                                                                                    |
| Medium           |                                  |      8 |              | Active High |               0.25 |            50.0 | u_network/u_features/u_block0/u_tail/u_post_ssm/u_spe_ssm_requant/out_valid_reg_1[0]                                                                                                 |
| Medium           |                                  |      8 |              | Active High |               0.25 |            50.0 | u_network/u_features/u_block0/u_tail/u_post_ssm/u_spe_ssm_requant/out_valid_reg_2[0]                                                                                                 |
| Medium           |                                  |      8 | Reset        | Active High |               0.08 |            15.1 | u_network/u_features/u_block1/u_conv/u_spa_conv1d/out_data[15]_i_1_n_0                                                                                                               |
| Medium           |                                  |      8 | Reset        | Active High |               0.06 |            12.5 | u_network/u_features/u_block1/u_conv/u_spa_conv1d/out_data[23]_i_1_n_0                                                                                                               |
| Medium           |                                  |      8 | Reset        | Active High |               0.06 |            11.2 | u_network/u_features/u_block1/u_conv/u_spa_conv1d/out_data[31]_i_1_n_0                                                                                                               |
| Medium           |                                  |      8 | Reset        | Active High |               0.07 |            13.7 | u_network/u_features/u_block1/u_conv/u_spa_conv1d/out_data[47]_i_1_n_0                                                                                                               |
| Medium           |                                  |      8 | Reset        | Active High |               0.08 |            15.0 | u_network/u_features/u_block1/u_conv/u_spa_conv1d/out_data[55]_i_1_n_0                                                                                                               |
| Medium           |                                  |      8 | Reset        | Active High |               0.07 |            14.0 | u_network/u_features/u_block1/u_conv/u_spa_conv1d/out_data[63]_i_1_n_0                                                                                                               |
| Medium           |                                  |      8 | Reset        | Active High |               0.06 |            12.6 | u_network/u_features/u_block1/u_conv/u_spa_conv1d/out_data[7]_i_1_n_0                                                                                                                |
| Medium           |                                  |      8 | Reset        | Active High |               0.07 |            14.1 | u_network/u_features/u_block1/u_conv/u_spe_conv1d/out_data[15]_i_1__0_n_0                                                                                                            |
| Medium           |                                  |      8 | Reset        | Active High |               0.07 |            14.3 | u_network/u_features/u_block1/u_conv/u_spe_conv1d/out_data[39]_i_1__0_n_0                                                                                                            |
| Medium           |                                  |      8 | Reset        | Active High |               0.08 |            15.3 | u_network/u_features/u_block1/u_conv/u_spe_conv1d/out_data[55]_i_1__0_n_0                                                                                                            |
| Medium           |                                  |      8 |              | Active High |               0.04 |             5.0 | u_network/u_features/u_block1/u_px/GS.u/b_pixel_addr[5]_i_1__0_n_0                                                                                                                   |
| Medium           |                                  |      8 |              | Active High |               0.12 |            13.2 | u_network/u_features/u_block1/u_px/GS.u/c_data[127]_i_1__0_n_0                                                                                                                       |
| Medium           |                                  |      8 |              | Active High |               0.12 |            13.2 | u_network/u_features/u_block1/u_px/GS.u/c_pixel_addr[5]_i_1__0_n_0                                                                                                                   |
| Medium           |                                  |      8 |              | Active High |               0.12 |            13.2 | u_network/u_features/u_block1/u_px/GS.u/dt_data[7]_i_1__0_n_0                                                                                                                        |
| Medium           |                                  |      8 |              | Active High |               0.06 |            12.5 | u_network/u_features/u_block1/u_px/GS.u/dt_valid_i_1__0_n_0                                                                                                                          |
| Medium           |                                  |      8 |              | Active High |               0.06 |            12.7 | u_network/u_features/u_block1/u_px/GS.u/rd_en                                                                                                                                        |
| Medium           |                                  |      8 |              | Active High |               0.06 |            12.5 | u_network/u_features/u_block1/u_tail/u_post_ssm/u_residual_fusion/fusion_read_slot[7]_i_1_n_0                                                                                        |
| Medium           |                                  |      8 |              | Active High |               0.14 |            28.1 | u_network/u_features/u_block1/u_tail/u_post_ssm/u_spe_out_proj/GS.u/out_pixel_addr[5]_i_2__1_n_0                                                                                     |
| Medium           |                                  |      8 |              | Active High |               0.06 |            12.7 | u_network/u_features/u_block1/u_tail/u_post_ssm/u_spe_out_proj/GS.u/rd_en                                                                                                            |
| Medium           |                                  |      8 |              | Active High |               0.06 |            12.5 | u_network/u_features/u_block1/u_tail/u_post_ssm/u_spe_ssm_requant/E[1]                                                                                                               |
| Medium           |                                  |      8 |              | Active High |               0.06 |            12.5 | u_network/u_features/u_block1/u_tail/u_post_ssm/u_spe_ssm_requant/E[3]                                                                                                               |
| Medium           |                                  |      8 |              | Active High |               0.07 |            14.1 | u_network/u_features/u_block2/u_px/GS.u/c_data[127]_i_1__0_n_0                                                                                                                       |
| Medium           |                                  |      8 | Set/Reset    | Active High |               0.06 |             5.2 | u_network/u_features/u_block2/u_tail/u_post_ssm/u_spa_ssm_requant/out_data_reg[15]_i_1__0_n_2                                                                                        |
| Medium           |                                  |      8 |              | Active High |               0.06 |            12.5 | u_network/u_features/u_patch/input_read_address__0[0]                                                                                                                                |
| Medium           |                                  |      8 |              | Active High |               0.56 |            12.5 | u_network/u_features/u_patch/pixel_issue[0]                                                                                                                                          |
| Medium           |                                  |      8 |              | Active High |               0.05 |             9.4 | u_network/u_features/u_pool1/collect[103]_i_1_n_0                                                                                                                                    |
| Medium           |                                  |      8 |              | Active High |               0.05 |             9.4 | u_network/u_features/u_pool1/collect[111]_i_1_n_0                                                                                                                                    |
| Medium           |                                  |      8 |              | Active High |               0.05 |             9.4 | u_network/u_features/u_pool1/collect[119]_i_1_n_0                                                                                                                                    |
| Medium           |                                  |      8 |              | Active High |               0.05 |             9.4 | u_network/u_features/u_pool1/collect[127]_i_2_n_0                                                                                                                                    |
| Medium           |                                  |      8 |              | Active High |               0.05 |             9.4 | u_network/u_features/u_pool1/collect[135]_i_1_n_0                                                                                                                                    |
| Medium           |                                  |      8 |              | Active High |               0.05 |             9.4 | u_network/u_features/u_pool1/collect[143]_i_1_n_0                                                                                                                                    |
| Medium           |                                  |      8 |              | Active High |               0.05 |             9.4 | u_network/u_features/u_pool1/collect[151]_i_1_n_0                                                                                                                                    |
| Medium           |                                  |      8 |              | Active High |               0.05 |             9.4 | u_network/u_features/u_pool1/collect[159]_i_1_n_0                                                                                                                                    |
| Medium           |                                  |      8 |              | Active High |               0.05 |             9.4 | u_network/u_features/u_pool1/collect[167]_i_1_n_0                                                                                                                                    |
| Medium           |                                  |      8 |              | Active High |               0.05 |             9.4 | u_network/u_features/u_pool1/collect[175]_i_1_n_0                                                                                                                                    |
| Medium           |                                  |      8 |              | Active High |               0.05 |             9.4 | u_network/u_features/u_pool1/collect[183]_i_1_n_0                                                                                                                                    |
| Medium           |                                  |      8 |              | Active High |               0.05 |             9.4 | u_network/u_features/u_pool1/collect[191]_i_2_n_0                                                                                                                                    |
| Medium           |                                  |      8 |              | Active High |               0.05 |             9.4 | u_network/u_features/u_pool1/collect[71]_i_1_n_0                                                                                                                                     |
| Medium           |                                  |      8 |              | Active High |               0.05 |             9.4 | u_network/u_features/u_pool1/collect[79]_i_1_n_0                                                                                                                                     |
| Medium           |                                  |      8 |              | Active High |               0.05 |             9.4 | u_network/u_features/u_pool1/collect[87]_i_1_n_0                                                                                                                                     |
| Medium           |                                  |      8 |              | Active High |               0.05 |             9.4 | u_network/u_features/u_pool1/collect[95]_i_2_n_0                                                                                                                                     |
| Medium           |                                  |      8 |              | Active High |               0.06 |            14.3 | u_network/u_features/u_pool1/rd_en                                                                                                                                                   |
| Medium           |                                  |      7 |              | Active High |               0.06 |            12.5 | u_network/u_features/u_block0/u_in/G_DSP_PARALLEL.u/spa_collect_pixel[110]                                                                                                           |
| Medium           |                                  |      7 |              | Active High |               0.06 |            12.5 | u_network/u_features/u_block0/u_in/G_DSP_PARALLEL.u/spa_collect_pixel[118]                                                                                                           |
| Medium           |                                  |      7 |              | Active High |               0.06 |            12.5 | u_network/u_features/u_block0/u_in/G_DSP_PARALLEL.u/spa_collect_pixel[126]                                                                                                           |
| Medium           |                                  |      7 |              | Active High |               0.06 |            12.5 | u_network/u_features/u_block0/u_in/G_DSP_PARALLEL.u/spa_collect_pixel[150]                                                                                                           |
| Medium           |                                  |      7 |              | Active High |               0.06 |            12.5 | u_network/u_features/u_block0/u_in/G_DSP_PARALLEL.u/spa_collect_pixel[174]                                                                                                           |
| Medium           |                                  |      7 |              | Active High |               0.06 |            12.5 | u_network/u_features/u_block0/u_in/G_DSP_PARALLEL.u/spa_collect_pixel[182]                                                                                                           |
| Medium           |                                  |      7 |              | Active High |               0.06 |            12.5 | u_network/u_features/u_block0/u_in/G_DSP_PARALLEL.u/spa_collect_pixel[190]                                                                                                           |
| Medium           |                                  |      7 |              | Active High |               0.06 |            12.5 | u_network/u_features/u_block0/u_in/G_DSP_PARALLEL.u/spa_collect_pixel[214]                                                                                                           |
| Medium           |                                  |      7 |              | Active High |               0.06 |            12.5 | u_network/u_features/u_block0/u_in/G_DSP_PARALLEL.u/spa_collect_pixel[22]                                                                                                            |
| Medium           |                                  |      7 |              | Active High |               0.06 |            12.5 | u_network/u_features/u_block0/u_in/G_DSP_PARALLEL.u/spa_collect_pixel[46]                                                                                                            |
| Medium           |                                  |      7 |              | Active High |               0.06 |            12.5 | u_network/u_features/u_block0/u_in/G_DSP_PARALLEL.u/spa_collect_pixel[54]                                                                                                            |
| Medium           |                                  |      7 |              | Active High |               0.06 |            12.5 | u_network/u_features/u_block0/u_in/G_DSP_PARALLEL.u/spa_collect_pixel[62]                                                                                                            |
| Medium           |                                  |      7 |              | Active High |               0.06 |            12.5 | u_network/u_features/u_block0/u_in/G_DSP_PARALLEL.u/spa_collect_pixel[86]                                                                                                            |
| Medium           |                                  |      7 | Reset        | Active High |               0.07 |            14.1 | u_network/u_features/u_block1/u_tail/u_post_ssm/u_spa_out_proj/GS.u/out_data[22]_i_1__2_n_0                                                                                          |
| Medium           |                                  |      7 | Reset        | Active High |               0.07 |            14.1 | u_network/u_features/u_block1/u_tail/u_post_ssm/u_spa_out_proj/GS.u/pack_relu[6]_i_1_n_0                                                                                             |
| Medium           |                                  |      7 |              | Active High |               0.03 |             6.2 | u_network/u_features/u_block2/u_conv/u_spa_conv1d/channel_acc[0]                                                                                                                     |
| Medium           |                                  |      7 |              | Active High |               0.03 |             6.2 | u_network/u_features/u_block2/u_conv/u_spa_conv1d/channel_l1[0]                                                                                                                      |
| Medium           |                                  |      7 |              | Active High |               0.03 |             6.2 | u_network/u_features/u_block2/u_conv/u_spa_conv1d/channel_l2[0]                                                                                                                      |
| Medium           |                                  |      7 |              | Active High |               0.03 |             6.2 | u_network/u_features/u_block2/u_conv/u_spa_conv1d/out_pixel_addr[3]_i_1_n_0                                                                                                          |
| Medium           |                                  |      7 |              | Active High |               0.03 |             6.2 | u_network/u_features/u_block2/u_conv/u_spa_conv1d/rq_valid_d0                                                                                                                        |
| Medium           |                                  |      7 |              | Active High |               0.03 |             6.2 | u_network/u_features/u_block2/u_conv/u_spa_conv1d/rq_valid_d1                                                                                                                        |
| Medium           |                                  |      7 |              | Active High |               0.03 |             6.2 | u_network/u_features/u_block2/u_conv/u_spa_conv1d/valid_acc                                                                                                                          |
| Medium           |                                  |      7 |              | Active High |               0.03 |             6.2 | u_network/u_features/u_block2/u_conv/u_spe_conv1d/channel_acc[0]                                                                                                                     |
| Medium           |                                  |      7 |              | Active High |               0.03 |             6.2 | u_network/u_features/u_block2/u_conv/u_spe_conv1d/channel_l1[0]                                                                                                                      |
| Medium           |                                  |      7 |              | Active High |               0.03 |             6.2 | u_network/u_features/u_block2/u_conv/u_spe_conv1d/channel_l2[0]                                                                                                                      |
| Medium           |                                  |      7 |              | Active High |               0.03 |             6.2 | u_network/u_features/u_block2/u_conv/u_spe_conv1d/out_pixel_addr[3]_i_1__0_n_0                                                                                                       |
| Medium           |                                  |      7 |              | Active High |               0.03 |             6.2 | u_network/u_features/u_block2/u_conv/u_spe_conv1d/rq_valid_d0                                                                                                                        |
| Medium           |                                  |      7 |              | Active High |               0.03 |             6.2 | u_network/u_features/u_block2/u_conv/u_spe_conv1d/rq_valid_d1                                                                                                                        |
| Medium           |                                  |      7 |              | Active High |               0.03 |             6.2 | u_network/u_features/u_block2/u_conv/u_spe_conv1d/valid_acc                                                                                                                          |
| Medium           |                                  |      7 |              | Active High |               0.05 |            10.9 | u_network/u_features/u_block2/u_tail/u_post_ssm/u_spa_out_proj/GS.u/out_pixel_addr[3]_i_2__2_n_0                                                                                     |
| Medium           |                                  |      6 |              | Active High |               0.06 |            12.5 | u_network/u_features/u_block0/u_in/G_DSP_PARALLEL.u/spa_collect_pixel[135]                                                                                                           |
| Medium           |                                  |      6 |              | Active High |               0.06 |            12.5 | u_network/u_features/u_block0/u_in/G_DSP_PARALLEL.u/spa_collect_pixel[71]                                                                                                            |
| Medium           |                                  |      6 |              | Active High |               0.06 |            12.5 | u_network/u_features/u_block0/u_in/G_DSP_PARALLEL.u/spa_collect_pixel[7]                                                                                                             |
| Medium           |                                  |      6 |              | Active High |               0.51 |            31.2 | u_network/u_features/u_block0/u_in/G_DSP_PARALLEL.u/step[5]_i_1_n_0                                                                                                                  |
| Medium           |                                  |      6 |              | Active High |               0.97 |             3.1 | u_network/u_features/u_block1/u_in/G_DSP_PARALLEL.u/CEA2                                                                                                                             |
| Medium           |                                  |      6 |              | Active High |               0.99 |             0.8 | u_network/u_features/u_block2/u_in/G_DSP_PARALLEL.u/CEA2                                                                                                                             |
| Medium           |                                  |      6 |              | Active High |               0.07 |            14.1 | u_network/u_features/u_block2/u_px/GS.u/c_pixel_addr[3]_i_1__0_n_0                                                                                                                   |
| Medium           |                                  |      6 |              | Active High |               0.05 |             9.6 | u_network/u_features/u_block2/u_tail/u_post_ssm/u_spe_out_proj/GS.u/out_pixel_addr[3]_i_2__1_n_0                                                                                     |
| Medium           |                                  |      5 |              | Active High |               0.06 |            12.5 | u_network/u_features/u_block0/u_in/G_DSP_PARALLEL.u/spa_collect_pixel[102]                                                                                                           |
| Medium           |                                  |      5 |              | Active High |               0.06 |            12.5 | u_network/u_features/u_block0/u_in/G_DSP_PARALLEL.u/spa_collect_pixel[166]                                                                                                           |
| Medium           |                                  |      5 |              | Active High |               0.06 |            12.5 | u_network/u_features/u_block0/u_in/G_DSP_PARALLEL.u/spa_collect_pixel[38]                                                                                                            |
| Medium           |                                  |      5 | Reset        | Active High |               0.06 |            12.5 | u_network/u_features/u_block0/u_tail/u_post_ssm/u_spa_out_proj/G0.u/RSTA                                                                                                             |
| Medium           |                                  |      5 |              | Active High |               0.99 |             0.8 | u_network/u_features/u_block1/u_sx/GS.u/chunk[0]                                                                                                                                     |
| Medium           |                                  |      5 |              | Active High |               1.00 |             0.0 | u_network/u_features/u_block1/u_tail/u_post_ssm/u_spa_out_proj/GS.u/chunk[4]_i_1__0_n_0                                                                                              |
| Medium           |                                  |      5 |              | Active High |               0.99 |             0.8 | u_network/u_features/u_block2/u_sx/GS.u/chunk[0]                                                                                                                                     |
| Medium           |                                  |      5 |              | Active High |               0.79 |            13.3 | u_network/u_features/u_block2/u_sx/GS.u/row[0]                                                                                                                                       |
| Medium           |                                  |      5 |              | Active High |               1.00 |             0.0 | u_network/u_features/u_block2/u_tail/u_post_ssm/u_spa_out_proj/GS.u/chunk[0]                                                                                                         |
| Medium           |                                  |      5 |              | Active High |               0.78 |            12.5 | u_network/u_features/u_block2/u_tail/u_post_ssm/u_spe_out_proj/GS.u/row[0]                                                                                                           |
| Medium           |                                  |      5 |              | Active High |               0.57 |             0.8 | u_network/u_head/head1_row_base[5]_i_1_n_0                                                                                                                                           |
| Medium           |                                  |      4 |              | Active High |               0.06 |            12.5 | u_network/u_features/u_block0/u_in/G_DSP_PARALLEL.u/spa_collect_pixel[199]                                                                                                           |
| Medium           |                                  |      4 |              | Active High |               0.25 |            25.0 | u_network/u_features/u_block0/u_in/G_DSP_PARALLEL.u/state__0                                                                                                                         |
| Medium           |                                  |      4 | BRAM Enable  | Active High |               0.25 |            50.0 | u_network/u_features/u_block0/u_px/G0.u/rd_en_reg_n_0                                                                                                                                |
| Medium           |                                  |      4 | Set          | Active High |               0.06 |            12.0 | u_network/u_features/u_block0/u_sx/G0.u/G_X_VALID_BANK[1].u_partial_valid_buffer/u_control_lut_0                                                                                     |
| Medium           |                                  |      4 | Set          | Active High |               0.06 |            11.9 | u_network/u_features/u_block0/u_sx/G0.u/G_X_VALID_BANK[1].u_partial_valid_buffer/u_control_lut_1                                                                                     |
| Medium           |                                  |      4 | Set          | Active High |               0.06 |            11.6 | u_network/u_features/u_block0/u_sx/G0.u/G_X_VALID_BANK[1].u_partial_valid_buffer/u_control_lut_2                                                                                     |
| Medium           |                                  |      4 | Set          | Active High |               0.06 |            12.2 | u_network/u_features/u_block0/u_sx/G0.u/G_X_VALID_BANK[1].u_partial_valid_buffer/u_control_lut_3                                                                                     |
| Medium           |                                  |      4 | Set          | Active High |               0.06 |            12.3 | u_network/u_features/u_block0/u_sx/G0.u/G_X_VALID_BANK[1].u_partial_valid_buffer/u_control_lut_4                                                                                     |
| Medium           |                                  |      4 | Set          | Active High |               0.06 |            12.2 | u_network/u_features/u_block0/u_sx/G0.u/G_X_VALID_BANK[2].u_partial_valid_buffer/u_control_lut_1                                                                                     |
| Medium           |                                  |      4 | Set          | Active High |               0.06 |            11.9 | u_network/u_features/u_block0/u_sx/G0.u/G_X_VALID_BANK[2].u_partial_valid_buffer/u_control_lut_2                                                                                     |
| Medium           |                                  |      4 | Set          | Active High |               0.06 |            12.1 | u_network/u_features/u_block0/u_sx/G0.u/G_X_VALID_BANK[2].u_partial_valid_buffer/u_control_lut_5                                                                                     |
| Medium           |                                  |      4 | Set          | Active High |               0.06 |            12.3 | u_network/u_features/u_block0/u_sx/G0.u/G_X_VALID_BANK[2].u_partial_valid_buffer/u_control_lut_6                                                                                     |
| Medium           |                                  |      4 | Reset        | Active High |               0.06 |            12.5 | u_network/u_features/u_block0/u_tail/u_both_ssm/u_spa_ssm/G0_FUSED.u/request_group[3]_i_1_n_0                                                                                        |
| Medium           |                                  |      4 |              | Active High |               0.06 |             3.7 | u_network/u_features/u_block1/u_in/G_DSP_PARALLEL.u/state                                                                                                                            |
| Medium           |                                  |      4 |              | Active High |               0.17 |             3.3 | u_network/u_features/u_block1/u_px/GS.u/FSM_onehot_state[3]_i_1__0_n_0                                                                                                               |
| Medium           |                                  |      4 |              | Active High |               1.00 |             0.4 | u_network/u_features/u_block1/u_px/GS.u/row[0]                                                                                                                                       |
| Medium           |                                  |      4 |              | Active High |               0.17 |             5.5 | u_network/u_features/u_block1/u_sx/GS.u/FSM_onehot_state[3]_i_1_n_0                                                                                                                  |
| Medium           |                                  |      4 |              | Active High |               0.57 |            28.1 | u_network/u_features/u_block1/u_sx/GS.u/row[0]                                                                                                                                       |
| Medium           |                                  |      4 |              | Active High |               0.25 |            50.0 | u_network/u_features/u_block1/u_tail/u_post_ssm/u_spa_out_proj/GS.u/row[0]                                                                                                           |
| Medium           |                                  |      4 |              | Active High |               0.21 |            10.6 | u_network/u_features/u_block1/u_tail/u_post_ssm/u_spe_out_proj/GS.u/FSM_onehot_state[3]_i_2__1_n_0                                                                                   |
| Medium           |                                  |      4 |              | Active High |               0.95 |             4.7 | u_network/u_features/u_block1/u_tail/u_post_ssm/u_spe_out_proj/GS.u/chunk[0]                                                                                                         |
| Medium           |                                  |      4 |              | Active High |               0.70 |            50.0 | u_network/u_features/u_block1/u_tail/u_post_ssm/u_spe_out_proj/GS.u/row[0]                                                                                                           |
| Medium           |                                  |      4 |              | Active High |               0.25 |             1.6 | u_network/u_features/u_block2/u_px/GS.u/FSM_onehot_state[3]_i_1__0_n_0                                                                                                               |
| Medium           |                                  |      4 |              | Active High |               0.85 |            28.1 | u_network/u_features/u_block2/u_px/GS.u/row[0]                                                                                                                                       |
| Medium           |                                  |      4 |              | Active High |               1.00 |             0.0 | u_network/u_features/u_block2/u_sx/GS.u/FSM_onehot_state[3]_i_1_n_0                                                                                                                  |
| Medium           |                                  |      4 | Set          | Active High |               0.06 |            11.2 | u_network/u_features/u_block2/u_tail/u_both_ssm/u_spa_ssm/GS_FUSED.u/G_D_READOUT.u_d_lut/u_control_lut                                                                               |
| Medium           |                                  |      4 |              | Active High |               0.81 |            12.5 | u_network/u_features/u_block2/u_tail/u_post_ssm/u_spa_out_proj/GS.u/row[0]                                                                                                           |
| Medium           |                                  |      4 |              | Active High |               0.27 |             5.8 | u_network/u_features/u_block2/u_tail/u_post_ssm/u_spe_out_proj/GS.u/FSM_onehot_state[3]_i_2__1_n_0                                                                                   |
| Medium           |                                  |      4 |              | Active High |               0.97 |             3.1 | u_network/u_features/u_block2/u_tail/u_post_ssm/u_spe_out_proj/GS.u/chunk[0]                                                                                                         |
| Medium           |                                  |      3 |              | Active High |               0.25 |            35.7 | u_network/u_features/u_block0/u_px/G0.u/FSM_onehot_state[2]_i_1_n_0                                                                                                                  |
| Medium           |                                  |      3 |              | Active High |               0.50 |            12.5 | u_network/u_features/u_block0/u_sdt/active_reg_n_0                                                                                                                                   |
| Medium           |                                  |      3 | Reset        | Active High |               0.06 |            12.5 | u_network/u_features/u_block0/u_sx/G0.u/rst_q_reg[0]                                                                                                                                 |
| Medium           |                                  |      3 |              | Active High |               0.50 |            12.5 | u_network/u_features/u_block0/u_sx/G0.u/u_stream_active                                                                                                                              |
| Medium           |                                  |      3 | Reset        | Active High |               0.06 |            12.5 | u_network/u_features/u_block0/u_sx/G0.u/u_stream_group[1]_i_1_n_0                                                                                                                    |
| Medium           |                                  |      3 |              | Active High |               0.12 |             3.1 | u_network/u_features/u_block1/u_sdt/active_reg_n_0                                                                                                                                   |
| Medium           |                                  |      3 |              | Active High |               0.03 |             0.8 | u_network/u_features/u_block2/u_sdt/active_reg_n_0                                                                                                                                   |
| Medium           |                                  |      3 |              | Active High |               0.50 |             0.2 | u_network/u_features/u_patch/FSM_sequential_state[2]_i_2_n_0                                                                                                                         |
| Medium           |                                  |      3 |              | Active High |               1.00 |             0.1 | u_network/u_features/u_patch/group_issue[0]                                                                                                                                          |
| Medium           |                                  |      3 |              | Active High |               0.86 |             3.1 | u_network/u_features/u_pool1/out_beat[0]                                                                                                                                             |
| Medium           |                                  |      3 |              | Active High |               0.96 |             0.8 | u_network/u_features/u_pool2/out_beat[0]                                                                                                                                             |
| Medium           |                                  |      3 |              | Active High |               0.57 |             0.8 | u_network/u_head/head2_class_base[3]_i_1_n_0                                                                                                                                         |
| Medium           |                                  |      2 |              | Active High |               0.06 |            12.5 | u_network/u_features/u_block0/u_conv/u_spa_conv1d/E[0]                                                                                                                               |
| Medium           |                                  |      2 |              | Active High |               0.06 |            12.5 | u_network/u_features/u_block0/u_in/G_DSP_PARALLEL.u/spa_collect_pixel[161]                                                                                                           |
| Medium           |                                  |      2 |              | Active High |               0.06 |            12.5 | u_network/u_features/u_block0/u_in/G_DSP_PARALLEL.u/spa_collect_pixel[195]                                                                                                           |
| Medium           |                                  |      2 |              | Active High |               0.06 |            12.5 | u_network/u_features/u_block0/u_in/G_DSP_PARALLEL.u/spa_collect_pixel[33]                                                                                                            |
| Medium           |                                  |      2 |              | Active High |               0.06 |            12.5 | u_network/u_features/u_block0/u_in/G_DSP_PARALLEL.u/spa_collect_pixel[97]                                                                                                            |
| Medium           |                                  |      2 |              | Active High |               0.81 |            12.4 | u_network/u_features/u_block0/u_px/G0.u/row_base[0]                                                                                                                                  |
| Medium           |                                  |      2 |              | Active High |               0.52 |             2.0 | u_network/u_features/u_block2/u_tail/u_post_ssm/u_spa_out_proj/GS.u/FSM_sequential_state[1]_i_2__0_n_0                                                                               |
| Medium           |                                  |      2 |              | Active High |               0.59 |             0.8 | u_network/u_head/head2_subchunk[1]_i_1_n_0                                                                                                                                           |
| Medium           |                                  |      1 |              | Active High |               0.06 |            12.5 | u_network/u_features/u_block0/u_in/G_DSP_PARALLEL.u/spa_collect_pixel[103]                                                                                                           |
| Medium           |                                  |      1 |              | Active High |               0.06 |            12.5 | u_network/u_features/u_block0/u_in/G_DSP_PARALLEL.u/spa_collect_pixel[111]                                                                                                           |
| Medium           |                                  |      1 |              | Active High |               0.06 |            12.5 | u_network/u_features/u_block0/u_in/G_DSP_PARALLEL.u/spa_collect_pixel[119]                                                                                                           |
| Medium           |                                  |      1 |              | Active High |               0.06 |            12.5 | u_network/u_features/u_block0/u_in/G_DSP_PARALLEL.u/spa_collect_pixel[127]                                                                                                           |
| Medium           |                                  |      1 |              | Active High |               0.06 |            12.5 | u_network/u_features/u_block0/u_in/G_DSP_PARALLEL.u/spa_collect_pixel[128]                                                                                                           |
| Medium           |                                  |      1 |              | Active High |               0.06 |            12.5 | u_network/u_features/u_block0/u_in/G_DSP_PARALLEL.u/spa_collect_pixel[129]                                                                                                           |
| Medium           |                                  |      1 |              | Active High |               0.06 |            12.5 | u_network/u_features/u_block0/u_in/G_DSP_PARALLEL.u/spa_collect_pixel[151]                                                                                                           |
| Medium           |                                  |      1 |              | Active High |               0.06 |            12.5 | u_network/u_features/u_block0/u_in/G_DSP_PARALLEL.u/spa_collect_pixel[167]                                                                                                           |
| Medium           |                                  |      1 |              | Active High |               0.06 |            12.5 | u_network/u_features/u_block0/u_in/G_DSP_PARALLEL.u/spa_collect_pixel[175]                                                                                                           |
| Medium           |                                  |      1 |              | Active High |               0.06 |            12.5 | u_network/u_features/u_block0/u_in/G_DSP_PARALLEL.u/spa_collect_pixel[183]                                                                                                           |
| Medium           |                                  |      1 |              | Active High |               0.06 |            12.5 | u_network/u_features/u_block0/u_in/G_DSP_PARALLEL.u/spa_collect_pixel[191]                                                                                                           |
| Medium           |                                  |      1 |              | Active High |               0.06 |            12.5 | u_network/u_features/u_block0/u_in/G_DSP_PARALLEL.u/spa_collect_pixel[192]                                                                                                           |
| Medium           |                                  |      1 |              | Active High |               0.06 |            12.5 | u_network/u_features/u_block0/u_in/G_DSP_PARALLEL.u/spa_collect_pixel[193]                                                                                                           |
| Medium           |                                  |      1 |              | Active High |               0.06 |            12.5 | u_network/u_features/u_block0/u_in/G_DSP_PARALLEL.u/spa_collect_pixel[215]                                                                                                           |
| Medium           |                                  |      1 |              | Active High |               0.06 |            12.5 | u_network/u_features/u_block0/u_in/G_DSP_PARALLEL.u/spa_collect_pixel[23]                                                                                                            |
| Medium           |                                  |      1 |              | Active High |               0.06 |            12.5 | u_network/u_features/u_block0/u_in/G_DSP_PARALLEL.u/spa_collect_pixel[39]                                                                                                            |
| Medium           |                                  |      1 |              | Active High |               0.06 |            12.5 | u_network/u_features/u_block0/u_in/G_DSP_PARALLEL.u/spa_collect_pixel[47]                                                                                                            |
| Medium           |                                  |      1 |              | Active High |               0.06 |            12.5 | u_network/u_features/u_block0/u_in/G_DSP_PARALLEL.u/spa_collect_pixel[55]                                                                                                            |
| Medium           |                                  |      1 |              | Active High |               0.06 |            12.5 | u_network/u_features/u_block0/u_in/G_DSP_PARALLEL.u/spa_collect_pixel[63]                                                                                                            |
| Medium           |                                  |      1 |              | Active High |               0.06 |            12.5 | u_network/u_features/u_block0/u_in/G_DSP_PARALLEL.u/spa_collect_pixel[64]                                                                                                            |
| Medium           |                                  |      1 |              | Active High |               0.06 |            12.5 | u_network/u_features/u_block0/u_in/G_DSP_PARALLEL.u/spa_collect_pixel[65]                                                                                                            |
| Medium           |                                  |      1 |              | Active High |               0.06 |            12.5 | u_network/u_features/u_block0/u_in/G_DSP_PARALLEL.u/spa_collect_pixel[87]                                                                                                            |
| High             |                                  |    441 | Reset/Set    | Active High |               0.00 |             0.0 | u_network/u_features/u_block1/u_sx/GS.u/u_dot/block_frame_start_q_reg                                                                                                                |
| High             |                                  |    420 | Reset/Set    | Active High |               0.00 |             0.0 | u_network/u_features/u_block2/u_px/GS.u/GEN_DOT8_SCALED.G[0].u_dot/block_frame_start_q_reg                                                                                           |
| High             |                                  |    371 | Reset/Set    | Active High |               0.00 |             0.0 | u_network/u_features/u_block0/u_sx/G0.u/G_X_PAIR[0].u_dot4_pair/block_frame_start_q_reg                                                                                              |
| High             |                                  |    193 | Set/Reset    | Active High |               0.00 |             0.0 | u_network/u_head/u_dot_pair/v6                                                                                                                                                       |
| High             |                                  |    175 | Reset        | Active High |               0.00 |             0.0 | u_network/u_features/u_block1/u_tail/u_both_ssm/u_spe_ssm/G1_SPE_DUAL.u/u_lower_frame_start_buffer/u_records_ready0                                                                  |
| High             |                                  |    174 | Reset        | Active High |               0.00 |             0.0 | u_network/u_features/u_block1/u_tail/u_both_ssm/u_spa_frame_start_buffer/u_records_ready0                                                                                            |
| High             |                                  |    174 | Reset        | Active High |               0.00 |             0.0 | u_network/u_features/u_block1/u_tail/u_both_ssm/u_spe_ssm/G1_SPE_DUAL.u/u_upper_frame_start_buffer/u_records_ready0                                                                  |
| High             |                                  |    174 | Reset        | Active High |               0.00 |             0.0 | u_network/u_features/u_block2/u_tail/u_both_ssm/u_spa_frame_start_buffer/u_records_ready0                                                                                            |
| High             |                                  |    174 | Reset        | Active High |               0.00 |             0.0 | u_network/u_features/u_block2/u_tail/u_both_ssm/u_spe_frame_start_buffer/u_records_ready0                                                                                            |
| High             |                                  |    134 | Reset        | Active High |               0.00 |             0.0 | u_network/u_features/u_block2/u_tail/u_post_ssm/u_residual_fusion/u_block_residual/fusion_frame_start_q_reg                                                                          |
| High             |                                  |    132 | Reset        | Active High |               0.00 |             0.0 | u_network/u_features/u_block0/u_tail/u_post_ssm/u_residual_fusion/u_block_residual/fusion_frame_start_q_reg                                                                          |
| High             |                                  |    132 | Reset        | Active High |               0.00 |             0.0 | u_network/u_features/u_block1/u_tail/u_post_ssm/u_residual_fusion/u_block_residual/fusion_frame_start_q_reg                                                                          |
| High             |                                  |    114 | Reset        | Active High |               0.00 |             0.0 | u_network/u_features/u_block0/u_tail/u_both_ssm/u_spa_frame_start_buffer/stream_b_ready0                                                                                             |
| High             |                                  |     95 | Set/Reset    | Active High |               0.00 |             0.0 | u_network/u_features/u_block1/u_tail/u_post_ssm/u_spe_out_proj/GS.u/G_DOT16_FAST.u_dot/bias_result_valid                                                                             |
| High             |                                  |     94 | Reset        | Active High |               0.00 |             0.0 | u_network/u_features/u_block1/u_tail/u_post_ssm/u_spa_out_proj/GS.u/u_dot/bias_result_valid                                                                                          |
| High             |                                  |     94 | Set/Reset    | Active High |               0.00 |             0.0 | u_network/u_features/u_pool2/out_valid_i_1_n_0                                                                                                                                       |
| High             |                                  |     93 | Set/Reset    | Active High |               0.00 |             0.0 | u_network/u_features/u_block2/u_tail/u_post_ssm/u_spe_out_proj/GS.u/G_DOT8_SCALED.u_dot/bias_result_valid                                                                            |
| High             |                                  |     92 | Set/Reset    | Active High |               0.00 |             0.0 | u_network/u_features/u_pool1/out_valid_i_1_n_0                                                                                                                                       |
| High             |                                  |     90 | Reset        | Active High |               0.00 |             0.0 | u_network/u_features/u_block2/u_tail/u_post_ssm/u_spa_out_proj/GS.u/u_dot/spa_out_frame_start_q_reg                                                                                  |
| High             |                                  |     89 | Reset        | Active High |               0.00 |             0.0 | u_network/u_features/u_block0/u_conv/u_spa_conv1d/i___63_n_0                                                                                                                         |
| High             |                                  |     88 | Reset        | Active High |               0.00 |             0.0 | u_network/u_features/u_block0/u_conv/u_spe_conv1d/i___64_n_0                                                                                                                         |
| High             |                                  |     82 | Reset        | Active High |               0.00 |             0.0 | u_network/u_features/u_block0/u_tail/u_both_ssm/u_spe_frame_start_buffer/SR[0]                                                                                                       |
| High             |                                  |     78 | Reset        | Active High |               0.00 |             0.0 | u_network/u_features/u_block0/u_tail/u_post_ssm/u_spa_out_proj/G0.u/G_O_PAIR[0].u_dot4_pair/spa_out_frame_start_q_reg                                                                |
| High             |                                  |     74 | Reset        | Active High |               0.00 |             0.0 | u_network/u_features/u_block1/u_conv/u_spa_conv1d/i___64_n_0                                                                                                                         |
| High             |                                  |     74 | Reset        | Active High |               0.00 |             0.0 | u_network/u_features/u_block1/u_conv/u_spe_conv1d/i___64_n_0                                                                                                                         |
| High             |                                  |     60 | Reset        | Active High |               0.00 |             0.0 | u_network/u_features/u_block2/u_conv/u_spa_conv1d/i___64_n_0                                                                                                                         |
| High             |                                  |     60 | Reset        | Active High |               0.00 |             0.0 | u_network/u_features/u_block2/u_conv/u_spe_conv1d/i___64_n_0                                                                                                                         |
| High             |                                  |     32 | Reset/Set    | Active High |               0.00 |             0.0 | u_network/u_features/u_block1/u_tail/u_both_ssm/u_spa_ssm/GS_FUSED.u/G_SCALED_BANKED.G_STATE_BANK[0].u_local_bank/GEN_STATE[0].u_fused_update/round_shift24_to_int3231[0]            |
| High             |                                  |     32 | Reset/Set    | Active High |               0.00 |             0.0 | u_network/u_features/u_block1/u_tail/u_both_ssm/u_spa_ssm/GS_FUSED.u/G_SCALED_BANKED.G_STATE_BANK[0].u_local_bank/GEN_STATE[1].u_fused_update/round_shift24_to_int3232[0]            |
| High             |                                  |     32 | Reset/Set    | Active High |               0.00 |             0.0 | u_network/u_features/u_block1/u_tail/u_both_ssm/u_spa_ssm/GS_FUSED.u/G_SCALED_BANKED.G_STATE_BANK[0].u_local_bank/GEN_STATE[2].u_fused_update/round_shift24_to_int3233[0]            |
| High             |                                  |     32 | Reset/Set    | Active High |               0.00 |             0.1 | u_network/u_features/u_block1/u_tail/u_both_ssm/u_spa_ssm/GS_FUSED.u/G_SCALED_BANKED.G_STATE_BANK[0].u_local_bank/GEN_STATE[3].u_fused_update/round_shift24_to_int3234[0]            |
| High             |                                  |     32 | Reset/Set    | Active High |               0.00 |             0.0 | u_network/u_features/u_block1/u_tail/u_both_ssm/u_spa_ssm/GS_FUSED.u/G_SCALED_BANKED.G_STATE_BANK[1].u_local_bank/GEN_STATE[0].u_fused_update/round_shift24_to_int3235[0]            |
| High             |                                  |     32 | Reset/Set    | Active High |               0.00 |             0.0 | u_network/u_features/u_block1/u_tail/u_both_ssm/u_spa_ssm/GS_FUSED.u/G_SCALED_BANKED.G_STATE_BANK[1].u_local_bank/GEN_STATE[1].u_fused_update/round_shift24_to_int3236[0]            |
| High             |                                  |     32 | Reset/Set    | Active High |               0.00 |             0.0 | u_network/u_features/u_block1/u_tail/u_both_ssm/u_spa_ssm/GS_FUSED.u/G_SCALED_BANKED.G_STATE_BANK[1].u_local_bank/GEN_STATE[2].u_fused_update/round_shift24_to_int3237[0]            |
| High             |                                  |     32 | Reset/Set    | Active High |               0.00 |             0.1 | u_network/u_features/u_block1/u_tail/u_both_ssm/u_spa_ssm/GS_FUSED.u/G_SCALED_BANKED.G_STATE_BANK[1].u_local_bank/GEN_STATE[3].u_fused_update/round_shift24_to_int3238[0]            |
| High             |                                  |     32 | Reset/Set    | Active High |               0.00 |             0.0 | u_network/u_features/u_block1/u_tail/u_both_ssm/u_spa_ssm/GS_FUSED.u/G_SCALED_BANKED.G_STATE_BANK[2].u_local_bank/GEN_STATE[0].u_fused_update/round_shift24_to_int3239[0]            |
| High             |                                  |     32 | Reset/Set    | Active High |               0.00 |             0.1 | u_network/u_features/u_block1/u_tail/u_both_ssm/u_spa_ssm/GS_FUSED.u/G_SCALED_BANKED.G_STATE_BANK[2].u_local_bank/GEN_STATE[1].u_fused_update/round_shift24_to_int3240[0]            |
| High             |                                  |     32 | Reset/Set    | Active High |               0.00 |             0.1 | u_network/u_features/u_block1/u_tail/u_both_ssm/u_spa_ssm/GS_FUSED.u/G_SCALED_BANKED.G_STATE_BANK[2].u_local_bank/GEN_STATE[2].u_fused_update/round_shift24_to_int3241[0]            |
| High             |                                  |     32 | Reset/Set    | Active High |               0.00 |             0.1 | u_network/u_features/u_block1/u_tail/u_both_ssm/u_spa_ssm/GS_FUSED.u/G_SCALED_BANKED.G_STATE_BANK[2].u_local_bank/GEN_STATE[3].u_fused_update/round_shift24_to_int3242[0]            |
| High             |                                  |     32 | Reset/Set    | Active High |               0.00 |             0.0 | u_network/u_features/u_block1/u_tail/u_both_ssm/u_spa_ssm/GS_FUSED.u/G_SCALED_BANKED.G_STATE_BANK[3].u_local_bank/GEN_STATE[0].u_fused_update/round_shift24_to_int3243[0]            |
| High             |                                  |     32 | Reset/Set    | Active High |               0.00 |             0.0 | u_network/u_features/u_block1/u_tail/u_both_ssm/u_spa_ssm/GS_FUSED.u/G_SCALED_BANKED.G_STATE_BANK[3].u_local_bank/GEN_STATE[1].u_fused_update/round_shift24_to_int3244[0]            |
| High             |                                  |     32 | Reset/Set    | Active High |               0.00 |             0.2 | u_network/u_features/u_block1/u_tail/u_both_ssm/u_spa_ssm/GS_FUSED.u/G_SCALED_BANKED.G_STATE_BANK[3].u_local_bank/GEN_STATE[2].u_fused_update/round_shift24_to_int3245[0]            |
| High             |                                  |     32 | Reset/Set    | Active High |               0.00 |             0.0 | u_network/u_features/u_block1/u_tail/u_both_ssm/u_spa_ssm/GS_FUSED.u/G_SCALED_BANKED.G_STATE_BANK[3].u_local_bank/GEN_STATE[3].u_fused_update/round_shift24_to_int3246[0]            |
| High             |                                  |     32 | Reset/Set    | Active High |               0.00 |             0.0 | u_network/u_features/u_block1/u_tail/u_both_ssm/u_spe_ssm/G1_SPE_DUAL.u/u_lower/G_SCALED_BANKED.G_STATE_BANK[0].u_local_bank/GEN_STATE[0].u_fused_update/round_shift24_to_int3247[0] |
| High             |                                  |     32 | Reset/Set    | Active High |               0.00 |             0.0 | u_network/u_features/u_block1/u_tail/u_both_ssm/u_spe_ssm/G1_SPE_DUAL.u/u_lower/G_SCALED_BANKED.G_STATE_BANK[0].u_local_bank/GEN_STATE[1].u_fused_update/round_shift24_to_int3248[0] |
| High             |                                  |     32 | Reset/Set    | Active High |               0.00 |             0.0 | u_network/u_features/u_block1/u_tail/u_both_ssm/u_spe_ssm/G1_SPE_DUAL.u/u_lower/G_SCALED_BANKED.G_STATE_BANK[0].u_local_bank/GEN_STATE[2].u_fused_update/round_shift24_to_int3249[0] |
| High             |                                  |     32 | Reset/Set    | Active High |               0.00 |             0.0 | u_network/u_features/u_block1/u_tail/u_both_ssm/u_spe_ssm/G1_SPE_DUAL.u/u_lower/G_SCALED_BANKED.G_STATE_BANK[0].u_local_bank/GEN_STATE[3].u_fused_update/round_shift24_to_int3250[0] |
| High             |                                  |     32 | Reset/Set    | Active High |               0.00 |             0.0 | u_network/u_features/u_block1/u_tail/u_both_ssm/u_spe_ssm/G1_SPE_DUAL.u/u_lower/G_SCALED_BANKED.G_STATE_BANK[1].u_local_bank/GEN_STATE[0].u_fused_update/round_shift24_to_int3251[0] |
| High             |                                  |     32 | Reset/Set    | Active High |               0.00 |             0.0 | u_network/u_features/u_block1/u_tail/u_both_ssm/u_spe_ssm/G1_SPE_DUAL.u/u_lower/G_SCALED_BANKED.G_STATE_BANK[1].u_local_bank/GEN_STATE[1].u_fused_update/round_shift24_to_int3252[0] |
| High             |                                  |     32 | Reset/Set    | Active High |               0.00 |             0.0 | u_network/u_features/u_block1/u_tail/u_both_ssm/u_spe_ssm/G1_SPE_DUAL.u/u_lower/G_SCALED_BANKED.G_STATE_BANK[1].u_local_bank/GEN_STATE[2].u_fused_update/round_shift24_to_int3253[0] |
| High             |                                  |     32 | Reset/Set    | Active High |               0.00 |             0.0 | u_network/u_features/u_block1/u_tail/u_both_ssm/u_spe_ssm/G1_SPE_DUAL.u/u_lower/G_SCALED_BANKED.G_STATE_BANK[1].u_local_bank/GEN_STATE[3].u_fused_update/round_shift24_to_int3254[0] |
| High             |                                  |     32 | Reset/Set    | Active High |               0.00 |             0.0 | u_network/u_features/u_block1/u_tail/u_both_ssm/u_spe_ssm/G1_SPE_DUAL.u/u_lower/G_SCALED_BANKED.G_STATE_BANK[2].u_local_bank/GEN_STATE[0].u_fused_update/round_shift24_to_int3255[0] |
| High             |                                  |     32 | Reset/Set    | Active High |               0.00 |             0.0 | u_network/u_features/u_block1/u_tail/u_both_ssm/u_spe_ssm/G1_SPE_DUAL.u/u_lower/G_SCALED_BANKED.G_STATE_BANK[2].u_local_bank/GEN_STATE[1].u_fused_update/round_shift24_to_int3256[0] |
| High             |                                  |     32 | Reset/Set    | Active High |               0.00 |             0.0 | u_network/u_features/u_block1/u_tail/u_both_ssm/u_spe_ssm/G1_SPE_DUAL.u/u_lower/G_SCALED_BANKED.G_STATE_BANK[2].u_local_bank/GEN_STATE[2].u_fused_update/round_shift24_to_int3257[0] |
| High             |                                  |     32 | Reset/Set    | Active High |               0.00 |             0.0 | u_network/u_features/u_block1/u_tail/u_both_ssm/u_spe_ssm/G1_SPE_DUAL.u/u_lower/G_SCALED_BANKED.G_STATE_BANK[2].u_local_bank/GEN_STATE[3].u_fused_update/round_shift24_to_int3258[0] |
| High             |                                  |     32 | Reset/Set    | Active High |               0.00 |             0.0 | u_network/u_features/u_block1/u_tail/u_both_ssm/u_spe_ssm/G1_SPE_DUAL.u/u_lower/G_SCALED_BANKED.G_STATE_BANK[3].u_local_bank/GEN_STATE[0].u_fused_update/round_shift24_to_int3259[0] |
| High             |                                  |     32 | Reset/Set    | Active High |               0.00 |             0.0 | u_network/u_features/u_block1/u_tail/u_both_ssm/u_spe_ssm/G1_SPE_DUAL.u/u_lower/G_SCALED_BANKED.G_STATE_BANK[3].u_local_bank/GEN_STATE[1].u_fused_update/round_shift24_to_int3260[0] |
| High             |                                  |     32 | Reset/Set    | Active High |               0.00 |             0.0 | u_network/u_features/u_block1/u_tail/u_both_ssm/u_spe_ssm/G1_SPE_DUAL.u/u_lower/G_SCALED_BANKED.G_STATE_BANK[3].u_local_bank/GEN_STATE[2].u_fused_update/round_shift24_to_int3261[0] |
| High             |                                  |     32 | Reset/Set    | Active High |               0.00 |             0.0 | u_network/u_features/u_block1/u_tail/u_both_ssm/u_spe_ssm/G1_SPE_DUAL.u/u_lower/G_SCALED_BANKED.G_STATE_BANK[3].u_local_bank/GEN_STATE[3].u_fused_update/round_shift24_to_int3262[0] |
| High             |                                  |     32 | Reset/Set    | Active High |               0.00 |             0.0 | u_network/u_features/u_block1/u_tail/u_both_ssm/u_spe_ssm/G1_SPE_DUAL.u/u_upper/G_SCALED_BANKED.G_STATE_BANK[0].u_local_bank/GEN_STATE[0].u_fused_update/round_shift24_to_int3247[0] |
| High             |                                  |     32 | Reset/Set    | Active High |               0.00 |             0.0 | u_network/u_features/u_block1/u_tail/u_both_ssm/u_spe_ssm/G1_SPE_DUAL.u/u_upper/G_SCALED_BANKED.G_STATE_BANK[0].u_local_bank/GEN_STATE[1].u_fused_update/round_shift24_to_int3248[0] |
| High             |                                  |     32 | Reset/Set    | Active High |               0.00 |             0.0 | u_network/u_features/u_block1/u_tail/u_both_ssm/u_spe_ssm/G1_SPE_DUAL.u/u_upper/G_SCALED_BANKED.G_STATE_BANK[0].u_local_bank/GEN_STATE[2].u_fused_update/round_shift24_to_int3249[0] |
| High             |                                  |     32 | Reset/Set    | Active High |               0.00 |             0.0 | u_network/u_features/u_block1/u_tail/u_both_ssm/u_spe_ssm/G1_SPE_DUAL.u/u_upper/G_SCALED_BANKED.G_STATE_BANK[0].u_local_bank/GEN_STATE[3].u_fused_update/round_shift24_to_int3250[0] |
| High             |                                  |     32 | Reset/Set    | Active High |               0.00 |             0.0 | u_network/u_features/u_block1/u_tail/u_both_ssm/u_spe_ssm/G1_SPE_DUAL.u/u_upper/G_SCALED_BANKED.G_STATE_BANK[1].u_local_bank/GEN_STATE[0].u_fused_update/round_shift24_to_int3251[0] |
| High             |                                  |     32 | Reset/Set    | Active High |               0.00 |             0.0 | u_network/u_features/u_block1/u_tail/u_both_ssm/u_spe_ssm/G1_SPE_DUAL.u/u_upper/G_SCALED_BANKED.G_STATE_BANK[1].u_local_bank/GEN_STATE[1].u_fused_update/round_shift24_to_int3252[0] |
| High             |                                  |     32 | Reset/Set    | Active High |               0.00 |             0.0 | u_network/u_features/u_block1/u_tail/u_both_ssm/u_spe_ssm/G1_SPE_DUAL.u/u_upper/G_SCALED_BANKED.G_STATE_BANK[1].u_local_bank/GEN_STATE[2].u_fused_update/round_shift24_to_int3253[0] |
| High             |                                  |     32 | Reset/Set    | Active High |               0.00 |             0.0 | u_network/u_features/u_block1/u_tail/u_both_ssm/u_spe_ssm/G1_SPE_DUAL.u/u_upper/G_SCALED_BANKED.G_STATE_BANK[1].u_local_bank/GEN_STATE[3].u_fused_update/round_shift24_to_int3254[0] |
| High             |                                  |     32 | Reset/Set    | Active High |               0.00 |             0.0 | u_network/u_features/u_block1/u_tail/u_both_ssm/u_spe_ssm/G1_SPE_DUAL.u/u_upper/G_SCALED_BANKED.G_STATE_BANK[2].u_local_bank/GEN_STATE[0].u_fused_update/round_shift24_to_int3255[0] |
| High             |                                  |     32 | Reset/Set    | Active High |               0.00 |             0.0 | u_network/u_features/u_block1/u_tail/u_both_ssm/u_spe_ssm/G1_SPE_DUAL.u/u_upper/G_SCALED_BANKED.G_STATE_BANK[2].u_local_bank/GEN_STATE[1].u_fused_update/round_shift24_to_int3256[0] |
| High             |                                  |     32 | Reset/Set    | Active High |               0.00 |             0.0 | u_network/u_features/u_block1/u_tail/u_both_ssm/u_spe_ssm/G1_SPE_DUAL.u/u_upper/G_SCALED_BANKED.G_STATE_BANK[2].u_local_bank/GEN_STATE[2].u_fused_update/round_shift24_to_int3257[0] |
| High             |                                  |     32 | Reset/Set    | Active High |               0.00 |             0.0 | u_network/u_features/u_block1/u_tail/u_both_ssm/u_spe_ssm/G1_SPE_DUAL.u/u_upper/G_SCALED_BANKED.G_STATE_BANK[2].u_local_bank/GEN_STATE[3].u_fused_update/round_shift24_to_int3258[0] |
| High             |                                  |     32 | Reset/Set    | Active High |               0.00 |             0.0 | u_network/u_features/u_block1/u_tail/u_both_ssm/u_spe_ssm/G1_SPE_DUAL.u/u_upper/G_SCALED_BANKED.G_STATE_BANK[3].u_local_bank/GEN_STATE[0].u_fused_update/round_shift24_to_int3259[0] |
| High             |                                  |     32 | Reset/Set    | Active High |               0.00 |             0.0 | u_network/u_features/u_block1/u_tail/u_both_ssm/u_spe_ssm/G1_SPE_DUAL.u/u_upper/G_SCALED_BANKED.G_STATE_BANK[3].u_local_bank/GEN_STATE[1].u_fused_update/round_shift24_to_int3260[0] |
| High             |                                  |     32 | Reset/Set    | Active High |               0.00 |             0.0 | u_network/u_features/u_block1/u_tail/u_both_ssm/u_spe_ssm/G1_SPE_DUAL.u/u_upper/G_SCALED_BANKED.G_STATE_BANK[3].u_local_bank/GEN_STATE[2].u_fused_update/round_shift24_to_int3261[0] |
| High             |                                  |     32 | Reset/Set    | Active High |               0.00 |             0.0 | u_network/u_features/u_block1/u_tail/u_both_ssm/u_spe_ssm/G1_SPE_DUAL.u/u_upper/G_SCALED_BANKED.G_STATE_BANK[3].u_local_bank/GEN_STATE[3].u_fused_update/round_shift24_to_int3262[0] |
| High             |                                  |     32 | Reset/Set    | Active High |               0.00 |             0.0 | u_network/u_features/u_block2/u_tail/u_both_ssm/u_spa_ssm/GS_FUSED.u/G_SCALED_BANKED.G_STATE_BANK[0].u_local_bank/GEN_STATE[0].u_fused_update/round_shift24_to_int3263[0]            |
| High             |                                  |     32 | Reset/Set    | Active High |               0.00 |             0.0 | u_network/u_features/u_block2/u_tail/u_both_ssm/u_spa_ssm/GS_FUSED.u/G_SCALED_BANKED.G_STATE_BANK[0].u_local_bank/GEN_STATE[1].u_fused_update/round_shift24_to_int3264[0]            |
| High             |                                  |     32 | Reset/Set    | Active High |               0.00 |             0.0 | u_network/u_features/u_block2/u_tail/u_both_ssm/u_spa_ssm/GS_FUSED.u/G_SCALED_BANKED.G_STATE_BANK[0].u_local_bank/GEN_STATE[2].u_fused_update/round_shift24_to_int3265[0]            |
| High             |                                  |     32 | Reset/Set    | Active High |               0.00 |             0.0 | u_network/u_features/u_block2/u_tail/u_both_ssm/u_spa_ssm/GS_FUSED.u/G_SCALED_BANKED.G_STATE_BANK[0].u_local_bank/GEN_STATE[3].u_fused_update/round_shift24_to_int3266[0]            |
| High             |                                  |     32 | Reset/Set    | Active High |               0.00 |             0.0 | u_network/u_features/u_block2/u_tail/u_both_ssm/u_spa_ssm/GS_FUSED.u/G_SCALED_BANKED.G_STATE_BANK[1].u_local_bank/GEN_STATE[0].u_fused_update/round_shift24_to_int3267[0]            |
| High             |                                  |     32 | Reset/Set    | Active High |               0.00 |             0.0 | u_network/u_features/u_block2/u_tail/u_both_ssm/u_spa_ssm/GS_FUSED.u/G_SCALED_BANKED.G_STATE_BANK[1].u_local_bank/GEN_STATE[1].u_fused_update/round_shift24_to_int3268[0]            |
| High             |                                  |     32 | Reset/Set    | Active High |               0.00 |             0.0 | u_network/u_features/u_block2/u_tail/u_both_ssm/u_spa_ssm/GS_FUSED.u/G_SCALED_BANKED.G_STATE_BANK[1].u_local_bank/GEN_STATE[2].u_fused_update/round_shift24_to_int3269[0]            |
| High             |                                  |     32 | Reset/Set    | Active High |               0.00 |             0.0 | u_network/u_features/u_block2/u_tail/u_both_ssm/u_spa_ssm/GS_FUSED.u/G_SCALED_BANKED.G_STATE_BANK[1].u_local_bank/GEN_STATE[3].u_fused_update/round_shift24_to_int3270[0]            |
| High             |                                  |     32 | Reset/Set    | Active High |               0.00 |             0.0 | u_network/u_features/u_block2/u_tail/u_both_ssm/u_spe_ssm/GS_FUSED.u/G_SCALED_BANKED.G_STATE_BANK[0].u_local_bank/GEN_STATE[0].u_fused_update/round_shift24_to_int3271[0]            |
| High             |                                  |     32 | Reset/Set    | Active High |               0.00 |             0.0 | u_network/u_features/u_block2/u_tail/u_both_ssm/u_spe_ssm/GS_FUSED.u/G_SCALED_BANKED.G_STATE_BANK[0].u_local_bank/GEN_STATE[1].u_fused_update/round_shift24_to_int3272[0]            |
| High             |                                  |     32 | Reset/Set    | Active High |               0.00 |             0.0 | u_network/u_features/u_block2/u_tail/u_both_ssm/u_spe_ssm/GS_FUSED.u/G_SCALED_BANKED.G_STATE_BANK[0].u_local_bank/GEN_STATE[2].u_fused_update/round_shift24_to_int3273[0]            |
| High             |                                  |     32 | Reset/Set    | Active High |               0.00 |             0.0 | u_network/u_features/u_block2/u_tail/u_both_ssm/u_spe_ssm/GS_FUSED.u/G_SCALED_BANKED.G_STATE_BANK[0].u_local_bank/GEN_STATE[3].u_fused_update/round_shift24_to_int3274[0]            |
| High             |                                  |     32 | Reset/Set    | Active High |               0.00 |             0.0 | u_network/u_features/u_block2/u_tail/u_both_ssm/u_spe_ssm/GS_FUSED.u/G_SCALED_BANKED.G_STATE_BANK[1].u_local_bank/GEN_STATE[0].u_fused_update/round_shift24_to_int3275[0]            |
| High             |                                  |     32 | Reset/Set    | Active High |               0.00 |             0.0 | u_network/u_features/u_block2/u_tail/u_both_ssm/u_spe_ssm/GS_FUSED.u/G_SCALED_BANKED.G_STATE_BANK[1].u_local_bank/GEN_STATE[1].u_fused_update/round_shift24_to_int3276[0]            |
| High             |                                  |     32 | Reset/Set    | Active High |               0.00 |             0.0 | u_network/u_features/u_block2/u_tail/u_both_ssm/u_spe_ssm/GS_FUSED.u/G_SCALED_BANKED.G_STATE_BANK[1].u_local_bank/GEN_STATE[2].u_fused_update/round_shift24_to_int3277[0]            |
| High             |                                  |     32 | Reset/Set    | Active High |               0.00 |             0.0 | u_network/u_features/u_block2/u_tail/u_both_ssm/u_spe_ssm/GS_FUSED.u/G_SCALED_BANKED.G_STATE_BANK[1].u_local_bank/GEN_STATE[3].u_fused_update/round_shift24_to_int3278[0]            |
| High             |                                  |     27 | Reset        | Active High |               0.00 |             0.0 | u_network/u_features/u_block0/u_tail/u_both_ssm/u_spa_ssm/G0_FUSED.u/current_record[7]_i_1_n_0                                                                                       |
| High             |                                  |     24 | Reset        | Active High |               0.00 |             0.1 | u_network/u_features/u_block0/u_conv/u_spa_conv1d/G_LOCAL_SPA_HISTORY_LANE[0].u_history_lane/window[23]_i_1_n_0                                                                      |
| High             |                                  |     24 | Reset        | Active High |               0.00 |             0.1 | u_network/u_features/u_block0/u_conv/u_spa_conv1d/G_LOCAL_SPA_HISTORY_LANE[1].u_history_lane/window[23]_i_1_n_0                                                                      |
| High             |                                  |     24 | Reset        | Active High |               0.00 |             0.1 | u_network/u_features/u_block0/u_conv/u_spa_conv1d/G_LOCAL_SPA_HISTORY_LANE[2].u_history_lane/window[23]_i_1_n_0                                                                      |
| High             |                                  |     24 | Reset        | Active High |               0.00 |             0.1 | u_network/u_features/u_block0/u_conv/u_spa_conv1d/G_LOCAL_SPA_HISTORY_LANE[3].u_history_lane/window[23]_i_1_n_0                                                                      |
| High             |                                  |     24 | Reset        | Active High |               0.00 |             0.1 | u_network/u_features/u_block0/u_conv/u_spa_conv1d/G_LOCAL_SPA_HISTORY_LANE[4].u_history_lane/window[23]_i_1_n_0                                                                      |
| High             |                                  |     24 | Reset        | Active High |               0.00 |             0.1 | u_network/u_features/u_block0/u_conv/u_spa_conv1d/G_LOCAL_SPA_HISTORY_LANE[5].u_history_lane/window[23]_i_1_n_0                                                                      |
| High             |                                  |     24 | Reset        | Active High |               0.00 |             0.1 | u_network/u_features/u_block0/u_conv/u_spa_conv1d/G_LOCAL_SPA_HISTORY_LANE[6].u_history_lane/window[23]_i_1_n_0                                                                      |
| High             |                                  |     24 | Reset        | Active High |               0.00 |             0.1 | u_network/u_features/u_block0/u_conv/u_spa_conv1d/G_LOCAL_SPA_HISTORY_LANE[7].u_history_lane/window[23]_i_1_n_0                                                                      |
| High             |                                  |     24 | Reset        | Active High |               0.00 |             0.2 | u_network/u_features/u_block1/u_conv/u_spa_conv1d/G_LOCAL_SPA_HISTORY_LANE[0].u_history_lane/window[23]_i_1_n_0                                                                      |
| High             |                                  |     24 | Reset        | Active High |               0.00 |             0.2 | u_network/u_features/u_block1/u_conv/u_spa_conv1d/G_LOCAL_SPA_HISTORY_LANE[1].u_history_lane/window[23]_i_1_n_0                                                                      |
| High             |                                  |     24 | Reset        | Active High |               0.00 |             0.2 | u_network/u_features/u_block1/u_conv/u_spa_conv1d/G_LOCAL_SPA_HISTORY_LANE[2].u_history_lane/window[23]_i_1_n_0                                                                      |
| High             |                                  |     24 | Reset        | Active High |               0.00 |             0.2 | u_network/u_features/u_block1/u_conv/u_spa_conv1d/G_LOCAL_SPA_HISTORY_LANE[3].u_history_lane/window[23]_i_1_n_0                                                                      |
| High             |                                  |     24 | Reset        | Active High |               0.00 |             0.2 | u_network/u_features/u_block1/u_conv/u_spa_conv1d/G_LOCAL_SPA_HISTORY_LANE[4].u_history_lane/window[23]_i_1_n_0                                                                      |
| High             |                                  |     24 | Reset        | Active High |               0.00 |             0.2 | u_network/u_features/u_block1/u_conv/u_spa_conv1d/G_LOCAL_SPA_HISTORY_LANE[5].u_history_lane/window[23]_i_1_n_0                                                                      |
| High             |                                  |     24 | Reset        | Active High |               0.00 |             0.2 | u_network/u_features/u_block1/u_conv/u_spa_conv1d/G_LOCAL_SPA_HISTORY_LANE[6].u_history_lane/window[23]_i_1_n_0                                                                      |
| High             |                                  |     24 | Reset        | Active High |               0.00 |             0.2 | u_network/u_features/u_block1/u_conv/u_spa_conv1d/G_LOCAL_SPA_HISTORY_LANE[7].u_history_lane/window[23]_i_1_n_0                                                                      |
| High             |                                  |     24 | Reset        | Active High |               0.02 |             3.1 | u_network/u_features/u_block1/u_conv/u_spe_conv1d/G_LOCAL_SPE_HISTORY_LANE[0].u_history_lane/window[23]_i_1_n_0                                                                      |
| High             |                                  |     24 | Reset        | Active High |               0.02 |             3.1 | u_network/u_features/u_block1/u_conv/u_spe_conv1d/G_LOCAL_SPE_HISTORY_LANE[1].u_history_lane/window[23]_i_1_n_0                                                                      |
| High             |                                  |     24 | Reset        | Active High |               0.02 |             3.1 | u_network/u_features/u_block1/u_conv/u_spe_conv1d/G_LOCAL_SPE_HISTORY_LANE[2].u_history_lane/window[23]_i_1_n_0                                                                      |
| High             |                                  |     24 | Reset        | Active High |               0.02 |             3.1 | u_network/u_features/u_block1/u_conv/u_spe_conv1d/G_LOCAL_SPE_HISTORY_LANE[3].u_history_lane/window[23]_i_1_n_0                                                                      |
| High             |                                  |     24 | Reset        | Active High |               0.02 |             3.1 | u_network/u_features/u_block1/u_conv/u_spe_conv1d/G_LOCAL_SPE_HISTORY_LANE[4].u_history_lane/window[23]_i_1_n_0                                                                      |
| High             |                                  |     24 | Reset        | Active High |               0.02 |             3.1 | u_network/u_features/u_block1/u_conv/u_spe_conv1d/G_LOCAL_SPE_HISTORY_LANE[5].u_history_lane/window[23]_i_1_n_0                                                                      |
| High             |                                  |     24 | Reset        | Active High |               0.02 |             3.1 | u_network/u_features/u_block1/u_conv/u_spe_conv1d/G_LOCAL_SPE_HISTORY_LANE[6].u_history_lane/window[23]_i_1_n_0                                                                      |
| High             |                                  |     24 | Reset        | Active High |               0.02 |             3.1 | u_network/u_features/u_block1/u_conv/u_spe_conv1d/G_LOCAL_SPE_HISTORY_LANE[7].u_history_lane/window[23]_i_1_n_0                                                                      |
| High             |                                  |     24 | Reset        | Active High |               0.00 |             0.2 | u_network/u_features/u_block2/u_conv/u_spa_conv1d/G_LOCAL_SPA_HISTORY_LANE[0].u_history_lane/window[23]_i_1_n_0                                                                      |
| High             |                                  |     24 | Reset        | Active High |               0.00 |             0.2 | u_network/u_features/u_block2/u_conv/u_spa_conv1d/G_LOCAL_SPA_HISTORY_LANE[1].u_history_lane/window[23]_i_1_n_0                                                                      |
| High             |                                  |     24 | Reset        | Active High |               0.00 |             0.2 | u_network/u_features/u_block2/u_conv/u_spa_conv1d/G_LOCAL_SPA_HISTORY_LANE[2].u_history_lane/window[23]_i_1_n_0                                                                      |
| High             |                                  |     24 | Reset        | Active High |               0.00 |             0.2 | u_network/u_features/u_block2/u_conv/u_spa_conv1d/G_LOCAL_SPA_HISTORY_LANE[3].u_history_lane/window[23]_i_1_n_0                                                                      |
| High             |                                  |     24 | Reset        | Active High |               0.00 |             0.2 | u_network/u_features/u_block2/u_conv/u_spa_conv1d/G_LOCAL_SPA_HISTORY_LANE[4].u_history_lane/window[23]_i_1_n_0                                                                      |
| High             |                                  |     24 | Reset        | Active High |               0.00 |             0.2 | u_network/u_features/u_block2/u_conv/u_spa_conv1d/G_LOCAL_SPA_HISTORY_LANE[5].u_history_lane/window[23]_i_1_n_0                                                                      |
| High             |                                  |     24 | Reset        | Active High |               0.00 |             0.2 | u_network/u_features/u_block2/u_conv/u_spa_conv1d/G_LOCAL_SPA_HISTORY_LANE[6].u_history_lane/window[23]_i_1_n_0                                                                      |
| High             |                                  |     24 | Reset        | Active High |               0.00 |             0.2 | u_network/u_features/u_block2/u_conv/u_spa_conv1d/G_LOCAL_SPA_HISTORY_LANE[7].u_history_lane/window[23]_i_1_n_0                                                                      |
| High             |                                  |     24 | Reset        | Active High |               0.00 |             0.2 | u_network/u_features/u_block2/u_conv/u_spe_conv1d/G_LOCAL_SPE_HISTORY_LANE[0].u_history_lane/window[23]_i_1_n_0                                                                      |
| High             |                                  |     24 | Reset        | Active High |               0.00 |             0.2 | u_network/u_features/u_block2/u_conv/u_spe_conv1d/G_LOCAL_SPE_HISTORY_LANE[1].u_history_lane/window[23]_i_1_n_0                                                                      |
| High             |                                  |     24 | Reset        | Active High |               0.00 |             0.2 | u_network/u_features/u_block2/u_conv/u_spe_conv1d/G_LOCAL_SPE_HISTORY_LANE[2].u_history_lane/window[23]_i_1_n_0                                                                      |
| High             |                                  |     24 | Reset        | Active High |               0.00 |             0.2 | u_network/u_features/u_block2/u_conv/u_spe_conv1d/G_LOCAL_SPE_HISTORY_LANE[3].u_history_lane/window[23]_i_1_n_0                                                                      |
| High             |                                  |     24 | Reset        | Active High |               0.00 |             0.2 | u_network/u_features/u_block2/u_conv/u_spe_conv1d/G_LOCAL_SPE_HISTORY_LANE[4].u_history_lane/window[23]_i_1_n_0                                                                      |
| High             |                                  |     24 | Reset        | Active High |               0.00 |             0.2 | u_network/u_features/u_block2/u_conv/u_spe_conv1d/G_LOCAL_SPE_HISTORY_LANE[5].u_history_lane/window[23]_i_1_n_0                                                                      |
| High             |                                  |     24 | Reset        | Active High |               0.00 |             0.2 | u_network/u_features/u_block2/u_conv/u_spe_conv1d/G_LOCAL_SPE_HISTORY_LANE[6].u_history_lane/window[23]_i_1_n_0                                                                      |
| High             |                                  |     24 | Reset        | Active High |               0.00 |             0.2 | u_network/u_features/u_block2/u_conv/u_spe_conv1d/G_LOCAL_SPE_HISTORY_LANE[7].u_history_lane/window[23]_i_1_n_0                                                                      |
| High             |                                  |     23 | Reset        | Active High |               0.00 |             0.0 | u_network/u_features/u_block0/u_tail/u_post_ssm/u_spe_out_proj/G0.u/u_dot/SR[0]                                                                                                      |
| High             |                                  |     10 | Reset        | Active High |               0.00 |             0.0 | u_network/u_features/u_block0/u_tail/u_both_ssm/u_spe_ssm/G0_FUSED.u/current_record[0]__0_i_1_n_0                                                                                    |
| High             |                                  |     10 | Reset        | Active High |               0.00 |             0.0 | u_network/u_features/u_block0/u_tail/u_post_ssm/u_spe_out_proj/G0.u/out_pixel_addr[7]_i_1__1_n_0                                                                                     |
| High             |                                  |     10 | Reset        | Active High |               0.00 |             0.0 | u_network/u_features/u_block0/u_tail/u_post_ssm/u_spe_out_proj/G0.u/rec_d_reg[9]_fwrd__18_n_0                                                                                        |
| High             |                                  |      9 | Reset        | Active High |               0.00 |             0.0 | u_network/u_features/u_block1/u_tail/u_post_ssm/u_spa_out_proj/GS.u/out_pixel_addr[5]_i_1__2_n_0                                                                                     |
| High             |                                  |      8 | Set/Reset    | Active High |               0.00 |             0.0 | u_network/u_features/u_block0/u_pdt/out_data0                                                                                                                                        |
| High             |                                  |      8 | Set/Reset    | Active High |               0.00 |             0.0 | u_network/u_features/u_block0/u_pdt/out_data_reg[15]_i_1__2_n_3                                                                                                                      |
| High             |                                  |      8 | Set/Reset    | Active High |               0.00 |             0.0 | u_network/u_features/u_block0/u_pdt/out_data_reg[23]_i_1__2_n_3                                                                                                                      |
| High             |                                  |      8 | Set/Reset    | Active High |               0.00 |             0.0 | u_network/u_features/u_block0/u_pdt/out_data_reg[31]_i_1__2_n_3                                                                                                                      |
| High             |                                  |      8 | Set/Reset    | Active High |               0.00 |             0.0 | u_network/u_features/u_block0/u_pdt/out_data_reg[39]_i_1__0_n_3                                                                                                                      |
| High             |                                  |      8 | Set/Reset    | Active High |               0.00 |             0.1 | u_network/u_features/u_block0/u_pdt/out_data_reg[47]_i_1__0_n_3                                                                                                                      |
| High             |                                  |      8 | Set/Reset    | Active High |               0.01 |             1.3 | u_network/u_features/u_block0/u_pdt/out_data_reg[55]_i_1__0_n_3                                                                                                                      |
| High             |                                  |      8 | Set/Reset    | Active High |               0.00 |             0.0 | u_network/u_features/u_block0/u_pdt/out_data_reg[7]_i_1__2_n_3                                                                                                                       |
| High             |                                  |      8 | Set/Reset    | Active High |               0.00 |             0.0 | u_network/u_features/u_block0/u_sdt/out_data0                                                                                                                                        |
| High             |                                  |      8 | Set/Reset    | Active High |               0.00 |             0.0 | u_network/u_features/u_block0/u_sdt/out_data_reg[15]_i_1_n_3                                                                                                                         |
| High             |                                  |      8 | Set/Reset    | Active High |               0.00 |             0.3 | u_network/u_features/u_block0/u_sdt/out_data_reg[23]_i_1_n_3                                                                                                                         |
| High             |                                  |      8 | Set/Reset    | Active High |               0.01 |             1.8 | u_network/u_features/u_block0/u_sdt/out_data_reg[31]_i_1_n_3                                                                                                                         |
| High             |                                  |      8 | Set/Reset    | Active High |               0.00 |             0.9 | u_network/u_features/u_block0/u_sdt/out_data_reg[39]_i_1_n_3                                                                                                                         |
| High             |                                  |      8 | Set/Reset    | Active High |               0.00 |             0.8 | u_network/u_features/u_block0/u_sdt/out_data_reg[47]_i_1_n_3                                                                                                                         |
| High             |                                  |      8 | Set/Reset    | Active High |               0.00 |             0.1 | u_network/u_features/u_block0/u_sdt/out_data_reg[55]_i_1_n_3                                                                                                                         |
| High             |                                  |      8 | Set/Reset    | Active High |               0.01 |             2.3 | u_network/u_features/u_block0/u_sdt/out_data_reg[7]_i_1_n_3                                                                                                                          |
| High             |                                  |      8 | Set/Reset    | Active High |               0.00 |             0.3 | u_network/u_features/u_block0/u_tail/u_post_ssm/u_spa_ssm_requant/out_data0                                                                                                          |
| High             |                                  |      8 | Set/Reset    | Active High |               0.01 |             2.9 | u_network/u_features/u_block0/u_tail/u_post_ssm/u_spa_ssm_requant/out_data_reg[15]_i_1__0_n_2                                                                                        |
| High             |                                  |      8 | Set/Reset    | Active High |               0.00 |             0.4 | u_network/u_features/u_block0/u_tail/u_post_ssm/u_spa_ssm_requant/out_data_reg[23]_i_1__0_n_2                                                                                        |
| High             |                                  |      8 | Set/Reset    | Active High |               0.01 |             1.5 | u_network/u_features/u_block0/u_tail/u_post_ssm/u_spa_ssm_requant/out_data_reg[7]_i_1__0_n_2                                                                                         |
| High             |                                  |      8 | Set/Reset    | Active High |               0.00 |             1.1 | u_network/u_features/u_block0/u_tail/u_post_ssm/u_spe_ssm_requant/out_data0                                                                                                          |
| High             |                                  |      8 | Set/Reset    | Active High |               0.03 |             5.2 | u_network/u_features/u_block0/u_tail/u_post_ssm/u_spe_ssm_requant/out_data_reg[15]_i_1__1_n_2                                                                                        |
| High             |                                  |      8 | Set/Reset    | Active High |               0.04 |             7.8 | u_network/u_features/u_block0/u_tail/u_post_ssm/u_spe_ssm_requant/out_data_reg[23]_i_1__1_n_2                                                                                        |
| High             |                                  |      8 | Set/Reset    | Active High |               0.00 |             0.7 | u_network/u_features/u_block0/u_tail/u_post_ssm/u_spe_ssm_requant/out_data_reg[7]_i_1__1_n_2                                                                                         |
| High             |                                  |      8 | Reset        | Active High |               0.05 |             9.2 | u_network/u_features/u_block1/u_conv/u_spe_conv1d/out_data[31]_i_1__0_n_0                                                                                                            |
| High             |                                  |      8 | Set/Reset    | Active High |               0.00 |             0.0 | u_network/u_features/u_block1/u_pdt/out_data0                                                                                                                                        |
| High             |                                  |      8 | Set/Reset    | Active High |               0.00 |             0.1 | u_network/u_features/u_block1/u_pdt/out_data_reg[15]_i_1__2_n_3                                                                                                                      |
| High             |                                  |      8 | Set/Reset    | Active High |               0.00 |             0.0 | u_network/u_features/u_block1/u_pdt/out_data_reg[23]_i_1__2_n_3                                                                                                                      |
| High             |                                  |      8 | Set/Reset    | Active High |               0.00 |             0.0 | u_network/u_features/u_block1/u_pdt/out_data_reg[31]_i_1__2_n_3                                                                                                                      |
| High             |                                  |      8 | Set/Reset    | Active High |               0.00 |             0.1 | u_network/u_features/u_block1/u_pdt/out_data_reg[39]_i_1__0_n_3                                                                                                                      |
| High             |                                  |      8 | Set/Reset    | Active High |               0.00 |             0.1 | u_network/u_features/u_block1/u_pdt/out_data_reg[47]_i_1__0_n_3                                                                                                                      |
| High             |                                  |      8 | Set/Reset    | Active High |               0.00 |             0.0 | u_network/u_features/u_block1/u_pdt/out_data_reg[55]_i_1__0_n_3                                                                                                                      |
| High             |                                  |      8 | Set/Reset    | Active High |               0.00 |             0.1 | u_network/u_features/u_block1/u_pdt/out_data_reg[7]_i_1__2_n_3                                                                                                                       |
| High             |                                  |      8 | Set/Reset    | Active High |               0.00 |             0.0 | u_network/u_features/u_block1/u_sdt/out_data0                                                                                                                                        |
| High             |                                  |      8 | Set/Reset    | Active High |               0.00 |             0.0 | u_network/u_features/u_block1/u_sdt/out_data_reg[15]_i_1_n_3                                                                                                                         |
| High             |                                  |      8 | Set/Reset    | Active High |               0.00 |             0.0 | u_network/u_features/u_block1/u_sdt/out_data_reg[23]_i_1_n_3                                                                                                                         |
| High             |                                  |      8 | Set/Reset    | Active High |               0.00 |             0.0 | u_network/u_features/u_block1/u_sdt/out_data_reg[31]_i_1_n_3                                                                                                                         |
| High             |                                  |      8 | Set/Reset    | Active High |               0.00 |             0.1 | u_network/u_features/u_block1/u_sdt/out_data_reg[39]_i_1_n_3                                                                                                                         |
| High             |                                  |      8 | Set/Reset    | Active High |               0.00 |             0.1 | u_network/u_features/u_block1/u_sdt/out_data_reg[47]_i_1_n_3                                                                                                                         |
| High             |                                  |      8 | Set/Reset    | Active High |               0.00 |             0.0 | u_network/u_features/u_block1/u_sdt/out_data_reg[55]_i_1_n_3                                                                                                                         |
| High             |                                  |      8 | Set/Reset    | Active High |               0.00 |             0.0 | u_network/u_features/u_block1/u_sdt/out_data_reg[7]_i_1_n_3                                                                                                                          |
| High             |                                  |      8 | Set/Reset    | Active High |               0.00 |             0.5 | u_network/u_features/u_block1/u_tail/u_post_ssm/u_spa_ssm_requant/out_data0                                                                                                          |
| High             |                                  |      8 | Set/Reset    | Active High |               0.04 |             5.9 | u_network/u_features/u_block1/u_tail/u_post_ssm/u_spa_ssm_requant/out_data_reg[15]_i_1__0_n_2                                                                                        |
| High             |                                  |      8 | Set/Reset    | Active High |               0.05 |             8.0 | u_network/u_features/u_block1/u_tail/u_post_ssm/u_spa_ssm_requant/out_data_reg[23]_i_1__0_n_2                                                                                        |
| High             |                                  |      8 | Set/Reset    | Active High |               0.04 |             7.2 | u_network/u_features/u_block1/u_tail/u_post_ssm/u_spa_ssm_requant/out_data_reg[7]_i_1__0_n_2                                                                                         |
| High             |                                  |      8 | Reset        | Active High |               0.00 |             0.0 | u_network/u_features/u_block1/u_tail/u_post_ssm/u_spe_out_proj/GS.u/out_pixel_addr[5]_i_1__1_n_0                                                                                     |
| High             |                                  |      8 | Set/Reset    | Active High |               0.00 |             0.0 | u_network/u_features/u_block1/u_tail/u_post_ssm/u_spe_ssm_requant/out_data0                                                                                                          |
| High             |                                  |      8 | Set/Reset    | Active High |               0.01 |             2.1 | u_network/u_features/u_block1/u_tail/u_post_ssm/u_spe_ssm_requant/out_data_reg[15]_i_1__1_n_2                                                                                        |
| High             |                                  |      8 | Reset        | Active High |               0.01 |             1.8 | u_network/u_features/u_block2/u_conv/u_spa_conv1d/out_data[15]_i_1_n_0                                                                                                               |
| High             |                                  |      8 | Reset        | Active High |               0.01 |             2.4 | u_network/u_features/u_block2/u_conv/u_spa_conv1d/out_data[23]_i_1_n_0                                                                                                               |
| High             |                                  |      8 | Reset        | Active High |               0.01 |             1.3 | u_network/u_features/u_block2/u_conv/u_spa_conv1d/out_data[31]_i_1_n_0                                                                                                               |
| High             |                                  |      8 | Reset        | Active High |               0.03 |             5.3 | u_network/u_features/u_block2/u_conv/u_spa_conv1d/out_data[39]_i_1_n_0                                                                                                               |
| High             |                                  |      8 | Reset        | Active High |               0.03 |             5.1 | u_network/u_features/u_block2/u_conv/u_spa_conv1d/out_data[47]_i_1_n_0                                                                                                               |
| High             |                                  |      8 | Reset        | Active High |               0.02 |             4.2 | u_network/u_features/u_block2/u_conv/u_spa_conv1d/out_data[55]_i_1_n_0                                                                                                               |
| High             |                                  |      8 | Reset        | Active High |               0.02 |             3.0 | u_network/u_features/u_block2/u_conv/u_spa_conv1d/out_data[63]_i_1_n_0                                                                                                               |
| High             |                                  |      8 | Reset        | Active High |               0.02 |             3.9 | u_network/u_features/u_block2/u_conv/u_spa_conv1d/out_data[7]_i_1_n_0                                                                                                                |
| High             |                                  |      8 | Reset        | Active High |               0.02 |             4.5 | u_network/u_features/u_block2/u_conv/u_spe_conv1d/out_data[15]_i_1__0_n_0                                                                                                            |
| High             |                                  |      8 | Reset        | Active High |               0.02 |             3.5 | u_network/u_features/u_block2/u_conv/u_spe_conv1d/out_data[23]_i_1__0_n_0                                                                                                            |
| High             |                                  |      8 | Reset        | Active High |               0.01 |             1.6 | u_network/u_features/u_block2/u_conv/u_spe_conv1d/out_data[31]_i_1__0_n_0                                                                                                            |
| High             |                                  |      8 | Reset        | Active High |               0.01 |             1.6 | u_network/u_features/u_block2/u_conv/u_spe_conv1d/out_data[39]_i_1__0_n_0                                                                                                            |
| High             |                                  |      8 | Reset        | Active High |               0.01 |             2.0 | u_network/u_features/u_block2/u_conv/u_spe_conv1d/out_data[47]_i_1__0_n_0                                                                                                            |
| High             |                                  |      8 | Reset        | Active High |               0.03 |             5.2 | u_network/u_features/u_block2/u_conv/u_spe_conv1d/out_data[55]_i_1__0_n_0                                                                                                            |
| High             |                                  |      8 | Reset        | Active High |               0.03 |             5.7 | u_network/u_features/u_block2/u_conv/u_spe_conv1d/out_data[63]_i_1__0_n_0                                                                                                            |
| High             |                                  |      8 | Reset        | Active High |               0.02 |             4.5 | u_network/u_features/u_block2/u_conv/u_spe_conv1d/out_data[7]_i_1__0_n_0                                                                                                             |
| High             |                                  |      8 | Set/Reset    | Active High |               0.00 |             0.0 | u_network/u_features/u_block2/u_pdt/out_data0                                                                                                                                        |
| High             |                                  |      8 | Set/Reset    | Active High |               0.00 |             0.0 | u_network/u_features/u_block2/u_pdt/out_data_reg[15]_i_1__2_n_3                                                                                                                      |
| High             |                                  |      8 | Set/Reset    | Active High |               0.00 |             0.0 | u_network/u_features/u_block2/u_pdt/out_data_reg[23]_i_1__2_n_3                                                                                                                      |
| High             |                                  |      8 | Set/Reset    | Active High |               0.00 |             0.0 | u_network/u_features/u_block2/u_pdt/out_data_reg[31]_i_1__2_n_3                                                                                                                      |
| High             |                                  |      8 | Set/Reset    | Active High |               0.00 |             0.0 | u_network/u_features/u_block2/u_pdt/out_data_reg[39]_i_1__0_n_3                                                                                                                      |
| High             |                                  |      8 | Set/Reset    | Active High |               0.00 |             0.0 | u_network/u_features/u_block2/u_pdt/out_data_reg[47]_i_1__0_n_3                                                                                                                      |
| High             |                                  |      8 | Set/Reset    | Active High |               0.00 |             0.0 | u_network/u_features/u_block2/u_pdt/out_data_reg[55]_i_1__0_n_3                                                                                                                      |
| High             |                                  |      8 | Set/Reset    | Active High |               0.00 |             0.0 | u_network/u_features/u_block2/u_pdt/out_data_reg[7]_i_1__2_n_3                                                                                                                       |
| High             |                                  |      8 | Set/Reset    | Active High |               0.00 |             0.0 | u_network/u_features/u_block2/u_sdt/out_data0                                                                                                                                        |
| High             |                                  |      8 | Set/Reset    | Active High |               0.00 |             0.0 | u_network/u_features/u_block2/u_sdt/out_data_reg[15]_i_1_n_3                                                                                                                         |
| High             |                                  |      8 | Set/Reset    | Active High |               0.00 |             0.0 | u_network/u_features/u_block2/u_sdt/out_data_reg[23]_i_1_n_3                                                                                                                         |
| High             |                                  |      8 | Set/Reset    | Active High |               0.00 |             0.0 | u_network/u_features/u_block2/u_sdt/out_data_reg[31]_i_1_n_3                                                                                                                         |
| High             |                                  |      8 | Set/Reset    | Active High |               0.00 |             0.0 | u_network/u_features/u_block2/u_sdt/out_data_reg[39]_i_1_n_3                                                                                                                         |
| High             |                                  |      8 | Set/Reset    | Active High |               0.00 |             0.0 | u_network/u_features/u_block2/u_sdt/out_data_reg[47]_i_1_n_3                                                                                                                         |
| High             |                                  |      8 | Set/Reset    | Active High |               0.00 |             0.2 | u_network/u_features/u_block2/u_sdt/out_data_reg[55]_i_1_n_3                                                                                                                         |
| High             |                                  |      8 | Set/Reset    | Active High |               0.00 |             0.1 | u_network/u_features/u_block2/u_sdt/out_data_reg[7]_i_1_n_3                                                                                                                          |
| High             |                                  |      8 | Set/Reset    | Active High |               0.00 |             1.3 | u_network/u_features/u_block2/u_tail/u_post_ssm/u_spa_ssm_requant/out_data0                                                                                                          |
| High             |                                  |      8 | Set/Reset    | Active High |               0.00 |             0.8 | u_network/u_features/u_block2/u_tail/u_post_ssm/u_spe_ssm_requant/out_data0                                                                                                          |
| High             |                                  |      8 | Set/Reset    | Active High |               0.02 |             3.7 | u_network/u_features/u_block2/u_tail/u_post_ssm/u_spe_ssm_requant/out_data_reg[23]_i_1__1_n_2                                                                                        |
| High             |                                  |      7 | Reset        | Active High |               0.05 |             9.1 | u_network/u_features/u_block1/u_tail/u_post_ssm/u_spa_out_proj/GS.u/out_data[30]_i_1__2_n_0                                                                                          |
| High             |                                  |      7 | Reset        | Active High |               0.05 |             9.1 | u_network/u_features/u_block1/u_tail/u_post_ssm/u_spa_out_proj/GS.u/pack_relu[14]_i_1_n_0                                                                                            |
| High             |                                  |      7 | Set          | Active High |               0.00 |             0.0 | u_network/u_features/u_block2/u_tail/u_post_ssm/u_residual_fusion/u_block_residual/low_result[14]_i_1_n_0                                                                            |
| High             |                                  |      7 | Set          | Active High |               0.00 |             0.0 | u_network/u_features/u_block2/u_tail/u_post_ssm/u_residual_fusion/u_block_residual/low_result[22]_i_1_n_0                                                                            |
| High             |                                  |      7 | Set          | Active High |               0.00 |             0.0 | u_network/u_features/u_block2/u_tail/u_post_ssm/u_residual_fusion/u_block_residual/low_result[30]_i_1_n_0                                                                            |
| High             |                                  |      7 | Set          | Active High |               0.00 |             0.0 | u_network/u_features/u_block2/u_tail/u_post_ssm/u_residual_fusion/u_block_residual/low_result[6]_i_1_n_0                                                                             |
| High             |                                  |      7 | Set          | Active High |               0.00 |             0.0 | u_network/u_features/u_block2/u_tail/u_post_ssm/u_residual_fusion/u_block_residual/out_data[38]_i_1_n_0                                                                              |
| High             |                                  |      7 | Set          | Active High |               0.00 |             0.0 | u_network/u_features/u_block2/u_tail/u_post_ssm/u_residual_fusion/u_block_residual/out_data[46]_i_1_n_0                                                                              |
| High             |                                  |      7 | Set          | Active High |               0.00 |             0.0 | u_network/u_features/u_block2/u_tail/u_post_ssm/u_residual_fusion/u_block_residual/out_data[54]_i_1_n_0                                                                              |
| High             |                                  |      7 | Set          | Active High |               0.00 |             0.0 | u_network/u_features/u_block2/u_tail/u_post_ssm/u_residual_fusion/u_block_residual/out_data[62]_i_1_n_0                                                                              |
| High             |                                  |      7 | Reset        | Active High |               0.03 |             5.3 | u_network/u_features/u_block2/u_tail/u_post_ssm/u_spa_out_proj/GS.u/out_data[22]_i_1__2_n_0                                                                                          |
| High             |                                  |      7 | Reset        | Active High |               0.03 |             5.7 | u_network/u_features/u_block2/u_tail/u_post_ssm/u_spa_out_proj/GS.u/out_data[30]_i_1__2_n_0                                                                                          |
| High             |                                  |      7 | Reset        | Active High |               0.00 |             0.0 | u_network/u_features/u_block2/u_tail/u_post_ssm/u_spa_out_proj/GS.u/out_pixel_addr[3]_i_1__2_n_0                                                                                     |
| High             |                                  |      7 | Reset        | Active High |               0.02 |             3.2 | u_network/u_features/u_block2/u_tail/u_post_ssm/u_spa_out_proj/GS.u/pack_relu[14]_i_1_n_0                                                                                            |
| High             |                                  |      7 | Reset        | Active High |               0.02 |             3.0 | u_network/u_features/u_block2/u_tail/u_post_ssm/u_spa_out_proj/GS.u/pack_relu[6]_i_1_n_0                                                                                             |
| High             |                                  |      6 | Reset        | Active High |               0.02 |             3.1 | u_network/u_features/u_block1/u_tail/u_both_ssm/u_spa_ssm/GS_FUSED.u/request_group[5]_i_1_n_0                                                                                        |
| High             |                                  |      6 | Reset        | Active High |               0.03 |             6.0 | u_network/u_features/u_block1/u_tail/u_post_ssm/u_spe_out_proj/GS.u/pack_relu[22]_i_1_n_0                                                                                            |
| High             |                                  |      6 | Reset        | Active High |               0.02 |             4.0 | u_network/u_features/u_block1/u_tail/u_post_ssm/u_spe_out_proj/GS.u/pack_relu[30]_i_1_n_0                                                                                            |
| High             |                                  |      6 | Set          | Active High |               0.00 |             0.0 | u_network/u_features/u_block2/u_in/G_DSP_PARALLEL.u/G_INPUT_Q_LUT.G_BYTE[0].u_spe_lut/G_UNCONDITIONAL_PAYLOAD.out_data_reg[8]                                                        |
| High             |                                  |      6 | Set          | Active High |               0.00 |             0.0 | u_network/u_features/u_block2/u_in/G_DSP_PARALLEL.u/G_INPUT_Q_LUT.G_BYTE[1].u_spe_lut/G_UNCONDITIONAL_PAYLOAD.out_data_reg[18]                                                       |
| High             |                                  |      6 | Set          | Active High |               0.00 |             0.0 | u_network/u_features/u_block2/u_in/G_DSP_PARALLEL.u/G_INPUT_Q_LUT.G_BYTE[2].u_spe_lut/G_UNCONDITIONAL_PAYLOAD.out_data_reg[28]                                                       |
| High             |                                  |      6 | Set          | Active High |               0.00 |             0.0 | u_network/u_features/u_block2/u_in/G_DSP_PARALLEL.u/G_INPUT_Q_LUT.G_BYTE[3].u_spe_lut/G_UNCONDITIONAL_PAYLOAD.out_data_reg[38]                                                       |
| High             |                                  |      6 | Reset        | Active High |               0.00 |             0.0 | u_network/u_features/u_block2/u_tail/u_post_ssm/u_spe_out_proj/GS.u/out_pixel_addr[3]_i_1__1_n_0                                                                                     |
| High             |                                  |      6 | Reset        | Active High |               0.01 |             1.6 | u_network/u_features/u_block2/u_tail/u_post_ssm/u_spe_out_proj/GS.u/pack_relu[22]_i_1_n_0                                                                                            |
| High             |                                  |      6 | Reset        | Active High |               0.00 |             0.8 | u_network/u_features/u_block2/u_tail/u_post_ssm/u_spe_out_proj/GS.u/pack_relu[30]_i_1_n_0                                                                                            |
| High             |                                  |      5 | Set          | Active High |               0.00 |             0.0 | u_network/u_features/u_block1/u_tail/u_post_ssm/u_residual_fusion/u_block_residual/low_result[13]_i_1_n_0                                                                            |
| High             |                                  |      5 | Set          | Active High |               0.00 |             0.0 | u_network/u_features/u_block1/u_tail/u_post_ssm/u_residual_fusion/u_block_residual/low_result[21]_i_1_n_0                                                                            |
| High             |                                  |      5 | Set          | Active High |               0.00 |             0.0 | u_network/u_features/u_block1/u_tail/u_post_ssm/u_residual_fusion/u_block_residual/low_result[29]_i_1_n_0                                                                            |
| High             |                                  |      5 | Set          | Active High |               0.00 |             0.0 | u_network/u_features/u_block1/u_tail/u_post_ssm/u_residual_fusion/u_block_residual/low_result[5]_i_1_n_0                                                                             |
| High             |                                  |      5 | Set          | Active High |               0.00 |             0.0 | u_network/u_features/u_block1/u_tail/u_post_ssm/u_residual_fusion/u_block_residual/out_data[37]_i_1_n_0                                                                              |
| High             |                                  |      5 | Set          | Active High |               0.00 |             0.0 | u_network/u_features/u_block1/u_tail/u_post_ssm/u_residual_fusion/u_block_residual/out_data[45]_i_1_n_0                                                                              |
| High             |                                  |      5 | Set          | Active High |               0.00 |             0.0 | u_network/u_features/u_block1/u_tail/u_post_ssm/u_residual_fusion/u_block_residual/out_data[53]_i_1_n_0                                                                              |
| High             |                                  |      5 | Set          | Active High |               0.00 |             0.0 | u_network/u_features/u_block1/u_tail/u_post_ssm/u_residual_fusion/u_block_residual/out_data[61]_i_1_n_0                                                                              |
| High             |                                  |      4 | Set          | Active High |               0.02 |             3.9 | u_network/u_features/u_block0/u_sx/G0.u/G_X_PAIR[0].u_dot4_pair/sh_reg[17]_0                                                                                                         |
| High             |                                  |      4 | Set          | Active High |               0.03 |             6.7 | u_network/u_features/u_block0/u_sx/G0.u/G_X_PAIR[0].u_dot4_pair/sh_reg[17]_1                                                                                                         |
| High             |                                  |      4 | Set          | Active High |               0.01 |             2.7 | u_network/u_features/u_block0/u_sx/G0.u/G_X_PAIR[0].u_dot4_pair/sh_reg[17]_2                                                                                                         |
| High             |                                  |      4 | Set          | Active High |               0.03 |             5.7 | u_network/u_features/u_block0/u_sx/G0.u/G_X_PAIR[0].u_dot4_pair/sh_reg[17]_3                                                                                                         |
| High             |                                  |      4 | Set          | Active High |               0.04 |             7.5 | u_network/u_features/u_block0/u_sx/G0.u/G_X_PAIR[0].u_dot4_pair/sl_reg[17]_0                                                                                                         |
| High             |                                  |      4 | Set          | Active High |               0.04 |             7.0 | u_network/u_features/u_block0/u_sx/G0.u/G_X_PAIR[0].u_dot4_pair/sl_reg[17]_1                                                                                                         |
| High             |                                  |      4 | Set          | Active High |               0.03 |             6.2 | u_network/u_features/u_block0/u_sx/G0.u/G_X_PAIR[0].u_dot4_pair/sl_reg[17]_2                                                                                                         |
| High             |                                  |      4 | Set          | Active High |               0.04 |             7.2 | u_network/u_features/u_block0/u_sx/G0.u/G_X_PAIR[0].u_dot4_pair/sl_reg[17]_3                                                                                                         |
| High             |                                  |      4 | Set          | Active High |               0.04 |             7.4 | u_network/u_features/u_block0/u_sx/G0.u/G_X_PAIR[0].u_dot4_pair/sl_reg[17]_4                                                                                                         |
| High             |                                  |      4 | Set          | Active High |               0.00 |             0.0 | u_network/u_features/u_block0/u_sx/G0.u/G_X_VALID_BANK[1].u_partial_valid_buffer/u_control_lut_5                                                                                     |
| High             |                                  |      4 | Set          | Active High |               0.00 |             0.3 | u_network/u_features/u_block0/u_sx/G0.u/G_X_VALID_BANK[1].u_partial_valid_buffer/u_control_lut_6                                                                                     |
| High             |                                  |      4 | Set          | Active High |               0.00 |             0.5 | u_network/u_features/u_block0/u_sx/G0.u/G_X_VALID_BANK[2].u_partial_valid_buffer/u_control_lut_0                                                                                     |
| High             |                                  |      4 | Set          | Active High |               0.00 |             0.0 | u_network/u_features/u_block0/u_sx/G0.u/G_X_VALID_BANK[2].u_partial_valid_buffer/u_control_lut_3                                                                                     |
| High             |                                  |      4 | Set          | Active High |               0.00 |             0.1 | u_network/u_features/u_block0/u_sx/G0.u/G_X_VALID_BANK[2].u_partial_valid_buffer/u_control_lut_4                                                                                     |
| High             |                                  |      4 | Reset        | Active High |               0.00 |             0.0 | u_network/u_features/u_block0/u_sx/G0.u/worker_group[3]_i_1_n_0                                                                                                                      |
| High             |                                  |      4 | Set          | Active High |               0.04 |             7.4 | u_network/u_features/u_block0/u_tail/u_post_ssm/u_spa_out_proj/G0.u/G_O_PAIR[0].u_dot4_pair/sl_reg[17]_0                                                                             |
| High             |                                  |      4 | Set          | Active High |               0.03 |             5.7 | u_network/u_features/u_block0/u_tail/u_post_ssm/u_spa_out_proj/G0.u/G_O_PAIR[0].u_dot4_pair/sl_reg[17]_1                                                                             |
| High             |                                  |      4 | Set          | Active High |               0.04 |             7.0 | u_network/u_features/u_block0/u_tail/u_post_ssm/u_spa_out_proj/G0.u/G_O_PAIR[0].u_dot4_pair/sl_reg[17]_2                                                                             |
| High             |                                  |      4 | Set          | Active High |               0.03 |             5.7 | u_network/u_features/u_block0/u_tail/u_post_ssm/u_spa_out_proj/G0.u/G_O_PAIR[0].u_dot4_pair/sl_reg[17]_3                                                                             |
| High             |                                  |      4 | Set          | Active High |               0.03 |             6.3 | u_network/u_features/u_block0/u_tail/u_post_ssm/u_spa_out_proj/G0.u/G_O_PAIR[0].u_dot4_pair/sl_reg[17]_4                                                                             |
| High             |                                  |      4 | Set          | Active High |               0.03 |             6.5 | u_network/u_features/u_block0/u_tail/u_post_ssm/u_spa_out_proj/G0.u/G_O_PAIR[0].u_dot4_pair/sl_reg[17]_5                                                                             |
| High             |                                  |      4 | Set          | Active High |               0.02 |             4.7 | u_network/u_features/u_block0/u_tail/u_post_ssm/u_spa_out_proj/G0.u/G_O_PAIR[0].u_dot4_pair/sl_reg[17]_6                                                                             |
| High             |                                  |      4 | Set          | Active High |               0.03 |             6.9 | u_network/u_features/u_block0/u_tail/u_post_ssm/u_spa_out_proj/G0.u/G_O_PAIR[0].u_dot4_pair/sl_reg[17]_7                                                                             |
| High             |                                  |      4 | Reset        | Active High |               0.00 |             0.0 | u_network/u_features/u_block0/u_tail/u_post_ssm/u_spa_ssm_requant/valid_d0_i_1_n_0                                                                                                   |
| High             |                                  |      4 | Reset        | Active High |               0.00 |             0.0 | u_network/u_features/u_block0/u_tail/u_post_ssm/u_spe_ssm_requant/valid_d0_i_1__0_n_0                                                                                                |
| High             |                                  |      4 | Reset        | Active High |               0.00 |             0.0 | u_network/u_features/u_block1/u_tail/u_post_ssm/u_spa_ssm_requant/i__n_0                                                                                                             |
| High             |                                  |      4 | Reset        | Active High |               0.00 |             0.0 | u_network/u_features/u_block1/u_tail/u_post_ssm/u_spe_ssm_requant/i__n_0                                                                                                             |
| High             |                                  |      4 | Reset        | Active High |               0.00 |             0.0 | u_network/u_features/u_block2/u_tail/u_post_ssm/u_spa_ssm_requant/i__n_0                                                                                                             |
| High             |                                  |      4 | Reset        | Active High |               0.00 |             0.0 | u_network/u_features/u_block2/u_tail/u_post_ssm/u_spe_ssm_requant/i__n_0                                                                                                             |
| High             |                                  |      3 | Reset        | Active High |               0.02 |             3.1 | u_network/u_features/u_block1/u_sx/GS.u/rst_q_reg[0]                                                                                                                                 |
| High             |                                  |      3 | Reset        | Active High |               0.00 |             0.0 | u_network/u_features/u_block1/u_tail/u_both_ssm/u_spa_frame_start_buffer/SR[0]                                                                                                       |
| High             |                                  |      3 | Reset        | Active High |               0.00 |             0.0 | u_network/u_features/u_block1/u_tail/u_both_ssm/u_spe_frame_start_buffer/SR                                                                                                          |
| High             |                                  |      3 | Reset        | Active High |               0.00 |             0.8 | u_network/u_features/u_block2/u_sx/GS.u/rst_q_reg[0]                                                                                                                                 |
| High             |                                  |      2 | Reset        | Active High |               0.05 |             0.0 | u_network/u_head/request_meta_d[9]_i_1_n_0                                                                                                                                           |
+------------------+----------------------------------+--------+--------------+-------------+--------------------+-----------------+--------------------------------------------------------------------------------------------------------------------------------------------------------------------------------------+
* High:  No action required.  Calculated activity values are consistent with signal type and polarity.
** Medium:  Switching activity should be reviewed and corrected if necessary.  Calculated activity values may be inconsistent with signal type and polarity which can result in inaccurate power analysis.
*** Low: Switching activity must be reviewed and corrected to prevent incorrect power analysis. Calculated activity values are inappropriate for the signal type and polarity.


