core,time,saturation_count,count,abs_sum,squared_error,reference_squared,max_abs_error,mae,relative_l2
blk0_spa/state,0,0,8192,0.0,0.0,0.03961702562494558,0.0,0.0,0.0
blk0_spa/c_readout,0,0,512,0.0,0.0,0.019524956894092203,0.0,0.0,0.0
blk0_spa/d_path,0,0,512,0.0,0.0,19.599686747829104,0.0,0.0,0.0
blk0_spa/readout,0,0,512,0.0,0.0,20.30128124513268,0.0,0.0,0.0
blk0_spa/state,1,0,8192,9.010969443414463e-08,1.1909379211314348e-17,0.09743740089475561,5.669788250006746e-10,1.0999718558855545e-11,1.1055584710848801e-08
blk0_spa/c_readout,1,0,512,6.040289463588288e-09,6.972429916814953e-19,0.050215021536517634,3.9813686375511637e-10,1.1797440358570875e-11,3.726277997907465e-09
blk0_spa/d_path,1,0,512,0.0,0.0,20.64604419461655,0.0,0.0,0.0
blk0_spa/readout,1,0,512,6.040289711653745e-09,6.972429617237491e-19,21.816304306066026,3.9813685681622246e-10,1.1797440843073721e-11,1.7877281475990945e-10
blk0_spa/state,2,0,8192,1.8669531754449724e-07,4.174062481604708e-17,0.14057941562894322,8.798751970073848e-10,2.278995575494351e-11,1.723132231365183e-08
blk0_spa/c_readout,2,0,512,1.287415853135391e-08,2.963092435598787e-18,0.0638805418041703,7.581292815750373e-10,2.5144840881550605e-11,6.8106459539742465e-09
blk0_spa/d_path,2,0,512,0.0,0.0,19.802729859819763,0.0,0.0,0.0
blk0_spa/readout,2,0,512,1.2874158549297456e-08,2.9630923172598423e-18,21.128268770193564,7.581292815750373e-10,2.5144840916596593e-11,3.744903531699195e-10
blk0_spa/state,3,0,8192,2.7796846169578756e-07,8.502865157047609e-17,0.17632759215429217,1.3507510249199939e-09,3.393169698434907e-11,2.1959503036581043e-08
blk0_spa/c_readout,3,0,512,2.2725249462401443e-08,7.81712933432884e-18,0.07250325157022787,1.3230964102106668e-09,4.438525285625282e-11,1.0383527244503063e-08
blk0_spa/d_path,3,0,512,0.0,0.0,20.64037259680481,0.0,0.0,0.0
blk0_spa/readout,3,0,512,2.2725249377156048e-08,7.817129309744772e-18,22.000691634521143,1.3230964102106668e-09,4.4385252689757905e-11,5.96081277370063e-10
blk0_spa/state,4,0,8192,3.701891301847343e-07,1.4683943923929947e-16,0.2167880488532057,1.826546615346647e-09,4.51891028057537e-11,2.6025776167068304e-08
blk0_spa/c_readout,4,0,512,3.448545863071918e-08,1.6306193796606948e-17,0.08606926529614219,1.6059485130615059e-09,6.73544113881234e-11,1.3764240485087933e-08
blk0_spa/d_path,4,0,512,0.0,0.0,21.354254381556466,0.0,0.0,0.0
blk0_spa/readout,4,0,512,3.448545844929828e-08,1.63061938041962e-17,22.94095735994758,1.6059485408170815e-09,6.73544110337857e-11,8.430833859022512e-10
blk0_spa/state,5,0,8192,4.7655237549704587e-07,2.4546313778967734e-16,0.25713068814187234,2.6276096437571894e-09,5.817289739954173e-11,3.089699088435643e-08
blk0_spa/c_readout,5,0,512,4.680338833410381e-08,3.2159393952024535e-17,0.09768221164951155,2.3035439666863056e-09,9.141286784004651e-11,1.8144549335321815e-08
blk0_spa/d_path,5,0,512,0.0,0.0,19.42005197100493,0.0,0.0,0.0
blk0_spa/readout,5,0,512,4.6803388101705076e-08,3.215939368472103e-17,21.171599474941,2.3035439666863056e-09,9.141286738614273e-11,1.2324720848301038e-09
blk0_spa/state,6,0,8192,5.826014547364796e-07,3.811446192872539e-16,0.29049888793925616,3.778654361630274e-09,7.111834164263667e-11,3.6222019451070126e-08
blk0_spa/c_readout,6,0,512,6.11381678570993e-08,5.913885343481645e-17,0.12264890329446745,3.3672673954709964e-09,1.1941048409589706e-10,2.1958598378734403e-08
blk0_spa/d_path,6,0,512,0.0,0.0,19.925150315259224,0.0,0.0,0.0
blk0_spa/readout,6,0,512,6.113816754812878e-08,5.913885289793054e-17,21.9067134232979,3.367267353837633e-09,1.1941048349243903e-10,1.6430388581393005e-09
blk0_spa/state,7,0,8192,6.929758772229678e-07,5.434368304697063e-16,0.3205391969286241,5.1023390651439016e-09,8.459178188756931e-11,4.1175033581980864e-08
blk0_spa/c_readout,7,0,512,7.779608540441292e-08,9.102965687189283e-17,0.14386931266993047,3.816449434257407e-09,1.51945479305494e-10,2.5154018063689265e-08
blk0_spa/d_path,7,0,512,0.0,0.0,19.947836659745874,0.0,0.0,0.0
blk0_spa/readout,7,0,512,7.779608522603456e-08,9.102965639891783e-17,22.081899293440735,3.816449378746256e-09,1.5194547895709875e-10,2.0303608903329373e-09
blk0_spa/state,8,0,8192,7.989077467432618e-07,7.434385907581009e-16,0.34992302031318034,6.472857430606105e-09,9.752291830362083e-11,4.609313986986381e-08
blk0_spa/c_readout,8,0,512,9.656826276819485e-08,1.3850192622714414e-16,0.17121157574811993,5.433652083830509e-09,1.8860988821913056e-10,2.8442079404714377e-08
blk0_spa/d_path,8,0,512,0.0,0.0,21.99698339613629,0.0,0.0,0.0
blk0_spa/readout,8,0,512,9.656826328668743e-08,1.3850192708919992e-16,24.342439691128767,5.433652194852812e-09,1.8860988923181138e-10,2.3853156452232326e-09
blk0_spa/state,9,0,8192,8.987117818323414e-07,9.606959424485092e-16,0.38666085310244236,7.916278924047226e-09,1.0970602805570574e-10,4.984572025707284e-08
blk0_spa/c_readout,9,0,512,1.186320178898221e-07,1.9961057465955408e-16,0.16741710747454566,6.019424583780797e-09,2.3170315994105878e-10,3.452962448633028e-08
blk0_spa/d_path,9,0,512,0.0,0.0,23.60929712934275,0.0,0.0,0.0
blk0_spa/readout,9,0,512,1.1863201836893442e-07,1.996105757219463e-16,25.94375685190905,6.019424569903009e-09,2.3170316087682505e-10,2.773801258815771e-09
blk0_spa/state,10,0,8192,9.961542115072183e-07,1.1332800085789161e-15,0.4135354361194033,6.676190683618799e-09,1.2160085589687723e-10,5.234946512030244e-08
blk0_spa/c_readout,10,0,512,1.2924445290294248e-07,2.17749396079046e-16,0.17612328503061453,5.777701331255436e-09,2.5243057207605954e-10,3.5161718358196486e-08
blk0_spa/d_path,10,0,512,0.0,0.0,21.897678985775233,0.0,0.0,0.0
blk0_spa/readout,10,0,512,1.2924445290512444e-07,2.177493960468883e-16,24.330654980320595,5.777701372888799e-09,2.5243057208032117e-10,2.9915866011469746e-09
blk0_spa/state,11,0,8192,1.0920797169343214e-06,1.3723310100532177e-15,0.43235072711194406,7.723047770746838e-09,1.3331051232108415e-10,5.6339286375952355e-08
blk0_spa/c_readout,11,0,512,1.44029020256139e-07,2.70933680955509e-16,0.22179145808596415,5.986101253574461e-09,2.813066801877715e-10,3.495095852463451e-08
blk0_spa/d_path,11,0,512,0.0,0.0,21.330571144239713,0.0,0.0,0.0
blk0_spa/readout,11,0,512,1.4402902069445483e-07,2.7093368093401937e-16,24.12205075066101,5.986101281330036e-09,2.813066810438571e-10,3.351385491965712e-09
blk0_spa/state,12,0,8192,1.1771978788517889e-06,1.596335894441751e-15,0.46169166418153496,9.161721575834392e-09,1.43700912945775e-10,5.880119102036708e-08
blk0_spa/c_readout,12,0,512,1.5772271739031397e-07,2.9887129060427547e-16,0.2019982285455496,5.882256071121361e-09,3.0805218240295697e-10,3.84652287112842e-08
blk0_spa/d_path,12,0,512,0.0,0.0,21.074249489703263,0.0,0.0,0.0
blk0_spa/readout,12,0,512,1.5772271731019143e-07,2.9887128902204246e-16,23.821246568630325,5.88225601561021e-09,3.0805218224646763e-10,3.542092155321798e-09
blk0_spa/state,13,0,8192,1.2883485036828226e-06,1.8607923910074412e-15,0.5052286609940163,7.690358280743048e-09,1.5726910445346955e-10,6.068829982692201e-08
blk0_spa/c_readout,13,0,512,1.8083662665119185e-07,3.7615030812856136e-16,0.257567019063592,5.957316112636946e-09,3.531965364281091e-10,3.8215151452352076e-08
blk0_spa/d_path,13,0,512,0.0,0.0,21.957179155983106,0.0,0.0,0.0
blk0_spa/readout,13,0,512,1.8083662626262734e-07,3.7615030737820506e-16,25.210459286982694,5.95731608488137e-09,3.5319653566919403e-10,3.862694236971136e-09
blk0_spa/state,14,0,8192,1.4164584763552766e-06,2.2046704704763287e-15,0.5337816447269803,8.682088548095379e-09,1.7290752885196247e-10,6.42672955785909e-08
blk0_spa/c_readout,14,0,512,1.9700364061496164e-07,4.287863866187173e-16,0.2633724635217058,6.7617807880671066e-09,3.8477273557609696e-10,4.034923557190781e-08
blk0_spa/d_path,14,0,512,0.0,0.0,21.057973777820074,0.0,0.0,0.0
blk0_spa/readout,14,0,512,1.9700364059731625e-07,4.2878638630993817e-16,24.29495056984762,6.761780801944894e-09,3.847727355416333e-10,4.201094824486208e-09
blk0_spa/state,15,0,8192,1.523320419131209e-06,2.5084393567847098e-15,0.5774513041136159,1.0154662694050742e-08,1.8595219960097765e-10,6.590890855376208e-08
blk0_spa/c_readout,15,0,512,2.1737349390876737e-07,4.996913045583602e-16,0.3100034717881833,6.311923456125967e-09,4.2455760529056126e-10,4.014834220736292e-08
blk0_spa/d_path,15,0,512,0.0,0.0,21.632592159001018,0.0,0.0,0.0
blk0_spa/readout,15,0,512,2.1737349376031298e-07,4.996913055274652e-16,25.23825537541358,6.311923483881543e-09,4.245576050006113e-10,4.449602660756562e-09
blk0_spa/state,16,0,8192,1.6157807860020975e-06,2.807335507219427e-15,0.5896789189910624,8.904029222267518e-09,1.9723886547877167e-10,6.899845374576097e-08
blk0_spa/c_readout,16,0,512,2.3483536267611103e-07,5.606153064112205e-16,0.30898721555662767,6.885803635614529e-09,4.5866281772677936e-10,4.2595352848540036e-08
blk0_spa/d_path,16,0,512,0.0,0.0,21.12639384031489,0.0,0.0,0.0
blk0_spa/readout,16,0,512,2.3483536275130045e-07,5.606153057119378e-16,24.543625595217996,6.885803649492317e-09,4.586628178736337e-10,4.779287061419804e-09
blk0_spa/state,17,0,8192,1.6763979459512561e-06,2.9335931881161183e-15,0.6494329356305535,9.569672235199e-09,2.0463842113662795e-10,6.720982882816079e-08
blk0_spa/c_readout,17,0,512,2.591766979939547e-07,6.284837040325151e-16,0.31934089924328135,7.17395150229283e-09,5.062044882694427e-10,4.436288064366383e-08
blk0_spa/d_path,17,0,512,0.0,0.0,24.108002193173498,0.0,0.0,0.0
blk0_spa/readout,17,0,512,2.591766987410174e-07,6.284837074880914e-16,27.888527969581673,7.173951488415042e-09,5.062044897285496e-10,4.747163786959111e-09
blk0_spa/state,18,0,8192,1.8216938191416923e-06,3.433679508825844e-15,0.6462629116726747,1.023870997707288e-08,2.2237473378194486e-10,7.289122716718477e-08
blk0_spa/c_readout,18,0,512,2.693519291328308e-07,6.721331293385141e-16,0.28608657733132437,7.713643349060995e-09,5.260779865875601e-10,4.8470657411615314e-08
blk0_spa/d_path,18,0,512,0.0,0.0,21.949926428991038,0.0,0.0,0.0
blk0_spa/readout,18,0,512,2.6935192901079366e-07,6.721331297711537e-16,25.336518623074696,7.713643390694358e-09,5.260779863492064e-10,5.15055680301886e-09
blk0_spa/state,19,0,8192,1.922616937973591e-06,3.790237411695641e-15,0.6406287020680456,1.0865986221908486e-08,2.346944504362294e-10,7.691835908760015e-08
blk0_spa/c_readout,19,0,512,2.8369534863213306e-07,7.314260641513782e-16,0.2897533129092207,7.403032811770238e-09,5.540924777971349e-10,5.024247337308117e-08
blk0_spa/d_path,19,0,512,0.0,0.0,21.24652848131379,0.0,0.0,0.0
blk0_spa/readout,19,0,512,2.836953487127901e-07,7.314260651757008e-16,24.572830453955294,7.403032853403602e-09,5.540924779546681e-10,5.455789734948958e-09
blk0_spa/state,20,0,8192,2.0516177929499476e-06,4.31923073100949e-15,0.6598641542295138,1.1491857881962275e-08,2.504416251159604e-10,8.090510648012474e-08
blk0_spa/c_readout,20,0,512,3.10498388719709e-07,8.742388660158314e-16,0.314650595926383,7.849484714994581e-09,6.064421654681816e-10,5.2710941771013235e-08
blk0_spa/d_path,20,0,512,0.0,0.0,21.14923487596934,0.0,0.0,0.0
blk0_spa/readout,20,0,512,3.104983891028118e-07,8.742388663075286e-16,24.82179780684672,7.849484728872369e-09,6.064421662164293e-10,5.934695464128288e-09
blk0_spa/state,21,0,8192,2.1783289173783698e-06,4.933709013236014e-15,0.6717361301048013,1.2293487366976663e-08,2.659092916721643e-10,8.570130039659476e-08
blk0_spa/c_readout,21,0,512,3.309427364571654e-07,1.0363722949011012e-15,0.3398068147967055,8.53477329088026e-09,6.463725321429011e-10,5.522577956973496e-08
blk0_spa/d_path,21,0,512,0.0,0.0,20.035883863837668,0.0,0.0,0.0
blk0_spa/readout,21,0,512,3.309427368102629e-07,1.0363722952638362e-15,23.839916589726787,8.534773277002472e-09,6.463725328325448e-10,6.593340909531251e-09
blk0_spa/state,22,0,8192,2.288056287943701e-06,5.561728625211641e-15,0.6916527978269743,1.2879768543361259e-08,2.793037460868776e-10,8.967282013590319e-08
blk0_spa/c_readout,22,0,512,3.5425663381462447e-07,1.1868024388668609e-15,0.3645232618390574,8.649306604269213e-09,6.919074879191884e-10,5.7059319932133825e-08
blk0_spa/d_path,22,0,512,0.0,0.0,20.40127198967712,0.0,0.0,0.0
blk0_spa/readout,22,0,512,3.542566333512907e-07,1.1868024370225082e-15,24.396726531786783,8.649306604269213e-09,6.919074870142396e-10,6.9746663298189106e-09
blk0_spa/state,23,0,8192,2.3677722020770107e-06,5.933593807841587e-15,0.70192721952785,1.3638641854774036e-08,2.8903469263635385e-10,9.194177088753653e-08
blk0_spa/c_readout,23,0,512,3.6359473850591284e-07,1.1750803605942429e-15,0.3565539959171927,8.905350692978153e-09,7.10145973644361e-10,5.7407829864773836e-08
blk0_spa/d_path,23,0,512,0.0,0.0,20.313104474205698,0.0,0.0,0.0
blk0_spa/readout,23,0,512,3.635947388302519e-07,1.1750803616010955e-15,24.14438140229158,8.905350679100366e-09,7.101459742778358e-10,6.976309549418008e-09
blk0_spa/state,24,0,8192,2.4852788831601404e-06,6.562723132812252e-15,0.7008816306371319,1.4374410550743733e-08,3.033787699170093e-10,9.676531227458953e-08
blk0_spa/c_readout,24,0,512,3.888666227644312e-07,1.3251496922952925e-15,0.3462962144145171,9.087594191048431e-09,7.595051225867797e-10,6.185981231692921e-08
blk0_spa/d_path,24,0,512,0.0,0.0,21.60681212731344,0.0,0.0,0.0
blk0_spa/readout,24,0,512,3.888666221310674e-07,1.3251496918565351e-15,25.30796190485645,9.087594177170644e-09,7.59505121349741e-10,7.236088735382403e-09
blk0_spa/state,25,0,8192,2.574455835637956e-06,7.044374782818374e-15,0.7218864381697945,1.485695605429882e-08,3.1426462837377393e-10,9.878404039476917e-08
blk0_spa/c_readout,25,0,512,4.0771923495962864e-07,1.3957106857961192e-15,0.35283129323602913,9.683277665817336e-09,7.963266307805247e-10,6.289471500029185e-08
blk0_spa/d_path,25,0,512,0.0,0.0,22.683761818920356,0.0,0.0,0.0
blk0_spa/readout,25,0,512,4.0771923491471557e-07,1.3957106865020438e-15,26.546135229234814,9.683277679695124e-09,7.963266306928038e-10,7.250985734037241e-09
blk0_spa/state,26,0,8192,2.705608794592483e-06,7.700725238276306e-15,0.7344383722570059,1.5508421311039022e-08,3.302745110586527e-10,1.0239721251642148e-07
blk0_spa/c_readout,26,0,512,4.313370686330324e-07,1.610468496888095e-15,0.3566802235325559,1.018799994367825e-08,8.424552121738914e-10,6.719494485035752e-08
blk0_spa/d_path,26,0,512,0.0,0.0,21.19342170430437,0.0,0.0,0.0
blk0_spa/readout,26,0,512,4.3133706878403466e-07,1.6104684991815256e-15,25.139973714326835,1.018799994367825e-08,8.424552124688177e-10,8.003753552213296e-09
blk0_spa/state,27,0,8192,2.831770642559775e-06,8.394828770034596e-15,0.7574564737691847,1.6118329670966602e-08,3.4567512726559754e-10,1.0527544363859205e-07
blk0_spa/c_readout,27,0,512,4.6670348750702605e-07,1.8220595717710373e-15,0.38792873153341767,1.0088153146181611e-08,9.115302490371602e-10,6.853387889914043e-08
blk0_spa/d_path,27,0,512,0.0,0.0,21.663751502538176,0.0,0.0,0.0
blk0_spa/readout,27,0,512,4.6670348721361383e-07,1.822059574035527e-15,25.975994704541385,1.0088153146181611e-08,9.115302484640895e-10,8.3752001145485e-09
blk0_spa/state,28,0,8192,2.9765450925679397e-06,9.20906342746027e-15,0.776859236979174,1.6701242736005817e-08,3.6334778962010983e-10,1.0887710512495209e-07
blk0_spa/c_readout,28,0,512,4.991848287192308e-07,2.080818971260397e-15,0.4224474027887957,1.0652351542517202e-08,9.749703685922476e-10,7.018282204540311e-08
blk0_spa/d_path,28,0,512,0.0,0.0,21.06355941653428,0.0,0.0,0.0
blk0_spa/readout,28,0,512,4.991848284410787e-07,2.0808189719515073e-15,25.513870254082004,1.0652351500883839e-08,9.749703680489818e-10,9.030857263280529e-09
blk0_spa/state,29,0,8192,3.110901565155786e-06,1.0065880623795287e-14,0.7921153215860026,1.726990898898162e-08,3.797487262153059e-10,1.1272796859601311e-07
blk0_spa/c_readout,29,0,512,5.131426045493985e-07,2.1804592469527645e-15,0.390228409275332,1.0902498279174999e-08,1.0022316495105439e-09,7.475057629779122e-08
blk0_spa/d_path,29,0,512,0.0,0.0,22.31887209411092,0.0,0.0,0.0
blk0_spa/readout,29,0,512,5.131426045919534e-07,2.1804592510936938e-15,26.60731617027589,1.0902498293052787e-08,1.002231649593659e-09,9.052602528991546e-09
blk0_spa/state,30,0,8192,3.2067182204221872e-06,1.076756888998098e-14,0.8215079981552224,1.7600509438775447e-08,3.914450952663803e-10,1.1448614487208024e-07
blk0_spa/c_readout,30,0,512,5.377394701868048e-07,2.445686767594234e-15,0.3958970914470803,1.2716354566566501e-08,1.0502724027086032e-09,7.859759573044269e-08
blk0_spa/d_path,30,0,512,0.0,0.0,22.28570189192031,0.0,0.0,0.0
blk0_spa/readout,30,0,512,5.377394696991307e-07,2.4456867668510873e-15,26.651952430327107,1.2716354580444289e-08,1.0502724017561146e-09,9.579346929163241e-09
blk0_spa/state,31,0,8192,3.305242681963405e-06,1.1351974047059688e-14,0.8336605462536116,1.8337040864901955e-08,4.0347200707561096e-10,1.1669199654564143e-07
blk0_spa/c_readout,31,0,512,5.677798874936774e-07,2.740744223405146e-15,0.40943793955804014,1.4350494459414165e-08,1.1089450927610886e-09,8.181637098733533e-08
blk0_spa/d_path,31,0,512,0.0,0.0,21.760598310917437,0.0,0.0,0.0
blk0_spa/readout,31,0,512,5.67779887894778e-07,2.740744228898315e-15,26.19157703065443,1.4350494459414165e-08,1.1089450935444882e-09,1.022947699060959e-08
blk0_spa/state,32,0,8192,3.336244031100584e-06,1.1543062201052142e-14,0.8633634473980067,1.939688184376953e-08,4.07256351452708e-10,1.156281797880258e-07
blk0_spa/c_readout,32,0,512,6.085177734846724e-07,3.0344536196201157e-15,0.5169088408657114,1.4583068447260317e-08,1.1885112763372508e-09,7.66184341160212e-08
blk0_spa/d_path,32,0,512,0.0,0.0,23.24811986190666,0.0,0.0,0.0
blk0_spa/readout,32,0,512,6.08517772997371e-07,3.0344536160686537e-15,28.28170285101683,1.4583068419504741e-08,1.1885112753854902e-09,1.0358275891309623e-08
blk0_spa/state,33,0,8192,3.398309971241258e-06,1.184330568787723e-14,0.9428051495897155,1.883124579882267e-08,4.1483276016128636e-10,1.1207932236309633e-07
blk0_spa/c_readout,33,0,512,6.302901619530051e-07,3.1252428549723313e-15,0.4562716392887078,1.3544008713173294e-08,1.2310354725644632e-09,8.276184199407595e-08
blk0_spa/d_path,33,0,512,0.0,0.0,26.748111844093046,0.0,0.0,0.0
blk0_spa/readout,33,0,512,6.302901622849946e-07,3.125242858123644e-15,31.808975558276927,1.3544008713173294e-08,1.2310354732128801e-09,9.912131259911886e-09
blk0_spa/state,34,0,8192,3.531620463741933e-06,1.2544464201291154e-14,0.9333580429566238,1.9176607399251644e-08,4.311060136403727e-10,1.1593162440078091e-07
blk0_spa/c_readout,34,0,512,6.22021814696864e-07,2.9958225857432515e-15,0.4153984301097289,1.3137754668879342e-08,1.2148863568298126e-09,8.492305713022025e-08
blk0_spa/d_path,34,0,512,0.0,0.0,23.928453266797874,0.0,0.0,0.0
blk0_spa/readout,34,0,512,6.220218139469485e-07,2.995822583647171e-15,28.27639399913871,1.3137754661940448e-08,1.2148863553651338e-09,1.0293096228646746e-08
blk0_spa/state,35,0,8192,3.6733593034406716e-06,1.3486132822997692e-14,0.8983829591298855,1.999060589286117e-08,4.484081180957851e-10,1.2252168576611686e-07
blk0_spa/c_readout,35,0,512,6.1206148362181e-07,2.8855358744656965e-15,0.40421030453854734,1.3520189467985944e-08,1.1954325851988477e-09,8.449082458788166e-08
blk0_spa/d_path,35,0,512,0.0,0.0,20.63763992213509,0.0,0.0,0.0
blk0_spa/readout,35,0,512,6.120614826934518e-07,2.885535870044354e-15,24.87159917755611,1.3520189467985944e-08,1.195432583385648e-09,1.0771132878634615e-08
blk0_spa/state,36,0,8192,3.8146144867261174e-06,1.4576618749994387e-14,0.9095562346197441,2.0961470115210545e-08,4.6565118246168425e-10,1.2659414499763723e-07
blk0_spa/c_readout,36,0,512,6.631670705779162e-07,3.4668501015132043e-15,0.42411635235583944,1.3788355984756251e-08,1.2952481847224926e-09,9.041178077460872e-08
blk0_spa/d_path,36,0,512,0.0,0.0,21.35083424315258,0.0,0.0,0.0
blk0_spa/readout,36,0,512,6.631670711311304e-07,3.4668501052357234e-15,25.922540186897937,1.3788356012511827e-08,1.295248185802989e-09,1.1564550424836298e-08
blk0_spa/state,37,0,8192,3.935400059836838e-06,1.5675817445171212e-14,0.9088454303239979,2.1946441983167198e-08,4.803955151168015e-10,1.3133185685326815e-07
blk0_spa/c_readout,37,0,512,6.73144695053416e-07,3.5208494640880682e-15,0.4510541535198942,1.4104365050893186e-08,1.3147357325262031e-09,8.835057601453951e-08
blk0_spa/d_path,37,0,512,0.0,0.0,20.65795456735004,0.0,0.0,0.0
blk0_spa/readout,37,0,512,6.731446948043748e-07,3.520849462158126e-15,25.370491893884896,1.4104365064770974e-08,1.3147357320397945e-09,1.1780379588835843e-08
blk0_spa/state,38,0,8192,4.062552896095741e-06,1.682753465179056e-14,0.9163555969016421,2.294290199489346e-08,4.959171015741871e-10,1.3551214770588672e-07
blk0_spa/c_readout,38,0,512,7.228137509114822e-07,4.050077993830735e-15,0.4905218970612177,1.5149314788742707e-08,1.4117456072489887e-09,9.086622665085151e-08
blk0_spa/d_path,38,0,512,0.0,0.0,20.866256741699313,0.0,0.0,0.0
blk0_spa/readout,38,0,512,7.228137510759557e-07,4.050077994384897e-15,25.80338579192574,1.5149314802620495e-08,1.411745607570226e-09,1.2528334650704978e-08
blk0_spa/state,39,0,8192,4.137209070746881e-06,1.759499231528515e-14,0.9284735219105221,2.3976302915285075e-08,5.050304041439063e-10,1.3766063838009694e-07
blk0_spa/c_readout,39,0,512,7.23754189481398e-07,4.049183449582689e-15,0.47856950615935434,1.663365943593842e-08,1.4135824013308554e-09,9.198377210215273e-08
blk0_spa/d_path,39,0,512,0.0,0.0,22.710160546513944,0.0,0.0,0.0
blk0_spa/readout,39,0,512,7.23754189348224e-07,4.049183450950212e-15,27.583002247703174,1.6633659449816207e-08,1.41358240107075e-09,1.2116103071136613e-08
blk0_spa/state,40,0,8192,4.250835490085919e-06,1.8439755479018693e-14,0.9285947845365083,2.5034344111607432e-08,5.189008166608787e-10,1.409173471786282e-07
blk0_spa/c_readout,40,0,512,7.458213764780114e-07,4.091304641503872e-15,0.4661266152193914,1.600147330610424e-08,1.456682375933616e-09,9.368691937268811e-08
blk0_spa/d_path,40,0,512,0.0,0.0,21.70850558500021,0.0,0.0,0.0
blk0_spa/readout,40,0,512,7.458213764142874e-07,4.0913046425286195e-15,26.294943677016388,1.6001473313043135e-08,1.456682375809155e-09,1.2473685412146878e-08
blk0_spa/state,41,0,8192,4.357583655421644e-06,1.931368314904091e-14,0.9256857917389144,2.609022428656793e-08,5.319315985622124e-10,1.4444441429971026e-07
blk0_spa/c_readout,41,0,512,7.479091576790656e-07,4.177030711278443e-15,0.41130909028019447,1.6340451436391845e-08,1.460760073591925e-09,1.0077427450266084e-07
blk0_spa/d_path,41,0,512,0.0,0.0,20.907298419049546,0.0,0.0,0.0
blk0_spa/readout,41,0,512,7.479091577203195e-07,4.177030713020819e-15,25.274630212823922,1.6340451436391845e-08,1.460760073672499e-09,1.2855572713778174e-08
blk0_spa/state,42,0,8192,4.459366647355358e-06,2.0117208472764373e-14,0.9109825466394049,2.7143468944723637e-08,5.443562801947459e-10,1.4860342872389105e-07
blk0_spa/c_readout,42,0,512,7.701903119254859e-07,4.441671886880519e-15,0.43026517794892405,1.7628525778023985e-08,1.5042779529794647e-09,1.0160267378274953e-07
blk0_spa/d_path,42,0,512,0.0,0.0,20.5796006027352,0.0,0.0,0.0
blk0_spa/readout,42,0,512,7.701903121479371e-07,4.441671892001884e-15,25.087941475097008,1.762852575026841e-08,1.5042779534139397e-09,1.3305791781231093e-08
blk0_spa/state,43,0,8192,4.582547440324281e-06,2.1092544347183996e-14,0.9186814767979582,2.8197928103601555e-08,5.593929980864601e-10,1.5152420200978706e-07
blk0_spa/c_readout,43,0,512,8.160895585431143e-07,4.881545785375034e-15,0.5003662661481277,1.764036015178272e-08,1.59392491902952e-09,9.877218751216395e-08
blk0_spa/d_path,43,0,512,0.0,0.0,20.554765912074416,0.0,0.0,0.0
blk0_spa/readout,43,0,512,8.160895587133069e-07,4.8815457849606364e-15,25.60910867946944,1.76403601725994e-08,1.5939249193619276e-09,1.3806431798704514e-08
blk0_spa/state,44,0,8192,4.683938813438304e-06,2.1752877047476478e-14,0.9444393523527281,2.9235767681767832e-08,5.71769874687293e-10,1.5176489130675275e-07
blk0_spa/c_readout,44,0,512,8.53949430473297e-07,5.339406692351344e-15,0.5207764082961697,2.0750909920930205e-08,1.6678699813931581e-09,1.0125601926822036e-07
blk0_spa/d_path,44,0,512,0.0,0.0,20.918847876898386,0.0,0.0,0.0
blk0_spa/readout,44,0,512,8.53949430301993e-07,5.339406693198709e-15,26.195835231956305,2.0750909934807993e-08,1.6678699810585801e-09,1.4276783565930105e-08
blk0_spa/state,45,0,8192,4.764229665351027e-06,2.260751463693716e-14,0.9660785361621275,3.026005687689626e-08,5.815710040711703e-10,1.5297490554208846e-07
blk0_spa/c_readout,45,0,512,8.728852618804022e-07,5.5230606667998786e-15,0.5068008487728188,2.0494859684361266e-08,1.7048540271101605e-09,1.0439296676215153e-07
blk0_spa/d_path,45,0,512,0.0,0.0,21.544613667725237,0.0,0.0,0.0
blk0_spa/readout,45,0,512,8.728852610804236e-07,5.523060663253737e-15,26.782860662825154,2.0494859642727903e-08,1.7048540255477023e-09,1.4360230989105161e-08
blk0_spa/state,46,0,8192,4.872987012121009e-06,2.366966081897337e-14,0.9723868015051054,3.126799587305218e-08,5.948470473780529e-10,1.5601864062360872e-07
blk0_spa/c_readout,46,0,512,9.075640002743602e-07,6.064043701440148e-15,0.46250967529404774,2.2959150969281694e-08,1.7725859380358597e-09,1.1450402421347927e-07
blk0_spa/d_path,46,0,512,0.0,0.0,22.41393144919584,0.0,0.0,0.0
blk0_spa/readout,46,0,512,9.07563999712364e-07,6.064043693605547e-15,27.315216835837838,2.2959150969281694e-08,1.772585936938211e-09,1.4899744963681829e-08
blk0_spa/state,47,0,8192,5.0165724399531925e-06,2.4944683385117664e-14,0.9601289671927149,3.2233983038310043e-08,6.123745654239737e-10,1.6118484712784408e-07
blk0_spa/c_readout,47,0,512,9.175500961842683e-07,6.423653863216687e-15,0.4804921121411897,2.5367510383955683e-08,1.7920900316098991e-09,1.1562398524129332e-07
blk0_spa/d_path,47,0,512,0.0,0.0,21.165407469117582,0.0,0.0,0.0
blk0_spa/readout,47,0,512,9.17550096199664e-07,6.4236538705858525e-15,26.068442612595113,2.5367510383955683e-08,1.7920900316399688e-09,1.5697609553344294e-08
blk0_spa/state,48,0,8192,5.066959309539211e-06,2.559285971870759e-14,0.9868164541888362,3.3137920796288967e-08,6.185253063402357e-10,1.6104276442335828e-07
blk0_spa/c_readout,48,0,512,9.83753258996892e-07,7.177177447935386e-15,0.5824430192151268,2.464160511056468e-08,1.9213930839783047e-09,1.1100693707542865e-07
blk0_spa/d_path,48,0,512,0.0,0.0,22.910350621569023,0.0,0.0,0.0
blk0_spa/readout,48,0,512,9.83753259431657e-07,7.177177449283059e-15,28.607700985711226,2.464160511056468e-08,1.921393084827455e-09,1.583927733432344e-08
blk0_spa/state,49,0,8192,5.185115253398013e-06,2.665928655750087e-14,1.0352724681387058,3.398217759964517e-08,6.329486393308121e-10,1.604711367619415e-07
blk0_spa/c_readout,49,0,512,1.0267315103670253e-06,7.689876086380618e-15,0.5707521802788217,2.4637366001500904e-08,2.0053349811855963e-09,1.1607424867847466e-07
blk0_spa/d_path,49,0,512,0.0,0.0,24.434909414640995,0.0,0.0,0.0
blk0_spa/readout,49,0,512,1.026731510415733e-06,7.689876083711207e-15,30.200787399762643,2.4637366001500904e-08,2.0053349812807287e-09,1.5956974011499875e-08
blk0_spa/state,50,0,8192,5.296111150115171e-06,2.775953262772977e-14,1.0264168191856993,3.2204244534983495e-08,6.464979431292933e-10,1.6445390674255668e-07
blk0_spa/c_readout,50,0,512,9.70397246350722e-07,6.958329004930345e-15,0.4657918972218314,2.3333310207596103e-08,1.895307121778754e-09,1.2222400626348068e-07
blk0_spa/d_path,50,0,512,0.0,0.0,22.40530387175244,0.0,0.0,0.0
blk0_spa/readout,50,0,512,9.703972461569616e-07,6.9583290057917124e-15,27.20574803542442,2.3333310207596103e-08,1.8953071214003156e-09,1.5992713010615752e-08
blk0_spa/state,51,0,8192,5.4291729434163695e-06,2.9118907289671865e-14,1.0302646052201552,3.299783305626969e-08,6.62740837819381e-10,1.681175866058641e-07
blk0_spa/c_readout,51,0,512,9.925208632804545e-07,7.271921908239642e-15,0.5640007893300901,2.2281685024827524e-08,1.9385173110946377e-09,1.135493747936738e-07
blk0_spa/d_path,51,0,512,0.0,0.0,21.244844190764102,0.0,0.0,0.0
blk0_spa/readout,51,0,512,9.925208625482183e-07,7.271921903671882e-15,26.72884964006844,2.2281685024827524e-08,1.9385173096644888e-09,1.6494322021441536e-08
blk0_spa/state,52,0,8192,5.563302792237541e-06,3.066921326592561e-14,1.0339812109837974,3.374550532758702e-08,6.791141103805592e-10,1.7222452444535784e-07
blk0_spa/c_readout,52,0,512,9.836920312546384e-07,7.0027249081744664e-15,0.4513814179912398,2.0813919046624996e-08,1.9212734985442157e-09,1.245551516315148e-07
blk0_spa/d_path,52,0,512,0.0,0.0,21.28023152758656,0.0,0.0,0.0
blk0_spa/readout,52,0,512,9.83692031281757e-07,7.002724904630662e-15,26.091703798056106,2.0813919032747208e-08,1.9212734985971817e-09,1.638258059277223e-08
blk0_spa/state,53,0,8192,5.64978830261359e-06,3.18688330755187e-14,1.0190326843675048,3.447907956366514e-08,6.896714236588855e-10,1.7684346830993713e-07
blk0_spa/c_readout,53,0,512,1.0101585183238594e-06,7.351842342127985e-15,0.5086589304906747,2.183100512864744e-08,1.972965856101288e-09,1.2022222343076524e-07
blk0_spa/d_path,53,0,512,0.0,0.0,22.231340502948097,0.0,0.0,0.0
blk0_spa/readout,53,0,512,1.0101585179833657e-06,7.35184233638028e-15,27.338821051474824,2.1831005114769653e-08,1.972965855436261e-09,1.6398653947568984e-08
blk0_spa/state,54,0,8192,5.795748105530626e-06,3.3389733124832695e-14,1.0133577111374914,3.523536692973117e-08,7.074887824134065e-10,1.815202519309542e-07
blk0_spa/c_readout,54,0,512,1.049478949242899e-06,7.882787766525315e-15,0.5122194769558144,2.2668188430496894e-08,2.049763572740037e-09,1.240543143699015e-07
blk0_spa/d_path,54,0,512,0.0,0.0,21.49367243641116,0.0,0.0,0.0
blk0_spa/readout,54,0,512,1.0494789488683885e-06,7.88278776476878e-15,26.698142230974526,2.2668188437435788e-08,2.0497635720085713e-09,1.7183016048860888e-08
blk0_spa/state,55,0,8192,5.880732183716542e-06,3.4484658802644365e-14,1.0341693042849536,3.6032981584610546e-08,7.178628153950857e-10,1.8260688374001908e-07
blk0_spa/c_readout,55,0,512,1.101244549191849e-06,8.629639695790208e-15,0.5962520368597685,2.330269834038834e-08,2.15086826014033e-09,1.2030436743332993e-07
blk0_spa/d_path,55,0,512,0.0,0.0,21.86969913862844,0.0,0.0,0.0
blk0_spa/readout,55,0,512,1.1012445493964922e-06,8.629639697127796e-15,27.603105480859384,2.330269832651055e-08,2.1508682605400238e-09,1.7681428910501942e-08
blk0_spa/state,56,0,8192,5.9739766436337585e-06,3.571643683751208e-14,1.037603929665527,3.686456698237528e-08,7.29245195756074e-10,1.8553175772610329e-07
blk0_spa/c_readout,56,0,512,1.0838789660524763e-06,8.361879237764151e-15,0.5073870147144577,2.22780475386819e-08,2.1169511055712427e-09,1.2837553644705626e-07
blk0_spa/d_path,56,0,512,0.0,0.0,21.838900670092134,0.0,0.0,0.0
blk0_spa/readout,56,0,512,1.0838789658036383e-06,8.36187923377675e-15,26.958273875067125,2.227804757337637e-08,2.116951105085231e-09,1.761188759327399e-08
blk0_spa/state,57,0,8192,6.133037588184593e-06,3.752374572635797e-14,1.037108862772187,3.769369563699776e-08,7.486618149639396e-10,1.902133171673988e-07
blk0_spa/c_readout,57,0,512,1.1224441915570516e-06,8.995404036528791e-15,0.5195462487507396,2.264808895285908e-08,2.1922738116348664e-09,1.3158252944328803e-07
blk0_spa/d_path,57,0,512,0.0,0.0,22.039107878653837,0.0,0.0,0.0
blk0_spa/readout,57,0,512,1.1224441917855878e-06,8.995404040181867e-15,27.23882160363661,2.2648088959797974e-08,2.1922738120812263e-09,1.8172562862089053e-08
blk0_spa/state,58,0,8192,6.196350738805486e-06,3.8357645434384555e-14,1.0414391725388885,3.853436730816284e-08,7.563904710455916e-10,1.91915042098084e-07
blk0_spa/c_readout,58,0,512,1.1771021508197175e-06,9.902996021263507e-15,0.5356548010663088,2.5275513557132534e-08,2.2990276383197607e-09,1.3596928110559497e-07
blk0_spa/d_path,58,0,512,0.0,0.0,23.329498532722194,0.0,0.0,0.0
blk0_spa/readout,58,0,512,1.1771021506320557e-06,9.902996020808771e-15,28.75682358762835,2.5275513571010322e-08,2.2990276379532337e-09,1.8557216976388687e-08
blk0_spa/state,59,0,8192,6.30843476272486e-06,3.9480681984681864e-14,1.054821963455535,3.935405075428111e-08,7.70072602871687e-10,1.934651484649087e-07
blk0_spa/c_readout,59,0,512,1.1837978539967682e-06,1.0058122405812694e-14,0.5431187232372435,2.6766520638821234e-08,2.312105183587438e-09,1.360852548485225e-07
blk0_spa/d_path,59,0,512,0.0,0.0,22.95917788099591,0.0,0.0,0.0
blk0_spa/readout,59,0,512,1.1837978539807491e-06,1.0058122407849389e-14,28.577142050065028,2.676652061106566e-08,2.3121051835561506e-09,1.876070098468126e-08
blk0_spa/state,60,0,8192,6.386349344945162e-06,4.054389068361928e-14,1.0436358003563702,4.0153267683029625e-08,7.795836602716262e-10,1.9710072731951475e-07
blk0_spa/c_readout,60,0,512,1.1473701387616962e-06,9.41175331559168e-15,0.5341670699276384,2.632698020699209e-08,2.240957302268938e-09,1.3273844087339313e-07
blk0_spa/d_path,60,0,512,0.0,0.0,20.96516584088391,0.0,0.0,0.0
blk0_spa/readout,60,0,512,1.147370139325427e-06,9.411753320249522e-15,26.34915297408569,2.632698020699209e-08,2.240957303369975e-09,1.8899570663306438e-08
blk0_spa/state,61,0,8192,6.4576091274767495e-06,4.156341087126024e-14,1.0368340594423042,4.091962328700571e-08,7.882823641939391e-10,2.002170059581577e-07
blk0_spa/c_readout,61,0,512,1.1895658211482147e-06,1.0079099257396607e-14,0.5389964747561478,2.8919323324938517e-08,2.323370744430107e-09,1.3674702873366513e-07
blk0_spa/d_path,61,0,512,0.0,0.0,20.907057764658294,0.0,0.0,0.0
blk0_spa/readout,61,0,512,1.1895658206223495e-06,1.0079099242780987e-14,26.31144565960011,2.8919323324938517e-08,2.3233707434030264e-09,1.9572148642541736e-08
blk0_spa/state,62,0,8192,6.6043248568525336e-06,4.3239517909066e-14,1.0438848016034454,4.1628408331551014e-08,8.061919991275065e-10,2.035232993014682e-07
blk0_spa/c_readout,62,0,512,1.247278366167087e-06,1.1261044338752273e-14,0.542720432405762,2.9801457628042538e-08,2.4360905589200917e-09,1.4404601498976744e-07
blk0_spa/d_path,62,0,512,0.0,0.0,21.14261799076765,0.0,0.0,0.0
blk0_spa/readout,62,0,512,1.247278366084037e-06,1.1261044338602552e-14,26.72242562505398,2.9801457628042538e-08,2.436090558757885e-09,2.0528224837979322e-08
blk0_spa/state,63,0,8192,6.729750189532094e-06,4.4760703970616436e-14,1.0385672981027934,4.228189091903811e-08,8.21502708683117e-10,2.0760180840902342e-07
blk0_spa/c_readout,63,0,512,1.2654790326089415e-06,1.1459326986378845e-14,0.5287463880938934,3.043189191614948e-08,2.471638735564339e-09,1.4721628331343208e-07
blk0_spa/d_path,63,0,512,0.0,0.0,21.729301321699676,0.0,0.0,0.0
blk0_spa/readout,63,0,512,1.2654790324256029e-06,1.1459326978646527e-14,27.18074969377361,3.043189191614948e-08,2.4716387352062556e-09,2.0532831361476533e-08
blk0_spa/state,64,0,8192,6.793794114663261e-06,4.579667551246337e-14,1.0610069784110032,4.288226473914136e-08,8.293205706376051e-10,2.077580479879037e-07
blk0_spa/c_readout,64,0,512,1.3411447771776201e-06,1.2686368294663083e-14,0.6129604021030326,3.07364236562524e-08,2.6194233929250393e-09,1.4386410485226973e-07
blk0_spa/d_path,64,0,512,0.0,0.0,22.7666702472777,0.0,0.0,0.0
blk0_spa/readout,64,0,512,1.3411447778318006e-06,1.268636830272052e-14,28.7631336465476,3.07364236562524e-08,2.6194233942027356e-09,2.1001511772209307e-08
blk0_spa/state,65,0,8192,6.905548988307396e-06,4.7078877122653684e-14,1.091396253425397,4.343595240430265e-08,8.429625229867427e-10,2.0769298047818023e-07
blk0_spa/c_readout,65,0,512,1.4098427077529187e-06,1.4021504207983476e-14,0.6237093171166253,3.306952630482973e-08,2.7535990385799194e-09,1.499360921603837e-07
blk0_spa/d_path,65,0,512,0.0,0.0,23.04787822679646,0.0,0.0,0.0
blk0_spa/readout,65,0,512,1.4098427077053223e-06,1.4021504213418004e-14,29.141818666403264,3.306952630482973e-08,2.7535990384869576e-09,2.19350676255156e-08
blk0_spa/state,66,0,8192,6.99788139754898e-06,4.814849171957907e-14,1.1095839199242576,4.149045704227028e-08,8.542335690367408e-10,2.0831055039617714e-07
blk0_spa/c_readout,66,0,512,1.3835233844339761e-06,1.3265216239212448e-14,0.5942534608777268,2.8640618765507497e-08,2.7021941102226097e-09,1.4940712440926574e-07
blk0_spa/d_path,66,0,512,0.0,0.0,22.78428665674916,0.0,0.0,0.0
blk0_spa/readout,66,0,512,1.3835233849677695e-06,1.3265216244250867e-14,28.520069021590906,2.8640618765507497e-08,2.702194111265175e-09,2.1566609805926298e-08
blk0_spa/state,67,0,8192,7.087223672373038e-06,4.9603904815324685e-14,1.1492115455761982,4.20069972209558e-08,8.651396084439744e-10,2.0775808927411315e-07
blk0_spa/c_readout,67,0,512,1.3840818512241176e-06,1.3101949251940696e-14,0.6457097438825559,2.6746210489425604e-08,2.7032848656721048e-09,1.424456812048518e-07
blk0_spa/d_path,67,0,512,0.0,0.0,25.10458707939107,0.0,0.0,0.0
blk0_spa/readout,67,0,512,1.3840818509730435e-06,1.310194925557634e-14,31.401450001794927,2.6746210496364498e-08,2.7032848651817256e-09,2.0426459873021196e-08
blk0_spa/state,68,0,8192,7.216471406062101e-06,5.1375649690160395e-14,1.1285806000578629,4.2485492332544617e-08,8.809169196853151e-10,2.133596907338429e-07
blk0_spa/c_readout,68,0,512,1.3304897492968937e-06,1.2063272888256643e-14,0.4977371610012082,2.7164236207632975e-08,2.5986127915954955e-09,1.5567989964858655e-07
blk0_spa/d_path,68,0,512,0.0,0.0,22.40482259460192,0.0,0.0,0.0
blk0_spa/readout,68,0,512,1.3304897496823276e-06,1.2063272884787069e-14,27.529941568206617,2.7164236221510762e-08,2.598612792348296e-09,2.0932925667518746e-08
blk0_spa/state,69,0,8192,7.3109403132844826e-06,5.2471116024800314e-14,1.1113318872446394,4.293317069220537e-08,8.924487687114847e-10,2.17289261001574e-07
blk0_spa/c_readout,69,0,512,1.3404471665813536e-06,1.2227682350603142e-14,0.5410485701984854,2.8530415523142505e-08,2.618060872229206e-09,1.503328695104869e-07
blk0_spa/d_path,69,0,512,0.0,0.0,22.048474581658997,0.0,0.0,0.0
blk0_spa/readout,69,0,512,1.3404471659585607e-06,1.2227682341242023e-14,27.544889445687925,2.85304155300814e-08,2.618060871012814e-09,2.1069370350705628e-08
blk0_spa/state,70,0,8192,7.404006596042464e-06,5.41368950436235e-14,1.11183217609575,4.34121429429557e-08,9.038093989309648e-10,2.2066174726916892e-07
blk0_spa/c_readout,70,0,512,1.3812023894391168e-06,1.3091758790909212e-14,0.5498007694331726,2.631061751801056e-08,2.697660916873275e-09,1.543108010947053e-07
blk0_spa/d_path,70,0,512,0.0,0.0,21.375617372382937,0.0,0.0,0.0
blk0_spa/readout,70,0,512,1.381202389468607e-06,1.309175879680101e-14,27.06338417986995,2.631061751801056e-08,2.6976609169308732e-09,2.199418867592397e-08
blk0_spa/state,71,0,8192,7.47636209794109e-06,5.561860317901611e-14,1.1162774036627114,4.393074240494066e-08,9.126418576588245e-10,2.2321530648170624e-07
blk0_spa/c_readout,71,0,512,1.3593337753716163e-06,1.2861040493775905e-14,0.5194266797499554,2.6435789675371968e-08,2.654948780022688e-09,1.5735332573784474e-07
blk0_spa/d_path,71,0,512,0.0,0.0,20.917232351426254,0.0,0.0,0.0
blk0_spa/readout,71,0,512,1.359333775199472e-06,1.2861040494473623e-14,26.34958659991937,2.6435789668433074e-08,2.654948779686469e-09,2.209281978031583e-08
blk0_spa/state,72,0,8192,7.598943733257114e-06,5.757209908732475e-14,1.1182953141724934,4.448184259819854e-08,9.276054361886125e-10,2.268964910190358e-07
blk0_spa/c_readout,72,0,512,1.4287334536027983e-06,1.4206209191388991e-14,0.54928928374899,2.882398490722249e-08,2.7904950265679654e-09,1.608194378161854e-07
blk0_spa/d_path,72,0,512,0.0,0.0,21.294290195607946,0.0,0.0,0.0
blk0_spa/readout,72,0,512,1.4287334532733635e-06,1.4206209188410699e-14,26.852512210864173,2.8823984865589125e-08,2.790495025924538e-09,2.300099594132936e-08
blk0_spa/state,73,0,8192,7.7329357639425e-06,5.965087692176925e-14,1.1152313997624288,4.5034971210555774e-08,9.439618852468873e-10,2.312735261380785e-07
blk0_spa/c_readout,73,0,512,1.4635450098516964e-06,1.5174740064999086e-14,0.5081239390626644,2.8494680413826412e-08,2.8584863473665946e-09,1.7281275833894907e-07
blk0_spa/d_path,73,0,512,0.0,0.0,21.83933031017052,0.0,0.0,0.0
blk0_spa/readout,73,0,512,1.4635450101493913e-06,1.5174740064259964e-14,27.266331411650622,2.8494680420765306e-08,2.85848634794803e-09,2.3591050253534106e-08
blk0_spa/state,74,0,8192,7.849111232803828e-06,6.12527651451369e-14,1.121497164250229,4.55725292225484e-08,9.581434610356236e-10,2.3370271597004673e-07
blk0_spa/c_readout,74,0,512,1.504277905908275e-06,1.5788974806269207e-14,0.5579730371821763,2.9066262494104045e-08,2.9380427849770997e-09,1.682171843178044e-07
blk0_spa/d_path,74,0,512,0.0,0.0,22.38150029417469,0.0,0.0,0.0
blk0_spa/readout,74,0,512,1.5042779056186305e-06,1.5788974804202262e-14,28.10510175146941,2.9066262507981833e-08,2.9380427844113876e-09,2.370196676809324e-08
blk0_spa/state,75,0,8192,7.912138943347462e-06,6.272630095948141e-14,1.1424040345182245,4.610569502572215e-08,9.658372733578445e-10,2.3432303006455866e-07
blk0_spa/c_readout,75,0,512,1.57051502627603e-06,1.7014524633712556e-14,0.6485599771207614,3.209659650560415e-08,3.067412160695371e-09,1.6197009525913926e-07
blk0_spa/d_path,75,0,512,0.0,0.0,21.74631620040374,0.0,0.0,0.0
blk0_spa/readout,75,0,512,1.5705150261541826e-06,1.701452462696444e-14,28.103376901608367,3.209659649172636e-08,3.067412160457388e-09,2.4605412824761688e-08
blk0_spa/state,76,0,8192,7.98111738218852e-06,6.394060286757661e-14,1.1381543987132687,4.660212217511006e-08,9.742574929429346e-10,2.3702151666004265e-07
blk0_spa/c_readout,76,0,512,1.529937111040118e-06,1.6097068294944547e-14,0.5595506106772303,3.213725712630788e-08,2.9881584200002305e-09,1.6961087955640266e-07
blk0_spa/d_path,76,0,512,0.0,0.0,21.20457586335448,0.0,0.0,0.0
blk0_spa/readout,76,0,512,1.5299371112923034e-06,1.609706829853982e-14,26.958789251976068,3.213725712630788e-08,2.98815842049278e-09,2.443561092789808e-08
blk0_spa/state,77,0,8192,8.115788879776095e-06,6.573350912204984e-14,1.1163911333135461,4.4575577062833105e-08,9.906968847382929e-10,2.426527510128294e-07
blk0_spa/c_readout,77,0,512,1.5014820025811905e-06,1.5264313961242007e-14,0.5750105834868852,2.8102877185076647e-08,2.9325820362913876e-09,1.6292987560922327e-07
blk0_spa/d_path,77,0,512,0.0,0.0,21.128748322186432,0.0,0.0,0.0
blk0_spa/readout,77,0,512,1.5014820022416455e-06,1.5264313953791017e-14,26.88586937996082,2.8102877185076647e-08,2.9325820356282138e-09,2.3827397105220315e-08
blk0_spa/state,78,0,8192,8.201744086729753e-06,6.751142991328444e-14,1.1168703516052403,4.503727977361871e-08,1.001189463712128e-09,2.4585965741129694e-07
blk0_spa/c_readout,78,0,512,1.540524348477395e-06,1.6255880031297967e-14,0.5456082135380675,2.821390095858467e-08,3.0088366181199123e-09,1.7260953913336905e-07
blk0_spa/d_path,78,0,512,0.0,0.0,21.24697531128626,0.0,0.0,0.0
blk0_spa/readout,78,0,512,1.5405243480361248e-06,1.6255880020310668e-14,26.948135709061066,2.821390093776799e-08,3.0088366172580563e-09,2.456070787983039e-08
blk0_spa/state,79,0,8192,8.330430500353476e-06,6.951652215461392e-14,1.120539223439497,4.549622695942945e-08,1.0168982544376802e-09,2.4907519942626965e-07
blk0_spa/c_readout,79,0,512,1.601958997404578e-06,1.7754423634232738e-14,0.5634356301378591,2.984066283656661e-08,3.1288261668058164e-09,1.7751339723917338e-07
blk0_spa/d_path,79,0,512,0.0,0.0,21.82987761643583,0.0,0.0,0.0
blk0_spa/readout,79,0,512,1.6019589975785382e-06,1.775442363904572e-14,27.604276978788416,2.984066282962772e-08,3.1288261671455824e-09,2.5360925658156085e-08
blk0_spa/state,80,0,8192,8.385524599118693e-06,7.102585089720057e-14,1.1353842188081988,4.59393924984175e-08,1.023623608290856e-09,2.5011330551262204e-07
blk0_spa/c_readout,80,0,512,1.6985184761589072e-06,1.9730070853832545e-14,0.641394914180476,3.004698245767656e-08,3.3174188987478657e-09,1.753886827949032e-07
blk0_spa/d_path,80,0,512,0.0,0.0,22.777600959709595,0.0,0.0,0.0
blk0_spa/readout,80,0,512,1.6985184764315299e-06,1.9730070855018935e-14,29.10224618651058,3.004698245767656e-08,3.3174188992803317e-09,2.6037606979586938e-08
blk0_spa/state,81,0,8192,8.494863164260604e-06,7.262517166301126e-14,1.1504553034741958,4.6384467634885684e-08,1.0369706011060308e-09,2.512515274802242e-07
blk0_spa/c_readout,81,0,512,1.7004307956410462e-06,1.9860052321830375e-14,0.6122753670350979,3.284123031854769e-08,3.3211538977364184e-09,1.8010128045202714e-07
blk0_spa/d_path,81,0,512,0.0,0.0,23.115232660265015,0.0,0.0,0.0
blk0_spa/readout,81,0,512,1.7004307954760036e-06,1.9860052323234664e-14,29.213589603271323,3.284123029079211e-08,3.3211538974140695e-09,2.607340389436581e-08
blk0_spa/state,82,0,8192,8.552210023915984e-06,7.394942052232917e-14,1.1785578740315281,4.680961636360781e-08,1.0439709501850566e-09,2.5049088704853663e-07
blk0_spa/c_readout,82,0,512,1.7329796098643626e-06,2.1080240130524848e-14,0.6931607294325437,3.259075470607442e-08,3.3847258005163332e-09,1.743896884612799e-07
blk0_spa/d_path,82,0,512,0.0,0.0,24.25204348647538,0.0,0.0,0.0
blk0_spa/readout,82,0,512,1.7329796097133604e-06,2.1080240133041784e-14,30.848338013563463,3.259075470607442e-08,3.384725800221407e-09,2.6140981600926713e-08
blk0_spa/state,83,0,8192,8.616679578734124e-06,7.529729229272713e-14,1.1797390698422054,4.720692355769662e-08,1.0518407688884428e-09,2.5263685041055075e-07
blk0_spa/c_readout,83,0,512,1.64229448274542e-06,1.8301424131517405e-14,0.5505018281763261,3.283132987003112e-08,3.2076064116121483e-09,1.8233206899965873e-07
blk0_spa/d_path,83,0,512,0.0,0.0,24.222619861513873,0.0,0.0,0.0
blk0_spa/readout,83,0,512,1.6422944829695652e-06,1.8301424138647366e-14,29.846129335948486,3.283132987697002e-08,3.207606412049932e-09,2.476272500043986e-08
blk0_spa/state,84,0,8192,8.717999150560949e-06,7.740094791922636e-14,1.1619040448606006,4.7563835987862735e-08,1.0642088806837096e-09,2.581000020163734e-07
blk0_spa/c_readout,84,0,512,1.595783014894757e-06,1.731798659519543e-14,0.5498371835334694,3.139522232464831e-08,3.116763700966322e-09,1.7747273673237003e-07
blk0_spa/d_path,84,0,512,0.0,0.0,22.698318896223586,0.0,0.0,0.0
blk0_spa/readout,84,0,512,1.5957830153489834e-06,1.7317986602340255e-14,28.30434082531922,3.139522231077052e-08,3.1167637018534833e-09,2.4735584495962477e-08
blk0_spa/state,85,0,8192,8.750032833746883e-06,7.83419151282932e-14,1.1598324609563873,4.788919012038706e-08,1.0681192424007426e-09,2.598959203186507e-07
blk0_spa/c_readout,85,0,512,1.6628949460652087e-06,1.8684885043903858e-14,0.6617010192591285,3.276471848695506e-08,3.2478416915336107e-09,1.6804063473695677e-07
blk0_spa/d_path,85,0,512,0.0,0.0,22.98574839888134,0.0,0.0,0.0
blk0_spa/readout,85,0,512,1.6628949463671048e-06,1.8684885053650758e-14,29.42611285136484,3.276471849389395e-08,3.2478416921232516e-09,2.5198736613405165e-08
blk0_spa/state,86,0,8192,8.876196195229441e-06,8.062183175761007e-14,1.1637655222367005,4.8233727407975824e-08,1.083520043362969e-09,2.6320466799264634e-07
blk0_spa/c_readout,86,0,512,1.6751963372315824e-06,1.9561246814531557e-14,0.5485372350129478,3.333273476679999e-08,3.2718678461554344e-09,1.8884052966685954e-07
blk0_spa/d_path,86,0,512,0.0,0.0,21.98108576152576,0.0,0.0,0.0
blk0_spa/readout,86,0,512,1.6751963371871301e-06,1.9561246808372405e-14,27.82408107104783,3.333273479455556e-08,3.2718678460686135e-09,2.6514769212077564e-08
blk0_spa/state,87,0,8192,8.985940278828775e-06,8.258072035159824e-14,1.136461880862705,4.862146667228284e-08,1.0969165379429657e-09,2.6956400291347193e-07
blk0_spa/c_readout,87,0,512,1.6158090690414373e-06,1.8105742041541088e-14,0.5410900776705279,3.25484504279383e-08,3.1558770879715572e-09,1.8292513290419947e-07
blk0_spa/d_path,87,0,512,0.0,0.0,21.346932787714366,0.0,0.0,0.0
blk0_spa/readout,87,0,512,1.6158090689542674e-06,1.8105742038363904e-14,26.872665588461,3.2548450434877196e-08,3.1558770878013036e-09,2.5956897992740874e-08
blk0_spa/state,88,0,8192,9.145831150235152e-06,8.537767814736477e-14,1.1753669755112754,4.9055223938498926e-08,1.1164344665814394e-09,2.695165432918361e-07
blk0_spa/c_readout,88,0,512,1.7748605843984823e-06,2.248080038242191e-14,0.6095933167369104,3.530578982641197e-08,3.4665245789032858e-09,1.9203738618789595e-07
blk0_spa/d_path,88,0,512,0.0,0.0,22.309264859116535,0.0,0.0,0.0
blk0_spa/readout,88,0,512,1.774860584976362e-06,2.248080037381238e-14,28.581302280021156,3.530578984722865e-08,3.466524580031957e-09,2.8045609195562897e-08
blk0_spa/state,89,0,8192,9.253991298742734e-06,8.752763307073299e-14,1.1965485005802057,4.950253394697679e-08,1.1296376097098064e-09,2.704627370688392e-07
blk0_spa/c_readout,89,0,512,1.7964379172614025e-06,2.2613593242372087e-14,0.6570632734651563,3.52770648456846e-08,3.5086678071511767e-09,1.8551592305233921e-07
blk0_spa/d_path,89,0,512,0.0,0.0,21.88501247637538,0.0,0.0,0.0
blk0_spa/readout,89,0,512,1.7964379174774298e-06,2.2613593254909065e-14,28.372992386717506,3.527706488037907e-08,3.508667807573105e-09,2.82313871287751e-08
blk0_spa/state,90,0,8192,9.40392749169649e-06,9.032106123015941e-14,1.186028671489247,4.997973360176822e-08,1.1479403676387317e-09,2.7596049918949234e-07
blk0_spa/c_readout,90,0,512,1.76397145029823e-06,2.1836768356646356e-14,0.6295997875275579,3.731296334408274e-08,3.4452567388637306e-09,1.8623525467990222e-07
blk0_spa/d_path,90,0,512,0.0,0.0,20.999814163544194,0.0,0.0,0.0
blk0_spa/readout,90,0,512,1.7639714504347311e-06,2.1836768370048024e-14,27.12466657204426,3.73129633857161e-08,3.4452567391303343e-09,2.8373439125566443e-08
blk0_spa/state,91,0,8192,9.47740196233047e-06,9.216744131950251e-14,1.181280886104202,5.047299908578218e-08,1.1569094192297937e-09,2.7932652411825717e-07
blk0_spa/c_readout,91,0,512,1.7685990206051844e-06,2.1737512424527604e-14,0.6089653857990723,3.67210261295603e-08,3.454294962119501e-09,1.889333468035817e-07
blk0_spa/d_path,91,0,512,0.0,0.0,20.77968758106019,0.0,0.0,0.0
blk0_spa/readout,91,0,512,1.7685990211952073e-06,2.1737512428064847e-14,26.89608893555558,3.6721026108743615e-08,3.454294963271889e-09,2.8428919620305947e-08
blk0_spa/state,92,0,8192,9.589250702168582e-06,9.437423084576225e-14,1.1752938335972607,5.0941894036427016e-08,1.1705628298545632e-09,2.833697478919624e-07
blk0_spa/c_readout,92,0,512,1.7840161327471583e-06,2.2198007035425498e-14,0.6468684418683207,3.645386755651847e-08,3.4844065092717935e-09,1.8524607302445028e-07
blk0_spa/d_path,92,0,512,0.0,0.0,20.678080120979473,0.0,0.0,0.0
blk0_spa/readout,92,0,512,1.7840161326732157e-06,2.2198007031340852e-14,27.008804414615554,3.645386759121294e-08,3.4844065091273744e-09,2.8668456569131445e-08
blk0_spa/state,93,0,8192,9.712089649890148e-06,9.68759833109526e-14,1.1768399832613015,5.139158801292787e-08,1.185557818590106e-09,2.869124237489846e-07
blk0_spa/c_readout,93,0,512,1.8242816787265487e-06,2.2854352698258117e-14,0.6591091876919232,3.7037152171570664e-08,3.5630501537627905e-09,1.862111918723466e-07
blk0_spa/d_path,93,0,512,0.0,0.0,21.123008012933987,0.0,0.0,0.0
blk0_spa/readout,93,0,512,1.8242816787020458e-06,2.285435270726078e-14,27.59487438423947,3.703715217850956e-08,3.563050153714933e-09,2.8778639039982152e-08
blk0_spa/state,94,0,8192,9.8314759176982e-06,9.963856400494299e-14,1.1805745378035761,5.182272147519207e-08,1.2001313376096435e-09,2.905139717053603e-07
blk0_spa/c_readout,94,0,512,1.8545382883584726e-06,2.384047600042288e-14,0.6329264839571314,3.6637283790108555e-08,3.6221450944501417e-09,1.9408001938083532e-07
blk0_spa/d_path,94,0,512,0.0,0.0,21.672241670853207,0.0,0.0,0.0
blk0_spa/readout,94,0,512,1.854538288424426e-06,2.3840475996757178e-14,28.027758024556316,3.663728376235298e-08,3.622145094578957e-09,2.9165087345681367e-08
blk0_spa/state,95,0,8192,9.92263512585732e-06,1.021464974970046e-13,1.177475298194054,5.226602391161794e-08,1.2112591706368799e-09,2.9453427253559843e-07
blk0_spa/c_readout,95,0,512,1.8586872115718361e-06,2.442382948561832e-14,0.6262826047263239,4.1225514668674634e-08,3.6302484601012425e-09,1.974793572712566e-07
blk0_spa/d_path,95,0,512,0.0,0.0,21.144577268736423,0.0,0.0,0.0
blk0_spa/readout,95,0,512,1.8586872118027712e-06,2.442382949634594e-14,27.36581319272924,4.1225514668674634e-08,3.6302484605522875e-09,2.9874641385919026e-08
blk0_spa/state,96,0,8192,9.98097341709327e-06,1.0422166677329311e-13,1.1916068746053312,5.274578372682637e-08,1.2183805440787683e-09,2.957416606168856e-07
blk0_spa/c_readout,96,0,512,2.01870317212355e-06,2.900303652857724e-14,0.6772305561289931,4.027952400786905e-08,3.942779633053808e-09,2.069442968928898e-07
blk0_spa/d_path,96,0,512,0.0,0.0,22.800270154185974,0.0,0.0,0.0
blk0_spa/readout,96,0,512,2.018703171889877e-06,2.9003036527411126e-14,29.393382572517922,4.027952399399126e-08,3.942779632597416e-09,3.141209853742011e-08
blk0_spa/state,97,0,8192,1.0061409772494988e-05,1.0656415188551837e-13,1.2040825164363604,5.323496937714722e-08,1.228199435119017e-09,2.974934726462862e-07
blk0_spa/c_readout,97,0,512,1.9439532932626605e-06,2.7108023722750692e-14,0.5994194487073623,4.44508067021232e-08,3.796783775903634e-09,2.1265887573296624e-07
blk0_spa/d_path,97,0,512,0.0,0.0,24.308260935659554,0.0,0.0,0.0
blk0_spa/readout,97,0,512,1.9439532936287956e-06,2.7108023735251212e-14,30.533717342868908,4.44508067021232e-08,3.796783776618741e-09,2.9796077015969197e-08
blk0_spa/state,98,0,8192,1.0123165902136607e-05,1.0809948637899461e-13,1.213794452625884,5.373288043675206e-08,1.23573802516316e-09,2.984277750890355e-07
blk0_spa/c_readout,98,0,512,1.9961366246245e-06,2.8720330284154104e-14,0.5700279203849651,4.2145326034637165e-08,3.898704344969727e-09,2.244639757028396e-07
blk0_spa/d_path,98,0,512,0.0,0.0,24.532117087018673,0.0,0.0,0.0
blk0_spa/readout,98,0,512,1.996136624716549e-06,2.872033029308384e-14,30.379054522898297,4.214532606239274e-08,3.89870434514951e-09,3.074734270072228e-08
blk0_spa/state,99,0,8192,1.0221106984358053e-05,1.1066064126442461e-13,1.2085444258165758,5.420013324264339e-08,1.2476937236765201e-09,3.0259746225962796e-07
blk0_spa/c_readout,99,0,512,1.9437927993344147e-06,2.665695883489785e-14,0.6959027610884153,4.173032144838551e-08,3.796470311200029e-09,1.9571811343101647e-07
blk0_spa/d_path,99,0,512,0.0,0.0,21.874391072012685,0.0,0.0,0.0
blk0_spa/readout,99,0,512,1.943792799262044e-06,2.6656958834048e-14,28.433094338588653,4.1730321420629934e-08,3.79647031105868e-09,3.061915756618986e-08
blk0_spa/state,100,0,8192,1.0302119325759455e-05,1.1277314445757133e-13,1.2091790748327143,5.462498323116627e-08,1.257582925507746e-09,3.053919137679819e-07
blk0_spa/c_readout,100,0,512,1.8643553767821327e-06,2.5062476632681322e-14,0.5768864553402366,4.208063812682905e-08,3.641319095277603e-09,2.0843316410853257e-07
blk0_spa/d_path,100,0,512,0.0,0.0,21.227279492631176,0.0,0.0,0.0
blk0_spa/readout,100,0,512,1.8643553768409642e-06,2.50624766430803e-14,27.267921858849242,4.208063814070684e-08,3.641319095392508e-09,3.031698244194145e-08
blk0_spa/state,101,0,8192,1.0446861252231629e-05,1.1571567432996173e-13,1.2060460268154292,5.5030659779076174e-08,1.2752516177040563e-09,3.097520249125586e-07
blk0_spa/c_readout,101,0,512,1.9219604565949997e-06,2.6387304319855078e-14,0.6112812467497093,3.9305192697791647e-08,3.753829016787109e-09,2.0776719504606994e-07
blk0_spa/d_path,101,0,512,0.0,0.0,21.501458012986603,0.0,0.0,0.0
blk0_spa/readout,101,0,512,1.9219604557919853e-06,2.638730430647697e-14,27.744229522614248,3.930519265615828e-08,3.753829015218721e-09,3.083977340633949e-08
blk0_spa/state,102,0,8192,1.0592214393619445e-05,1.1878371030382679e-13,1.197544073736218,5.542642846079193e-08,1.2929949210961236e-09,3.1494352962385965e-07
blk0_spa/c_readout,102,0,512,1.995863228086696e-06,2.862285317623952e-14,0.6095090404527718,4.306022578087765e-08,3.8981703673568285e-09,2.1670372947680046e-07
blk0_spa/d_path,102,0,512,0.0,0.0,21.905894128162675,0.0,0.0,0.0
blk0_spa/readout,102,0,512,1.995863227964398e-06,2.8622853175713875e-14,28.109216585199412,4.3060225773938754e-08,3.898170367117965e-09,3.191038841595084e-08
blk0_spa/state,103,0,8192,1.0680682375590997e-05,1.2116338338666997e-13,1.2071615818429775,5.585410903230503e-08,1.3037942353016354e-09,3.1681299952730105e-07
blk0_spa/c_readout,103,0,512,2.0495481489198157e-06,3.011035153476069e-14,0.5884723700301392,4.291057959654454e-08,4.003023728359015e-09,2.2620118441637128e-07
blk0_spa/d_path,103,0,512,0.0,0.0,22.900846409038316,0.0,0.0,0.0
blk0_spa/readout,103,0,512,2.0495481483291424e-06,3.0110351516111714e-14,28.993243602578087,4.29105796451168e-08,4.003023727205356e-09,3.22262306081689e-08
blk0_spa/state,104,0,8192,1.083902811100697e-05,1.2469733394253768e-13,1.2454765424287682,5.631701614772222e-08,1.3231235487069055e-09,3.164177281034956e-07
blk0_spa/c_readout,104,0,512,2.1628960506955093e-06,3.3791944997610216e-14,0.6371682385713928,4.678696060439469e-08,4.2244063490146666e-09,2.3029236259912398e-07
blk0_spa/d_path,104,0,512,0.0,0.0,22.245553996917053,0.0,0.0,0.0
blk0_spa/readout,104,0,512,2.1628960508331216e-06,3.379194500769292e-14,28.78224851690622,4.678696063908916e-08,4.224406349283441e-09,3.426448711582778e-08
blk0_spa/state,105,0,8192,1.0969422724521465e-05,1.2787073535204266e-13,1.255379772311032,5.694547258738858e-08,1.3390408599269367e-09,3.1915232899549106e-07
blk0_spa/c_readout,105,0,512,2.123528590326298e-06,3.287828113732405e-14,0.6671769709812962,4.685049188879464e-08,4.147516777981051e-09,2.21990315645754e-07
blk0_spa/d_path,105,0,512,0.0,0.0,21.682570933660624,0.0,0.0,0.0
blk0_spa/readout,105,0,512,2.1235285901988637e-06,3.2878281146022894e-14,28.29089391845791,4.6850491930428007e-08,4.147516777732156e-09,3.409033094253306e-08
blk0_spa/state,106,0,8192,1.1080792100062884e-05,1.3072106124687517e-13,1.2501647153854922,5.777550499130868e-08,1.3526357544022075e-09,3.2336213519880495e-07
blk0_spa/c_readout,106,0,512,2.133567957617413e-06,3.3957331257976937e-14,0.6495989990805069,4.926222198914365e-08,4.167124917221509e-09,2.2863573076736845e-07
blk0_spa/d_path,106,0,512,0.0,0.0,21.433983247508866,0.0,0.0,0.0
blk0_spa/readout,106,0,512,2.1335679577195447e-06,3.3957331258117556e-14,27.885196211982596,4.926222196832697e-08,4.167124917420986e-09,3.4896343505183596e-08
blk0_spa/state,107,0,8192,1.1196739321710892e-05,1.3359224439790077e-13,1.2243072401297659,5.8607270377042386e-08,1.3667894679822866e-09,3.30328020029223e-07
blk0_spa/c_readout,107,0,512,2.056947742446095e-06,3.048688549421917e-14,0.6494471345824375,4.508842461892204e-08,4.017476059465029e-09,2.1666293765886423e-07
blk0_spa/d_path,107,0,512,0.0,0.0,20.110250477180724,0.0,0.0,0.0
blk0_spa/readout,107,0,512,2.0569477426137126e-06,3.0486885500524896e-14,26.469878384227503,4.508842460504425e-08,4.017476059792407e-09,3.393755547760308e-08
blk0_spa/state,108,0,8192,1.1331676106755247e-05,1.3691788272751676e-13,1.2401377992751554,5.94358389727212e-08,1.3832612435003963e-09,3.322730476319209e-07
blk0_spa/c_readout,108,0,512,2.1761799207740594e-06,3.351689575971872e-14,0.7233961707503521,4.627894636954899e-08,4.250351407761835e-09,2.1525031297108226e-07
blk0_spa/d_path,108,0,512,0.0,0.0,22.012124855571948,0.0,0.0,0.0
blk0_spa/readout,108,0,512,2.1761799207462225e-06,3.3516895754649096e-14,29.075749396543127,4.6278946341793414e-08,4.250351407707466e-09,3.395208392976478e-08
blk0_spa/state,109,0,8192,1.1402484054899381e-05,1.3939202915887611e-13,1.2521607665519399,6.027705819200424e-08,1.3919047918578346e-09,3.336483059157867e-07
blk0_spa/c_readout,109,0,512,2.237257496395931e-06,3.50795987632206e-14,0.7142888212055466,4.480714798499319e-08,4.3696435476483025e-09,2.216105246824163e-07
blk0_spa/d_path,109,0,512,0.0,0.0,22.38187838932629,0.0,0.0,0.0
blk0_spa/readout,109,0,512,2.237257496307189e-06,3.50795987574816e-14,29.400476353883967,4.4807147991932084e-08,4.369643547474978e-09,3.454221039462762e-08
blk0_spa/state,110,0,8192,1.145534094541212e-05,1.416593319836269e-13,1.2483665025305415,6.111732973879125e-08,1.398357049000503e-09,3.368616265982687e-07
blk0_spa/c_readout,110,0,512,2.221845497642935e-06,3.5508997095625683e-14,0.6940043755471159,4.8850080633378035e-08,4.339541987583858e-09,2.2619765533320438e-07
blk0_spa/d_path,110,0,512,0.0,0.0,22.58065908560907,0.0,0.0,0.0
blk0_spa/readout,110,0,512,2.221845497642447e-06,3.550899709883688e-14,29.318026859811827,4.885008064725582e-08,4.339541987582905e-09,3.480181018951394e-08
blk0_spa/state,111,0,8192,1.1538506130433785e-05,1.4392497680552023e-13,1.2522571772784286,6.196150552362223e-08,1.4085090491252179e-09,3.390168773454726e-07
blk0_spa/c_readout,111,0,512,2.2323108630091153e-06,3.571853414816797e-14,0.6607556021658707,4.7671661673742705e-08,4.359982154314678e-09,2.3250183604190017e-07
blk0_spa/d_path,111,0,512,0.0,0.0,21.490613236272086,0.0,0.0,0.0
blk0_spa/readout,111,0,512,2.232310863149194e-06,3.5718534151814126e-14,28.06781254108764,4.7671661673742705e-08,4.35998215458827e-09,3.567323790566493e-08
blk0_spa/state,112,0,8192,1.159693702195028e-05,1.4649029907810543e-13,1.2559205992659934,6.280950167608657e-08,1.41564172631229e-09,3.415256613467189e-07
blk0_spa/c_readout,112,0,512,2.2730171610209615e-06,3.6504053635375525e-14,0.6910405658272343,4.5759692021696274e-08,4.4394866426190654e-09,2.2983638160336955e-07
blk0_spa/d_path,112,0,512,0.0,0.0,22.626839681725333,0.0,0.0,0.0
blk0_spa/readout,112,0,512,2.273017160912487e-06,3.6504053635089585e-14,29.32608141794,4.575969203557406e-08,4.439486642407201e-09,3.528121468953853e-08
blk0_spa/state,113,0,8192,1.1623539832827774e-05,1.4794220578379702e-13,1.2779578463522412,6.194901496642258e-08,1.4188891397494842e-09,3.4024188864221366e-07
blk0_spa/c_readout,113,0,512,2.3338744054625334e-06,4.007977254421539e-14,0.6883816550180818,5.37698349040161e-08,4.5583484481690105e-09,2.412948095915314e-07
blk0_spa/d_path,113,0,512,0.0,0.0,24.705186571703564,0.0,0.0,0.0
blk0_spa/readout,113,0,512,2.3338744055807385e-06,4.00797725535586e-14,31.56018203566105,5.376983491789389e-08,4.55834844839988e-09,3.563632199641346e-08
blk0_spa/state,114,0,8192,1.1679867965367265e-05,1.4964706944498439e-13,1.2688627642902472,6.109315795616022e-08,1.4257651324911212e-09,3.434209472351388e-07
blk0_spa/c_readout,114,0,512,2.2400562364011654e-06,3.629767239986983e-14,0.5911062462810838,4.573932004675596e-08,4.375109836721026e-09,2.4780303093262437e-07
blk0_spa/d_path,114,0,512,0.0,0.0,23.767139337150724,0.0,0.0,0.0
blk0_spa/readout,114,0,512,2.2400562366292002e-06,3.629767241268578e-14,29.858415380557183,4.5739320053694854e-08,4.375109837166407e-09,3.486631188281531e-08
blk0_spa/state,115,0,8192,1.1775230837891987e-05,1.5215349195622515e-13,1.2605190554180206,6.024243363877968e-08,1.4374061081411117e-09,3.474291503957439e-07
blk0_spa/c_readout,115,0,512,2.267516972196133e-06,3.6830728998924196e-14,0.7091623170782964,4.7627604887745534e-08,4.428744086320572e-09,2.2789370673759699e-07
blk0_spa/d_path,115,0,512,0.0,0.0,21.92368236230857,0.0,0.0,0.0
blk0_spa/readout,115,0,512,2.26751697183672e-06,3.683072899067576e-14,28.645892454910495,4.762760485998996e-08,4.428744085618594e-09,3.5857002286884185e-08
blk0_spa/state,116,0,8192,1.1897321464883672e-05,1.5544199361075742e-13,1.296814433639968,6.111911080020072e-08,1.4523097491313076e-09,3.462145065178498e-07
blk0_spa/c_readout,116,0,512,2.394886415185817e-06,4.207027335780022e-14,0.7050164518159198,5.124501076259058e-08,4.677512529659799e-09,2.442800730490379e-07
blk0_spa/d_path,116,0,512,0.0,0.0,24.594985812195134,0.0,0.0,0.0
blk0_spa/readout,116,0,512,2.394886415162561e-06,4.207027335268974e-14,31.740972097279652,5.124501079034616e-08,4.677512529614377e-09,3.64063848165747e-08
blk0_spa/state,117,0,8192,1.2023591075426497e-05,1.5902496928065192e-13,1.294466895023773,6.199537111450937e-08,1.4677235199495235e-09,3.504993251311862e-07
blk0_spa/c_readout,117,0,512,2.346163933186444e-06,3.984968528845709e-14,0.6524929541866258,5.0489433717215704e-08,4.582351432004773e-09,2.4712946828611713e-07
blk0_spa/d_path,117,0,512,0.0,0.0,24.070586758292574,0.0,0.0,0.0
blk0_spa/readout,117,0,512,2.3461639333380695e-06,3.9849685296543235e-14,30.708217750433185,5.048943368946013e-08,4.582351432300917e-09,3.602343664392821e-08
blk0_spa/state,118,0,8192,1.2128851382404375e-05,1.6194440219502797e-13,1.2822199906879987,6.277742161525657e-08,1.480572678516159e-09,3.553871319388218e-07
blk0_spa/c_readout,118,0,512,2.4009467871533872e-06,4.206404587651101e-14,0.6408320186165917,5.029121855765206e-08,4.6893491936589595e-09,2.562025333854933e-07
blk0_spa/d_path,118,0,512,0.0,0.0,23.208229541629205,0.0,0.0,0.0
blk0_spa/readout,118,0,512,2.4009467868623603e-06,4.2064045866310496e-14,29.73651737023463,5.029121852295759e-08,4.6893491930905474e-09,3.761061795186882e-08
blk0_spa/state,119,0,8192,1.2193138070768977e-05,1.6432550572104614e-13,1.2877667953720127,6.365991141871197e-08,1.4884201746544161e-09,3.572184464438305e-07
blk0_spa/c_readout,119,0,512,2.3539072224700467e-06,4.041071093210249e-14,0.615767693352042,5.335452610277791e-08,4.59747504388681e-09,2.5617679954337237e-07
blk0_spa/d_path,119,0,512,0.0,0.0,22.92255315098613,0.0,0.0,0.0
blk0_spa/readout,119,0,512,2.3539072225571353e-06,4.041071093182464e-14,29.2825477688566,5.3354526075022335e-08,4.597475044056905e-09,3.7148716662165935e-08
blk0_spa/state,120,0,8192,1.2331857248006341e-05,1.6823465066581329e-13,1.3268778564447878,6.453957348412365e-08,1.505353667969524e-09,3.5607563063491665e-07
blk0_spa/c_readout,120,0,512,2.4256259205838506e-06,4.38896329103564e-14,0.665843280255112,5.4878473265684846e-08,4.737550626140333e-09,2.5674084346193534e-07
blk0_spa/d_path,120,0,512,0.0,0.0,23.11325626254264,0.0,0.0,0.0
blk0_spa/readout,120,0,512,2.425625920114391e-06,4.3889632905172803e-14,30.004710158823436,5.4878473265684846e-08,4.73755062522342e-09,3.824602074385806e-08
blk0_spa/state,121,0,8192,1.2473023303766994e-05,1.7208559514897568e-13,1.3340883914728876,6.542250049340614e-08,1.5225858525106194e-09,3.591533787933954e-07
blk0_spa/c_readout,121,0,512,2.4111664218101014e-06,4.302406311970654e-14,0.6755455008069576,5.481866308110206e-08,4.709309417597854e-09,2.5236458437888755e-07
blk0_spa/d_path,121,0,512,0.0,0.0,21.17202440658082,0.0,0.0,0.0
blk0_spa/readout,121,0,512,2.411166421185506e-06,4.3024063095536934e-14,27.94751637164642,5.4818663053346484e-08,4.7093094163779416e-09,3.9235943572017615e-08
blk0_spa/state,122,0,8192,1.2604198225645391e-05,1.7587189092126162e-13,1.316200633669414,6.630861514034248e-08,1.5385984162164784e-09,3.6554190325370013e-07
blk0_spa/c_readout,122,0,512,2.3699683639441795e-06,4.134652254404146e-14,0.6663580385819236,4.9258569445598255e-08,4.6288444608284755e-09,2.4909538069714776e-07
blk0_spa/d_path,122,0,512,0.0,0.0,20.632208964961563,0.0,0.0,0.0
blk0_spa/readout,122,0,512,2.369968363574629e-06,4.134652254123477e-14,27.17304165268556,4.9258569445598255e-08,4.6288444601066975e-09,3.900770209800495e-08
blk0_spa/state,123,0,8192,1.2740076716218271e-05,1.7965826430152414e-13,1.2919374382708004,6.719540395633272e-08,1.5551851460227382e-09,3.729089940000494e-07
blk0_spa/c_readout,123,0,512,2.3838618100545882e-06,4.1989274593097755e-14,0.7242145402895244,5.363574029360052e-08,4.655980097762868e-09,2.407884027588098e-07
blk0_spa/d_path,123,0,512,0.0,0.0,21.268664830332696,0.0,0.0,0.0
blk0_spa/readout,123,0,512,2.3838618101665863e-06,4.198927459299848e-14,28.14185569813136,5.363574029360052e-08,4.655980097981614e-09,3.8627163691452445e-08
blk0_spa/state,124,0,8192,1.2841046837697811e-05,1.8319158462375183e-13,1.296001782565783,6.808160388921403e-08,1.5675106003049086e-09,3.7596720192816124e-07
blk0_spa/c_readout,124,0,512,2.5057578982888206e-06,4.596035494071722e-14,0.7235075845233943,5.489992488394435e-08,4.894058395095353e-09,2.5204038996515874e-07
blk0_spa/d_path,124,0,512,0.0,0.0,21.090112807789595,0.0,0.0,0.0
blk0_spa/readout,124,0,512,2.5057578981897584e-06,4.5960354956326104e-14,28.10575340076351,5.489992488394435e-08,4.894058394901872e-09,4.0438410012268603e-08
blk0_spa/state,125,0,8192,1.2956228520876285e-05,1.8692351956754915e-13,1.308917867282045,6.896942034845255e-08,1.5815708643647809e-09,3.77899029717873e-07
blk0_spa/c_readout,125,0,512,2.545381637564092e-06,4.704271749245758e-14,0.7687334425664409,5.571619367261693e-08,4.9714485108673675e-09,2.4737642749385106e-07
blk0_spa/d_path,125,0,512,0.0,0.0,22.009976547906323,0.0,0.0,0.0
blk0_spa/readout,125,0,512,2.5453816371756768e-06,4.7042717470742355e-14,29.42709543619153,5.5716193658739144e-08,4.971448510108744e-09,3.998273529977549e-08
blk0_spa/state,126,0,8192,1.3032312368183838e-05,1.8980746549632242e-13,1.3026925554799944,6.985879676124629e-08,1.5908584433818162e-09,3.8171188238217496e-07
blk0_spa/c_readout,126,0,512,2.5318085311129156e-06,4.6667564936858546e-14,0.70845048061507,5.5843376284281376e-08,4.944938537329913e-09,2.5665682684488566e-07
blk0_spa/d_path,126,0,512,0.0,0.0,22.016593361592225,0.0,0.0,0.0
blk0_spa/readout,126,0,512,2.5318085308927684e-06,4.66675649350467e-14,28.88744839684208,5.58433762565258e-08,4.944938536899938e-09,4.019323653403775e-08
blk0_spa/state,127,0,8192,1.311981598183223e-05,1.9301628423209937e-13,1.301551422837274,7.074622480202075e-08,1.6015400368447547e-09,3.850936077461706e-07
blk0_spa/c_readout,127,0,512,2.5197926914478423e-06,4.6286968138696414e-14,0.7250929274608344,5.558037266539806e-08,4.921470100484067e-09,2.526576968248463e-07
blk0_spa/d_path,127,0,512,0.0,0.0,22.27985838691591,0.0,0.0,0.0
blk0_spa/readout,127,0,512,2.519792691526772e-06,4.628696813252675e-14,29.41088752391959,5.5580372637642483e-08,4.921470100638227e-09,3.967119677960234e-08
blk0_spa/state,128,0,8192,1.3258459490913916e-05,1.9699717432188825e-13,1.3111441369505419,7.163514559316297e-08,1.6184642933244526e-09,3.8761875273980906e-07
blk0_spa/c_readout,128,0,512,2.6887219795243955e-06,5.409721379604984e-14,0.7682286854955781,6.259355288251722e-08,5.251410116258585e-09,2.65364112557211e-07
blk0_spa/d_path,128,0,512,0.0,0.0,22.523926059253824,0.0,0.0,0.0
blk0_spa/readout,128,0,512,2.6887219794633956e-06,5.40972137975664e-14,29.769235810080943,6.259355284088386e-08,5.2514101161394446e-09,4.262884892210961e-08
blk0_spa/state,129,0,8192,1.332983733871363e-05,1.995814464544789e-13,1.3161357151912372,7.068055442316368e-08,1.6271774095109413e-09,3.8941237229065387e-07
blk0_spa/c_readout,129,0,512,2.701995992049956e-06,5.420909683153886e-14,0.6769245777967674,6.260279609981989e-08,5.27733592197257e-09,2.829866476757557e-07
blk0_spa/d_path,129,0,512,0.0,0.0,23.971763586573534,0.0,0.0,0.0
blk0_spa/readout,129,0,512,2.701995992163553e-06,5.420909684351819e-14,30.89266309720058,6.260279611369768e-08,5.27733592219444e-09,4.188981204790024e-08
blk0_spa/state,130,0,8192,1.3418813070401192e-05,2.0227982677769517e-13,1.3081444999229102,7.085068497170166e-08,1.638038704882958e-09,3.9323161482968853e-07
blk0_spa/c_readout,130,0,512,2.708521478915379e-06,5.448171669480688e-14,0.6499798037785078,5.559580411318432e-08,5.2900810135065995e-09,2.8951792705173694e-07
blk0_spa/d_path,130,0,512,0.0,0.0,24.475005774344602,0.0,0.0,0.0
blk0_spa/readout,130,0,512,2.7085214784818133e-06,5.448171667223774e-14,31.106180684127473,5.559580407155096e-08,5.2900810126597916e-09,4.185063447861131e-08
blk0_spa/state,131,0,8192,1.3460019633963824e-05,2.0424982934942081e-13,1.2912228939052144,7.101679523613402e-08,1.6430688029740996e-09,3.977225748284428e-07
blk0_spa/c_readout,131,0,512,2.5465041812267307e-06,4.7712614665564927e-14,0.5697935299575423,5.137494583917768e-08,4.9736409789584585e-09,2.893728966201639e-07
blk0_spa/d_path,131,0,512,0.0,0.0,23.080928017210265,0.0,0.0,0.0
blk0_spa/readout,131,0,512,2.54650418164198e-06,4.771261468469239e-14,29.118523709252912,5.1374945853055465e-08,4.9736409797694925e-09,4.04792010441626e-08
blk0_spa/state,132,0,8192,1.3510251970240394e-05,2.0683090607980434e-13,1.3173822567493345,7.006771393647249e-08,1.6492006799609856e-09,3.962340671964142e-07
blk0_spa/c_readout,132,0,512,2.8032044277122003e-06,5.769141190414664e-14,0.6950845612109443,6.02645250508127e-08,5.475008647875391e-09,2.880956910308917e-07
blk0_spa/d_path,132,0,512,0.0,0.0,23.894543956924444,0.0,0.0,0.0
blk0_spa/readout,132,0,512,2.8032044274397945e-06,5.769141189181948e-14,30.9744364422145,6.026452503693491e-08,5.475008647343349e-09,4.315726129460857e-08
blk0_spa/state,133,0,8192,1.3602770434504572e-05,2.096413533899888e-13,1.3106897929579229,6.912671652453684e-08,1.660494437805734e-09,3.9993417668077564e-07
blk0_spa/c_readout,133,0,512,2.653500478689448e-06,5.198779094744641e-14,0.5805423552644287,5.1245810359090704e-08,5.182618122440328e-09,2.992497020571618e-07
blk0_spa/d_path,133,0,512,0.0,0.0,22.1407325492582,0.0,0.0,0.0
blk0_spa/readout,133,0,512,2.653500478152768e-06,5.198779093114452e-14,28.329426999174117,5.124581026194619e-08,5.182618121392125e-09,4.283825647643064e-08
blk0_spa/state,134,0,8192,1.3665125589125917e-05,2.132107352971304e-13,1.333625501169937,7.003062746369082e-08,1.6681061510163473e-09,3.99841242441602e-07
blk0_spa/c_readout,134,0,512,2.6374342911779654e-06,5.284305006209812e-14,0.7056232668323645,5.6608395110346876e-08,5.1512388499569636e-09,2.736575863243765e-07
blk0_spa/d_path,134,0,512,0.0,0.0,22.932830794600363,0.0,0.0,0.0
blk0_spa/readout,134,0,512,2.637434291284976e-06,5.284305007445749e-14,30.07520505311056,5.66083950825913e-08,5.151238850165969e-09,4.1916946655910564e-08
blk0_spa/state,135,0,8192,1.3752209952550374e-05,2.1711660179577886e-13,1.3481106184779308,7.093138301716984e-08,1.6787365664734343e-09,4.0131348366966866e-07
blk0_spa/c_readout,135,0,512,2.6463730322113713e-06,5.4318447202389716e-14,0.6050463254271019,6.173221119010197e-08,5.168697328537835e-09,2.996259053380184e-07
blk0_spa/d_path,135,0,512,0.0,0.0,21.909778506481704,0.0,0.0,0.0
blk0_spa/readout,135,0,512,2.6463730320723766e-06,5.4318447200620737e-14,28.416730735567498,6.173221123173533e-08,5.168697328266361e-09,4.3720650710272674e-08
blk0_spa/state,136,0,8192,1.391544261687178e-05,2.2180919777635033e-13,1.327858681926197,7.184056240866488e-08,1.698662428817356e-09,4.087086664737726e-07
blk0_spa/c_readout,136,0,512,2.4966344653469895e-06,4.725124008169113e-14,0.5915177527824937,5.2435830025232555e-08,4.876239190130839e-09,2.8263289938774756e-07
blk0_spa/d_path,136,0,512,0.0,0.0,20.86917847907317,0.0,0.0,0.0
blk0_spa/readout,136,0,512,2.4966344651844134e-06,4.725124006594032e-14,27.070335308194544,5.243583001135477e-08,4.8762391898133074e-09,4.177916806078758e-08
blk0_spa/state,137,0,8192,1.3970282315252847e-05,2.2446938828419676e-13,1.297594004396119,7.274807067164657e-08,1.7053567279361386e-09,4.159193698400149e-07
blk0_spa/c_readout,137,0,512,2.5372826652563286e-06,4.963635614612259e-14,0.6550299679908618,5.510261034957775e-08,4.955630205578767e-09,2.752766415747041e-07
blk0_spa/d_path,137,0,512,0.0,0.0,20.651114219026482,0.0,0.0,0.0
blk0_spa/readout,137,0,512,2.5372826651631957e-06,4.9636356147018294e-14,27.175617050807713,5.510261036345554e-08,4.9556302053968665e-09,4.273761072878838e-08
blk0_spa/state,138,0,8192,1.4088037754751062e-05,2.2875848932639153e-13,1.3040084906232918,7.36593754185888e-08,1.7197311712342604e-09,4.188402405655427e-07
blk0_spa/c_readout,138,0,512,2.751382962088765e-06,5.738012997296327e-14,0.7763582229490433,6.044920611292248e-08,5.373794847829619e-09,2.7186273718856407e-07
blk0_spa/d_path,138,0,512,0.0,0.0,21.217139333787017,0.0,0.0,0.0
blk0_spa/readout,138,0,512,2.7513829624345307e-06,5.738012998916554e-14,28.470727765996685,6.044920608516691e-08,5.373794848504943e-09,4.4893294728944555e-08
blk0_spa/state,139,0,8192,1.4218436079513828e-05,2.3297032128207715e-13,1.3355055986301028,7.457175136421634e-08,1.7356489354875279e-09,4.176643840802288e-07
blk0_spa/c_readout,139,0,512,2.8067906274456494e-06,5.928024786952711e-14,0.7768038695468016,5.91867376081856e-08,5.482012944229784e-09,2.762481099392716e-07
blk0_spa/d_path,139,0,512,0.0,0.0,22.348948801643118,0.0,0.0,0.0
blk0_spa/readout,139,0,512,2.8067906273956677e-06,5.928024785933208e-14,29.8940922346057,5.918673762206339e-08,5.4820129441321634e-09,4.45309869228563e-08
blk0_spa/state,140,0,8192,1.4342027754232519e-05,2.374722127978101e-13,1.3235781911257491,7.548230469833772e-08,1.7507358098428368e-09,4.2357624717295283e-07
blk0_spa/c_readout,140,0,512,2.6676309266372596e-06,5.296181937083652e-14,0.7081580130198445,5.521458033841409e-08,5.2102166535883976e-09,2.734742003119314e-07
blk0_spa/d_path,140,0,512,0.0,0.0,22.165429766151345,0.0,0.0,0.0
blk0_spa/readout,140,0,512,2.667630926712503e-06,5.296181935745714e-14,29.05154384228448,5.5214580296780724e-08,5.210216653735358e-09,4.2696948698267854e-08
blk0_spa/state,141,0,8192,1.4405751333133902e-05,2.4084192561797113e-13,1.3004963372041056,7.639670792508602e-08,1.758514567032947e-09,4.3033976539364784e-07
blk0_spa/c_readout,141,0,512,2.713540540813618e-06,5.5043160140889135e-14,0.7095413948673689,5.961067951754107e-08,5.2998838687765976e-09,2.785241202503009e-07
blk0_spa/d_path,141,0,512,0.0,0.0,20.98632262312188,0.0,0.0,0.0
blk0_spa/readout,141,0,512,2.7135405402582083e-06,5.5043160130603316e-14,27.95185249766258,5.961067950366328e-08,5.299883867691813e-09,4.4375819040052276e-08
blk0_spa/state,142,0,8192,1.4517554865687256e-05,2.449969382565787e-13,1.2971974241122124,7.731345343792162e-08,1.7721624591903389e-09,4.345875591385972e-07
blk0_spa/c_readout,142,0,512,2.7915940035396244e-06,5.864481057536626e-14,0.6981603324188044,5.9440508487496047e-08,5.452332038163329e-09,2.8982591060364145e-07
blk0_spa/d_path,142,0,512,0.0,0.0,21.12799218001885,0.0,0.0,0.0
blk0_spa/readout,142,0,512,2.7915940035955692e-06,5.864481057118487e-14,28.12681094276754,5.944050845974047e-08,5.452332038272596e-09,4.5661959749302616e-08
blk0_spa/state,143,0,8192,1.4656803331512654e-05,2.496813839168614e-13,1.307067822252517,7.822678795704752e-08,1.7891605629287908e-09,4.3706297725504884e-07
blk0_spa/c_readout,143,0,512,2.8871776855154614e-06,6.277148476635707e-14,0.7511758726464173,6.531375501550585e-08,5.6390189170223855e-09,2.8907490100586133e-07
blk0_spa/d_path,143,0,512,0.0,0.0,21.591120719170366,0.0,0.0,0.0
blk0_spa/readout,143,0,512,2.887177685443904e-06,6.277148477434136e-14,29.029400963240796,6.53137549599947e-08,5.639018916882625e-09,4.650098621310614e-08
blk0_spa/state,144,0,8192,1.4781653136218113e-05,2.5436181888061384e-13,1.2986024593474716,7.914666878133803e-08,1.8044010176047501e-09,4.425759909286704e-07
blk0_spa/c_readout,144,0,512,2.878206858015598e-06,6.200290721617923e-14,0.7470372064863299,6.222243294218277e-08,5.621497769561715e-09,2.880944622728385e-07
blk0_spa/d_path,144,0,512,0.0,0.0,20.501006103380536,0.0,0.0,0.0
blk0_spa/readout,144,0,512,2.8782068575487406e-06,6.200290721236112e-14,27.52466487440494,6.222243292830498e-08,5.621497768649884e-09,4.7461887621801816e-08
blk0_spa/state,145,0,8192,1.4774045753548797e-05,2.560484330808012e-13,1.3214258888242736,7.811574157662315e-08,1.8034723820249996e-09,4.40189476422056e-07
blk0_spa/c_readout,145,0,512,2.9420040078149564e-06,6.598849730544822e-14,0.7465383076316551,6.462884501179378e-08,5.746101577763587e-09,2.973090097478732e-07
blk0_spa/d_path,145,0,512,0.0,0.0,24.491573691047037,0.0,0.0,0.0
blk0_spa/readout,145,0,512,2.9420040076085243e-06,6.598849729715728e-14,31.95451029208364,6.462884499791599e-08,5.746101577360399e-09,4.544310901017543e-08
blk0_spa/state,146,0,8192,1.4840386918708e-05,2.5885723909244894e-13,1.3258561101126687,7.82669706891892e-08,1.8115706687875977e-09,4.4185722447001567e-07
blk0_spa/c_readout,146,0,512,3.02301566248851e-06,6.801808045379438e-14,0.6309962026685803,6.253913957532387e-08,5.904327465797871e-09,3.2832111418447566e-07
blk0_spa/d_path,146,0,512,0.0,0.0,23.572913057850126,0.0,0.0,0.0
blk0_spa/readout,146,0,512,3.0230156629251183e-06,6.80180804661436e-14,30.17182731077729,6.25391395336905e-08,5.904327466650622e-09,4.7480073120651246e-08
blk0_spa/state,147,0,8192,1.4931879798173384e-05,2.622680187668766e-13,1.2970022125027925,7.841383916490363e-08,1.822739233175462e-09,4.496786922591364e-07
blk0_spa/c_readout,147,0,512,2.791064120514691e-06,5.821926523553802e-14,0.6129161130861114,5.936121188349075e-08,5.4512971103802555e-09,3.0820014637831887e-07
blk0_spa/d_path,147,0,512,0.0,0.0,21.319502915405764,0.0,0.0,0.0
blk0_spa/readout,147,0,512,2.7910641204253525e-06,5.821926525718527e-14,27.6114698272945,5.9361211945940795e-08,5.451297110205767e-09,4.591859563262215e-08
blk0_spa/state,148,0,8192,1.4949113369188776e-05,2.645884853402002e-13,1.2850309798737862,7.739058542621802e-08,1.8248429405748018e-09,4.537625723201189e-07
blk0_spa/c_readout,148,0,512,2.9519581321577036e-06,6.459477512130821e-14,0.6769233944529768,5.9215224279540735e-08,5.765543226870515e-09,3.0890784200093363e-07
blk0_spa/d_path,148,0,512,0.0,0.0,21.24898614105834,0.0,0.0,0.0
blk0_spa/readout,148,0,512,2.9519581323290075e-06,6.45947751125715e-14,28.03535123224044,5.9215224279540735e-08,5.765543227205093e-09,4.8000492632005757e-08
blk0_spa/state,149,0,8192,1.5078621297556082e-05,2.694617933745348e-13,1.312247057719191,7.63733738820549e-08,1.8406520138618264e-09,4.5314875808566457e-07
blk0_spa/c_readout,149,0,512,3.0336113261391636e-06,7.060625897532314e-14,0.7307783294710124,6.530312290919937e-08,5.925022121365554e-09,3.1083418128331024e-07
blk0_spa/d_path,149,0,512,0.0,0.0,22.855061254752364,0.0,0.0,0.0
blk0_spa/readout,149,0,512,3.0336113257560065e-06,7.060625896032908e-14,30.095080538582632,6.530312290919937e-08,5.9250221206172e-09,4.8436621787953915e-08
blk0_spa/state,150,0,8192,1.517748301878642e-05,2.736460895076607e-13,1.3532620888159017,7.730758126017756e-08,1.8527200950667017e-09,4.496800964858136e-07
blk0_spa/c_readout,150,0,512,2.8920768677275486e-06,6.618636969803209e-14,0.6077920997658911,7.464951472246906e-08,5.6485876322803684e-09,3.2999454063573927e-07
blk0_spa/d_path,150,0,512,0.0,0.0,23.40902121759217,0.0,0.0,0.0
blk0_spa/readout,150,0,512,2.8920768671377156e-06,6.618636969847865e-14,30.104102465748465,7.464951473634684e-08,5.648587631128351e-09,4.6889050527405045e-08
blk0_spa/state,151,0,8192,1.5295942400195206e-05,2.784668502241771e-13,1.3372097368831084,7.823957764302447e-08,1.867180468773829e-09,4.563383692790386e-07
blk0_spa/c_readout,151,0,512,2.7982342690011696e-06,5.998168605101861e-14,0.6291202309867151,5.974576364198292e-08,5.465301306642909e-09,3.0877526921874947e-07
blk0_spa/d_path,151,0,512,0.0,0.0,21.597204841432816,0.0,0.0,0.0
blk0_spa/readout,151,0,512,2.798234268688269e-06,5.998168605009788e-14,28.212515127567432,5.97457636697385e-08,5.465301306031775e-09,4.6109289711614503e-08
blk0_spa/state,152,0,8192,1.537833271711612e-05,2.8214650911782086e-13,1.3114511205336907,7.917219645159346e-08,1.877237880507339e-09,4.6383261823167633e-07
blk0_spa/c_readout,152,0,512,2.7467254695350803e-06,5.772161503433555e-14,0.6289380659660936,5.696920507558545e-08,5.364698182685704e-09,3.02946051621527e-07
blk0_spa/d_path,152,0,512,0.0,0.0,20.64157567209264,0.0,0.0,0.0
blk0_spa/readout,152,0,512,2.746725469965644e-06,5.772161505277641e-14,27.064797663780553,5.696920507558545e-08,5.364698183526649e-09,4.618137344078685e-08
blk0_spa/state,153,0,8192,1.55016039757064e-05,2.866624527879406e-13,1.3119789629123337,8.010681348813442e-08,1.8922856415657225e-09,4.674357994526303e-07
blk0_spa/c_readout,153,0,512,2.9618351211279642e-06,6.716706607666446e-14,0.7527207634398521,6.933878793358161e-08,5.784834220953055e-09,2.9871789562803327e-07
blk0_spa/d_path,153,0,512,0.0,0.0,20.846577972657332,0.0,0.0,0.0
blk0_spa/readout,153,0,512,2.961835121420211e-06,6.716706609639145e-14,28.153192275607246,6.933878793358161e-08,5.7848342215238494e-09,4.884435353657651e-08
blk0_spa/state,154,0,8192,1.5613713094886384e-05,2.917034626451197e-13,1.3215864009005123,8.104478700643458e-08,1.905970836778123e-09,4.6981081681125787e-07
blk0_spa/c_readout,154,0,512,3.0398530724524633e-06,7.119759448233443e-14,0.7513449825643052,6.818455673684998e-08,5.9372130321337174e-09,3.0783143369249706e-07
blk0_spa/d_path,154,0,512,0.0,0.0,20.457798877584352,0.0,0.0,0.0
blk0_spa/readout,154,0,512,3.0398530726651838e-06,7.119759447661376e-14,27.685157557242114,6.818455677848334e-08,5.937213032549187e-09,5.0711815715390304e-08
blk0_spa/state,155,0,8192,1.5682053596759768e-05,2.954285913017811e-13,1.3534199098580673,7.999039171313616e-08,1.914313183198214e-09,4.672076887959305e-07
blk0_spa/c_readout,155,0,512,3.091533034024576e-06,7.240889982816859e-14,0.7920133266811515,7.207180179047423e-08,6.03815045707925e-09,3.0236375480027305e-07
blk0_spa/d_path,155,0,512,0.0,0.0,22.540459619548255,0.0,0.0,0.0
blk0_spa/readout,155,0,512,3.0915330337817147e-06,7.240889981342825e-14,30.18323855306721,7.207180174884087e-08,6.0381504566049115e-09,4.8979354395614565e-08
blk0_spa/state,156,0,8192,1.575930515696374e-05,2.992894488476644e-13,1.3508482802948236,8.093449539031683e-08,1.9237433052934253e-09,4.7069806842756215e-07
blk0_spa/c_readout,156,0,512,3.0065571813776616e-06,6.878162586616684e-14,0.682628516368423,6.586520209794777e-08,5.872181994878245e-09,3.1742710290329597e-07
blk0_spa/d_path,156,0,512,0.0,0.0,23.133708278377455,0.0,0.0,0.0
blk0_spa/readout,156,0,512,3.0065571811730185e-06,6.878162588959752e-14,30.107512223858475,6.58652021812145e-08,5.872181994478552e-09,4.779679577562053e-08
blk0_spa/state,157,0,8192,1.59434458075301e-05,3.054934253512661e-13,1.3249283874946376,8.188606618469985e-08,1.946221412052014e-09,4.801807342916599e-07
blk0_spa/c_readout,157,0,512,3.000656028655816e-06,6.724215141872721e-14,0.694679393314407,6.449349077009003e-08,5.860656305968391e-09,3.1112047412618675e-07
blk0_spa/d_path,157,0,512,0.0,0.0,21.119845656926774,0.0,0.0,0.0
blk0_spa/readout,157,0,512,3.000656028119136e-06,6.724215140741974e-14,28.008173807532106,6.449349077009003e-08,5.860656304920188e-09,4.899800567844584e-08
blk0_spa/state,158,0,8192,1.6018893273457327e-05,3.098008545669064e-13,1.328175496075214,8.283441031708971e-08,1.955431307795084e-09,4.829626812684723e-07
blk0_spa/c_readout,158,0,512,3.071245050278278e-06,7.173817813034374e-14,0.7518556505048725,6.176285115289115e-08,5.9985254888247616e-09,3.0889290820653794e-07
blk0_spa/d_path,158,0,512,0.0,0.0,21.607877699952255,0.0,0.0,0.0
blk0_spa/readout,158,0,512,3.0712450495913274e-06,7.173817813182621e-14,29.026934313755227,6.176285116676894e-08,5.998525487483061e-09,4.971352821126272e-08
blk0_spa/state,159,0,8192,1.610617628564262e-05,3.140832989761594e-13,1.3369120807251158,8.378156109850599e-08,1.966085972368484e-09,4.846977437345624e-07
blk0_spa/c_readout,159,0,512,3.105802406972679e-06,7.493064670585897e-14,0.7666988018492595,7.159677799239983e-08,6.0660203261185134e-09,3.1262042427917015e-07
blk0_spa/d_path,159,0,512,0.0,0.0,21.23808982354295,0.0,0.0,0.0
blk0_spa/readout,159,0,512,3.1058024065303244e-06,7.493064670370644e-14,28.795611024670343,7.159677795076647e-08,6.06602032525454e-09,5.101132346322811e-08
blk0_spa/state,160,0,8192,1.622203300033147e-05,3.188863248474685e-13,1.3420820684248382,8.47303383913478e-08,1.980228637735775e-09,4.874481323803877e-07
blk0_spa/c_readout,160,0,512,3.1444246571344147e-06,7.436100000105389e-14,0.7398992577783292,6.698694811346773e-08,6.141454408465654e-09,3.1701974690701886e-07
blk0_spa/d_path,160,0,512,0.0,0.0,21.080350797733885,0.0,0.0,0.0
blk0_spa/readout,160,0,512,3.1444246565866758e-06,7.436099998244505e-14,28.289001206206702,6.698694809958994e-08,6.141454407395851e-09,5.1270057393212537e-08
blk0_spa/state,161,0,8192,1.622113493265613e-05,3.212261062806548e-13,1.3382791594710985,8.486525734929806e-08,1.980119010334e-09,4.899277728484461e-07
blk0_spa/c_readout,161,0,512,3.1030982879105424e-06,7.496050510716465e-14,0.693854706846453,6.550499388746633e-08,6.060738843575278e-09,3.286865877404292e-07
blk0_spa/d_path,161,0,512,0.0,0.0,23.932148288097768,0.0,0.0,0.0
blk0_spa/readout,161,0,512,3.1030982882635587e-06,7.496050512354142e-14,31.026798834254777,6.550499387358855e-08,6.060738844264763e-09,4.9152743942051844e-08
blk0_spa/state,162,0,8192,1.625066220530312e-05,3.2347786958766984e-13,1.3418722369889156,8.499937050737705e-08,1.983723413733291e-09,4.909832805319583e-07
blk0_spa/c_readout,162,0,512,3.1950662616550834e-06,7.871588265926386e-14,0.6185088939410641,7.244559918628823e-08,6.240363792295085e-09,3.5674525907801906e-07
blk0_spa/d_path,162,0,512,0.0,0.0,22.9354259459915,0.0,0.0,0.0
blk0_spa/readout,162,0,512,3.195066262035293e-06,7.871588269748298e-14,29.368814545146453,7.244559929731054e-08,6.240363793037681e-09,5.177116959544312e-08
blk0_spa/state,163,0,8192,1.6363937168788532e-05,3.2741495040695726e-13,1.3501258235983564,8.390828038634668e-08,1.9975509239243814e-09,4.924499879136243e-07
blk0_spa/c_readout,163,0,512,3.3070896484203e-06,8.410175164208101e-14,0.7432466331367465,7.648609749721924e-08,6.4591594695708986e-09,3.36384553651724e-07
blk0_spa/d_path,163,0,512,0.0,0.0,22.22618455519852,0.0,0.0,0.0
blk0_spa/readout,163,0,512,3.307089647967781e-06,8.410175163479259e-14,29.63312862505755,7.648609745558588e-08,6.459159468687073e-09,5.327381123458291e-08
blk0_spa/state,164,0,8192,1.6401483834542168e-05,3.299026620443409e-13,1.340719178060206,8.282505163659248e-08,2.0021342571462607e-09,4.960483382855731e-07
blk0_spa/c_readout,164,0,512,3.081862424134086e-06,7.252011298128979e-14,0.722631840451109,6.463904438092083e-08,6.0192625471368865e-09,3.167894349642065e-07
blk0_spa/d_path,164,0,512,0.0,0.0,21.02480353024444,0.0,0.0,0.0
blk0_spa/readout,164,0,512,3.081862424588841e-06,7.252011299975341e-14,28.13786607401029,6.463904433928747e-08,6.01926254802508e-09,5.076725211779837e-08
blk0_spa/state,165,0,8192,1.6437577939231586e-05,3.3247822544121796e-13,1.3608916916131304,8.174842492519874e-08,2.0065402757851057e-09,4.942763405051028e-07
blk0_spa/c_readout,165,0,512,3.1879876209616367e-06,7.934024467428075e-14,0.6961763995626242,7.740259660993232e-08,6.226538322190697e-09,3.3758809231580973e-07
blk0_spa/d_path,165,0,512,0.0,0.0,22.45997457016916,0.0,0.0,0.0
blk0_spa/readout,165,0,512,3.187987621597467e-06,7.934024471545689e-14,29.546975799808997,7.740259666544347e-08,6.226538323432553e-09,5.181914578984416e-08
blk0_spa/state,166,0,8192,1.658647649445068e-05,3.382161001215906e-13,1.3585825732734171,8.271165088946653e-08,2.024716368951499e-09,4.989466591070631e-07
blk0_spa/c_readout,166,0,512,3.0962768427337304e-06,7.407072916859381e-14,0.6351624732977584,7.086549285578725e-08,6.047415708464317e-09,3.414922833159334e-07
blk0_spa/d_path,166,0,512,0.0,0.0,21.742758555224928,0.0,0.0,0.0
blk0_spa/readout,166,0,512,3.0962768435932588e-06,7.40707291991068e-14,28.462177431797045,7.086549286272614e-08,6.0474157101430835e-09,5.101398489329059e-08
blk0_spa/state,167,0,8192,1.662321058415279e-05,3.4144265868738226e-13,1.3311387923138283,8.366293915984535e-08,2.0292005107608386e-09,5.064624129360447e-07
blk0_spa/c_readout,167,0,512,2.9572778749860527e-06,6.770394996916469e-14,0.6408024314662745,6.587542811242741e-08,5.775933349582134e-09,3.2504607632833106e-07
blk0_spa/d_path,167,0,512,0.0,0.0,21.105357304817275,0.0,0.0,0.0
blk0_spa/readout,167,0,512,2.957277874896823e-06,6.77039499785455e-14,27.742824452178983,6.587542811242741e-08,5.775933349407857e-09,4.940053662722969e-08
blk0_spa/state,168,0,8192,1.665659796708242e-05,3.4468962380449763e-13,1.3320220559523093,8.461194763581537e-08,2.0332761190286157e-09,5.086960870401789e-07
blk0_spa/c_readout,168,0,512,3.240670691753348e-06,8.191681315826096e-14,0.7691392108380017,7.129970805430652e-08,6.329434944830758e-09,3.263503238926998e-07
blk0_spa/d_path,168,0,512,0.0,0.0,20.97087187349597,0.0,0.0,0.0
blk0_spa/readout,168,0,512,3.2406706921874625e-06,8.191681320349597e-14,28.3961478345857,7.129970813757325e-08,6.329434945678638e-09,5.371020501192855e-08
blk0_spa/state,169,0,8192,1.6734236856221776e-05,3.495847298034115e-13,1.3473882831873525,8.556821162741812e-08,2.0427535224880097e-09,5.09365872369258e-07
blk0_spa/c_readout,169,0,512,3.291383712315883e-06,8.509597203532738e-14,0.7417218199679405,7.657189667054087e-08,6.428483813116959e-09,3.387146445990822e-07
blk0_spa/d_path,169,0,512,0.0,0.0,20.978193368316195,0.0,0.0,0.0
blk0_spa/readout,169,0,512,3.2913837123761645e-06,8.509597205969272e-14,28.355621929717447,7.657189671217424e-08,6.428483813234696e-09,5.478162531958589e-08
blk0_spa/state,170,0,8192,1.683471321172995e-05,3.546710968199601e-13,1.34612160827347,8.652103986039883e-08,2.055018702603754e-09,5.132993935357281e-07
blk0_spa/c_readout,170,0,512,3.2270970813872193e-06,8.112890957853436e-14,0.7961328188462524,7.16460950983544e-08,6.302923987084413e-09,3.192236476803507e-07
blk0_spa/d_path,170,0,512,0.0,0.0,21.22544045590154,0.0,0.0,0.0
blk0_spa/readout,170,0,512,3.2270970812276247e-06,8.112890957631345e-14,28.791631014004615,7.164609505672104e-08,6.3029239867727046e-09,5.308290543454752e-08
blk0_spa/state,171,0,8192,1.6962847341569866e-05,3.6027651501789185e-13,1.379402097351152,8.747287428417794e-08,2.070660075875228e-09,5.110607589483131e-07
blk0_spa/c_readout,171,0,512,3.380935117628476e-06,9.087619919826089e-14,0.7861204357008988,7.93423148709449e-08,6.603388901618117e-09,3.400012661395836e-07
blk0_spa/d_path,171,0,512,0.0,0.0,23.358234676070584,0.0,0.0,0.0
blk0_spa/readout,171,0,512,3.380935117389274e-06,9.087619919686979e-14,31.045994633426044,7.934231494033384e-08,6.603388901150925e-09,5.4103117234763174e-08
blk0_spa/state,172,0,8192,1.7117468134090312e-05,3.665768569723359e-13,1.3710163557372288,8.842328271668753e-08,2.0895346843371963e-09,5.170841238436993e-07
blk0_spa/c_readout,172,0,512,3.228118037017108e-06,8.090747240959075e-14,0.7415265818389618,7.271636649763824e-08,6.304918041049039e-09,3.3031702233335183e-07
blk0_spa/d_path,172,0,512,0.0,0.0,21.914642204027007,0.0,0.0,0.0
blk0_spa/readout,172,0,512,3.2281180381540025e-06,8.090747244698155e-14,29.288181121258674,7.27163665392716e-08,6.304918043269536e-09,5.2559123751908266e-08
blk0_spa/state,173,0,8192,1.7290493529766387e-05,3.73347007286713e-13,1.3503009301403621,8.93736662593847e-08,2.110655948457811e-09,5.258247860540965e-07
blk0_spa/c_readout,173,0,512,3.1670241993945947e-06,7.801733220520522e-14,0.7161190041957313,7.119654055198765e-08,6.185594139442568e-09,3.300676402134202e-07
blk0_spa/d_path,173,0,512,0.0,0.0,20.90117993900379,0.0,0.0,0.0
blk0_spa/readout,173,0,512,3.1670241994061956e-06,7.801733220236046e-14,28.0167793164247,7.119654055198765e-08,6.185594139465226e-09,5.276992089476683e-08
blk0_spa/state,174,0,8192,1.73057953597003e-05,3.7637170036104203e-13,1.3475390031567573,9.032418973875522e-08,2.1125238476196654e-09,5.284912586881534e-07
blk0_spa/c_readout,174,0,512,3.284915998970025e-06,8.344466583880558e-14,0.7805351551738797,6.836565293044661e-08,6.41585156048833e-09,3.269663473798187e-07
blk0_spa/d_path,174,0,512,0.0,0.0,21.81427214676074,0.0,0.0,0.0
blk0_spa/readout,174,0,512,3.284915998968995e-06,8.344466581850514e-14,29.384608037715346,6.836565291656882e-08,6.415851560486318e-09,5.3289216979039245e-08
blk0_spa/state,175,0,8192,1.7401644320604806e-05,3.818438869918006e-13,1.3585738774069265,9.127745285997246e-08,2.124224160230079e-09,5.301530829667179e-07
blk0_spa/c_readout,175,0,512,3.3317535636560607e-06,8.925484622118258e-14,0.7304494028870041,8.092296346906558e-08,6.5073311790157436e-09,3.4955927814345545e-07
blk0_spa/d_path,175,0,512,0.0,0.0,21.782837795174935,0.0,0.0,0.0
blk0_spa/readout,175,0,512,3.3317535635765345e-06,8.92548462112814e-14,29.130047615034442,8.092296344131e-08,6.507331178860419e-09,5.535352794442346e-08
blk0_spa/state,176,0,8192,1.7428891672265256e-05,3.849700399390976e-13,1.3721925562375539,9.012601053653979e-08,2.1275502529620674e-09,5.296706840967935e-07
blk0_spa/c_readout,176,0,512,3.552242553334629e-06,9.759157624928434e-14,0.8487747276436021,7.642326911583286e-08,6.937973736981697e-09,3.39086067995753e-07
blk0_spa/d_path,176,0,512,0.0,0.0,22.43058534700068,0.0,0.0,0.0
blk0_spa/readout,176,0,512,3.552242552928053e-06,9.759157623880357e-14,30.359510348919187,7.642326915746622e-08,6.937973736187604e-09,5.669683095397989e-08
blk0_spa/state,177,0,8192,1.752135742693698e-05,3.9005167967048585e-13,1.3854191563419125,9.108875233254654e-08,2.138837576530393e-09,5.306039540682426e-07
blk0_spa/c_readout,177,0,512,3.4529252892122607e-06,9.470380159544739e-14,0.7134819604409123,7.267707385905098e-08,6.743994705492697e-09,3.643277132606741e-07
blk0_spa/d_path,177,0,512,0.0,0.0,24.135569475985776,0.0,0.0,0.0
blk0_spa/readout,177,0,512,3.4529252898481995e-06,9.470380163757881e-14,31.424799827478385,7.267707391456213e-08,6.743994706734765e-09,5.4896852693508455e-08
blk0_spa/state,178,0,8192,1.75924413668623e-05,3.939224383027057e-13,1.374376845384627,8.993425096304186e-08,2.147514815290808e-09,5.353680441576996e-07
blk0_spa/c_readout,178,0,512,3.327294175158921e-06,8.716170997058512e-14,0.6681241291957306,7.889032575814081e-08,6.498621435857268e-09,3.6118881472903803e-07
blk0_spa/d_path,178,0,512,0.0,0.0,21.50149241615493,0.0,0.0,0.0
blk0_spa/readout,178,0,512,3.327294175159084e-06,8.716170995799953e-14,28.267301498578018,7.88903257720186e-08,6.498621435857586e-09,5.552910776264692e-08
blk0_spa/state,179,0,8192,1.770040302352146e-05,3.9867836035721774e-13,1.3813958127357864,8.878894188629749e-08,2.1606937284572095e-09,5.372201133062616e-07
blk0_spa/c_readout,179,0,512,3.4820568094193194e-06,9.468705857753776e-14,0.7556994259077696,7.97703354343815e-08,6.800892205897108e-09,3.5397351349997033e-07
blk0_spa/d_path,179,0,512,0.0,0.0,22.00464868608757,0.0,0.0,0.0
blk0_spa/readout,179,0,512,3.482056810172027e-06,9.468705860357376e-14,29.548521284680042,7.977033544825929e-08,6.80089220736724e-09,5.660795119360424e-08
blk0_spa/state,180,0,8192,1.778308856390125e-05,4.036351545830367e-13,1.375031375407582,8.865814460357058e-08,2.170787178210602e-09,5.417989861752355e-07
blk0_spa/c_readout,180,0,512,3.3229541156730455e-06,8.80319168280861e-14,0.6877433263599138,7.709419180823573e-08,6.490144757173917e-09,3.5777244323216525e-07
blk0_spa/d_path,180,0,512,0.0,0.0,20.529690582150714,0.0,0.0,0.0
blk0_spa/readout,180,0,512,3.3229541157805983e-06,8.80319168540489e-14,27.47691865144109,7.709419180823573e-08,6.490144757383981e-09,5.6602558896571754e-08
blk0_spa/state,181,0,8192,1.787696232896202e-05,4.082197575844697e-13,1.3688561685625755,8.960558155191034e-08,2.1822463780471217e-09,5.460948759536608e-07
blk0_spa/c_readout,181,0,512,3.318199429283939e-06,8.63920161762514e-14,0.6842177951479929,7.528398290879146e-08,6.480858260320194e-09,3.5533633788892196e-07
blk0_spa/d_path,181,0,512,0.0,0.0,21.749925317618242,0.0,0.0,0.0
blk0_spa/readout,181,0,512,3.318199429540814e-06,8.639201616189683e-14,28.875677059712853,7.528398282552473e-08,6.480858260821902e-09,5.469790802785241e-08
blk0_spa/state,182,0,8192,1.801299730251096e-05,4.139237789928701e-13,1.3854125377415714,9.055047822670304e-08,2.19885220977917e-09,5.466012636542532e-07
blk0_spa/c_readout,182,0,512,3.3754625690517492e-06,9.089687615808103e-14,0.7022933682272556,8.3491613414588e-08,6.592700330179198e-09,3.5976192251733704e-07
blk0_spa/d_path,182,0,512,0.0,0.0,21.281778304484792,0.0,0.0,0.0
blk0_spa/readout,182,0,512,3.375462568912104e-06,9.089687616010504e-14,28.52616960851883,8.349161340071021e-08,6.592700329906453e-09,5.644854459304815e-08
blk0_spa/state,183,0,8192,1.8134920215321995e-05,4.202916318623135e-13,1.386492826447114,9.151761659609292e-08,2.2137353778469233e-09,5.505750895636707e-07
blk0_spa/c_readout,183,0,512,3.5231249674387858e-06,9.785630309461667e-14,0.7550304646908175,8.235507605036663e-08,6.8811034520288784e-09,3.6000801075519175e-07
blk0_spa/d_path,183,0,512,0.0,0.0,21.70843681992266,0.0,0.0,0.0
blk0_spa/readout,183,0,512,3.5231249676155107e-06,9.785630310346184e-14,29.247462984195824,8.235507598097769e-08,6.881103452374044e-09,5.784293246671574e-08
blk0_spa/state,184,0,8192,1.8169665045628022e-05,4.239257793077927e-13,1.410238641441768,9.13550488729209e-08,2.2179766901401395e-09,5.482752080658053e-07
blk0_spa/c_readout,184,0,512,3.6039381093698184e-06,1.0592453831473258e-13,0.7849848567910226,8.782269167451062e-08,7.0389416198629265e-09,3.673395168705333e-07
blk0_spa/d_path,184,0,512,0.0,0.0,22.45198270523759,0.0,0.0,0.0
blk0_spa/readout,184,0,512,3.6039381093340397e-06,1.0592453830428861e-13,30.27676151252861,8.782269167451062e-08,7.038941619793046e-09,5.9148478813246975e-08
blk0_spa/state,185,0,8192,1.8278667428098246e-05,4.298541494044034e-13,1.4038477931775448,9.232971417971747e-08,2.231282645031524e-09,5.533508098200943e-07
blk0_spa/c_readout,185,0,512,3.5151429355534323e-06,9.818098783773296e-14,0.7208618492288584,7.453731144801967e-08,6.8655135460027974e-09,3.6905209743312016e-07
blk0_spa/d_path,185,0,512,0.0,0.0,21.873652024843228,0.0,0.0,0.0
blk0_spa/readout,185,0,512,3.5151429357518684e-06,9.818098782868805e-14,29.11908404675027,7.453731143414188e-08,6.865513546390368e-09,5.8066392275314584e-08
blk0_spa/state,186,0,8192,1.828750766763345e-05,4.329193243004595e-13,1.3896999758738988,9.17248531573378e-08,2.2323617758341613e-09,5.581397595878653e-07
blk0_spa/c_readout,186,0,512,3.3795152910741748e-06,9.032450067368995e-14,0.7221358929900197,7.825272861639032e-08,6.600615802879248e-09,3.5366600678957937e-07
blk0_spa/d_path,186,0,512,0.0,0.0,21.812897222043013,0.0,0.0,0.0
blk0_spa/readout,186,0,512,3.379515290877067e-06,9.032450065111081e-14,28.79047718922406,7.825272863026811e-08,6.600615802494271e-09,5.6011648283380675e-08
blk0_spa/state,187,0,8192,1.8364184767931968e-05,4.375848032046461e-13,1.679329191091279,9.106001032377353e-08,2.2417217734291953e-09,5.104617404855649e-07
blk0_spa/c_readout,187,0,512,4.379479572327929e-06,1.9456238262043165e-13,0.9588015484730443,1.6266691957311785e-07,8.553671039702986e-09,4.504691713573727e-07
blk0_spa/d_path,187,0,512,0.0,0.0,41.34978465066472,0.0,0.0,0.0
blk0_spa/readout,187,0,512,4.379479573375702e-06,1.9456238268398577e-13,50.07251290241334,1.6266691948985113e-07,8.553671041749418e-09,6.23346814611296e-08
blk0_spa/state,188,0,8192,1.8479327410501438e-05,4.4193246276007007e-13,3.4207468547118447,9.140665518242441e-08,2.2557772717897263e-09,3.5943261625656114e-07
blk0_spa/c_readout,188,0,512,4.144897115383687e-06,1.8013499947486438e-13,14.027412810237863,1.7815892318362447e-07,8.095502178483764e-09,1.1332096452333174e-07
blk0_spa/d_path,188,0,512,0.0,0.0,58.72366256794747,0.0,0.0,0.0
blk0_spa/readout,188,0,512,4.144897115523766e-06,1.8013499945607369e-13,47.925283638308464,1.7815892316974669e-07,8.095502178757355e-09,6.130793740998771e-08
blk0_spa/state,189,0,8192,1.8671000113480038e-05,4.4663020634546257e-13,2.7011423450805174,9.240285384765068e-08,2.2791748185400437e-09,4.066308368290942e-07
blk0_spa/c_readout,189,0,512,3.6325134029208134e-06,1.0671943957246854e-13,1.1328236808599068,8.857794504130156e-08,7.094752740079714e-09,3.069308968787947e-07
blk0_spa/d_path,189,0,512,0.0,0.0,33.170005296980506,0.0,0.0,0.0
blk0_spa/readout,189,0,512,3.6325134033671252e-06,1.0671943960974889e-13,38.851383200588785,8.857794508987382e-08,7.0947527409514165e-09,5.241052684567748e-08
blk0_spa/state,190,0,8192,1.877200700931326e-05,4.52644086337763e-13,2.3856956173101658,9.340112757522112e-08,2.29150476187906e-09,4.3558298730066e-07
blk0_spa/c_readout,190,0,512,3.839100015938013e-06,1.1865842581471221e-13,0.8335676173835511,9.222300581535059e-08,7.498242218628931e-09,3.7729310959880906e-07
blk0_spa/d_path,190,0,512,0.0,0.0,45.27012659331555,0.0,0.0,0.0
blk0_spa/readout,190,0,512,3.839100014791903e-06,1.1865842578830234e-13,52.315860563335704,9.222300584310617e-08,7.498242216390435e-09,4.762473853734718e-08
blk0_spa/state,191,0,8192,1.8888493186446166e-05,4.58360338693488e-13,2.359557589080364,9.440140948807629e-08,2.3057242659236043e-09,4.40745843239926e-07
blk0_spa/c_readout,191,0,512,3.8248057281888e-06,1.2211910908397877e-13,0.7149261981434047,1.0262391540727389e-07,7.47032368786875e-09,4.1329600534415625e-07
blk0_spa/d_path,191,0,512,0.0,0.0,30.232498114550893,0.0,0.0,0.0
blk0_spa/readout,191,0,512,3.824805728467928e-06,1.2211910909452098e-13,35.7960414463125,1.0262391542115168e-07,7.470323688413922e-09,5.840826589773651e-08
blk0_spa/state,192,0,8192,1.899032991352644e-05,4.629588369817438e-13,2.181169057650035,9.540079029535242e-08,2.3181555070222704e-09,4.6070881838592097e-07
blk0_spa/c_readout,192,0,512,3.758209621562761e-06,1.1223042275008442e-13,0.931440857389578,8.32470646028316e-08,7.3402531671147676e-09,3.4711841758709386e-07
blk0_spa/d_path,192,0,512,0.0,0.0,23.802097033894793,0.0,0.0,0.0
blk0_spa/readout,192,0,512,3.7582096218377147e-06,1.1223042276081398e-13,32.24411941460586,8.324706457507602e-08,7.3402531676517865e-09,5.8997015036127196e-08
blk0_spa/state,193,0,8192,1.908117253510601e-05,4.694922391416084e-13,2.0124869098463463,9.419350754935607e-08,2.329244694226808e-09,4.830006071974591e-07
blk0_spa/c_readout,193,0,512,3.64450559324309e-06,1.0529227615904748e-13,0.728730550770601,7.794217277146132e-08,7.11817498680291e-09,3.8011479050674005e-07
blk0_spa/d_path,193,0,512,0.0,0.0,23.441039943058573,0.0,0.0,0.0
blk0_spa/readout,193,0,512,3.6445055932889516e-06,1.052922761382339e-13,30.578663164296096,7.794217277146132e-08,7.1181749868924836e-09,5.867985196042796e-08
blk0_spa/state,194,0,8192,1.9180209095512893e-05,4.746191873352085e-13,1.8955513352327718,9.299518189537226e-08,2.3413341181046012e-09,5.003856775364219e-07
blk0_spa/c_readout,194,0,512,3.6477028769401774e-06,1.0355517457415172e-13,0.874167361324919,7.950293554048748e-08,7.124419681523784e-09,3.4418236063105457e-07
blk0_spa/d_path,194,0,512,0.0,0.0,22.916709672112503,0.0,0.0,0.0
blk0_spa/readout,194,0,512,3.647702876778767e-06,1.0355517455491597e-13,30.540203949065145,7.950293545722076e-08,7.124419681208529e-09,5.8230421807167134e-08
blk0_spa/state,195,0,8192,1.9280076151121035e-05,4.805434346274326e-13,1.8186237050920064,9.231808605070224e-08,2.353524920791142e-09,5.140376153863063e-07
blk0_spa/c_readout,195,0,512,3.6996245999136213e-06,1.1029512265092172e-13,0.7990441065315658,7.94866811676398e-08,7.2258292967062915e-09,3.715290505003793e-07
blk0_spa/d_path,195,0,512,0.0,0.0,21.583214920610033,0.0,0.0,0.0
blk0_spa/readout,195,0,512,3.699624600235792e-06,1.1029512266112775e-13,29.149399880130016,7.948668118151758e-08,7.225829297335531e-09,6.151249531736956e-08
blk0_spa/state,196,0,8192,1.9386420311414227e-05,4.87026758676891e-13,1.7581831094704212,9.332890829605311e-08,2.366506385670682e-09,5.263133182195574e-07
blk0_spa/c_readout,196,0,512,3.753840788237331e-06,1.1200357237583284e-13,0.830814079986581,8.624427980108429e-08,7.331720289526037e-09,3.671673147994313e-07
blk0_spa/d_path,196,0,512,0.0,0.0,21.289220061173715,0.0,0.0,0.0
blk0_spa/readout,196,0,512,3.7538407891845986e-06,1.1200357240640492e-13,29.062061014647313,8.624427982883986e-08,7.331720291376169e-09,6.208014638925865e-08
blk0_spa/state,197,0,8192,1.9521904644393682e-05,4.925434948054001e-13,1.6940328607816342,9.434281944553646e-08,2.383045000536338e-09,5.392142718547991e-07
blk0_spa/c_readout,197,0,512,3.7082937200413867e-06,1.0931014464128934e-13,0.7786461566078384,8.260477518673426e-08,7.242761171955833e-09,3.746796987289264e-07
blk0_spa/d_path,197,0,512,0.0,0.0,21.55040551915386,0.0,0.0,0.0
blk0_spa/readout,197,0,512,3.70829372020998e-06,1.0931014465151957e-13,28.928931361571312,8.260477513122311e-08,7.2427611722851174e-09,6.147011689212414e-08
blk0_spa/state,198,0,8192,1.963541160298801e-05,4.98018633693535e-13,1.6604916455594632,9.41804220444542e-08,2.396900830442872e-09,5.476517109381135e-07
blk0_spa/c_readout,198,0,512,3.826838470511357e-06,1.1516118095363764e-13,0.8141970527602027,8.388911143519806e-08,7.474293887717494e-09,3.7608697425283003e-07
blk0_spa/d_path,198,0,512,0.0,0.0,21.610747937784346,0.0,0.0,0.0
blk0_spa/readout,198,0,512,3.8268384704416425e-06,1.151611809593458e-13,29.345511258700384,8.388911143519806e-08,7.474293887581333e-09,6.264439435167497e-08
blk0_spa/state,199,0,8192,1.9759723093021974e-05,5.04788074589819e-13,1.715174599623279,9.401900225025628e-08,2.412075572878659e-09,5.425007899551103e-07
blk0_spa/c_readout,199,0,512,4.083639935478802e-06,1.367992972952651e-13,0.8436391726598285,9.845527912388796e-08,7.975859248982036e-09,4.026832496505379e-07
blk0_spa/d_path,199,0,512,0.0,0.0,25.020802180982862,0.0,0.0,0.0
blk0_spa/readout,199,0,512,4.083639935080615e-06,1.3679929728081734e-13,33.446933121368914,9.845527909613239e-08,7.975859248204327e-09,6.395342123618987e-08
blk0_spa/state,200,0,8192,1.9827432150753887e-05,5.107247876850218e-13,1.673017158661653,9.38585915793988e-08,2.420340838715074e-09,5.525139793063188e-07
blk0_spa/c_readout,200,0,512,3.653717456701335e-06,1.0523567338491639e-13,0.6646645229288337,7.751572599079548e-08,7.136166907619795e-09,3.979057755547853e-07
blk0_spa/d_path,200,0,512,0.0,0.0,21.941848624216178,0.0,0.0,0.0
blk0_spa/readout,200,0,512,3.653717456060856e-06,1.0523567337118327e-13,28.73281848914945,7.751572594916212e-08,7.136166906368859e-09,6.051908838262002e-08
blk0_spa/state,201,0,8192,1.9951109990867393e-05,5.180776763239186e-13,1.615320951394469,9.487693471144087e-08,2.4354382313070548e-09,5.663279899586596e-07
blk0_spa/c_readout,201,0,512,3.654002780406257e-06,1.0740504780487069e-13,0.6981842480425805,8.555932899667607e-08,7.1367241804809705e-09,3.9221782155104616e-07
blk0_spa/d_path,201,0,512,0.0,0.0,20.439082543191983,0.0,0.0,0.0
blk0_spa/readout,201,0,512,3.6540027795382446e-06,1.0740504778180866e-13,27.359845292968956,8.55593289550427e-08,7.136724178785634e-09,6.265497018584318e-08
blk0_spa/state,202,0,8192,1.9986631203878517e-05,5.228711275577076e-13,1.5982746000609642,9.269368228537189e-08,2.439774316879702e-09,5.719678680820466e-07
blk0_spa/c_readout,202,0,512,3.7154588458977566e-06,1.0952950011067991e-13,0.7652156542283763,8.439175816499223e-08,7.256755558394056e-09,3.7833248223445123e-07
blk0_spa/d_path,202,0,512,0.0,0.0,21.057492574935956,0.0,0.0,0.0
blk0_spa/readout,202,0,512,3.7154588462032848e-06,1.0952950013636695e-13,28.375810315173897,8.439175813723665e-08,7.2567555589907906e-09,6.212857844101427e-08
blk0_spa/state,203,0,8192,2.013122716437281e-05,5.30813023080905e-13,1.6675713221500772,9.371814252423505e-08,2.4574251909634778e-09,5.641941461798856e-07
blk0_spa/c_readout,203,0,512,4.064437167004764e-06,1.3522216023206932e-13,0.9170886443686856,1.0498094669963987e-07,7.93835384180618e-09,3.8398855209925376e-07
blk0_spa/d_path,203,0,512,0.0,0.0,25.39375262932206,0.0,0.0,0.0
blk0_spa/readout,203,0,512,4.064437166919979e-06,1.3522216022523384e-13,33.87162512539969,1.0498094671351765e-07,7.938353841640585e-09,6.318382561619935e-08
blk0_spa/state,204,0,8192,2.0208567176600204e-05,5.360209783152742e-13,1.919765126392265,9.45171596405947e-08,2.4668661104248296e-09,5.284049099382972e-07
blk0_spa/c_readout,204,0,512,4.117356204117954e-06,1.4667195473287999e-13,0.7205916901688226,1.2131333280984702e-07,8.041711336167879e-09,4.5115826226740154e-07
blk0_spa/d_path,204,0,512,0.0,0.0,31.503502403815563,0.0,0.0,0.0
blk0_spa/readout,204,0,512,4.117356204360273e-06,1.4667195472598976e-13,37.519881949091484,1.2131333276821366e-07,8.041711336641159e-09,6.252343189929277e-08
blk0_spa/state,205,0,8192,2.032770768659517e-05,5.423705264701353e-13,1.8083835338715208,9.555361298041465e-08,2.4814096297113245e-09,5.476495921239271e-07
blk0_spa/c_readout,205,0,512,3.955899681219107e-06,1.2544751093157578e-13,0.7035409445874403,8.585474048361519e-08,7.726366564881068e-09,4.22266215125649e-07
blk0_spa/d_path,205,0,512,0.0,0.0,24.01584719990235,0.0,0.0,0.0
blk0_spa/readout,205,0,512,3.9558996815523905e-06,1.2544751093093518e-13,31.163994371640392,8.585474042810404e-08,7.726366565532013e-09,6.344603197023086e-08
blk0_spa/state,206,0,8192,2.0367711292689496e-05,5.468062052097798e-13,1.738588152796599,9.658276958757206e-08,2.4862928824083857e-09,5.608133705099083e-07
blk0_spa/c_readout,206,0,512,3.942742676448672e-06,1.2252926451161117e-13,0.78574166790805,8.236319949672666e-08,7.700669289938813e-09,3.948935326142981e-07
blk0_spa/d_path,206,0,512,0.0,0.0,26.34700962216015,0.0,0.0,0.0
blk0_spa/readout,206,0,512,3.942742677160668e-06,1.225292645374202e-13,34.020699742710285,8.236319948284887e-08,7.70066929132943e-09,6.001340834347684e-08
blk0_spa/state,207,0,8192,2.0431333669938587e-05,5.521225291667437e-13,1.7506567358557246,9.760914818079947e-08,2.4940592858811752e-09,5.615872442891944e-07
blk0_spa/c_readout,207,0,512,3.937700506062746e-06,1.2380120180004705e-13,0.731621852721406,8.488591726751871e-08,7.6908213009038e-09,4.113571930716475e-07
blk0_spa/d_path,207,0,512,0.0,0.0,24.022979739292126,0.0,0.0,0.0
blk0_spa/readout,207,0,512,3.9377005061294245e-06,1.2380120180013308e-13,31.537276668933316,8.488591729527428e-08,7.690821301034032e-09,6.265422123601237e-08
blk0_spa/state,208,0,8192,2.0541889005473012e-05,5.592070691609205e-13,1.7445026483744848,9.863558554645824e-08,2.507554810238405e-09,5.661747667992481e-07
blk0_spa/c_readout,208,0,512,4.161658754814642e-06,1.355519374778207e-13,0.933759477374209,8.52995902800302e-08,8.128239755497348e-09,3.8100910425893583e-07
blk0_spa/d_path,208,0,512,0.0,0.0,23.455253320126708,0.0,0.0,0.0
blk0_spa/readout,208,0,512,4.1616587543315215e-06,1.3555193745650082e-13,31.93605609439671,8.52995902800302e-08,8.128239754553753e-09,6.514967048484745e-08
blk0_spa/state,209,0,8192,2.0592729030729752e-05,5.639565348247859e-13,1.7103782612641656,9.739245025730536e-08,2.513760868009003e-09,5.74217908070878e-07
blk0_spa/c_readout,209,0,512,3.91121364759209e-06,1.2232316562024408e-13,0.7743318816254974,8.350759307662603e-08,7.639089155453302e-09,3.974575813756018e-07
blk0_spa/d_path,209,0,512,0.0,0.0,24.173019216388465,0.0,0.0,0.0
blk0_spa/readout,209,0,512,3.911213647195001e-06,1.2232316561144637e-13,31.69643337134076,8.350759306274824e-08,7.639089154677737e-09,6.212253333172966e-08
blk0_spa/state,210,0,8192,2.063204851011538e-05,5.68376782056402e-13,1.6862781767856199,9.789026086254315e-08,2.518560609144944e-09,5.805686151109285e-07
blk0_spa/c_readout,210,0,512,3.7863187739191217e-06,1.1612222852608893e-13,0.7044318942563567,8.527469622099382e-08,7.3951538553107845e-09,4.0601135092388816e-07
blk0_spa/d_path,210,0,512,0.0,0.0,22.41951717868009,0.0,0.0,0.0
blk0_spa/readout,210,0,512,3.7863187740922688e-06,1.1612222854857424e-13,29.123892636428252,8.527469630426054e-08,7.3951538556489624e-09,6.314412801884626e-08
blk0_spa/state,211,0,8192,2.0743847427388815e-05,5.761811511387997e-13,1.6745836235024947,9.886578702933413e-08,2.5322079379136737e-09,5.865784499614073e-07
blk0_spa/c_readout,211,0,512,3.981770276870829e-06,1.255992370725867e-13,0.8534897766367806,8.584100930075778e-08,7.776895072013339e-09,3.836139033928232e-07
blk0_spa/d_path,211,0,512,0.0,0.0,22.002190982333303,0.0,0.0,0.0
blk0_spa/readout,211,0,512,3.981770277079647e-06,1.2559923708750277e-13,29.975665679840592,8.584100941178008e-08,7.776895072421185e-09,6.473051801157883e-08
blk0_spa/state,212,0,8192,2.08884940044991e-05,5.835750812369845e-13,1.6281211732553407,9.984146407543415e-08,2.5498649907835814e-09,5.986941402342581e-07
blk0_spa/c_readout,212,0,512,3.7548167506339284e-06,1.1279875803304086e-13,0.7092563428610296,8.17318468876449e-08,7.333626466081891e-09,3.9879577149495646e-07
blk0_spa/d_path,212,0,512,0.0,0.0,20.535929333692298,0.0,0.0,0.0
blk0_spa/readout,212,0,512,3.754816749856989e-06,1.127987580056235e-13,27.550983138140555,8.173184684601154e-08,7.333626464564432e-09,6.398580061926555e-08
blk0_spa/state,213,0,8192,2.102612861176598e-05,5.908425756600849e-13,1.5917073023578765,1.0081642640852317e-07,2.5666660903034644e-09,6.092622738418828e-07
blk0_spa/c_readout,213,0,512,4.046700696917938e-06,1.3305691351259233e-13,0.8332346153574629,9.536238269880482e-08,7.903712298667847e-09,3.9960882499419363e-07
blk0_spa/d_path,213,0,512,0.0,0.0,21.30059760495339,0.0,0.0,0.0
blk0_spa/readout,213,0,512,4.046700696519439e-06,1.3305691345628198e-13,29.05711755152482,9.536238265717145e-08,7.90371229788953e-09,6.766942048473182e-08
blk0_spa/state,214,0,8192,2.1118539287496848e-05,5.970161161181046e-13,1.5813278033136067,1.017892804697218e-07,2.5779466903682675e-09,6.144436692811579e-07
blk0_spa/c_readout,214,0,512,4.087285380844793e-06,1.3717358133832252e-13,0.8040537742456534,1.08364036785491e-07,7.982979259462487e-09,4.1304055087107114e-07
blk0_spa/d_path,214,0,512,0.0,0.0,22.519216836953632,0.0,0.0,0.0
blk0_spa/readout,214,0,512,4.087285381311325e-06,1.3717358134962034e-13,30.399261831712916,1.0836403674385764e-07,7.982979260373682e-09,6.7174388196497e-08
blk0_spa/state,215,0,8192,2.1216603808229332e-05,6.043752815323524e-13,1.5986182400647968,1.027673944276053e-07,2.5899174570592447e-09,6.148666883645637e-07
blk0_spa/c_readout,215,0,512,4.030697390021535e-06,1.3358745542576047e-13,0.7946279229654649,9.573221676495436e-08,7.872455839885811e-09,4.100161164074816e-07
blk0_spa/d_path,215,0,512,0.0,0.0,22.49386659800315,0.0,0.0,0.0
blk0_spa/readout,215,0,512,4.0306973893363195e-06,1.335874554085016e-13,30.376880002726683,9.573221676495436e-08,7.872455838547499e-09,6.63149208962404e-08
blk0_spa/state,216,0,8192,2.1368174447753764e-05,6.129563533113962e-13,1.5731843305005078,1.0374944192648172e-07,2.608419732391817e-09,6.242017320575253e-07
blk0_spa/c_readout,216,0,512,3.814874431570772e-06,1.1874637026509585e-13,0.6646889310063864,9.708922067697134e-08,7.450926624161664e-09,4.2266953727452944e-07
blk0_spa/d_path,216,0,512,0.0,0.0,20.363753488322793,0.0,0.0,0.0
blk0_spa/readout,216,0,512,3.8148744316418415e-06,1.1874637025415966e-13,27.24518201510537,9.708922066309356e-08,7.450926624300472e-09,6.601844866729086e-08
blk0_spa/state,217,0,8192,2.1475360524831384e-05,6.210618478463503e-13,1.5562271913021637,1.047358131403553e-07,2.621503970316331e-09,6.31729162841654e-07
blk0_spa/c_readout,217,0,512,3.923708416660819e-06,1.2567697317421993e-13,0.7287203248336469,8.978090983158271e-08,7.663493001290662e-09,4.152861189459881e-07
blk0_spa/d_path,217,0,512,0.0,0.0,20.912935608191745,0.0,0.0,0.0
blk0_spa/readout,217,0,512,3.923708416405435e-06,1.256769732047857e-13,28.195580368861112,8.978090992872723e-08,7.663493000791865e-09,6.676322961150503e-08
blk0_spa/state,218,0,8192,2.1540955960366755e-05,6.270536062475212e-13,1.558281779241896,1.050916259154322e-07,2.6295112256307074e-09,6.343505761514711e-07
blk0_spa/c_readout,218,0,512,3.9433562556791904e-06,1.266944811057891e-13,0.7204404515135517,9.022535157887646e-08,7.701867686873419e-09,4.193530477502929e-07
blk0_spa/d_path,218,0,512,0.0,0.0,22.250194268473688,0.0,0.0,0.0
blk0_spa/readout,218,0,512,3.943356255522415e-06,1.2669448112199645e-13,29.533999510171903,9.022535163438761e-08,7.701867686567216e-09,6.549644331507893e-08
blk0_spa/state,219,0,8192,2.1634028690536075e-05,6.348392235854625e-13,1.566253422598582,1.0545063264949528e-07,2.6408726428877044e-09,6.366501700267378e-07
blk0_spa/c_readout,219,0,512,4.086773136325912e-06,1.3511419895661533e-13,0.7703445410592833,9.122263465444203e-08,7.981978781886548e-09,4.1880127071014794e-07
blk0_spa/d_path,219,0,512,0.0,0.0,21.285095399795438,0.0,0.0,0.0
blk0_spa/readout,219,0,512,4.086773135340047e-06,1.3511419890707355e-13,28.874338052964493,9.122263466831981e-08,7.98197877996103e-09,6.840604424152967e-08
blk0_spa/state,220,0,8192,2.1702478306980574e-05,6.400049453675931e-13,1.6239540953087346,1.0581332463704962e-07,2.6492283089575896e-09,6.277761185412863e-07
blk0_spa/c_readout,220,0,512,4.20779135610509e-06,1.4499357631861936e-13,0.7518921475444722,9.949985073365308e-08,8.218342492392754e-09,4.3913353758089933e-07
blk0_spa/d_path,220,0,512,0.0,0.0,23.586267153386185,0.0,0.0,0.0
blk0_spa/readout,220,0,512,4.20779135579078e-06,1.4499357629599572e-13,31.3744810547009,9.949985074753087e-08,8.218342491778866e-09,6.798077406726166e-08
blk0_spa/state,221,0,8192,2.1859630506105247e-05,6.491320499044588e-13,1.6058288478093425,1.0681849001159538e-07,2.6684119270148007e-09,6.357946928073805e-07
blk0_spa/c_readout,221,0,512,4.106120806102281e-06,1.3628720043391083e-13,0.7495212336647858,9.612868519248696e-08,8.019767199418517e-09,4.2641803532427804e-07
blk0_spa/d_path,221,0,512,0.0,0.0,22.15118202029747,0.0,0.0,0.0
blk0_spa/readout,221,0,512,4.106120806487877e-06,1.3628720044650713e-13,29.640262414621898,9.612868512309802e-08,8.019767200171635e-09,6.780887093507605e-08
blk0_spa/state,222,0,8192,2.191759382716564e-05,6.544454115154102e-13,1.5674160696434365,1.0718246416796529e-07,2.6754875277301806e-09,6.461666896372458e-07
blk0_spa/c_readout,222,0,512,4.109691936430637e-06,1.349380039191766e-13,0.7255046945009448,8.964539763289814e-08,8.026742063341088e-09,4.312677939556209e-07
blk0_spa/d_path,222,0,512,0.0,0.0,22.20856817598374,0.0,0.0,0.0
blk0_spa/readout,222,0,512,4.1096919364950384e-06,1.3493800393940656e-13,29.458862128666986,8.964539766065371e-08,8.026742063466872e-09,6.76798140582771e-08
blk0_spa/state,223,0,8192,2.1968580141356843e-05,6.599786314081297e-13,1.5729892980521258,1.0754729645734429e-07,2.681711443036724e-09,6.477419930218269e-07
blk0_spa/c_readout,223,0,512,4.303262997430429e-06,1.4630210499405157e-13,0.8372356223322308,9.278426901793146e-08,8.404810541856307e-09,4.180242133520582e-07
blk0_spa/d_path,223,0,512,0.0,0.0,22.772066802658202,0.0,0.0,0.0
blk0_spa/readout,223,0,512,4.303262997902491e-06,1.4630210503386027e-13,30.879942446342813,9.278426904568704e-08,8.404810542778303e-09,6.883147026539931e-08
blk0_spa/state,224,0,8192,2.2013073712292937e-05,6.660802166171507e-13,1.5975568179969786,1.079141617663093e-07,2.687142787145134e-09,6.457064295631198e-07
blk0_spa/c_readout,224,0,512,4.39015688881412e-06,1.5134525960761872e-13,0.9617891532570958,9.308741387437092e-08,8.574525173465078e-09,3.966838082140119e-07
blk0_spa/d_path,224,0,512,0.0,0.0,21.670866864411597,0.0,0.0,0.0
blk0_spa/readout,224,0,512,4.390156888578198e-06,1.51345259597444e-13,30.194412010914387,9.30874138882487e-08,8.574525173004292e-09,7.079802177844651e-08
blk0_spa/state,225,0,8192,2.2019793764041692e-05,6.710528536076835e-13,1.5876967749506559,1.0828324972789183e-07,2.6879631059621206e-09,6.501215804340802e-07
blk0_spa/c_readout,225,0,512,4.2927245704530106e-06,1.472007025957321e-13,0.7961337460247129,9.324700274426778e-08,8.384227676666036e-09,4.2999353404552094e-07
blk0_spa/d_path,225,0,512,0.0,0.0,23.40377927773776,0.0,0.0,0.0
blk0_spa/readout,225,0,512,4.292724570693107e-06,1.472007026001622e-13,31.059625859188504,9.324700273039e-08,8.384227677134975e-09,6.884253142323905e-08
blk0_spa/state,226,0,8192,2.2042453352717044e-05,6.756501800386112e-13,1.5822611188117581,1.0931228718730202e-07,2.6907291690328423e-09,6.534643061319851e-07
blk0_spa/c_readout,226,0,512,4.149813530574083e-06,1.360006947082962e-13,0.6917009463686197,8.425283327950783e-08,8.105104551902505e-09,4.4341601893212645e-07
blk0_spa/d_path,226,0,512,0.0,0.0,22.60195344476246,0.0,0.0,0.0
blk0_spa/readout,226,0,512,4.149813530356483e-06,1.3600069468874268e-13,29.441493803381505,8.425283326563004e-08,8.105104551477507e-09,6.79658327788461e-08
blk0_spa/state,227,0,8192,2.2139592158312035e-05,6.821962416525138e-13,1.5631730785029596,1.1034506319090864e-07,2.7025869333876996e-09,6.606191027687175e-07
blk0_spa/c_readout,227,0,512,4.067948953975595e-06,1.317973486133293e-13,0.8014073756140624,9.28418559115185e-08,7.945212800733584e-09,4.055334377742951e-07
blk0_spa/d_path,227,0,512,0.0,0.0,21.56644067154175,0.0,0.0,0.0
blk0_spa/readout,227,0,512,4.0679489539963035e-06,1.3179734861317684e-13,29.232883426090687,9.284185592539629e-08,7.94521280077403e-09,6.714559234439297e-08
blk0_spa/state,228,0,8192,2.224048024946593e-05,6.885096325257767e-13,1.543892698012222,1.1137833957203247e-07,2.714902374202384e-09,6.678000599513978e-07
blk0_spa/c_readout,228,0,512,4.244028901923068e-06,1.4457327709335866e-13,0.8190989790492582,1.0288126983670765e-07,8.289118949068492e-09,4.201223831991115e-07
blk0_spa/d_path,228,0,512,0.0,0.0,20.67093043845594,0.0,0.0,0.0
blk0_spa/readout,228,0,512,4.244028902942814e-06,1.4457327713725745e-13,28.418282596066806,1.0288126983670765e-07,8.289118951060184e-09,7.132554494599504e-08
blk0_spa/state,229,0,8192,2.2325776527628136e-05,6.945314966159085e-13,1.5430906691971646,1.1241210168266846e-07,2.7253145175327314e-09,6.708883496621192e-07
blk0_spa/c_readout,229,0,512,4.2835881737455086e-06,1.509444053486685e-13,0.8020617874540009,1.1180953991829501e-07,8.366383151846696e-09,4.338150329680725e-07
blk0_spa/d_path,229,0,512,0.0,0.0,21.949496669261226,0.0,0.0,0.0
blk0_spa/readout,229,0,512,4.2835881736799685e-06,1.5094440534027834e-13,29.924802890572717,1.1180953995992837e-07,8.366383151718689e-09,7.102199397762634e-08
blk0_spa/state,230,0,8192,2.243758717954507e-05,7.021104262626848e-13,1.5248164347706066,1.1345007079610614e-07,2.7389632787530603e-09,6.785688652343441e-07
blk0_spa/c_readout,230,0,512,4.215784393577112e-06,1.449447295299706e-13,0.8134232874951888,9.873217700351322e-08,8.233953893705297e-09,4.22126788076594e-07
blk0_spa/d_path,230,0,512,0.0,0.0,21.923063561879466,0.0,0.0,0.0
blk0_spa/readout,230,0,512,4.215784393874834e-06,1.449447295457696e-13,29.871293829577006,9.873217698963543e-08,8.233953894286786e-09,6.965851265897685e-08
blk0_spa/state,231,0,8192,2.248565492024404e-05,7.069845239827783e-13,1.5120484967850536,1.1382145667648835e-07,2.7448309228813524e-09,6.837889733671907e-07
blk0_spa/c_readout,231,0,512,4.33821757022147e-06,1.5112262573692926e-13,0.7729670410963079,9.55328316176729e-08,8.473081191838808e-09,4.421648927721323e-07
blk0_spa/d_path,231,0,512,0.0,0.0,21.953930783115595,0.0,0.0,0.0
blk0_spa/readout,231,0,512,4.338217570630431e-06,1.5112262575643614e-13,29.670538692977008,9.553283153440617e-08,8.47308119263756e-09,7.136775405989508e-08
blk0_spa/state,232,0,8192,2.2535316713297786e-05,7.127992570180101e-13,1.532453843509935,1.1419539130280709e-07,2.7508931534787337e-09,6.820087048175207e-07
blk0_spa/c_readout,232,0,512,4.479410863356918e-06,1.5961485026868273e-13,0.8886430855157219,9.726643154794878e-08,8.74884934249398e-09,4.2381172193812174e-07
blk0_spa/d_path,232,0,512,0.0,0.0,22.165928167181367,0.0,0.0,0.0
blk0_spa/readout,232,0,512,4.47941086402381e-06,1.5961485026853412e-13,30.650273447924548,9.726643146468206e-08,8.748849343796505e-09,7.216381270984555e-08
blk0_spa/state,233,0,8192,2.2661572503323393e-05,7.214583103182268e-13,1.5660284377000906,1.1524797216555527e-07,2.766305237222094e-09,6.787436789050044e-07
blk0_spa/c_readout,233,0,512,4.231589174646381e-06,1.4782455756066324e-13,0.7540143979008904,9.557245400637626e-08,8.264822606731213e-09,4.427753902625866e-07
blk0_spa/d_path,233,0,512,0.0,0.0,22.67004692127455,0.0,0.0,0.0
blk0_spa/readout,233,0,512,4.231589174266721e-06,1.4782455756097757e-13,30.484582663367853,9.557245395086511e-08,8.264822605989689e-09,6.96358958362747e-08
blk0_spa/state,234,0,8192,2.2813240476878814e-05,7.314808997180745e-13,1.5342571250136152,1.1630385734345827e-07,2.784819394150246e-09,6.904820941992633e-07
blk0_spa/c_readout,234,0,512,4.022750851650064e-06,1.3516515401137719e-13,0.6748441154293613,1.029286463560819e-07,7.856935257129032e-09,4.4753874448731054e-07
blk0_spa/d_path,234,0,512,0.0,0.0,20.56095306505237,0.0,0.0,0.0
blk0_spa/readout,234,0,512,4.02275085156593e-06,1.3516515399935088e-13,27.57227450915415,1.0292864627281517e-07,7.856935256964707e-09,7.001580314689739e-08
blk0_spa/state,235,0,8192,2.29011114553956e-05,7.383710984605155e-13,1.5213449067281546,1.1667983357277478e-07,2.7955458319574706e-09,6.966642134829729e-07
blk0_spa/c_readout,235,0,512,4.1944136420927545e-06,1.4350005799385764e-13,0.6741657973725101,9.738677034243359e-08,8.192214144712411e-09,4.6136291300378394e-07
blk0_spa/d_path,235,0,512,0.0,0.0,20.788349622185287,0.0,0.0,0.0
blk0_spa/readout,235,0,512,4.194413642143604e-06,1.4350005802628502e-13,27.88168274748871,9.738677042570032e-08,8.192214144811726e-09,7.174085491167376e-08
blk0_spa/state,236,0,8192,2.297809753586987e-05,7.45916728934916e-13,1.5339891478691676,1.1705789037391723e-07,2.804943546859115e-09,6.973230644752275e-07
blk0_spa/c_readout,236,0,512,4.450685036278909e-06,1.6034796051512497e-13,0.8361312136245981,9.73845674795415e-08,8.692744211482245e-09,4.379197196469812e-07
blk0_spa/d_path,236,0,512,0.0,0.0,21.314948510801315,0.0,0.0,0.0
blk0_spa/readout,236,0,512,4.450685036704838e-06,1.6034796053756767e-13,29.40350852134109,9.738456752117486e-08,8.692744212314137e-09,7.384687855876353e-08
blk0_spa/state,237,0,8192,2.3070539514170062e-05,7.547103640955945e-13,1.542935752315435,1.1743862873836441e-07,2.8162279680383376e-09,6.993848746957695e-07
blk0_spa/c_readout,237,0,512,4.491072653704585e-06,1.664328405552678e-13,0.7530067975402334,1.021025327202496e-07,8.771626276766767e-09,4.701322722710289e-07
blk0_spa/d_path,237,0,512,0.0,0.0,20.776233076621182,0.0,0.0,0.0
blk0_spa/readout,237,0,512,4.4910726534705055e-06,1.6643284053152546e-13,28.31618945574745,1.0210253265086067e-07,8.771626276309581e-09,7.666587699232448e-08
blk0_spa/state,238,0,8192,2.318638197545646e-05,7.640799921933968e-13,1.5550667588256966,1.1782120474396196e-07,2.8303688934883375e-09,7.009626776478096e-07
blk0_spa/c_readout,238,0,512,4.432676362105207e-06,1.61142603854619e-13,0.7339493588602118,1.0187154218799233e-07,8.657571019736732e-09,4.685674765722996e-07
blk0_spa/d_path,238,0,512,0.0,0.0,20.58953449247749,0.0,0.0,0.0
blk0_spa/readout,238,0,512,4.432676361980957e-06,1.6114260384971157e-13,28.096346888299312,1.0187154220187011e-07,8.657571019494057e-09,7.573214545993341e-08
blk0_spa/state,239,0,8192,2.330753647570178e-05,7.727486890648899e-13,1.5547947881696453,1.1820539734530566e-07,2.845158261194065e-09,7.049894215593839e-07
blk0_spa/c_readout,239,0,512,4.48793168252215e-06,1.627419138956827e-13,0.7971590092196502,9.577889355238955e-08,8.765491567426075e-09,4.518322544686821e-07
blk0_spa/d_path,239,0,512,0.0,0.0,20.266064611685696,0.0,0.0,0.0
blk0_spa/readout,239,0,512,4.487931682665861e-06,1.627419139456527e-13,27.983707764890376,9.577889359402292e-08,8.76549156770676e-09,7.62600492179869e-08
blk0_spa/state,240,0,8192,2.3352469518744074e-05,7.803052374673698e-13,1.5513296487601478,1.1929119306947067e-07,2.8506432517998137e-09,7.092187595434399e-07
blk0_spa/c_readout,240,0,512,4.6406156919978e-06,1.7191373967573857e-13,0.914599176931382,9.90245586224292e-08,9.063702523433203e-09,4.3355069899516663e-07
blk0_spa/d_path,240,0,512,0.0,0.0,19.790957014490758,0.0,0.0,0.0
blk0_spa/readout,240,0,512,4.6406156916441876e-06,1.7191373968868452e-13,27.854096057934886,9.902455860855142e-08,9.063702522742554e-09,7.856167952146698e-08
blk0_spa/state,241,0,8192,2.3364277149531954e-05,7.85206859528215e-13,1.565716209086575,1.2038131001063102e-07,2.852084612979975e-09,7.081667285266305e-07
blk0_spa/c_readout,241,0,512,4.479506344234187e-06,1.6282184002017846e-13,0.7778679878407376,9.426172387083653e-08,8.749035828582397e-09,4.575129376469571e-07
blk0_spa/d_path,241,0,512,0.0,0.0,23.120646479806,0.0,0.0,0.0
blk0_spa/readout,241,0,512,4.47950634437638e-06,1.6282184005629516e-13,30.78193767831175,9.426172387083653e-08,8.749035828860117e-09,7.272912320727545e-08
blk0_spa/state,242,0,8192,2.337844042762856e-05,7.902363578768171e-13,1.5723833463671935,1.2147143813728833e-07,2.853813528763252e-09,7.089233578845075e-07
blk0_spa/c_readout,242,0,512,4.4641744864668985e-06,1.5843098998138127e-13,0.6786992536936844,9.811755596889071e-08,8.719090793880661e-09,4.831493306063905e-07
blk0_spa/d_path,242,0,512,0.0,0.0,23.33149226337023,0.0,0.0,0.0
blk0_spa/readout,242,0,512,4.464174486913834e-06,1.5843099000954903e-13,30.1335086017279,9.811755596889071e-08,8.719090794753582e-09,7.250955121224457e-08
blk0_spa/state,243,0,8192,2.3477657257148997e-05,7.975386702122781e-13,1.5386808341211138,1.2256284627476521e-07,2.865924958148071e-09,7.199487844872649e-07
blk0_spa/c_readout,243,0,512,4.425220766657658e-06,1.597804661058176e-13,0.8087715977842005,1.1517214437706258e-07,8.643009309878239e-09,4.4447659406351604e-07
blk0_spa/d_path,243,0,512,0.0,0.0,20.550297356543215,0.0,0.0,0.0
blk0_spa/readout,243,0,512,4.425220766883823e-06,1.5978046611430148e-13,28.180129532764077,1.1517214437706258e-07,8.643009310319966e-09,7.529919777935457e-08
blk0_spa/state,244,0,8192,2.3560388488111487e-05,8.040713309947592e-13,1.5339270946849153,1.236555139880191e-07,2.8760239853651717e-09,7.240106081482939e-07
blk0_spa/c_readout,244,0,512,4.656609382817059e-06,1.7775620060504677e-13,0.8165080779607446,1.1252286243046417e-07,9.094940200814568e-09,4.6658646528686257e-07
blk0_spa/d_path,244,0,512,0.0,0.0,21.94569843708104,0.0,0.0,0.0
blk0_spa/readout,244,0,512,4.656609382459923e-06,1.7775620059176616e-13,29.940735421679282,1.1252286247209753e-07,9.094940200117037e-09,7.705150886303907e-08
blk0_spa/state,245,0,8192,2.3655230288715834e-05,8.111441483328801e-13,1.5218376915440341,1.2474984792398836e-07,2.887601353603007e-09,7.300705864910468e-07
blk0_spa/c_readout,245,0,512,4.57497837555143e-06,1.724102743779003e-13,0.8244241979715791,1.1032737018412675e-07,8.935504639748886e-09,4.573052700567063e-07
blk0_spa/d_path,245,0,512,0.0,0.0,21.810594181950474,0.0,0.0,0.0
blk0_spa/readout,245,0,512,4.574978375188439e-06,1.7241027437930066e-13,29.9174434170789,1.103273702396379e-07,8.93550463903992e-09,7.591355545643535e-08
blk0_spa/state,246,0,8192,2.3760375422761552e-05,8.197554237726136e-13,1.4943473793065227,1.2585158888633874e-07,2.9004364529738223e-09,7.406556945281487e-07
blk0_spa/c_readout,246,0,512,4.470021434130612e-06,1.6437468349910506e-13,0.7295765752838266,1.086494092611412e-07,8.730510613536351e-09,4.746593323653224e-07
blk0_spa/d_path,246,0,512,0.0,0.0,21.21337532598567,0.0,0.0,0.0
blk0_spa/readout,246,0,512,4.470021434439176e-06,1.643746835451328e-13,28.688236079995534,1.0864940935828571e-07,8.730510614139015e-09,7.569471215253628e-08
blk0_spa/state,247,0,8192,2.3828631429203415e-05,8.265929360237634e-13,1.4862165746488822,1.2623787890714278e-07,2.9087684850101824e-09,7.457698034174342e-07
blk0_spa/c_readout,247,0,512,4.4644040742653874e-06,1.659868839861508e-13,0.7496880715996399,1.0387448727555704e-07,8.719539207549585e-09,4.7054004067318834e-07
blk0_spa/d_path,247,0,512,0.0,0.0,21.401036370909747,0.0,0.0,0.0
blk0_spa/readout,247,0,512,4.464404074222995e-06,1.6598688397652866e-13,28.976530781897054,1.0387448734494598e-07,8.719539207466787e-09,7.568567559159658e-08
blk0_spa/state,248,0,8192,2.3962763719327405e-05,8.357667897724141e-13,1.51787874818018,1.2734502770339606e-07,2.9251420555819586e-09,7.420343581646655e-07
blk0_spa/c_readout,248,0,512,4.685600674544669e-06,1.8392162677265188e-13,0.8519400405241868,1.1087541003373946e-07,9.151563817470056e-09,4.6463496091532317e-07
blk0_spa/d_path,248,0,512,0.0,0.0,23.19492716705881,0.0,0.0,0.0
blk0_spa/readout,248,0,512,4.685600675033102e-06,1.8392162675881044e-13,31.534942017548424,1.1087540996435052e-07,9.151563818424027e-09,7.636957634162936e-08
blk0_spa/state,249,0,8192,2.4073037160759406e-05,8.447532208408036e-13,1.5776252008940896,1.2773149399292194e-07,2.9386031690380134e-09,7.317504709775085e-07
blk0_spa/c_readout,249,0,512,4.71436409761422e-06,1.9021925199832974e-13,0.6679107793071537,1.1981850663034255e-07,9.207742378152773e-09,5.33664124645244e-07
blk0_spa/d_path,249,0,512,0.0,0.0,23.49940580168085,0.0,0.0,0.0
blk0_spa/readout,249,0,512,4.714364097243097e-06,1.9021925200045974e-13,30.860751732778972,1.198185066719759e-07,9.207742377427925e-09,7.850982049606203e-08
blk0_spa/state,250,0,8192,2.422756661066496e-05,8.55399069870419e-13,1.5443936187308056,1.288454272510564e-07,2.9574666272784374e-09,7.442269412955473e-07
blk0_spa/c_readout,250,0,512,4.50215260772191e-06,1.6685295636101243e-13,0.6604334748724201,9.945078285888975e-08,8.793266811956855e-09,5.026346383542204e-07
blk0_spa/d_path,250,0,512,0.0,0.0,20.596907570733006,0.0,0.0,0.0
blk0_spa/readout,250,0,512,4.502152607509081e-06,1.6685295634205641e-13,27.557406388237847,9.945078283113418e-08,8.793266811541173e-09,7.781221580507678e-08
blk0_spa/state,251,0,8192,2.4306749249171607e-05,8.638971942506224e-13,1.5147032633298327,1.2995869446558173e-07,2.9671324767055185e-09,7.552091639997439e-07
blk0_spa/c_readout,251,0,512,4.570125788239626e-06,1.7013107039524663e-13,0.73425209819426,9.930831325333234e-08,8.92602693015552e-09,4.813591361446774e-07
blk0_spa/d_path,251,0,512,0.0,0.0,21.73626188925752,0.0,0.0,0.0
blk0_spa/readout,251,0,512,4.570125788482813e-06,1.7013107041458442e-13,29.2740664610402,9.930831323945455e-08,8.926026930630493e-09,7.623427772959001e-08
blk0_spa/state,252,0,8192,2.4423484328004934e-05,8.738082879531892e-13,1.5324217335063346,1.3107214172358717e-07,2.9813823642584148e-09,7.551251385988806e-07
blk0_spa/c_readout,252,0,512,4.889078378170313e-06,2.007816968946227e-13,0.7567015636460979,1.1975774541483908e-07,9.548981207363893e-09,5.151097193748092e-07
blk0_spa/d_path,252,0,512,0.0,0.0,21.73710411705058,0.0,0.0,0.0
blk0_spa/readout,252,0,512,4.889078378268542e-06,2.0078169684887075e-13,29.520219040775668,1.197577453870835e-07,9.548981207555746e-09,8.247119211322482e-08
blk0_spa/state,253,0,8192,2.4555912735494154e-05,8.829448674046043e-13,1.537639675110498,1.321853286828656e-07,2.9975479413445012e-09,7.577736595096786e-07
blk0_spa/c_readout,253,0,512,4.837910052748793e-06,1.957695478335642e-13,0.8073552401168356,1.2267966764678562e-07,9.449043071774986e-09,4.92425159975017e-07
blk0_spa/d_path,253,0,512,0.0,0.0,20.17858460395816,0.0,0.0,0.0
blk0_spa/readout,253,0,512,4.83791005241887e-06,1.9576954782850854e-13,28.025667544971743,1.2267966764678562e-07,9.449043071130605e-09,8.357850258250546e-08
blk0_spa/state,254,0,8192,2.462165070897667e-05,8.913457884892206e-13,1.5592370070860984,1.3256684840146082e-07,3.0055725963106285e-09,7.560787662808237e-07
blk0_spa/c_readout,254,0,512,4.702642646796931e-06,1.82271600318392e-13,0.7516787145554323,1.0620362252133919e-07,9.184848919525257e-09,4.924287230470766e-07
blk0_spa/d_path,254,0,512,0.0,0.0,20.164697805996227,0.0,0.0,0.0
blk0_spa/readout,254,0,512,4.702642646741203e-06,1.8227160033380525e-13,27.70297343333201,1.0620362256297255e-07,9.184848919416413e-09,8.111409191768426e-08
blk0_spa/state,255,0,8192,2.470056704929884e-05,9.009021934418412e-13,1.5709665881487385,1.3368414434472564e-07,3.0152059386351124e-09,7.572780136131483e-07
blk0_spa/c_readout,255,0,512,4.951223193773607e-06,2.0387453441087617e-13,0.774642373571737,1.0886587921421498e-07,9.670357800339076e-09,5.130159482552436e-07
blk0_spa/d_path,255,0,512,0.0,0.0,20.76172752636578,0.0,0.0,0.0
blk0_spa/readout,255,0,512,4.951223194357341e-06,2.038745344588763e-13,28.462448137339315,1.0886587920033719e-07,9.670357801479182e-09,8.463409703090888e-08
blk0_spe/state,0,0,524288,0.0,0.0,0.6030932469737429,0.0,0.0,0.0
blk0_spe/c_readout,0,0,32768,0.0,0.0,0.044997184102884565,0.0,0.0,0.0
blk0_spe/d_path,0,0,32768,0.0,0.0,1547.6535849571608,0.0,0.0,0.0
blk0_spe/readout,0,0,32768,0.0,0.0,1559.7862639356758,0.0,0.0,0.0
blk0_spe/state,1,0,524288,2.655159029344219e-06,1.676115667555308e-16,1.5872370825921092,3.475115681328411e-10,5.0643139445194604e-12,1.0276165549861677e-08
blk0_spe/c_readout,1,0,32768,6.906712505894203e-08,9.9554672631005e-19,0.26824353091281183,1.8779849897399004e-10,2.1077613848554086e-12,1.9264875013250053e-09
blk0_spe/d_path,1,0,32768,0.0,0.0,1748.0787242175445,0.0,0.0,0.0
blk0_spe/readout,1,0,32768,6.906712411871174e-08,9.955467902545444e-19,1754.1954068663158,1.8779849897399004e-10,2.1077613561618573e-12,2.3822747820965214e-11
blk0_spe/state,2,0,524288,5.585757871762952e-06,5.9957562475828875e-16,3.2847260705798944,1.203867769361544e-09,1.0653987639928727e-11,1.3510530605166074e-08
blk0_spe/c_readout,2,0,32768,1.9613485185980792e-07,9.868076610458201e-18,0.19742955211579435,1.510058127152103e-09,5.98556066466699e-12,7.069849618334012e-09
blk0_spe/d_path,2,0,32768,0.0,0.0,2111.1059359789488,0.0,0.0,0.0
blk0_spe/readout,2,0,32768,1.961348492045697e-07,9.868076144902747e-18,2129.9320955906132,1.510058127152103e-09,5.98556058363555e-12,6.806649175706235e-11
blk0_spe/state,3,0,524288,9.42818685635279e-06,1.5036638232058619e-15,3.625505556770203,2.4817327776149867e-09,1.7982839310365277e-11,2.036531294118345e-08
blk0_spe/c_readout,3,0,32768,2.912916197816264e-07,2.6891503753890895e-17,0.2542822588104984,2.50825221703721e-09,8.889514763843579e-12,1.02837027253342e-08
blk0_spe/d_path,3,0,32768,0.0,0.0,1757.6540327151245,0.0,0.0,0.0
blk0_spe/readout,3,0,32768,2.912916200203948e-07,2.6891503838352038e-17,1767.0732566288534,2.50825221703721e-09,8.889514771130213e-12,1.2336167788989084e-10
blk1_spa/state,0,0,8192,0.0,0.0,0.05493648934343027,0.0,0.0,0.0
blk1_spa/c_readout,0,0,512,0.0,0.0,0.012480318353769733,0.0,0.0,0.0
blk1_spa/d_path,0,0,512,0.0,0.0,46.3211054722172,0.0,0.0,0.0
blk1_spa/readout,0,0,512,0.0,0.0,47.39706369395651,0.0,0.0,0.0
blk1_spa/state,1,0,8192,1.0484821355266498e-07,1.689099131597689e-17,0.46641286649603747,7.80293628321882e-10,1.279885419344055e-11,6.01786316024147e-09
blk1_spa/c_readout,1,0,512,1.2350768469668978e-08,2.8435527959619888e-18,0.150157314106065,6.356339898871965e-10,2.4122594667322222e-11,4.351684512052213e-09
blk1_spa/d_path,1,0,512,0.0,0.0,78.23589867439318,0.0,0.0,0.0
blk1_spa/readout,1,0,512,1.2350768622690562e-08,2.8435531306350576e-18,77.74223826994137,6.356339898871965e-10,2.4122594966192503e-11,1.912503125346425e-10
blk1_spa/state,2,0,8192,3.086409363382992e-07,1.543375381618682e-16,1.0255488424780956,2.8285737641020603e-09,3.767589554910879e-11,1.2267543591604098e-08
blk1_spa/c_readout,2,0,512,3.131826767080044e-08,1.4276341419365673e-17,0.17061523996600272,1.7486698200563922e-09,6.116849154453211e-11,9.147439633473604e-09
blk1_spa/d_path,2,0,512,0.0,0.0,95.00017619914242,0.0,0.0,0.0
blk1_spa/readout,2,0,512,3.13182675209637e-08,1.4276341120195055e-17,93.49309080367487,1.7486696535229385e-09,6.116849125188223e-11,3.9076773673048017e-10
blk1_spa/state,3,0,8192,5.436366231265134e-07,4.463492399169539e-16,1.472118384295214,6.913732364388636e-09,6.636189247149822e-11,1.741269654766234e-08
blk1_spa/c_readout,3,0,512,7.418327872000995e-08,1.6781343309802883e-16,0.12002374001057163,9.732674069451441e-09,1.4488921625001944e-10,3.739209370074003e-08
blk1_spa/d_path,3,0,512,0.0,0.0,112.6926747733774,0.0,0.0,0.0
blk1_spa/readout,3,0,512,7.418327883706313e-08,1.6781343570401547e-16,114.02323719041972,9.732674111084805e-09,1.4488921647863893e-10,1.2131560855548577e-09
blk1_spa/state,4,0,8192,7.694460366393874e-07,8.426406366183167e-16,2.1576323835292333,6.865551224755073e-09,9.392651814445647e-11,1.9762071841965184e-08
blk1_spa/c_readout,4,0,512,1.0260049855996881e-07,2.1126137237659334e-16,0.4207923475316556,6.751846443053822e-09,2.0039159874993908e-10,2.2406608796075214e-08
blk1_spa/d_path,4,0,512,0.0,0.0,118.0361329109121,0.0,0.0,0.0
blk1_spa/readout,4,0,512,1.0260049954620654e-07,2.1126137734325953e-16,117.03146326050678,6.751846637342851e-09,2.0039160067618465e-10,1.3435651670294324e-09
blk1_spa/state,5,0,8192,1.0503593049221177e-06,1.5065867519268116e-15,2.9951897908513407,8.637132134503567e-09,1.282176885891257e-10,2.242770828852544e-08
blk1_spa/c_readout,5,0,512,1.562210640291562e-07,4.625110722802262e-16,1.1646868867384736,1.0459693854103502e-08,3.051192656819457e-10,1.9927667769791432e-08
blk1_spa/d_path,5,0,512,0.0,0.0,126.33255270472563,0.0,0.0,0.0
blk1_spa/readout,5,0,512,1.5622106374539338e-07,4.625110656843723e-16,125.39704363343117,1.0459693555731064e-08,3.0511926512772145e-10,1.920513724357569e-09
blk1_spa/state,6,0,8192,1.2968170690775175e-06,2.402037322334178e-15,3.753684529811672,8.476672558321852e-09,1.5830286487762665e-10,2.5296532242564962e-08
blk1_spa/c_readout,6,0,512,1.8926188093926788e-07,6.100439433072564e-16,0.6390932558950626,1.3254490782710349e-08,3.696521112095076e-10,3.089572867706155e-08
blk1_spa/d_path,6,0,512,0.0,0.0,125.5720824979857,0.0,0.0,0.0
blk1_spa/readout,6,0,512,1.8926188157547771e-07,6.100439478224172e-16,128.43274038386056,1.32544908382215e-08,3.696521124521049e-10,2.17942880629663e-09
blk1_spa/state,7,0,8192,1.5747683893877837e-06,3.890296745296788e-15,4.337754063387034,1.1660874654761955e-08,1.9223246940768844e-10,2.9947384752436314e-08
blk1_spa/c_readout,7,0,512,2.2869571369531753e-07,7.122451443354027e-16,0.8882191609612211,1.3253298736248809e-08,4.4667131581116705e-10,2.8317485039386384e-08
blk1_spa/d_path,7,0,512,0.0,0.0,126.52285942728429,0.0,0.0,0.0
blk1_spa/readout,7,0,512,2.2869571487585107e-07,7.1224515419588e-16,129.40866094810883,1.3253298902782262e-08,4.466713181168966e-10,2.346027399043244e-09
blk1_spa/state,8,0,8192,1.819448711773248e-06,5.355103331738562e-15,4.934253067646865,1.60436351426263e-08,2.221006728238828e-10,3.294376397483992e-08
blk1_spa/c_readout,8,0,512,3.1335153283541524e-07,1.1588035364551147e-15,0.45018095508649,1.0774692998927193e-08,6.120147125691704e-10,5.073543015564456e-08
blk1_spa/d_path,8,0,512,0.0,0.0,126.49976249856826,0.0,0.0,0.0
blk1_spa/readout,8,0,512,3.133515339603834e-07,1.1588035389161394e-15,127.1801208906014,1.0774693137705071e-08,6.120147147663739e-10,3.0185285626080766e-09
blk1_spa/state,9,0,8192,2.1550532682639907e-06,7.600960633621008e-15,5.5786287022276415,2.1927627269491268e-08,2.630680259111317e-10,3.691224953855713e-08
blk1_spa/c_readout,9,0,512,4.0027415951102786e-07,2.2831809135195222e-15,1.150965926780359,1.81325205961258e-08,7.817854677949763e-10,4.453884280663267e-08
blk1_spa/d_path,9,0,512,0.0,0.0,125.7693301043684,0.0,0.0,0.0
blk1_spa/readout,9,0,512,4.002741603164139e-07,2.283180918880584e-15,122.68227978468835,1.8132520818170406e-08,7.817854693679959e-10,4.313991094438532e-09
blk1_spa/state,10,0,8192,2.4719654965681846e-06,1.0422179559329072e-14,5.964743725385031,2.903502888118581e-08,3.0175360065529597e-10,4.180068330099787e-08
blk1_spa/c_readout,10,0,512,4.204396469935979e-07,2.5888005454885113e-15,0.4942320488511346,2.1520556781062794e-08,8.211711855343708e-10,7.237421123828865e-08
blk1_spa/d_path,10,0,512,0.0,0.0,119.15260246298014,0.0,0.0,0.0
blk1_spa/readout,10,0,512,4.2043964723769244e-07,2.588800554228991e-15,126.31030450061941,2.1520556892085096e-08,8.21171186011118e-10,4.5272023399646e-09
blk1_spa/state,11,0,8192,2.7905710669963516e-06,1.3267651033745526e-14,6.290794735273762,3.026928119265193e-08,3.406458822017031e-10,4.592448161144269e-08
blk1_spa/c_readout,11,0,512,4.989832196351688e-07,4.001230361722321e-15,0.8547974395329792,2.7827703114047253e-08,9.745766008499392e-10,6.841718030152322e-08
blk1_spa/d_path,11,0,512,0.0,0.0,119.52042113525866,0.0,0.0,0.0
blk1_spa/readout,11,0,512,4.989832194710748e-07,4.0012303340913755e-15,124.55312920772849,2.782770325282513e-08,9.74576600529443e-10,5.667864443388413e-09
blk1_spa/state,12,0,8192,3.1554287912653126e-06,1.7692195954270756e-14,6.900992946341884,3.798231590357304e-08,3.85184178621254e-10,5.0633165393267005e-08
blk1_spa/c_readout,12,0,512,6.386015327512693e-07,7.511182278497803e-15,2.224777730033321,4.84023863212002e-08,1.2472686186548228e-09,5.810464289457264e-08
blk1_spa/d_path,12,0,512,0.0,0.0,122.48747911552219,0.0,0.0,0.0
blk1_spa/readout,12,0,512,6.386015330129415e-07,7.511182279095662e-15,123.59596082220814,4.840238609915559e-08,1.2472686191659013e-09,7.795644242838714e-09
blk1_spa/state,13,0,8192,3.437227224169531e-06,2.2052421335404318e-14,7.390316429492176,3.755510563641096e-08,4.195834013878822e-10,5.462565076503591e-08
blk1_spa/c_readout,13,0,512,6.797723260599153e-07,9.091949527885114e-15,2.2458713990318553,6.37261055591587e-08,1.3276803243357721e-09,6.362621165580408e-08
blk1_spa/d_path,13,0,512,0.0,0.0,116.40339488784625,0.0,0.0,0.0
blk1_spa/readout,13,0,512,6.797723282459922e-07,9.091949527683462e-15,122.21201696738873,6.372610528160294e-08,1.3276803286054534e-09,8.625247227994236e-09
blk1_spa/state,14,0,8192,3.685682804493069e-06,2.669273937032922e-14,7.6489385145125866,4.5547776328369594e-08,4.499124517203453e-10,5.90739468683788e-08
blk1_spa/c_readout,14,0,512,7.310053014598905e-07,9.030437657884173e-15,2.467633779100703,5.1992240346354635e-08,1.4277447294138487e-09,6.049424294116178e-08
blk1_spa/d_path,14,0,512,0.0,0.0,118.56704161864297,0.0,0.0,0.0
blk1_spa/readout,14,0,512,7.31005301885467e-07,9.030437706495274e-15,131.39064555314584,5.199224073493269e-08,1.4277447302450527e-09,8.290336856573117e-09
blk1_spa/state,15,0,8192,3.920950716250159e-06,3.1734836883740237e-14,7.821933395883914,4.657430829890785e-08,4.786316792297557e-10,6.369584133150954e-08
blk1_spa/c_readout,15,0,512,7.724467971193578e-07,1.0335103214608847e-14,1.367103484997216,5.149200354992445e-08,1.5086851506237457e-09,8.694742284988467e-08
blk1_spa/d_path,15,0,512,0.0,0.0,116.0796013978846,0.0,0.0,0.0
blk1_spa/readout,15,0,512,7.72446796582759e-07,1.0335103230642723e-14,124.9159456851877,5.149200354992445e-08,1.5086851495757012e-09,9.095958481504464e-09
blk1_spa/state,16,0,8192,4.232194029831157e-06,3.7446863608726894e-14,8.097788872010467,5.152776189065733e-08,5.166252477821237e-10,6.800244058663166e-08
blk1_spa/c_readout,16,0,512,8.894256070886781e-07,1.4377894317782207e-14,1.0363165210049075,6.324075579877686e-08,1.7371593888450745e-09,1.1778810441622068e-07
blk1_spa/d_path,16,0,512,0.0,0.0,115.85958254450465,0.0,0.0,0.0
blk1_spa/readout,16,0,512,8.894256062951506e-07,1.4377894313361898e-14,124.77383300597454,6.324075574326571e-08,1.737159387295216e-09,1.0734600470866667e-08
blk1_spa/state,17,0,8192,4.4618752153884535e-06,4.218442148019957e-14,8.457355735374684,6.094163046421741e-08,5.446625018784733e-10,7.062504695742946e-08
blk1_spa/c_readout,17,0,512,9.619676644218748e-07,1.92050175528271e-14,1.035286464029014,8.51789678235626e-08,1.878843094573974e-09,1.3619999333023024e-07
blk1_spa/d_path,17,0,512,0.0,0.0,118.66214103030072,0.0,0.0,0.0
blk1_spa/readout,17,0,512,9.619676640425125e-07,1.9205017547524037e-14,125.35739441185237,8.517896787907375e-08,1.878843093833032e-09,1.2377484063863762e-08
blk1_spa/state,18,0,8192,4.727171448988699e-06,4.522733633029761e-14,8.95429876284493,5.775007932973253e-08,5.770472960191283e-10,7.106973809788959e-08
blk1_spa/c_readout,18,0,512,1.0202810896585619e-06,2.0298457467562203e-14,2.1070379047632466,7.557135062175036e-08,1.9927365032393787e-09,9.81511390028643e-08
blk1_spa/d_path,18,0,512,0.0,0.0,120.41904001737768,0.0,0.0,0.0
blk1_spa/readout,18,0,512,1.0202810887974343e-06,2.0298457418498472e-14,128.93623171470696,7.557135051072805e-08,1.992736501557489e-09,1.2547119399090219e-08
blk1_spa/state,19,0,8192,4.980577777834158e-06,5.13077129934306e-14,9.560040831264583,6.745030073362912e-08,6.079806857707712e-10,7.325907904693487e-08
blk1_spa/c_readout,19,0,512,1.0937962909033474e-06,2.2238025815900795e-14,3.5178926278033593,9.540689582809847e-08,2.1363208806706004e-09,7.950726698151351e-08
blk1_spa/d_path,19,0,512,0.0,0.0,131.05932877641868,0.0,0.0,0.0
blk1_spa/readout,19,0,512,1.0937962897482384e-06,2.2238025848948772e-14,138.9217935908904,9.540689616116538e-08,2.136320878414528e-09,1.2652108991112306e-08
blk1_spa/state,20,0,8192,5.2637880933032905e-06,6.117015794565519e-14,10.05199070367973,7.72373486279676e-08,6.425522574833118e-10,7.800882955656778e-08
blk1_spa/c_readout,20,0,512,1.089137622936111e-06,2.1014715316624742e-14,2.338119222068598,7.200645812943662e-08,2.1272219197970917e-09,9.480438589143662e-08
blk1_spa/d_path,20,0,512,0.0,0.0,126.22205481152676,0.0,0.0,0.0
blk1_spa/readout,20,0,512,1.0891376245381416e-06,2.101471540286329e-14,132.33936510484634,7.200645857352583e-08,2.127221922926058e-09,1.2601354608995525e-08
blk1_spa/state,21,0,8192,5.630419533823186e-06,6.909127919996272e-14,10.165813046686795,8.414773966514133e-08,6.873070719999007e-10,8.244048868299918e-08
blk1_spa/c_readout,21,0,512,1.226459012663685e-06,2.9294967466233155e-14,2.674793832897755,9.730766753479614e-08,2.39542775910876e-09,1.0465292072144821e-07
blk1_spa/d_path,21,0,512,0.0,0.0,114.59216891969332,0.0,0.0,0.0
blk1_spa/readout,21,0,512,1.2264590129870212e-06,2.9294967457482757e-14,130.8962833680981,9.730766725724038e-08,2.395427759740276e-09,1.4960043357336995e-08
blk1_spa/state,22,0,8192,5.916920455024049e-06,7.591701208884803e-14,10.15959953415958,7.97240429228907e-08,7.222803289824279e-10,8.644328425250439e-08
blk1_spa/c_readout,22,0,512,1.3161856824823418e-06,3.334398419822025e-14,3.487513956449276,1.026989559504976e-07,2.570675161098324e-09,9.778016563562008e-08
blk1_spa/d_path,22,0,512,0.0,0.0,111.74146415097832,0.0,0.0,0.0
blk1_spa/readout,22,0,512,1.3161856828258306e-06,3.334398415134619e-14,134.3352433168161,1.0269895556191955e-07,2.5706751617692004e-09,1.5754831485185786e-08
blk1_spa/state,23,0,8192,6.278471316796857e-06,8.620790107920447e-14,10.091775033665112,9.405975731624494e-08,7.664149556636788e-10,9.24250630190055e-08
blk1_spa/c_readout,23,0,512,1.3165912461662726e-06,3.162818293535008e-14,2.4023267479850468,9.389815919247368e-08,2.571467277668501e-09,1.1474164783626167e-07
blk1_spa/d_path,23,0,512,0.0,0.0,109.33741210998163,0.0,0.0,0.0
blk1_spa/readout,23,0,512,1.3165912467534765e-06,3.1628183028593215e-14,127.68674332695647,9.389815947002944e-08,2.5714672788153838e-09,1.5738531821819902e-08
blk1_spa/state,24,0,8192,6.432543663218569e-06,9.425685222175532e-14,10.424838707587334,1.0853895926477009e-07,7.852226151389854e-10,9.508714193765742e-08
blk1_spa/c_readout,24,0,512,1.3693987100430188e-06,3.187066933121217e-14,2.5339167464537735,8.979151344679082e-08,2.674606855552771e-09,1.121500370328252e-07
blk1_spa/d_path,24,0,512,0.0,0.0,117.42443938104198,0.0,0.0,0.0
blk1_spa/readout,24,0,512,1.3693987111628913e-06,3.187066937240173e-14,133.77414356661862,8.979151333576851e-08,2.674606857740022e-09,1.5435101966743592e-08
blk1_spa/state,25,0,8192,6.728204978934551e-06,1.0279970749925884e-13,10.918019151170503,1.0302023045749564e-07,8.213140843425966e-10,9.703401766550271e-08
blk1_spa/c_readout,25,0,512,1.4816008736201387e-06,4.024580884610327e-14,2.856657443781856,1.0212507189910625e-07,2.8937517062893334e-09,1.1869467824979034e-07
blk1_spa/d_path,25,0,512,0.0,0.0,121.28512803265474,0.0,0.0,0.0
blk1_spa/readout,25,0,512,1.4816008721776348e-06,4.0245808669062074e-14,135.51952507748487,1.0212507151052819e-07,2.893751703471943e-09,1.723294070073168e-08
blk1_spa/state,26,0,8192,7.111635004705565e-06,1.161123362932175e-13,11.652230848510435,1.1766985474892522e-07,8.681195074103473e-10,9.982392494422845e-08
blk1_spa/c_readout,26,0,512,1.726335758369482e-06,5.979559263483337e-14,3.1448427567884014,1.2329450477244208e-07,3.3717495280653944e-09,1.378907454833224e-07
blk1_spa/d_path,26,0,512,0.0,0.0,131.28260066878084,0.0,0.0,0.0
blk1_spa/readout,26,0,512,1.7263357587963865e-06,5.979559264001744e-14,148.0866148260724,1.2329450482795323e-07,3.3717495288991924e-09,2.0094475947884882e-08
blk1_spa/state,27,0,8192,7.367058080213912e-06,1.261905062430324e-13,12.257051432816235,1.1173345459969397e-07,8.992990820573623e-10,1.0146595260780149e-07
blk1_spa/c_readout,27,0,512,1.7387062995505545e-06,6.08344425459315e-14,3.6562001309156296,1.3365838757994908e-07,3.395910741309677e-09,1.289911119212098e-07
blk1_spa/d_path,27,0,512,0.0,0.0,135.3221020328392,0.0,0.0,0.0
blk1_spa/readout,27,0,512,1.7387062988730366e-06,6.083444259511626e-14,147.74286565939263,1.3365838791301599e-07,3.3959107399863996e-09,2.0291843647197242e-08
blk1_spa/state,28,0,8192,7.6244158342381745e-06,1.404607871129727e-13,12.588385412836656,1.2663003579049814e-07,9.307148235154022e-10,1.0563127779465607e-07
blk1_spa/c_readout,28,0,512,1.8077681336678594e-06,6.194010763157389e-14,4.321726784381125,1.206244122364808e-07,3.530797136070038e-09,1.197174131322481e-07
blk1_spa/d_path,28,0,512,0.0,0.0,123.63203352241673,0.0,0.0,0.0
blk1_spa/readout,28,0,512,1.8077681351107699e-06,6.194010772406713e-14,143.4505719875835,1.206244122364808e-07,3.5307971388882224e-09,2.0779487691692243e-08
blk1_spa/state,29,0,8192,7.968700520137367e-06,1.513264831757473e-13,12.730936392115058,1.2030673879337428e-07,9.727417627120809e-10,1.09025301277205e-07
blk1_spa/c_readout,29,0,512,1.8918257704224114e-06,6.47142713835871e-14,3.5371524057977557,1.0216176388189169e-07,3.6949722078562723e-09,1.3526117212591497e-07
blk1_spa/d_path,29,0,512,0.0,0.0,117.92856364300452,0.0,0.0,0.0
blk1_spa/readout,29,0,512,1.8918257709954665e-06,6.471427148495839e-14,140.9974777635077,1.0216176393740284e-07,3.6949722089755205e-09,2.1423694234749893e-08
blk1_spa/state,30,0,8192,8.358644384079745e-06,1.6293744792840936e-13,12.332020982095914,1.29046616503814e-07,1.0203423320409845e-09,1.1494585826632813e-07
blk1_spa/c_readout,30,0,512,1.809036847857672e-06,5.23074403737384e-14,4.0900173225674905,8.535048112712218e-08,3.5332750934720156e-09,1.1308868670114314e-07
blk1_spa/d_path,30,0,512,0.0,0.0,104.79248512862596,0.0,0.0,0.0
blk1_spa/readout,30,0,512,1.8090368483227405e-06,5.2307440456611366e-14,128.9812949266173,8.535048134916678e-08,3.5332750943803526e-09,2.0138094211956907e-08
blk1_spa/state,31,0,8192,8.605988909234494e-06,1.7635841069029279e-13,12.121509646765107,1.346135036772722e-07,1.0505357555217888e-09,1.2062011341008406e-07
blk1_spa/c_readout,31,0,512,1.919266925784554e-06,6.404963333861611e-14,5.186792967587667,1.1614850259356047e-07,3.748568214422957e-09,1.1112425625206619e-07
blk1_spa/d_path,31,0,512,0.0,0.0,104.70443437064485,0.0,0.0,0.0
blk1_spa/readout,31,0,512,1.919266926352676e-06,6.404963342415103e-14,134.4090475887122,1.1614850237151586e-07,3.74856821553257e-09,2.1829514273897783e-08
blk1_spa/state,32,0,8192,8.692480453146976e-06,1.8478410017384113e-13,12.333934160473168,1.4740084441910994e-07,1.061093805315793e-09,1.2240001944984276e-07
blk1_spa/c_readout,32,0,512,2.0610150700881525e-06,7.718145124446215e-14,4.075726610450231,1.4063186970503239e-07,4.025420058765923e-09,1.3761125250609296e-07
blk1_spa/d_path,32,0,512,0.0,0.0,113.5255809032009,0.0,0.0,0.0
blk1_spa/readout,32,0,512,2.061015070037195e-06,7.718145135227591e-14,138.60463377745128,1.4063186970503239e-07,4.0254200586663965e-09,2.3597586984295458e-08
blk1_spa/state,33,0,8192,8.91507809096664e-06,1.8963530202803674e-13,12.888012040449068,1.4717893348503708e-07,1.088266368526201e-09,1.2130162734691032e-07
blk1_spa/c_readout,33,0,512,2.0683868026079797e-06,7.313863999231221e-14,3.700768875367672,1.1835170676821605e-07,4.03981797384371e-09,1.405812688272593e-07
blk1_spa/d_path,33,0,512,0.0,0.0,124.97567838309465,0.0,0.0,0.0
blk1_spa/readout,33,0,512,2.0683868031370703e-06,7.313863995946203e-14,145.86218744796142,1.1835170665719374e-07,4.0398179748770905e-09,2.2392474018231873e-08
blk1_spa/state,34,0,8192,9.013326980060722e-06,1.9620672222321548e-13,13.620412410456105,1.5338429459887948e-07,1.1002596411206936e-09,1.200222633865575e-07
blk1_spa/c_readout,34,0,512,2.2792921138412918e-06,9.883607485827833e-14,5.337773450576426,1.5472980025021954e-07,4.451742409846273e-09,1.3607479108391462e-07
blk1_spa/d_path,34,0,512,0.0,0.0,134.18481321997973,0.0,0.0,0.0
blk1_spa/readout,34,0,512,2.279292114248254e-06,9.883607480197094e-14,157.08599081187555,1.5472980008368609e-07,4.451742410641121e-09,2.5083550921645453e-08
blk1_spa/state,35,0,8192,9.455486027897904e-06,2.1743125929444853e-13,14.061242230762868,1.6794667345720882e-07,1.1542341342648808e-09,1.243509609332906e-07
blk1_spa/c_readout,35,0,512,2.2567351201604067e-06,1.0264718099185713e-13,3.766256233833123,1.488946704264471e-07,4.407685781563294e-09,1.6508916907248104e-07
blk1_spa/d_path,35,0,512,0.0,0.0,124.34901977430198,0.0,0.0,0.0
blk1_spa/readout,35,0,512,2.2567351196146193e-06,1.0264718083647036e-13,144.48201181868,1.4889467037093596e-07,4.407685780497303e-09,2.665425958179534e-08
blk1_spa/state,36,0,8192,9.881815874688892e-06,2.416531560800916e-13,14.146936648354618,1.8229114895351728e-07,1.2062763518907338e-09,1.3069682318564648e-07
blk1_spa/c_readout,36,0,512,2.238594366012602e-06,1.0080604654683492e-13,3.403219163471103,1.5418335846950626e-07,4.372254621118363e-09,1.7210691989338997e-07
blk1_spa/d_path,36,0,512,0.0,0.0,119.70205340319873,0.0,0.0,0.0
blk1_spa/readout,36,0,512,2.238594366763412e-06,1.0080604659384792e-13,139.81764399535848,1.541833585250174e-07,4.372254622584789e-09,2.6851113577007846e-08
blk1_spa/state,37,0,8192,1.0220282514226359e-05,2.5834297174938475e-13,14.078753446943395,1.7362384241437212e-07,1.2475930803498973e-09,1.354616071193465e-07
blk1_spa/c_readout,37,0,512,2.3824657416751435e-06,1.1097360944207106e-13,4.333126437971256,1.6210879971723102e-07,4.653253401709265e-09,1.6003286307167793e-07
blk1_spa/d_path,37,0,512,0.0,0.0,114.37670430536157,0.0,0.0,0.0
blk1_spa/readout,37,0,512,2.38246574151479e-06,1.1097360950110337e-13,140.14056273438763,1.6210879971723102e-07,4.653253401396074e-09,2.8140248448621808e-08
blk1_spa/state,38,0,8192,1.0382320579455802e-05,2.687788433880326e-13,14.055454527258735,1.8257749689887248e-07,1.2673731176093508e-09,1.3828500608736263e-07
blk1_spa/c_readout,38,0,512,2.321596862021152e-06,1.0662127093177498e-13,4.48225306689622,1.6947881648077257e-07,4.534368871135062e-09,1.542317338873557e-07
blk1_spa/d_path,38,0,512,0.0,0.0,103.51943287243348,0.0,0.0,0.0
blk1_spa/readout,38,0,512,2.3215968627153123e-06,1.0662127106684094e-13,130.0939233841327,1.6947881675832832e-07,4.534368872490844e-09,2.862815909859013e-08
blk1_spa/state,39,0,8192,1.058622628529625e-05,2.8818732755625903e-13,14.047961826221513,1.883004363545382e-07,1.2922639508418274e-09,1.4322894092438292e-07
blk1_spa/c_readout,39,0,512,2.548093615134605e-06,1.308472809121366e-13,7.5991097378750165,1.9072662449381994e-07,4.976745342059775e-09,1.3122028993362012e-07
blk1_spa/d_path,39,0,512,0.0,0.0,105.59090792838168,0.0,0.0,0.0
blk1_spa/readout,39,0,512,2.548093615878747e-06,1.3084728109172932e-13,147.5910824257961,1.9072662471586455e-07,4.976745343513178e-09,2.9775035808484572e-08
blk1_spa/state,40,0,8192,1.0677988982818533e-05,2.9187265885298993e-13,14.365116479794134,1.940423252078105e-07,1.3034654520042155e-09,1.425417647405028e-07
blk1_spa/c_readout,40,0,512,2.668079921707063e-06,1.4580584967471869e-13,6.638280946177829,1.9101155601664033e-07,5.211093597084108e-09,1.4820390934022122e-07
blk1_spa/d_path,40,0,512,0.0,0.0,117.76775127741757,0.0,0.0,0.0
blk1_spa/readout,40,0,512,2.6680799210160198e-06,1.4580584964303422e-13,156.72836420805834,1.9101155590561802e-07,5.2110935957344136e-09,3.0500971576626987e-08
blk1_spa/state,41,0,8192,1.1149451134026472e-05,3.2753729564974154e-13,14.544263206076693,2.0850252280268933e-07,1.3610169841340908e-09,1.500667637082276e-07
blk1_spa/c_readout,41,0,512,2.4533710202520723e-06,1.2560291426495281e-13,6.934543013878781,1.6240094202757405e-07,4.791740273929829e-09,1.3458322619023154e-07
blk1_spa/d_path,41,0,512,0.0,0.0,111.75501902063597,0.0,0.0,0.0
blk1_spa/readout,41,0,512,2.453371020474334e-06,1.2560291441613292e-13,150.13703120660423,1.6240094247166326e-07,4.791740274363933e-09,2.8923839727108838e-08
blk1_spa/state,42,0,8192,1.1257707887607823e-05,3.4045696599135807e-13,14.856556526872142,2.0697473945840983e-07,1.3742319198740018e-09,1.5138123097409507e-07
blk1_spa/c_readout,42,0,512,2.736950321110267e-06,1.5255232356174718e-13,6.368555707163793,2.028652984487067e-07,5.34560609591849e-09,1.5477076792027991e-07
blk1_spa/d_path,42,0,512,0.0,0.0,118.80202532666843,0.0,0.0,0.0
blk1_spa/readout,42,0,512,2.736950321522779e-06,1.5255232361084984e-13,153.7524920472301,2.028652983376844e-07,5.3456060967241775e-09,3.14991135264253e-08
blk1_spa/state,43,0,8192,1.1589781099445515e-05,3.542850785450773e-13,15.027754765701673,2.2014302869521885e-07,1.4147682006159076e-09,1.5354277347710384e-07
blk1_spa/c_readout,43,0,512,2.700521074931156e-06,1.419330112860394e-13,5.366622668798343,1.690364716533388e-07,5.274455224474914e-09,1.6262644860273885e-07
blk1_spa/d_path,43,0,512,0.0,0.0,112.86075250548758,0.0,0.0,0.0
blk1_spa/readout,43,0,512,2.7005210755796714e-06,1.4193301125696434e-13,148.93529947575666,1.6903647148680534e-07,5.274455225741546e-09,3.0870444787435445e-08
blk1_spa/state,44,0,8192,1.1792549415851955e-05,3.632025016096928e-13,15.177037488384425,2.1213092304961378e-07,1.4395201923647407e-09,1.5469665110347633e-07
blk1_spa/c_readout,44,0,512,2.8408813850434086e-06,1.5587770394705653e-13,4.915500413985825,1.7841845464938721e-07,5.5485964551629075e-09,1.7807712337463442e-07
blk1_spa/d_path,44,0,512,0.0,0.0,112.91399524949931,0.0,0.0,0.0
blk1_spa/readout,44,0,512,2.8408813836304764e-06,1.5587770378820675e-13,147.49468746982427,1.7841845423305358e-07,5.548596452403274e-09,3.250901499601538e-08
blk1_spa/state,45,0,8192,1.1959015510717156e-05,3.804857225663852e-13,15.781090556456725,2.2656206088988995e-07,1.4598407605855904e-09,1.552746919965204e-07
blk1_spa/c_readout,45,0,512,2.9134457163680644e-06,1.662430691930247e-13,4.453185305569781,1.8165483195442533e-07,5.690323664781376e-09,1.9321302075737138e-07
blk1_spa/d_path,45,0,512,0.0,0.0,130.38365674305436,0.0,0.0,0.0
blk1_spa/readout,45,0,512,2.9134457149196245e-06,1.6624306901269094e-13,158.9495880402051,1.8165483206544764e-07,5.6903236619523915e-09,3.2340153026864023e-08
blk1_spa/state,46,0,8192,1.2469610654478058e-05,4.2201664840199897e-13,16.16745542502819,2.426567999869178e-07,1.522169269345466e-09,1.615637615464701e-07
blk1_spa/c_readout,46,0,512,3.08882435203336e-06,1.982516127479531e-13,5.544739892870751,2.0706690706528974e-07,6.032860062565157e-09,1.8908965762499436e-07
blk1_spa/d_path,46,0,512,0.0,0.0,126.74157713235448,0.0,0.0,0.0
blk1_spa/readout,46,0,512,3.0888243518908147e-06,1.9825161253247606e-13,162.31201217483718,2.0706690673222283e-07,6.0328600622867475e-09,3.49488615570357e-08
blk1_spa/state,47,0,8192,1.2739417593755114e-05,4.35453346821714e-13,16.426923149697252,2.3730801279597813e-07,1.5551046867376848e-09,1.6281435899005832e-07
blk1_spa/c_readout,47,0,512,3.438556623772379e-06,2.5504434270975997e-13,8.383827872789173,2.5204029374670256e-07,6.715930905805428e-09,1.74416139908083e-07
blk1_spa/d_path,47,0,512,0.0,0.0,126.33504603829556,0.0,0.0,0.0
blk1_spa/readout,47,0,512,3.4385566247304886e-06,2.550443432690524e-13,170.374553089686,2.520402944128364e-07,6.7159309076767356e-09,3.869060163137571e-08
blk1_spa/state,48,0,8192,1.2883417671901122e-05,4.598713983258519e-13,16.85256338966676,2.474279234832011e-07,1.5726828212769925e-09,1.651905560477667e-07
blk1_spa/c_readout,48,0,512,3.405807130566078e-06,2.5561141339203565e-13,6.481667445121881,2.2013085893002327e-07,6.651967051886871e-09,1.9858514046576537e-07
blk1_spa/d_path,48,0,512,0.0,0.0,134.29932224687573,0.0,0.0,0.0
blk1_spa/readout,48,0,512,3.405807129573572e-06,2.556114132007059e-13,171.96906986490262,2.2013085887451211e-07,6.651967049948383e-09,3.855360110015004e-08
blk1_spa/state,49,0,8192,1.3189811690802345e-05,4.793667909706926e-13,17.133408902022243,2.6281161003005593e-07,1.6100844349123957e-09,1.672676988372934e-07
blk1_spa/c_readout,49,0,512,3.3588554290851663e-06,2.489176279567561e-13,8.101880170948013,2.429651223545548e-07,6.5602645099319655e-09,1.7528103100969707e-07
blk1_spa/d_path,49,0,512,0.0,0.0,120.09719840083636,0.0,0.0,0.0
blk1_spa/readout,49,0,512,3.3588554282333087e-06,2.4891762764356817e-13,153.12904657662352,2.429651222435325e-07,6.560264508268181e-09,4.0318005276632744e-08
blk1_spa/state,50,0,8192,1.3521065084430244e-05,4.972873819795273e-13,17.050415421765372,2.5064783293338166e-07,1.6505206401892388e-09,1.7077969652599704e-07
blk1_spa/c_readout,50,0,512,3.4233422196491612e-06,2.665429807805867e-13,6.923523755409014,2.780829748139091e-07,6.686215272752268e-09,1.9620950031385376e-07
blk1_spa/d_path,50,0,512,0.0,0.0,114.43254941392291,0.0,0.0,0.0
blk1_spa/readout,50,0,512,3.4233422212786087e-06,2.665429809284617e-13,153.19989298446814,2.7808297486942024e-07,6.6862152759347826e-09,4.171136422452388e-08
blk1_spa/state,51,0,8192,1.3911880277496274e-05,5.334619787372876e-13,16.94436875275801,2.668408374262299e-07,1.698227572936557e-09,1.774348969639943e-07
blk1_spa/c_readout,51,0,512,3.2546622688259358e-06,2.0852724004539029e-13,4.983116302197693,1.910548912686938e-07,6.356762243800656e-09,2.0456479070804772e-07
blk1_spa/d_path,51,0,512,0.0,0.0,110.27409219773314,0.0,0.0,0.0
blk1_spa/readout,51,0,512,3.25466226969758e-06,2.0852724028860552e-13,138.77596105182033,1.9105489146298282e-07,6.356762245503086e-09,3.876361540497339e-08
blk1_spa/state,52,0,8192,1.4187514234343235e-05,5.418367040197787e-13,16.943095591756485,2.5444148832320934e-07,1.7318742961844769e-09,1.7882895134472851e-07
blk1_spa/c_readout,52,0,512,3.4035621045951902e-06,2.3291798081067185e-13,5.255225506888577,2.0682516066461432e-07,6.647582235537481e-09,2.105260440828391e-07
blk1_spa/d_path,52,0,512,0.0,0.0,112.20286435046786,0.0,0.0,0.0
blk1_spa/readout,52,0,512,3.403562106029698e-06,2.329179812698702e-13,141.93046947636535,2.0682516099768122e-07,6.647582238339254e-09,4.051013486455254e-08
blk1_spa/state,53,0,8192,1.456765064940963e-05,5.873098356347648e-13,16.945161364245976,2.71522667683044e-07,1.7782776671642614e-09,1.8617046460388576e-07
blk1_spa/c_readout,53,0,512,3.5542377709729726e-06,2.572417207661677e-13,3.872049631946075,2.0996085822733157e-07,6.941870646431587e-09,2.577509325764425e-07
blk1_spa/d_path,53,0,512,0.0,0.0,112.88103022806374,0.0,0.0,0.0
blk1_spa/readout,53,0,512,3.5542377730943225e-06,2.572417209109021e-13,141.70891411458308,2.0996085803304254e-07,6.941870650574849e-09,4.2606132935115665e-08
blk1_spa/state,54,0,8192,1.4709442925602668e-05,6.013669275362985e-13,17.53583035824233,2.8804993279507585e-07,1.795586294629232e-09,1.8518533962402681e-07
blk1_spa/c_readout,54,0,512,3.3738711405942444e-06,2.411060217917496e-13,3.5649626253548554,2.5259165570279407e-07,6.5895920714731335e-09,2.600617843941943e-07
blk1_spa/d_path,54,0,512,0.0,0.0,122.40799444365989,0.0,0.0,0.0
blk1_spa/readout,54,0,512,3.3738711410414778e-06,2.4110602210028125e-13,150.02256483376283,2.52591656035861e-07,6.589592072346636e-09,4.008904733550621e-08
blk1_spa/state,55,0,8192,1.5203911748577221e-05,6.425157290622651e-13,17.60419219051314,3.0412979179494926e-07,1.8559462583712428e-09,1.9104418857409513e-07
blk1_spa/c_readout,55,0,512,3.7077094405828155e-06,2.855164668694265e-13,5.842399635659249,2.25250489371831e-07,7.2416200011383114e-09,2.2106498042604734e-07
blk1_spa/d_path,55,0,512,0.0,0.0,117.39385950776425,0.0,0.0,0.0
blk1_spa/readout,55,0,512,3.707709441048372e-06,2.855164673059444e-13,151.89059304604027,2.25250489371831e-07,7.241620002047601e-09,4.335609326430155e-08
blk1_spa/state,56,0,8192,1.530168802376875e-05,6.415628243698231e-13,17.953527370660776,2.9017602853897984e-07,1.867881838838959e-09,1.8903607930404162e-07
blk1_spa/c_readout,56,0,512,3.9636839078552416e-06,3.38762174095379e-13,6.6402159641360505,2.6711896952691383e-07,7.741570132529769e-09,2.2586885665801493e-07
blk1_spa/d_path,56,0,512,0.0,0.0,121.40516719994234,0.0,0.0,0.0
blk1_spa/readout,56,0,512,3.963683907740587e-06,3.387621740893663e-13,158.81023758215343,2.6711896961018056e-07,7.741570132305834e-09,4.618577207130292e-08
blk1_spa/state,57,0,8192,1.534223167319866e-05,6.526617587845532e-13,18.550448093360433,3.0613033996651495e-07,1.8728310147947584e-09,1.875715128290571e-07
blk1_spa/c_readout,57,0,512,3.6840841920143846e-06,2.815618270322324e-13,12.190923802938947,2.397947227450459e-07,7.195476937528095e-09,1.519737496385735e-07
blk1_spa/d_path,57,0,512,0.0,0.0,119.82003307989429,0.0,0.0,0.0
blk1_spa/readout,57,0,512,3.684084191206383e-06,2.815618272527241e-13,159.17826354558287,2.397947227450459e-07,7.195476935949967e-09,4.205765034854101e-08
blk1_spa/state,58,0,8192,1.559140007348549e-05,6.429660287095179e-13,18.2115154245134,2.920928923177968e-07,1.9032470792828967e-09,1.8789748655939564e-07
blk1_spa/c_readout,58,0,512,3.979410709178535e-06,3.2925443202084445e-13,11.870330857350766,2.5909626061304536e-07,7.772286541364327e-09,1.6654607525834502e-07
blk1_spa/d_path,58,0,512,0.0,0.0,114.6436762260198,0.0,0.0,0.0
blk1_spa/readout,58,0,512,3.979410710283337e-06,3.292544324517758e-13,173.79140903878556,2.590962608906011e-07,7.772286543522143e-09,4.35262911669817e-08
blk1_spa/state,59,0,8192,1.576016925079672e-05,6.355898710580634e-13,18.390083789235064,2.785982402553344e-07,1.9238487854976463e-09,1.8590737974312082e-07
blk1_spa/c_readout,59,0,512,3.992766580033047e-06,3.0083333048783773e-13,8.127911105308964,2.643827987647285e-07,7.798372226627044e-09,1.923860169405687e-07
blk1_spa/d_path,59,0,512,0.0,0.0,117.05618627986176,0.0,0.0,0.0
blk1_spa/readout,59,0,512,3.992766577435515e-06,3.00833329953509e-13,165.94479945872922,2.6438279832063927e-07,7.79837222155374e-09,4.2577597505792165e-08
blk1_spa/state,60,0,8192,1.610469240594327e-05,6.75526938946482e-13,18.501719105831295,2.9647825949830064e-07,1.965904834709872e-09,1.910800273384573e-07
blk1_spa/c_readout,60,0,512,3.9739547568633275e-06,2.9845314746869793e-13,8.333568935225507,2.298686534452088e-07,7.761630384498687e-09,1.892441945546858e-07
blk1_spa/d_path,60,0,512,0.0,0.0,116.01009306216405,0.0,0.0,0.0
blk1_spa/readout,60,0,512,3.973954757393936e-06,2.984531471900003e-13,165.97163081180577,2.2986865300111958e-07,7.761630385535031e-09,4.240539869374098e-08
blk1_spa/state,61,0,8192,1.646283242582456e-05,7.087520337999571e-13,18.637462221892992,3.1440434011820173e-07,2.009623098855537e-09,1.9500860294207738e-07
blk1_spa/c_readout,61,0,512,3.6529473342513936e-06,2.605263988238974e-13,5.342603213044433,2.3236564250517233e-07,7.134662762209753e-09,2.2082559419323612e-07
blk1_spa/d_path,61,0,512,0.0,0.0,111.31769170813772,0.0,0.0,0.0
blk1_spa/readout,61,0,512,3.6529473339670074e-06,2.605263987394208e-13,148.34632331098888,2.3236564228312773e-07,7.134662761654311e-09,4.190708709117915e-08
blk1_spa/state,62,0,8192,1.6883262655935712e-05,7.580624034385383e-13,18.93196588734062,3.32154841409249e-07,2.0609451484296523e-09,2.0010347119502713e-07
blk1_spa/c_readout,62,0,512,3.983880230447729e-06,3.1374456095832365e-13,5.736387361418096,2.3921297276352504e-07,7.78101607509322e-09,2.3386695856308516e-07
blk1_spa/d_path,62,0,512,0.0,0.0,115.50249857394047,0.0,0.0,0.0
blk1_spa/readout,62,0,512,3.983880230449897e-06,3.137445609290845e-13,155.6640494898473,2.3921297298556965e-07,7.781016075097455e-09,4.4894582870993655e-08
blk1_spa/state,63,0,8192,1.7099072411668418e-05,7.742890089372096e-13,19.355766315443283,3.4939558068991516e-07,2.0872891127524924e-09,2.000075371880066e-07
blk1_spa/c_readout,63,0,512,4.13953994574119e-06,3.2928183523055263e-13,7.194264996624847,2.3852205818797323e-07,8.085038956525761e-09,2.139393497242643e-07
blk1_spa/d_path,63,0,512,0.0,0.0,116.01670772082878,0.0,0.0,0.0
blk1_spa/readout,63,0,512,4.139539946062764e-06,3.2928183539225665e-13,157.78811228884817,2.385220581047065e-07,8.085038957153836e-09,4.56821722118525e-08
blk1_spe/state,0,0,131072,0.0,0.0,0.3910218713716773,0.0,0.0,0.0
blk1_spe/c_readout,0,0,8192,0.0,0.0,0.3010317347490851,0.0,0.0,0.0
blk1_spe/d_path,0,0,8192,0.0,0.0,617.8642829501226,0.0,0.0,0.0
blk1_spe/readout,0,0,8192,0.0,0.0,595.0944788011778,0.0,0.0,0.0
blk1_spe/state,1,0,131072,1.440128562931236e-06,1.2764339784510892e-16,1.4274029986527872,1.3587480723886713e-09,1.0987308982324493e-11,9.456400904748992e-09
blk1_spe/c_readout,1,0,8192,1.0870232767317773e-07,9.64035367960589e-18,1.4369429294791107,5.031658839582676e-10,1.3269327108542203e-11,2.590160784446319e-09
blk1_spe/d_path,1,0,8192,0.0,0.0,688.5342205947334,0.0,0.0,0.0
blk1_spe/readout,1,0,8192,1.087023280433379e-07,9.640354008272885e-18,638.204619903129,5.031658839582676e-10,1.3269327153727771e-11,1.22904141974449e-10
blk1_spe/state,2,0,131072,3.0542703301590765e-06,5.622072118732166e-16,3.9384657949087694,1.1644474412486616e-09,2.330223335387479e-11,1.194770984819537e-08
blk1_spe/c_readout,2,0,8192,2.722252394646563e-07,6.436600221398231e-17,7.590356230693527,1.7815916519836605e-09,3.323062005183793e-11,2.9120390102743975e-09
blk1_spe/d_path,2,0,8192,0.0,0.0,849.9584373501255,0.0,0.0,0.0
blk1_spe/readout,2,0,8192,2.7222524142483964e-07,6.436600347656687e-17,730.2155404644932,1.781591763005963e-09,3.323062029111812e-11,2.96894899353839e-10
blk1_spe/state,3,0,131072,5.3621001302294935e-06,1.8457424443602727e-15,6.983656809879342,3.2205545036356753e-09,4.090957740958781e-11,1.6257138478057682e-08
blk1_spe/c_readout,3,0,8192,4.4056853497285467e-07,1.5906973325135785e-16,9.201830795680427,2.216788808073744e-09,5.378033874180355e-11,4.157733558332364e-09
blk1_spe/d_path,3,0,8192,0.0,0.0,1147.0644633406237,0.0,0.0,0.0
blk1_spe/readout,3,0,8192,4.4056853695982456e-07,1.5906973397080006e-16,985.2378802657902,2.216788752562593e-09,5.3780338984353584e-11,4.0181229986590285e-10
blk2_spa/state,0,0,8192,0.0,0.0,0.7340452860434918,0.0,0.0,0.0
blk2_spa/c_readout,0,0,512,0.0,0.0,2.4890527702647396,0.0,0.0,0.0
blk2_spa/d_path,0,0,512,0.0,0.0,142.6007476072453,0.0,0.0,0.0
blk2_spa/readout,0,0,512,0.0,0.0,127.71773460357383,0.0,0.0,0.0
blk2_spa/state,1,0,8192,2.5194994442541635e-07,1.74531772613424e-16,0.7851648607294917,4.033103948031247e-09,3.075560845036821e-11,1.4909285195281857e-08
blk2_spa/c_readout,1,0,512,2.6360364907256225e-08,1.5444993105592927e-17,1.1414041517267455,1.7997868854979782e-09,5.1485087709484814e-11,3.6785285870096203e-09
blk2_spa/d_path,1,0,512,0.0,0.0,123.41599901571641,0.0,0.0,0.0
blk2_spa/readout,1,0,512,2.6360366100244533e-08,1.5444993415480848e-17,113.85335168799404,1.7997868854979782e-09,5.14850900395401e-11,3.683163122812688e-10
blk2_spa/state,2,0,8192,4.629674140197361e-07,3.5659723182115573e-16,2.441208169181468,4.617372692528043e-09,5.6514576906706066e-11,1.2086110942484228e-08
blk2_spa/c_readout,2,0,512,5.508357959093206e-08,6.279774266824519e-17,5.356273092642331,4.994275437653073e-09,1.0758511638853918e-10,3.4240544365477893e-09
blk2_spa/d_path,2,0,512,0.0,0.0,194.1136991274568,0.0,0.0,0.0
blk2_spa/readout,2,0,512,5.5083580107229134e-08,6.279774267338637e-17,164.8644892195441,4.994275437653073e-09,1.075851173969319e-10,6.171751847733202e-10
blk2_spa/state,3,0,8192,7.547176201726242e-07,9.457068856999268e-16,10.271962262212607,8.533314777015022e-09,9.212861574372854e-11,9.595145571869208e-09
blk2_spa/c_readout,3,0,512,1.6248829881636553e-07,5.377595189044017e-16,20.39067934646643,1.1867030469403517e-08,3.173599586257139e-10,5.13544645868395e-09
blk2_spa/d_path,3,0,512,0.0,0.0,357.63115432361474,0.0,0.0,0.0
blk2_spa/readout,3,0,512,1.624882989621365e-07,5.377595212290623e-16,272.6961826025005,1.1867030469403517e-08,3.1735995891042287e-10,1.4042826334500896e-09
blk2_spa/state,4,0,8192,1.5731962486641958e-06,4.0983637966195235e-15,19.993547493515198,1.2217183820162347e-08,1.9204055769826609e-10,1.431727358698704e-08
blk2_spa/c_readout,4,0,512,3.016951564655562e-07,1.9597677704501934e-15,38.02887578201239,2.7295561810802837e-08,5.892483524717895e-10,7.178695995150862e-09
blk2_spa/d_path,4,0,512,0.0,0.0,384.7045230511577,0.0,0.0,0.0
blk2_spa/readout,4,0,512,3.01695156629596e-07,1.9597677695887356e-15,276.79995303135,2.7295561810802837e-08,5.892483527921797e-10,2.6608433013186267e-09
blk2_spa/state,5,0,8192,2.3957868765443646e-06,9.30864616275969e-15,23.769149864524913,1.7572511612495845e-08,2.924544527031695e-10,1.9789573601946988e-08
blk2_spa/c_readout,5,0,512,4.647109017577265e-07,5.930936893487486e-15,34.4148900887731,5.008268222361778e-08,9.076384799955595e-10,1.3127694396511154e-08
blk2_spa/d_path,5,0,512,0.0,0.0,365.4437123813658,0.0,0.0,0.0
blk2_spa/readout,5,0,512,4.647108996818046e-07,5.930936845630901e-15,253.6989131354757,5.0082682001573176e-08,9.076384759410246e-10,4.835065329141642e-09
blk2_spa/state,6,0,8192,2.9773382460387076e-06,1.365585511591622e-14,27.810119284203196,2.935925658142935e-08,3.634446101121469e-10,2.2159401395709698e-08
blk2_spa/c_readout,6,0,512,5.383740660028913e-07,6.8414635553907156e-15,42.17431146367265,3.59381778225476e-08,1.051511847661897e-09,1.2736511978450886e-08
blk2_spa/d_path,6,0,512,0.0,0.0,363.0792371542168,0.0,0.0,0.0
blk2_spa/readout,6,0,512,5.383740688157454e-07,6.841463573746924e-15,258.4075072815323,3.593817776703645e-08,1.0515118531557528e-09,5.145433220786638e-09
blk2_spa/state,7,0,8192,3.50298758117567e-06,1.9693150928195618e-14,27.49285841149363,4.0650943056164124e-08,4.2761078871773314e-10,2.6763792673423755e-08
blk2_spa/c_readout,7,0,512,6.014066869297074e-07,7.789211824165079e-15,19.34219660861152,4.841200618166397e-08,1.1746224354095847e-09,2.0067527208560035e-08
blk2_spa/d_path,7,0,512,0.0,0.0,312.7126758087812,0.0,0.0,0.0
blk2_spa/readout,7,0,512,6.014066864234121e-07,7.78921181069796e-15,233.22951036440378,4.841200618166397e-08,1.1746224344207267e-09,5.779030766537249e-09
blk2_spa/state,8,0,8192,3.881335696675807e-06,2.3170766145817772e-14,35.01779462211629,4.903057493343965e-08,4.73795861410621e-10,2.5723247796936395e-08
blk2_spa/c_readout,8,0,512,7.342454516735296e-07,1.1035536990687802e-14,50.133812030936376,6.318245004965917e-08,1.4340731477998625e-09,1.483649693614201e-08
blk2_spa/d_path,8,0,512,0.0,0.0,381.2457001238336,0.0,0.0,0.0
blk2_spa/readout,8,0,512,7.342454501745117e-07,1.103553696606137e-14,240.69990836370349,6.318244993863686e-08,1.4340731448720931e-09,6.771092901082683e-09
blk2_spa/state,9,0,8192,4.486476306040076e-06,3.103307278556698e-14,37.82216596390157,5.0653059746608164e-08,5.476655647021577e-10,2.8644364534635154e-08
blk2_spa/c_readout,9,0,512,6.903208027267651e-07,6.4571085490421824e-15,36.43447596197832,3.2425829743498724e-08,1.3482828178257131e-09,1.3312596838210772e-08
blk2_spa/d_path,9,0,512,0.0,0.0,348.91604146159557,0.0,0.0,0.0
blk2_spa/readout,9,0,512,6.903208030084408e-07,6.457108515403678e-15,233.27654302890787,3.242582957696527e-08,1.348282818375861e-09,5.261184199014567e-09
blk2_spa/state,10,0,8192,5.251975440639205e-06,4.0330936287452563e-14,42.08075790755566,5.5953758737459225e-08,6.411102832811529e-10,3.095831932681256e-08
blk2_spa/c_readout,10,0,512,8.941745762334151e-07,1.6075871314290693e-14,40.45706846741762,6.641035499299619e-08,1.746434719205889e-09,1.9933798105276067e-08
blk2_spa/d_path,10,0,512,0.0,0.0,361.40150423176686,0.0,0.0,0.0
blk2_spa/readout,10,0,512,8.941745776466726e-07,1.607587133892581e-14,236.02135970965455,6.641035499299619e-08,1.7464347219661575e-09,8.252995472571081e-09
blk2_spa/state,11,0,8192,5.550540751967793e-06,4.0807319923007114e-14,41.454301872163995,4.273332243620587e-08,6.775562441366935e-10,3.137503605720583e-08
blk2_spa/c_readout,11,0,512,8.736768301669415e-07,1.3097027138797641e-14,29.853648425263657,5.072696263042076e-08,1.7064000589198077e-09,2.094535167993372e-08
blk2_spa/d_path,11,0,512,0.0,0.0,320.4437127874371,0.0,0.0,0.0
blk2_spa/readout,11,0,512,8.736768314770914e-07,1.3097027131145883e-14,212.2309962609608,5.072696263042076e-08,1.7064000614786942e-09,7.855646952573561e-09
blk2_spa/state,12,0,8192,5.930911015107506e-06,4.8249304206700946e-14,44.95689364836914,4.394302033361441e-08,7.239881610238655e-10,3.276026300422042e-08
blk2_spa/c_readout,12,0,512,9.893480227049134e-07,1.668871928985239e-14,29.53082289287974,6.48928331070664e-08,1.932320356845534e-09,2.377243838135859e-08
blk2_spa/d_path,12,0,512,0.0,0.0,321.6032045642106,0.0,0.0,0.0
blk2_spa/readout,12,0,512,9.89348023633099e-07,1.6688719317716298e-14,215.0930474109575,6.4892833329111e-08,1.9323203586583963e-09,8.808426177459483e-09
blk2_spa/state,13,0,8192,6.136324122737165e-06,4.9365683456392425e-14,45.93685085437632,5.704157390873377e-08,7.490630032638141e-10,3.2781737426446315e-08
blk2_spa/c_readout,13,0,512,9.491951051460222e-07,1.32959860852487e-14,37.62864500904398,4.772248879403307e-08,1.8538966897383246e-09,1.8797538631951366e-08
blk2_spa/d_path,13,0,512,0.0,0.0,326.6058329268997,0.0,0.0,0.0
blk2_spa/readout,13,0,512,9.491951048608228e-07,1.3295986101641191e-14,211.57256107619216,4.772248884954422e-08,1.8538966891812946e-09,7.92739693883896e-09
blk2_spa/state,14,0,8192,6.721941622227919e-06,6.279992147245426e-14,45.70661856423319,6.621407866447271e-08,8.20549514432119e-10,3.706721900035645e-08
blk2_spa/c_readout,14,0,512,9.932770745685454e-07,1.6365168635075488e-14,43.272357264908706,6.72311259997116e-08,1.9399942862666902e-09,1.9447105283028948e-08
blk2_spa/d_path,14,0,512,0.0,0.0,312.3793128246241,0.0,0.0,0.0
blk2_spa/readout,14,0,512,9.932770748515222e-07,1.6365168649658367e-14,221.07618749443338,6.72311259997116e-08,1.939994286819379e-09,8.603779257222351e-09
blk2_spa/state,15,0,8192,7.063966559693758e-06,6.62716417886879e-14,47.88717783578431,6.129644547492319e-08,8.62300605431367e-10,3.720096821648292e-08
blk2_spa/c_readout,15,0,512,1.1319515530802202e-06,1.8352246658542638e-14,32.98731730883652,5.667510349915972e-08,2.210842877109805e-09,2.3586913795244337e-08
blk2_spa/d_path,15,0,512,0.0,0.0,324.97577527838484,0.0,0.0,0.0
blk2_spa/readout,15,0,512,1.1319515535405724e-06,1.835224666177146e-14,219.59732464414182,5.667510349915972e-08,2.2108428780089306e-09,9.14178696349027e-09
blk2_spe/state,0,0,32768,0.0,0.0,0.2336500090129638,0.0,0.0,0.0
blk2_spe/c_readout,0,0,2048,0.0,0.0,0.036487190240276184,0.0,0.0,0.0
blk2_spe/d_path,0,0,2048,0.0,0.0,204.1701603925024,0.0,0.0,0.0
blk2_spe/readout,0,0,2048,0.0,0.0,200.73610148441313,0.0,0.0,0.0
blk2_spe/state,1,0,32768,4.623096424012512e-07,7.23499017392156e-17,1.8055300948850348,9.15163736459057e-10,1.4108570629920996e-11,6.330187980331058e-09
blk2_spe/c_readout,1,0,2048,7.66017185791282e-08,2.350516338765691e-17,2.119710301926055,1.660293957872483e-09,3.740318289996494e-11,3.3299934704473806e-09
blk2_spe/d_path,1,0,2048,0.0,0.0,603.5224058519522,0.0,0.0,0.0
blk2_spe/readout,1,0,2048,7.660172024934165e-08,2.3505163642036167e-17,567.3830624083005,1.6602941244059366e-09,3.740318371549885e-11,2.035370407743844e-10
blk2_spe/state,2,0,32768,1.2942119859742033e-06,6.938531941184952e-16,8.049943914034932,2.9606042617480455e-09,3.949621539227915e-11,9.284047818514857e-09
blk2_spe/c_readout,2,0,2048,2.588919944274278e-07,3.3509770588886345e-16,6.631310987729219,4.251811458466648e-09,1.2641210665401748e-10,7.108631956761089e-09
blk2_spe/d_path,2,0,2048,0.0,0.0,929.277369229573,0.0,0.0,0.0
blk2_spe/readout,2,0,2048,2.5889198995352174e-07,3.350976968903075e-16,824.8812226836944,4.251811347444345e-09,1.2641210446949304e-10,6.373676439591218e-10
blk2_spe/state,3,0,32768,2.669275301867918e-06,3.0899125057483577e-15,38.49829149214909,8.04427235934213e-09,8.145981756188714e-11,8.95885201415987e-09
blk2_spe/c_readout,3,0,2048,4.140787748981034e-07,7.778843539696871e-16,84.07420948613543,9.399932610065775e-09,2.0218690180571454e-10,3.0417682465665377e-09
blk2_spe/d_path,3,0,2048,0.0,0.0,1742.1068864874533,0.0,0.0,0.0
blk2_spe/readout,3,0,2048,4.1407877429615434e-07,7.778843477702885e-16,1332.950168451858,9.39993238802117e-09,2.021869015117941e-10,7.63924712669153e-10
