core,time,saturation_count,count,abs_sum,squared_error,reference_squared,max_abs_error,mae,relative_l2
blk0_spa/state,0,0,8192,0.0,0.0,0.03961702562494558,0.0,0.0,0.0
blk0_spa/c_readout,0,0,512,0.0,0.0,0.019524956894092203,0.0,0.0,0.0
blk0_spa/d_path,0,0,512,7.876672984963307e-07,3.918577603391115e-15,19.599686747829104,1.047371789297813e-08,1.5384126923756458e-09,1.4139682602038301e-08
blk0_spa/readout,0,0,512,7.876672984963307e-07,3.918577603391115e-15,20.30128124513268,1.047371789297813e-08,1.5384126923756458e-09,1.3893206859593501e-08
blk0_spa/state,1,0,8192,0.0,0.0,0.09743740089475561,0.0,0.0,0.0
blk0_spa/c_readout,1,0,512,0.0,0.0,0.050215021536517634,0.0,0.0,0.0
blk0_spa/d_path,1,0,512,8.233689747783046e-07,4.136022739283356e-15,20.64604419461655,1.280121075808438e-08,1.6081425288638762e-09,1.415379928445202e-08
blk0_spa/readout,1,0,512,8.233689747783046e-07,4.136022739283356e-15,21.816304306066026,1.280121075808438e-08,1.6081425288638762e-09,1.376895141574882e-08
blk0_spa/state,2,0,8192,0.0,0.0,0.14057941562894322,0.0,0.0,0.0
blk0_spa/c_readout,2,0,512,0.0,0.0,0.0638805418041703,0.0,0.0,0.0
blk0_spa/d_path,2,0,512,7.760850966320731e-07,3.7924799972237275e-15,19.802729859819763,9.309971460425004e-09,1.5157912043595179e-09,1.3838821827604686e-08
blk0_spa/readout,2,0,512,7.760850966320731e-07,3.7924799972237275e-15,21.128268770193564,9.309971460425004e-09,1.5157912043595179e-09,1.3397682851533354e-08
blk0_spa/state,3,0,8192,0.0,0.0,0.17632759215429217,0.0,0.0,0.0
blk0_spa/c_readout,3,0,512,0.0,0.0,0.07250325157022787,0.0,0.0,0.0
blk0_spa/d_path,3,0,512,7.938590407263746e-07,4.1461800753492546e-15,20.64037259680481,1.3964957190637506e-08,1.5505059389187004e-09,1.4173115089307912e-08
blk0_spa/readout,3,0,512,7.938590407263746e-07,4.1461800753492546e-15,22.000691634521143,1.3964957190637506e-08,1.5505059389187004e-09,1.372795709511413e-08
blk0_spa/state,4,0,8192,0.0,0.0,0.2167880488532057,0.0,0.0,0.0
blk0_spa/c_readout,4,0,512,0.0,0.0,0.08606926529614219,0.0,0.0,0.0
blk0_spa/d_path,4,0,512,7.994174673342513e-07,4.227003140628771e-15,21.354254381556466,1.1637464325531255e-08,1.5613622408872097e-09,1.4069351479584343e-08
blk0_spa/readout,4,0,512,7.994174673342513e-07,4.227003140628771e-15,22.94095735994758,1.1637464325531255e-08,1.5613622408872097e-09,1.3574083500382104e-08
blk0_spa/state,5,0,8192,0.0,0.0,0.25713068814187234,0.0,0.0,0.0
blk0_spa/c_readout,5,0,512,0.0,0.0,0.09768221164951155,0.0,0.0,0.0
blk0_spa/d_path,5,0,512,7.603819724977257e-07,3.7267329101021575e-15,19.42005197100493,1.0085802415460421e-08,1.4851210400346204e-09,1.3852843898573608e-08
blk0_spa/readout,5,0,512,7.603819724977257e-07,3.7267329101021575e-15,21.171599474941,1.0085802415460421e-08,1.4851210400346204e-09,1.3267445111290594e-08
blk0_spa/state,6,0,8192,0.0,0.0,0.29049888793925616,0.0,0.0,0.0
blk0_spa/c_readout,6,0,512,0.0,0.0,0.12264890329446745,0.0,0.0,0.0
blk0_spa/d_path,6,0,512,7.703819751014862e-07,3.901695284022631e-15,19.925150315259224,1.047371789297813e-08,1.5046522951200902e-09,1.3993484502236427e-08
blk0_spa/readout,6,0,512,7.703819751014862e-07,3.901695284022631e-15,21.9067134232979,1.047371789297813e-08,1.5046522951200902e-09,1.3345598678877437e-08
blk0_spa/state,7,0,8192,0.0,0.0,0.3205391969286241,0.0,0.0,0.0
blk0_spa/c_readout,7,0,512,0.0,0.0,0.14386931266993047,0.0,0.0,0.0
blk0_spa/d_path,7,0,512,7.808422406441196e-07,3.9849338975768346e-15,19.947836659745874,1.2413295280566672e-08,1.525082501258046e-09,1.4133920986858976e-08
blk0_spa/readout,7,0,512,7.808422406441196e-07,3.9849338975768346e-15,22.081899293440735,1.2413295280566672e-08,1.525082501258046e-09,1.3433598014744088e-08
blk0_spa/state,8,0,8192,0.0,0.0,0.34992302031318034,0.0,0.0,0.0
blk0_spa/c_readout,8,0,512,0.0,0.0,0.17121157574811993,0.0,0.0,0.0
blk0_spa/d_path,8,0,512,8.250504262008462e-07,4.428961846610579e-15,21.99698339613629,1.6680365533261465e-08,1.6114266136735278e-09,1.41895755940544e-08
blk0_spa/readout,8,0,512,8.250504262008462e-07,4.428961846610579e-15,24.342439691128767,1.6680365533261465e-08,1.6114266136735278e-09,1.3488663427405769e-08
blk0_spa/state,9,0,8192,0.0,0.0,0.38666085310244236,0.0,0.0,0.0
blk0_spa/c_readout,9,0,512,0.0,0.0,0.16741710747454566,0.0,0.0,0.0
blk0_spa/d_path,9,0,512,8.526640460360113e-07,4.76806344384889e-15,23.60929712934275,1.8619942920850008e-08,1.6653594649140846e-09,1.4211158517482388e-08
blk0_spa/readout,9,0,512,8.526640460360113e-07,4.76806344384889e-15,25.94375685190905,1.8619942920850008e-08,1.6653594649140846e-09,1.3556718557655915e-08
blk0_spa/state,10,0,8192,0.0,0.0,0.4135354361194033,0.0,0.0,0.0
blk0_spa/c_readout,10,0,512,0.0,0.0,0.17612328503061453,0.0,0.0,0.0
blk0_spa/d_path,10,0,512,8.27462992347705e-07,4.3119090922067355e-15,21.897678985775233,1.7456196488296882e-08,1.6161386569291114e-09,1.4032522770307664e-08
blk0_spa/readout,10,0,512,8.27462992347705e-07,4.3119090922067355e-15,24.330654980320595,1.7456196488296882e-08,1.6161386569291114e-09,1.3312447188050298e-08
blk0_spa/state,11,0,8192,0.0,0.0,0.43235072711194406,0.0,0.0,0.0
blk0_spa/c_readout,11,0,512,0.0,0.0,0.22179145808596415,0.0,0.0,0.0
blk0_spa/d_path,11,0,512,8.057404521366607e-07,4.321835277266772e-15,21.330571144239713,1.280121075808438e-08,1.5737118205794154e-09,1.4234193421972717e-08
blk0_spa/readout,11,0,512,8.057404521366607e-07,4.321835277266772e-15,24.12205075066101,1.280121075808438e-08,1.5737118205794154e-09,1.338526555235734e-08
blk0_spa/state,12,0,8192,0.0,0.0,0.46169166418153496,0.0,0.0,0.0
blk0_spa/c_readout,12,0,512,0.0,0.0,0.2019982285455496,0.0,0.0,0.0
blk0_spa/d_path,12,0,512,8.077381981053122e-07,4.2690081481020234e-15,21.074249489703263,1.1249548848013546e-08,1.577613668174438e-09,1.4232704521681179e-08
blk0_spa/readout,12,0,512,8.077381981053122e-07,4.2690081481020234e-15,23.821246568630325,1.1249548848013546e-08,1.577613668174438e-09,1.3386937927318197e-08
blk0_spa/state,13,0,8192,0.0,0.0,0.5052286609940163,0.0,0.0,0.0
blk0_spa/c_readout,13,0,512,0.0,0.0,0.257567019063592,0.0,0.0,0.0
blk0_spa/d_path,13,0,512,8.168743903524955e-07,4.329416079400286e-15,21.957179155983106,1.2413295280566672e-08,1.5954577936572178e-09,1.4041916628787193e-08
blk0_spa/readout,13,0,512,8.168743903524955e-07,4.329416079400286e-15,25.210459286982694,1.2413295280566672e-08,1.5954577936572178e-09,1.3104615532669122e-08
blk0_spa/state,14,0,8192,0.0,0.0,0.5337816447269803,0.0,0.0,0.0
blk0_spa/c_readout,14,0,512,0.0,0.0,0.2633724635217058,0.0,0.0,0.0
blk0_spa/d_path,14,0,512,8.144036556245737e-07,4.1520100982854276e-15,21.057973777820074,1.1249548848013546e-08,1.5906321398917456e-09,1.4041739450330766e-08
blk0_spa/readout,14,0,512,8.144036556245737e-07,4.1520100982854276e-15,24.29495056984762,1.1249548848013546e-08,1.5906321398917456e-09,1.3072877470995729e-08
blk0_spa/state,15,0,8192,0.0,0.0,0.5774513041136159,0.0,0.0,0.0
blk0_spa/c_readout,15,0,512,0.0,0.0,0.3100034717881833,0.0,0.0,0.0
blk0_spa/d_path,15,0,512,8.183827890917428e-07,4.210196103340433e-15,21.632592159001018,1.4352872668155214e-08,1.5984038849448101e-09,1.3950728318677534e-08
blk0_spa/readout,15,0,512,8.183827890917428e-07,4.210196103340433e-15,25.23825537541358,1.4352872668155214e-08,1.5984038849448101e-09,1.2915805527184729e-08
blk0_spa/state,16,0,8192,0.0,0.0,0.5896789189910624,0.0,0.0,0.0
blk0_spa/c_readout,16,0,512,0.0,0.0,0.30898721555662767,0.0,0.0,0.0
blk0_spa/d_path,16,0,512,8.049631681217306e-07,4.111877689309351e-15,21.12639384031489,1.7456196488296882e-08,1.5721936877377551e-09,1.3951066474090154e-08
blk0_spa/readout,16,0,512,8.049631681217306e-07,4.111877689309351e-15,24.543625595217996,1.7456196488296882e-08,1.5721936877377551e-09,1.2943470410997419e-08
blk0_spa/state,17,0,8192,0.0,0.0,0.6494329356305535,0.0,0.0,0.0
blk0_spa/c_readout,17,0,512,0.0,0.0,0.31934089924328135,0.0,0.0,0.0
blk0_spa/d_path,17,0,512,8.462374498918734e-07,4.538292815340322e-15,24.108002193173498,1.551661910070834e-08,1.6528075193200653e-09,1.372036438927806e-08
blk0_spa/readout,17,0,512,8.462374498918734e-07,4.538292815340322e-15,27.888527969581673,1.551661910070834e-08,1.6528075193200653e-09,1.2756556618779145e-08
blk0_spa/state,18,0,8192,0.0,0.0,0.6462629116726747,0.0,0.0,0.0
blk0_spa/c_readout,18,0,512,0.0,0.0,0.28608657733132437,0.0,0.0,0.0
blk0_spa/d_path,18,0,512,8.075629658321759e-07,4.227060021877395e-15,21.949926428991038,1.2413295280566672e-08,1.5772714176409686e-09,1.3877226374341989e-08
blk0_spa/readout,18,0,512,8.075629658321759e-07,4.227060021877395e-15,25.336518623074696,1.2413295280566672e-08,1.5772714176409686e-09,1.2916526437685805e-08
blk0_spa/state,19,0,8192,0.0,0.0,0.6406287020680456,0.0,0.0,0.0
blk0_spa/c_readout,19,0,512,0.0,0.0,0.2897533129092207,0.0,0.0,0.0
blk0_spa/d_path,19,0,512,7.832548067909784e-07,4.195136014656378e-15,21.24652848131379,1.3577041713119797e-08,1.5297945445136296e-09,1.4051705305739185e-08
blk0_spa/readout,19,0,512,7.832548067909784e-07,4.195136014656378e-15,24.572830453955294,1.3577041713119797e-08,1.5297945445136296e-09,1.3066083551392906e-08
blk0_spa/state,20,0,8192,0.0,0.0,0.6598641542295138,0.0,0.0,0.0
blk0_spa/c_readout,20,0,512,0.0,0.0,0.314650595926383,0.0,0.0,0.0
blk0_spa/d_path,20,0,512,7.720910577546647e-07,4.165097726821014e-15,21.14923487596934,1.0861633370495838e-08,1.5079903471770795e-09,1.403347637124691e-08
blk0_spa/readout,20,0,512,7.720910577546647e-07,4.165097726821014e-15,24.82179780684672,1.0861633370495838e-08,1.5079903471770795e-09,1.2953764017035031e-08
blk0_spa/state,21,0,8192,0.0,0.0,0.6717361301048013,0.0,0.0,0.0
blk0_spa/c_readout,21,0,512,0.0,0.0,0.3398068147967055,0.0,0.0,0.0
blk0_spa/d_path,21,0,512,7.767907597155954e-07,3.9736604346489655e-15,20.035883863837668,1.2025379803048963e-08,1.5171694525695223e-09,1.4082868473728839e-08
blk0_spa/readout,21,0,512,7.767907597155954e-07,3.9736604346489655e-15,23.839916589726787,1.2025379803048963e-08,1.5171694525695223e-09,1.2910498461910524e-08
blk0_spa/state,22,0,8192,0.0,0.0,0.6916527978269743,0.0,0.0,0.0
blk0_spa/c_readout,22,0,512,0.0,0.0,0.3645232618390574,0.0,0.0,0.0
blk0_spa/d_path,22,0,512,8.099635326885846e-07,4.0252849534167125e-15,20.40127198967712,1.2025379803048963e-08,1.5819600247823917e-09,1.4046550729254682e-08
blk0_spa/readout,22,0,512,8.099635326885846e-07,4.0252849534167125e-15,24.396726531786783,1.2025379803048963e-08,1.5819600247823917e-09,1.2844953484082532e-08
blk0_spa/state,23,0,8192,0.0,0.0,0.70192721952785,0.0,0.0,0.0
blk0_spa/c_readout,23,0,512,0.0,0.0,0.3565539959171927,0.0,0.0,0.0
blk0_spa/d_path,23,0,512,8.164014015932253e-07,4.0493814692689674e-15,20.313104474205698,1.2025379803048963e-08,1.5945339874867681e-09,1.4119073350991836e-08
blk0_spa/readout,23,0,512,8.164014015932253e-07,4.0493814692689674e-15,24.14438140229158,1.2025379803048963e-08,1.5945339874867681e-09,1.2950493078226666e-08
blk0_spa/state,24,0,8192,0.0,0.0,0.7008816306371319,0.0,0.0,0.0
blk0_spa/c_readout,24,0,512,0.0,0.0,0.3462962144145171,0.0,0.0,0.0
blk0_spa/d_path,24,0,512,8.195763463447747e-07,4.3666546628734645e-15,21.60681212731344,1.82320274433323e-08,1.6007350514546381e-09,1.4216054366483468e-08
blk0_spa/readout,24,0,512,8.195763463447747e-07,4.3666546628734645e-15,25.30796190485645,1.82320274433323e-08,1.6007350514546381e-09,1.3135476672935826e-08
blk0_spa/state,25,0,8192,0.0,0.0,0.7218864381697945,0.0,0.0,0.0
blk0_spa/c_readout,25,0,512,0.0,0.0,0.35283129323602913,0.0,0.0,0.0
blk0_spa/d_path,25,0,512,8.311272843286588e-07,4.555917962725841e-15,22.683761818920356,1.8619942920850008e-08,1.6232954772044117e-09,1.417197600566126e-08
blk0_spa/readout,25,0,512,8.311272843286588e-07,4.555917962725841e-15,26.546135229234814,1.8619942920850008e-08,1.6232954772044117e-09,1.310048265367788e-08
blk0_spa/state,26,0,8192,0.0,0.0,0.7344383722570059,0.0,0.0,0.0
blk0_spa/c_readout,26,0,512,0.0,0.0,0.3566802235325559,0.0,0.0,0.0
blk0_spa/d_path,26,0,512,8.104387010376968e-07,4.283621661037181e-15,21.19342170430437,1.3189126235602089e-08,1.5828880879642515e-09,1.4216903419870714e-08
blk0_spa/readout,26,0,512,8.104387010376968e-07,4.283621661037181e-15,25.139973714326835,1.3189126235602089e-08,1.5828880879642515e-09,1.3053384878910112e-08
blk0_spa/state,27,0,8192,0.0,0.0,0.7574564737691847,0.0,0.0,0.0
blk0_spa/c_readout,27,0,512,0.0,0.0,0.38792873153341767,0.0,0.0,0.0
blk0_spa/d_path,27,0,512,8.117456893330655e-07,4.342755513903102e-15,21.663751502538176,1.1637464325531255e-08,1.5854407994786435e-09,1.4158454760979263e-08
blk0_spa/readout,27,0,512,8.117456893330655e-07,4.342755513903102e-15,25.975994704541385,1.1637464325531255e-08,1.5854407994786435e-09,1.2929942591915935e-08
blk0_spa/state,28,0,8192,0.0,0.0,0.776859236979174,0.0,0.0,0.0
blk0_spa/c_readout,28,0,512,0.0,0.0,0.4224474027887957,0.0,0.0,0.0
blk0_spa/d_path,28,0,512,8.134271407556071e-07,4.210343796624464e-15,21.06355941653428,1.0861633370495838e-08,1.588724884288295e-09,1.4138160214104335e-08
blk0_spa/readout,28,0,512,8.134271407556071e-07,4.210343796624464e-15,25.513870254082004,1.0861633370495838e-08,1.588724884288295e-09,1.2846079592503385e-08
blk0_spa/state,29,0,8192,0.0,0.0,0.7921153215860026,0.0,0.0,0.0
blk0_spa/c_readout,29,0,512,0.0,0.0,0.390228409275332,0.0,0.0,0.0
blk0_spa/d_path,29,0,512,8.265446460598014e-07,4.535482851449853e-15,22.31887209411092,1.4352872668155214e-08,1.6143450118355496e-09,1.4255276418098897e-08
blk0_spa/readout,29,0,512,8.265446460598014e-07,4.535482851449853e-15,26.60731617027589,1.4352872668155214e-08,1.6143450118355496e-09,1.3056032709744927e-08
blk0_spa/state,30,0,8192,0.0,0.0,0.8215079981552224,0.0,0.0,0.0
blk0_spa/c_readout,30,0,512,0.0,0.0,0.3958970914470803,0.0,0.0,0.0
blk0_spa/d_path,30,0,512,8.222626703968672e-07,4.457992808286178e-15,22.28570189192031,1.5904534578226048e-08,1.6059817781188812e-09,1.4143487903660201e-08
blk0_spa/readout,30,0,512,8.222626703968672e-07,4.457992808286178e-15,26.651952430327107,1.5904534578226048e-08,1.6059817781188812e-09,1.2933175385658427e-08
blk0_spa/state,31,0,8192,0.0,0.0,0.8336605462536116,0.0,0.0,0.0
blk0_spa/c_readout,31,0,512,0.0,0.0,0.40943793955804014,0.0,0.0,0.0
blk0_spa/d_path,31,0,512,7.774218957479206e-07,4.224731728821093e-15,21.760598310917437,1.4740788145672923e-08,1.5184021401326575e-09,1.3933626092442894e-08
blk0_spa/readout,31,0,512,7.774218957479206e-07,4.224731728821093e-15,26.19157703065443,1.4740788145672923e-08,1.5184021401326575e-09,1.2700439319711157e-08
blk0_spa/state,32,0,8192,0.0,0.0,0.8633634473980067,0.0,0.0,0.0
blk0_spa/c_readout,32,0,512,0.0,0.0,0.5169088408657114,0.0,0.0,0.0
blk0_spa/d_path,32,0,512,8.117711409738604e-07,4.373284154395762e-15,23.24811986190666,1.5904534578226048e-08,1.585490509714571e-09,1.3715445862660107e-08
blk0_spa/readout,32,0,512,8.117711409738604e-07,4.373284154395762e-15,28.28170285101683,1.5904534578226048e-08,1.585490509714571e-09,1.2435151216043448e-08
blk0_spa/state,33,0,8192,0.0,0.0,0.9428051495897155,0.0,0.0,0.0
blk0_spa/c_readout,33,0,512,0.0,0.0,0.4562716392887078,0.0,0.0,0.0
blk0_spa/d_path,33,0,512,8.804158220243608e-07,4.959170887662272e-15,26.748111844093046,1.4740788145672923e-08,1.7195621523913296e-09,1.3616264267035733e-08
blk0_spa/readout,33,0,512,8.804158220243608e-07,4.959170887662272e-15,31.808975558276927,1.4740788145672923e-08,1.7195621523913296e-09,1.2486182999280477e-08
blk0_spa/state,34,0,8192,0.0,0.0,0.9333580429566238,0.0,0.0,0.0
blk0_spa/c_readout,34,0,512,0.0,0.0,0.4153984301097289,0.0,0.0,0.0
blk0_spa/d_path,34,0,512,8.176771260082205e-07,4.5657679308113115e-15,23.928453266797874,1.2025379803048963e-08,1.5970256367348057e-09,1.381336867926675e-08
blk0_spa/readout,34,0,512,8.176771260082205e-07,4.5657679308113115e-15,28.27639399913871,1.2025379803048963e-08,1.5970256367348057e-09,1.2707054847364402e-08
blk0_spa/state,35,0,8192,0.0,0.0,0.8983829591298855,0.0,0.0,0.0
blk0_spa/c_readout,35,0,512,0.0,0.0,0.40421030453854734,0.0,0.0,0.0
blk0_spa/d_path,35,0,512,7.702103754780865e-07,4.139747101557025e-15,20.63763992213509,1.4352872668155214e-08,1.5043171396056376e-09,1.4163053314524651e-08
blk0_spa/readout,35,0,512,7.702103754780865e-07,4.139747101557025e-15,24.87159917755611,1.4352872668155214e-08,1.5043171396056376e-09,1.2901346820110397e-08
blk0_spa/state,36,0,8192,0.0,0.0,0.9095562346197441,0.0,0.0,0.0
blk0_spa/c_readout,36,0,512,0.0,0.0,0.42411635235583944,0.0,0.0,0.0
blk0_spa/d_path,36,0,512,7.909705797004563e-07,4.214735807125867e-15,21.35083424315258,1.3964957190637506e-08,1.5448644134774536e-09,1.4050046253864114e-08
blk0_spa/readout,36,0,512,7.909705797004563e-07,4.214735807125867e-15,25.922540186897937,1.3964957190637506e-08,1.5448644134774536e-09,1.2751063256196005e-08
blk0_spa/state,37,0,8192,0.0,0.0,0.9088454303239979,0.0,0.0,0.0
blk0_spa/c_readout,37,0,512,0.0,0.0,0.4510541535198942,0.0,0.0,0.0
blk0_spa/d_path,37,0,512,7.91530821331321e-07,4.068788325647786e-15,20.65795456735004,1.4352872668155214e-08,1.5459586354127364e-09,1.4034239684948167e-08
blk0_spa/readout,37,0,512,7.91530821331321e-07,4.068788325647786e-15,25.370491893884896,1.4352872668155214e-08,1.5459586354127364e-09,1.2663918431722197e-08
blk0_spa/state,38,0,8192,0.0,0.0,0.9163555969016421,0.0,0.0,0.0
blk0_spa/c_readout,38,0,512,0.0,0.0,0.4905218970612177,0.0,0.0,0.0
blk0_spa/d_path,38,0,512,8.036278220657778e-07,4.0805888571534e-15,20.866256741699313,1.2413295280566672e-08,1.5695855899722222e-09,1.3984248935684293e-08
blk0_spa/readout,38,0,512,8.036278220657778e-07,4.0805888571534e-15,25.80338579192574,1.2413295280566672e-08,1.5695855899722222e-09,1.2575436593870018e-08
blk0_spa/state,39,0,8192,0.0,0.0,0.9284735219105221,0.0,0.0,0.0
blk0_spa/c_readout,39,0,512,0.0,0.0,0.47856950615935434,0.0,0.0,0.0
blk0_spa/d_path,39,0,512,8.338128818508039e-07,4.461543860519405e-15,22.710160546513944,1.7456196488296882e-08,1.6285407848648514e-09,1.4016270849782709e-08
blk0_spa/readout,39,0,512,8.338128818508039e-07,4.461543860519405e-15,27.583002247703174,1.7456196488296882e-08,1.6285407848648514e-09,1.2718087716855087e-08
blk0_spa/state,40,0,8192,0.0,0.0,0.9285947845365083,0.0,0.0,0.0
blk0_spa/c_readout,40,0,512,0.0,0.0,0.4661266152193914,0.0,0.0,0.0
blk0_spa/d_path,40,0,512,8.134824032168808e-07,4.2103418937391235e-15,21.70850558500021,1.8619942920850008e-08,1.5888328187829703e-09,1.3926555617130704e-08
blk0_spa/readout,40,0,512,8.134824032168808e-07,4.2103418937391235e-15,26.294943677016388,1.8619942920850008e-08,1.5888328187829703e-09,1.2653846424208856e-08
blk0_spa/state,41,0,8192,0.0,0.0,0.9256857917389144,0.0,0.0,0.0
blk0_spa/c_readout,41,0,512,0.0,0.0,0.41130909028019447,0.0,0.0,0.0
blk0_spa/d_path,41,0,512,8.101224064915868e-07,4.184078756429024e-15,20.907298419049546,1.512870362319063e-08,1.5822703251788806e-09,1.4146563919694766e-08
blk0_spa/readout,41,0,512,8.101224064915868e-07,4.184078756429024e-15,25.274630212823922,1.512870362319063e-08,1.5822703251788806e-09,1.2866413961072987e-08
blk0_spa/state,42,0,8192,0.0,0.0,0.9109825466394049,0.0,0.0,0.0
blk0_spa/c_readout,42,0,512,0.0,0.0,0.43026517794892405,0.0,0.0,0.0
blk0_spa/d_path,42,0,512,7.760298341707994e-07,4.160140355358205e-15,20.5796006027352,1.3964957190637506e-08,1.5156832698648426e-09,1.4217902136288259e-08
blk0_spa/readout,42,0,512,7.760298341707994e-07,4.160140355358205e-15,25.087941475097008,1.3964957190637506e-08,1.5156832698648426e-09,1.287720108874479e-08
blk0_spa/state,43,0,8192,0.0,0.0,0.9186814767979582,0.0,0.0,0.0
blk0_spa/c_readout,43,0,512,0.0,0.0,0.5003662661481277,0.0,0.0,0.0
blk0_spa/d_path,43,0,512,7.929392413785763e-07,4.116960171387107e-15,20.554765912074416,1.280121075808438e-08,1.5487094558175318e-09,1.4152464206720021e-08
blk0_spa/readout,43,0,512,7.929392413785763e-07,4.116960171387107e-15,25.60910867946944,1.280121075808438e-08,1.5487094558175318e-09,1.2679178068013527e-08
blk0_spa/state,44,0,8192,0.0,0.0,0.9444393523527281,0.0,0.0,0.0
blk0_spa/c_readout,44,0,512,0.0,0.0,0.5207764082961697,0.0,0.0,0.0
blk0_spa/d_path,44,0,512,8.062999672375781e-07,4.104309048347518e-15,20.918847876898386,1.2413295280566672e-08,1.5748046235108948e-09,1.4007194096383426e-08
blk0_spa/readout,44,0,512,8.062999672375781e-07,4.104309048347518e-15,26.195835231956305,1.2413295280566672e-08,1.5748046235108948e-09,1.2517105205719111e-08
blk0_spa/state,45,0,8192,0.0,0.0,0.9660785361621275,0.0,0.0,0.0
blk0_spa/c_readout,45,0,512,0.0,0.0,0.5068008487728188,0.0,0.0,0.0
blk0_spa/d_path,45,0,512,8.268892983664955e-07,4.310946477849789e-15,21.544613667725237,1.280121075808438e-08,1.6150181608720615e-09,1.4145456257278221e-08
blk0_spa/readout,45,0,512,8.268892983664955e-07,4.310946477849789e-15,26.782860662825154,1.280121075808438e-08,1.6150181608720615e-09,1.2686967709571243e-08
blk0_spa/state,46,0,8192,0.0,0.0,0.9723868015051054,0.0,0.0,0.0
blk0_spa/c_readout,46,0,512,0.0,0.0,0.46250967529404774,0.0,0.0,0.0
blk0_spa/d_path,46,0,512,8.190735467650256e-07,4.528343594075849e-15,22.41393144919584,1.3964957190637506e-08,1.5997530210254407e-09,1.421381525506043e-08
blk0_spa/readout,46,0,512,8.190735467650256e-07,4.528343594075849e-15,27.315216835837838,1.3964957190637506e-08,1.5997530210254407e-09,1.2875596550095837e-08
blk0_spa/state,47,0,8192,0.0,0.0,0.9601289671927149,0.0,0.0,0.0
blk0_spa/c_readout,47,0,512,0.0,0.0,0.4804921121411897,0.0,0.0,0.0
blk0_spa/d_path,47,0,512,7.90986211640643e-07,4.279034717543047e-15,21.165407469117582,1.3964957190637506e-08,1.5448949446106308e-09,1.4218690080462725e-08
blk0_spa/readout,47,0,512,7.90986211640643e-07,4.279034717543047e-15,26.068442612595113,1.3964957190637506e-08,1.5448949446106308e-09,1.2811953741594603e-08
blk0_spa/state,48,0,8192,0.0,0.0,0.9868164541888362,0.0,0.0,0.0
blk0_spa/c_readout,48,0,512,0.0,0.0,0.5824430192151268,0.0,0.0,0.0
blk0_spa/d_path,48,0,512,8.169594636342481e-07,4.476633816991777e-15,22.910350621569023,1.4352872668155214e-08,1.5956239524106408e-09,1.3978478978949183e-08
blk0_spa/readout,48,0,512,8.169594636342481e-07,4.476633816991777e-15,28.607700985711226,1.4352872668155214e-08,1.5956239524106408e-09,1.2509337407089386e-08
blk0_spa/state,49,0,8192,0.0,0.0,1.0352724681387058,0.0,0.0,0.0
blk0_spa/c_readout,49,0,512,0.0,0.0,0.5707521802788217,0.0,0.0,0.0
blk0_spa/d_path,49,0,512,8.532341073674843e-07,4.586124374675321e-15,24.434909414640995,1.4352872668155214e-08,1.6664728659521177e-09,1.3699904746815593e-08
blk0_spa/readout,49,0,512,8.532341073674843e-07,4.586124374675321e-15,30.200787399762643,1.4352872668155214e-08,1.6664728659521177e-09,1.2322924317116658e-08
blk0_spa/state,50,0,8192,0.0,0.0,1.0264168191856993,0.0,0.0,0.0
blk0_spa/c_readout,50,0,512,0.0,0.0,0.4657918972218314,0.0,0.0,0.0
blk0_spa/d_path,50,0,512,7.780948418911748e-07,4.210301004255237e-15,22.40530387175244,1.1249548848013546e-08,1.5197164880687009e-09,1.3708222775464704e-08
blk0_spa/readout,50,0,512,7.780948418911748e-07,4.210301004255237e-15,27.20574803542442,1.1249548848013546e-08,1.5197164880687009e-09,1.2440167761612986e-08
blk0_spa/state,51,0,8192,0.0,0.0,1.0302646052201552,0.0,0.0,0.0
blk0_spa/c_readout,51,0,512,0.0,0.0,0.5640007893300901,0.0,0.0,0.0
blk0_spa/d_path,51,0,512,7.935987351714857e-07,4.192499994101018e-15,21.244844190764102,1.3964957190637506e-08,1.549997529631808e-09,1.4047846729358754e-08
blk0_spa/readout,51,0,512,7.935987351714857e-07,4.192499994101018e-15,26.72884964006844,1.3964957190637506e-08,1.549997529631808e-09,1.2524096387727035e-08
blk0_spa/state,52,0,8192,0.0,0.0,1.0339812109837974,0.0,0.0,0.0
blk0_spa/c_readout,52,0,512,0.0,0.0,0.4513814179912398,0.0,0.0,0.0
blk0_spa/d_path,52,0,512,8.050922311042541e-07,4.119033881616637e-15,21.28023152758656,1.4740788145672923e-08,1.5724457638754963e-09,1.3912638725142357e-08
blk0_spa/readout,52,0,512,8.050922311042541e-07,4.119033881616637e-15,26.091703798056106,1.4740788145672923e-08,1.5724457638754963e-09,1.2564536212073497e-08
blk0_spa/state,53,0,8192,0.0,0.0,1.0190326843675048,0.0,0.0,0.0
blk0_spa/c_readout,53,0,512,0.0,0.0,0.5086589304906747,0.0,0.0,0.0
blk0_spa/d_path,53,0,512,8.291160860096625e-07,4.511057156631441e-15,22.231340502948097,1.512870362319063e-08,1.619367355487622e-09,1.4244799462043233e-08
blk0_spa/readout,53,0,512,8.291160860096625e-07,4.511057156631441e-15,27.338821051474824,1.512870362319063e-08,1.619367355487622e-09,1.2845448542934344e-08
blk0_spa/state,54,0,8192,0.0,0.0,1.0133577111374914,0.0,0.0,0.0
blk0_spa/c_readout,54,0,512,0.0,0.0,0.5122194769558144,0.0,0.0,0.0
blk0_spa/d_path,54,0,512,8.082260922748219e-07,4.325273706478862e-15,21.49367243641116,1.3964957190637506e-08,1.5785665864742615e-09,1.4185723304801644e-08
blk0_spa/readout,54,0,512,8.082260922748219e-07,4.325273706478862e-15,26.698142230974526,1.3964957190637506e-08,1.5785665864742615e-09,1.2728179061349947e-08
blk0_spa/state,55,0,8192,0.0,0.0,1.0341693042849536,0.0,0.0,0.0
blk0_spa/c_readout,55,0,512,0.0,0.0,0.5962520368597685,0.0,0.0,0.0
blk0_spa/d_path,55,0,512,8.072913875167842e-07,4.268267574214835e-15,21.86969913862844,1.4352872668155214e-08,1.5767409912437191e-09,1.3970257603914212e-08
blk0_spa/readout,55,0,512,8.072913875167842e-07,4.268267574214835e-15,27.603105480859384,1.4352872668155214e-08,1.5767409912437191e-09,1.2435030249696617e-08
blk0_spa/state,56,0,8192,0.0,0.0,1.037603929665527,0.0,0.0,0.0
blk0_spa/c_readout,56,0,512,0.0,0.0,0.5073870147144577,0.0,0.0,0.0
blk0_spa/d_path,56,0,512,8.107244582333806e-07,4.253895539766223e-15,21.838900670092134,1.6292450055743757e-08,1.5834462074870714e-09,1.3956548335390223e-08
blk0_spa/readout,56,0,512,8.107244582333806e-07,4.253895539766223e-15,26.958273875067125,1.6292450055743757e-08,1.5834462074870714e-09,1.2561669705635314e-08
blk0_spa/state,57,0,8192,0.0,0.0,1.037108862772187,0.0,0.0,0.0
blk0_spa/c_readout,57,0,512,0.0,0.0,0.5195462487507396,0.0,0.0,0.0
blk0_spa/d_path,57,0,512,8.162276223799836e-07,4.409757919106861e-15,22.039107878653837,1.5904534578226048e-08,1.5941945749609054e-09,1.4145241582467852e-08
blk0_spa/readout,57,0,512,8.162276223799836e-07,4.409757919106861e-15,27.23882160363661,1.5904534578226048e-08,1.5941945749609054e-09,1.272369402307674e-08
blk0_spa/state,58,0,8192,0.0,0.0,1.0414391725388885,0.0,0.0,0.0
blk0_spa/c_readout,58,0,512,0.0,0.0,0.5356548010663088,0.0,0.0,0.0
blk0_spa/d_path,58,0,512,8.075062503110075e-07,4.663177209853988e-15,23.329498532722194,1.6292450055743757e-08,1.5771606451386866e-09,1.4138009138182113e-08
blk0_spa/readout,58,0,512,8.075062503110075e-07,4.663177209853988e-15,28.75682358762835,1.6292450055743757e-08,1.5771606451386866e-09,1.2734165893494542e-08
blk0_spa/state,59,0,8192,0.0,0.0,1.054821963455535,0.0,0.0,0.0
blk0_spa/c_readout,59,0,512,0.0,0.0,0.5431187232372435,0.0,0.0,0.0
blk0_spa/d_path,59,0,512,8.114428471373003e-07,4.499742195747395e-15,22.95917788099591,1.6292450055743757e-08,1.5848493108150397e-09,1.3999600731429278e-08
blk0_spa/readout,59,0,512,8.114428471373003e-07,4.499742195747395e-15,28.577142050065028,1.6292450055743757e-08,1.5848493108150397e-09,1.2548286313323854e-08
blk0_spa/state,60,0,8192,0.0,0.0,1.0436358003563702,0.0,0.0,0.0
blk0_spa/c_readout,60,0,512,0.0,0.0,0.5341670699276384,0.0,0.0,0.0
blk0_spa/d_path,60,0,512,8.016755188577918e-07,4.246019942988686e-15,20.96516584088391,1.3577041713119797e-08,1.5657724977691245e-09,1.4231211195138103e-08
blk0_spa/readout,60,0,512,8.016755188577918e-07,4.246019942988686e-15,26.34915297408569,1.3577041713119797e-08,1.5657724977691245e-09,1.2694268659277318e-08
blk0_spa/state,61,0,8192,0.0,0.0,1.0368340594423042,0.0,0.0,0.0
blk0_spa/c_readout,61,0,512,0.0,0.0,0.5389964747561478,0.0,0.0,0.0
blk0_spa/d_path,61,0,512,8.124946155874113e-07,4.293517892566306e-15,20.907057764658294,1.2025379803048963e-08,1.5869035460691627e-09,1.4330461574803253e-08
blk0_spa/readout,61,0,512,8.124946155874113e-07,4.293517892566306e-15,26.31144565960011,1.2025379803048963e-08,1.5869035460691627e-09,1.2774216818075847e-08
blk0_spa/state,62,0,8192,0.0,0.0,1.0438848016034454,0.0,0.0,0.0
blk0_spa/c_readout,62,0,512,0.0,0.0,0.542720432405762,0.0,0.0,0.0
blk0_spa/d_path,62,0,512,7.927676417551766e-07,4.232809972423569e-15,21.14261799076765,1.0085802415460421e-08,1.5483743003030792e-09,1.4149301615676194e-08
blk0_spa/readout,62,0,512,7.927676417551766e-07,4.232809972423569e-15,26.72242562505398,1.0085802415460421e-08,1.5483743003030792e-09,1.2585673104518531e-08
blk0_spa/state,63,0,8192,0.0,0.0,1.0385672981027934,0.0,0.0,0.0
blk0_spa/c_readout,63,0,512,0.0,0.0,0.5287463880938934,0.0,0.0,0.0
blk0_spa/d_path,63,0,512,8.01331593081045e-07,4.4961265318850855e-15,21.729301321699676,1.3189126235602089e-08,1.565100767736416e-09,1.438455334792215e-08
blk0_spa/readout,63,0,512,8.01331593081045e-07,4.4961265318850855e-15,27.18074969377361,1.3189126235602089e-08,1.565100767736416e-09,1.2861408927960322e-08
blk0_spa/state,64,0,8192,0.0,0.0,1.0610069784110032,0.0,0.0,0.0
blk0_spa/c_readout,64,0,512,0.0,0.0,0.6129604021030326,0.0,0.0,0.0
blk0_spa/d_path,64,0,512,8.17275758180358e-07,4.459500463339418e-15,22.7666702472777,1.7456196488296882e-08,1.5962417151960118e-09,1.399565885733919e-08
blk0_spa/readout,64,0,512,8.17275758180358e-07,4.459500463339418e-15,28.7631336465476,1.7456196488296882e-08,1.5962417151960118e-09,1.2451595593167152e-08
blk0_spa/state,65,0,8192,0.0,0.0,1.091396253425397,0.0,0.0,0.0
blk0_spa/c_readout,65,0,512,0.0,0.0,0.6237093171166253,0.0,0.0,0.0
blk0_spa/d_path,65,0,512,8.189408511327656e-07,4.358485255991076e-15,23.04787822679646,1.4740788145672923e-08,1.5994938498686828e-09,1.375157099352437e-08
blk0_spa/readout,65,0,512,8.189408511327656e-07,4.358485255991076e-15,29.141818666403264,1.4740788145672923e-08,1.5994938498686828e-09,1.2229521498824188e-08
blk0_spa/state,66,0,8192,0.0,0.0,1.1095839199242576,0.0,0.0,0.0
blk0_spa/c_readout,66,0,512,0.0,0.0,0.5942534608777268,0.0,0.0,0.0
blk0_spa/d_path,66,0,512,7.994727297955251e-07,4.208256655632579e-15,22.78428665674916,1.1637464325531255e-08,1.561470175381885e-09,1.3590436055026416e-08
blk0_spa/readout,66,0,512,7.994727297955251e-07,4.208256655632579e-15,28.520069021590906,1.1637464325531255e-08,1.561470175381885e-09,1.2147189967048225e-08
blk0_spa/state,67,0,8192,0.0,0.0,1.1492115455761982,0.0,0.0,0.0
blk0_spa/c_readout,67,0,512,0.0,0.0,0.6457097438825559,0.0,0.0,0.0
blk0_spa/d_path,67,0,512,8.705761462834971e-07,4.826616234312954e-15,25.10458707939107,1.512870362319063e-08,1.7003440357099553e-09,1.3865797182646993e-08
blk0_spa/readout,67,0,512,8.705761462834971e-07,4.826616234312954e-15,31.401450001794927,1.512870362319063e-08,1.7003440357099553e-09,1.2397854446576103e-08
blk0_spa/state,68,0,8192,0.0,0.0,1.1285806000578629,0.0,0.0,0.0
blk0_spa/c_readout,68,0,512,0.0,0.0,0.4977371610012082,0.0,0.0,0.0
blk0_spa/d_path,68,0,512,8.057531779570581e-07,4.34538624624129e-15,22.40482259460192,1.5904534578226048e-08,1.5737366756973792e-09,1.3926546641283146e-08
blk0_spa/readout,68,0,512,8.057531779570581e-07,4.34538624624129e-15,27.529941568206617,1.5904534578226048e-08,1.5737366756973792e-09,1.2563526145975622e-08
blk0_spa/state,69,0,8192,0.0,0.0,1.1113318872446394,0.0,0.0,0.0
blk0_spa/c_readout,69,0,512,0.0,0.0,0.5410485701984854,0.0,0.0,0.0
blk0_spa/d_path,69,0,512,8.196479672761825e-07,4.463748843555255e-15,22.048474581658997,1.4352872668155214e-08,1.600874936086294e-09,1.4228548586281209e-08
blk0_spa/readout,69,0,512,8.196479672761825e-07,4.463748843555255e-15,27.544889445687925,1.4352872668155214e-08,1.600874936086294e-09,1.2730027989276617e-08
blk0_spa/state,70,0,8192,0.0,0.0,1.11183217609575,0.0,0.0,0.0
blk0_spa/c_readout,70,0,512,0.0,0.0,0.5498007694331726,0.0,0.0,0.0
blk0_spa/d_path,70,0,512,7.929534202588684e-07,4.261850224394587e-15,21.375617372382937,1.4352872668155214e-08,1.5487371489431023e-09,1.4120164558915725e-08
blk0_spa/readout,70,0,512,7.929534202588684e-07,4.261850224394587e-15,27.06338417986995,1.4352872668155214e-08,1.5487371489431023e-09,1.2548968820090937e-08
blk0_spa/state,71,0,8192,0.0,0.0,1.1162774036627114,0.0,0.0,0.0
blk0_spa/c_readout,71,0,512,0.0,0.0,0.5194266797499554,0.0,0.0,0.0
blk0_spa/d_path,71,0,512,7.850362369055119e-07,4.052709280636106e-15,20.917232351426254,1.551661910070834e-08,1.533273900206078e-09,1.3919403200792383e-08
blk0_spa/readout,71,0,512,7.850362369055119e-07,4.052709280636106e-15,26.34958659991937,1.551661910070834e-08,1.533273900206078e-09,1.2401831388003373e-08
blk0_spa/state,72,0,8192,0.0,0.0,1.1182953141724934,0.0,0.0,0.0
blk0_spa/c_readout,72,0,512,0.0,0.0,0.54928928374899,0.0,0.0,0.0
blk0_spa/d_path,72,0,512,7.960701964293548e-07,4.1465385219055645e-15,21.294290195607946,1.4740788145672923e-08,1.5548246024010837e-09,1.3954403221939834e-08
blk0_spa/readout,72,0,512,7.960701964293548e-07,4.1465385219055645e-15,26.852512210864173,1.4740788145672923e-08,1.5548246024010837e-09,1.2426544827172034e-08
blk0_spa/state,73,0,8192,0.0,0.0,1.1152313997624288,0.0,0.0,0.0
blk0_spa/c_readout,73,0,512,0.0,0.0,0.5081239390626644,0.0,0.0,0.0
blk0_spa/d_path,73,0,512,8.040157375432955e-07,4.323119168724228e-15,21.83933031017052,1.7068281010779174e-08,1.570343237389249e-09,1.4069509115351783e-08
blk0_spa/readout,73,0,512,8.040157375432955e-07,4.323119168724228e-15,27.266331411650622,1.7068281010779174e-08,1.570343237389249e-09,1.2591725545860532e-08
blk0_spa/state,74,0,8192,0.0,0.0,1.121497164250229,0.0,0.0,0.0
blk0_spa/c_readout,74,0,512,0.0,0.0,0.5579730371821763,0.0,0.0,0.0
blk0_spa/d_path,74,0,512,8.046901367464443e-07,4.394462873646264e-15,22.38150029417469,1.7456196488296882e-08,1.571660423332899e-09,1.4012263715469852e-08
blk0_spa/readout,74,0,512,8.046901367464443e-07,4.394462873646264e-15,28.10510175146941,1.7456196488296882e-08,1.571660423332899e-09,1.2504326899536836e-08
blk0_spa/state,75,0,8192,0.0,0.0,1.1424040345182245,0.0,0.0,0.0
blk0_spa/c_readout,75,0,512,0.0,0.0,0.6485599771207614,0.0,0.0,0.0
blk0_spa/d_path,75,0,512,7.993742041634277e-07,4.2397776594314065e-15,21.74631620040374,1.4352872668155214e-08,1.5612777425066948e-09,1.396299851310813e-08
blk0_spa/readout,75,0,512,7.993742041634277e-07,4.2397776594314065e-15,28.103376901608367,1.4352872668155214e-08,1.5612777425066948e-09,1.2282655954119207e-08
blk0_spa/state,76,0,8192,0.0,0.0,1.1381543987132687,0.0,0.0,0.0
blk0_spa/c_readout,76,0,512,0.0,0.0,0.5595506106772303,0.0,0.0,0.0
blk0_spa/d_path,76,0,512,7.969191013756927e-07,4.2194417073177004e-15,21.20457586335448,1.1637464325531255e-08,1.5564826198743997e-09,1.4106286515966554e-08
blk0_spa/readout,76,0,512,7.969191013756927e-07,4.2194417073177004e-15,26.958789251976068,1.1637464325531255e-08,1.5564826198743997e-09,1.2510575951714886e-08
blk0_spa/state,77,0,8192,0.0,0.0,1.1163911333135461,0.0,0.0,0.0
blk0_spa/c_readout,77,0,512,0.0,0.0,0.5750105834868852,0.0,0.0,0.0
blk0_spa/d_path,77,0,512,8.067616832363456e-07,4.3475363449305766e-15,21.128748322186432,1.280121075808438e-08,1.5757064125709874e-09,1.4344477237664603e-08
blk0_spa/readout,77,0,512,8.067616832363456e-07,4.3475363449305766e-15,26.88586937996082,1.280121075808438e-08,1.5757064125709874e-09,1.2716264961787306e-08
blk0_spa/state,78,0,8192,0.0,0.0,1.1168703516052403,0.0,0.0,0.0
blk0_spa/c_readout,78,0,512,0.0,0.0,0.5456082135380675,0.0,0.0,0.0
blk0_spa/d_path,78,0,512,7.789175686667704e-07,4.255761882055306e-15,21.24697531128626,1.2413295280566672e-08,1.521323376302286e-09,1.415272615795578e-08
blk0_spa/readout,78,0,512,7.789175686667704e-07,4.255761882055306e-15,26.948135709061066,1.2413295280566672e-08,1.521323376302286e-09,1.2566788250215005e-08
blk0_spa/state,79,0,8192,0.0,0.0,1.120539223439497,0.0,0.0,0.0
blk0_spa/c_readout,79,0,512,0.0,0.0,0.5634356301378591,0.0,0.0,0.0
blk0_spa/d_path,79,0,512,8.20496145692573e-07,4.421412308969279e-15,21.82987761643583,1.512870362319063e-08,1.6025315345558067e-09,1.4231636988200207e-08
blk0_spa/readout,79,0,512,8.20496145692573e-07,4.421412308969279e-15,27.604276978788416,1.512870362319063e-08,1.6025315345558067e-09,1.2655879168570166e-08
blk0_spa/state,80,0,8192,0.0,0.0,1.1353842188081988,0.0,0.0,0.0
blk0_spa/c_readout,80,0,512,0.0,0.0,0.641394914180476,0.0,0.0,0.0
blk0_spa/d_path,80,0,512,8.135398452679965e-07,4.448800606208983e-15,22.777600959709595,1.9395773875885425e-08,1.5889450102890557e-09,1.3975504052590373e-08
blk0_spa/readout,80,0,512,8.135398452679965e-07,4.448800606208983e-15,29.10224618651058,1.9395773875885425e-08,1.5889450102890557e-09,1.2363977768674105e-08
blk0_spa/state,81,0,8192,0.0,0.0,1.1504553034741958,0.0,0.0,0.0
blk0_spa/c_readout,81,0,512,0.0,0.0,0.6122753670350979,0.0,0.0,0.0
blk0_spa/d_path,81,0,512,8.272743077242239e-07,4.468880664534617e-15,23.115232660265015,1.3189126235602089e-08,1.6157701322738749e-09,1.3904335687339605e-08
blk0_spa/readout,81,0,512,8.272743077242239e-07,4.468880664534617e-15,29.213589603271323,1.3189126235602089e-08,1.6157701322738749e-09,1.236821188765817e-08
blk0_spa/state,82,0,8192,0.0,0.0,1.1785578740315281,0.0,0.0,0.0
blk0_spa/c_readout,82,0,512,0.0,0.0,0.6931607294325437,0.0,0.0,0.0
blk0_spa/d_path,82,0,512,8.361091108355367e-07,4.557031937748811e-15,24.25204348647538,1.3964957190637506e-08,1.6330256071006577e-09,1.370777183498755e-08
blk0_spa/readout,82,0,512,8.361091108355367e-07,4.557031937748811e-15,30.848338013563463,1.3964957190637506e-08,1.6330256071006577e-09,1.2154165639232497e-08
blk0_spa/state,83,0,8192,0.0,0.0,1.1797390698422054,0.0,0.0,0.0
blk0_spa/c_readout,83,0,512,0.0,0.0,0.5505018281763261,0.0,0.0,0.0
blk0_spa/d_path,83,0,512,8.576905887736075e-07,4.776562311747597e-15,24.222619861513873,1.4740788145672923e-08,1.6751769311984521e-09,1.404258841634848e-08
blk0_spa/readout,83,0,512,8.576905887736075e-07,4.776562311747597e-15,29.846129335948486,1.4740788145672923e-08,1.6751769311984521e-09,1.2650675488928933e-08
blk0_spa/state,84,0,8192,0.0,0.0,1.1619040448606006,0.0,0.0,0.0
blk0_spa/c_readout,84,0,512,0.0,0.0,0.5498371835334694,0.0,0.0,0.0
blk0_spa/d_path,84,0,512,8.298344749135822e-07,4.592752959126916e-15,22.698318896223586,1.6680365533261465e-08,1.6207704588155902e-09,1.422458799419119e-08
blk0_spa/readout,84,0,512,8.298344749135822e-07,4.592752959126916e-15,28.30434082531922,1.6680365533261465e-08,1.6207704588155902e-09,1.2738257397162864e-08
blk0_spa/state,85,0,8192,0.0,0.0,1.1598324609563873,0.0,0.0,0.0
blk0_spa/c_readout,85,0,512,0.0,0.0,0.6617010192591285,0.0,0.0,0.0
blk0_spa/d_path,85,0,512,8.303790846042602e-07,4.607201321115065e-15,22.98574839888134,1.3577041713119797e-08,1.6218341496176958e-09,1.4157588030801525e-08
blk0_spa/readout,85,0,512,8.303790846042602e-07,4.607201321115065e-15,29.42611285136484,1.3577041713119797e-08,1.6218341496176958e-09,1.2512732117168727e-08
blk0_spa/state,86,0,8192,0.0,0.0,1.1637655222367005,0.0,0.0,0.0
blk0_spa/c_readout,86,0,512,0.0,0.0,0.5485372350129478,0.0,0.0,0.0
blk0_spa/d_path,86,0,512,7.968183961537534e-07,4.388764834279546e-15,21.98108576152576,1.280121075808438e-08,1.5562859299877996e-09,1.4130143905558529e-08
blk0_spa/readout,86,0,512,7.968183961537534e-07,4.388764834279546e-15,27.82408107104783,1.280121075808438e-08,1.5562859299877996e-09,1.255916424866411e-08
blk0_spa/state,87,0,8192,0.0,0.0,1.136461880862705,0.0,0.0,0.0
blk0_spa/c_readout,87,0,512,0.0,0.0,0.5410900776705279,0.0,0.0,0.0
blk0_spa/d_path,87,0,512,8.09506175869501e-07,4.4432057972771376e-15,21.346932787714366,1.4740788145672923e-08,1.5810667497451192e-09,1.4427147541080767e-08
blk0_spa/readout,87,0,512,8.09506175869501e-07,4.4432057972771376e-15,26.872665588461,1.4740788145672923e-08,1.5810667497451192e-09,1.2858574951991478e-08
blk0_spa/state,88,0,8192,0.0,0.0,1.1753669755112754,0.0,0.0,0.0
blk0_spa/c_readout,88,0,512,0.0,0.0,0.6095933167369104,0.0,0.0,0.0
blk0_spa/d_path,88,0,512,8.170594423262401e-07,4.266688467674506e-15,22.309264859116535,1.5904534578226048e-08,1.5958192232934376e-09,1.3829384044640222e-08
blk0_spa/readout,88,0,512,8.170594423262401e-07,4.266688467674506e-15,28.581302280021156,1.5904534578226048e-08,1.5958192232934376e-09,1.2218122087680407e-08
blk0_spa/state,89,0,8192,0.0,0.0,1.1965485005802057,0.0,0.0,0.0
blk0_spa/c_readout,89,0,512,0.0,0.0,0.6570632734651563,0.0,0.0,0.0
blk0_spa/d_path,89,0,512,8.177345680593362e-07,4.178180152882023e-15,21.88501247637538,1.551661910070834e-08,1.597137828240891e-09,1.3817204380600141e-08
blk0_spa/readout,89,0,512,8.177345680593362e-07,4.178180152882023e-15,28.372992386717506,1.551661910070834e-08,1.597137828240891e-09,1.2135034353197392e-08
blk0_spa/state,90,0,8192,0.0,0.0,1.186028671489247,0.0,0.0,0.0
blk0_spa/c_readout,90,0,512,0.0,0.0,0.6295997875275579,0.0,0.0,0.0
blk0_spa/d_path,90,0,512,8.006819189887437e-07,4.14150830225177e-15,20.999814163544194,1.551661910070834e-08,1.5638318730248901e-09,1.4043376598873357e-08
blk0_spa/readout,90,0,512,8.006819189887437e-07,4.14150830225177e-15,27.12466657204426,1.551661910070834e-08,1.5638318730248901e-09,1.2356545251802848e-08
blk0_spa/state,91,0,8192,0.0,0.0,1.181280886104202,0.0,0.0,0.0
blk0_spa/c_readout,91,0,512,0.0,0.0,0.6089653857990723,0.0,0.0,0.0
blk0_spa/d_path,91,0,512,7.897635700970795e-07,4.113878449057051e-15,20.77968758106019,1.3964957190637506e-08,1.5425069728458585e-09,1.407039277572088e-08
blk0_spa/readout,91,0,512,7.897635700970795e-07,4.113878449057051e-15,26.89608893555558,1.3964957190637506e-08,1.5425069728458585e-09,1.2367478434476656e-08
blk0_spa/state,92,0,8192,0.0,0.0,1.1752938335972607,0.0,0.0,0.0
blk0_spa/c_readout,92,0,512,0.0,0.0,0.6468684418683207,0.0,0.0,0.0
blk0_spa/d_path,92,0,512,7.908273378376407e-07,4.099691277348271e-15,20.678080120979473,1.2025379803048963e-08,1.544584644214142e-09,1.4080577589892536e-08
blk0_spa/readout,92,0,512,7.908273378376407e-07,4.099691277348271e-15,27.008804414615554,1.2025379803048963e-08,1.544584644214142e-09,1.2320345785117641e-08
blk0_spa/state,93,0,8192,0.0,0.0,1.1768399832613015,0.0,0.0,0.0
blk0_spa/c_readout,93,0,512,0.0,0.0,0.6591091876919232,0.0,0.0,0.0
blk0_spa/d_path,93,0,512,8.017187820286154e-07,4.264573594185053e-15,21.123008012933987,1.1249548848013546e-08,1.5658569961496394e-09,1.4208882564148875e-08
blk0_spa/readout,93,0,512,8.017187820286154e-07,4.264573594185053e-15,27.59487438423947,1.1249548848013546e-08,1.5658569961496394e-09,1.2431501766501223e-08
blk0_spa/state,94,0,8192,0.0,0.0,1.1805745378035761,0.0,0.0,0.0
blk0_spa/c_readout,94,0,512,0.0,0.0,0.6329264839571314,0.0,0.0,0.0
blk0_spa/d_path,94,0,512,8.243902058779895e-07,4.438126177801518e-15,21.672241670853207,1.3964957190637506e-08,1.6101371208554482e-09,1.4310272544896859e-08
blk0_spa/readout,94,0,512,8.243902058779895e-07,4.438126177801518e-15,28.027758024556316,1.3964957190637506e-08,1.6101371208554482e-09,1.2583621388891979e-08
blk0_spa/state,95,0,8192,0.0,0.0,1.177475298194054,0.0,0.0,0.0
blk0_spa/c_readout,95,0,512,0.0,0.0,0.6262826047263239,0.0,0.0,0.0
blk0_spa/d_path,95,0,512,8.01718055498668e-07,4.232679291541289e-15,21.144577268736423,1.4740788145672923e-08,1.565855577145836e-09,1.4148427646672441e-08
blk0_spa/readout,95,0,512,8.01718055498668e-07,4.232679291541289e-15,27.36581319272924,1.4740788145672923e-08,1.565855577145836e-09,1.243665258818957e-08
blk0_spa/state,96,0,8192,0.0,0.0,1.1916068746053312,0.0,0.0,0.0
blk0_spa/c_readout,96,0,512,0.0,0.0,0.6772305561289931,0.0,0.0,0.0
blk0_spa/d_path,96,0,512,8.26355234906373e-07,4.434984899654143e-15,22.800270154185974,1.6292450055743757e-08,1.6139750681765097e-09,1.3946848274297371e-08
blk0_spa/readout,96,0,512,8.26355234906373e-07,4.434984899654143e-15,29.393382572517922,1.6292450055743757e-08,1.6139750681765097e-09,1.228347621112178e-08
blk0_spa/state,97,0,8192,0.0,0.0,1.2040825164363604,0.0,0.0,0.0
blk0_spa/c_readout,97,0,512,0.0,0.0,0.5994194487073623,0.0,0.0,0.0
blk0_spa/d_path,97,0,512,8.58422430027872e-07,4.763084465982043e-15,24.308260935659554,1.551661910070834e-08,1.6766063086481875e-09,1.3998038922276404e-08
blk0_spa/readout,97,0,512,8.58422430027872e-07,4.763084465982043e-15,30.533717342868908,1.551661910070834e-08,1.6766063086481875e-09,1.2489765980070631e-08
blk0_spa/state,98,0,8192,0.0,0.0,1.213794452625884,0.0,0.0,0.0
blk0_spa/c_readout,98,0,512,0.0,0.0,0.5700279203849651,0.0,0.0,0.0
blk0_spa/d_path,98,0,512,8.196152503359144e-07,4.615433367546851e-15,24.532117087018673,1.6292450055743757e-08,1.6008110358123329e-09,1.3716355364722695e-08
blk0_spa/readout,98,0,512,8.196152503359144e-07,4.615433367546851e-15,30.379054522898297,1.6292450055743757e-08,1.6008110358123329e-09,1.2325913512380395e-08
blk0_spa/state,99,0,8192,0.0,0.0,1.2085444258165758,0.0,0.0,0.0
blk0_spa/c_readout,99,0,512,0.0,0.0,0.6959027610884153,0.0,0.0,0.0
blk0_spa/d_path,99,0,512,8.088288705465629e-07,4.325574320343878e-15,21.874391072012685,1.551661910070834e-08,1.5797438877862557e-09,1.4062220484599409e-08
blk0_spa/readout,99,0,512,8.088288705465629e-07,4.325574320343878e-15,28.433094338588653,1.551661910070834e-08,1.5797438877862557e-09,1.2334167052152482e-08
blk0_spa/state,100,0,8192,0.0,0.0,1.2091790748327143,0.0,0.0,0.0
blk0_spa/c_readout,100,0,512,0.0,0.0,0.5768864553402366,0.0,0.0,0.0
blk0_spa/d_path,100,0,512,7.943880184768659e-07,4.042703468447296e-15,21.227279492631176,1.4352872668155214e-08,1.5515390985876287e-09,1.3800307848092286e-08
blk0_spa/readout,100,0,512,7.943880184768659e-07,4.042703468447296e-15,27.267921858849242,1.4352872668155214e-08,1.5515390985876287e-09,1.217614813687252e-08
blk0_spa/state,101,0,8192,0.0,0.0,1.2060460268154292,0.0,0.0,0.0
blk0_spa/c_readout,101,0,512,0.0,0.0,0.6112812467497093,0.0,0.0,0.0
blk0_spa/d_path,101,0,512,8.03944843141835e-07,4.2594648868785964e-15,21.501458012986603,1.3189126235602089e-08,1.5702047717613965e-09,1.4074843223116604e-08
blk0_spa/readout,101,0,512,8.03944843141835e-07,4.2594648868785964e-15,27.744229522614248,1.3189126235602089e-08,1.5702047717613965e-09,1.2390567185332545e-08
blk0_spa/state,102,0,8192,0.0,0.0,1.197544073736218,0.0,0.0,0.0
blk0_spa/c_readout,102,0,512,0.0,0.0,0.6095090404527718,0.0,0.0,0.0
blk0_spa/d_path,102,0,512,8.013308665510976e-07,4.512055363980977e-15,21.905894128162675,1.4740788145672923e-08,1.5650993487326126e-09,1.4351811372703163e-08
blk0_spa/readout,102,0,512,8.013308665510976e-07,4.512055363980977e-15,28.109216585199412,1.4740788145672923e-08,1.5650993487326126e-09,1.2669598113369331e-08
blk0_spa/state,103,0,8192,0.0,0.0,1.2071615818429775,0.0,0.0,0.0
blk0_spa/c_readout,103,0,512,0.0,0.0,0.5884723700301392,0.0,0.0,0.0
blk0_spa/d_path,103,0,512,8.130661299787789e-07,4.465922758406458e-15,22.900846409038316,1.4352872668155214e-08,1.5880197851148026e-09,1.3964642968463028e-08
blk0_spa/readout,103,0,512,8.130661299787789e-07,4.465922758406458e-15,28.993243602578087,1.4352872668155214e-08,1.5880197851148026e-09,1.2411012168117245e-08
blk0_spa/state,104,0,8192,0.0,0.0,1.2454765424287682,0.0,0.0,0.0
blk0_spa/c_readout,104,0,512,0.0,0.0,0.6371682385713928,0.0,0.0,0.0
blk0_spa/d_path,104,0,512,8.192847769095124e-07,4.151512048344175e-15,22.245553996917053,1.5904534578226048e-08,1.6001655799013914e-09,1.3660970026237704e-08
blk0_spa/readout,104,0,512,8.192847769095124e-07,4.151512048344175e-15,28.78224851690622,1.5904534578226048e-08,1.6001655799013914e-09,1.2009938734228401e-08
blk0_spa/state,105,0,8192,0.0,0.0,1.255379772311032,0.0,0.0,0.0
blk0_spa/c_readout,105,0,512,0.0,0.0,0.6671769709812962,0.0,0.0,0.0
blk0_spa/d_path,105,0,512,8.162552536106205e-07,4.207373917358065e-15,21.682570933660624,1.5904534578226048e-08,1.594248542208243e-09,1.3929969554800821e-08
blk0_spa/readout,105,0,512,8.162552536106205e-07,4.207373917358065e-15,28.29089391845791,1.5904534578226048e-08,1.594248542208243e-09,1.2195011663975101e-08
blk0_spa/state,106,0,8192,0.0,0.0,1.2501647153854922,0.0,0.0,0.0
blk0_spa/c_readout,106,0,512,0.0,0.0,0.6495989990805069,0.0,0.0,0.0
blk0_spa/d_path,106,0,512,7.953092708845588e-07,4.21654015970847e-15,21.433983247508866,1.6680365533261465e-08,1.553338419696404e-09,1.4025768842570908e-08
blk0_spa/readout,106,0,512,7.953092708845588e-07,4.21654015970847e-15,27.885196211982596,1.6680365533261465e-08,1.553338419696404e-09,1.2296776176465933e-08
blk0_spa/state,107,0,8192,0.0,0.0,1.2243072401297659,0.0,0.0,0.0
blk0_spa/c_readout,107,0,512,0.0,0.0,0.6494471345824375,0.0,0.0,0.0
blk0_spa/d_path,107,0,512,7.761439917430835e-07,4.011683368917732e-15,20.110250477180724,1.3577041713119797e-08,1.5159062338732099e-09,1.4123898376533058e-08
blk0_spa/readout,107,0,512,7.761439917430835e-07,4.011683368917732e-15,26.469878384227503,1.3577041713119797e-08,1.5159062338732099e-09,1.2310830477934938e-08
blk0_spa/state,108,0,8192,0.0,0.0,1.2401377992751554,0.0,0.0,0.0
blk0_spa/c_readout,108,0,512,0.0,0.0,0.7233961707503521,0.0,0.0,0.0
blk0_spa/d_path,108,0,512,8.102223851835788e-07,4.370204412419516e-15,22.012124855571948,1.1637464325531255e-08,1.5824655960616774e-09,1.4090288707981147e-08
blk0_spa/readout,108,0,512,8.102223851835788e-07,4.370204412419516e-15,29.075749396543127,1.1637464325531255e-08,1.5824655960616774e-09,1.2259857353294269e-08
blk0_spa/state,109,0,8192,0.0,0.0,1.2521607665519399,0.0,0.0,0.0
blk0_spa/c_readout,109,0,512,0.0,0.0,0.7142888212055466,0.0,0.0,0.0
blk0_spa/d_path,109,0,512,8.173048424708895e-07,4.423902633142668e-15,22.38187838932629,1.2413295280566672e-08,1.5962985204509561e-09,1.4059002692398056e-08
blk0_spa/readout,109,0,512,8.173048424708895e-07,4.423902633142668e-15,29.400476353883967,1.2413295280566672e-08,1.5962985204509561e-09,1.2266639339242096e-08
blk0_spa/state,110,0,8192,0.0,0.0,1.2483665025305415,0.0,0.0,0.0
blk0_spa/c_readout,110,0,512,0.0,0.0,0.6940043755471159,0.0,0.0,0.0
blk0_spa/d_path,110,0,512,8.214017661600792e-07,4.633964505268478e-15,22.58065908560907,1.4352872668155214e-08,1.6043003245314047e-09,1.4325442455398141e-08
blk0_spa/readout,110,0,512,8.214017661600792e-07,4.633964505268478e-15,29.318026859811827,1.4352872668155214e-08,1.6043003245314047e-09,1.2572133448963735e-08
blk0_spa/state,111,0,8192,0.0,0.0,1.2522571772784286,0.0,0.0,0.0
blk0_spa/c_readout,111,0,512,0.0,0.0,0.6607556021658707,0.0,0.0,0.0
blk0_spa/d_path,111,0,512,7.946206928011179e-07,4.263607688512995e-15,21.490613236272086,1.4740788145672923e-08,1.5519935406271834e-09,1.4085238794261516e-08
blk0_spa/readout,111,0,512,7.946206928011179e-07,4.263607688512995e-15,28.06781254108764,1.4740788145672923e-08,1.5519935406271834e-09,1.2324926405307984e-08
blk0_spa/state,112,0,8192,0.0,0.0,1.2559205992659934,0.0,0.0,0.0
blk0_spa/c_readout,112,0,512,0.0,0.0,0.6910405658272343,0.0,0.0,0.0
blk0_spa/d_path,112,0,512,8.228647221386609e-07,4.443708217089393e-15,22.626839681725333,1.3189126235602089e-08,1.607157660427072e-09,1.4013958187939598e-08
blk0_spa/readout,112,0,512,8.228647221386609e-07,4.443708217089393e-15,29.32608141794,1.3189126235602089e-08,1.607157660427072e-09,1.2309651260386448e-08
blk0_spa/state,113,0,8192,0.0,0.0,1.2779578463522412,0.0,0.0,0.0
blk0_spa/c_readout,113,0,512,0.0,0.0,0.6883816550180818,0.0,0.0,0.0
blk0_spa/d_path,113,0,512,8.473452073332055e-07,4.787263042852232e-15,24.705186571703564,1.6292450055743757e-08,1.654971108072667e-09,1.3920331461662774e-08
blk0_spa/readout,113,0,512,8.473452073332055e-07,4.787263042852232e-15,31.56018203566105,1.6292450055743757e-08,1.654971108072667e-09,1.2316119547616901e-08
blk0_spa/state,114,0,8192,0.0,0.0,1.2688627642902472,0.0,0.0,0.0
blk0_spa/c_readout,114,0,512,0.0,0.0,0.5911062462810838,0.0,0.0,0.0
blk0_spa/d_path,114,0,512,8.160971063375655e-07,4.6918945390669414e-15,23.767139337150724,1.280121075808438e-08,1.5939396608155576e-09,1.4050302181471496e-08
blk0_spa/readout,114,0,512,8.160971063375655e-07,4.6918945390669414e-15,29.858415380557183,1.280121075808438e-08,1.5939396608155576e-09,1.2535473500660563e-08
blk0_spa/state,115,0,8192,0.0,0.0,1.2605190554180206,0.0,0.0,0.0
blk0_spa/c_readout,115,0,512,0.0,0.0,0.7091623170782964,0.0,0.0,0.0
blk0_spa/d_path,115,0,512,8.148773709137913e-07,4.371565403099864e-15,21.92368236230857,1.4352872668155214e-08,1.5915573650659987e-09,1.412087925630481e-08
blk0_spa/readout,115,0,512,8.148773709137913e-07,4.371565403099864e-15,28.645892454910495,1.4352872668155214e-08,1.5915573650659987e-09,1.2353422971351484e-08
blk0_spa/state,116,0,8192,0.0,0.0,1.296814433639968,0.0,0.0,0.0
blk0_spa/c_readout,116,0,512,0.0,0.0,0.7050164518159198,0.0,0.0,0.0
blk0_spa/d_path,116,0,512,8.513690570310928e-07,4.7074327252198906e-15,24.594985812195134,1.5904534578226048e-08,1.662830189513853e-09,1.383466899870219e-08
blk0_spa/readout,116,0,512,8.513690570310928e-07,4.7074327252198906e-15,31.740972097279652,1.5904534578226048e-08,1.662830189513853e-09,1.2178167677390621e-08
blk0_spa/state,117,0,8192,0.0,0.0,1.294466895023773,0.0,0.0,0.0
blk0_spa/c_readout,117,0,512,0.0,0.0,0.6524929541866258,0.0,0.0,0.0
blk0_spa/d_path,117,0,512,8.476345971786259e-07,4.8065803650604426e-15,24.070586758292574,1.4352872668155214e-08,1.6555363226145037e-09,1.4131060817015825e-08
blk0_spa/readout,117,0,512,8.476345971786259e-07,4.8065803650604426e-15,30.708217750433185,1.4352872668155214e-08,1.6555363226145037e-09,1.251096468671416e-08
blk0_spa/state,118,0,8192,0.0,0.0,1.2822199906879987,0.0,0.0,0.0
blk0_spa/c_readout,118,0,512,0.0,0.0,0.6408320186165917,0.0,0.0,0.0
blk0_spa/d_path,118,0,512,8.023350126507012e-07,4.662828841824703e-15,23.208229541629205,1.512870362319063e-08,1.5670605715834007e-09,1.4174368899955175e-08
blk0_spa/readout,118,0,512,8.023350126507012e-07,4.662828841824703e-15,29.73651737023463,1.512870362319063e-08,1.5670605715834007e-09,1.2522172581077977e-08
blk0_spa/state,119,0,8192,0.0,0.0,1.2877667953720127,0.0,0.0,0.0
blk0_spa/c_readout,119,0,512,0.0,0.0,0.615767693352042,0.0,0.0,0.0
blk0_spa/d_path,119,0,512,8.107662683443095e-07,4.452682568808518e-15,22.92255315098613,1.5904534578226048e-08,1.5835278678599796e-09,1.3937323272787862e-08
blk0_spa/readout,119,0,512,8.107662683443095e-07,4.452682568808518e-15,29.2825477688566,1.5904534578226048e-08,1.5835278678599796e-09,1.2331231115550351e-08
blk0_spa/state,120,0,8192,0.0,0.0,1.3268778564447878,0.0,0.0,0.0
blk0_spa/c_readout,120,0,512,0.0,0.0,0.665843280255112,0.0,0.0,0.0
blk0_spa/d_path,120,0,512,8.257070138739664e-07,4.291807170249278e-15,23.11325626254264,1.4740788145672923e-08,1.6127090114725906e-09,1.3626663556122178e-08
blk0_spa/readout,120,0,512,8.257070138739664e-07,4.291807170249278e-15,30.004710158823436,1.4740788145672923e-08,1.6127090114725906e-09,1.1959840355096039e-08
blk0_spa/state,121,0,8192,0.0,0.0,1.3340883914728876,0.0,0.0,0.0
blk0_spa/c_readout,121,0,512,0.0,0.0,0.6755455008069576,0.0,0.0,0.0
blk0_spa/d_path,121,0,512,8.069452821501955e-07,4.072881813202954e-15,21.17202440658082,1.4352872668155214e-08,1.5760650041996005e-09,1.3869784424883903e-08
blk0_spa/readout,121,0,512,8.069452821501955e-07,4.072881813202954e-15,27.94751637164642,1.4352872668155214e-08,1.5760650041996005e-09,1.207200187838878e-08
blk0_spa/state,122,0,8192,0.0,0.0,1.316200633669414,0.0,0.0,0.0
blk0_spa/c_readout,122,0,512,0.0,0.0,0.6663580385819236,0.0,0.0,0.0
blk0_spa/d_path,122,0,512,7.843618377023631e-07,4.076897053784994e-15,20.632208964961563,1.551661910070834e-08,1.531956714262428e-09,1.4056979410687948e-08
blk0_spa/readout,122,0,512,7.843618377023631e-07,4.076897053784994e-15,27.17304165268556,1.551661910070834e-08,1.531956714262428e-09,1.2248862100894027e-08
blk0_spa/state,123,0,8192,0.0,0.0,1.2919374382708004,0.0,0.0,0.0
blk0_spa/c_readout,123,0,512,0.0,0.0,0.7242145402895244,0.0,0.0,0.0
blk0_spa/d_path,123,0,512,7.963737651550673e-07,4.338555659534889e-15,21.268664830332696,1.551661910070834e-08,1.5554175100684908e-09,1.4282442129726129e-08
blk0_spa/readout,123,0,512,7.963737651550673e-07,4.338555659534889e-15,28.14185569813136,1.551661910070834e-08,1.5554175100684908e-09,1.241641502888309e-08
blk0_spa/state,124,0,8192,0.0,0.0,1.296001782565783,0.0,0.0,0.0
blk0_spa/c_readout,124,0,512,0.0,0.0,0.7235075845233943,0.0,0.0,0.0
blk0_spa/d_path,124,0,512,7.949929763384489e-07,4.158814622974192e-15,21.090112807789595,1.3189126235602089e-08,1.552720656911033e-09,1.404252901217834e-08
blk0_spa/readout,124,0,512,7.949929763384489e-07,4.158814622974192e-15,28.10575340076351,1.3189126235602089e-08,1.552720656911033e-09,1.2164301207965848e-08
blk0_spa/state,125,0,8192,0.0,0.0,1.308917867282045,0.0,0.0,0.0
blk0_spa/c_readout,125,0,512,0.0,0.0,0.7687334425664409,0.0,0.0,0.0
blk0_spa/d_path,125,0,512,8.087997862560314e-07,4.308253935564435e-15,22.009976547906323,1.1637464325531255e-08,1.5796870825313114e-09,1.399074550697605e-08
blk0_spa/readout,125,0,512,8.087997862560314e-07,4.308253935564435e-15,29.42709543619153,1.1637464325531255e-08,1.5796870825313114e-09,1.209976534125937e-08
blk0_spa/state,126,0,8192,0.0,0.0,1.3026925554799944,0.0,0.0,0.0
blk0_spa/c_readout,126,0,512,0.0,0.0,0.70845048061507,0.0,0.0,0.0
blk0_spa/d_path,126,0,512,8.111996265824928e-07,4.429986801918512e-15,22.016593361592225,1.3964957190637506e-08,1.5843742706689312e-09,1.4184895985280065e-08
blk0_spa/readout,126,0,512,8.111996265824928e-07,4.429986801918512e-15,28.88744839684208,1.3964957190637506e-08,1.5843742706689312e-09,1.2383591711447148e-08
blk0_spa/state,127,0,8192,0.0,0.0,1.301551422837274,0.0,0.0,0.0
blk0_spa/c_readout,127,0,512,0.0,0.0,0.7250929274608344,0.0,0.0,0.0
blk0_spa/d_path,127,0,512,8.422626756043883e-07,4.575986811322465e-15,22.27985838691591,1.512870362319063e-08,1.6450442882898209e-09,1.4331319196389145e-08
blk0_spa/readout,127,0,512,8.422626756043883e-07,4.575986811322465e-15,29.41088752391959,1.512870362319063e-08,1.6450442882898209e-09,1.2473499584168507e-08
blk0_spa/state,128,0,8192,0.0,0.0,1.3111441369505419,0.0,0.0,0.0
blk0_spa/c_readout,128,0,512,0.0,0.0,0.7682286854955781,0.0,0.0,0.0
blk0_spa/d_path,128,0,512,8.149915284860754e-07,4.368888578803212e-15,22.523926059253824,1.4352872668155214e-08,1.591780329074366e-09,1.3927187996089303e-08
blk0_spa/readout,128,0,512,8.149915284860754e-07,4.368888578803212e-15,29.769235810080943,1.4352872668155214e-08,1.591780329074366e-09,1.211439252377771e-08
blk0_spa/state,129,0,8192,0.0,0.0,1.3161357151912372,0.0,0.0,0.0
blk0_spa/c_readout,129,0,512,0.0,0.0,0.6769245777967674,0.0,0.0,0.0
blk0_spa/d_path,129,0,512,8.582784616351091e-07,4.656451275108732e-15,23.971763586573534,1.3964957190637506e-08,1.6763251203810725e-09,1.3937264382559596e-08
blk0_spa/readout,129,0,512,8.582784616351091e-07,4.656451275108732e-15,30.89266309720058,1.3964957190637506e-08,1.6763251203810725e-09,1.2277214887285442e-08
blk0_spa/state,130,0,8192,0.0,0.0,1.3081444999229102,0.0,0.0,0.0
blk0_spa/c_readout,130,0,512,0.0,0.0,0.6499798037785078,0.0,0.0,0.0
blk0_spa/d_path,130,0,512,8.438546945654934e-07,4.8273190385461766e-15,24.475005774344602,1.3964957190637506e-08,1.6481537003232294e-09,1.4044025188645184e-08
blk0_spa/readout,130,0,512,8.438546945654934e-07,4.8273190385461766e-15,31.106180684127473,1.3964957190637506e-08,1.6481537003232294e-09,1.2457464436674921e-08
blk0_spa/state,131,0,8192,0.0,0.0,1.2912228939052144,0.0,0.0,0.0
blk0_spa/c_readout,131,0,512,0.0,0.0,0.5697935299575423,0.0,0.0,0.0
blk0_spa/d_path,131,0,512,8.261134674114601e-07,4.714750143864408e-15,23.080928017210265,1.4740788145672923e-08,1.613502866038008e-09,1.4292319229922513e-08
blk0_spa/readout,131,0,512,8.261134674114601e-07,4.714750143864408e-15,29.118523709252912,1.4740788145672923e-08,1.613502866038008e-09,1.2724615404058525e-08
blk0_spa/state,132,0,8192,0.0,0.0,1.3173822567493345,0.0,0.0,0.0
blk0_spa/c_readout,132,0,512,0.0,0.0,0.6950845612109443,0.0,0.0,0.0
blk0_spa/d_path,132,0,512,8.203067345391446e-07,4.704968275030697e-15,23.894543956924444,1.5904534578226048e-08,1.6021615908967668e-09,1.4032303735481752e-08
blk0_spa/readout,132,0,512,8.203067345391446e-07,4.704968275030697e-15,30.9744364422145,1.5904534578226048e-08,1.6021615908967668e-09,1.2324708122345421e-08
blk0_spa/state,133,0,8192,0.0,0.0,1.3106897929579229,0.0,0.0,0.0
blk0_spa/c_readout,133,0,512,0.0,0.0,0.5805423552644287,0.0,0.0,0.0
blk0_spa/d_path,133,0,512,8.024349913426931e-07,4.360699700807535e-15,22.1407325492582,1.3577041713119797e-08,1.5672558424661975e-09,1.4034020193337054e-08
blk0_spa/readout,133,0,512,8.024349913426931e-07,4.360699700807535e-15,28.329426999174117,1.3577041713119797e-08,1.5672558424661975e-09,1.2406783243430792e-08
blk0_spa/state,134,0,8192,0.0,0.0,1.333625501169937,0.0,0.0,0.0
blk0_spa/c_readout,134,0,512,0.0,0.0,0.7056232668323645,0.0,0.0,0.0
blk0_spa/d_path,134,0,512,8.263828661370098e-07,4.378877901319966e-15,22.932830794600363,1.3189126235602089e-08,1.6140290354238473e-09,1.3818235325981848e-08
blk0_spa/readout,134,0,512,8.263828661370098e-07,4.378877901319966e-15,30.07520505311056,1.3189126235602089e-08,1.6140290354238473e-09,1.2066383365247807e-08
blk0_spa/state,135,0,8192,0.0,0.0,1.3481106184779308,0.0,0.0,0.0
blk0_spa/c_readout,135,0,512,0.0,0.0,0.6050463254271019,0.0,0.0,0.0
blk0_spa/d_path,135,0,512,7.888699489200235e-07,3.993442766534096e-15,21.909778506481704,1.1637464325531255e-08,1.5407616189844209e-09,1.3500651872670892e-08
blk0_spa/readout,135,0,512,7.888699489200235e-07,3.993442766534096e-15,28.416730735567498,1.1637464325531255e-08,1.5407616189844209e-09,1.1854593768400558e-08
blk0_spa/state,136,0,8192,0.0,0.0,1.327858681926197,0.0,0.0,0.0
blk0_spa/c_readout,136,0,512,0.0,0.0,0.5915177527824937,0.0,0.0,0.0
blk0_spa/d_path,136,0,512,7.943462083659369e-07,4.061666783164544e-15,20.86917847907317,1.1249548848013546e-08,1.5514574382147206e-09,1.3950811445916614e-08
blk0_spa/readout,136,0,512,7.943462083659369e-07,4.061666783164544e-15,27.070335308194544,1.1249548848013546e-08,1.5514574382147206e-09,1.2249132374461285e-08
blk0_spa/state,137,0,8192,0.0,0.0,1.297594004396119,0.0,0.0,0.0
blk0_spa/c_readout,137,0,512,0.0,0.0,0.6550299679908618,0.0,0.0,0.0
blk0_spa/d_path,137,0,512,7.977105642709148e-07,4.233698770598609e-15,20.651114219026482,1.2025379803048963e-08,1.5580284458416305e-09,1.4318193685041896e-08
blk0_spa/readout,137,0,512,7.977105642709148e-07,4.233698770598609e-15,27.175617050807713,1.2025379803048963e-08,1.5580284458416305e-09,1.248160027959767e-08
blk0_spa/state,138,0,8192,0.0,0.0,1.3040084906232918,0.0,0.0,0.0
blk0_spa/c_readout,138,0,512,0.0,0.0,0.7763582229490433,0.0,0.0,0.0
blk0_spa/d_path,138,0,512,8.129810566970264e-07,4.138805424211608e-15,21.217139333787017,1.1637464325531255e-08,1.5878536263613796e-09,1.3966709192396773e-08
blk0_spa/readout,138,0,512,8.129810566970264e-07,4.138805424211608e-15,28.470727765996685,1.1637464325531255e-08,1.5878536263613796e-09,1.2056971114569184e-08
blk0_spa/state,139,0,8192,0.0,0.0,1.3355055986301028,0.0,0.0,0.0
blk0_spa/c_readout,139,0,512,0.0,0.0,0.7768038695468016,0.0,0.0,0.0
blk0_spa/d_path,139,0,512,8.368438582095905e-07,4.342625535509833e-15,22.348948801643118,1.512870362319063e-08,1.6344606605656065e-09,1.393951426318956e-08
blk0_spa/readout,139,0,512,8.368438582095905e-07,4.342625535509833e-15,29.8940922346057,1.512870362319063e-08,1.6344606605656065e-09,1.2052676660421623e-08
blk0_spa/state,140,0,8192,0.0,0.0,1.3235781911257491,0.0,0.0,0.0
blk0_spa/c_readout,140,0,512,0.0,0.0,0.7081580130198445,0.0,0.0,0.0
blk0_spa/d_path,140,0,512,8.04417105371158e-07,4.352437194663392e-15,22.165429766151345,1.6292450055743757e-08,1.5711271589280429e-09,1.4012905020439281e-08
blk0_spa/readout,140,0,512,8.04417105371158e-07,4.352437194663392e-15,29.05154384228448,1.6292450055743757e-08,1.5711271589280429e-09,1.2240006496111642e-08
blk0_spa/state,141,0,8192,0.0,0.0,1.3004963372041056,0.0,0.0,0.0
blk0_spa/c_readout,141,0,512,0.0,0.0,0.7095413948673689,0.0,0.0,0.0
blk0_spa/d_path,141,0,512,7.940164614694822e-07,4.1982382287367376e-15,20.98632262312188,1.4352872668155214e-08,1.5508134013075825e-09,1.414377591313869e-08
blk0_spa/readout,141,0,512,7.940164614694822e-07,4.1982382287367376e-15,27.95185249766258,1.4352872668155214e-08,1.5508134013075825e-09,1.2255421190571307e-08
blk0_spa/state,142,0,8192,0.0,0.0,1.2971974241122124,0.0,0.0,0.0
blk0_spa/c_readout,142,0,512,0.0,0.0,0.6981603324188044,0.0,0.0,0.0
blk0_spa/d_path,142,0,512,7.94360387246229e-07,4.161145692890035e-15,21.12799218001885,1.2413295280566672e-08,1.551485131340291e-09,1.4033866703958022e-08
blk0_spa/readout,142,0,512,7.94360387246229e-07,4.161145692890035e-15,28.12681094276754,1.2413295280566672e-08,1.551485131340291e-09,1.2163154236830841e-08
blk0_spa/state,143,0,8192,0.0,0.0,1.307067822252517,0.0,0.0,0.0
blk0_spa/c_readout,143,0,512,0.0,0.0,0.7511758726464173,0.0,0.0,0.0
blk0_spa/d_path,143,0,512,8.186998101678e-07,4.3617251705710375e-15,21.591120719170366,1.551661910070834e-08,1.5990230667339844e-09,1.4213189812567031e-08
blk0_spa/readout,143,0,512,8.186998101678e-07,4.3617251705710375e-15,29.029400963240796,1.551661910070834e-08,1.5990230667339844e-09,1.2257731715449332e-08
blk0_spa/state,144,0,8192,0.0,0.0,1.2986024593474716,0.0,0.0,0.0
blk0_spa/c_readout,144,0,512,0.0,0.0,0.7470372064863299,0.0,0.0,0.0
blk0_spa/d_path,144,0,512,7.83859038122614e-07,4.043975276201542e-15,20.501006103380536,1.3189126235602089e-08,1.5309746838332305e-09,1.4044835549157368e-08
blk0_spa/readout,144,0,512,7.83859038122614e-07,4.043975276201542e-15,27.52466487440494,1.3189126235602089e-08,1.5309746838332305e-09,1.2121133260389412e-08
blk0_spa/state,145,0,8192,0.0,0.0,1.3214258888242736,0.0,0.0,0.0
blk0_spa/c_readout,145,0,512,0.0,0.0,0.7465383076316551,0.0,0.0,0.0
blk0_spa/d_path,145,0,512,8.690259374333209e-07,4.860089120767351e-15,24.491573691047037,1.551661910070834e-08,1.6973162840494549e-09,1.408684613108439e-08
blk0_spa/readout,145,0,512,8.690259374333209e-07,4.860089120767351e-15,31.95451029208364,1.551661910070834e-08,1.6973162840494549e-09,1.2332639407488714e-08
blk0_spa/state,146,0,8192,0.0,0.0,1.3258561101126687,0.0,0.0,0.0
blk0_spa/c_readout,146,0,512,0.0,0.0,0.6309962026685803,0.0,0.0,0.0
blk0_spa/d_path,146,0,512,8.341135444567271e-07,4.600635155082926e-15,23.572913057850126,1.551661910070834e-08,1.6291280165170452e-09,1.3970188613914305e-08
blk0_spa/readout,146,0,512,8.341135444567271e-07,4.600635155082926e-15,30.17182731077729,1.551661910070834e-08,1.6291280165170452e-09,1.2348326104954857e-08
blk0_spa/state,147,0,8192,0.0,0.0,1.2970022125027925,0.0,0.0,0.0
blk0_spa/c_readout,147,0,512,0.0,0.0,0.6129161130861114,0.0,0.0,0.0
blk0_spa/d_path,147,0,512,7.879843195723879e-07,4.394030876409958e-15,21.319502915405764,1.5904534578226048e-08,1.5390318741648201e-09,1.4356316192113054e-08
blk0_spa/readout,147,0,512,7.879843195723879e-07,4.394030876409958e-15,27.6114698272945,1.5904534578226048e-08,1.5390318741648201e-09,1.2614986475672975e-08
blk0_spa/state,148,0,8192,0.0,0.0,1.2850309798737862,0.0,0.0,0.0
blk0_spa/c_readout,148,0,512,0.0,0.0,0.6769233944529768,0.0,0.0,0.0
blk0_spa/d_path,148,0,512,8.026080440259875e-07,4.2771991944849514e-15,21.24898614105834,1.2413295280566672e-08,1.5675938359882569e-09,1.4187655402556826e-08
blk0_spa/readout,148,0,512,8.026080440259875e-07,4.2771991944849514e-15,28.03535123224044,1.2413295280566672e-08,1.5675938359882569e-09,1.235170007327095e-08
blk0_spa/state,149,0,8192,0.0,0.0,1.312247057719191,0.0,0.0,0.0
blk0_spa/c_readout,149,0,512,0.0,0.0,0.7307783294710124,0.0,0.0,0.0
blk0_spa/d_path,149,0,512,7.97448079126184e-07,4.2616990683102544e-15,22.855061254752364,1.3577041713119797e-08,1.557515779543328e-09,1.3655266959874858e-08
blk0_spa/readout,149,0,512,7.97448079126184e-07,4.2616990683102544e-15,30.095080538582632,1.3577041713119797e-08,1.557515779543328e-09,1.1899908850497581e-08
blk0_spa/state,150,0,8192,0.0,0.0,1.3532620888159017,0.0,0.0,0.0
blk0_spa/c_readout,150,0,512,0.0,0.0,0.6077920997658911,0.0,0.0,0.0
blk0_spa/d_path,150,0,512,8.381792042655434e-07,4.4972219263172184e-15,23.40902121759217,1.3577041713119797e-08,1.6370687583311394e-09,1.3860552177462727e-08
blk0_spa/readout,150,0,512,8.381792042655434e-07,4.4972219263172184e-15,30.104102465748465,1.3577041713119797e-08,1.6370687583311394e-09,1.2222479511808888e-08
blk0_spa/state,151,0,8192,0.0,0.0,1.3372097368831084,0.0,0.0,0.0
blk0_spa/c_readout,151,0,512,0.0,0.0,0.6291202309867151,0.0,0.0,0.0
blk0_spa/d_path,151,0,512,7.954532392773217e-07,4.2326577626057204e-15,21.597204841432816,1.4352872668155214e-08,1.553619607963519e-09,1.3999347806638287e-08
blk0_spa/readout,151,0,512,7.954532392773217e-07,4.2326577626057204e-15,28.212515127567432,1.4352872668155214e-08,1.553619607963519e-09,1.2248578072405841e-08
blk0_spa/state,152,0,8192,0.0,0.0,1.3114511205336907,0.0,0.0,0.0
blk0_spa/c_readout,152,0,512,0.0,0.0,0.6289380659660936,0.0,0.0,0.0
blk0_spa/d_path,152,0,512,7.900664122928447e-07,4.119958452543583e-15,20.64157567209264,1.280121075808438e-08,1.5430984615094623e-09,1.4127814866726352e-08
blk0_spa/readout,152,0,512,7.900664122928447e-07,4.119958452543583e-15,27.064797663780553,1.280121075808438e-08,1.5430984615094623e-09,1.2337978976677764e-08
blk0_spa/state,153,0,8192,0.0,0.0,1.3119789629123337,0.0,0.0,0.0
blk0_spa/c_readout,153,0,512,0.0,0.0,0.7527207634398521,0.0,0.0,0.0
blk0_spa/d_path,153,0,512,8.098933648170714e-07,4.230536555439705e-15,20.846577972657332,1.0861633370495838e-08,1.5818229781583426e-09,1.4245586653879123e-08
blk0_spa/readout,153,0,512,8.098933648170714e-07,4.230536555439705e-15,28.153192275607246,1.0861633370495838e-08,1.5818229781583426e-09,1.2258403225205857e-08
blk0_spa/state,154,0,8192,0.0,0.0,1.3215864009005123,0.0,0.0,0.0
blk0_spa/c_readout,154,0,512,0.0,0.0,0.7513449825643052,0.0,0.0,0.0
blk0_spa/d_path,154,0,512,7.922350313549487e-07,4.021930145137518e-15,20.457798877584352,1.1249548848013546e-08,1.547334045615134e-09,1.4021284752000024e-08
blk0_spa/readout,154,0,512,7.922350313549487e-07,4.021930145137518e-15,27.685157557242114,1.1249548848013546e-08,1.547334045615134e-09,1.2052961294571566e-08
blk0_spa/state,155,0,8192,0.0,0.0,1.3534199098580673,0.0,0.0,0.0
blk0_spa/c_readout,155,0,512,0.0,0.0,0.7920133266811515,0.0,0.0,0.0
blk0_spa/d_path,155,0,512,8.153496331431143e-07,4.356920205233643e-15,22.540459619548255,1.3577041713119797e-08,1.592479752232645e-09,1.3902996689233738e-08
blk0_spa/readout,155,0,512,8.153496331431143e-07,4.356920205233643e-15,30.18323855306721,1.3577041713119797e-08,1.592479752232645e-09,1.2014532733213519e-08
blk0_spa/state,156,0,8192,0.0,0.0,1.3508482802948236,0.0,0.0,0.0
blk0_spa/c_readout,156,0,512,0.0,0.0,0.682628516368423,0.0,0.0,0.0
blk0_spa/d_path,156,0,512,8.032675378188969e-07,4.545529226700421e-15,23.133708278377455,1.6292450055743757e-08,1.568881909802533e-09,1.401746885740621e-08
blk0_spa/readout,156,0,512,8.032675378188969e-07,4.545529226700421e-15,30.107512223858475,1.6292450055743757e-08,1.568881909802533e-09,1.2287252742630249e-08
blk0_spa/state,157,0,8192,0.0,0.0,1.3249283874946376,0.0,0.0,0.0
blk0_spa/c_readout,157,0,512,0.0,0.0,0.694679393314407,0.0,0.0,0.0
blk0_spa/d_path,157,0,512,8.050369686429804e-07,4.298212248332875e-15,21.119845656926774,1.512870362319063e-08,1.572337829380821e-09,1.4265879741101614e-08
blk0_spa/readout,157,0,512,8.050369686429804e-07,4.298212248332875e-15,28.008173807532106,1.512870362319063e-08,1.572337829380821e-09,1.2388009573051087e-08
blk0_spa/state,158,0,8192,0.0,0.0,1.328175496075214,0.0,0.0,0.0
blk0_spa/c_readout,158,0,512,0.0,0.0,0.7518556505048725,0.0,0.0,0.0
blk0_spa/d_path,158,0,512,8.155539497067821e-07,4.3654970297811915e-15,21.607877699952255,1.4740788145672923e-08,1.5928788080210587e-09,1.4213819366262338e-08
blk0_spa/readout,158,0,512,8.155539497067821e-07,4.3654970297811915e-15,29.026934313755227,1.4740788145672923e-08,1.5928788080210587e-09,1.2263551620046832e-08
blk0_spa/state,159,0,8192,0.0,0.0,1.3369120807251158,0.0,0.0,0.0
blk0_spa/c_readout,159,0,512,0.0,0.0,0.7666988018492595,0.0,0.0,0.0
blk0_spa/d_path,159,0,512,8.02967601742921e-07,4.2306286009679435e-15,21.23808982354295,1.3189126235602089e-08,1.5682960971541426e-09,1.411382485990179e-08
blk0_spa/readout,159,0,512,8.02967601742921e-07,4.2306286009679435e-15,28.795611024670343,1.3189126235602089e-08,1.5682960971541426e-09,1.2121023726279355e-08
blk0_spa/state,160,0,8192,0.0,0.0,1.3420820684248382,0.0,0.0,0.0
blk0_spa/c_readout,160,0,512,0.0,0.0,0.7398992577783292,0.0,0.0,0.0
blk0_spa/d_path,160,0,512,7.99749393820548e-07,4.142272504267434e-15,21.080350797733885,1.2025379803048963e-08,1.5620105348057578e-09,1.4017817972865927e-08
blk0_spa/readout,160,0,512,7.99749393820548e-07,4.142272504267434e-15,28.289001206206702,1.2025379803048963e-08,1.5620105348057578e-09,1.2100700888248535e-08
blk0_spa/state,161,0,8192,0.0,0.0,1.3382791594710985,0.0,0.0,0.0
blk0_spa/c_readout,161,0,512,0.0,0.0,0.693854706846453,0.0,0.0,0.0
blk0_spa/d_path,161,0,512,8.496465220275695e-07,4.852149880351653e-15,23.932148288097768,1.4352872668155214e-08,1.6594658633350967e-09,1.4238894138275409e-08
blk0_spa/readout,161,0,512,8.496465220275695e-07,4.852149880351653e-15,31.026798834254777,1.4352872668155214e-08,1.6594658633350967e-09,1.25054296903836e-08
blk0_spa/state,162,0,8192,0.0,0.0,1.3418722369889156,0.0,0.0,0.0
blk0_spa/c_readout,162,0,512,0.0,0.0,0.6185088939410641,0.0,0.0,0.0
blk0_spa/d_path,162,0,512,8.292720536928755e-07,4.465022493274622e-15,22.9354259459915,1.551661910070834e-08,1.6196719798688974e-09,1.3952705269790988e-08
blk0_spa/readout,162,0,512,8.292720536928755e-07,4.465022493274622e-15,29.368814545146453,1.551661910070834e-08,1.6196719798688974e-09,1.233015730108398e-08
blk0_spa/state,163,0,8192,0.0,0.0,1.3501258235983564,0.0,0.0,0.0
blk0_spa/c_readout,163,0,512,0.0,0.0,0.7432466331367465,0.0,0.0,0.0
blk0_spa/d_path,163,0,512,8.13138477440134e-07,4.387149603742807e-15,22.22618455519852,1.4740788145672923e-08,1.5881610887502617e-09,1.4049431916098544e-08
blk0_spa/readout,163,0,512,8.13138477440134e-07,4.387149603742807e-15,29.63312862505755,1.4740788145672923e-08,1.5881610887502617e-09,1.216753121546999e-08
blk0_spa/state,164,0,8192,0.0,0.0,1.340719178060206,0.0,0.0,0.0
blk0_spa/c_readout,164,0,512,0.0,0.0,0.722631840451109,0.0,0.0,0.0
blk0_spa/d_path,164,0,512,8.065737251428118e-07,4.194744837709615e-15,21.02480353024444,1.3964957190637506e-08,1.5753393069195543e-09,1.4124946158510674e-08
blk0_spa/readout,164,0,512,8.065737251428118e-07,4.194744837709615e-15,28.13786607401029,1.3964957190637506e-08,1.5753393069195543e-09,1.2209761902059126e-08
blk0_spa/state,165,0,8192,0.0,0.0,1.3608916916131304,0.0,0.0,0.0
blk0_spa/c_readout,165,0,512,0.0,0.0,0.6961763995626242,0.0,0.0,0.0
blk0_spa/d_path,165,0,512,8.231519323942393e-07,4.290287791011459e-15,22.45997457016916,1.512870362319063e-08,1.6077186179574987e-09,1.3820971857003543e-08
blk0_spa/readout,165,0,512,8.231519323942393e-07,4.290287791011459e-15,29.546975799808997,1.512870362319063e-08,1.6077186179574987e-09,1.204999022224689e-08
blk0_spa/state,166,0,8192,0.0,0.0,1.3585825732734171,0.0,0.0,0.0
blk0_spa/c_readout,166,0,512,0.0,0.0,0.6351624732977584,0.0,0.0,0.0
blk0_spa/d_path,166,0,512,7.868616567208164e-07,4.263503841331707e-15,21.742758555224928,1.4352872668155214e-08,1.5368391732828446e-09,1.4003158601025787e-08
blk0_spa/readout,166,0,512,7.868616567208164e-07,4.263503841331707e-15,28.462177431797045,1.4352872668155214e-08,1.5368391732828446e-09,1.2239093947726225e-08
blk0_spa/state,167,0,8192,0.0,0.0,1.3311387923138283,0.0,0.0,0.0
blk0_spa/c_readout,167,0,512,0.0,0.0,0.6408024314662745,0.0,0.0,0.0
blk0_spa/d_path,167,0,512,7.913457693575765e-07,4.318065586443869e-15,21.105357304817275,1.2413295280566672e-08,1.5455972057765166e-09,1.4303695715813113e-08
blk0_spa/readout,167,0,512,7.913457693575765e-07,4.318065586443869e-15,27.742824452178983,1.2413295280566672e-08,1.5455972057765166e-09,1.2475825175610832e-08
blk0_spa/state,168,0,8192,0.0,0.0,1.3320220559523093,0.0,0.0,0.0
blk0_spa/c_readout,168,0,512,0.0,0.0,0.7691392108380017,0.0,0.0,0.0
blk0_spa/d_path,168,0,512,7.9385758766648e-07,4.072940074607223e-15,20.97087187349597,1.2025379803048963e-08,1.5505031009110937e-09,1.3936244810636115e-08
blk0_spa/readout,168,0,512,7.9385758766648e-07,4.072940074607223e-15,28.3961478345857,1.2025379803048963e-08,1.5505031009110937e-09,1.1976344938477697e-08
blk0_spa/state,169,0,8192,0.0,0.0,1.3473882831873525,0.0,0.0,0.0
blk0_spa/c_readout,169,0,512,0.0,0.0,0.7417218199679405,0.0,0.0,0.0
blk0_spa/d_path,169,0,512,8.100649644404712e-07,4.119046034514192e-15,20.978193368316195,1.1249548848013546e-08,1.5821581336727952e-09,1.4012456607186451e-08
blk0_spa/readout,169,0,512,8.100649644404712e-07,4.119046034514192e-15,28.355621929717447,1.1249548848013546e-08,1.5821581336727952e-09,1.2052544238803713e-08
blk0_spa/state,170,0,8192,0.0,0.0,1.34612160827347,0.0,0.0,0.0
blk0_spa/c_readout,170,0,512,0.0,0.0,0.7961328188462524,0.0,0.0,0.0
blk0_spa/d_path,170,0,512,7.963432278046412e-07,4.215813033131886e-15,21.22544045590154,1.3577041713119797e-08,1.5553578668059398e-09,1.409328762772274e-08
blk0_spa/readout,170,0,512,7.963432278046412e-07,4.215813033131886e-15,28.791631014004615,1.3577041713119797e-08,1.5553578668059398e-09,1.210061761144627e-08
blk0_spa/state,171,0,8192,0.0,0.0,1.379402097351152,0.0,0.0,0.0
blk0_spa/c_readout,171,0,512,0.0,0.0,0.7861204357008988,0.0,0.0,0.0
blk0_spa/d_path,171,0,512,8.227200272159507e-07,4.485173754133686e-15,23.358234676070584,1.551661910070834e-08,1.6068750531561538e-09,1.385701309449359e-08
blk0_spa/readout,171,0,512,8.227200272159507e-07,4.485173754133686e-15,31.045994633426044,1.551661910070834e-08,1.6068750531561538e-09,1.201951232213187e-08
blk0_spa/state,172,0,8192,0.0,0.0,1.3710163557372288,0.0,0.0,0.0
blk0_spa/c_readout,172,0,512,0.0,0.0,0.7415265818389618,0.0,0.0,0.0
blk0_spa/d_path,172,0,512,8.01098918756793e-07,4.321803069606014e-15,21.914642204027007,1.4352872668155214e-08,1.5646463256968612e-09,1.4043174571076075e-08
blk0_spa/readout,172,0,512,8.01098918756793e-07,4.321803069606014e-15,29.288181121258674,1.4352872668155214e-08,1.5646463256968612e-09,1.2147482609917419e-08
blk0_spa/state,173,0,8192,0.0,0.0,1.3503009301403621,0.0,0.0,0.0
blk0_spa/c_readout,173,0,512,0.0,0.0,0.7161190041957313,0.0,0.0,0.0
blk0_spa/d_path,173,0,512,7.954979555080399e-07,4.272050883833533e-15,20.90117993900379,1.3577041713119797e-08,1.5537069443516405e-09,1.4296601317243292e-08
blk0_spa/readout,173,0,512,7.954979555080399e-07,4.272050883833533e-15,28.0167793164247,1.3577041713119797e-08,1.5537069443516405e-09,1.2348354925567994e-08
blk0_spa/state,174,0,8192,0.0,0.0,1.3475390031567573,0.0,0.0,0.0
blk0_spa/c_readout,174,0,512,0.0,0.0,0.7805351551738797,0.0,0.0,0.0
blk0_spa/d_path,174,0,512,8.097493964243085e-07,4.402639410710945e-15,21.81427214676074,1.551661910070834e-08,1.5815417898912276e-09,1.4206470537254806e-08
blk0_spa/readout,174,0,512,8.097493964243085e-07,4.402639410710945e-15,29.384608037715346,1.551661910070834e-08,1.5815417898912276e-09,1.224042810663542e-08
blk0_spa/state,175,0,8192,0.0,0.0,1.3585738774069265,0.0,0.0,0.0
blk0_spa/c_readout,175,0,512,0.0,0.0,0.7304494028870041,0.0,0.0,0.0
blk0_spa/d_path,175,0,512,7.982260896710613e-07,4.327494330034944e-15,21.782837795174935,1.512870362319063e-08,1.5590353313887917e-09,1.4094868388951963e-08
blk0_spa/readout,175,0,512,7.982260896710613e-07,4.327494330034944e-15,29.130047615034442,1.512870362319063e-08,1.5590353313887917e-09,1.2188426886355871e-08
blk0_spa/state,176,0,8192,0.0,0.0,1.3721925562375539,0.0,0.0,0.0
blk0_spa/c_readout,176,0,512,0.0,0.0,0.8487747276436021,0.0,0.0,0.0
blk0_spa/d_path,176,0,512,8.240724582719849e-07,4.434331838213125e-15,22.43058534700068,1.3577041713119797e-08,1.6095165200624706e-09,1.4060274237900739e-08
blk0_spa/readout,176,0,512,8.240724582719849e-07,4.434331838213125e-15,30.359510348919187,1.3577041713119797e-08,1.6095165200624706e-09,1.208555818461679e-08
blk0_spa/state,177,0,8192,0.0,0.0,1.3854191563419125,0.0,0.0,0.0
blk0_spa/c_readout,177,0,512,0.0,0.0,0.7134819604409123,0.0,0.0,0.0
blk0_spa/d_path,177,0,512,8.676622336167839e-07,4.8064964868997626e-15,24.135569475985776,1.3577041713119797e-08,1.694652800032781e-09,1.4111901595919314e-08
blk0_spa/readout,177,0,512,8.676622336167839e-07,4.8064964868997626e-15,31.424799827478385,1.3577041713119797e-08,1.694652800032781e-09,1.2367389952950605e-08
blk0_spa/state,178,0,8192,0.0,0.0,1.374376845384627,0.0,0.0,0.0
blk0_spa/c_readout,178,0,512,0.0,0.0,0.6681241291957306,0.0,0.0,0.0
blk0_spa/d_path,178,0,512,7.94302218665166e-07,4.180335384851542e-15,21.50149241615493,1.3577041713119797e-08,1.5513715208304024e-09,1.3943482645684138e-08
blk0_spa/readout,178,0,512,7.94302218665166e-07,4.180335384851542e-15,28.267301498578018,1.3577041713119797e-08,1.5513715208304024e-09,1.2160834765718708e-08
blk0_spa/state,179,0,8192,0.0,0.0,1.3813958127357864,0.0,0.0,0.0
blk0_spa/c_readout,179,0,512,0.0,0.0,0.7556994259077696,0.0,0.0,0.0
blk0_spa/d_path,179,0,512,8.187274413984369e-07,4.310398925795865e-15,22.00464868608757,1.2025379803048963e-08,1.599077033981322e-09,1.3995921993813008e-08
blk0_spa/readout,179,0,512,8.187274413984369e-07,4.310398925795865e-15,29.548521284680042,1.2025379803048963e-08,1.599077033981322e-09,1.2077884074462953e-08
blk0_spa/state,180,0,8192,0.0,0.0,1.375031375407582,0.0,0.0,0.0
blk0_spa/c_readout,180,0,512,0.0,0.0,0.6877433263599138,0.0,0.0,0.0
blk0_spa/d_path,180,0,512,8.007698983902856e-07,4.143144196024003e-15,20.529690582150714,1.2413295280566672e-08,1.5640037077935265e-09,1.4206065813976799e-08
blk0_spa/readout,180,0,512,8.007698983902856e-07,4.143144196024003e-15,27.47691865144109,1.2413295280566672e-08,1.5640037077935265e-09,1.2279509241395707e-08
blk0_spa/state,181,0,8192,0.0,0.0,1.3688561685625755,0.0,0.0,0.0
blk0_spa/c_readout,181,0,512,0.0,0.0,0.6842177951479929,0.0,0.0,0.0
blk0_spa/d_path,181,0,512,8.287572548226763e-07,4.448923634179274e-15,21.749925317618242,1.280121075808438e-08,1.6186665133255396e-09,1.4302059831358049e-08
blk0_spa/readout,181,0,512,8.287572548226763e-07,4.448923634179274e-15,28.875677059712853,1.280121075808438e-08,1.6186665133255396e-09,1.2412560763543028e-08
blk0_spa/state,182,0,8192,0.0,0.0,1.3854125377415714,0.0,0.0,0.0
blk0_spa/c_readout,182,0,512,0.0,0.0,0.7022933682272556,0.0,0.0,0.0
blk0_spa/d_path,182,0,512,7.994330992744381e-07,4.175879293724878e-15,21.281778304484792,1.4740788145672923e-08,1.5613927720203868e-09,1.4007802534091609e-08
blk0_spa/readout,182,0,512,7.994330992744381e-07,4.175879293724878e-15,28.52616960851883,1.4740788145672923e-08,1.5613927720203868e-09,1.2099076934344735e-08
blk0_spa/state,183,0,8192,0.0,0.0,1.386492826447114,0.0,0.0,0.0
blk0_spa/c_readout,183,0,512,0.0,0.0,0.7550304646908175,0.0,0.0,0.0
blk0_spa/d_path,183,0,512,7.872204879078026e-07,4.259305640895175e-15,21.70843681992266,1.3577041713119797e-08,1.537540015444927e-09,1.4007322466134138e-08
blk0_spa/readout,183,0,512,7.872204879078026e-07,4.259305640895175e-15,29.247462984195824,1.3577041713119797e-08,1.537540015444927e-09,1.2067722161372146e-08
blk0_spa/state,184,0,8192,0.0,0.0,1.410238641441768,0.0,0.0,0.0
blk0_spa/c_readout,184,0,512,0.0,0.0,0.7849848567910226,0.0,0.0,0.0
blk0_spa/d_path,184,0,512,8.389139516395971e-07,4.484771975930203e-15,22.45198270523759,1.4352872668155214e-08,1.6385038117960882e-09,1.4133275795190775e-08
blk0_spa/readout,184,0,512,8.389139516395971e-07,4.484771975930203e-15,30.27676151252861,1.4352872668155214e-08,1.6385038117960882e-09,1.2170697642332093e-08
blk0_spa/state,185,0,8192,0.0,0.0,1.4038477931775448,0.0,0.0,0.0
blk0_spa/c_readout,185,0,512,0.0,0.0,0.7208618492288584,0.0,0.0,0.0
blk0_spa/d_path,185,0,512,7.940455457600137e-07,4.381964997609788e-15,21.873652024843228,1.3189126235602089e-08,1.5508702065625268e-09,1.415382438127859e-08
blk0_spa/readout,185,0,512,7.940455457600137e-07,4.381964997609788e-15,29.11908404675027,1.3189126235602089e-08,1.5508702065625268e-09,1.2267204270932854e-08
blk0_spa/state,186,0,8192,0.0,0.0,1.3896999758738988,0.0,0.0,0.0
blk0_spa/c_readout,186,0,512,0.0,0.0,0.7221358929900197,0.0,0.0,0.0
blk0_spa/d_path,186,0,512,7.910429271618113e-07,4.383684340829726e-15,21.812897222043013,1.9007858398367716e-08,1.5450057171129128e-09,1.4176302130726556e-08
blk0_spa/readout,186,0,512,7.910429271618113e-07,4.383684340829726e-15,28.79047718922406,1.9007858398367716e-08,1.5450057171129128e-09,1.2339433034578338e-08
blk0_spa/state,187,0,8192,0.0,0.0,1.679329191091279,0.0,0.0,0.0
blk0_spa/c_readout,187,0,512,0.0,0.0,0.9588015484730443,0.0,0.0,0.0
blk0_spa/d_path,187,0,512,9.097228925725176e-07,6.463579182241937e-15,41.34978465066472,2.1723266740991676e-08,1.7768025245556984e-09,1.2502587731670506e-08
blk0_spa/readout,187,0,512,9.097228925725176e-07,6.463579182241937e-15,50.07251290241334,2.1723266740991676e-08,1.7768025245556984e-09,1.1361530618132309e-08
blk0_spa/state,188,0,8192,0.0,0.0,3.4207468547118447,0.0,0.0,0.0
blk0_spa/c_readout,188,0,512,0.0,0.0,14.027412810237863,0.0,0.0,0.0
blk0_spa/d_path,188,0,512,1.0802624608174938e-06,1.1355570339034852e-14,58.72366256794747,4.422236443701877e-08,2.1098876187841675e-09,1.390586178992284e-08
blk0_spa/readout,188,0,512,1.0802624608174938e-06,1.1355570339034852e-14,47.925283638308464,4.422236443701877e-08,2.1098876187841675e-09,1.5392959614498416e-08
blk0_spa/state,189,0,8192,0.0,0.0,2.7011423450805174,0.0,0.0,0.0
blk0_spa/c_readout,189,0,512,0.0,0.0,1.1328236808599068,0.0,0.0,0.0
blk0_spa/d_path,189,0,512,9.250900827595387e-07,7.204739095904729e-15,33.170005296980506,2.9869491768863554e-08,1.8068165678897241e-09,1.4737925565215223e-08
blk0_spa/readout,189,0,512,9.250900827595387e-07,7.204739095904729e-15,38.851383200588785,2.9869491768863554e-08,1.8068165678897241e-09,1.3617766605309604e-08
blk0_spa/state,190,0,8192,0.0,0.0,2.3856956173101658,0.0,0.0,0.0
blk0_spa/c_readout,190,0,512,0.0,0.0,0.8335676173835511,0.0,0.0,0.0
blk0_spa/d_path,190,0,512,1.0188641965669376e-06,9.927596407096661e-15,45.27012659331555,3.568822393162918e-08,1.9899691339198e-09,1.48086750060849e-08
blk0_spa/readout,190,0,512,1.0188641965669376e-06,9.927596407096661e-15,52.315860563335704,3.568822393162918e-08,1.9899691339198e-09,1.3775436520479519e-08
blk0_spa/state,191,0,8192,0.0,0.0,2.359557589080364,0.0,0.0,0.0
blk0_spa/c_readout,191,0,512,0.0,0.0,0.7149261981434047,0.0,0.0,0.0
blk0_spa/d_path,191,0,512,9.062523709246761e-07,6.167483563139047e-15,30.232498114550893,2.5214506038651052e-08,1.770024161962258e-09,1.428291932448697e-08
blk0_spa/readout,191,0,512,9.062523709246761e-07,6.167483563139047e-15,35.7960414463125,2.5214506038651052e-08,1.770024161962258e-09,1.3126123897243925e-08
blk0_spa/state,192,0,8192,0.0,0.0,2.181169057650035,0.0,0.0,0.0
blk0_spa/c_readout,192,0,512,0.0,0.0,0.931440857389578,0.0,0.0,0.0
blk0_spa/d_path,192,0,512,8.283806121056614e-07,4.549204797624555e-15,23.802097033894793,1.2413295280566672e-08,1.6179308830188699e-09,1.3824840630725857e-08
blk0_spa/readout,192,0,512,8.283806121056614e-07,4.549204797624555e-15,32.24411941460586,1.2413295280566672e-08,1.6179308830188699e-09,1.1877977104279156e-08
blk0_spa/state,193,0,8192,0.0,0.0,2.0124869098463463,0.0,0.0,0.0
blk0_spa/c_readout,193,0,512,0.0,0.0,0.728730550770601,0.0,0.0,0.0
blk0_spa/d_path,193,0,512,8.358524379303844e-07,4.4986336277806925e-15,23.441039943058573,1.512870362319063e-08,1.6325242928327821e-09,1.3853256491586772e-08
blk0_spa/readout,193,0,512,8.358524379303844e-07,4.4986336277806925e-15,30.578663164296096,1.512870362319063e-08,1.6325242928327821e-09,1.2129169499077732e-08
blk0_spa/state,194,0,8192,0.0,0.0,1.8955513352327718,0.0,0.0,0.0
blk0_spa/c_readout,194,0,512,0.0,0.0,0.874167361324919,0.0,0.0,0.0
blk0_spa/d_path,194,0,512,8.251773095935278e-07,4.501456242476035e-15,22.916709672112503,1.2025379803048963e-08,1.6116744327998589e-09,1.4015235027464088e-08
blk0_spa/readout,194,0,512,8.251773095935278e-07,4.501456242476035e-15,30.540203949065145,1.2025379803048963e-08,1.6116744327998589e-09,1.2140611165563642e-08
blk0_spa/state,195,0,8192,0.0,0.0,1.8186237050920064,0.0,0.0,0.0
blk0_spa/c_readout,195,0,512,0.0,0.0,0.7990441065315658,0.0,0.0,0.0
blk0_spa/d_path,195,0,512,8.109833107283748e-07,4.2035506531499e-15,21.583214920610033,1.3577041713119797e-08,1.583951778766357e-09,1.3955650186727732e-08
blk0_spa/readout,195,0,512,8.109833107283748e-07,4.2035506531499e-15,29.149399880130016,1.3577041713119797e-08,1.583951778766357e-09,1.2008626394386516e-08
blk0_spa/state,196,0,8192,0.0,0.0,1.7581831094704212,0.0,0.0,0.0
blk0_spa/c_readout,196,0,512,0.0,0.0,0.830814079986581,0.0,0.0,0.0
blk0_spa/d_path,196,0,512,8.142611402917055e-07,4.340316508985129e-15,21.289220061173715,1.4352872668155214e-08,1.5903537896322373e-09,1.4278442099581029e-08
blk0_spa/readout,196,0,512,8.142611402917055e-07,4.340316508985129e-15,29.062061014647313,1.4352872668155214e-08,1.5903537896322373e-09,1.2220739741300176e-08
blk0_spa/state,197,0,8192,0.0,0.0,1.6940328607816342,0.0,0.0,0.0
blk0_spa/c_readout,197,0,512,0.0,0.0,0.7786461566078384,0.0,0.0,0.0
blk0_spa/d_path,197,0,512,8.307408219110357e-07,4.440979448516784e-15,21.55040551915386,1.4740788145672923e-08,1.6225406677949916e-09,1.4355279684766248e-08
blk0_spa/readout,197,0,512,8.307408219110357e-07,4.440979448516784e-15,28.928931361571312,1.4740788145672923e-08,1.6225406677949916e-09,1.2390053628910633e-08
blk0_spa/state,198,0,8192,0.0,0.0,1.6604916455594632,0.0,0.0,0.0
blk0_spa/c_readout,198,0,512,0.0,0.0,0.8141970527602027,0.0,0.0,0.0
blk0_spa/d_path,198,0,512,7.967020589916274e-07,4.1865663037428724e-15,21.610747937784346,1.3189126235602089e-08,1.5560587089680222e-09,1.3918553011678037e-08
blk0_spa/readout,198,0,512,7.967020589916274e-07,4.1865663037428724e-15,29.345511258700384,1.3189126235602089e-08,1.5560587089680222e-09,1.194422969938656e-08
blk0_spa/state,199,0,8192,0.0,0.0,1.715174599623279,0.0,0.0,0.0
blk0_spa/c_readout,199,0,512,0.0,0.0,0.8436391726598285,0.0,0.0,0.0
blk0_spa/d_path,199,0,512,8.602478498431765e-07,4.793184237342443e-15,25.020802180982862,1.1637464325531255e-08,1.680171581724954e-09,1.3840808077271738e-08
blk0_spa/readout,199,0,512,8.602478498431765e-07,4.793184237342443e-15,33.446933121368914,1.1637464325531255e-08,1.680171581724954e-09,1.1971095910885076e-08
blk0_spa/state,200,0,8192,0.0,0.0,1.673017158661653,0.0,0.0,0.0
blk0_spa/c_readout,200,0,512,0.0,0.0,0.6646645229288337,0.0,0.0,0.0
blk0_spa/d_path,200,0,512,8.189019471416259e-07,4.439030787981981e-15,21.941848624216178,1.3577041713119797e-08,1.599417865510988e-09,1.4223532561475251e-08
blk0_spa/readout,200,0,512,8.189019471416259e-07,4.439030787981981e-15,28.73281848914945,1.3577041713119797e-08,1.599417865510988e-09,1.242953735609872e-08
blk0_spa/state,201,0,8192,0.0,0.0,1.615320951394469,0.0,0.0,0.0
blk0_spa/c_readout,201,0,512,0.0,0.0,0.6981842480425805,0.0,0.0,0.0
blk0_spa/d_path,201,0,512,7.847235750091386e-07,4.21866360445608e-15,20.439082543191983,1.2025379803048963e-08,1.5326632324397238e-09,1.4366690943613523e-08
blk0_spa/readout,201,0,512,7.847235750091386e-07,4.21866360445608e-15,27.359845292968956,1.2025379803048963e-08,1.5326632324397238e-09,1.2417398805405774e-08
blk0_spa/state,202,0,8192,0.0,0.0,1.5982746000609642,0.0,0.0,0.0
blk0_spa/c_readout,202,0,512,0.0,0.0,0.7652156542283763,0.0,0.0,0.0
blk0_spa/d_path,202,0,512,7.801656618511288e-07,4.090363877854979e-15,21.057492574935956,1.2413295280566672e-08,1.523761058302986e-09,1.3937267773436276e-08
blk0_spa/readout,202,0,512,7.801656618511288e-07,4.090363877854979e-15,28.375810315173897,1.2413295280566672e-08,1.523761058302986e-09,1.2006234901813533e-08
blk0_spa/state,203,0,8192,0.0,0.0,1.6675713221500772,0.0,0.0,0.0
blk0_spa/c_readout,203,0,512,0.0,0.0,0.9170886443686856,0.0,0.0,0.0
blk0_spa/d_path,203,0,512,8.222873955077148e-07,4.32243550090804e-15,25.39375262932206,1.3189126235602089e-08,1.6060300693510055e-09,1.3046704272696236e-08
blk0_spa/readout,203,0,512,8.222873955077148e-07,4.32243550090804e-15,33.87162512539969,1.3189126235602089e-08,1.6060300693510055e-09,1.1296560788544719e-08
blk0_spa/state,204,0,8192,0.0,0.0,1.919765126392265,0.0,0.0,0.0
blk0_spa/c_readout,204,0,512,0.0,0.0,0.7205916901688226,0.0,0.0,0.0
blk0_spa/d_path,204,0,512,9.209328108994441e-07,5.958362176236451e-15,31.503502403815563,2.0171604830920842e-08,1.7986968962879768e-09,1.3752575233538592e-08
blk0_spa/readout,204,0,512,9.209328108994441e-07,5.958362176236451e-15,37.519881949091484,2.0171604830920842e-08,1.7986968962879768e-09,1.2601803906987581e-08
blk0_spa/state,205,0,8192,0.0,0.0,1.8083835338715208,0.0,0.0,0.0
blk0_spa/c_readout,205,0,512,0.0,0.0,0.7035409445874403,0.0,0.0,0.0
blk0_spa/d_path,205,0,512,8.464730303359147e-07,5.0269364163258025e-15,24.01584719990235,1.280121075808438e-08,1.6532676373748334e-09,1.44678081162238e-08
blk0_spa/readout,205,0,512,8.464730303359147e-07,5.0269364163258025e-15,31.163994371640392,1.280121075808438e-08,1.6532676373748334e-09,1.2700626292994039e-08
blk0_spa/state,206,0,8192,0.0,0.0,1.738588152796599,0.0,0.0,0.0
blk0_spa/c_readout,206,0,512,0.0,0.0,0.78574166790805,0.0,0.0,0.0
blk0_spa/d_path,206,0,512,8.766871744114724e-07,5.5451192262942555e-15,26.34700962216015,2.094743578595626e-08,1.712279637522407e-09,1.4507406465021959e-08
blk0_spa/readout,206,0,512,8.766871744114724e-07,5.5451192262942555e-15,34.020699742710285,2.094743578595626e-08,1.712279637522407e-09,1.276685198114026e-08
blk0_spa/state,207,0,8192,0.0,0.0,1.7506567358557246,0.0,0.0,0.0
blk0_spa/c_readout,207,0,512,0.0,0.0,0.731621852721406,0.0,0.0,0.0
blk0_spa/d_path,207,0,512,8.592004405727494e-07,4.8142297560789095e-15,24.022979739292126,1.2025379803048963e-08,1.678125860493651e-09,1.4156306887711231e-08
blk0_spa/readout,207,0,512,8.592004405727494e-07,4.8142297560789095e-15,31.537276668933316,1.2025379803048963e-08,1.678125860493651e-09,1.2355243596502e-08
blk0_spa/state,208,0,8192,0.0,0.0,1.7445026483744848,0.0,0.0,0.0
blk0_spa/c_readout,208,0,512,0.0,0.0,0.933759477374209,0.0,0.0,0.0
blk0_spa/d_path,208,0,512,8.280784964398435e-07,4.448758414037921e-15,23.455253320126708,1.2025379803048963e-08,1.6173408133590694e-09,1.3772073991735888e-08
blk0_spa/readout,208,0,512,8.280784964398435e-07,4.448758414037921e-15,31.93605609439671,1.2025379803048963e-08,1.6173408133590694e-09,1.180262938373871e-08
blk0_spa/state,209,0,8192,0.0,0.0,1.7103782612641656,0.0,0.0,0.0
blk0_spa/c_readout,209,0,512,0.0,0.0,0.7743318816254974,0.0,0.0,0.0
blk0_spa/d_path,209,0,512,8.610669439690355e-07,4.7177448764779884e-15,24.173019216388465,1.512870362319063e-08,1.6817713749395224e-09,1.3970172772843165e-08
blk0_spa/readout,209,0,512,8.610669439690355e-07,4.7177448764779884e-15,31.69643337134076,1.512870362319063e-08,1.6817713749395224e-09,1.2200061719421403e-08
blk0_spa/state,210,0,8192,0.0,0.0,1.6862781767856199,0.0,0.0,0.0
blk0_spa/c_readout,210,0,512,0.0,0.0,0.7044318942563567,0.0,0.0,0.0
blk0_spa/d_path,210,0,512,8.41340696666748e-07,4.346227727239161e-15,22.41951717868009,1.0085802415460421e-08,1.6432435481772423e-09,1.3923329831040936e-08
blk0_spa/readout,210,0,512,8.41340696666748e-07,4.346227727239161e-15,29.123892636428252,1.0085802415460421e-08,1.6432435481772423e-09,1.2216070442468633e-08
blk0_spa/state,211,0,8192,0.0,0.0,1.6745836235024947,0.0,0.0,0.0
blk0_spa/c_readout,211,0,512,0.0,0.0,0.8534897766367806,0.0,0.0,0.0
blk0_spa/d_path,211,0,512,8.26213446103452e-07,4.344917353325219e-15,22.002190982333303,1.3964957190637506e-08,1.6136981369208048e-09,1.4052635931374396e-08
blk0_spa/readout,211,0,512,8.26213446103452e-07,4.344917353325219e-15,29.975665679840592,1.3964957190637506e-08,1.6136981369208048e-09,1.2039441526456625e-08
blk0_spa/state,212,0,8192,0.0,0.0,1.6281211732553407,0.0,0.0,0.0
blk0_spa/c_readout,212,0,512,0.0,0.0,0.7092563428610296,0.0,0.0,0.0
blk0_spa/d_path,212,0,512,7.946355982113573e-07,4.1480010973632294e-15,20.535929333692298,1.512870362319063e-08,1.5520226527565573e-09,1.4212230770043149e-08
blk0_spa/readout,212,0,512,7.946355982113573e-07,4.1480010973632294e-15,27.550983138140555,1.512870362319063e-08,1.5520226527565573e-09,1.2270178504638593e-08
blk0_spa/state,213,0,8192,0.0,0.0,1.5917073023578765,0.0,0.0,0.0
blk0_spa/c_readout,213,0,512,0.0,0.0,0.8332346153574629,0.0,0.0,0.0
blk0_spa/d_path,213,0,512,8.050809583437513e-07,4.386599344023687e-15,21.30059760495339,1.512870362319063e-08,1.5724237467651392e-09,1.4350534946994326e-08
blk0_spa/readout,213,0,512,8.050809583437513e-07,4.386599344023687e-15,29.05711755152482,1.512870362319063e-08,1.5724237467651392e-09,1.2286769741001982e-08
blk0_spa/state,214,0,8192,0.0,0.0,1.5813278033136067,0.0,0.0,0.0
blk0_spa/c_readout,214,0,512,0.0,0.0,0.8040537742456534,0.0,0.0,0.0
blk0_spa/d_path,214,0,512,8.292742332827174e-07,4.582488210788583e-15,22.519216836953632,1.280121075808438e-08,1.6196762368803075e-09,1.4265074259416165e-08
blk0_spa/readout,214,0,512,8.292742332827174e-07,4.582488210788583e-15,30.399261831712916,1.280121075808438e-08,1.6196762368803075e-09,1.2277760549257372e-08
blk0_spa/state,215,0,8192,0.0,0.0,1.5986182400647968,0.0,0.0,0.0
blk0_spa/c_readout,215,0,512,0.0,0.0,0.7946279229654649,0.0,0.0,0.0
blk0_spa/d_path,215,0,512,8.177360211192308e-07,4.403777948756811e-15,22.49386659800315,1.2413295280566672e-08,1.5971406662484977e-09,1.3992027454980658e-08
blk0_spa/readout,215,0,512,8.177360211192308e-07,4.403777948756811e-15,30.376880002726683,1.2413295280566672e-08,1.5971406662484977e-09,1.2040405776604948e-08
blk0_spa/state,216,0,8192,0.0,0.0,1.5731843305005078,0.0,0.0,0.0
blk0_spa/c_readout,216,0,512,0.0,0.0,0.6646889310063864,0.0,0.0,0.0
blk0_spa/d_path,216,0,512,8.004841411946018e-07,4.1520707853047325e-15,20.363753488322793,1.0861633370495838e-08,1.5634455882707066e-09,1.4279186267835904e-08
blk0_spa/readout,216,0,512,8.004841411946018e-07,4.1520707853047325e-15,27.24518201510537,1.0861633370495838e-08,1.5634455882707066e-09,1.2344898332541222e-08
blk0_spa/state,217,0,8192,0.0,0.0,1.5562271913021637,0.0,0.0,0.0
blk0_spa/c_readout,217,0,512,0.0,0.0,0.7287203248336469,0.0,0.0,0.0
blk0_spa/d_path,217,0,512,8.100805963806579e-07,4.2676236233099206e-15,20.912935608191745,1.047371789297813e-08,1.5821886648059724e-09,1.4285174673075514e-08
blk0_spa/readout,217,0,512,8.100805963806579e-07,4.2676236233099206e-15,28.195580368861112,1.047371789297813e-08,1.5821886648059724e-09,1.2302759549412847e-08
blk0_spa/state,218,0,8192,0.0,0.0,1.558281779241896,0.0,0.0,0.0
blk0_spa/c_readout,218,0,512,0.0,0.0,0.7204404515135517,0.0,0.0,0.0
blk0_spa/d_path,218,0,512,8.191593465767255e-07,4.478704819556111e-15,22.250194268473688,1.4352872668155214e-08,1.599920598782667e-09,1.4187612440698762e-08
blk0_spa/readout,218,0,512,8.191593465767255e-07,4.478704819556111e-15,29.533999510171903,1.4352872668155214e-08,1.599920598782667e-09,1.2314451946800799e-08
blk0_spa/state,219,0,8192,0.0,0.0,1.566253422598582,0.0,0.0,0.0
blk0_spa/c_readout,219,0,512,0.0,0.0,0.7703445410592833,0.0,0.0,0.0
blk0_spa/d_path,219,0,512,7.688005023709366e-07,3.984710930486782e-15,21.285095399795438,1.512870362319063e-08,1.5015634811932355e-09,1.3682347302990522e-08
blk0_spa/readout,219,0,512,7.688005023709366e-07,3.984710930486782e-15,28.874338052964493,1.512870362319063e-08,1.5015634811932355e-09,1.1747417187441616e-08
blk0_spa/state,220,0,8192,0.0,0.0,1.6239540953087346,0.0,0.0,0.0
blk0_spa/c_readout,220,0,512,0.0,0.0,0.7518921475444722,0.0,0.0,0.0
blk0_spa/d_path,220,0,512,8.226767640451271e-07,4.415955858654078e-15,23.586267153386185,1.2413295280566672e-08,1.606790554775639e-09,1.3683044996306055e-08
blk0_spa/readout,220,0,512,8.226767640451271e-07,4.415955858654078e-15,31.3744810547009,1.2413295280566672e-08,1.606790554775639e-09,1.1863807361251882e-08
blk0_spa/state,221,0,8192,0.0,0.0,1.6058288478093425,0.0,0.0,0.0
blk0_spa/c_readout,221,0,512,0.0,0.0,0.7495212336647858,0.0,0.0,0.0
blk0_spa/d_path,221,0,512,8.044043795507605e-07,4.3903625296848376e-15,22.15118202029747,1.2025379803048963e-08,1.571102303810079e-09,1.4078349375715153e-08
blk0_spa/readout,221,0,512,8.044043795507605e-07,4.3903625296848376e-15,29.640262414621898,1.2025379803048963e-08,1.571102303810079e-09,1.2170520982509363e-08
blk0_spa/state,222,0,8192,0.0,0.0,1.5674160696434365,0.0,0.0,0.0
blk0_spa/c_readout,222,0,512,0.0,0.0,0.7255046945009448,0.0,0.0,0.0
blk0_spa/d_path,222,0,512,7.992756785313304e-07,4.558243556391071e-15,22.20856817598374,1.3577041713119797e-08,1.5610853096315047e-09,1.4326446538557346e-08
blk0_spa/readout,222,0,512,7.992756785313304e-07,4.558243556391071e-15,29.458862128666986,1.3577041713119797e-08,1.5610853096315047e-09,1.2439152135130773e-08
blk0_spa/state,223,0,8192,0.0,0.0,1.5729892980521258,0.0,0.0,0.0
blk0_spa/c_readout,223,0,512,0.0,0.0,0.8372356223322308,0.0,0.0,0.0
blk0_spa/d_path,223,0,512,8.307677266117253e-07,4.5978368379085676e-15,22.772066802658202,1.280121075808438e-08,1.622593216038526e-09,1.4209393888210875e-08
blk0_spa/readout,223,0,512,8.307677266117253e-07,4.5978368379085676e-15,30.879942446342813,1.280121075808438e-08,1.622593216038526e-09,1.2202211172172708e-08
blk0_spa/state,224,0,8192,0.0,0.0,1.5975568179969786,0.0,0.0,0.0
blk0_spa/c_readout,224,0,512,0.0,0.0,0.9617891532570958,0.0,0.0,0.0
blk0_spa/d_path,224,0,512,7.955368594991796e-07,4.1058580381458696e-15,21.670866864411597,1.0861633370495838e-08,1.5537829287093352e-09,1.3764607206363191e-08
blk0_spa/readout,224,0,512,7.955368594991796e-07,4.1058580381458696e-15,30.194412010914387,1.0861633370495838e-08,1.5537829287093352e-09,1.1661077354373464e-08
blk0_spa/state,225,0,8192,0.0,0.0,1.5876967749506559,0.0,0.0,0.0
blk0_spa/c_readout,225,0,512,0.0,0.0,0.7961337460247129,0.0,0.0,0.0
blk0_spa/d_path,225,0,512,8.58811072035337e-07,4.5292416133519646e-15,23.40377927773776,1.2025379803048963e-08,1.6773653750690176e-09,1.391136506502453e-08
blk0_spa/readout,225,0,512,8.58811072035337e-07,4.5292416133519646e-15,31.059625859188504,1.2025379803048963e-08,1.6773653750690176e-09,1.207576448767672e-08
blk0_spa/state,226,0,8192,0.0,0.0,1.5822611188117581,0.0,0.0,0.0
blk0_spa/c_readout,226,0,512,0.0,0.0,0.6917009463686197,0.0,0.0,0.0
blk0_spa/d_path,226,0,512,8.427632955942954e-07,4.364387338886629e-15,22.60195344476246,1.0861633370495838e-08,1.6460220617076082e-09,1.3895963208650305e-08
blk0_spa/readout,226,0,512,8.427632955942954e-07,4.364387338886629e-15,29.441493803381505,1.0861633370495838e-08,1.6460220617076082e-09,1.217535752208221e-08
blk0_spa/state,227,0,8192,0.0,0.0,1.5631730785029596,0.0,0.0,0.0
blk0_spa/c_readout,227,0,512,0.0,0.0,0.8014073756140624,0.0,0.0,0.0
blk0_spa/d_path,227,0,512,8.37694216215823e-07,4.416037543605131e-15,21.56644067154175,1.4740788145672923e-08,1.6361215160465292e-09,1.4309588368974025e-08
blk0_spa/readout,227,0,512,8.37694216215823e-07,4.416037543605131e-15,29.232883426090687,1.4740788145672923e-08,1.6361215160465292e-09,1.2290811302637164e-08
blk0_spa/state,228,0,8192,0.0,0.0,1.543892698012222,0.0,0.0,0.0
blk0_spa/c_readout,228,0,512,0.0,0.0,0.8190989790492582,0.0,0.0,0.0
blk0_spa/d_path,228,0,512,8.146348768889311e-07,4.197127741336444e-15,20.67093043845594,1.5904534578226048e-08,1.5910837439236936e-09,1.4249383694767182e-08
blk0_spa/readout,228,0,512,8.146348768889311e-07,4.197127741336444e-15,28.418282596066806,1.5904534578226048e-08,1.5910837439236936e-09,1.2152823187336496e-08
blk0_spa/state,229,0,8192,0.0,0.0,1.5430906691971646,0.0,0.0,0.0
blk0_spa/c_readout,229,0,512,0.0,0.0,0.8020617874540009,0.0,0.0,0.0
blk0_spa/d_path,229,0,512,8.268758460161507e-07,4.4747926379237534e-15,21.949496669261226,1.4352872668155214e-08,1.6149918867502944e-09,1.427822346035687e-08
blk0_spa/readout,229,0,512,8.268758460161507e-07,4.4747926379237534e-15,29.924802890572717,1.4352872668155214e-08,1.6149918867502944e-09,1.2228432995294108e-08
blk0_spa/state,230,0,8192,0.0,0.0,1.5248164347706066,0.0,0.0,0.0
blk0_spa/c_readout,230,0,512,0.0,0.0,0.8134232874951888,0.0,0.0,0.0
blk0_spa/d_path,230,0,512,8.240753643917742e-07,4.586362263248344e-15,21.923063561879466,1.3577041713119797e-08,1.609522196077684e-09,1.4463838242355905e-08
blk0_spa/readout,230,0,512,8.240753643917742e-07,4.586362263248344e-15,29.871293829577006,1.3577041713119797e-08,1.609522196077684e-09,1.239102293378845e-08
blk0_spa/state,231,0,8192,0.0,0.0,1.5120484967850536,0.0,0.0,0.0
blk0_spa/c_readout,231,0,512,0.0,0.0,0.7729670410963079,0.0,0.0,0.0
blk0_spa/d_path,231,0,512,8.272354037330842e-07,4.584559127610322e-15,21.953930783115595,1.2413295280566672e-08,1.6156941479161802e-09,1.4450825068922623e-08
blk0_spa/readout,231,0,512,8.272354037330842e-07,4.584559127610322e-15,29.670538692977008,1.2413295280566672e-08,1.6156941479161802e-09,1.2430427744542043e-08
blk0_spa/state,232,0,8192,0.0,0.0,1.532453843509935,0.0,0.0,0.0
blk0_spa/c_readout,232,0,512,0.0,0.0,0.8886430855157219,0.0,0.0,0.0
blk0_spa/d_path,232,0,512,8.182395472289272e-07,4.383626602155152e-15,22.165928167181367,1.047371789297813e-08,1.5981241156814985e-09,1.4062865274895232e-08
blk0_spa/readout,232,0,512,8.182395472289272e-07,4.383626602155152e-15,30.650273447924548,1.047371789297813e-08,1.5981241156814985e-09,1.1959130366904145e-08
blk0_spa/state,233,0,8192,0.0,0.0,1.5660284377000906,0.0,0.0,0.0
blk0_spa/c_readout,233,0,512,0.0,0.0,0.7540143979008904,0.0,0.0,0.0
blk0_spa/d_path,233,0,512,8.430512323798212e-07,4.429321595854065e-15,22.67004692127455,1.1249548848013546e-08,1.6465844382418382e-09,1.3977915072025617e-08
blk0_spa/readout,233,0,512,8.430512323798212e-07,4.429321595854065e-15,30.484582663367853,1.1249548848013546e-08,1.6465844382418382e-09,1.2053924862782956e-08
blk0_spa/state,234,0,8192,0.0,0.0,1.5342571250136152,0.0,0.0,0.0
blk0_spa/c_readout,234,0,512,0.0,0.0,0.6748441154293613,0.0,0.0,0.0
blk0_spa/d_path,234,0,512,7.899671601308e-07,4.224117037232206e-15,20.56095306505237,1.280121075808438e-08,1.5429046096304688e-09,1.4333305267352016e-08
blk0_spa/readout,234,0,512,7.899671601308e-07,4.224117037232206e-15,27.57227450915415,1.280121075808438e-08,1.5429046096304688e-09,1.2377464075072434e-08
blk0_spa/state,235,0,8192,0.0,0.0,1.5213449067281546,0.0,0.0,0.0
blk0_spa/c_readout,235,0,512,0.0,0.0,0.6741657973725101,0.0,0.0,0.0
blk0_spa/d_path,235,0,512,7.715046379530577e-07,4.1924918267334596e-15,20.788349622185287,1.4352872668155214e-08,1.5068449960020658e-09,1.4201234740252324e-08
blk0_spa/readout,235,0,512,7.715046379530577e-07,4.1924918267334596e-15,27.88168274748871,1.4352872668155214e-08,1.5068449960020658e-09,1.2262432271627637e-08
blk0_spa/state,236,0,8192,0.0,0.0,1.5339891478691676,0.0,0.0,0.0
blk0_spa/c_readout,236,0,512,0.0,0.0,0.8361312136245981,0.0,0.0,0.0
blk0_spa/d_path,236,0,512,8.008847824925169e-07,4.242439811198747e-15,21.314948510801315,1.2025379803048963e-08,1.5642280908056971e-09,1.410800811613048e-08
blk0_spa/readout,236,0,512,8.008847824925169e-07,4.242439811198747e-15,29.40350852134109,1.2025379803048963e-08,1.5642280908056971e-09,1.2011804836456622e-08
blk0_spa/state,237,0,8192,0.0,0.0,1.542935752315435,0.0,0.0,0.0
blk0_spa/c_readout,237,0,512,0.0,0.0,0.7530067975402334,0.0,0.0,0.0
blk0_spa/d_path,237,0,512,7.895628861831483e-07,4.08237488637295e-15,20.776233076621182,1.280121075808438e-08,1.5421150120764615e-09,1.4017579810044835e-08
blk0_spa/readout,237,0,512,7.895628861831483e-07,4.08237488637295e-15,28.31618945574745,1.280121075808438e-08,1.5421150120764615e-09,1.2007125145383064e-08
blk0_spa/state,238,0,8192,0.0,0.0,1.5550667588256966,0.0,0.0,0.0
blk0_spa/c_readout,238,0,512,0.0,0.0,0.7339493588602118,0.0,0.0,0.0
blk0_spa/d_path,238,0,512,8.093756598270829e-07,4.141709311693279e-15,20.58953449247749,1.3189126235602089e-08,1.5808118355997713e-09,1.418294906786098e-08
blk0_spa/readout,238,0,512,8.093756598270829e-07,4.141709311693279e-15,28.096346888299312,1.3189126235602089e-08,1.5808118355997713e-09,1.2141291301248538e-08
blk0_spa/state,239,0,8192,0.0,0.0,1.5547947881696453,0.0,0.0,0.0
blk0_spa/c_readout,239,0,512,0.0,0.0,0.7971590092196502,0.0,0.0,0.0
blk0_spa/d_path,239,0,512,7.842469536001317e-07,4.064758747232689e-15,20.266064611685696,1.2025379803048963e-08,1.5317323312502573e-09,1.416226366904648e-08
blk0_spa/readout,239,0,512,7.842469536001317e-07,4.064758747232689e-15,27.983707764890376,1.2025379803048963e-08,1.5317323312502573e-09,1.2052156397554324e-08
blk0_spa/state,240,0,8192,0.0,0.0,1.5513296487601478,0.0,0.0,0.0
blk0_spa/c_readout,240,0,512,0.0,0.0,0.914599176931382,0.0,0.0,0.0
blk0_spa/d_path,240,0,512,7.77750916114428e-07,3.7690732670070654e-15,19.790957014490758,1.0085802415460421e-08,1.5190447580359923e-09,1.3800152706081282e-08
blk0_spa/readout,240,0,512,7.77750916114428e-07,3.7690732670070654e-15,27.854096057934886,1.0085802415460421e-08,1.5190447580359923e-09,1.1632491809169857e-08
blk0_spa/state,241,0,8192,0.0,0.0,1.565716209086575,0.0,0.0,0.0
blk0_spa/c_readout,241,0,512,0.0,0.0,0.7778679878407376,0.0,0.0,0.0
blk0_spa/d_path,241,0,512,8.548886540893363e-07,4.401887815128187e-15,23.120646479806,1.2025379803048963e-08,1.669704402518235e-09,1.379810668098475e-08
blk0_spa/readout,241,0,512,8.548886540893363e-07,4.401887815128187e-15,30.78193767831175,1.2025379803048963e-08,1.669704402518235e-09,1.1958356813660802e-08
blk0_spa/state,242,0,8192,0.0,0.0,1.5723833463671935,0.0,0.0,0.0
blk0_spa/c_readout,242,0,512,0.0,0.0,0.6786992536936844,0.0,0.0,0.0
blk0_spa/d_path,242,0,512,8.478763646735388e-07,4.4527627186669865e-15,23.33149226337023,1.1249548848013546e-08,1.6560085247530054e-09,1.3814765521075754e-08
blk0_spa/readout,242,0,512,8.478763646735388e-07,4.4527627186669865e-15,30.1335086017279,1.1249548848013546e-08,1.6560085247530054e-09,1.2155978562462145e-08
blk0_spa/state,243,0,8192,0.0,0.0,1.5386808341211138,0.0,0.0,0.0
blk0_spa/c_readout,243,0,512,0.0,0.0,0.8087715977842005,0.0,0.0,0.0
blk0_spa/d_path,243,0,512,7.966467965303536e-07,4.188332090165779e-15,20.550297356543215,1.512870362319063e-08,1.555950774473347e-09,1.4276163050657646e-08
blk0_spa/readout,243,0,512,7.966467965303536e-07,4.188332090165779e-15,28.180129532764077,1.512870362319063e-08,1.555950774473347e-09,1.2191273156107751e-08
blk0_spa/state,244,0,8192,0.0,0.0,1.5339270946849153,0.0,0.0,0.0
blk0_spa/c_readout,244,0,512,0.0,0.0,0.8165080779607446,0.0,0.0,0.0
blk0_spa/d_path,244,0,512,8.353659968207694e-07,4.42944236969451e-15,21.94569843708104,1.5904534578226048e-08,1.6315742125405652e-09,1.4206916378414152e-08
blk0_spa/readout,244,0,512,8.353659968207694e-07,4.42944236969451e-15,29.940735421679282,1.5904534578226048e-08,1.6315742125405652e-09,1.2163072516362317e-08
blk0_spa/state,245,0,8192,0.0,0.0,1.5218376915440341,0.0,0.0,0.0
blk0_spa/c_readout,245,0,512,0.0,0.0,0.8244241979715791,0.0,0.0,0.0
blk0_spa/d_path,245,0,512,8.31660621258834e-07,4.461047696915243e-15,21.810594181950474,1.512870362319063e-08,1.6243371508961602e-09,1.4301601897920868e-08
blk0_spa/readout,245,0,512,8.31660621258834e-07,4.461047696915243e-15,29.9174434170789,1.512870362319063e-08,1.6243371508961602e-09,1.2211139543113108e-08
blk0_spa/state,246,0,8192,0.0,0.0,1.4943473793065227,0.0,0.0,0.0
blk0_spa/c_readout,246,0,512,0.0,0.0,0.7295765752838266,0.0,0.0,0.0
blk0_spa/d_path,246,0,512,8.133009838928729e-07,4.4879384338468885e-15,21.21337532598567,1.2413295280566672e-08,1.5884784841657673e-09,1.4545161820756192e-08
blk0_spa/readout,246,0,512,8.133009838928729e-07,4.4879384338468885e-15,28.688236079995534,1.2413295280566672e-08,1.5884784841657673e-09,1.2507529107149639e-08
blk0_spa/state,247,0,8192,0.0,0.0,1.4862165746488822,0.0,0.0,0.0
blk0_spa/c_readout,247,0,512,0.0,0.0,0.7496880715996399,0.0,0.0,0.0
blk0_spa/d_path,247,0,512,8.016762453877391e-07,4.406169440190048e-15,21.401036370909747,1.2025379803048963e-08,1.5657739167729279e-09,1.4348721109671126e-08
blk0_spa/readout,247,0,512,8.016762453877391e-07,4.406169440190048e-15,28.976530781897054,1.2025379803048963e-08,1.5657739167729279e-09,1.2331258525714492e-08
blk0_spa/state,248,0,8192,0.0,0.0,1.51787874818018,0.0,0.0,0.0
blk0_spa/c_readout,248,0,512,0.0,0.0,0.8519400405241868,0.0,0.0,0.0
blk0_spa/d_path,248,0,512,8.192153355679466e-07,4.420965578283443e-15,23.19492716705881,1.3964957190637506e-08,1.6000299522811456e-09,1.380581533980734e-08
blk0_spa/readout,248,0,512,8.192153355679466e-07,4.420965578283443e-15,31.534942017548424,1.3964957190637506e-08,1.6000299522811456e-09,1.184029569279116e-08
blk0_spa/state,249,0,8192,0.0,0.0,1.5776252008940896,0.0,0.0,0.0
blk0_spa/c_readout,249,0,512,0.0,0.0,0.6679107793071537,0.0,0.0,0.0
blk0_spa/d_path,249,0,512,8.405357814211811e-07,4.497041665853798e-15,23.49940580168085,1.3577041713119797e-08,1.6416714480882444e-09,1.3833593672549526e-08
blk0_spa/readout,249,0,512,8.405357814211811e-07,4.497041665853798e-15,30.860751732778972,1.3577041713119797e-08,1.6416714480882444e-09,1.2071471275838647e-08
blk0_spa/state,250,0,8192,0.0,0.0,1.5443936187308056,0.0,0.0,0.0
blk0_spa/c_readout,250,0,512,0.0,0.0,0.6604334748724201,0.0,0.0,0.0
blk0_spa/d_path,250,0,512,7.720932373445066e-07,4.125590234623663e-15,20.596907570733006,1.2025379803048963e-08,1.5079946041884895e-09,1.4152789104956678e-08
blk0_spa/readout,250,0,512,7.720932373445066e-07,4.125590234623663e-15,27.557406388237847,1.2025379803048963e-08,1.5079946041884895e-09,1.2235560669711023e-08
blk0_spa/state,251,0,8192,0.0,0.0,1.5147032633298327,0.0,0.0,0.0
blk0_spa/c_readout,251,0,512,0.0,0.0,0.73425209819426,0.0,0.0,0.0
blk0_spa/d_path,251,0,512,8.226676708744662e-07,4.562485774415536e-15,21.73626188925752,1.2025379803048963e-08,1.6067727946766919e-09,1.4487996509080805e-08
blk0_spa/readout,251,0,512,8.226676708744662e-07,4.562485774415536e-15,29.2740664610402,1.2025379803048963e-08,1.6067727946766919e-09,1.2484157366579625e-08
blk0_spa/state,252,0,8192,0.0,0.0,1.5324217335063346,0.0,0.0,0.0
blk0_spa/c_readout,252,0,512,0.0,0.0,0.7567015636460979,0.0,0.0,0.0
blk0_spa/d_path,252,0,512,8.19518904293659e-07,4.3452132708971025e-15,21.73710411705058,1.0861633370495838e-08,1.6006228599485528e-09,1.4138544589816234e-08
blk0_spa/readout,252,0,512,8.19518904293659e-07,4.3452132708971025e-15,29.520219040775668,1.0861633370495838e-08,1.6006228599485528e-09,1.2132373193752004e-08
blk0_spa/state,253,0,8192,0.0,0.0,1.537639675110498,0.0,0.0,0.0
blk0_spa/c_readout,253,0,512,0.0,0.0,0.8073552401168356,0.0,0.0,0.0
blk0_spa/d_path,253,0,512,7.821208711789041e-07,3.9781080154376914e-15,20.17858460395816,1.047371789297813e-08,1.527579826521297e-09,1.4040834991641353e-08
blk0_spa/readout,253,0,512,7.821208711789041e-07,3.9781080154376914e-15,28.025667544971743,1.047371789297813e-08,1.527579826521297e-09,1.19140742574261e-08
blk0_spa/state,254,0,8192,0.0,0.0,1.5592370070860984,0.0,0.0,0.0
blk0_spa/c_readout,254,0,512,0.0,0.0,0.7516787145554323,0.0,0.0,0.0
blk0_spa/d_path,254,0,512,7.941447979220584e-07,3.941132439386627e-15,20.164697805996227,1.0861633370495838e-08,1.5510640584415203e-09,1.3980240922207254e-08
blk0_spa/readout,254,0,512,7.941447979220584e-07,3.941132439386627e-15,27.70297343333201,1.0861633370495838e-08,1.5510640584415203e-09,1.1927442233744784e-08
blk0_spa/state,255,0,8192,0.0,0.0,1.5709665881487385,0.0,0.0,0.0
blk0_spa/c_readout,255,0,512,0.0,0.0,0.774642373571737,0.0,0.0,0.0
blk0_spa/d_path,255,0,512,8.184118733822743e-07,4.1326850374226335e-15,20.76172752636578,1.1249548848013546e-08,1.5984606901997545e-09,1.4108615905773324e-08
blk0_spa/readout,255,0,512,8.184118733822743e-07,4.1326850374226335e-15,28.462448137339315,1.1249548848013546e-08,1.5984606901997545e-09,1.2049805247769293e-08
blk0_spe/state,0,0,524288,0.0,0.0,0.6030932469737429,0.0,0.0,0.0
blk0_spe/c_readout,0,0,32768,0.0,0.0,0.044997184102884565,0.0,0.0,0.0
blk0_spe/d_path,0,0,32768,2.2418079759223275e-05,6.260860801531132e-14,1547.6535849571608,7.341246055503348e-09,6.841455004645775e-10,6.360337261880816e-09
blk0_spe/readout,0,0,32768,2.2418079759556342e-05,6.260860801775645e-14,1559.7862639356758,7.341246055503348e-09,6.841455004747419e-10,6.335552270728861e-09
blk0_spe/state,1,0,524288,0.0,0.0,1.5872370825921092,0.0,0.0,0.0
blk0_spe/c_readout,1,0,32768,0.0,0.0,0.26824353091281183,0.0,0.0,0.0
blk0_spe/d_path,1,0,32768,2.5347707734546532e-05,7.125516184530972e-14,1748.0787242175445,1.1977822511610725e-08,7.735506510786905e-10,6.3845114753643375e-09
blk0_spe/readout,1,0,32768,2.5347707734768576e-05,7.125516184675756e-14,1754.1954068663158,1.1977822511610725e-08,7.735506510854668e-10,6.37337071756288e-09
blk0_spe/state,2,0,524288,0.0,0.0,3.2847260705798944,0.0,0.0,0.0
blk0_spe/c_readout,2,0,32768,0.0,0.0,0.19742955211579435,0.0,0.0,0.0
blk0_spe/d_path,2,0,32768,2.63896487883164e-05,8.164522511352268e-14,2111.1059359789488,1.6034826799682378e-08,8.053481685887573e-10,6.218854300119521e-09
blk0_spe/readout,2,0,32768,2.63896487883164e-05,8.164522511405334e-14,2129.9320955906132,1.6034826799682378e-08,8.053481685887573e-10,6.191309525227246e-09
blk0_spe/state,3,0,524288,0.0,0.0,3.625505556770203,0.0,0.0,0.0
blk0_spe/c_readout,3,0,32768,0.0,0.0,0.2542822588104984,0.0,0.0,0.0
blk0_spe/d_path,3,0,32768,2.3217005406306335e-05,7.452272317536897e-14,1757.6540327151245,1.4489301314313252e-08,7.085267763155009e-10,6.511449259823656e-09
blk0_spe/readout,3,0,32768,2.3217005406750424e-05,7.452272317905812e-14,1767.0732566288534,1.4489301314313252e-08,7.085267763290535e-10,6.4940717264995794e-09
blk1_spa/state,0,0,8192,0.0,0.0,0.05493648934343027,0.0,0.0,0.0
blk1_spa/c_readout,0,0,512,0.0,0.0,0.012480318353769733,0.0,0.0,0.0
blk1_spa/d_path,0,0,512,1.4469012006301796e-06,2.2883579635192308e-14,46.3211054722172,3.921131996875715e-08,2.8259789074808195e-09,2.2226573853345378e-08
blk1_spa/readout,0,0,512,1.4469012006301796e-06,2.2883579635192308e-14,47.39706369395651,3.921131996875715e-08,2.8259789074808195e-09,2.1972843471670936e-08
blk1_spa/state,1,0,8192,0.0,0.0,0.46641286649603747,0.0,0.0,0.0
blk1_spa/c_readout,1,0,512,0.0,0.0,0.150157314106065,0.0,0.0,0.0
blk1_spa/d_path,1,0,512,2.0483431830697896e-06,4.63640589659386e-14,78.23589867439318,6.416397813069352e-08,4.000670279433183e-09,2.4343761637817142e-08
blk1_spa/readout,1,0,512,2.0483431830697896e-06,4.63640589659386e-14,77.74223826994137,6.416397813069352e-08,4.000670279433183e-09,2.4420930330545798e-08
blk1_spa/state,2,0,8192,0.0,0.0,1.0255488424780956,0.0,0.0,0.0
blk1_spa/c_readout,2,0,512,0.0,0.0,0.17061523996600272,0.0,0.0,0.0
blk1_spa/d_path,2,0,512,2.1529154257127203e-06,5.91310301419791e-14,95.00017619914242,7.30756415379119e-08,4.204912940845157e-09,2.4948561918310025e-08
blk1_spa/readout,2,0,512,2.1529154257127203e-06,5.91310301419791e-14,93.49309080367487,7.30756415379119e-08,4.204912940845157e-09,2.514884034517268e-08
blk1_spa/state,3,0,8192,0.0,0.0,1.472118384295214,0.0,0.0,0.0
blk1_spa/c_readout,3,0,512,0.0,0.0,0.12002374001057163,0.0,0.0,0.0
blk1_spa/d_path,3,0,512,2.4267736833394338e-06,8.61939224802562e-14,112.6926747733774,9.446363424814308e-08,4.739792350272332e-09,2.7656070836774275e-08
blk1_spa/readout,3,0,512,2.4267736833394338e-06,8.61939224802562e-14,114.02323719041972,9.446363424814308e-08,4.739792350272332e-09,2.7494234917598478e-08
blk1_spa/state,4,0,8192,0.0,0.0,2.1576323835292333,0.0,0.0,0.0
blk1_spa/c_readout,4,0,512,0.0,0.0,0.4207923475316556,0.0,0.0,0.0
blk1_spa/d_path,4,0,512,2.489703013752731e-06,9.178437487459351e-14,118.0361329109121,1.0693996355115587e-07,4.862701198735803e-09,2.7885400785601098e-08
blk1_spa/readout,4,0,512,2.4897030139747756e-06,9.178437489279835e-14,117.03146326050678,1.0693996355115587e-07,4.8627011991694835e-09,2.800483767307113e-08
blk1_spa/state,5,0,8192,0.0,0.0,2.9951897908513407,0.0,0.0,0.0
blk1_spa/c_readout,5,0,512,0.0,0.0,1.1646868867384736,0.0,0.0,0.0
blk1_spa/d_path,5,0,512,2.4489596386345625e-06,9.052505146857066e-14,126.33255270472563,1.0872229605496386e-07,4.78312429420813e-09,2.6768667567769774e-08
blk1_spa/readout,5,0,512,2.4489596390786517e-06,9.052505148851478e-14,125.39704363343117,1.0872229605496386e-07,4.7831242950754915e-09,2.686833418856295e-08
blk1_spa/state,6,0,8192,0.0,0.0,3.753684529811672,0.0,0.0,0.0
blk1_spa/c_readout,6,0,512,0.0,0.0,0.6390932558950626,0.0,0.0,0.0
blk1_spa/d_path,6,0,512,2.4650194856423724e-06,9.437007078227866e-14,125.5720824979857,1.0693996355115587e-07,4.8144911828952586e-09,2.741388534426603e-08
blk1_spa/readout,6,0,512,2.465019485864417e-06,9.437007080681561e-14,128.43274038386056,1.0693996355115587e-07,4.8144911833289394e-09,2.710686331237248e-08
blk1_spa/state,7,0,8192,0.0,0.0,4.337754063387034,0.0,0.0,0.0
blk1_spa/c_readout,7,0,512,0.0,0.0,0.8882191609612211,0.0,0.0,0.0
blk1_spa/d_path,7,0,512,2.5982577553929076e-06,9.692471415815764e-14,126.52285942728429,1.0693996355115587e-07,5.074722178501773e-09,2.7677876377137514e-08
blk1_spa/readout,7,0,512,2.598257755614952e-06,9.692471417003036e-14,129.40866094810883,1.0693996355115587e-07,5.0747221789354535e-09,2.7367529367272503e-08
blk1_spa/state,8,0,8192,0.0,0.0,4.934253067646865,0.0,0.0,0.0
blk1_spa/c_readout,8,0,512,0.0,0.0,0.45018095508649,0.0,0.0,0.0
blk1_spa/d_path,8,0,512,2.625809560008463e-06,9.458086756579312e-14,126.49976249856826,9.446363424814308e-08,5.128534296891529e-09,2.7343669215483627e-08
blk1_spa/readout,8,0,512,2.625809560008463e-06,9.458086756579312e-14,127.1801208906014,9.446363424814308e-08,5.128534296891529e-09,2.7270432763059567e-08
blk1_spa/state,9,0,8192,0.0,0.0,5.5786287022276415,0.0,0.0,0.0
blk1_spa/c_readout,9,0,512,0.0,0.0,1.150965926780359,0.0,0.0,0.0
blk1_spa/d_path,9,0,512,2.4982607151891045e-06,8.956156847774755e-14,125.7693301043684,1.0337529809945067e-07,4.87941545935372e-09,2.6685384913189798e-08
blk1_spa/readout,9,0,512,2.49826071496706e-06,8.956156843579727e-14,122.68227978468835,1.0337529809945067e-07,4.879415458920039e-09,2.701904075194033e-08
blk1_spa/state,10,0,8192,0.0,0.0,5.964743725385031,0.0,0.0,0.0
blk1_spa/c_readout,10,0,512,0.0,0.0,0.4942320488511346,0.0,0.0,0.0
blk1_spa/d_path,10,0,512,2.529665168005124e-06,8.663389641479555e-14,119.15260246298014,9.624596719604028e-08,4.940752281260008e-09,2.6964486709181692e-08
blk1_spa/readout,10,0,512,2.529665168005124e-06,8.663389641479555e-14,126.31030450061941,9.624596719604028e-08,4.940752281260008e-09,2.618933872356862e-08
blk1_spa/state,11,0,8192,0.0,0.0,6.290794735273762,0.0,0.0,0.0
blk1_spa/c_readout,11,0,512,0.0,0.0,0.8547974395329792,0.0,0.0,0.0
blk1_spa/d_path,11,0,512,2.546036559136766e-06,8.935074435208213e-14,119.52042113525866,1.0159296515155347e-07,4.9727276545639965e-09,2.7341858414542218e-08
blk1_spa/readout,11,0,512,2.546036558692677e-06,8.935074427926277e-14,124.55312920772849,1.0159296515155347e-07,4.972727653696635e-09,2.6783773627513414e-08
blk1_spa/state,12,0,8192,0.0,0.0,6.900992946341884,0.0,0.0,0.0
blk1_spa/c_readout,12,0,512,0.0,0.0,2.224777730033321,0.0,0.0,0.0
blk1_spa/d_path,12,0,512,2.495555281534223e-06,8.88010078022748e-14,122.48747911552219,1.1228696195075827e-07,4.874131409246529e-09,2.692545797790649e-08
blk1_spa/readout,12,0,512,2.495555281534223e-06,8.88010078022748e-14,123.59596082220814,1.1228696195075827e-07,4.874131409246529e-09,2.680444431698677e-08
blk1_spa/state,13,0,8192,0.0,0.0,7.390316429492176,0.0,0.0,0.0
blk1_spa/c_readout,13,0,512,0.0,0.0,2.2458713990318553,0.0,0.0,0.0
blk1_spa/d_path,13,0,512,2.4040023391957988e-06,8.564789655002858e-14,116.40339488784625,1.0872229605496386e-07,4.6953170687417944e-09,2.7125361042738843e-08
blk1_spa/readout,13,0,512,2.4040023394178434e-06,8.564789657931463e-14,122.21201696738873,1.0872229605496386e-07,4.695317069175475e-09,2.6472892431969247e-08
blk1_spa/state,14,0,8192,0.0,0.0,7.6489385145125866,0.0,0.0,0.0
blk1_spa/c_readout,14,0,512,0.0,0.0,2.467633779100703,0.0,0.0,0.0
blk1_spa/d_path,14,0,512,2.439202883897096e-06,8.79781162598573e-14,118.56704161864297,1.0515763104734788e-07,4.764068132611515e-09,2.7239889248553102e-08
blk1_spa/readout,14,0,512,2.439202884341185e-06,8.797811629468394e-14,131.39064555314584,1.0515763104734788e-07,4.764068133478877e-09,2.5876474502922505e-08
blk1_spa/state,15,0,8192,0.0,0.0,7.821933395883914,0.0,0.0,0.0
blk1_spa/c_readout,15,0,512,0.0,0.0,1.367103484997216,0.0,0.0,0.0
blk1_spa/d_path,15,0,512,2.5172453936850303e-06,8.676882111010897e-14,116.0796013978846,9.802830014393749e-08,4.916494909541075e-09,2.7340338949942815e-08
blk1_spa/readout,15,0,512,2.5172453934629857e-06,8.676882108240596e-14,124.9159456851877,9.802830014393749e-08,4.916494909107394e-09,2.635560004148361e-08
blk1_spa/state,16,0,8192,0.0,0.0,8.097788872010467,0.0,0.0,0.0
blk1_spa/c_readout,16,0,512,0.0,0.0,1.0363165210049075,0.0,0.0,0.0
blk1_spa/d_path,16,0,512,2.580722409550873e-06,8.46473159044587e-14,115.85958254450465,8.55519708409247e-08,5.040473456154049e-09,2.702966206987782e-08
blk1_spa/readout,16,0,512,2.580722409550873e-06,8.46473159044587e-14,124.77383300597454,8.55519708409247e-08,5.040473456154049e-09,2.604622797232715e-08
blk1_spa/state,17,0,8192,0.0,0.0,8.457355735374684,0.0,0.0,0.0
blk1_spa/c_readout,17,0,512,0.0,0.0,1.035286464029014,0.0,0.0,0.0
blk1_spa/d_path,17,0,512,2.4549747477120576e-06,8.784590834924558e-14,118.66214103030072,9.446363424814308e-08,4.7948725541251125e-09,2.7208504952896925e-08
blk1_spa/readout,17,0,512,2.4549747477120576e-06,8.784590834924558e-14,125.35739441185237,9.446363424814308e-08,4.7948725541251125e-09,2.6471941270395126e-08
blk1_spa/state,18,0,8192,0.0,0.0,8.95429876284493,0.0,0.0,0.0
blk1_spa/c_readout,18,0,512,0.0,0.0,2.1070379047632466,0.0,0.0,0.0
blk1_spa/d_path,18,0,512,2.5314569260803665e-06,8.901984839514983e-14,120.41904001737768,1.0159296515155347e-07,4.944251808750716e-09,2.718916340628769e-08
blk1_spa/readout,18,0,512,2.531456925858322e-06,8.901984837694499e-14,128.93623171470696,1.0159296515155347e-07,4.944251808317035e-09,2.627579944804477e-08
blk1_spa/state,19,0,8192,0.0,0.0,9.560040831264583,0.0,0.0,0.0
blk1_spa/c_readout,19,0,512,0.0,0.0,3.5178926278033593,0.0,0.0,0.0
blk1_spa/d_path,19,0,512,2.5953517741594823e-06,9.439690654583226e-14,131.05932877641868,1.0872229605496386e-07,5.069046433905239e-09,2.6837676369187768e-08
blk1_spa/readout,19,0,512,2.5953517741594823e-06,9.439690654583226e-14,138.9217935908904,1.0872229605496386e-07,5.069046433905239e-09,2.6067158359458547e-08
blk1_spa/state,20,0,8192,0.0,0.0,10.05199070367973,0.0,0.0,0.0
blk1_spa/c_readout,20,0,512,0.0,0.0,2.338119222068598,0.0,0.0,0.0
blk1_spa/d_path,20,0,512,2.5469785132070655e-06,9.564893358328997e-14,126.22205481152676,1.1585162695837425e-07,4.97456740860755e-09,2.7527859511673808e-08
blk1_spa/readout,20,0,512,2.5469785132070655e-06,9.564893358328997e-14,132.33936510484634,1.1585162695837425e-07,4.97456740860755e-09,2.6884102513158428e-08
blk1_spa/state,21,0,8192,0.0,0.0,10.165813046686795,0.0,0.0,0.0
blk1_spa/c_readout,21,0,512,0.0,0.0,2.674793832897755,0.0,0.0,0.0
blk1_spa/d_path,21,0,512,2.439481438409885e-06,8.394437441977392e-14,114.59216891969332,1.0159296515155347e-07,4.764612184394307e-09,2.7065641729178805e-08
blk1_spa/readout,21,0,512,2.439481438409885e-06,8.394437441977392e-14,130.8962833680981,1.0159296515155347e-07,4.764612184394307e-09,2.532399043022643e-08
blk1_spa/state,22,0,8192,0.0,0.0,10.15959953415958,0.0,0.0,0.0
blk1_spa/c_readout,22,0,512,0.0,0.0,3.487513956449276,0.0,0.0,0.0
blk1_spa/d_path,22,0,512,2.4585582649727655e-06,8.295057570832682e-14,111.74146415097832,9.268130174433509e-08,4.801871611274933e-09,2.724598564398788e-08
blk1_spa/readout,22,0,512,2.4585582649727655e-06,8.295057570832682e-14,134.3352433168161,9.268130174433509e-08,4.801871611274933e-09,2.484933203499233e-08
blk1_spa/state,23,0,8192,0.0,0.0,10.091775033665112,0.0,0.0,0.0
blk1_spa/c_readout,23,0,512,0.0,0.0,2.4023267479850468,0.0,0.0,0.0
blk1_spa/d_path,23,0,512,2.4062496342125428e-06,8.182189826062929e-14,109.33741210998163,9.268130174433509e-08,4.699706316821373e-09,2.735586048866875e-08
blk1_spa/readout,23,0,512,2.4062496342125428e-06,8.182189826062929e-14,127.68674332695647,9.268130174433509e-08,4.699706316821373e-09,2.5314063795626006e-08
blk1_spa/state,24,0,8192,0.0,0.0,10.424838707587334,0.0,0.0,0.0
blk1_spa/c_readout,24,0,512,0.0,0.0,2.5339167464537735,0.0,0.0,0.0
blk1_spa/d_path,24,0,512,2.46650441093621e-06,8.47883364712297e-14,117.42443938104198,9.268130174433509e-08,4.817391427609785e-09,2.6871308168552425e-08
blk1_spa/readout,24,0,512,2.4665044111582546e-06,8.478833649893272e-14,133.77414356661862,9.268130174433509e-08,4.817391428043466e-09,2.517572393882692e-08
blk1_spa/state,25,0,8192,0.0,0.0,10.918019151170503,0.0,0.0,0.0
blk1_spa/c_readout,25,0,512,0.0,0.0,2.856657443781856,0.0,0.0,0.0
blk1_spa/d_path,25,0,512,2.455392581923732e-06,8.51532608692508e-14,121.28512803265474,9.802830014393749e-08,4.795688636569789e-09,2.6497009794357654e-08
blk1_spa/readout,25,0,512,2.4553925817016875e-06,8.515326083996474e-14,135.51952507748487,9.802830014393749e-08,4.795688636136108e-09,2.5066846765972463e-08
blk1_spa/state,26,0,8192,0.0,0.0,11.652230848510435,0.0,0.0,0.0
blk1_spa/c_readout,26,0,512,0.0,0.0,3.1448427567884014,0.0,0.0,0.0
blk1_spa/d_path,26,0,512,2.628120727043992e-06,9.746261483778603e-14,131.28260066878084,1.0337529809945067e-07,5.133048295007797e-09,2.7246796228701066e-08
blk1_spa/readout,26,0,512,2.6281207272660367e-06,9.746261486707208e-14,148.0866148260724,1.0337529809945067e-07,5.133048295441478e-09,2.565435657443969e-08
blk1_spa/state,27,0,8192,0.0,0.0,12.257051432816235,0.0,0.0,0.0
blk1_spa/c_readout,27,0,512,0.0,0.0,3.6562001309156296,0.0,0.0,0.0
blk1_spa/d_path,27,0,512,2.6769306731289078e-06,1.0013585609984459e-13,135.3221020328392,1.0693996355115587e-07,5.228380220954898e-09,2.7202601529290127e-08
blk1_spa/readout,27,0,512,2.676930672906863e-06,1.0013585608322277e-13,147.74286565939263,1.0693996355115587e-07,5.228380220521217e-09,2.603403883174468e-08
blk1_spa/state,28,0,8192,0.0,0.0,12.588385412836656,0.0,0.0,0.0
blk1_spa/c_readout,28,0,512,0.0,0.0,4.321726784381125,0.0,0.0,0.0
blk1_spa/d_path,28,0,512,2.5431991639290885e-06,8.827528394129704e-14,123.63203352241673,1.0872229605496386e-07,4.967185867049001e-09,2.6721082952422945e-08
blk1_spa/readout,28,0,512,2.5431991643731777e-06,8.82752840141164e-14,143.4505719875835,1.0872229605496386e-07,4.967185867916363e-09,2.4806667161368265e-08
blk1_spa/state,29,0,8192,0.0,0.0,12.730936392115058,0.0,0.0,0.0
blk1_spa/c_readout,29,0,512,0.0,0.0,3.5371524057977557,0.0,0.0,0.0
blk1_spa/d_path,29,0,512,2.5502551970202347e-06,8.672982046479464e-14,117.92856364300452,1.0159296515155347e-07,4.980967181680146e-09,2.711906545004252e-08
blk1_spa/readout,29,0,512,2.550255197464324e-06,8.6729820537614e-14,140.9974777635077,1.0159296515155347e-07,4.980967182547508e-09,2.480153449924381e-08
blk1_spa/state,30,0,8192,0.0,0.0,12.332020982095914,0.0,0.0,0.0
blk1_spa/c_readout,30,0,512,0.0,0.0,4.0900173225674905,0.0,0.0,0.0
blk1_spa/d_path,30,0,512,2.367437295758279e-06,7.856066566888879e-14,104.79248512862596,9.446363424814308e-08,4.623900968277889e-09,2.738025619758167e-08
blk1_spa/readout,30,0,512,2.3674372955362344e-06,7.856066564435183e-14,128.9812949266173,9.446363424814308e-08,4.623900967844208e-09,2.4679662191214966e-08
blk1_spa/state,31,0,8192,0.0,0.0,12.121509646765107,0.0,0.0,0.0
blk1_spa/c_readout,31,0,512,0.0,0.0,5.186792967587667,0.0,0.0,0.0
blk1_spa/d_path,31,0,512,2.344108840590664e-06,7.575172538379738e-14,104.70443437064485,9.08989692405271e-08,4.578337579278641e-09,2.6897612154663345e-08
blk1_spa/readout,31,0,512,2.344108840590664e-06,7.575172539646162e-14,134.4090475887122,9.08989692405271e-08,4.578337579278641e-09,2.374007095977972e-08
blk1_spa/state,32,0,8192,0.0,0.0,12.333934160473168,0.0,0.0,0.0
blk1_spa/c_readout,32,0,512,0.0,0.0,4.075726610450231,0.0,0.0,0.0
blk1_spa/d_path,32,0,512,2.423972689236109e-06,8.369450678328563e-14,113.5255809032009,9.268130174433509e-08,4.7343216586642756e-09,2.7151986608325417e-08
blk1_spa/readout,32,0,512,2.4239726896801983e-06,8.36945068355256e-14,138.60463377745128,9.268130174433509e-08,4.734321659531637e-09,2.4573080449441128e-08
blk1_spa/state,33,0,8192,0.0,0.0,12.888012040449068,0.0,0.0,0.0
blk1_spa/c_readout,33,0,512,0.0,0.0,3.700768875367672,0.0,0.0,0.0
blk1_spa/d_path,33,0,512,2.4979384416479178e-06,9.017866824984665e-14,124.97567838309465,1.0337529809945067e-07,4.8787860188435894e-09,2.6862050255738754e-08
blk1_spa/readout,33,0,512,2.497938441425873e-06,9.01786682253097e-14,145.86218744796142,1.0337529809945067e-07,4.8787860184099086e-09,2.4864546780171143e-08
blk1_spa/state,34,0,8192,0.0,0.0,13.620412410456105,0.0,0.0,0.0
blk1_spa/c_readout,34,0,512,0.0,0.0,5.337773450576426,0.0,0.0,0.0
blk1_spa/d_path,34,0,512,2.6351450721495695e-06,9.689869726479714e-14,134.18481321997973,1.1050462900286107e-07,5.146767719042128e-09,2.6872451402209736e-08
blk1_spa/readout,34,0,512,2.6351450721495695e-06,9.689869726479714e-14,157.08599081187555,1.1050462900286107e-07,5.146767719042128e-09,2.4836491249478502e-08
blk1_spa/state,35,0,8192,0.0,0.0,14.061242230762868,0.0,0.0,0.0
blk1_spa/c_readout,35,0,512,0.0,0.0,3.766256233833123,0.0,0.0,0.0
blk1_spa/d_path,35,0,512,2.5761639477206444e-06,9.246239633778619e-14,124.34901977430198,1.1050462900286107e-07,5.0315702103918836e-09,2.7268508830332564e-08
blk1_spa/readout,35,0,512,2.5761639477206444e-06,9.246239633778619e-14,144.48201181868,1.1050462900286107e-07,5.0315702103918836e-09,2.5297388025989597e-08
blk1_spa/state,36,0,8192,0.0,0.0,14.146936648354618,0.0,0.0,0.0
blk1_spa/c_readout,36,0,512,0.0,0.0,3.403219163471103,0.0,0.0,0.0
blk1_spa/d_path,36,0,512,2.5424766070258897e-06,8.932096460635917e-14,119.70205340319873,1.0159296515155347e-07,4.965774623097441e-09,2.7316553375124057e-08
blk1_spa/readout,36,0,512,2.5424766070258897e-06,8.932096460635917e-14,139.81764399535848,1.0159296515155347e-07,4.965774623097441e-09,2.527526469198206e-08
blk1_spa/state,37,0,8192,0.0,0.0,14.078753446943395,0.0,0.0,0.0
blk1_spa/c_readout,37,0,512,0.0,0.0,4.333126437971256,0.0,0.0,0.0
blk1_spa/d_path,37,0,512,2.454157933540202e-06,8.333710576229318e-14,114.37670430536157,9.624596719604028e-08,4.793277213945707e-09,2.6992954186451285e-08
blk1_spa/readout,37,0,512,2.4541579330961127e-06,8.333710571163622e-14,140.14056273438763,9.624596719604028e-08,4.793277213078345e-09,2.4385815190972814e-08
blk1_spa/state,38,0,8192,0.0,0.0,14.055454527258735,0.0,0.0,0.0
blk1_spa/c_readout,38,0,512,0.0,0.0,4.48225306689622,0.0,0.0,0.0
blk1_spa/d_path,38,0,512,2.256913815612549e-06,7.659868737770876e-14,103.51943287243348,9.802830014393749e-08,4.40803479611826e-09,2.720193018883149e-08
blk1_spa/readout,38,0,512,2.2569138153905044e-06,7.659868735000574e-14,130.0939233841327,9.802830014393749e-08,4.408034795684579e-09,2.4265104052028287e-08
blk1_spa/state,39,0,8192,0.0,0.0,14.047961826221513,0.0,0.0,0.0
blk1_spa/c_readout,39,0,512,0.0,0.0,7.5991097378750165,0.0,0.0,0.0
blk1_spa/d_path,39,0,512,2.3442669703221952e-06,7.988952459028022e-14,105.59090792838168,9.446363424814308e-08,4.5786464264105375e-09,2.7506267123988766e-08
blk1_spa/readout,39,0,512,2.34426697054424e-06,7.988952461640022e-14,147.5910824257961,9.446363424814308e-08,4.578646426844218e-09,2.3265632272382158e-08
blk1_spa/state,40,0,8192,0.0,0.0,14.365116479794134,0.0,0.0,0.0
blk1_spa/c_readout,40,0,512,0.0,0.0,6.638280946177829,0.0,0.0,0.0
blk1_spa/d_path,40,0,512,2.4813296102266236e-06,8.719537729820236e-14,117.76775127741757,9.802830014393749e-08,4.846346894973874e-09,2.7210313117932603e-08
blk1_spa/readout,40,0,512,2.4813296102266236e-06,8.719537726654176e-14,156.72836420805834,9.802830014393749e-08,4.846346894973874e-09,2.3587012115281858e-08
blk1_spa/state,41,0,8192,0.0,0.0,14.544263206076693,0.0,0.0,0.0
blk1_spa/c_readout,41,0,512,0.0,0.0,6.934543013878781,0.0,0.0,0.0
blk1_spa/d_path,41,0,512,2.344637674012162e-06,8.018803201978034e-14,111.75501902063597,9.268130174433509e-08,4.579370457055004e-09,2.6786826155684137e-08
blk1_spa/readout,41,0,512,2.344637674012162e-06,8.018803201978034e-14,150.13703120660423,9.268130174433509e-08,4.579370457055004e-09,2.3110581096838554e-08
blk1_spa/state,42,0,8192,0.0,0.0,14.856556526872142,0.0,0.0,0.0
blk1_spa/c_readout,42,0,512,0.0,0.0,6.368555707163793,0.0,0.0,0.0
blk1_spa/d_path,42,0,512,2.3878704979996e-06,8.359828231379284e-14,118.80202532666843,9.624596719604028e-08,4.663809566405469e-09,2.652691555066504e-08
blk1_spa/readout,42,0,512,2.3878704984436894e-06,8.359828239927643e-14,153.7524920472301,9.624596764012949e-08,4.663809567272831e-09,2.3317801207713006e-08
blk1_spa/state,43,0,8192,0.0,0.0,15.027754765701673,0.0,0.0,0.0
blk1_spa/c_readout,43,0,512,0.0,0.0,5.366622668798343,0.0,0.0,0.0
blk1_spa/d_path,43,0,512,2.4476139912632533e-06,8.478793972962373e-14,112.86075250548758,9.624596719604028e-08,4.780496076686042e-09,2.7409150176358072e-08
blk1_spa/readout,43,0,512,2.4476139912632533e-06,8.478793972329162e-14,148.93529947575666,9.624596675195107e-08,4.780496076686042e-09,2.3859878053626272e-08
blk1_spa/state,44,0,8192,0.0,0.0,15.177037488384425,0.0,0.0,0.0
blk1_spa/c_readout,44,0,512,0.0,0.0,4.915500413985825,0.0,0.0,0.0
blk1_spa/d_path,44,0,512,2.434051717292718e-06,8.364919473732395e-14,112.91399524949931,9.446363424814308e-08,4.7540072603373396e-09,2.7218049218113275e-08
blk1_spa/readout,44,0,512,2.4340517170706732e-06,8.364919471595305e-14,147.49468746982427,9.446363424814308e-08,4.754007259903659e-09,2.381456720273104e-08
blk1_spa/state,45,0,8192,0.0,0.0,15.781090556456725,0.0,0.0,0.0
blk1_spa/c_readout,45,0,512,0.0,0.0,4.453185305569781,0.0,0.0,0.0
blk1_spa/d_path,45,0,512,2.555261070513737e-06,9.441359422541943e-14,130.38365674305436,1.1941629285416866e-07,4.990744278347142e-09,2.690950363617794e-08
blk1_spa/readout,45,0,512,2.5552610702916922e-06,9.441359419929946e-14,158.9495880402051,1.1941629285416866e-07,4.9907442779134614e-09,2.4371797563905683e-08
blk1_spa/state,46,0,8192,0.0,0.0,16.16745542502819,0.0,0.0,0.0
blk1_spa/c_readout,46,0,512,0.0,0.0,5.544739892870751,0.0,0.0,0.0
blk1_spa/d_path,46,0,512,2.5043606568520005e-06,9.783501000798614e-14,126.74157713235448,1.3723961966860543e-07,4.8913294079140635e-09,2.77835408588109e-08
blk1_spa/readout,46,0,512,2.504360656629956e-06,9.783500999769644e-14,162.31201217483718,1.3723961966860543e-07,4.8913294074803826e-09,2.455114865963902e-08
blk1_spa/state,47,0,8192,0.0,0.0,16.426923149697252,0.0,0.0,0.0
blk1_spa/c_readout,47,0,512,0.0,0.0,8.383827872789173,0.0,0.0,0.0
blk1_spa/d_path,47,0,512,2.53791684468041e-06,9.936649293950215e-14,126.33504603829556,1.1941629285416866e-07,4.956868837266426e-09,2.8045168878771515e-08
blk1_spa/readout,47,0,512,2.5379168440142763e-06,9.936649285481007e-14,170.374553089686,1.1941629285416866e-07,4.956868835965383e-09,2.4150026742363295e-08
blk1_spa/state,48,0,8192,0.0,0.0,16.85256338966676,0.0,0.0,0.0
blk1_spa/c_readout,48,0,512,0.0,0.0,6.481667445121881,0.0,0.0,0.0
blk1_spa/d_path,48,0,512,2.658386090592657e-06,1.0468629719675762e-13,134.29932224687573,1.1585162695837425e-07,5.192160333188783e-09,2.7919523950298223e-08
blk1_spa/readout,48,0,512,2.6583860903706125e-06,1.0468629717063764e-13,171.96906986490262,1.1585162695837425e-07,5.1921603327551025e-09,2.467287441812254e-08
blk1_spa/state,49,0,8192,0.0,0.0,17.133408902022243,0.0,0.0,0.0
blk1_spa/c_readout,49,0,512,0.0,0.0,8.101880170948013,0.0,0.0,0.0
blk1_spa/d_path,49,0,512,2.455819840596618e-06,9.008749162408561e-14,120.09719840083636,9.624596719604028e-08,4.79652312616527e-09,2.7388346215898727e-08
blk1_spa/readout,49,0,512,2.4558198403745735e-06,9.00874915805523e-14,153.12904657662352,9.624596719604028e-08,4.796523125731589e-09,2.425512169742858e-08
blk1_spa/state,50,0,8192,0.0,0.0,17.050415421765372,0.0,0.0,0.0
blk1_spa/c_readout,50,0,512,0.0,0.0,6.923523755409014,0.0,0.0,0.0
blk1_spa/d_path,50,0,512,2.468335174921066e-06,8.375945823268528e-14,114.43254941392291,9.624596719604028e-08,4.820967138517707e-09,2.705466389670303e-08
blk1_spa/readout,50,0,512,2.4683351755871996e-06,8.37594583474549e-14,153.19989298446814,9.624596764012949e-08,4.820967139818749e-09,2.338232534948777e-08
blk1_spa/state,51,0,8192,0.0,0.0,16.94436875275801,0.0,0.0,0.0
blk1_spa/c_readout,51,0,512,0.0,0.0,4.983116302197693,0.0,0.0,0.0
blk1_spa/d_path,51,0,512,2.464370225885304e-06,8.448825788717238e-14,110.27409219773314,9.624596719604028e-08,4.813223097432234e-09,2.767970338943167e-08
blk1_spa/readout,51,0,512,2.4643702261073486e-06,8.448825792437356e-14,138.77596105182033,9.624596719604028e-08,4.813223097865915e-09,2.4674084966447404e-08
blk1_spa/state,52,0,8192,0.0,0.0,16.943095591756485,0.0,0.0,0.0
blk1_spa/c_readout,52,0,512,0.0,0.0,5.255225506888577,0.0,0.0,0.0
blk1_spa/d_path,52,0,512,2.4694103910594123e-06,8.261497861072963e-14,112.20286435046786,9.802830014393749e-08,4.823067170037915e-09,2.71348500173772e-08
blk1_spa/readout,52,0,512,2.469410391725546e-06,8.261497868908958e-14,141.93046947636535,9.802830014393749e-08,4.823067171338957e-09,2.412634744990976e-08
blk1_spa/state,53,0,8192,0.0,0.0,16.945161364245976,0.0,0.0,0.0
blk1_spa/c_readout,53,0,512,0.0,0.0,3.872049631946075,0.0,0.0,0.0
blk1_spa/d_path,53,0,512,2.454353766667694e-06,8.509447994730454e-14,112.88103022806374,9.802830014393749e-08,4.79365970052284e-09,2.7456186236119316e-08
blk1_spa/readout,53,0,512,2.4543537668897386e-06,8.509447997500756e-14,141.70891411458308,9.802830014393749e-08,4.793659700956521e-09,2.4504853429885982e-08
blk1_spa/state,54,0,8192,0.0,0.0,17.53583035824233,0.0,0.0,0.0
blk1_spa/c_readout,54,0,512,0.0,0.0,3.5649626253548554,0.0,0.0,0.0
blk1_spa/d_path,54,0,512,2.5525946418802903e-06,9.157708581551546e-14,122.40799444365989,1.0515763104734788e-07,4.985536409922442e-09,2.7351964139011647e-08
blk1_spa/readout,54,0,512,2.5525946416582457e-06,9.157708580364273e-14,150.02256483376283,1.0515763104734788e-07,4.985536409488761e-09,2.470672131639794e-08
blk1_spa/state,55,0,8192,0.0,0.0,17.60419219051314,0.0,0.0,0.0
blk1_spa/c_readout,55,0,512,0.0,0.0,5.842399635659249,0.0,0.0,0.0
blk1_spa/d_path,55,0,512,2.5144195328064e-06,9.209934735709583e-14,117.39385950776425,9.624596719604028e-08,4.9109756500125e-09,2.8009514806977654e-08
blk1_spa/readout,55,0,512,2.5144195343607123e-06,9.209934761275508e-14,151.89059304604027,9.624596719604028e-08,4.910975653048266e-09,2.4624240152547285e-08
blk1_spa/state,56,0,8192,0.0,0.0,17.953527370660776,0.0,0.0,0.0
blk1_spa/c_readout,56,0,512,0.0,0.0,6.6402159641360505,0.0,0.0,0.0
blk1_spa/d_path,56,0,512,2.600318643519728e-06,9.48602642950016e-14,121.40516719994234,9.268130174433509e-08,5.0787473506244685e-09,2.795268815396555e-08
blk1_spa/readout,56,0,512,2.6003186430756386e-06,9.486026425225981e-14,158.81023758215343,9.268130174433509e-08,5.078747349757107e-09,2.4440096555205675e-08
blk1_spa/state,57,0,8192,0.0,0.0,18.550448093360433,0.0,0.0,0.0
blk1_spa/c_readout,57,0,512,0.0,0.0,12.190923802938947,0.0,0.0,0.0
blk1_spa/d_path,57,0,512,2.404665737421041e-06,8.891960023736683e-14,119.82003307989429,9.981063264774548e-08,4.696612768400471e-09,2.7241689164096626e-08
blk1_spa/readout,57,0,512,2.404665737421041e-06,8.891960025636317e-14,159.17826354558287,9.981063264774548e-08,4.696612768400471e-09,2.3635068724350338e-08
blk1_spa/state,58,0,8192,0.0,0.0,18.2115154245134,0.0,0.0,0.0
blk1_spa/c_readout,58,0,512,0.0,0.0,11.870330857350766,0.0,0.0,0.0
blk1_spa/d_path,58,0,512,2.400514382383534e-06,8.827281480763664e-14,114.6436762260198,1.0159296515155347e-07,4.68850465309284e-09,2.774843126965068e-08
blk1_spa/readout,58,0,512,2.400514383049668e-06,8.827281487966449e-14,173.79140903878556,1.0159296515155347e-07,4.6885046543938824e-09,2.253716766921162e-08
blk1_spa/state,59,0,8192,0.0,0.0,18.390083789235064,0.0,0.0,0.0
blk1_spa/c_readout,59,0,512,0.0,0.0,8.127911105308964,0.0,0.0,0.0
blk1_spa/d_path,59,0,512,2.450947230281386e-06,9.049499919460107e-14,117.05618627986176,1.0337529809945067e-07,4.787006309143332e-09,2.7804500977340402e-08
blk1_spa/readout,59,0,512,2.4509472305034308e-06,9.049499927137801e-14,165.94479945872922,1.0337529854353988e-07,4.787006309577013e-09,2.3352343331963607e-08
blk1_spa/state,60,0,8192,0.0,0.0,18.501719105831295,0.0,0.0,0.0
blk1_spa/c_readout,60,0,512,0.0,0.0,8.333568935225507,0.0,0.0,0.0
blk1_spa/d_path,60,0,512,2.39514723032741e-06,8.810223081830979e-14,116.01009306216405,1.0159296515155347e-07,4.678021934233223e-09,2.7557864792738143e-08
blk1_spa/readout,60,0,512,2.39514723032741e-06,8.810223081830979e-14,165.97163081180577,1.0159296515155347e-07,4.678021934233223e-09,2.3039684196966866e-08
blk1_spa/state,61,0,8192,0.0,0.0,18.637462221892992,0.0,0.0,0.0
blk1_spa/c_readout,61,0,512,0.0,0.0,5.342603213044433,0.0,0.0,0.0
blk1_spa/d_path,61,0,512,2.3497249690418442e-06,8.257367860208762e-14,111.31769170813772,9.981063264774548e-08,4.589306580159852e-09,2.723571118681745e-08
blk1_spa/readout,61,0,512,2.3497249683757104e-06,8.257367852056161e-14,148.34632331098888,9.981063264774548e-08,4.5893065788588094e-09,2.3592959520000595e-08
blk1_spa/state,62,0,8192,0.0,0.0,18.93196588734062,0.0,0.0,0.0
blk1_spa/c_readout,62,0,512,0.0,0.0,5.736387361418096,0.0,0.0,0.0
blk1_spa/d_path,62,0,512,2.529351018853987e-06,8.909326455509054e-14,115.50249857394047,9.981063264774548e-08,4.940138708699193e-09,2.7773252770377813e-08
blk1_spa/readout,62,0,512,2.5293510179658085e-06,8.909326443478032e-14,155.6640494898473,9.981063264774548e-08,4.94013870696447e-09,2.3923695933958802e-08
blk1_spa/state,63,0,8192,0.0,0.0,19.355766315443283,0.0,0.0,0.0
blk1_spa/c_readout,63,0,512,0.0,0.0,7.194264996624847,0.0,0.0,0.0
blk1_spa/d_path,63,0,512,2.535318999852265e-06,8.821257032357362e-14,116.01670772082878,9.802830014393749e-08,4.951794921586455e-09,2.7574330065588522e-08
blk1_spa/readout,63,0,512,2.5353190002963544e-06,8.821257039639298e-14,157.78811228884817,9.802830014393749e-08,4.951794922453817e-09,2.3644389134737436e-08
blk1_spe/state,0,0,131072,0.0,0.0,0.3910218713716773,0.0,0.0,0.0
blk1_spe/c_readout,0,0,8192,0.0,0.0,0.3010317347490851,0.0,0.0,0.0
blk1_spe/d_path,0,0,8192,3.41009474569276e-05,5.698943111182345e-13,617.8642829501226,6.195278956511174e-08,4.162713312613232e-09,3.037040724846515e-08
blk1_spe/readout,0,0,8192,3.41009474569276e-05,5.698943111182345e-13,595.0944788011778,6.195278956511174e-08,4.162713312613232e-09,3.094597713944633e-08
blk1_spe/state,1,0,131072,0.0,0.0,1.4274029986527872,0.0,0.0,0.0
blk1_spe/c_readout,1,0,8192,0.0,0.0,1.4369429294791107,0.0,0.0,0.0
blk1_spe/d_path,1,0,8192,2.8977214960868025e-05,4.350290012224728e-13,688.5342205947334,5.4208690869472775e-08,3.537257685652835e-09,2.5136009982139715e-08
blk1_spe/readout,1,0,8192,2.8977214960868025e-05,4.350290012224728e-13,638.204619903129,5.4208690869472775e-08,3.537257685652835e-09,2.610833239616189e-08
blk1_spe/state,2,0,131072,0.0,0.0,3.9384657949087694,0.0,0.0,0.0
blk1_spe/c_readout,2,0,8192,0.0,0.0,7.590356230693527,0.0,0.0,0.0
blk1_spe/d_path,2,0,8192,3.0261171359846628e-05,4.559413237202969e-13,849.9584373501255,7.485962072451002e-08,3.693990644512528e-09,2.316091075829368e-08
blk1_spe/readout,2,0,8192,3.0261171359846628e-05,4.559413237202969e-13,730.2155404644932,7.485962072451002e-08,3.693990644512528e-09,2.4987852988914934e-08
blk1_spe/state,3,0,131072,0.0,0.0,6.983656809879342,0.0,0.0,0.0
blk1_spe/c_readout,3,0,8192,0.0,0.0,9.201830795680427,0.0,0.0,0.0
blk1_spe/d_path,3,0,8192,3.309181256128113e-05,8.06067981927339e-13,1147.0644633406237,6.582483891293123e-08,4.039527900547013e-09,2.6508913177374603e-08
blk1_spe/readout,3,0,8192,3.309181256128113e-05,8.06067981927339e-13,985.2378802657902,6.582483891293123e-08,4.039527900547013e-09,2.8603243599528857e-08
blk2_spa/state,0,0,8192,0.0,0.0,0.7340452860434918,0.0,0.0,0.0
blk2_spa/c_readout,0,0,512,0.0,0.0,2.4890527702647396,0.0,0.0,0.0
blk2_spa/d_path,0,0,512,2.4007139054482707e-06,5.911339687854575e-14,142.6007476072453,8.957335673187572e-08,4.688894346578654e-09,2.0360200803722074e-08
blk2_spa/readout,0,0,512,2.4007139054482707e-06,5.911339687854575e-14,127.71773460357383,8.957335673187572e-08,4.688894346578654e-09,2.1513811287966e-08
blk2_spa/state,1,0,8192,0.0,0.0,0.7851648607294917,0.0,0.0,0.0
blk2_spa/c_readout,1,0,512,0.0,0.0,1.1414041517267455,0.0,0.0,0.0
blk2_spa/d_path,1,0,512,1.925525039414566e-06,2.734753943871898e-14,123.41599901571641,3.981038076972254e-08,3.760791092606575e-09,1.4885841729284579e-08
blk2_spa/readout,1,0,512,1.925525039414566e-06,2.734753943871898e-14,113.85335168799404,3.981038076972254e-08,3.760791092606575e-09,1.5498376914838386e-08
blk2_spa/state,2,0,8192,0.0,0.0,2.441208169181468,0.0,0.0,0.0
blk2_spa/c_readout,2,0,512,0.0,0.0,5.356273092642331,0.0,0.0,0.0
blk2_spa/d_path,2,0,512,2.548596243823198e-06,4.7330189911232053e-14,194.1136991274568,5.4739273558368495e-08,4.9777270387171835e-09,1.561496555764657e-08
blk2_spa/readout,2,0,512,2.548596243823198e-06,4.7330189911232053e-14,164.8644892195441,5.4739273558368495e-08,4.9777270387171835e-09,1.6943595031850294e-08
blk2_spa/state,3,0,8192,0.0,0.0,10.271962262212607,0.0,0.0,0.0
blk2_spa/c_readout,3,0,512,0.0,0.0,20.39067934646643,0.0,0.0,0.0
blk2_spa/d_path,3,0,512,3.86107931449331e-06,1.231932277125626e-13,357.63115432361474,8.45970591356604e-08,7.541170536119746e-09,1.8559904823567744e-08
blk2_spa/readout,3,0,512,3.86107931449331e-06,1.231932277125626e-13,272.6961826025005,8.45970591356604e-08,7.541170536119746e-09,2.1254646573247246e-08
blk2_spa/state,4,0,8192,0.0,0.0,19.993547493515198,0.0,0.0,0.0
blk2_spa/c_readout,4,0,512,0.0,0.0,38.02887578201239,0.0,0.0,0.0
blk2_spa/d_path,4,0,512,3.936286580685788e-06,1.1850401946151904e-13,384.7045230511577,9.70378031261987e-08,7.68805972790193e-09,1.7551041549952472e-08
blk2_spa/readout,4,0,512,3.936286581573967e-06,1.1850401951431307e-13,276.79995303135,9.70378031261987e-08,7.688059729636654e-09,2.069109785459632e-08
blk2_spa/state,5,0,8192,0.0,0.0,23.769149864524913,0.0,0.0,0.0
blk2_spa/c_readout,5,0,512,0.0,0.0,34.4148900887731,0.0,0.0,0.0
blk2_spa/d_path,5,0,512,3.785162150826693e-06,1.2373347355733169e-13,365.4437123813658,1.1694299306697076e-07,7.392894825833385e-09,1.8400658084397315e-08
blk2_spa/readout,5,0,512,3.785162150826693e-06,1.2373347355733169e-13,253.6989131354757,1.1694299306697076e-07,7.392894825833385e-09,2.2084333615743667e-08
blk2_spa/state,6,0,8192,0.0,0.0,27.810119284203196,0.0,0.0,0.0
blk2_spa/c_readout,6,0,512,0.0,0.0,42.17431146367265,0.0,0.0,0.0
blk2_spa/d_path,6,0,512,3.840418427270009e-06,1.1088276878007303e-13,363.0792371542168,8.210891033755274e-08,7.500817240761737e-09,1.7475568944730348e-08
blk2_spa/readout,6,0,512,3.840418428158188e-06,1.1088276891708807e-13,258.4075072815323,8.210891078164195e-08,7.50081724249646e-09,2.0714739104665883e-08
blk2_spa/state,7,0,8192,0.0,0.0,27.49285841149363,0.0,0.0,0.0
blk2_spa/c_readout,7,0,512,0.0,0.0,19.34219660861152,0.0,0.0,0.0
blk2_spa/d_path,7,0,512,3.612527783580788e-06,1.0296274124802956e-13,312.7126758087812,7.962076153944508e-08,7.055718327306226e-09,1.8145431717297245e-08
blk2_spa/readout,7,0,512,3.612527783580788e-06,1.0296274124802956e-13,233.22951036440378,7.962076153944508e-08,7.055718327306226e-09,2.1011076210479058e-08
blk2_spa/state,8,0,8192,0.0,0.0,35.01779462211629,0.0,0.0,0.0
blk2_spa/c_readout,8,0,512,0.0,0.0,50.133812030936376,0.0,0.0,0.0
blk2_spa/d_path,8,0,512,3.865677763226216e-06,1.2787948060477866e-13,381.2457001238336,1.1694299306697076e-07,7.550151881301204e-09,1.831462179573714e-08
blk2_spa/readout,8,0,512,3.865677762782127e-06,1.2787948057508202e-13,240.69990836370349,1.1694299306697076e-07,7.550151880433842e-09,2.30495509717452e-08
blk2_spa/state,9,0,8192,0.0,0.0,37.82216596390157,0.0,0.0,0.0
blk2_spa/c_readout,9,0,512,0.0,0.0,36.43447596197832,0.0,0.0,0.0
blk2_spa/d_path,9,0,512,3.7897491504956804e-06,1.1045010407265662e-13,348.91604146159557,8.708520793376806e-08,7.401853809561876e-09,1.7791910956499812e-08
blk2_spa/readout,9,0,512,3.789749150051591e-06,1.1045010404295998e-13,233.27654302890787,8.708520793376806e-08,7.401853808694514e-09,2.175943073463088e-08
blk2_spa/state,10,0,8192,0.0,0.0,42.08075790755566,0.0,0.0,0.0
blk2_spa/c_readout,10,0,512,0.0,0.0,40.45706846741762,0.0,0.0,0.0
blk2_spa/d_path,10,0,512,3.837046877563921e-06,1.140592678059239e-13,361.40150423176686,7.215631514512211e-08,7.494232182742033e-09,1.7765208615468345e-08
blk2_spa/readout,10,0,512,3.837046877563921e-06,1.140592678059239e-13,236.02135970965455,7.215631514512211e-08,7.494232182742033e-09,2.19831354418917e-08
blk2_spa/state,11,0,8192,0.0,0.0,41.454301872163995,0.0,0.0,0.0
blk2_spa/c_readout,11,0,512,0.0,0.0,29.853648425263657,0.0,0.0,0.0
blk2_spa/d_path,11,0,512,3.7171559825743827e-06,1.0978810880777759e-13,320.4437127874371,8.45970591356604e-08,7.260070278465591e-09,1.8509802060290572e-08
blk2_spa/readout,11,0,512,3.7171559825743827e-06,1.0978810880777759e-13,212.2309962609608,8.45970591356604e-08,7.260070278465591e-09,2.2744335116584377e-08
blk2_spa/state,12,0,8192,0.0,0.0,44.95689364836914,0.0,0.0,0.0
blk2_spa/c_readout,12,0,512,0.0,0.0,29.53082289287974,0.0,0.0,0.0
blk2_spa/d_path,12,0,512,3.5854558455561403e-06,1.103851596491447e-13,321.6032045642106,9.70378031261987e-08,7.0028434483518365e-09,1.8526575954149916e-08
blk2_spa/readout,12,0,512,3.5854558455561403e-06,1.103851596491447e-13,215.0930474109575,9.70378031261987e-08,7.0028434483518365e-09,2.265385720779058e-08
blk2_spa/state,13,0,8192,0.0,0.0,45.93685085437632,0.0,0.0,0.0
blk2_spa/c_readout,13,0,512,0.0,0.0,37.62864500904398,0.0,0.0,0.0
blk2_spa/d_path,13,0,512,3.700874240841756e-06,1.1075541482221146e-13,326.6058329268997,7.713261274133743e-08,7.228270001644055e-09,1.8414948799904295e-08
blk2_spa/readout,13,0,512,3.700874240397667e-06,1.1075541475370393e-13,211.57256107619216,7.713261274133743e-08,7.228270000776693e-09,2.2879831001479458e-08
blk2_spa/state,14,0,8192,0.0,0.0,45.70661856423319,0.0,0.0,0.0
blk2_spa/c_readout,14,0,512,0.0,0.0,43.272357264908706,0.0,0.0,0.0
blk2_spa/d_path,14,0,512,3.559347458104156e-06,1.0554820704128306e-13,312.3793128246241,7.713261274133743e-08,6.95185050410968e-09,1.8381641745851378e-08
blk2_spa/readout,14,0,512,3.5593474572159778e-06,1.0554820690868786e-13,221.07618749443338,7.713261229724822e-08,6.951850502374957e-09,2.1850151203304834e-08
blk2_spa/state,15,0,8192,0.0,0.0,47.88717783578431,0.0,0.0,0.0
blk2_spa/c_readout,15,0,512,0.0,0.0,32.98731730883652,0.0,0.0,0.0
blk2_spa/d_path,15,0,512,3.706917138579513e-06,1.0661251523740679e-13,324.97577527838484,8.708520793376806e-08,7.240072536288111e-09,1.811250842512477e-08
blk2_spa/readout,15,0,512,3.706917138579513e-06,1.0661251523740679e-13,219.59732464414182,8.708520793376806e-08,7.240072536288111e-09,2.2033859324517204e-08
blk2_spe/state,0,0,32768,0.0,0.0,0.2336500090129638,0.0,0.0,0.0
blk2_spe/c_readout,0,0,2048,0.0,0.0,0.036487190240276184,0.0,0.0,0.0
blk2_spe/d_path,0,0,2048,8.416120066634392e-06,9.214936088592984e-14,204.1701603925024,2.2874115934712336e-08,4.109433626286324e-09,2.1244671922641676e-08
blk2_spe/readout,0,0,2048,8.416120066634392e-06,9.214936088592984e-14,200.73610148441313,2.2874115934712336e-08,4.109433626286324e-09,2.1425621130962733e-08
blk2_spe/state,1,0,32768,0.0,0.0,1.8055300948850348,0.0,0.0,0.0
blk2_spe/c_readout,1,0,2048,0.0,0.0,2.119710301926055,0.0,0.0,0.0
blk2_spe/d_path,1,0,2048,1.309395669846225e-05,2.712058024476759e-13,603.5224058519522,4.574823186942467e-08,6.393533544171021e-09,2.1198385687358415e-08
blk2_spe/readout,1,0,2048,1.309395669846225e-05,2.712058024476759e-13,567.3830624083005,4.574823186942467e-08,6.393533544171021e-09,2.186307804004703e-08
blk2_spe/state,2,0,32768,0.0,0.0,8.049943914034932,0.0,0.0,0.0
blk2_spe/c_readout,2,0,2048,0.0,0.0,6.631310987729219,0.0,0.0,0.0
blk2_spe/d_path,2,0,2048,1.3969355084242352e-05,4.3521398877204313e-13,929.277369229573,7.92969352403361e-08,6.820974162227711e-09,2.1641070639447394e-08
blk2_spe/readout,2,0,2048,1.3969355084242352e-05,4.3521398877204313e-13,824.8812226836944,7.92969352403361e-08,6.820974162227711e-09,2.2969720691762342e-08
blk2_spe/state,3,0,32768,0.0,0.0,38.49829149214909,0.0,0.0,0.0
blk2_spe/c_readout,3,0,2048,0.0,0.0,84.07420948613543,0.0,0.0,0.0
blk2_spe/d_path,3,0,2048,2.1270073347956497e-05,8.048907181968933e-13,1742.1068864874533,9.454634586347765e-08,1.0385778001931883e-08,2.149468380525772e-08
blk2_spe/readout,3,0,2048,2.1270073347956497e-05,8.048907181968933e-13,1332.950168451858,9.454634586347765e-08,1.0385778001931883e-08,2.4573187965940688e-08
