core,time,saturation_count,count,abs_sum,squared_error,reference_squared,max_abs_error,mae,relative_l2
blk0_spa/state,0,0,8192,0.003634182551554663,5.818787423317749e-09,0.03961702562494558,6.338684158401636e-06,4.436257997503251e-07,0.00038324395429830164
blk0_spa/c_readout,0,0,512,0.0007068139729089238,2.8500661864280385e-09,0.019524956894092203,9.179598451342086e-06,1.3804960408377418e-06,0.0003820607562155236
blk0_spa/d_path,0,0,512,0.0,0.0,19.599686747829104,0.0,0.0,0.0
blk0_spa/readout,0,0,512,0.0007068139729092641,2.850066186430834e-09,20.30128124513268,9.179598451369841e-06,1.3804960408384065e-06,1.1848564824158475e-05
blk0_spa/state,1,0,8192,0.006454912532157951,1.828921616111086e-08,0.09743740089475561,9.085790244004605e-06,7.879531899606873e-07,0.0004332461389822351
blk0_spa/c_readout,1,0,512,0.0012028597020669778,8.368666865225388e-09,0.050215021536517634,1.5462850615544088e-05,2.349335355599566e-06,0.00040823601257116646
blk0_spa/d_path,1,0,512,0.0,0.0,20.64604419461655,0.0,0.0,0.0
blk0_spa/readout,1,0,512,0.0012028597020671452,8.368666865226895e-09,21.816304306066026,1.5462850615544088e-05,2.349335355599893e-06,1.9585630128122813e-05
blk0_spa/state,2,0,8192,0.008434537860419051,3.234063558751208e-08,0.14057941562894322,1.377591969654781e-05,1.029606672414435e-06,0.0004796378069253969
blk0_spa/c_readout,2,0,512,0.0014166208136918608,1.1683141843274541e-08,0.0638805418041703,1.8344059021188326e-05,2.7668375267419156e-06,0.0004276569450208845
blk0_spa/d_path,2,0,512,0.0,0.0,19.802729859819763,0.0,0.0,0.0
blk0_spa/readout,2,0,512,0.0014166208136919686,1.1683141843276966e-08,21.128268770193564,1.8344059021180303e-05,2.766837526742126e-06,2.351515622113299e-05
blk0_spa/state,3,0,8192,0.01022068379710962,5.21456571120563e-08,0.17632759215429217,2.212849171274534e-05,1.2476420650768578e-06,0.0005438121841668107
blk0_spa/c_readout,3,0,512,0.0015281955063257218,1.5649340127766012e-08,0.07250325157022787,2.7097964545464565e-05,2.9847568482924254e-06,0.0004645893744708114
blk0_spa/d_path,3,0,512,0.0,0.0,20.64037259680481,0.0,0.0,0.0
blk0_spa/readout,3,0,512,0.0015281955063257788,1.5649340127763127e-08,22.000691634521143,2.7097964545474973e-05,2.9847568482925368e-06,2.6670419569531428e-05
blk0_spa/state,4,0,8192,0.012186519199984775,7.850639418300417e-08,0.2167880488532057,2.6561516773138203e-05,1.4876122070293915e-06,0.0006017759774581331
blk0_spa/c_readout,4,0,512,0.0017883359055069679,2.1718259900864382e-08,0.08606926529614219,2.9658907069774008e-05,3.4928435654432966e-06,0.000502329247455391
blk0_spa/d_path,4,0,512,0.0,0.0,21.354254381556466,0.0,0.0,0.0
blk0_spa/readout,4,0,512,0.0017883359055072922,2.171825990086858e-08,22.94095735994758,2.9658907069796125e-05,3.49284356544393e-06,3.076852973781807e-05
blk0_spa/state,5,0,8192,0.013861024442303246,1.0405233481835039e-07,0.25713068814187234,2.89166413261128e-05,1.6920195852420954e-06,0.0006361345134178488
blk0_spa/c_readout,5,0,512,0.0019587681598454408,2.5955165578471843e-08,0.09768221164951155,3.245324786321996e-05,3.8257190621981265e-06,0.000515470908171831
blk0_spa/d_path,5,0,512,0.0,0.0,19.42005197100493,0.0,0.0,0.0
blk0_spa/readout,5,0,512,0.001958768159845677,2.595516557848436e-08,21.171599474941,3.2453247863273305e-05,3.825719062198588e-06,3.501346303859341e-05
blk0_spa/state,6,0,8192,0.015757395177881127,1.3763697076747112e-07,0.29049888793925616,3.5528924274933664e-05,1.9235101535499423e-06,0.0006883278090094198
blk0_spa/c_readout,6,0,512,0.0023039337575894935,3.700092490215761e-08,0.12264890329446745,3.917472149327257e-05,4.4998706202919795e-06,0.00054925555190387
blk0_spa/d_path,6,0,512,0.0,0.0,19.925150315259224,0.0,0.0,0.0
blk0_spa/readout,6,0,512,0.0023039337575895724,3.700092490216244e-08,21.9067134232979,3.9174721493284714e-05,4.499870620292134e-06,4.109771504347123e-05
blk0_spa/state,7,0,8192,0.017579173812171982,1.7647319408428402e-07,0.3205391969286241,4.1653502712471046e-05,2.14589524074365e-06,0.0007419912791026781
blk0_spa/c_readout,7,0,512,0.002619740588713688,5.079187836664711e-08,0.14386931266993047,5.238115654597388e-05,5.1166808373314215e-06,0.0005941731910254242
blk0_spa/d_path,7,0,512,0.0,0.0,19.947836659745874,0.0,0.0,0.0
blk0_spa/readout,7,0,512,0.0026197405887134714,5.0791878366656664e-08,22.081899293440735,5.238115654604414e-05,5.116680837330999e-06,4.7959972407669095e-05
blk0_spa/state,8,0,8192,0.01929908422366413,2.1464668779797185e-07,0.34992302031318034,4.669644954614113e-05,2.3558452421465002e-06,0.000783205698208878
blk0_spa/c_readout,8,0,512,0.002968697224499928,6.020467843278366e-08,0.17121157574811993,4.931663330313713e-05,5.798236766601422e-06,0.0005929916231399198
blk0_spa/d_path,8,0,512,0.0,0.0,21.99698339613629,0.0,0.0,0.0
blk0_spa/readout,8,0,512,0.002968697224499677,6.020467843278735e-08,24.342439691128767,4.93166333030981e-05,5.798236766600931e-06,4.973167297766635e-05
blk0_spa/state,9,0,8192,0.02093392231540451,2.5595828491420244e-07,0.38666085310244236,4.9603269862570284e-05,2.555410438892152e-06,0.0008136160239707979
blk0_spa/c_readout,9,0,512,0.0030748866021521825,6.727213725675917e-08,0.16741710747454566,5.8901315030052484e-05,6.005637894828481e-06,0.0006338955393297085
blk0_spa/d_path,9,0,512,0.0,0.0,23.60929712934275,0.0,0.0,0.0
blk0_spa/readout,9,0,512,0.0030748866021519414,6.72721372567638e-08,25.94375685190905,5.890131503005769e-05,6.0056378948280105e-06,5.092149904403012e-05
blk0_spa/state,10,0,8192,0.022558670097737668,3.0376547692281087e-07,0.4135354361194033,5.564690753504485e-05,2.7537439084152427e-06,0.0008570631881571625
blk0_spa/c_readout,10,0,512,0.00332707386197402,7.996781811796078e-08,0.17612328503061453,6.715022865378187e-05,6.498191136668008e-06,0.0006738282810883075
blk0_spa/d_path,10,0,512,0.0,0.0,21.897678985775233,0.0,0.0,0.0
blk0_spa/readout,10,0,512,0.003327073861973964,7.996781811796701e-08,24.330654980320595,6.71502286537784e-05,6.498191136667898e-06,5.732983913901077e-05
blk0_spa/state,11,0,8192,0.023678510930800045,3.435502624737167e-07,0.43235072711194406,6.287800667104451e-05,2.8904432288574273e-06,0.0008914090634663728
blk0_spa/c_readout,11,0,512,0.0037937029474999057,1.0994168233188703e-07,0.22179145808596415,7.388290336756819e-05,7.409576069335753e-06,0.0007040585568774714
blk0_spa/d_path,11,0,512,0.0,0.0,21.330571144239713,0.0,0.0,0.0
blk0_spa/readout,11,0,512,0.0037937029475002266,1.0994168233189429e-07,24.12205075066101,7.388290336757253e-05,7.40957606933638e-06,6.751092767438781e-05
blk0_spa/state,12,0,8192,0.024853503355854706,3.902536070268111e-07,0.46169166418153496,6.980474344555048e-05,3.0338749213689826e-06,0.0009193850684701963
blk0_spa/c_readout,12,0,512,0.0036576294023137807,1.0248517703273003e-07,0.2019982285455496,7.373591492618008e-05,7.143807426394103e-06,0.0007122898362692868
blk0_spa/d_path,12,0,512,0.0,0.0,21.074249489703263,0.0,0.0,0.0
blk0_spa/readout,12,0,512,0.00365762940231393,1.0248517703273542e-07,23.821246568630325,7.373591492620957e-05,7.143807426394394e-06,6.559160916423235e-05
blk0_spa/state,13,0,8192,0.026686904641262513,4.4979380709693265e-07,0.5052286609940163,7.642923914132245e-05,3.2576787892166153e-06,0.0009435452790895429
blk0_spa/c_readout,13,0,512,0.004243975690142595,1.3303406499369018e-07,0.257567019063592,8.574087429697244e-05,8.289015019809755e-06,0.0007186812341852839
blk0_spa/d_path,13,0,512,0.0,0.0,21.957179155983106,0.0,0.0,0.0
blk0_spa/readout,13,0,512,0.004243975690142788,1.3303406499372057e-07,25.210459286982694,8.574087429702448e-05,8.289015019810133e-06,7.264254513650832e-05
blk0_spa/state,14,0,8192,0.02792178905940627,5.014382426676389e-07,0.5337816447269803,8.326152929741303e-05,3.4084215160408045e-06,0.0009692301349993523
blk0_spa/c_readout,14,0,512,0.004397642656953687,1.4474555284061514e-07,0.2633724635217058,8.661983948448889e-05,8.58914581436267e-06,0.0007413399965041412
blk0_spa/d_path,14,0,512,0.0,0.0,21.057973777820074,0.0,0.0,0.0
blk0_spa/readout,14,0,512,0.004397642656953186,1.4474555284058028e-07,24.29495056984762,8.661983948443641e-05,8.58914581436169e-06,7.718707875069485e-05
blk0_spa/state,15,0,8192,0.02943435623504377,5.591660633941922e-07,0.5774513041136159,9.293216160890898e-05,3.5930610638481166e-06,0.0009840399257242168
blk0_spa/c_readout,15,0,512,0.004703497028860147,1.605381601767619e-07,0.3100034717881833,8.009339087559648e-05,9.186517634492475e-06,0.0007196243694863977
blk0_spa/d_path,15,0,512,0.0,0.0,21.632592159001018,0.0,0.0,0.0
blk0_spa/readout,15,0,512,0.004703497028860265,1.6053816017676495e-07,25.23825537541358,8.009339087561296e-05,9.186517634492705e-06,7.975528577415843e-05
blk0_spa/state,16,0,8192,0.030570539257527472,6.14611913067238e-07,0.5896789189910624,0.00010579075691583874,3.7317552804598965e-06,0.0010209222900147304
blk0_spa/c_readout,16,0,512,0.004955472208175987,1.892399537696931e-07,0.30898721555662767,0.00011938077870149097,9.678656656593724e-06,0.0007825933645354097
blk0_spa/d_path,16,0,512,0.0,0.0,21.12639384031489,0.0,0.0,0.0
blk0_spa/readout,16,0,512,0.004955472208175922,1.8923995376970358e-07,24.543625595217996,0.00011938077870143893,9.678656656593597e-06,8.780860102531274e-05
blk0_spa/state,17,0,8192,0.031727798074247804,6.735103083013934e-07,0.6494329356305535,0.00011613552622017406,3.873022225860328e-06,0.0010183685265196289
blk0_spa/c_readout,17,0,512,0.004987547635359751,1.8981263091887467e-07,0.31934089924328135,0.00010161808196440178,9.741303975312014e-06,0.0007709661004612255
blk0_spa/d_path,17,0,512,0.0,0.0,24.108002193173498,0.0,0.0,0.0
blk0_spa/readout,17,0,512,0.0049875476353589444,1.8981263091884116e-07,27.888527969581673,0.00010161808196440525,9.741303975310438e-06,8.2499204062472e-05
blk0_spa/state,18,0,8192,0.03308893613728361,7.329918041573185e-07,0.6462629116726747,0.00012132890625184741,4.039176774570753e-06,0.00106498856050738
blk0_spa/c_readout,18,0,512,0.004971454104545423,1.9074845887916713e-07,0.28608657733132437,0.0001228192995798615,9.709871297940279e-06,0.0008165481100272185
blk0_spa/d_path,18,0,512,0.0,0.0,21.949926428991038,0.0,0.0,0.0
blk0_spa/readout,18,0,512,0.004971454104545388,1.9074845887916165e-07,25.336518623074696,0.00012281929957980164,9.709871297940211e-06,8.676749287768961e-05
blk0_spa/state,19,0,8192,0.03404903178153798,7.951848027392542e-07,0.6406287020680456,0.00012530861865449935,4.156375949894773e-06,0.0011141170985592976
blk0_spa/c_readout,19,0,512,0.005136879151734586,2.0880239671618518e-07,0.2897533129092207,0.00011672461749042025,1.0032967093231614e-05,0.0008488941379874739
blk0_spa/d_path,19,0,512,0.0,0.0,21.24652848131379,0.0,0.0,0.0
blk0_spa/readout,19,0,512,0.005136879151734848,2.088023967161929e-07,24.572830453955294,0.00011672461749046015,1.0032967093232125e-05,9.218073096156297e-05
blk0_spa/state,20,0,8192,0.03539495064288271,8.686995285477835e-07,0.6598641542295138,0.00012951455858907675,4.320672685898768e-06,0.0011473806580248314
blk0_spa/c_readout,20,0,512,0.005614633135498556,2.5206670314835847e-07,0.314650595926383,0.00013124562491552416,1.0966080342770617e-05,0.0008950420950900745
blk0_spa/d_path,20,0,512,0.0,0.0,21.14923487596934,0.0,0.0,0.0
blk0_spa/readout,20,0,512,0.005614633135498781,2.5206670314833263e-07,24.82179780684672,0.00013124562491551028,1.0966080342771057e-05,0.0001007722890652197
blk0_spa/state,21,0,8192,0.03652680156871494,9.432205942215509e-07,0.6717361301048013,0.00013369118482064145,4.458838082118523e-06,0.0011849698032376547
blk0_spa/c_readout,21,0,512,0.0059877162223361275,2.871296394200759e-07,0.3398068147967055,0.000126263318889739,1.1694758246750249e-05,0.0009192274199654513
blk0_spa/d_path,21,0,512,0.0,0.0,20.035883863837668,0.0,0.0,0.0
blk0_spa/readout,21,0,512,0.005987716222335891,2.871296394200739e-07,23.839916589726787,0.00012626331888976328,1.1694758246749787e-05,0.00010974548117527804
blk0_spa/state,22,0,8192,0.03779088794143438,1.0199043777205867e-06,0.6916527978269743,0.00013691519430700065,4.613145500663376e-06,0.0012143270208645049
blk0_spa/c_readout,22,0,512,0.006353874301896245,3.299462240323437e-07,0.3645232618390574,0.0001554729301584349,1.2409910745891103e-05,0.0009513908217794326
blk0_spa/d_path,22,0,512,0.0,0.0,20.40127198967712,0.0,0.0,0.0
blk0_spa/readout,22,0,512,0.006353874301896378,3.2994622403234906e-07,24.396726531786783,0.00015547293015849561,1.2409910745891364e-05,0.00011629359663263191
blk0_spa/state,23,0,8192,0.03871479551527582,1.0942077696979608e-06,0.70192721952785,0.00013917610932213595,4.725927186923318e-06,0.0012485440092561814
blk0_spa/c_readout,23,0,512,0.0062665259643751164,3.15278637629085e-07,0.3565539959171927,0.00013682556678766555,1.223930852417015e-05,0.0009403393681507797
blk0_spa/d_path,23,0,512,0.0,0.0,20.313104474205698,0.0,0.0,0.0
blk0_spa/readout,23,0,512,0.006266525964375377,3.1527863762907314e-07,24.14438140229158,0.00013682556678762392,1.2239308524170658e-05,0.00011427184281945392
blk0_spa/state,24,0,8192,0.039810107554194875,1.1618421590503067e-06,0.7008816306371319,0.0001440618242881447,4.859632269799179e-06,0.0012875118261130771
blk0_spa/c_readout,24,0,512,0.00619014124329483,3.129209238396267e-07,0.3462962144145171,0.00014135319546700227,1.2090119615810215e-05,0.0009505904127281044
blk0_spa/d_path,24,0,512,0.0,0.0,21.60681212731344,0.0,0.0,0.0
blk0_spa/readout,24,0,512,0.00619014124329501,3.1292092383962187e-07,25.30796190485645,0.00014135319546698666,1.2090119615810566e-05,0.00011119588503440349
blk0_spa/state,25,0,8192,0.040766029530297024,1.2351984403805026e-06,0.7218864381697945,0.0001510157859392694,4.976321964147586e-06,0.001308078856390424
blk0_spa/c_readout,25,0,512,0.006454656979494206,3.446161879565503e-07,0.35283129323602913,0.00015120181514309376,1.260675191307462e-05,0.0009882897446721604
blk0_spa/d_path,25,0,512,0.0,0.0,22.683761818920356,0.0,0.0,0.0
blk0_spa/readout,25,0,512,0.006454656979493774,3.446161879565194e-07,26.546135229234814,0.00015120181514310937,1.2606751913073777e-05,0.00011393763113271655
blk0_spa/state,26,0,8192,0.04171768556422476,1.3050162396586646e-06,0.7344383722570059,0.00015781307933886244,5.0924909136016555e-06,0.0013330003957161107
blk0_spa/c_readout,26,0,512,0.006598407855367567,3.665304124551263e-07,0.3566802235325559,0.0001566093929441818,1.288751534251478e-05,0.0010137141127686553
blk0_spa/d_path,26,0,512,0.0,0.0,21.19342170430437,0.0,0.0,0.0
blk0_spa/readout,26,0,512,0.006598407855367701,3.665304124551162e-07,25.139973714326835,0.00015660939294420695,1.288751534251504e-05,0.00012074595705513787
blk0_spa/state,27,0,8192,0.04268979554598357,1.3827387397898552e-06,0.7574564737691847,0.0001648371256255483,5.211156682859323e-06,0.0013511116054363045
blk0_spa/c_readout,27,0,512,0.007194990274045603,4.539546037945555e-07,0.38792873153341767,0.00017332446822649738,1.4052715378995319e-05,0.001081758307881287
blk0_spa/d_path,27,0,512,0.0,0.0,21.663751502538176,0.0,0.0,0.0
blk0_spa/readout,27,0,512,0.007194990274045591,4.5395460379455304e-07,25.975994704541385,0.00017332446822648784,1.4052715378995295e-05,0.00013219654926849357
blk0_spa/state,28,0,8192,0.043842576037280076,1.464162475247914e-06,0.776859236979174,0.00017054531947061774,5.3518769576757905e-06,0.0013728512046473791
blk0_spa/c_readout,28,0,512,0.007511139078088234,4.848728863180347e-07,0.4224474027887957,0.00018681259700769996,1.4670193511891082e-05,0.0010713407580304347
blk0_spa/d_path,28,0,512,0.0,0.0,21.06355941653428,0.0,0.0,0.0
blk0_spa/readout,28,0,512,0.0075111390780886085,4.848728863180948e-07,25.513870254082004,0.0001868125970077017,1.4670193511891813e-05,0.0001378560334641774
blk0_spa/state,29,0,8192,0.04494525233091593,1.554026584057004e-06,0.7921153215860026,0.00017985336138859765,5.486480997426261e-06,0.0014006673816034825
blk0_spa/c_readout,29,0,512,0.007244800886282284,4.434047577263886e-07,0.390228409275332,0.0001786974632709392,1.4150001731020085e-05,0.001065959569113618
blk0_spa/d_path,29,0,512,0.0,0.0,22.31887209411092,0.0,0.0,0.0
blk0_spa/readout,29,0,512,0.0072448008862828275,4.4340475772643426e-07,26.60731617027589,0.00017869746327103808,1.4150001731021148e-05,0.0001290920921272334
blk0_spa/state,30,0,8192,0.0457061011434812,1.635271044733329e-06,0.8215079981552224,0.00019444849079484558,5.579358049741357e-06,0.0014108764208449578
blk0_spa/c_readout,30,0,512,0.007202145752392773,4.4829698257514206e-07,0.3958970914470803,0.00020424415382715513,1.4066690922642135e-05,0.0010641228092238466
blk0_spa/d_path,30,0,512,0.0,0.0,22.28570189192031,0.0,0.0,0.0
blk0_spa/readout,30,0,512,0.007202145752392703,4.482969825750877e-07,26.651952430327107,0.0002042441538271378,1.4066690922641998e-05,0.00012969355451150134
blk0_spa/state,31,0,8192,0.04664176350392982,1.719640327311749e-06,0.8336605462536116,0.0002018665831263148,5.693574646475808e-06,0.0014362306358377086
blk0_spa/c_readout,31,0,512,0.007333863694165449,4.4116242159786694e-07,0.40943793955804014,0.0001577992282810227,1.4323952527666892e-05,0.0010380187885089707
blk0_spa/d_path,31,0,512,0.0,0.0,21.760598310917437,0.0,0.0,0.0
blk0_spa/readout,31,0,512,0.007333863694165459,4.411624215979512e-07,26.19157703065443,0.00015779922828107473,1.4323952527666912e-05,0.0001297831861043631
blk0_spa/state,32,0,8192,0.047569894143199475,1.7968286430771689e-06,0.8633634473980067,0.0002117867159790003,5.80687184365228e-06,0.0014426351250468802
blk0_spa/c_readout,32,0,512,0.008433637678517977,6.216031540266592e-07,0.5169088408657114,0.0002213661943917932,1.6471948590855424e-05,0.0010966034923617853
blk0_spa/d_path,32,0,512,0.0,0.0,23.24811986190666,0.0,0.0,0.0
blk0_spa/readout,32,0,512,0.008433637678518157,6.216031540266825e-07,28.28170285101683,0.00022136619439183658,1.6471948590855776e-05,0.00014825311499715394
blk0_spa/state,33,0,8192,0.04904662592614777,1.898847513794834e-06,0.9428051495897155,0.0002201317067702848,5.9871369538754606e-06,0.001419168856862047
blk0_spa/c_readout,33,0,512,0.0078073288389755285,5.27706842085918e-07,0.4562716392887078,0.00025291560958987623,1.5248689138624079e-05,0.0010754361356890877
blk0_spa/d_path,33,0,512,0.0,0.0,26.748111844093046,0.0,0.0,0.0
blk0_spa/readout,33,0,512,0.007807328838974911,5.277068420858312e-07,31.808975558276927,0.00025291560958984327,1.5248689138622873e-05,0.00012880167812106462
blk0_spa/state,34,0,8192,0.049809897275525906,1.984311160767652e-06,0.9333580429566238,0.00022275326072279666,6.080309726016346e-06,0.0014580779771627987
blk0_spa/c_readout,34,0,512,0.007484604601452366,5.206655091598022e-07,0.4153984301097289,0.00024939945523339,1.4618368362211652e-05,0.0011195589836885081
blk0_spa/d_path,34,0,512,0.0,0.0,23.928453266797874,0.0,0.0,0.0
blk0_spa/readout,34,0,512,0.0074846046014523816,5.206655091597901e-07,28.27639399913871,0.00024939945523339,1.4618368362211683e-05,0.000135696108291446
blk0_spa/state,35,0,8192,0.05032961944084196,2.0678881968427327e-06,0.8983829591298855,0.0002255113622590156,6.143752373149653e-06,0.0015171648573942182
blk0_spa/c_readout,35,0,512,0.00801627104930992,5.713532401043052e-07,0.40421030453854734,0.00019798086608650498,1.5656779393183436e-05,0.0011889091156086992
blk0_spa/d_path,35,0,512,0.0,0.0,20.63763992213509,0.0,0.0,0.0
blk0_spa/readout,35,0,512,0.00801627104930969,5.713532401042574e-07,24.87159917755611,0.00019798086608652232,1.565677939318299e-05,0.0001515655473492482
blk0_spa/state,36,0,8192,0.051332247239815325,2.1711646873048526e-06,0.9095562346197441,0.0002297808230930752,6.266143461891519e-06,0.0015450111068955569
blk0_spa/c_readout,36,0,512,0.008165504676961055,5.943910348476438e-07,0.42411635235583944,0.00021853822593539442,1.594825132218956e-05,0.0011838416530483436
blk0_spa/d_path,36,0,512,0.0,0.0,21.35083424315258,0.0,0.0,0.0
blk0_spa/readout,36,0,512,0.00816550467696087,5.943910348476708e-07,25.922540186897937,0.00021853822593542738,1.59482513221892e-05,0.00015142491793717876
blk0_spa/state,37,0,8192,0.052655446894638885,2.2881086798145505e-06,0.9088454303239979,0.00023452845654987724,6.427666857255723e-06,0.001586694478059003
blk0_spa/c_readout,37,0,512,0.008847841674960376,7.069385629351265e-07,0.4510541535198942,0.00023422806951705136,1.7280940771406985e-05,0.001251919756817264
blk0_spa/d_path,37,0,512,0.0,0.0,20.65795456735004,0.0,0.0,0.0
blk0_spa/readout,37,0,512,0.008847841674960291,7.069385629350672e-07,25.370491893884896,0.00023422806951700625,1.728094077140682e-05,0.00016692692475128666
blk0_spa/state,38,0,8192,0.05358196749539107,2.3839630729005072e-06,0.9163555969016421,0.0002370963783883233,6.54076751652723e-06,0.001612938259298238
blk0_spa/c_readout,38,0,512,0.009293868358781304,7.63899744576818e-07,0.4905218970612177,0.00023525394619704904,1.8152086638244733e-05,0.0012479264300412855
blk0_spa/d_path,38,0,512,0.0,0.0,20.866256741699313,0.0,0.0,0.0
blk0_spa/readout,38,0,512,0.009293868358781099,7.638997445767636e-07,25.80338579192574,0.00023525394619705597,1.8152086638244334e-05,0.00017205996672472278
blk0_spa/state,39,0,8192,0.05448627135464491,2.4876940201365597e-06,0.9284735219105221,0.00024214251265461048,6.651156171221303e-06,0.0016368682300211912
blk0_spa/c_readout,39,0,512,0.009152022438327266,7.256238153480983e-07,0.47856950615935434,0.00020650621552658482,1.787504382485794e-05,0.0012313549279463418
blk0_spa/d_path,39,0,512,0.0,0.0,22.710160546513944,0.0,0.0,0.0
blk0_spa/readout,39,0,512,0.009152022438327363,7.256238153481015e-07,27.583002247703174,0.00020650621552653625,1.787504382485813e-05,0.00016219407924543492
blk0_spa/state,40,0,8192,0.05531156328843063,2.5718760794311055e-06,0.9285947845365083,0.00024935526909703777,6.751899815482254e-06,0.0016642244551934374
blk0_spa/c_readout,40,0,512,0.009057324185781458,7.442603807234962e-07,0.4661266152193914,0.00024620457226299033,1.769008630035441e-05,0.0012636025677048258
blk0_spa/d_path,40,0,512,0.0,0.0,21.70850558500021,0.0,0.0,0.0
blk0_spa/readout,40,0,512,0.009057324185781628,7.44260380723484e-07,26.294943677016388,0.00024620457226298686,1.7690086300354743e-05,0.00016823886428431217
blk0_spa/state,41,0,8192,0.05600614241227752,2.665083016643129e-06,0.9256857917389144,0.00025773951308668587,6.836687306186221e-06,0.0016967723245694206
blk0_spa/c_readout,41,0,512,0.00867949504553892,6.768708415965779e-07,0.41130909028019447,0.0002219113217609963,1.6952138760818204e-05,0.0012828289404230614
blk0_spa/d_path,41,0,512,0.0,0.0,20.907298419049546,0.0,0.0,0.0
blk0_spa/readout,41,0,512,0.008679495045539446,6.768708415965997e-07,25.274630212823922,0.00022191132176097028,1.695213876081923e-05,0.0001636479230527522
blk0_spa/state,42,0,8192,0.05639144777492725,2.75398787537958e-06,0.9109825466394049,0.00026508589548804654,6.883721652212799e-06,0.0017387053230503435
blk0_spa/c_readout,42,0,512,0.009215284992622062,7.859439382615376e-07,0.43026517794892405,0.000245160948831695,1.7998603501214964e-05,0.0013515362068554533
blk0_spa/d_path,42,0,512,0.0,0.0,20.5796006027352,0.0,0.0,0.0
blk0_spa/readout,42,0,512,0.009215284992621975,7.859439382615188e-07,25.087941475097008,0.0002451609488317019,1.7998603501214795e-05,0.00017699592612393435
blk0_spa/state,43,0,8192,0.05732840983519415,2.864220163649673e-06,0.9186814767979582,0.00027303662117458306,6.998096903710223e-06,0.0017657154575236162
blk0_spa/c_readout,43,0,512,0.010234302436795179,1.006307395169515e-06,0.5003662661481277,0.00030310978243151473,1.9988871946865584e-05,0.001418147229377443
blk0_spa/d_path,43,0,512,0.0,0.0,20.554765912074416,0.0,0.0,0.0
blk0_spa/readout,43,0,512,0.010234302436795038,1.0063073951695246e-06,25.60910867946944,0.0003031097824315321,1.998887194686531e-05,0.00019822941555629046
blk0_spa/state,44,0,8192,0.05817419865528126,2.9597504889300904e-06,0.9444393523527281,0.00027782909444025103,7.1013426092872636e-06,0.0017702740905084962
blk0_spa/c_readout,44,0,512,0.01023259218401524,9.712068771084943e-07,0.5207764082961697,0.0002944293166512648,1.9985531609404764e-05,0.0013656211160459394
blk0_spa/d_path,44,0,512,0.0,0.0,20.918847876898386,0.0,0.0,0.0
blk0_spa/readout,44,0,512,0.010232592184015574,9.71206877108583e-07,26.195835231956305,0.0002944293166512457,1.9985531609405418e-05,0.0001925483269657307
blk0_spa/state,45,0,8192,0.05882635991743259,3.0556189831634998e-06,0.9660785361621275,0.00028480751097842254,7.1809521383584704e-06,0.0017784570569764266
blk0_spa/c_readout,45,0,512,0.010126407143759885,9.619381644880422e-07,0.5068008487728188,0.0002730990414396284,1.9778138952656025e-05,0.001377700801249631
blk0_spa/d_path,45,0,512,0.0,0.0,21.544613667725237,0.0,0.0,0.0
blk0_spa/readout,45,0,512,0.010126407143759881,9.619381644880051e-07,26.782860662825154,0.0002730990414396284,1.9778138952656018e-05,0.00018951565761366748
blk0_spa/state,46,0,8192,0.05992803416244519,3.1732709582124537e-06,0.9723868015051054,0.0002939972342908617,7.31543385772036e-06,0.0018064837148827919
blk0_spa/c_readout,46,0,512,0.009366674714162828,8.105783661052487e-07,0.46250967529404774,0.000283101355403886,1.8294286551099273e-05,0.0013238448586508275
blk0_spa/d_path,46,0,512,0.0,0.0,22.41393144919584,0.0,0.0,0.0
blk0_spa/readout,46,0,512,0.009366674714162547,8.105783661052472e-07,27.315216835837838,0.0002831013554038808,1.8294286551098725e-05,0.00017226425807835338
blk0_spa/state,47,0,8192,0.0608716796751252,3.281727261382936e-06,0.9601289671927149,0.00030025975840388894,7.430624960342431e-06,0.0018487852009978884
blk0_spa/c_readout,47,0,512,0.009824949005358836,8.775247388645879e-07,0.4804921121411897,0.00026389597951185714,1.9189353526091477e-05,0.0013514082103020344
blk0_spa/d_path,47,0,512,0.0,0.0,21.165407469117582,0.0,0.0,0.0
blk0_spa/readout,47,0,512,0.009824949005358961,8.775247388646603e-07,26.068442612595113,0.0002638959795118745,1.918935352609172e-05,0.0001834729911451071
blk0_spa/state,48,0,8192,0.06129135371150059,3.358646236442272e-06,0.9868164541888362,0.00030756375638518567,7.4818547011109116e-06,0.0018448622317592178
blk0_spa/c_readout,48,0,512,0.010929028190163084,1.1300558625166026e-06,0.5824430192151268,0.00032163214514053726,2.1345758183912273e-05,0.0013929105703062309
blk0_spa/d_path,48,0,512,0.0,0.0,22.910350621569023,0.0,0.0,0.0
blk0_spa/readout,48,0,512,0.010929028190162789,1.1300558625165173e-06,28.607700985711226,0.00032163214514052685,2.1345758183911697e-05,0.00019875061328759408
blk0_spa/state,49,0,8192,0.06254958865232416,3.476422118995759e-06,1.0352724681387058,0.0003135470258479201,7.635447833535664e-06,0.001832478635287927
blk0_spa/c_readout,49,0,512,0.010233713115531996,9.904328972215037e-07,0.5707521802788217,0.00034171734111644245,1.998772092877343e-05,0.0013173122756733138
blk0_spa/d_path,49,0,512,0.0,0.0,24.434909414640995,0.0,0.0,0.0
blk0_spa/readout,49,0,512,0.010233713115532625,9.904328972216114e-07,30.200787399762643,0.00034171734111654306,1.998772092877466e-05,0.00018109372225897074
blk0_spa/state,50,0,8192,0.06316916655170747,3.574719737176977e-06,1.0264168191856993,0.00031614088020611407,7.711079901331478e-06,0.0018662040137125686
blk0_spa/c_readout,50,0,512,0.009402064895975974,8.689476911222931e-07,0.4657918972218314,0.00030376959339640207,1.8363407999953074e-05,0.001365843222880268
blk0_spa/d_path,50,0,512,0.0,0.0,22.40530387175244,0.0,0.0,0.0
blk0_spa/readout,50,0,512,0.0094020648959749,8.689476911222399e-07,27.20574803542442,0.00030376959339639686,1.8363407999950977e-05,0.00017871725324219366
blk0_spa/state,51,0,8192,0.0641215165421168,3.6890148397868296e-06,1.0302646052201552,0.00031809328898767947,7.827333562270117e-06,0.0018922600094461149
blk0_spa/c_readout,51,0,512,0.011528953684701207,1.2549961618098107e-06,0.5640007893300901,0.0002903394612670286,2.2517487665432045e-05,0.0014916994957072719
blk0_spa/d_path,51,0,512,0.0,0.0,21.244844190764102,0.0,0.0,0.0
blk0_spa/readout,51,0,512,0.011528953684701193,1.2549961618098228e-06,26.72884964006844,0.0002903394612669974,2.2517487665432018e-05,0.0002166861058799605
blk0_spa/state,52,0,8192,0.06498894670743229,3.8076616942435463e-06,1.0339812109837974,0.0003209927542849496,7.933221033622105e-06,0.0019189906289782811
blk0_spa/c_readout,52,0,512,0.00996382363605201,9.797806652003383e-07,0.4513814179912398,0.0002700517779970907,1.946059303916408e-05,0.0014733047675178923
blk0_spa/d_path,52,0,512,0.0,0.0,21.28023152758656,0.0,0.0,0.0
blk0_spa/readout,52,0,512,0.00996382363605168,9.79780665200373e-07,26.091703798056106,0.00027005177799710456,1.9460593039163438e-05,0.00019378190128250085
blk0_spa/state,53,0,8192,0.06585082374492246,3.948067876848307e-06,1.0190326843675048,0.0003262205964958756,8.038430632925105e-06,0.0019683315259205816
blk0_spa/c_readout,53,0,512,0.01117712778932259,1.1898573271488408e-06,0.5086589304906747,0.0003180014714391551,2.1830327713520684e-05,0.0015294458583569686
blk0_spa/d_path,53,0,512,0.0,0.0,22.231340502948097,0.0,0.0,0.0
blk0_spa/readout,53,0,512,0.011177127789322356,1.1898573271489043e-06,27.338821051474824,0.0003180014714392332,2.1830327713520227e-05,0.0002086207745690811
blk0_spa/state,54,0,8192,0.06663810736307492,4.071084870790814e-06,1.0133577111374914,0.0003322041054627141,8.134534590219106e-06,0.0020043505974046806
blk0_spa/c_readout,54,0,512,0.011398849806196938,1.211480777233592e-06,0.5122194769558144,0.00028853920954796837,2.2263378527728395e-05,0.0015379075166363377
blk0_spa/d_path,54,0,512,0.0,0.0,21.49367243641116,0.0,0.0,0.0
blk0_spa/readout,54,0,512,0.01139884980619662,1.2114807772335532e-06,26.698142230974526,0.00028853920954796664,2.2263378527727775e-05,0.00021301870617876207
blk0_spa/state,55,0,8192,0.06720687566797676,4.18256549179299e-06,1.0341693042849536,0.0003400443133634405,8.203964314938569e-06,0.00201106243326941
blk0_spa/c_readout,55,0,512,0.0124676943173708,1.45931319773081e-06,0.5962520368597685,0.0003076033354688021,2.4350965463614843e-05,0.0015644414613720365
blk0_spa/d_path,55,0,512,0.0,0.0,21.86969913862844,0.0,0.0,0.0
blk0_spa/readout,55,0,512,0.012467694317371545,1.4593131977309245e-06,27.603105480859384,0.00030760333546886454,2.43509654636163e-05,0.00022992981112741556
blk0_spa/state,56,0,8192,0.06766621957932141,4.283699575428986e-06,1.037603929665527,0.0003491873164609815,8.260036569741383e-06,0.0020318596163056003
blk0_spa/c_readout,56,0,512,0.011251329689503164,1.1862547147669007e-06,0.5073870147144577,0.00028585299978833856,2.1975253299810867e-05,0.00152904160122384
blk0_spa/d_path,56,0,512,0.0,0.0,21.838900670092134,0.0,0.0,0.0
blk0_spa/readout,56,0,512,0.01125132968950347,1.1862547147669536e-06,26.958273875067125,0.00028585299978833856,2.1975253299811466e-05,0.0002097697860349057
blk0_spa/state,57,0,8192,0.06863734632810571,4.4085171404666806e-06,1.037108862772187,0.00035799942525423234,8.378582315442592e-06,0.002061740936382949
blk0_spa/c_readout,57,0,512,0.01174808774440154,1.3156216097995202e-06,0.5195462487507396,0.00033517136610262954,2.2945483875784257e-05,0.0015913048721236766
blk0_spa/d_path,57,0,512,0.0,0.0,22.039107878653837,0.0,0.0,0.0
blk0_spa/readout,57,0,512,0.011748087744401368,1.3156216097996013e-06,27.23882160363661,0.0003351713661026712,2.294548387578392e-05,0.00021977148439002137
blk0_spa/state,58,0,8192,0.06933626574612964,4.536510628327618e-06,1.0414391725388885,0.00036811018910285626,8.46389962721309e-06,0.0020871036220974503
blk0_spa/c_readout,58,0,512,0.012049799820690387,1.4242287209569383e-06,0.5356548010663088,0.0003344970904962108,2.3534765274785912e-05,0.0016305997403236322
blk0_spa/d_path,58,0,512,0.0,0.0,23.329498532722194,0.0,0.0,0.0
blk0_spa/readout,58,0,512,0.012049799820690776,1.424228720956974e-06,28.75682358762835,0.0003344970904962108,2.353476527478667e-05,0.00022254580547516534
blk0_spa/state,59,0,8192,0.07010451266298812,4.676499419204677e-06,1.054821963455535,0.0003781504850101196,8.557679768431167e-06,0.0021055757022862584
blk0_spa/c_readout,59,0,512,0.012192370426848377,1.4280215321212785e-06,0.5431187232372435,0.0003059020384299019,2.3813223489938236e-05,0.0016215113412761674
blk0_spa/d_path,59,0,512,0.0,0.0,22.95917788099591,0.0,0.0,0.0
blk0_spa/readout,59,0,512,0.012192370426848769,1.4280215321212431e-06,28.577142050065028,0.00030590203842995045,2.3813223489939002e-05,0.00022354140753700879
blk0_spa/state,60,0,8192,0.07045214842186719,4.777039274104399e-06,1.0436358003563702,0.0003844036870379805,8.60011577415371e-06,0.002139463697014874
blk0_spa/c_readout,60,0,512,0.012478025039397383,1.5308055374956605e-06,0.5341670699276384,0.00031749855314627123,2.4371142655073014e-05,0.0016928616110062215
blk0_spa/d_path,60,0,512,0.0,0.0,20.96516584088391,0.0,0.0,0.0
blk0_spa/readout,60,0,512,0.012478025039396896,1.5308055374956541e-06,26.34915297408569,0.00031749855314622266,2.4371142655072062e-05,0.00024103309803834665
blk0_spa/state,61,0,8192,0.07126929647487933,4.906206168333006e-06,1.0368340594423042,0.0003895974486911591,8.699865292343668e-06,0.002175295540552591
blk0_spa/c_readout,61,0,512,0.012439481032949907,1.5916917644488763e-06,0.5389964747561478,0.0003654584827596091,2.4295861392480287e-05,0.0017184485035136345
blk0_spa/d_path,61,0,512,0.0,0.0,20.907057764658294,0.0,0.0,0.0
blk0_spa/readout,61,0,512,0.012439481032949926,1.5916917644488365e-06,26.31144565960011,0.00036545848275959525,2.4295861392480325e-05,0.00024595583451553053
blk0_spa/state,62,0,8192,0.07235986815501123,5.0340384751741825e-06,1.0438848016034454,0.00039348518932088433,8.83299171814102e-06,0.0021959981909039973
blk0_spa/c_readout,62,0,512,0.012409584939784179,1.520457621432492e-06,0.542720432405762,0.0003767534351057575,2.4237470585515974e-05,0.001673782696450558
blk0_spa/d_path,62,0,512,0.0,0.0,21.14261799076765,0.0,0.0,0.0
blk0_spa/readout,62,0,512,0.01240958493978436,1.520457621432586e-06,26.72242562505398,0.0003767534351057922,2.4237470585516327e-05,0.00023853341257185513
blk0_spa/state,63,0,8192,0.07272045541515908,5.137672269249248e-06,1.0385672981027934,0.00039886962109059176,8.877008717670786e-06,0.0022241592360895696
blk0_spa/c_readout,63,0,512,0.012259940704142616,1.4987802259054813e-06,0.5287463880938934,0.0003466818989001138,2.3945196687778547e-05,0.001683624629910182
blk0_spa/d_path,63,0,512,0.0,0.0,21.729301321699676,0.0,0.0,0.0
blk0_spa/readout,63,0,512,0.012259940704142928,1.4987802259055416e-06,27.18074969377361,0.00034668189890019185,2.3945196687779157e-05,0.0002348217183287888
blk0_spa/state,64,0,8192,0.07329563855964744,5.251960969731367e-06,1.0610069784110032,0.0004106349016057831,8.947221503863212e-06,0.002224854553009494
blk0_spa/c_readout,64,0,512,0.013063765883185044,1.6976431820642794e-06,0.6129604021030326,0.00036844940184718386,2.551516774059579e-05,0.0016642056688898883
blk0_spa/d_path,64,0,512,0.0,0.0,22.7666702472777,0.0,0.0,0.0
blk0_spa/readout,64,0,512,0.013063765883185375,1.6976431820643438e-06,28.7631336465476,0.0003684494018472151,2.5515167740596436e-05,0.00024294340114485209
blk0_spa/state,65,0,8192,0.0743558702111427,5.372512875655811e-06,1.091396253425397,0.00041654626194861585,9.076644312883631e-06,0.002218694481673507
blk0_spa/c_readout,65,0,512,0.013030959701036921,1.668277732338393e-06,0.6237093171166253,0.0003752224864440358,2.5451093166087737e-05,0.0016354718020842227
blk0_spa/d_path,65,0,512,0.0,0.0,23.04787822679646,0.0,0.0,0.0
blk0_spa/readout,65,0,512,0.013030959701037004,1.6682777323383974e-06,29.141818666403264,0.0003752224864440601,2.54510931660879e-05,0.0002392631690908369
blk0_spa/state,66,0,8192,0.07501229109951972,5.4744901202947476e-06,1.1095839199242576,0.00041895326994608253,9.156773815859341e-06,0.0022212209501744464
blk0_spa/c_readout,66,0,512,0.01242003248303571,1.503944660326581e-06,0.5942534608777268,0.0003758285274186486,2.425787594342912e-05,0.0015908530619940734
blk0_spa/d_path,66,0,512,0.0,0.0,22.78428665674916,0.0,0.0,0.0
blk0_spa/readout,66,0,512,0.012420032483035453,1.5039446603265267e-06,28.520069021590906,0.00037582852741863126,2.425787594342862e-05,0.00022963635352548942
blk0_spa/state,67,0,8192,0.07589265952517527,5.612279353350001e-06,1.1492115455761982,0.0004236405206709225,9.264240664694246e-06,0.002209884876484059
blk0_spa/c_readout,67,0,512,0.013920193227375928,1.91204777539931e-06,0.6457097438825559,0.00040538913651643957,2.718787739721861e-05,0.001720801198153803
blk0_spa/d_path,67,0,512,0.0,0.0,25.10458707939107,0.0,0.0,0.0
blk0_spa/readout,67,0,512,0.013920193227376153,1.912047775399282e-06,31.401450001794927,0.00040538913651644304,2.718787739721905e-05,0.00024675986187400894
blk0_spa/state,68,0,8192,0.07672759827474172,5.768642214384512e-06,1.1285806000578629,0.00042878116906285707,9.366161898772183e-06,0.002260843556747054
blk0_spa/c_readout,68,0,512,0.011711304743223608,1.379398371258603e-06,0.4977371610012082,0.0003117713035806803,2.287364207660861e-05,0.0016647338916887513
blk0_spa/d_path,68,0,512,0.0,0.0,22.40482259460192,0.0,0.0,0.0
blk0_spa/readout,68,0,512,0.011711304743223537,1.3793983712585329e-06,27.529941568206617,0.00031177130358067684,2.287364207660847e-05,0.00022384232578895224
blk0_spa/state,69,0,8192,0.07722608418864921,5.888431233824202e-06,1.1113318872446394,0.0004349354601876146,9.427012230059718e-06,0.002301854752002982
blk0_spa/c_readout,69,0,512,0.013013516806604659,1.7033714330581692e-06,0.5410485701984854,0.000407195131365945,2.5417025012899725e-05,0.0017743388139087482
blk0_spa/d_path,69,0,512,0.0,0.0,22.048474581658997,0.0,0.0,0.0
blk0_spa/readout,69,0,512,0.01301351680660488,1.70337143305817e-06,27.544889445687925,0.0004071951313658895,2.5417025012900155e-05,0.000248676165990282
blk0_spa/state,70,0,8192,0.07754956828057086,5.994024081170597e-06,1.11183217609575,0.0004421010712335645,9.466500034249372e-06,0.0023218792083127488
blk0_spa/c_readout,70,0,512,0.013530159489965407,1.8252258448719862e-06,0.5498007694331726,0.0003782180502048191,2.6426092753838685e-05,0.0018220304605334277
blk0_spa/d_path,70,0,512,0.0,0.0,21.375617372382937,0.0,0.0,0.0
blk0_spa/readout,70,0,512,0.013530159489964983,1.8252258448719656e-06,27.06338417986995,0.00037821805020488153,2.6426092753837858e-05,0.00025969719182936834
blk0_spa/state,71,0,8192,0.07782391997671644,6.101913566488515e-06,1.1162774036627114,0.0004491293432455738,9.499990231532768e-06,0.002338013201144443
blk0_spa/c_readout,71,0,512,0.01313323208045392,1.7685952262720392e-06,0.5194266797499554,0.00037349876980978525,2.565084390713656e-05,0.0018452367596920108
blk0_spa/d_path,71,0,512,0.0,0.0,20.917232351426254,0.0,0.0,0.0
blk0_spa/readout,71,0,512,0.013133232080453743,1.7685952262720227e-06,26.34958659991937,0.0003734987698097436,2.5650843907136216e-05,0.0002590760823873638
blk0_spa/state,72,0,8192,0.07846004528868303,6.227617141404718e-06,1.1182953141724934,0.0004556497448535181,9.57764224715369e-06,0.0023598407706678474
blk0_spa/c_readout,72,0,512,0.013485132327300121,1.858563004152412e-06,0.54928928374899,0.00038028459086002567,2.633814907675805e-05,0.0018394503961054187
blk0_spa/d_path,72,0,512,0.0,0.0,21.294290195607946,0.0,0.0,0.0
blk0_spa/readout,72,0,512,0.013485132327300227,1.8585630041524464e-06,26.852512210864173,0.0003802845908600361,2.6338149076758256e-05,0.00026308505783916296
blk0_spa/state,73,0,8192,0.07909830034057641,6.337127037366915e-06,1.1152313997624288,0.0004618707373747616,9.655554240793019e-06,0.0023837665008534384
blk0_spa/c_readout,73,0,512,0.012959710058164457,1.749691273128046e-06,0.5081239390626644,0.00040206054853575077,2.5311933707352455e-05,0.0018556492258741718
blk0_spa/d_path,73,0,512,0.0,0.0,21.83933031017052,0.0,0.0,0.0
blk0_spa/readout,73,0,512,0.012959710058164455,1.7496912731280643e-06,27.266331411650622,0.00040206054853575424,2.531193370735245e-05,0.00025331876281804055
blk0_spa/state,74,0,8192,0.07976428191896595,6.4657953373976366e-06,1.121497164250229,0.00046855630113090685,9.736850820186273e-06,0.0024011090628154493
blk0_spa/c_readout,74,0,512,0.013696037544046701,1.9376972035130853e-06,0.5579730371821763,0.0004104276037127687,2.6750073328216213e-05,0.0018635298328987127
blk0_spa/d_path,74,0,512,0.0,0.0,22.38150029417469,0.0,0.0,0.0
blk0_spa/readout,74,0,512,0.013696037544046944,1.9376972035130574e-06,28.10510175146941,0.00041042760371273745,2.6750073328216688e-05,0.00026257318687583983
blk0_spa/state,75,0,8192,0.08018471705726765,6.585060239677833e-06,1.1424040345182245,0.00047554158446233563,9.788173468904743e-06,0.0024008775574967957
blk0_spa/c_readout,75,0,512,0.01483332309396447,2.265092040897894e-06,0.6485599771207614,0.0004857068882982672,2.8971334167899357e-05,0.0018688216413371586
blk0_spa/d_path,75,0,512,0.0,0.0,21.74631620040374,0.0,0.0,0.0
blk0_spa/readout,75,0,512,0.014833323093964769,2.265092040897954e-06,28.103376901608367,0.00048570688829829844,2.897133416789994e-05,0.0002838988760023845
blk0_spa/state,76,0,8192,0.08053134028506582,6.693471987659116e-06,1.1381543987132687,0.00047915355674084045,9.830485874641824e-06,0.002425074776577943
blk0_spa/c_readout,76,0,512,0.013726767030774798,2.0075448085544082e-06,0.5595506106772303,0.0004089735295128988,2.6810091856982028e-05,0.0018941437562518064
blk0_spa/d_path,76,0,512,0.0,0.0,21.20457586335448,0.0,0.0,0.0
blk0_spa/readout,76,0,512,0.013726767030774942,2.0075448085544747e-06,26.958789251976068,0.00040897352951291266,2.681009185698231e-05,0.0002728867392537574
blk0_spa/state,77,0,8192,0.08114303073437644,6.8036547484404905e-06,1.1163911333135461,0.0004820477245209044,9.905155118942436e-06,0.002468669459624234
blk0_spa/c_readout,77,0,512,0.014372014210084699,2.220472756761996e-06,0.5750105834868852,0.0004489769169498843,2.8070340254071677e-05,0.0019651006777395893
blk0_spa/d_path,77,0,512,0.0,0.0,21.128748322186432,0.0,0.0,0.0
blk0_spa/readout,77,0,512,0.014372014210085217,2.2204727567621154e-06,26.88586937996082,0.0004489769169498947,2.807034025407269e-05,0.00028738274080543987
blk0_spa/state,78,0,8192,0.08148978732229317,6.930459441114817e-06,1.1168703516052403,0.0004875496888556152,9.947483803990866e-06,0.0024910338665030266
blk0_spa/c_readout,78,0,512,0.01381573385398804,2.004641228728097e-06,0.5456082135380675,0.0004398558178782819,2.698385518357039e-05,0.001916804760384907
blk0_spa/d_path,78,0,512,0.0,0.0,21.24697531128626,0.0,0.0,0.0
blk0_spa/readout,78,0,512,0.013815733853988484,2.0046412287282072e-06,26.948135709061066,0.00043985581787830963,2.698385518357126e-05,0.00027274322169424097
blk0_spa/state,79,0,8192,0.08227726029960347,7.068139477816059e-06,1.120539223439497,0.0004966720766715511,1.004361087641644e-05,0.0025115337806598356
blk0_spa/c_readout,79,0,512,0.013931513501394002,2.0295822418013146e-06,0.5634356301378591,0.0004878586929056468,2.720998730741016e-05,0.0018979342957388882
blk0_spa/d_path,79,0,512,0.0,0.0,21.82987761643583,0.0,0.0,0.0
blk0_spa/readout,79,0,512,0.013931513501394216,2.0295822418012892e-06,27.604276978788416,0.00048785869290568495,2.7209987307410577e-05,0.0002711534527555778
blk0_spa/state,80,0,8192,0.08285757361740388,7.185483851323567e-06,1.1353842188081988,0.0005070630830532122,1.0114449904468247e-05,0.0025156868643311566
blk0_spa/c_readout,80,0,512,0.014831046635746461,2.323951998382381e-06,0.641394914180476,0.00048630785480922173,2.8966887960442307e-05,0.001903490969205465
blk0_spa/d_path,80,0,512,0.0,0.0,22.777600959709595,0.0,0.0,0.0
blk0_spa/readout,80,0,512,0.014831046635746574,2.3239519983824276e-06,29.10224618651058,0.00048630785480924255,2.8966887960442527e-05,0.0002825857914779641
blk0_spa/state,81,0,8192,0.08393821717904035,7.320871210765087e-06,1.1504553034741958,0.0005118406242350208,1.0246364401738324e-05,0.00252258906118219
blk0_spa/c_readout,81,0,512,0.014754361037608804,2.214532962201718e-06,0.6122753670350979,0.00037714956977726727,2.8817111401579695e-05,0.0019018124266571373
blk0_spa/d_path,81,0,512,0.0,0.0,23.115232660265015,0.0,0.0,0.0
blk0_spa/readout,81,0,512,0.014754361037608764,2.2145329622017112e-06,29.213589603271323,0.00037714956977724645,2.8817111401579617e-05,0.000275326879438875
blk0_spa/state,82,0,8192,0.08462633435701057,7.447032826859096e-06,1.1785578740315281,0.0005161086697755904,1.0330363080689767e-05,0.0025137158134471505
blk0_spa/c_readout,82,0,512,0.015292126564627265,2.3598122814454485e-06,0.6931607294325437,0.0004302245903414839,2.9867434696537626e-05,0.0018451078369529632
blk0_spa/d_path,82,0,512,0.0,0.0,24.25204348647538,0.0,0.0,0.0
blk0_spa/readout,82,0,512,0.015292126564627228,2.359812281445454e-06,30.848338013563463,0.000430224590341477,2.9867434696537555e-05,0.0002765813187707079
blk0_spa/state,83,0,8192,0.08547170263796129,7.621653408223403e-06,1.1797390698422054,0.00052471563220206,1.043355745092301e-05,0.002541742885332031
blk0_spa/c_readout,83,0,512,0.01387830948730196,1.990123337761538e-06,0.5505018281763261,0.000391109210017275,2.710607321738664e-05,0.0019013436277404412
blk0_spa/d_path,83,0,512,0.0,0.0,24.222619861513873,0.0,0.0,0.0
blk0_spa/readout,83,0,512,0.013878309487301538,1.990123337761455e-06,29.846129335948486,0.00039110921001728194,2.7106073217385816e-05,0.00025822363358357484
blk0_spa/state,84,0,8192,0.08619806814172618,7.807012004962505e-06,1.1619040448606006,0.0005348579592618953,1.0522225114956808e-05,0.0025921330642891907
blk0_spa/c_readout,84,0,512,0.01432964598678204,2.2024146288809685e-06,0.5498371835334694,0.00047740025165972366,2.7987589817933672e-05,0.002001393515715979
blk0_spa/d_path,84,0,512,0.0,0.0,22.698318896223586,0.0,0.0,0.0
blk0_spa/readout,84,0,512,0.014329645986782654,2.2024146288810887e-06,28.30434082531922,0.0004774002516596543,2.798758981793487e-05,0.00027894785035127945
blk0_spa/state,85,0,8192,0.08642570131808751,7.923274351507404e-06,1.1598324609563873,0.0005400189734717162,1.0550012367930604e-05,0.002613693858050726
blk0_spa/c_readout,85,0,512,0.016495088629599804,2.7780891615911232e-06,0.6617010192591285,0.0004455178646755216,3.221696997968712e-05,0.0020490010844434045
blk0_spa/d_path,85,0,512,0.0,0.0,22.98574839888134,0.0,0.0,0.0
blk0_spa/readout,85,0,512,0.016495088629600106,2.778089161591206e-06,29.42611285136484,0.00044551786467561527,3.221696997968771e-05,0.0003072604356370563
blk0_spa/state,86,0,8192,0.0869061573612113,8.048915647141933e-06,1.1637655222367005,0.0005453979820168701,1.0608661787257238e-05,0.0026298800748918096
blk0_spa/c_readout,86,0,512,0.014761894185703194,2.393793562157143e-06,0.5485372350129478,0.0005217480208987609,2.883182458145155e-05,0.0020890089026357034
blk0_spa/d_path,86,0,512,0.0,0.0,21.98108576152576,0.0,0.0,0.0
blk0_spa/readout,86,0,512,0.014761894185703107,2.3937935621570717e-06,27.82408107104783,0.0005217480208987713,2.883182458145138e-05,0.0002933140943937998
blk0_spa/state,87,0,8192,0.08723572101814356,8.18036715353141e-06,1.136461880862705,0.0005521090843988961,1.0648891725847602e-05,0.002682927651309055
blk0_spa/c_readout,87,0,512,0.015245199222171064,2.4665686846220057e-06,0.5410900776705279,0.0004316517932981198,2.977577973080286e-05,0.0021350685418307126
blk0_spa/d_path,87,0,512,0.0,0.0,21.346932787714366,0.0,0.0,0.0
blk0_spa/readout,87,0,512,0.015245199222171693,2.4665686846221696e-06,26.872665588461,0.00043165179329818226,2.977577973080409e-05,0.00030296414425292934
blk0_spa/state,88,0,8192,0.0881213618329503,8.349354116545666e-06,1.1753669755112754,0.0005605141086992872,1.0757002176873816e-05,0.002665260717582989
blk0_spa/c_readout,88,0,512,0.015345130003714992,2.397591486560384e-06,0.6095933167369104,0.0004273540124072085,2.9970957038505844e-05,0.0019832044827776786
blk0_spa/d_path,88,0,512,0.0,0.0,22.309264859116535,0.0,0.0,0.0
blk0_spa/readout,88,0,512,0.015345130003714935,2.3975914865603576e-06,28.581302280021156,0.00042735401240734383,2.9970957038505732e-05,0.0002896320294377509
blk0_spa/state,89,0,8192,0.08843484411204416,8.464879247060608e-06,1.1965485005802057,0.0005676676608732112,1.0795269056646016e-05,0.0026597770242150457
blk0_spa/c_readout,89,0,512,0.016339664065126932,2.8377033771508915e-06,0.6570632734651563,0.000460181738031272,3.191340637720104e-05,0.0020781644055432747
blk0_spa/d_path,89,0,512,0.0,0.0,21.88501247637538,0.0,0.0,0.0
blk0_spa/readout,89,0,512,0.01633966406512697,2.837703377150862e-06,28.372992386717506,0.0004601817380313067,3.1913406377201113e-05,0.00031625028659840263
blk0_spa/state,90,0,8192,0.08917001444532296,8.611823393659286e-06,1.186028671489247,0.0005747933346599635,1.0885011528970088e-05,0.0026946351059812922
blk0_spa/c_readout,90,0,512,0.016369941714906727,2.797000077589191e-06,0.6295997875275579,0.00043933859719924584,3.19725424119272e-05,0.0021077250292856624
blk0_spa/d_path,90,0,512,0.0,0.0,20.999814163544194,0.0,0.0,0.0
blk0_spa/readout,90,0,512,0.016369941714906387,2.797000077589206e-06,27.12466657204426,0.00043933859719924584,3.1972542411926536e-05,0.00032111754509803946
blk0_spa/state,91,0,8192,0.08929327072293464,8.721216605077357e-06,1.181280886104202,0.0005807611365614834,1.0900057461295732e-05,0.00271713957557743
blk0_spa/c_readout,91,0,512,0.016383164532400345,2.9509834608270797e-06,0.6089653857990723,0.0005417315553251541,3.199836822734442e-05,0.0022013397911985347
blk0_spa/d_path,91,0,512,0.0,0.0,20.77968758106019,0.0,0.0,0.0
blk0_spa/readout,91,0,512,0.01638316453240095,2.9509834608272386e-06,26.89608893555558,0.00054173155532522,3.19983682273456e-05,0.0003312369840192113
blk0_spa/state,92,0,8192,0.08978514826153292,8.854536354482663e-06,1.1752938335972607,0.0005838706478855649,1.0960101106144155e-05,0.002744793546320473
blk0_spa/c_readout,92,0,512,0.01714874707601231,3.2611782956963737e-06,0.6468684418683207,0.0005783288541399839,3.349364663283654e-05,0.0022453254013514263
blk0_spa/d_path,92,0,512,0.0,0.0,20.678080120979473,0.0,0.0,0.0
blk0_spa/readout,92,0,512,0.01714874707601188,3.2611782956961776e-06,27.008804414615554,0.0005783288541399423,3.34936466328357e-05,0.0003474838235822431
blk0_spa/state,93,0,8192,0.09042919834894442,8.988855284027562e-06,1.1768399832613015,0.0005871662763243662,1.1038720501580129e-05,0.002763716470204102
blk0_spa/c_readout,93,0,512,0.017365679325998844,3.265453100014547e-06,0.6591091876919232,0.0005397591662785958,3.391734243359149e-05,0.002225835386207497
blk0_spa/d_path,93,0,512,0.0,0.0,21.123008012933987,0.0,0.0,0.0
blk0_spa/readout,93,0,512,0.01736567932599927,3.265453100014557e-06,27.59487438423947,0.000539759166278575,3.3917342433592326e-05,0.00034399926494955903
blk0_spa/state,94,0,8192,0.09122230407062228,9.145478362621875e-06,1.1805745378035761,0.0005946865255956231,1.1135535164870883e-05,0.0027832774895273763
blk0_spa/c_readout,94,0,512,0.016624095489044234,3.0674720199733587e-06,0.6329264839571314,0.0005427168280814736,3.246893650203952e-05,0.0022014745578097616
blk0_spa/d_path,94,0,512,0.0,0.0,21.672241670853207,0.0,0.0,0.0
blk0_spa/readout,94,0,512,0.016624095489044,3.067472019973247e-06,28.027758024556316,0.0005427168280814909,3.2468936502039066e-05,0.0003308233272934848
blk0_spa/state,95,0,8192,0.0917387954148044,9.273609776252137e-06,1.177475298194054,0.0006002162593777456,1.119858342465874e-05,0.002806393114513625
blk0_spa/c_readout,95,0,512,0.0166955381784373,2.9965293924477373e-06,0.6262826047263239,0.000518907184324291,3.260847300476035e-05,0.0021873792924846777
blk0_spa/d_path,95,0,512,0.0,0.0,21.144577268736423,0.0,0.0,0.0
blk0_spa/readout,95,0,512,0.016695538178437434,2.996529392447746e-06,27.36581319272924,0.000518907184324291,3.2608473004760614e-05,0.0003309063429543852
blk0_spa/state,96,0,8192,0.09245762420938763,9.413687344360876e-06,1.1916068746053312,0.0006076691869839577,1.1286331080247514e-05,0.0028106928247202067
blk0_spa/c_readout,96,0,512,0.01673526506223067,3.0815346640926963e-06,0.6772305561289931,0.0006073495575468317,3.268606457466928e-05,0.0021331198459070442
blk0_spa/d_path,96,0,512,0.0,0.0,22.800270154185974,0.0,0.0,0.0
blk0_spa/readout,96,0,512,0.01673526506223083,3.0815346640928785e-06,29.393382572517922,0.0006073495575468213,3.268606457466959e-05,0.00032378650583344333
blk0_spa/state,97,0,8192,0.09345491550326893,9.583829189815061e-06,1.2040825164363604,0.0006152353721201355,1.1408070740145133e-05,0.002821248928911317
blk0_spa/c_readout,97,0,512,0.01610665835680015,2.6876534505582765e-06,0.5994194487073623,0.0004214994780771461,3.1458317103125296e-05,0.002117489277308363
blk0_spa/d_path,97,0,512,0.0,0.0,24.308260935659554,0.0,0.0,0.0
blk0_spa/readout,97,0,512,0.016106658356799863,2.6876534505582794e-06,30.533717342868908,0.0004214994780771253,3.145831710312473e-05,0.00029668582303541785
blk0_spa/state,98,0,8192,0.09393954911802926,9.718465380797842e-06,1.213794452625884,0.0006199981728483711,1.1467230116946932e-05,0.0028296079814639882
blk0_spa/c_readout,98,0,512,0.014674147803275661,2.2947016017310445e-06,0.5700279203849651,0.00047042946843538214,2.8660444928272776e-05,0.0020063885709115715
blk0_spa/d_path,98,0,512,0.0,0.0,24.532117087018673,0.0,0.0,0.0
blk0_spa/readout,98,0,512,0.014674147803275531,2.2947016017309077e-06,30.379054522898297,0.0004704294684353405,2.8660444928272522e-05,0.00027483749576238893
blk0_spa/state,99,0,8192,0.094503788506177,9.871764893115145e-06,1.2085444258165758,0.0006232399914440669,1.1536106995382934e-05,0.002858025451644493
blk0_spa/c_readout,99,0,512,0.01841634480633798,3.6573553375492462e-06,0.6959027610884153,0.000521400396771031,3.596942344987887e-05,0.0022924997593387455
blk0_spa/d_path,99,0,512,0.0,0.0,21.874391072012685,0.0,0.0,0.0
blk0_spa/readout,99,0,512,0.018416344806337144,3.6573553375491967e-06,28.433094338588653,0.0005214003967710656,3.5969423449877234e-05,0.0003586505618832507
blk0_spa/state,100,0,8192,0.09499823195160063,1.0015135835480057e-05,1.2091790748327143,0.0006274387033226164,1.1596463861279374e-05,0.0028779491123636096
blk0_spa/c_readout,100,0,512,0.01666710586872994,3.0955435400772573e-06,0.5768864553402366,0.0005434776299406488,3.2552941149863164e-05,0.0023164519030994986
blk0_spa/d_path,100,0,512,0.0,0.0,21.227279492631176,0.0,0.0,0.0
blk0_spa/readout,100,0,512,0.016667105868729902,3.095543540077315e-06,27.267921858849242,0.0005434776299406696,3.255294114986309e-05,0.0003369321382212111
blk0_spa/state,101,0,8192,0.0954237509068998,1.0133658576357056e-05,1.2060460268154292,0.0006309155213646347,1.1648407093127418e-05,0.0028986861325054607
blk0_spa/c_readout,101,0,512,0.017300536767724257,3.2390885029815863e-06,0.6112812467497093,0.0004931205295897328,3.379011087446144e-05,0.0023019234177136267
blk0_spa/d_path,101,0,512,0.0,0.0,21.501458012986603,0.0,0.0,0.0
blk0_spa/readout,101,0,512,0.01730053676772431,3.2390885029815922e-06,27.744229522614248,0.000493120529589719,3.379011087446154e-05,0.00034168433858525806
blk0_spa/state,102,0,8192,0.09585835210844162,1.0281901756718095e-05,1.197544073736218,0.0006387804831276753,1.1701458997612503e-05,0.002930157547747406
blk0_spa/c_readout,102,0,512,0.01722038243910344,3.4678051383212854e-06,0.6095090404527718,0.0005889803743352115,3.363355945137391e-05,0.002385268468048443
blk0_spa/d_path,102,0,512,0.0,0.0,21.905894128162675,0.0,0.0,0.0
blk0_spa/readout,102,0,512,0.017220382439103482,3.46780513832126e-06,28.109216585199412,0.0005889803743353017,3.363355945137399e-05,0.0003512391940656152
blk0_spa/state,103,0,8192,0.09623798304739806,1.0411024820444203e-05,1.2071615818429775,0.0006439329175032399,1.1747800664965583e-05,0.002936730124622336
blk0_spa/c_readout,103,0,512,0.016547883258425693,2.878004317219283e-06,0.5884723700301392,0.0004922105298698076,3.232008448911268e-05,0.0022114782998656412
blk0_spa/d_path,103,0,512,0.0,0.0,22.900846409038316,0.0,0.0,0.0
blk0_spa/readout,103,0,512,0.016547883258425503,2.878004317219094e-06,28.993243602578087,0.0004922105298698076,3.232008448911231e-05,0.000315062937810776
blk0_spa/state,104,0,8192,0.09706157434353055,1.0574745885545288e-05,1.2454765424287682,0.0006508095465595151,1.1848336711856756e-05,0.002913850016896876
blk0_spa/c_readout,104,0,512,0.01712721236118584,3.0834231619479748e-06,0.6371682385713928,0.0004886646246181764,3.3451586642941096e-05,0.0021998319515008084
blk0_spa/d_path,104,0,512,0.0,0.0,22.245553996917053,0.0,0.0,0.0
blk0_spa/readout,104,0,512,0.017127212361186077,3.0834231619480527e-06,28.78224851690622,0.0004886646246181625,3.3451586642941556e-05,0.0003273061802711655
blk0_spa/state,105,0,8192,0.09752096463124338,1.07035306796642e-05,1.255379772311032,0.0006567155956251278,1.1904414627837326e-05,0.002919953704226762
blk0_spa/c_readout,105,0,512,0.01792565149635315,3.467818649678963e-06,0.6671769709812962,0.0005186060320830008,3.501103807881475e-05,0.002279857303354555
blk0_spa/d_path,105,0,512,0.0,0.0,21.682570933660624,0.0,0.0,0.0
blk0_spa/readout,105,0,512,0.017925651496352828,3.467818649678861e-06,28.29089391845791,0.0005186060320830355,3.5011038078814117e-05,0.0003501102727690616
blk0_spa/state,106,0,8192,0.0979507908146988,1.0848125419756324e-05,1.2501647153854922,0.0006640517978758372,1.1956883644372413e-05,0.0029457353751577093
blk0_spa/c_readout,106,0,512,0.017826301094445284,3.5676734694302296e-06,0.6495989990805069,0.0005727796849522848,3.4816994325088446e-05,0.002343526538311649
blk0_spa/d_path,106,0,512,0.0,0.0,21.433983247508866,0.0,0.0,0.0
blk0_spa/readout,106,0,512,0.0178263010944449,3.5676734694301195e-06,27.885196211982596,0.0005727796849521738,3.4816994325087694e-05,0.00035768909268812525
blk0_spa/state,107,0,8192,0.09819595778693421,1.0969731027707934e-05,1.2243072401297659,0.0006683123831981823,1.1986811253287868e-05,0.0029933174717450836
blk0_spa/c_readout,107,0,512,0.018639084933501013,4.01054771563042e-06,0.6494471345824375,0.0006197175044995937,3.6404462760744166e-05,0.002485020303203473
blk0_spa/d_path,107,0,512,0.0,0.0,20.110250477180724,0.0,0.0,0.0
blk0_spa/readout,107,0,512,0.018639084933501207,4.0105477156304944e-06,26.469878384227503,0.0006197175044996284,3.6404462760744545e-05,0.0003892475349291312
blk0_spa/state,108,0,8192,0.09904152800943061,1.1123494600217622e-05,1.2401377992751554,0.0006712734513592868,1.2090030274588698e-05,0.002994922935203832
blk0_spa/c_readout,108,0,512,0.019601410794996315,4.37531142228993e-06,0.7233961707503521,0.0006525885688610684,3.828400545897718e-05,0.00245932759249978
blk0_spa/d_path,108,0,512,0.0,0.0,22.012124855571948,0.0,0.0,0.0
blk0_spa/readout,108,0,512,0.019601410794996773,4.375311422289984e-06,29.075749396543127,0.0006525885688610789,3.828400545897807e-05,0.0003879171913161026
blk0_spa/state,109,0,8192,0.09932428065775636,1.124270617859223e-05,1.2521607665519399,0.0006762551259577518,1.2124545978730025e-05,0.0029964386093123204
blk0_spa/c_readout,109,0,512,0.0188848759005619,4.0687260672615455e-06,0.7142888212055466,0.0006504634521295148,3.6884523243284964e-05,0.002386669586999998
blk0_spa/d_path,109,0,512,0.0,0.0,22.38187838932629,0.0,0.0,0.0
blk0_spa/readout,109,0,512,0.01888487590056278,4.068726067261698e-06,29.400476353883967,0.0006504634521294905,3.688452324328668e-05,0.00037200779674837983
blk0_spa/state,110,0,8192,0.0999444726098867,1.1390787320197154e-05,1.2483665025305415,0.0006826712231956522,1.220025300413656e-05,0.003020687637707269
blk0_spa/c_readout,110,0,512,0.01894811918310033,4.027153726319467e-06,0.6940043755471159,0.0006070946692502965,3.700804527949283e-05,0.0024088957183979174
blk0_spa/d_path,110,0,512,0.0,0.0,22.58065908560907,0.0,0.0,0.0
blk0_spa/readout,110,0,512,0.018948119183100024,4.027153726319449e-06,29.318026859811827,0.0006070946692502965,3.7008045279492235e-05,0.0003706224603908173
blk0_spa/state,111,0,8192,0.10012362593704018,1.1502142442498383e-05,1.2522571772784286,0.0006884809055877281,1.22221223067676e-05,0.0030306976068638553
blk0_spa/c_readout,111,0,512,0.01805852367174286,3.609566412771547e-06,0.6607556021658707,0.0005653466627168896,3.527055404637277e-05,0.0023372603490451086
blk0_spa/d_path,111,0,512,0.0,0.0,21.490613236272086,0.0,0.0,0.0
blk0_spa/readout,111,0,512,0.01805852367174226,3.609566412771468e-06,28.06781254108764,0.0005653466627169035,3.52705540463716e-05,0.0003586106926901052
blk0_spa/state,112,0,8192,0.10063611215735624,1.1640587136575057e-05,1.2559205992659934,0.0006923564477445757,1.2284681659833525e-05,0.003044432512223383
blk0_spa/c_readout,112,0,512,0.01848094408514811,3.883377877385571e-06,0.6910405658272343,0.0006775321226387999,3.60955939163049e-05,0.0023705714788754256
blk0_spa/d_path,112,0,512,0.0,0.0,22.626839681725333,0.0,0.0,0.0
blk0_spa/readout,112,0,512,0.01848094408514784,3.883377877385439e-06,29.32608141794,0.0006775321226388242,3.6095593916304374e-05,0.00036389644102455157
blk0_spa/state,113,0,8192,0.1012205710821628,1.1781472108011253e-05,1.2779578463522412,0.0006983056728525339,1.2356026743428076e-05,0.0030362778776623733
blk0_spa/c_readout,113,0,512,0.018136066545580847,3.6786753034997197e-06,0.6883816550180818,0.0005723489192734389,3.542200497183759e-05,0.0023116979310454267
blk0_spa/d_path,113,0,512,0.0,0.0,24.705186571703564,0.0,0.0,0.0
blk0_spa/readout,113,0,512,0.018136066545579768,3.678675303499594e-06,31.56018203566105,0.0005723489192734355,3.5422004971835485e-05,0.00034140979641886763
blk0_spa/state,114,0,8192,0.1012564947057356,1.1903244908366117e-05,1.2688627642902472,0.0007026584111007907,1.236041195138374e-05,0.003062847390598551
blk0_spa/c_readout,114,0,512,0.016704584153705255,3.1379808908544057e-06,0.5911062462810838,0.000589509238615768,3.2626140925205576e-05,0.0023040525122412247
blk0_spa/d_path,114,0,512,0.0,0.0,23.767139337150724,0.0,0.0,0.0
blk0_spa/readout,114,0,512,0.01670458415370568,3.1379808908545717e-06,29.858415380557183,0.0005895092386157819,3.262614092520641e-05,0.00032418414403433517
blk0_spa/state,115,0,8192,0.10195986256784284,1.2051286927466643e-05,1.2605190554180206,0.0007072308510551253,1.2446272286113628e-05,0.00309201794426279
blk0_spa/c_readout,115,0,512,0.01963544036794287,4.294357689321358e-06,0.7091623170782964,0.0005253362071812526,3.835046946863842e-05,0.002460799797876651
blk0_spa/d_path,115,0,512,0.0,0.0,21.92368236230857,0.0,0.0,0.0
blk0_spa/readout,115,0,512,0.019635440367943246,4.294357689321532e-06,28.645892454910495,0.000525336207181204,3.835046946863915e-05,0.0003871844696944964
blk0_spa/state,116,0,8192,0.10281522927470954,1.2228366134858074e-05,1.296814433639968,0.0007136918271980104,1.2550687167322942e-05,0.0030707559288029296
blk0_spa/c_readout,116,0,512,0.019268548609309013,4.240512482786581e-06,0.7050164518159198,0.0006640308548645675,3.7633884002556666e-05,0.002452502999580846
blk0_spa/d_path,116,0,512,0.0,0.0,24.594985812195134,0.0,0.0,0.0
blk0_spa/readout,116,0,512,0.019268548609308486,4.240512482786569e-06,31.740972097279652,0.0006640308548646612,3.7633884002555636e-05,0.0003655098299976483
blk0_spa/state,117,0,8192,0.103535853117641,1.240985692375069e-05,1.294466895023773,0.0007206972307668771,1.2638653945024537e-05,0.003096263499799223
blk0_spa/c_readout,117,0,512,0.018809265361374745,4.007205553425487e-06,0.6524929541866258,0.0005765647408837345,3.673684640893505e-05,0.0024781802817183695
blk0_spa/d_path,117,0,512,0.0,0.0,24.070586758292574,0.0,0.0,0.0
blk0_spa/readout,117,0,512,0.01880926536137415,4.007205553425553e-06,30.708217750433185,0.0005765647408837449,3.673684640893389e-05,0.00036123806270768475
blk0_spa/state,118,0,8192,0.1039035950252039,1.2554382921050888e-05,1.2822199906879987,0.000727408348129472,1.2683544314600085e-05,0.003129078176843308
blk0_spa/c_readout,118,0,512,0.018110817822120887,3.7249743093571504e-06,0.6408320186165917,0.0005433367929068081,3.5372691058829857e-05,0.002410957415412225
blk0_spa/d_path,118,0,512,0.0,0.0,23.208229541629205,0.0,0.0,0.0
blk0_spa/readout,118,0,512,0.01811081782212087,3.72497430935717e-06,29.73651737023463,0.0005433367929068011,3.537269105882982e-05,0.000353929358394953
blk0_spa/state,119,0,8192,0.10421261901581141,1.268737533642324e-05,1.2877667953720127,0.0007346443410629344,1.2721266969703542e-05,0.0031388262980996395
blk0_spa/c_readout,119,0,512,0.017861659181010493,3.474455600310594e-06,0.615767693352042,0.0005151075917452751,3.488605308791112e-05,0.0023753900518519626
blk0_spa/d_path,119,0,512,0.0,0.0,22.92255315098613,0.0,0.0,0.0
blk0_spa/readout,119,0,512,0.017861659181010472,3.4744556003107288e-06,29.2825477688566,0.000515107591745334,3.488605308791108e-05,0.0003444601234614972
blk0_spa/state,120,0,8192,0.10514229185636587,1.2863842010422744e-05,1.3268778564447878,0.0007391748184252533,1.2834752423872786e-05,0.0031136505942002753
blk0_spa/c_readout,120,0,512,0.018714956636874013,3.870109895167391e-06,0.665843280255112,0.000534819865250967,3.655264968139456e-05,0.0024108802437695603
blk0_spa/d_path,120,0,512,0.0,0.0,23.11325626254264,0.0,0.0,0.0
blk0_spa/readout,120,0,512,0.01871495663687432,3.870109895167507e-06,30.004710158823436,0.0005348198652509462,3.655264968139515e-05,0.0003591426069038573
blk0_spa/state,121,0,8192,0.10563445355943549,1.2997561719136872e-05,1.3340883914728876,0.0007434197556693556,1.2894830756767027e-05,0.0031213224900113914
blk0_spa/c_readout,121,0,512,0.019005820901592935,4.1303087257342245e-06,0.6755455008069576,0.0005843451108676206,3.71207439484237e-05,0.0024726574442765666
blk0_spa/d_path,121,0,512,0.0,0.0,21.17202440658082,0.0,0.0,0.0
blk0_spa/readout,121,0,512,0.019005820901593452,4.130308725734443e-06,27.94751637164642,0.00058434511086769,3.712074394842471e-05,0.0003844321033499745
blk0_spa/state,122,0,8192,0.10589382331646334,1.3144339994681832e-05,1.316200633669414,0.0007493205083229718,1.2926492104060466e-05,0.0031601547073314413
blk0_spa/c_readout,122,0,512,0.019486283594950204,4.379138162279133e-06,0.6663580385819236,0.0006719621984482942,3.805914764638712e-05,0.002563542389575329
blk0_spa/d_path,122,0,512,0.0,0.0,20.632208964961563,0.0,0.0,0.0
blk0_spa/readout,122,0,512,0.019486283594950478,4.379138162279243e-06,27.17304165268556,0.0006719621984483393,3.805914764638765e-05,0.0004014442081249824
blk0_spa/state,123,0,8192,0.10624348455680634,1.3289466145887951e-05,1.2919374382708004,0.0007533331204195443,1.2969175360938273e-05,0.0032072515654865074
blk0_spa/c_readout,123,0,512,0.02100109843286173,5.067770439963871e-06,0.7242145402895244,0.0006391314978252682,4.101777037668306e-05,0.0026452994824729607
blk0_spa/d_path,123,0,512,0.0,0.0,21.268664830332696,0.0,0.0,0.0
blk0_spa/readout,123,0,512,0.02100109843286114,5.0677704399635915e-06,28.14185569813136,0.0006391314978252405,4.101777037668191e-05,0.0004243577138757235
blk0_spa/state,124,0,8192,0.10650057330829533,1.3409912435909338e-05,1.296001782565783,0.0007575024676994419,1.300055826517277e-05,0.003216697129899271
blk0_spa/c_readout,124,0,512,0.02034641850467511,4.8509489437354395e-06,0.7235075845233943,0.0007600268766811552,3.973909864194357e-05,0.002589356261380632
blk0_spa/d_path,124,0,512,0.0,0.0,21.090112807789595,0.0,0.0,0.0
blk0_spa/readout,124,0,512,0.02034641850467564,4.850948943735527e-06,28.10575340076351,0.0007600268766810858,3.973909864194461e-05,0.0004154471041813579
blk0_spa/state,125,0,8192,0.10715518201607943,1.356217411492749e-05,1.308917867282045,0.0007620081951345004,1.3080466554697196e-05,0.0032189072259824897
blk0_spa/c_readout,125,0,512,0.0210899073226863,5.049830414828566e-06,0.7687334425664409,0.0006042622707678122,4.119122523962168e-05,0.0025630112323154516
blk0_spa/d_path,125,0,512,0.0,0.0,22.009976547906323,0.0,0.0,0.0
blk0_spa/readout,125,0,512,0.021089907322686778,5.0498304148287564e-06,29.42709543619153,0.0006042622707678191,4.1191225239622613e-05,0.00041425208025619605
blk0_spa/state,126,0,8192,0.10736850753933658,1.3725297274337126e-05,1.3026925554799944,0.0007701665469110677,1.3106507267985422e-05,0.0032459357124518043
blk0_spa/c_readout,126,0,512,0.019837494321783486,4.426628773159282e-06,0.70845048061507,0.0005929757496174748,3.874510609723337e-05,0.0024996649560571713
blk0_spa/d_path,126,0,512,0.0,0.0,22.016593361592225,0.0,0.0,0.0
blk0_spa/readout,126,0,512,0.01983749432178338,4.426628773159266e-06,28.88744839684208,0.0005929757496174748,3.874510609723316e-05,0.0003914551039677641
blk0_spa/state,127,0,8192,0.10796989755000015,1.3883358948395888e-05,1.301551422837274,0.000775672537297406,1.3179919134521503e-05,0.0032660032345783324
blk0_spa/c_readout,127,0,512,0.02074116966031512,5.008949880487424e-06,0.7250929274608344,0.0006891672381517805,4.0510096992802966e-05,0.0026283095226769
blk0_spa/d_path,127,0,512,0.0,0.0,22.27985838691591,0.0,0.0,0.0
blk0_spa/readout,127,0,512,0.020741169660315334,5.008949880487194e-06,29.41088752391959,0.0006891672381517666,4.0510096992803387e-05,0.00041268556465567745
blk0_spa/state,128,0,8192,0.1087381940817958,1.4044137241083278e-05,1.3111441369505419,0.0007806006604689011,1.3273705332250464e-05,0.0032728214568685816
blk0_spa/c_readout,128,0,512,0.020775820059736008,4.806361658080159e-06,0.7682286854955781,0.0005884233305024494,4.057777355417189e-05,0.002501283760357766
blk0_spa/d_path,128,0,512,0.0,0.0,22.523926059253824,0.0,0.0,0.0
blk0_spa/readout,128,0,512,0.020775820059735772,4.8063616580801385e-06,29.769235810080943,0.0005884233305024633,4.057777355417143e-05,0.0004018133669342136
blk0_spa/state,129,0,8192,0.10900493455943314,1.4155355656098807e-05,1.3161357151912372,0.0007845709987301039,1.3306266425712053e-05,0.0032795182766097203
blk0_spa/c_readout,129,0,512,0.019429887727505854,4.4449907413977455e-06,0.6769245777967674,0.0006592845651846799,3.794899946778487e-05,0.002562508348497108
blk0_spa/d_path,129,0,512,0.0,0.0,23.971763586573534,0.0,0.0,0.0
blk0_spa/readout,129,0,512,0.019429887727506118,4.444990741397796e-06,30.89266309720058,0.0006592845651847146,3.7948999467785386e-05,0.0003793217593815667
blk0_spa/state,130,0,8192,0.10935402871686321,1.427621602915861e-05,1.3081444999229102,0.0007899824006831688,1.3348880458601467e-05,0.0033035333522853897
blk0_spa/c_readout,130,0,512,0.018825832571736915,3.9687120791465715e-06,0.6499798037785078,0.0006194470672554117,3.676920424167366e-05,0.002471012061505183
blk0_spa/d_path,130,0,512,0.0,0.0,24.475005774344602,0.0,0.0,0.0
blk0_spa/readout,130,0,512,0.018825832571736853,3.968712079146581e-06,31.106180684127473,0.0006194470672553631,3.676920424167354e-05,0.00035719177618052277
blk0_spa/state,131,0,8192,0.10944295091857834,1.4399515091686213e-05,1.2912228939052144,0.0007950874123054605,1.335973521955302e-05,0.003339437539182901
blk0_spa/c_readout,131,0,512,0.017933676229025617,3.661492736139853e-06,0.5697935299575423,0.0005304379382761112,3.502671138481566e-05,0.002534955452204199
blk0_spa/d_path,131,0,512,0.0,0.0,23.080928017210265,0.0,0.0,0.0
blk0_spa/readout,131,0,512,0.017933676229025138,3.661492736139886e-06,29.118523709252912,0.0005304379382761182,3.502671138481472e-05,0.000354604638394638
blk0_spa/state,132,0,8192,0.10979156981851507,1.4523714562171559e-05,1.3173822567493345,0.0007999585194289199,1.3402291237611702e-05,0.0033203429835341673
blk0_spa/c_readout,132,0,512,0.01952970500017272,4.298125345565104e-06,0.6950845612109443,0.000665946337445187,3.8143955078462345e-05,0.002486684670705043
blk0_spa/d_path,132,0,512,0.0,0.0,23.894543956924444,0.0,0.0,0.0
blk0_spa/readout,132,0,512,0.01952970500017242,4.298125345565053e-06,30.9744364422145,0.0006659463374452113,3.8143955078461756e-05,0.0003725099105729862
blk0_spa/state,133,0,8192,0.11000051697420805,1.4630957324572929e-05,1.3106897929579229,0.0008032718897803201,1.3427797482203132e-05,0.0033410764491724624
blk0_spa/c_readout,133,0,512,0.018004007022240805,3.8369176681181964e-06,0.5805423552644287,0.0006666051631251356,3.516407621531407e-05,0.002570835479514021
blk0_spa/d_path,133,0,512,0.0,0.0,22.1407325492582,0.0,0.0,0.0
blk0_spa/readout,133,0,512,0.01800400702224117,3.836917668118159e-06,28.329426999174117,0.0006666051631251113,3.5164076215314785e-05,0.0003680207829458715
blk0_spa/state,134,0,8192,0.11085302055616636,1.4784449723634857e-05,1.333625501169937,0.0008052923446763491,1.3531862860860151e-05,0.0033295507329653366
blk0_spa/c_readout,134,0,512,0.021014824113952668,5.131909831492838e-06,0.7056232668323645,0.0007629476032495058,4.1044578347563805e-05,0.0026968268429534586
blk0_spa/d_path,134,0,512,0.0,0.0,22.932830794600363,0.0,0.0,0.0
blk0_spa/readout,134,0,512,0.021014824113952522,5.131909831492739e-06,30.07520505311056,0.0007629476032494642,4.104457834756352e-05,0.0004130809908156292
blk0_spa/state,135,0,8192,0.11142109938124696,1.4928172390246628e-05,1.3481106184779308,0.0008072987178176019,1.3601208420562373e-05,0.0033276723344720233
blk0_spa/c_readout,135,0,512,0.01898691898116185,4.3424810467231734e-06,0.6050463254271019,0.0007669760512592286,3.708382613508174e-05,0.0026790119568419176
blk0_spa/d_path,135,0,512,0.0,0.0,21.909778506481704,0.0,0.0,0.0
blk0_spa/readout,135,0,512,0.018986918981161772,4.342481046723111e-06,28.416730735567498,0.0007669760512591939,3.7083826135081586e-05,0.00039091461695710066
blk0_spa/state,136,0,8192,0.1120509251234221,1.5080283735471795e-05,1.327858681926197,0.0008083676000013515,1.3678091445730237e-05,0.0033699916724777733
blk0_spa/c_readout,136,0,512,0.019297875428759687,4.496435815631462e-06,0.5915177527824937,0.0007556150409925924,3.769116294679626e-05,0.002757085965632519
blk0_spa/d_path,136,0,512,0.0,0.0,20.86917847907317,0.0,0.0,0.0
blk0_spa/readout,136,0,512,0.019297875428760023,4.496435815631429e-06,27.070335308194544,0.00075561504099253,3.769116294679692e-05,0.0004075560848893572
blk0_spa/state,137,0,8192,0.1120618237952258,1.518261645344048e-05,1.297594004396119,0.0008103525398547515,1.367942185000315e-05,0.003420612633324558
blk0_spa/c_readout,137,0,512,0.02106392242993883,5.303279045877e-06,0.6550299679908618,0.0008045014974404907,4.114047349597428e-05,0.0028453890429786534
blk0_spa/d_path,137,0,512,0.0,0.0,20.651114219026482,0.0,0.0,0.0
blk0_spa/readout,137,0,512,0.021063922429938483,5.303279045876967e-06,27.175617050807713,0.0008045014974404907,4.11404734959736e-05,0.00044175607706505254
blk0_spa/state,138,0,8192,0.11248493239186738,1.5317219429897645e-05,1.3040084906232918,0.000812479803229467,1.3731070848616624e-05,0.003427281347691662
blk0_spa/c_readout,138,0,512,0.022436450018224866,5.870188881112285e-06,0.7763582229490433,0.0007064078180161297,4.382119144184544e-05,0.0027497610699358044
blk0_spa/d_path,138,0,512,0.0,0.0,21.217139333787017,0.0,0.0,0.0
blk0_spa/readout,138,0,512,0.022436450018224495,5.870188881112172e-06,28.470727765996685,0.0007064078180161193,4.382119144184472e-05,0.0004540741236036118
blk0_spa/state,139,0,8192,0.11299677224451385,1.5472677729353734e-05,1.3355055986301028,0.0008223947343435345,1.3793551299379132e-05,0.0034037674708537516
blk0_spa/c_readout,139,0,512,0.022462936279064198,5.910646400989346e-06,0.7768038695468016,0.0006476929880870168,4.387292242004726e-05,0.002758428931900446
blk0_spa/d_path,139,0,512,0.0,0.0,22.348948801643118,0.0,0.0,0.0
blk0_spa/readout,139,0,512,0.022462936279064077,5.910646400989144e-06,29.8940922346057,0.0006476929880869786,4.3872922420047025e-05,0.0004446566629239601
blk0_spa/state,140,0,8192,0.11342700702145189,1.562284994989147e-05,1.3235781911257491,0.0008323249469983987,1.3846070193048327e-05,0.0034356216394270315
blk0_spa/c_readout,140,0,512,0.02157433635921817,5.497805447906537e-06,0.7081580130198445,0.0007509029738481041,4.2137375701597986e-05,0.0027863110469381583
blk0_spa/d_path,140,0,512,0.0,0.0,22.165429766151345,0.0,0.0,0.0
blk0_spa/readout,140,0,512,0.0215743363592179,5.497805447906481e-06,29.05154384228448,0.000750902973848111,4.2137375701597464e-05,0.0004350208528185298
blk0_spa/state,141,0,8192,0.11353636376713334,1.5766152942249774e-05,1.3004963372041056,0.0008368810558272155,1.3859419405167645e-05,0.003481835916726995
blk0_spa/c_readout,141,0,512,0.0221738871586007,5.872927268857605e-06,0.7095413948673689,0.0007331975476221608,4.330837335664199e-05,0.002876990597557714
blk0_spa/d_path,141,0,512,0.0,0.0,20.98632262312188,0.0,0.0,0.0
blk0_spa/readout,141,0,512,0.022173887158601125,5.872927268857466e-06,27.95185249766258,0.0007331975476221886,4.330837335664282e-05,0.0004583761508136105
blk0_spa/state,142,0,8192,0.11416352197710802,1.5914444581450447e-05,1.2971974241122124,0.0008393306856451441,1.3935976803846194e-05,0.0035026174283358763
blk0_spa/c_readout,142,0,512,0.021848069001138292,5.680817452375404e-06,0.6981603324188044,0.0007266566203289714,4.267200976784823e-05,0.002852514311788703
blk0_spa/d_path,142,0,512,0.0,0.0,21.12799218001885,0.0,0.0,0.0
blk0_spa/readout,142,0,512,0.021848069001137522,5.680817452375289e-06,28.12681094276754,0.0007266566203290026,4.267200976784672e-05,0.00044941252292648206
blk0_spa/state,143,0,8192,0.11484121073534859,1.6077590061537007e-05,1.307067822252517,0.0008436394704981892,1.4018702482342357e-05,0.003507207118251442
blk0_spa/c_readout,143,0,512,0.02294339831852795,6.415081584779179e-06,0.7511758726464173,0.000818634637566866,4.4811324840874904e-05,0.0029223368663540946
blk0_spa/d_path,143,0,512,0.0,0.0,21.591120719170366,0.0,0.0,0.0
blk0_spa/readout,143,0,512,0.022943398318528138,6.415081584779528e-06,29.029400963240796,0.0008186346375669284,4.481132484087527e-05,0.00047009112811557946
blk0_spa/state,144,0,8192,0.11508283239425732,1.6179156792045986e-05,1.2986024593474716,0.0008473087139755017,1.4048197313752114e-05,0.0035297165510286485
blk0_spa/c_readout,144,0,512,0.022617206455718332,6.010694329496121e-06,0.7470372064863299,0.0006643567920398864,4.417423135882487e-05,0.002836554975518162
blk0_spa/d_path,144,0,512,0.0,0.0,20.501006103380536,0.0,0.0,0.0
blk0_spa/readout,144,0,512,0.022617206455718616,6.010694329496245e-06,27.52466487440494,0.0006643567920399107,4.417423135882542e-05,0.00046730593994463287
blk0_spa/state,145,0,8192,0.1152072224344834,1.635183606970193e-05,1.3214258888242736,0.0008547458435784749,1.40633816448344e-05,0.00351772476923781
blk0_spa/c_readout,145,0,512,0.022430198146075095,6.0063797754046766e-06,0.7465383076316551,0.0007093485665418953,4.380898075405292e-05,0.002836484047089988
blk0_spa/d_path,145,0,512,0.0,0.0,24.491573691047037,0.0,0.0,0.0
blk0_spa/readout,145,0,512,0.02243019814607548,6.006379775404716e-06,31.95451029208364,0.000709348566541923,4.380898075405367e-05,0.000433551118665868
blk0_spa/state,146,0,8192,0.11561356733523329,1.6492084162937684e-05,1.3258561101126687,0.0008608701429033971,1.411298429385172e-05,0.0035268709916661148
blk0_spa/c_readout,146,0,512,0.0193789266290389,4.4408065170971536e-06,0.6309962026685803,0.0006774776602978469,3.78494660723416e-05,0.0026528796786311356
blk0_spa/d_path,146,0,512,0.0,0.0,23.572913057850126,0.0,0.0,0.0
blk0_spa/readout,146,0,512,0.019378926629038225,4.440806517097129e-06,30.17182731077729,0.0006774776602978538,3.7849466072340284e-05,0.0003836455094371058
blk0_spa/state,147,0,8192,0.11570662857274781,1.661585396287308e-05,1.2970022125027925,0.000865396805724318,1.4124344308196755e-05,0.003579241273580618
blk0_spa/c_readout,147,0,512,0.02037544810643866,5.01991844847855e-06,0.6129161130861114,0.000665977788518058,3.979579708288801e-05,0.0028618562237516343
blk0_spa/d_path,147,0,512,0.0,0.0,21.319502915405764,0.0,0.0,0.0
blk0_spa/readout,147,0,512,0.02037544810643875,5.019918448478708e-06,27.6114698272945,0.0006659777885180684,3.9795797082888186e-05,0.0004263866199187823
blk0_spa/state,148,0,8192,0.1156624270315875,1.669510568383996e-05,1.2850309798737862,0.0008683814657252792,1.4118948612254333e-05,0.0036044398900781658
blk0_spa/c_readout,148,0,512,0.021498444492880558,5.696142594615315e-06,0.6769233944529768,0.0008876785434773354,4.198914940015734e-05,0.0029008192219620314
blk0_spa/d_path,148,0,512,0.0,0.0,21.24898614105834,0.0,0.0,0.0
blk0_spa/readout,148,0,512,0.021498444492881328,5.696142594615473e-06,28.03535123224044,0.000887678543477266,4.1989149400158844e-05,0.00045075175430336504
blk0_spa/state,149,0,8192,0.11656901880391476,1.683639675722804e-05,1.312247057719191,0.0008706407636779601,1.4229616553212252e-05,0.0035819273405363864
blk0_spa/c_readout,149,0,512,0.022174542601728547,5.790889374250436e-06,0.7307783294710124,0.000773096768174969,4.330965351900107e-05,0.0028150091064096843
blk0_spa/d_path,149,0,512,0.0,0.0,22.855061254752364,0.0,0.0,0.0
blk0_spa/readout,149,0,512,0.02217454260172851,5.790889374250526e-06,30.095080538582632,0.0007730967681749412,4.3309653519000995e-05,0.00043865681331556897
blk0_spa/state,150,0,8192,0.11695889176387805,1.6972960944893634e-05,1.3532620888159017,0.0008734615073279911,1.427720846727027e-05,0.003541504910137696
blk0_spa/c_readout,150,0,512,0.021096926790828953,5.412136276614758e-06,0.6077920997658911,0.000691512278705033,4.12049351383378e-05,0.0029840550887707375
blk0_spa/d_path,150,0,512,0.0,0.0,23.40902121759217,0.0,0.0,0.0
blk0_spa/readout,150,0,512,0.021096926790828873,5.4121362766147715e-06,30.104102465748465,0.0006915122787050643,4.120493513833764e-05,0.0004240055291942178
blk0_spa/state,151,0,8192,0.11740431175664046,1.711228120498118e-05,1.3372097368831084,0.0008759162762787057,1.4331581024980524e-05,0.0035772903340005003
blk0_spa/c_readout,151,0,512,0.02185443965477497,5.9079528526777726e-06,0.6291202309867151,0.0008153761191900741,4.2684452450732364e-05,0.0030644439673618955
blk0_spa/d_path,151,0,512,0.0,0.0,21.597204841432816,0.0,0.0,0.0
blk0_spa/readout,151,0,512,0.021854439654775057,5.9079528526777895e-06,28.212515127567432,0.0008153761191900255,4.268445245073253e-05,0.000457612214393638
blk0_spa/state,152,0,8192,0.11788441846111342,1.7248817856386586e-05,1.3114511205336907,0.0008781923226953495,1.4390187800428884e-05,0.0036266330400231642
blk0_spa/c_readout,152,0,512,0.022042713542727976,6.010420670098063e-06,0.6289380659660936,0.0008391976609358268,4.305217488814058e-05,0.0030913522491553213
blk0_spa/d_path,152,0,512,0.0,0.0,20.64157567209264,0.0,0.0,0.0
blk0_spa/readout,152,0,512,0.022042713542727917,6.010420670098067e-06,27.064797663780553,0.0008391976609357643,4.305217488814046e-05,0.00047124856676068603
blk0_spa/state,153,0,8192,0.1179949712226015,1.7338976939280363e-05,1.3119789629123337,0.0008779128607836403,1.4403683010571472e-05,0.0036353673199891606
blk0_spa/c_readout,153,0,512,0.024216923786595387,7.363659066005261e-06,0.7527207634398521,0.0009822765343132506,4.7298679270694116e-05,0.003127734556020244
blk0_spa/d_path,153,0,512,0.0,0.0,20.846577972657332,0.0,0.0,0.0
blk0_spa/readout,153,0,512,0.02421692378659556,7.3636590660054e-06,28.153192275607246,0.0009822765343132644,4.7298679270694455e-05,0.0005114262474271723
blk0_spa/state,154,0,8192,0.11837566251687998,1.7456079966759228e-05,1.3215864009005123,0.0008791901981667627,1.4450154115830075e-05,0.0036343402243247903
blk0_spa/c_readout,154,0,512,0.02328621990446167,6.4939491255337654e-06,0.7513449825643052,0.0007351778542321608,4.54808982509017e-05,0.002939914807829923
blk0_spa/d_path,154,0,512,0.0,0.0,20.457798877584352,0.0,0.0,0.0
blk0_spa/readout,154,0,512,0.023286219904461856,6.493949125533856e-06,27.685157557242114,0.0007351778542321608,4.5480898250902063e-05,0.0004843183692167645
blk0_spa/state,155,0,8192,0.11852974644136553,1.7589403198572075e-05,1.3534199098580673,0.0008844768415248519,1.4468963188643254e-05,0.003605033224823764
blk0_spa/c_readout,155,0,512,0.02381273612668172,6.792078790336588e-06,0.7920133266811515,0.0007395097168839682,4.650925024742524e-05,0.0029284317916363407
blk0_spa/d_path,155,0,512,0.0,0.0,22.540459619548255,0.0,0.0,0.0
blk0_spa/readout,155,0,512,0.02381273612668179,6.792078790336643e-06,30.18323855306721,0.0007395097168839682,4.650925024742537e-05,0.0004743713367869952
blk0_spa/state,156,0,8192,0.11877965434862267,1.777346871292166e-05,1.3508482802948236,0.0008929502303216541,1.4499469524978353e-05,0.0036272944375318893
blk0_spa/c_readout,156,0,512,0.022269261260870383,5.999997402065392e-06,0.682628516368423,0.0007044560924596814,4.3494650900137467e-05,0.002964717506209286
blk0_spa/d_path,156,0,512,0.0,0.0,23.133708278377455,0.0,0.0,0.0
blk0_spa/readout,156,0,512,0.022269261260870095,5.999997402065285e-06,30.107512223858475,0.000704456092459671,4.3494650900136904e-05,0.0004464142975079386
blk0_spa/state,157,0,8192,0.11933437789714427,1.7935098823766658e-05,1.3249283874946376,0.0008967696667934871,1.4567184801897494e-05,0.0036792193816812323
blk0_spa/c_readout,157,0,512,0.02307201250287308,6.554171000923562e-06,0.694679393314407,0.0008020590571164651,4.506252441967398e-05,0.0030716142653116206
blk0_spa/d_path,157,0,512,0.0,0.0,21.119845656926774,0.0,0.0,0.0
blk0_spa/readout,157,0,512,0.023072012502872975,6.554171000923552e-06,28.008173807532106,0.0008020590571164443,4.506252441967378e-05,0.0004837449982971742
blk0_spa/state,158,0,8192,0.11959532557749805,1.8072654956683908e-05,1.328175496075214,0.0009001701961006553,1.459903876678443e-05,0.0036887841810254816
blk0_spa/c_readout,158,0,512,0.024353693052330528,7.5297775854332444e-06,0.7518556505048725,0.0009282203818309631,4.756580674283306e-05,0.003164636553266337
blk0_spa/d_path,158,0,512,0.0,0.0,21.607877699952255,0.0,0.0,0.0
blk0_spa/readout,158,0,512,0.024353693052330004,7.5297775854329785e-06,29.026934313755227,0.0009282203818309354,4.756580674283204e-05,0.0005093197169239544
blk0_spa/state,159,0,8192,0.11998675344125972,1.820484637170434e-05,1.3369120807251158,0.0009025311670101122,1.4646820488435025e-05,0.003690133560772383
blk0_spa/c_readout,159,0,512,0.024398811152555013,7.34286324119007e-06,0.7666988018492595,0.0008312415222666153,4.765392803233401e-05,0.003094712631450562
blk0_spa/d_path,159,0,512,0.0,0.0,21.23808982354295,0.0,0.0,0.0
blk0_spa/readout,159,0,512,0.024398811152554854,7.342863241189985e-06,28.795611024670343,0.0008312415222666569,4.76539280323337e-05,0.0005049746427634402
blk0_spa/state,160,0,8192,0.12033958429173938,1.8313298832739562e-05,1.3420820684248382,0.0009060845473777279,1.4689890660612718e-05,0.003693973318406264
blk0_spa/c_readout,160,0,512,0.02327684599096578,6.672718741543229e-06,0.7398992577783292,0.0008001775895951704,4.546258982610504e-05,0.003003067638070242
blk0_spa/d_path,160,0,512,0.0,0.0,21.080350797733885,0.0,0.0,0.0
blk0_spa/readout,160,0,512,0.02327684599096555,6.6727187415430555e-06,28.289001206206702,0.0008001775895951635,4.546258982610459e-05,0.0004856714816064185
blk0_spa/state,161,0,8192,0.12049019340005014,1.846558340399102e-05,1.3382791594710985,0.000912661721362798,1.4708275561529558e-05,0.0037145666840491293
blk0_spa/c_readout,161,0,512,0.02269713777654477,6.2092898378544795e-06,0.693854706846453,0.0006825256664696189,4.4330347219814e-05,0.0029914840858593318
blk0_spa/d_path,161,0,512,0.0,0.0,23.932148288097768,0.0,0.0,0.0
blk0_spa/readout,161,0,512,0.02269713777654477,6.2092898378544134e-06,31.026798834254777,0.0006825256664695356,4.4330347219814e-05,0.00044735519107650453
blk0_spa/state,162,0,8192,0.12078089297102901,1.8601808454155977e-05,1.3418722369889156,0.0009175028571127772,1.4743761349002564e-05,0.0037232483032441687
blk0_spa/c_readout,162,0,512,0.020283926219687685,5.0111047377423175e-06,0.6185088939410641,0.0007646196773541461,3.961704339782751e-05,0.0028463858091118907
blk0_spa/d_path,162,0,512,0.0,0.0,22.9354259459915,0.0,0.0,0.0
blk0_spa/readout,162,0,512,0.02028392621968711,5.011104737742059e-06,29.368814545146453,0.0007646196773541392,3.9617043397826386e-05,0.0004130698829822121
blk0_spa/state,163,0,8192,0.1211409808888082,1.8711614177286094e-05,1.3501258235983564,0.0009207588844553569,1.4787717393653345e-05,0.003722789711383579
blk0_spa/c_readout,163,0,512,0.023528920811557295,6.935877630280174e-06,0.7432466331367465,0.0008658409631341693,4.595492346007284e-05,0.0030548102268761466
blk0_spa/d_path,163,0,512,0.0,0.0,22.22618455519852,0.0,0.0,0.0
blk0_spa/readout,163,0,512,0.02352892081155759,6.935877630280141e-06,29.63312862505755,0.0008658409631341346,4.595492346007342e-05,0.0004837956488323747
blk0_spa/state,164,0,8192,0.12123798901908753,1.8823481072129265e-05,1.340719178060206,0.0009252759935256399,1.4799559206431583e-05,0.0037469772820682592
blk0_spa/c_readout,164,0,512,0.02389439205394958,7.243055221732697e-06,0.722631840451109,0.0009317999247700631,4.6668734480370276e-05,0.003165937604973007
blk0_spa/d_path,164,0,512,0.0,0.0,21.02480353024444,0.0,0.0,0.0
blk0_spa/readout,164,0,512,0.02389439205394975,7.24305522173298e-06,28.13786607401029,0.0009317999247701048,4.666873448037061e-05,0.0005073589420006582
blk0_spa/state,165,0,8192,0.12179131267256246,1.8972069852282484e-05,1.3608916916131304,0.0009306437217128441,1.486710359772491e-05,0.003733752927777132
blk0_spa/c_readout,165,0,512,0.02254128216357914,6.13408834546628e-06,0.6961763995626242,0.0007248739693557493,4.4025941725740506e-05,0.002968351759528399
blk0_spa/d_path,165,0,512,0.0,0.0,22.45997457016916,0.0,0.0,0.0
blk0_spa/readout,165,0,512,0.022541282163578993,6.134088345466422e-06,29.546975799808997,0.0007248739693557216,4.402594172574022e-05,0.00045563648731642965
blk0_spa/state,166,0,8192,0.12211715377242181,1.911856731315431e-05,1.3585825732734171,0.0009345542093837853,1.4906879122610085e-05,0.003751324664181602
blk0_spa/c_readout,166,0,512,0.022081670085417164,6.352231897890569e-06,0.6351624732977584,0.0008413307525070995,4.31282618855804e-05,0.0031624288008794974
blk0_spa/d_path,166,0,512,0.0,0.0,21.742758555224928,0.0,0.0,0.0
blk0_spa/readout,166,0,512,0.022081670085416918,6.352231897890631e-06,28.462177431797045,0.0008413307525070857,4.312826188557992e-05,0.00047242090941098064
blk0_spa/state,167,0,8192,0.12211642062860076,1.923273724750221e-05,1.3311387923138283,0.0009354288026864471,1.4906789627514741e-05,0.003801096359088353
blk0_spa/c_readout,167,0,512,0.023215358020284405,7.295778900249623e-06,0.6408024314662745,0.0010129733267836075,4.534249613336798e-05,0.003374222807144219
blk0_spa/d_path,167,0,512,0.0,0.0,21.105357304817275,0.0,0.0,0.0
blk0_spa/readout,167,0,512,0.02321535802028397,7.29577890024948e-06,27.742824452178983,0.0010129733267836283,4.534249613336713e-05,0.0005128147345880874
blk0_spa/state,168,0,8192,0.12219763454173879,1.9319291170350542e-05,1.3320220559523093,0.0009356046699167883,1.4916703435270849e-05,0.003808376581922214
blk0_spa/c_readout,168,0,512,0.02511721800954199,8.03303261736401e-06,0.7691392108380017,0.0010421812224203422,4.90570664248867e-05,0.003231746514079736
blk0_spa/d_path,168,0,512,0.0,0.0,20.97087187349597,0.0,0.0,0.0
blk0_spa/readout,168,0,512,0.025117218009542062,8.033032617364263e-06,28.3961478345857,0.0010421812224203908,4.905706642488684e-05,0.0005318755798966382
blk0_spa/state,169,0,8192,0.12210805239955136,1.940021926786325e-05,1.3473882831873525,0.0009371183970765043,1.490576811517961e-05,0.003794520784640114
blk0_spa/c_readout,169,0,512,0.024359241126361092,8.041263209321819e-06,0.7417218199679405,0.001141276177421345,4.757664282492401e-05,0.0032926199956686848
blk0_spa/d_path,169,0,512,0.0,0.0,20.978193368316195,0.0,0.0,0.0
blk0_spa/readout,169,0,512,0.024359241126361404,8.041263209321932e-06,28.355621929717447,0.0011412761774213243,4.757664282492462e-05,0.0005325281258806405
blk0_spa/state,170,0,8192,0.12255795709102929,1.9564791137466496e-05,1.34612160827347,0.0009438357920723769,1.4960688121463536e-05,0.003812373658478076
blk0_spa/c_readout,170,0,512,0.025287795250991455,8.122349921063406e-06,0.7961328188462524,0.0008921458465563914,4.9390225099592686e-05,0.0031940968772071424
blk0_spa/d_path,170,0,512,0.0,0.0,21.22544045590154,0.0,0.0,0.0
blk0_spa/readout,170,0,512,0.0252877952509919,8.122349921063584e-06,28.791631014004615,0.0008921458465563914,4.939022509959355e-05,0.0005311384157030588
blk0_spa/state,171,0,8192,0.12315725963901616,1.9732330437945856e-05,1.379402097351152,0.000948472219823443,1.503384517077834e-05,0.0037821935423003666
blk0_spa/c_readout,171,0,512,0.02432411557651379,7.216193573597907e-06,0.7861204357008988,0.0007789267494543103,4.750803823537849e-05,0.003029769185172984
blk0_spa/d_path,171,0,512,0.0,0.0,23.358234676070584,0.0,0.0,0.0
blk0_spa/readout,171,0,512,0.024324115576513445,7.216193573597682e-06,31.045994633426044,0.0007789267494542895,4.750803823537782e-05,0.00048211572645627586
blk0_spa/state,172,0,8192,0.12360792053396395,1.985926618926774e-05,1.3710163557372288,0.000952112682988622,1.5088857487056147e-05,0.003805925480600896
blk0_spa/c_readout,172,0,512,0.024678197828777997,7.92175682512085e-06,0.7415265818389618,0.0009697357224434724,4.8199605134332025e-05,0.003268491736832285
blk0_spa/d_path,172,0,512,0.0,0.0,21.914642204027007,0.0,0.0,0.0
blk0_spa/readout,172,0,512,0.024678197828777868,7.921756825120754e-06,29.288181121258674,0.000969735722443521,4.8199605134331774e-05,0.0005200732933018321
blk0_spa/state,173,0,8192,0.1242480685418928,2.002138642539784e-05,1.3503009301403621,0.0009543656002589107,1.5167000554430273e-05,0.003850630004100942
blk0_spa/c_readout,173,0,512,0.024626295520514707,7.823498134307865e-06,0.7161190041957313,0.0009405934428070931,4.809823343850529e-05,0.0033052772326057707
blk0_spa/d_path,173,0,512,0.0,0.0,20.90117993900379,0.0,0.0,0.0
blk0_spa/readout,173,0,512,0.02462629552051488,7.823498134307789e-06,28.0167793164247,0.0009405934428070584,4.8098233438505626e-05,0.0005284347717040082
blk0_spa/state,174,0,8192,0.1247228892526884,2.0182792843035813e-05,1.3475390031567573,0.00095971965290121,1.5224962066978565e-05,0.0038700801478291063
blk0_spa/c_readout,174,0,512,0.025920283690220154,8.58566877140329e-06,0.7805351551738797,0.000991103603310034,5.062555408246124e-05,0.0033165826971549746
blk0_spa/d_path,174,0,512,0.0,0.0,21.81427214676074,0.0,0.0,0.0
blk0_spa/readout,174,0,512,0.025920283690220227,8.585668771403492e-06,29.384608037715346,0.0009911036033101173,5.062555408246138e-05,0.0005405390995600301
blk0_spa/state,175,0,8192,0.12523998376247886,2.0325539064795612e-05,1.3585738774069265,0.0009639809217567574,1.528808395538072e-05,0.0038679371303196575
blk0_spa/c_readout,175,0,512,0.024159185635579776,7.2916427388097165e-06,0.7304494028870041,0.0008676521830123449,4.718590944449175e-05,0.0031594946311227887
blk0_spa/d_path,175,0,512,0.0,0.0,21.782837795174935,0.0,0.0,0.0
blk0_spa/readout,175,0,512,0.024159185635580113,7.2916427388099e-06,29.130047615034442,0.0008676521830123796,4.718590944449241e-05,0.0005003133525525851
blk0_spa/state,176,0,8192,0.1253833909284965,2.0452241945625728e-05,1.3721925562375539,0.0009698680506009527,1.5305589712951235e-05,0.003860672226482187
blk0_spa/c_readout,176,0,512,0.02581984244979764,8.274006841185144e-06,0.8487747276436021,0.000822326935678748,5.0429379784761014e-05,0.00312220717815067
blk0_spa/d_path,176,0,512,0.0,0.0,22.43058534700068,0.0,0.0,0.0
blk0_spa/readout,176,0,512,0.02581984244979769,8.274006841185139e-06,30.359510348919187,0.000822326935678741,5.0429379784761116e-05,0.0005220481444098541
blk0_spa/state,177,0,8192,0.1257044689711005,2.0610619519831984e-05,1.3854191563419125,0.0009726406861427228,1.534478380994879e-05,0.0038570469811953206
blk0_spa/c_readout,177,0,512,0.02353699337367963,6.9775022510652735e-06,0.7134819604409123,0.0007901485838823982,4.597069018296803e-05,0.003127220426361579
blk0_spa/d_path,177,0,512,0.0,0.0,24.135569475985776,0.0,0.0,0.0
blk0_spa/readout,177,0,512,0.02353699337367933,6.9775022510652574e-06,31.424799827478385,0.0007901485838823774,4.597069018296744e-05,0.00047120916910617545
blk0_spa/state,178,0,8192,0.12578195279322296,2.07119587609005e-05,1.374376845384627,0.0009749436886007934,1.5354242284328975e-05,0.003882019132186423
blk0_spa/c_readout,178,0,512,0.022256220422503872,6.158304723914814e-06,0.6681241291957306,0.000764878006016885,4.3469180512702876e-05,0.003036001691059344
blk0_spa/d_path,178,0,512,0.0,0.0,21.50149241615493,0.0,0.0,0.0
blk0_spa/readout,178,0,512,0.02225622042250345,6.158304723914798e-06,28.267301498578018,0.000764878006016878,4.346918051270205e-05,0.0004667543905230189
blk0_spa/state,179,0,8192,0.12609312814191767,2.0826590141121294e-05,1.3813958127357864,0.0009760216248994313,1.5392227556386434e-05,0.003882844672354194
blk0_spa/c_readout,179,0,512,0.02512875948964833,8.300408298823252e-06,0.7556994259077696,0.0011662486917633705,4.907960837821939e-05,0.00331417305306737
blk0_spa/d_path,179,0,512,0.0,0.0,22.00464868608757,0.0,0.0,0.0
blk0_spa/readout,179,0,512,0.02512875948964844,8.300408298823196e-06,29.548521284680042,0.0011662486917634052,4.907960837821961e-05,0.0005300073006999657
blk0_spa/state,180,0,8192,0.1262283364571411,2.094443255336729e-05,1.375031375407582,0.0009790021367572788,1.5408732477678357e-05,0.0039028152677213967
blk0_spa/c_readout,180,0,512,0.02386880578140611,7.27330219590972e-06,0.6877433263599138,0.000956084115971291,4.661876129180881e-05,0.00325201562610297
blk0_spa/d_path,180,0,512,0.0,0.0,20.529690582150714,0.0,0.0,0.0
blk0_spa/readout,180,0,512,0.02386880578140669,7.273302195909873e-06,27.47691865144109,0.0009560841159712563,4.661876129180994e-05,0.0005144957624991681
blk0_spa/state,181,0,8192,0.12654100054604486,2.1083413960957812e-05,1.3688561685625755,0.000982256503824698,1.5446899480718367e-05,0.003924565297061394
blk0_spa/c_readout,181,0,512,0.02421242927649339,7.568570555577345e-06,0.6842177951479929,0.0008279440934447282,4.7289900930651155e-05,0.003325904305681382
blk0_spa/d_path,181,0,512,0.0,0.0,21.749925317618242,0.0,0.0,0.0
blk0_spa/readout,181,0,512,0.024212429276492572,7.568570555577154e-06,28.875677059712853,0.0008279440934446658,4.7289900930649556e-05,0.0005119656743172098
blk0_spa/state,182,0,8192,0.12718238241554017,2.1225129002558182e-05,1.3854125377415714,0.000986098926186084,1.5525193165959493e-05,0.003914133304533462
blk0_spa/c_readout,182,0,512,0.024268499182421154,7.422437759124025e-06,0.7022933682272556,0.0008101975051677604,4.7399412465666315e-05,0.003250977760538019
blk0_spa/d_path,182,0,512,0.0,0.0,21.281778304484792,0.0,0.0,0.0
blk0_spa/readout,182,0,512,0.024268499182421164,7.422437759124e-06,28.52616960851883,0.0008101975051677535,4.7399412465666336e-05,0.0005100955704278325
blk0_spa/state,183,0,8192,0.12751853284938175,2.1348671987273717e-05,1.386492826447114,0.0009876070440239387,1.5566227154465546e-05,0.003923978496792694
blk0_spa/c_readout,183,0,512,0.02560259277679632,8.834487829889525e-06,0.7550304646908175,0.0011244756473416037,5.000506401718031e-05,0.0034206485128386566
blk0_spa/d_path,183,0,512,0.0,0.0,21.70843681992266,0.0,0.0,0.0
blk0_spa/readout,183,0,512,0.02560259277679616,8.834487829889333e-06,29.247462984195824,0.0011244756473416384,5.000506401718e-05,0.0005495998283385428
blk0_spa/state,184,0,8192,0.12791565583965056,2.146956561854456e-05,1.410238641441768,0.0009892662646751316,1.5614704081988594e-05,0.0039018028680310487
blk0_spa/c_readout,184,0,512,0.025854615676747045,8.533783784189311e-06,0.7849848567910226,0.0008774888164930564,5.049729624364657e-05,0.003297161181992687
blk0_spa/d_path,184,0,512,0.0,0.0,22.45198270523759,0.0,0.0,0.0
blk0_spa/readout,184,0,512,0.0258546156767474,8.53378378418929e-06,30.27676151252861,0.0008774888164930772,5.049729624364726e-05,0.0005309041346491
blk0_spa/state,185,0,8192,0.12820292079767986,2.1605024446353986e-05,1.4038477931775448,0.000992276094564995,1.564977060518553e-05,0.003922991518743964
blk0_spa/c_readout,185,0,512,0.024881168136870163,8.76903900704156e-06,0.7208618492288584,0.0012418943580404032,4.859603151732454e-05,0.003487787205329414
blk0_spa/d_path,185,0,512,0.0,0.0,21.873652024843228,0.0,0.0,0.0
blk0_spa/readout,185,0,512,0.024881168136869584,8.769039007041294e-06,29.11908404675027,0.0012418943580403408,4.8596031517323406e-05,0.0005487659369921558
blk0_spa/state,186,0,8192,0.12810085886865225,2.170734791264599e-05,1.3896999758738988,0.0009949692991360823,1.5637311873614776e-05,0.003952235897562704
blk0_spa/c_readout,186,0,512,0.02488322112635953,7.92597830056832e-06,0.7221358929900197,0.0008198398093372805,4.860004126242096e-05,0.003312965960322521
blk0_spa/d_path,186,0,512,0.0,0.0,21.812897222043013,0.0,0.0,0.0
blk0_spa/readout,186,0,512,0.024883221126359285,7.925978300568084e-06,28.79047718922406,0.0008198398093372528,4.860004126242048e-05,0.0005246890586179341
blk0_spa/state,187,0,8192,0.1294011447298692,2.1831261025591863e-05,1.679329191091279,0.0009981865299973636,1.579603817503286e-05,0.0036055497511963894
blk0_spa/c_readout,187,0,512,0.027528976263703257,9.320943413411842e-06,0.9588015484730443,0.0009049584810828584,5.3767531765045424e-05,0.0031179243400447022
blk0_spa/d_path,187,0,512,0.0,0.0,41.34978465066472,0.0,0.0,0.0
blk0_spa/readout,187,0,512,0.027528976263703073,9.320943413411306e-06,50.07251290241334,0.0009049584810828515,5.3767531765045065e-05,0.0004314497703343435
blk0_spa/state,188,0,8192,0.13360345566093443,2.2121320277196014e-05,3.4207468547118447,0.0010017575566990192,1.630901558361016e-05,0.002542992349679612
blk0_spa/c_readout,188,0,512,0.028567780702403768,9.188225031622733e-06,14.027412810237863,0.0008355198752402759,5.579644668438236e-05,0.000809332578379785
blk0_spa/d_path,188,0,512,0.0,0.0,58.72366256794747,0.0,0.0,0.0
blk0_spa/readout,188,0,512,0.028567780702403133,9.188225031622313e-06,47.925283638308464,0.0008355198752402759,5.579644668438112e-05,0.00043785817805621187
blk0_spa/state,189,0,8192,0.13281231919295564,2.2101232731914182e-05,2.7011423450805174,0.0010019328929704654,1.6212441307733842e-05,0.0028604510042547207
blk0_spa/c_readout,189,0,512,0.025499959913254332,8.050051734229418e-06,1.1328236808599068,0.000846388573418462,4.980460920557487e-05,0.0026657423782812987
blk0_spa/d_path,189,0,512,0.0,0.0,33.170005296980506,0.0,0.0,0.0
blk0_spa/readout,189,0,512,0.025499959913253947,8.050051734229455e-06,38.851383200588785,0.0008463885734184551,4.9804609205574116e-05,0.00045519354316206654
blk0_spa/state,190,0,8192,0.1339960219500442,2.2347941243255976e-05,2.3856956173101658,0.0010035384436065317,1.6356936273198755e-05,0.0030606329120548416
blk0_spa/c_readout,190,0,512,0.02811717549864255,9.565337919094193e-06,0.8335676173835511,0.0008416789147572129,5.491635839578623e-05,0.003387503411233086
blk0_spa/d_path,190,0,512,0.0,0.0,45.27012659331555,0.0,0.0,0.0
blk0_spa/readout,190,0,512,0.02811717549864263,9.56533791909465e-06,52.315860563335704,0.0008416789147572268,5.4916358395786384e-05,0.000427595840390121
blk0_spa/state,191,0,8192,0.133928224762793,2.2527687204666364e-05,2.359557589080364,0.0010056869086111017,1.634866024936438e-05,0.003089889957965128
blk0_spa/c_readout,191,0,512,0.024084934730297325,7.117932002399587e-06,0.7149261981434047,0.000845971726876768,4.704088814511196e-05,0.0031553410788938215
blk0_spa/d_path,191,0,512,0.0,0.0,30.232498114550893,0.0,0.0,0.0
blk0_spa/readout,191,0,512,0.024084934730296985,7.117932002399432e-06,35.7960414463125,0.0008459717268767819,4.70408881451113e-05,0.00044592253092951413
blk0_spa/state,192,0,8192,0.1340384953164013,2.2653197005932162e-05,2.181169057650035,0.0010092727108862581,1.6362121010302893e-05,0.0032227015421475006
blk0_spa/c_readout,192,0,512,0.026637824711997923,8.808443040014026e-06,0.931440857389578,0.0008646982808755421,5.2027001390620944e-05,0.003075189853473743
blk0_spa/d_path,192,0,512,0.0,0.0,23.802097033894793,0.0,0.0,0.0
blk0_spa/readout,192,0,512,0.026637824711998177,8.808443040014117e-06,32.24411941460586,0.0008646982808755421,5.202700139062144e-05,0.0005226660782703749
blk0_spa/state,193,0,8192,0.13406377703279226,2.282906877963201e-05,2.0124869098463463,0.0010122380176125698,1.6365207157323274e-05,0.0033680425242254845
blk0_spa/c_readout,193,0,512,0.02401822924100878,7.2466494117212706e-06,0.728730550770601,0.0007174022350234371,4.6910603986345275e-05,0.003153444101309704
blk0_spa/d_path,193,0,512,0.0,0.0,23.441039943058573,0.0,0.0,0.0
blk0_spa/readout,193,0,512,0.02401822924100814,7.246649411720873e-06,30.578663164296096,0.0007174022350234233,4.691060398634402e-05,0.0004868098734120193
blk0_spa/state,194,0,8192,0.13406341725849186,2.298037146617697e-05,1.8955513352327718,0.001015070995756713,1.6365163239561994e-05,0.0034818555279634987
blk0_spa/c_readout,194,0,512,0.025633161588843458,8.794644558875844e-06,0.874167361324919,0.0010114326250120625,5.006476872820988e-05,0.0031718442404749326
blk0_spa/d_path,194,0,512,0.0,0.0,22.916709672112503,0.0,0.0,0.0
blk0_spa/readout,194,0,512,0.025633161588843684,8.794644558876132e-06,30.540203949065145,0.001011432625012132,5.006476872821032e-05,0.0005366278147084724
blk0_spa/state,195,0,8192,0.13391835621132264,2.3073149916179132e-05,1.8186237050920064,0.0010168851190091796,1.634745559220247e-05,0.0035619024407064176
blk0_spa/c_readout,195,0,512,0.025649745137595516,8.613018835356694e-06,0.7990441065315658,0.0010986193583738119,5.009715847186624e-05,0.0032831620728904077
blk0_spa/d_path,195,0,512,0.0,0.0,21.583214920610033,0.0,0.0,0.0
blk0_spa/readout,195,0,512,0.025649745137595013,8.6130188353566e-06,29.149399880130016,0.0010986193583738535,5.009715847186526e-05,0.00054357927422767
blk0_spa/state,196,0,8192,0.13368297236055215,2.316818053923742e-05,1.7581831094704212,0.0010200487718917337,1.6318722211981464e-05,0.0036300609129267373
blk0_spa/c_readout,196,0,512,0.02647410869390791,9.435276042002922e-06,0.830814079986581,0.0012468033976843623,5.170724354278889e-05,0.0033699649294644377
blk0_spa/d_path,196,0,512,0.0,0.0,21.289220061173715,0.0,0.0,0.0
blk0_spa/readout,196,0,512,0.026474108693907934,9.435276042002877e-06,29.062061014647313,0.0012468033976843484,5.1707243542788934e-05,0.0005697890517121575
blk0_spa/state,197,0,8192,0.1339148646420739,2.330620683881751e-05,1.6940328607816342,0.0010225900956156997,1.634702937525316e-05,0.0037091541522770665
blk0_spa/c_readout,197,0,512,0.02584195174886958,8.858647134342951e-06,0.7786461566078384,0.001059719807837256,5.04725620095109e-05,0.003372978937671159
blk0_spa/d_path,197,0,512,0.0,0.0,21.55040551915386,0.0,0.0,0.0
blk0_spa/readout,197,0,512,0.025841951748869486,8.858647134343056e-06,28.928931361571312,0.001059719807837256,5.0472562009510714e-05,0.0005533724145369895
blk0_spa/state,198,0,8192,0.13408271146367046,2.339952936398777e-05,1.6604916455594632,0.0010240978492579295,1.6367518489217585e-05,0.003753921734872488
blk0_spa/c_readout,198,0,512,0.026065037268486576,8.92835078141496e-06,0.8141970527602027,0.0011128912513645034,5.0908275915012844e-05,0.003311470262420614
blk0_spa/d_path,198,0,512,0.0,0.0,21.610747937784346,0.0,0.0,0.0
blk0_spa/readout,198,0,512,0.026065037268487204,8.928350781415132e-06,29.345511258700384,0.0011128912513644895,5.090827591501407e-05,0.000551587965549491
blk0_spa/state,199,0,8192,0.1348113015298262,2.3557740489714425e-05,1.715174599623279,0.0010252718668946892,1.6456457706277613e-05,0.0037060617260754494
blk0_spa/c_readout,199,0,512,0.026915811086052774,9.418431420585229e-06,0.8436391726598285,0.0010558818354707011,5.2569943527446824e-05,0.0033412649993458158
blk0_spa/d_path,199,0,512,0.0,0.0,25.020802180982862,0.0,0.0,0.0
blk0_spa/readout,199,0,512,0.026915811086053305,9.4184314205852e-06,33.446933121368914,0.0010558818354706734,5.256994352744786e-05,0.0005306536295255081
blk0_spa/state,200,0,8192,0.13474826834639625,2.363743031273059e-05,1.673017158661653,0.00102880925278203,1.644876322587845e-05,0.0037588061880901615
blk0_spa/c_readout,200,0,512,0.024131512333538774,7.607566194907485e-06,0.6646645229288337,0.0010036551618135686,4.713186002644292e-05,0.0033831528589627073
blk0_spa/d_path,200,0,512,0.0,0.0,21.941848624216178,0.0,0.0,0.0
blk0_spa/readout,200,0,512,0.024131512333539232,7.607566194907513e-06,28.73281848914945,0.0010036551618135547,4.713186002644381e-05,0.0005145573135030994
blk0_spa/state,201,0,8192,0.13494529453852536,2.3734874363351064e-05,1.615320951394469,0.0010304499910348264,1.6472814274722334e-05,0.003833222737197861
blk0_spa/c_readout,201,0,512,0.024746603378435057,8.070983905152524e-06,0.6981842480425805,0.0008732891323293898,4.833320972350597e-05,0.003399994523137797
blk0_spa/d_path,201,0,512,0.0,0.0,20.439082543191983,0.0,0.0,0.0
blk0_spa/readout,201,0,512,0.024746603378435462,8.070983905152755e-06,27.359845292968956,0.0008732891323294245,4.833320972350676e-05,0.0005431332892005712
blk0_spa/state,202,0,8192,0.13514383075964412,2.3866138398318466e-05,1.5982746000609642,0.0010323508109561993,1.649704965327687e-05,0.003864251449838021
blk0_spa/c_readout,202,0,512,0.025696487498470272,8.654592714263541e-06,0.7652156542283763,0.0009381025996527473,5.018845214544975e-05,0.003363035056228509
blk0_spa/d_path,202,0,512,0.0,0.0,21.057492574935956,0.0,0.0,0.0
blk0_spa/readout,202,0,512,0.025696487498470373,8.654592714263397e-06,28.375810315173897,0.0009381025996527681,5.018845214544995e-05,0.0005522671118066775
blk0_spa/state,203,0,8192,0.13565769529139338,2.397865938640278e-05,1.6675713221500772,0.001034013435800188,1.6559777257250168e-05,0.0037920166923566785
blk0_spa/c_readout,203,0,512,0.025914864351384504,8.151587213275484e-06,0.9170886443686856,0.0008264206398601384,5.061496943629786e-05,0.0029813669428377164
blk0_spa/d_path,203,0,512,0.0,0.0,25.39375262932206,0.0,0.0,0.0
blk0_spa/readout,203,0,512,0.025914864351384376,8.151587213275584e-06,33.87162512539969,0.0008264206398601592,5.061496943629761e-05,0.0004905723568816989
blk0_spa/state,204,0,8192,0.1364362167465057,2.4096495418613727e-05,1.919765126392265,0.0010359495024147708,1.6654811614563683e-05,0.003542851039978447
blk0_spa/c_readout,204,0,512,0.026650798310049267,9.045824028756321e-06,0.7205916901688226,0.0009212406583232538,5.2052340449314975e-05,0.0035430676342523577
blk0_spa/d_path,204,0,512,0.0,0.0,31.503502403815563,0.0,0.0,0.0
blk0_spa/readout,204,0,512,0.026650798310049094,9.045824028756285e-06,37.519881949091484,0.0009212406583232746,5.2052340449314636e-05,0.000491013390371361
blk0_spa/state,205,0,8192,0.13654773376887852,2.4220412202663436e-05,1.8083835338715208,0.0010375950232227663,1.6668424532333804e-05,0.00365970005921753
blk0_spa/c_readout,205,0,512,0.02546704357620129,8.480047524389284e-06,0.7035409445874403,0.000902878744172747,4.9740319484768144e-05,0.0034717980454370906
blk0_spa/d_path,205,0,512,0.0,0.0,24.01584719990235,0.0,0.0,0.0
blk0_spa/readout,205,0,512,0.025467043576201165,8.480047524389162e-06,31.163994371640392,0.0009028787441727193,4.97403194847679e-05,0.0005216420397734252
blk0_spa/state,206,0,8192,0.13664354680946522,2.433327300998776e-05,1.738588152796599,0.0010394489244964292,1.6680120460139798e-05,0.003741122305173464
blk0_spa/c_readout,206,0,512,0.02606653790154998,8.616381626340907e-06,0.78574166790805,0.0009219649656337092,5.091120683896481e-05,0.0033114833118993124
blk0_spa/d_path,206,0,512,0.0,0.0,26.34700962216015,0.0,0.0,0.0
blk0_spa/readout,206,0,512,0.02606653790155018,8.616381626340995e-06,34.020699742710285,0.0009219649656336815,5.091120683896519e-05,0.0005032581791933296
blk0_spa/state,207,0,8192,0.1367027627262314,2.445103476583689e-05,1.7506567358557246,0.0010399618469293243,1.668734896560442e-05,0.0037372153331929614
blk0_spa/c_readout,207,0,512,0.02520634464873511,8.14432074442414e-06,0.731621852721406,0.0008846064565089448,4.923114189206076e-05,0.003336445998505213
blk0_spa/d_path,207,0,512,0.0,0.0,24.022979739292126,0.0,0.0,0.0
blk0_spa/readout,207,0,512,0.025206344648735474,8.144320744424237e-06,31.537276668933316,0.0008846064565089518,4.923114189206147e-05,0.0005081773924295346
blk0_spa/state,208,0,8192,0.13704041958371785,2.4535477508155648e-05,1.7445026483744848,0.0010392722191117365,1.6728566843715558e-05,0.003750260543941301
blk0_spa/c_readout,208,0,512,0.027467641872451792,9.642181569249561e-06,0.933759477374209,0.0009418430868531474,5.364773803213241e-05,0.00321343959964337
blk0_spa/d_path,208,0,512,0.0,0.0,23.455253320126708,0.0,0.0,0.0
blk0_spa/readout,208,0,512,0.027467641872451834,9.642181569249777e-06,31.93605609439671,0.0009418430868531891,5.364773803213249e-05,0.0005494738280949669
blk0_spa/state,209,0,8192,0.1369712169873922,2.4634557211314126e-05,1.7103782612641656,0.0010382259788003362,1.6720119261156275e-05,0.0037951268475318357
blk0_spa/c_readout,209,0,512,0.025591907694765777,8.355842135080509e-06,0.7743318816254974,0.0007875708291783592,4.998419471633941e-05,0.003284971021344969
blk0_spa/d_path,209,0,512,0.0,0.0,24.173019216388465,0.0,0.0,0.0
blk0_spa/readout,209,0,512,0.025591907694765926,8.355842135080608e-06,31.69643337134076,0.0007875708291783523,4.99841947163397e-05,0.0005134402546010554
blk0_spa/state,210,0,8192,0.13711060675984915,2.477653163794525e-05,1.6862781767856199,0.0010396243105697395,1.67371346142394e-05,0.0038331485111034215
blk0_spa/c_readout,210,0,512,0.02366280411856013,7.6246665725226756e-06,0.7044318942563567,0.0009027534524593261,4.621641429406275e-05,0.003289962310895866
blk0_spa/d_path,210,0,512,0.0,0.0,22.41951717868009,0.0,0.0,0.0
blk0_spa/readout,210,0,512,0.023662804118559908,7.624666572522312e-06,29.123892636428252,0.0009027534524592706,4.621641429406232e-05,0.0005116650084869515
blk0_spa/state,211,0,8192,0.1373760125311234,2.491668034038541e-05,1.6745836235024947,0.0010425483093370463,1.6769532779678148e-05,0.003857373303416298
blk0_spa/c_readout,211,0,512,0.02771218243676056,1.0354281383077548e-05,0.8534897766367806,0.0012866972297009005,5.412535632179797e-05,0.003483058909512068
blk0_spa/d_path,211,0,512,0.0,0.0,22.002190982333303,0.0,0.0,0.0
blk0_spa/readout,211,0,512,0.027712182436760803,1.0354281383077579e-05,29.975665679840592,0.0012866972297009838,5.412535632179844e-05,0.0005877268927693189
blk0_spa/state,212,0,8192,0.1373847475019031,2.502307674006814e-05,1.6281211732553407,0.0010451867848905727,1.6770599060290906e-05,0.003920369409868058
blk0_spa/c_readout,212,0,512,0.025487122044072108,8.61683749436136e-06,0.7092563428610296,0.001080521524412445,4.9779535242328336e-05,0.003485558186977837
blk0_spa/d_path,212,0,512,0.0,0.0,20.535929333692298,0.0,0.0,0.0
blk0_spa/readout,212,0,512,0.025487122044072528,8.616837494361562e-06,27.550983138140555,0.0010805215244125144,4.9779535242329156e-05,0.000559249237748602
blk0_spa/state,213,0,8192,0.13755622132827666,2.5129890434435786e-05,1.5917073023578765,0.0010478068713348984,1.6791530923861897e-05,0.003973412861272185
blk0_spa/c_readout,213,0,512,0.027692496480214036,1.022372755732301e-05,0.8332346153574629,0.001147093011113924,5.408690718791804e-05,0.0035028454981011225
blk0_spa/d_path,213,0,512,0.0,0.0,21.30059760495339,0.0,0.0,0.0
blk0_spa/readout,213,0,512,0.027692496480214525,1.0223727557323155e-05,29.05711755152482,0.001147093011113931,5.4086907187918994e-05,0.0005931688944999098
blk0_spa/state,214,0,8192,0.13787327387620102,2.525281480663085e-05,1.5813278033136067,0.001050408696834669,1.6830233627465945e-05,0.003996169892484729
blk0_spa/c_readout,214,0,512,0.0276047531591819,1.0568163719546234e-05,0.8040537742456534,0.001334484734984251,5.391553351402715e-05,0.0036254107559702256
blk0_spa/d_path,214,0,512,0.0,0.0,22.519216836953632,0.0,0.0,0.0
blk0_spa/readout,214,0,512,0.027604753159181906,1.0568163719546398e-05,30.399261831712916,0.0013344847349842093,5.391553351402716e-05,0.0005896146249313204
blk0_spa/state,215,0,8192,0.13813370246775886,2.5353003455732956e-05,1.5986182400647968,0.0010519534428960892,1.6862024227021345e-05,0.003982376585754725
blk0_spa/c_readout,215,0,512,0.026184241990185514,8.766461669844063e-06,0.7946279229654649,0.001028922582834886,5.114109763708108e-05,0.0033214694184907833
blk0_spa/d_path,215,0,512,0.0,0.0,22.49386659800315,0.0,0.0,0.0
blk0_spa/readout,215,0,512,0.026184241990185125,8.76646166984376e-06,30.376880002726683,0.0010289225828348236,5.114109763708032e-05,0.0005372056681348133
blk0_spa/state,216,0,8192,0.13844250193152582,2.5438536340522846e-05,1.5731843305005078,0.001050208971619851,1.689971947406321e-05,0.004021205369672542
blk0_spa/c_readout,216,0,512,0.025625367003048453,8.741621005987427e-06,0.6646889310063864,0.001027164466883293,5.004954492782901e-05,0.003626492332333958
blk0_spa/d_path,216,0,512,0.0,0.0,20.363753488322793,0.0,0.0,0.0
blk0_spa/readout,216,0,512,0.025625367003047964,8.741621005987417e-06,27.24518201510537,0.0010271644668833346,5.0049544927828055e-05,0.0005664363687985265
blk0_spa/state,217,0,8192,0.13879205664596903,2.5578056075817947e-05,1.5562271913021637,0.001051844614120584,1.694238972729114e-05,0.004054126240206685
blk0_spa/c_readout,217,0,512,0.02650434115277284,9.457794777924586e-06,0.7287203248336469,0.000987876694620006,5.1766291314009454e-05,0.0036025872008950684
blk0_spa/d_path,217,0,512,0.0,0.0,20.912935608191745,0.0,0.0,0.0
blk0_spa/readout,217,0,512,0.026504341152773073,9.457794777924906e-06,28.195580368861112,0.0009878766946200823,5.176629131400991e-05,0.0005791678206582781
blk0_spa/state,218,0,8192,0.13892013717390822,2.5729900500388328e-05,1.558281779241896,0.0010595123955502508,1.6958024557361843e-05,0.004063460637293564
blk0_spa/c_readout,218,0,512,0.02642485858074097,9.0303600170863e-06,0.7204404515135517,0.0008768728650331709,5.161105191550971e-05,0.003540409419609796
blk0_spa/d_path,218,0,512,0.0,0.0,22.250194268473688,0.0,0.0,0.0
blk0_spa/readout,218,0,512,0.0264248585807407,9.03036001708621e-06,29.533999510171903,0.0008768728650331292,5.161105191550918e-05,0.0005529570515650308
blk0_spa/state,219,0,8192,0.13918641196904427,2.5831830213583143e-05,1.566253422598582,0.0010622380830582062,1.6990528804814975e-05,0.004061127011517679
blk0_spa/c_readout,219,0,512,0.02644266221810212,8.872745688530844e-06,0.7703445410592833,0.000827544161963345,5.16458246447307e-05,0.003393802086082595
blk0_spa/d_path,219,0,512,0.0,0.0,21.285095399795438,0.0,0.0,0.0
blk0_spa/readout,219,0,512,0.02644266221810169,8.872745688531137e-06,28.874338052964493,0.0008275441619634005,5.1645824644729867e-05,0.0005543358913321036
blk0_spa/state,220,0,8192,0.13954372523820657,2.5934264700402547e-05,1.6239540953087346,0.0010631180045090477,1.7034146147242013e-05,0.003996226498283336
blk0_spa/c_readout,220,0,512,0.027580126694491492,9.953745715533407e-06,0.7518921475444722,0.0010215811423648705,5.3867434950178695e-05,0.003638442335104912
blk0_spa/d_path,220,0,512,0.0,0.0,23.586267153386185,0.0,0.0,0.0
blk0_spa/readout,220,0,512,0.027580126694491208,9.953745715533141e-06,31.3744810547009,0.0010215811423648358,5.386743495017814e-05,0.0005632549217747996
blk0_spa/state,221,0,8192,0.13984289807594144,2.60397245164185e-05,1.6058288478093425,0.0010644125580422104,1.707066626903582e-05,0.00402687885946072
blk0_spa/c_readout,221,0,512,0.027276294577016476,1.0176469458900311e-05,0.7495212336647858,0.0012640403983269072,5.3274012845735304e-05,0.0036847378576592015
blk0_spa/d_path,221,0,512,0.0,0.0,22.15118202029747,0.0,0.0,0.0
blk0_spa/readout,221,0,512,0.027276294577016018,1.0176469458900447e-05,29.640262414621898,0.0012640403983269488,5.327401284573441e-05,0.0005859459335908416
blk0_spa/state,222,0,8192,0.13998534188792633,2.6165144206364383e-05,1.5674160696434365,0.0010676929222323966,1.7088054429678507e-05,0.004085727698494868
blk0_spa/c_readout,222,0,512,0.026592995139518592,9.160789496974598e-06,0.7255046945009448,0.0009598864615941935,5.193944363187225e-05,0.0035534183308409345
blk0_spa/d_path,222,0,512,0.0,0.0,22.20856817598374,0.0,0.0,0.0
blk0_spa/readout,222,0,512,0.02659299513951845,9.160789496974324e-06,29.458862128666986,0.0009598864615941727,5.193944363187197e-05,0.0005576458415285806
blk0_spa/state,223,0,8192,0.14027163310368598,2.6289263068248336e-05,1.5729892980521258,0.0010693942564261177,1.7123002087852293e-05,0.004088145292438635
blk0_spa/c_readout,223,0,512,0.028386416860143517,1.040170612505587e-05,0.8372356223322308,0.0008875344701638893,5.5442220429967806e-05,0.0035247509862214536
blk0_spa/d_path,223,0,512,0.0,0.0,22.772066802658202,0.0,0.0,0.0
blk0_spa/readout,223,0,512,0.028386416860142743,1.040170612505555e-05,30.879942446342813,0.0008875344701638754,5.5442220429966295e-05,0.0005803821523221176
blk0_spa/state,224,0,8192,0.1402126011100109,2.6321954828622517e-05,1.5975568179969786,0.0010667733663036888,1.711579603393688e-05,0.004059110865247819
blk0_spa/c_readout,224,0,512,0.029242926082657574,1.1010404082974077e-05,0.9617891532570958,0.0010172441823442513,5.7115090005190575e-05,0.003383465024736544
blk0_spa/d_path,224,0,512,0.0,0.0,21.670866864411597,0.0,0.0,0.0
blk0_spa/readout,224,0,512,0.029242926082657692,1.1010404082974312e-05,30.194412010914387,0.001017244182344279,5.7115090005190805e-05,0.0006038628891722515
blk0_spa/state,225,0,8192,0.1398029033439107,2.6387462689741227e-05,1.5876967749506559,0.0010651853956422513,1.7065784099598476e-05,0.004076758964151325
blk0_spa/c_readout,225,0,512,0.027412695546238926,9.640300810067677e-06,0.7961337460247129,0.0008491753351292791,5.35404209887479e-05,0.003479783915299145
blk0_spa/d_path,225,0,512,0.0,0.0,23.40377927773776,0.0,0.0,0.0
blk0_spa/readout,225,0,512,0.027412695546238767,9.640300810067787e-06,31.059625859188504,0.000849175335129293,5.354042098874759e-05,0.0005571179903047083
blk0_spa/state,226,0,8192,0.13959493091423167,2.643844904688955e-05,1.5822611188117581,0.001065774698635523,1.704039684011617e-05,0.004087699003976507
blk0_spa/c_readout,226,0,512,0.024816761780757774,8.180392624396097e-06,0.6917009463686197,0.0009225844194822932,4.847023785304253e-05,0.003438966056985846
blk0_spa/d_path,226,0,512,0.0,0.0,22.60195344476246,0.0,0.0,0.0
blk0_spa/readout,226,0,512,0.024816761780757386,8.180392624396307e-06,29.441493803381505,0.0009225844194823418,4.847023785304177e-05,0.0005271171586018196
blk0_spa/state,227,0,8192,0.13965763182333135,2.6554059365165307e-05,1.5631730785029596,0.001069068689491387,1.7048050759684003e-05,0.0041215628563480485
blk0_spa/c_readout,227,0,512,0.028522569901762045,1.0710548390084898e-05,0.8014073756140624,0.0011614500700415017,5.570814433937899e-05,0.0036557727079370287
blk0_spa/d_path,227,0,512,0.0,0.0,21.56644067154175,0.0,0.0,0.0
blk0_spa/readout,227,0,512,0.0285225699017625,1.0710548390085032e-05,29.232883426090687,0.0011614500700415364,5.570814433937988e-05,0.0006052990976484158
blk0_spa/state,228,0,8192,0.13957861327492183,2.666315749927152e-05,1.543892698012222,0.0010722281934242225,1.7038404940786356e-05,0.004155729129088031
blk0_spa/c_readout,228,0,512,0.028581080002597285,1.074361995463666e-05,0.8190989790492582,0.0011106161494142397,5.582242188007282e-05,0.0036216554116415118
blk0_spa/d_path,228,0,512,0.0,0.0,20.67093043845594,0.0,0.0,0.0
blk0_spa/readout,228,0,512,0.028581080002596643,1.0743619954636332e-05,28.418282596066806,0.001110616149414101,5.582242188007157e-05,0.0006148602315251911
blk0_spa/state,229,0,8192,0.13975688097844877,2.677776701254353e-05,1.5430906691971646,0.001075006127425289,1.7060166135064547e-05,0.004165733249498763
blk0_spa/c_readout,229,0,512,0.029129697961959626,1.1914765010384914e-05,0.8020617874540009,0.0014513740614791881,5.6893941331952395e-05,0.003854240652381597
blk0_spa/d_path,229,0,512,0.0,0.0,21.949496669261226,0.0,0.0,0.0
blk0_spa/readout,229,0,512,0.029129697961959838,1.1914765010385121e-05,29.924802890572717,0.0014513740614792159,5.689394133195281e-05,0.0006309967050623732
blk0_spa/state,230,0,8192,0.1398544162902635,2.688027571088892e-05,1.5248164347706066,0.0010772105959399592,1.7072072301057555e-05,0.004198634570901814
blk0_spa/c_readout,230,0,512,0.029111991500214325,1.1642330876257904e-05,0.8134232874951888,0.0013160452172493523,5.6859358398856104e-05,0.00378322061993756
blk0_spa/d_path,230,0,512,0.0,0.0,21.923063561879466,0.0,0.0,0.0
blk0_spa/readout,230,0,512,0.029111991500213825,1.1642330876257626e-05,29.871293829577006,0.001316045217249262,5.685935839885513e-05,0.0006242994495375153
blk0_spa/state,231,0,8192,0.1398990237904623,2.6976742205267773e-05,1.5120484967850536,0.001079307349464556,1.7077517552546666e-05,0.004223883103129838
blk0_spa/c_readout,231,0,512,0.02837104226604313,1.1249214809944684e-05,0.7729670410963079,0.0013600596982139904,5.541219192586549e-05,0.003814877675939958
blk0_spa/d_path,231,0,512,0.0,0.0,21.953930783115595,0.0,0.0,0.0
blk0_spa/readout,231,0,512,0.028371042266043117,1.124921480994451e-05,29.670538692977008,0.0013600596982139557,5.541219192586546e-05,0.0006157414488983434
blk0_spa/state,232,0,8192,0.13996590303394868,2.7080526801314883e-05,1.532453843509935,0.0010792622075617986,1.7085681522698813e-05,0.004203730375433159
blk0_spa/c_readout,232,0,512,0.029360702583407974,1.1511826196421816e-05,0.8886430855157219,0.0011629042767227551,5.73451222332187e-05,0.0035992202949979403
blk0_spa/d_path,232,0,512,0.0,0.0,22.165928167181367,0.0,0.0,0.0
blk0_spa/readout,232,0,512,0.029360702583407713,1.151182619642187e-05,30.650273447924548,0.0011629042767228315,5.734512223321819e-05,0.0006128510511272505
blk0_spa/state,233,0,8192,0.1404100078523281,2.7226923433180806e-05,1.5660284377000906,0.0010813390655308591,1.7139893536661145e-05,0.004169648665962255
blk0_spa/c_readout,233,0,512,0.027517270277835758,1.0201631318442762e-05,0.7540143979008904,0.0011896109961414547,5.3744668511397964e-05,0.003678281753160449
blk0_spa/d_path,233,0,512,0.0,0.0,22.67004692127455,0.0,0.0,0.0
blk0_spa/readout,233,0,512,0.02751727027783659,1.0201631318443023e-05,30.484582663367853,0.0011896109961414547,5.374466851139959e-05,0.0005784884405327462
blk0_spa/state,234,0,8192,0.1406486729851523,2.7350358164925135e-05,1.5342571250136152,0.001083176572449135,1.716902746400785e-05,0.004222138102383346
blk0_spa/c_readout,234,0,512,0.026643335358015358,9.638697812147492e-06,0.6748441154293613,0.001013387099970682,5.2037764371123745e-05,0.003779265907203464
blk0_spa/d_path,234,0,512,0.0,0.0,20.56095306505237,0.0,0.0,0.0
blk0_spa/readout,234,0,512,0.026643335358015184,9.638697812147419e-06,27.57227450915415,0.0010133870999706751,5.2037764371123406e-05,0.0005912523576331651
blk0_spa/state,235,0,8192,0.14091245809750563,2.745252333220564e-05,1.5213449067281546,0.0010850239563734362,1.7201227795105668e-05,0.004247929419677238
blk0_spa/c_readout,235,0,512,0.02644378183983538,9.522638642043872e-06,0.6741657973725101,0.0009889282923680742,5.164801140592848e-05,0.003758333320918464
blk0_spa/d_path,235,0,512,0.0,0.0,20.788349622185287,0.0,0.0,0.0
blk0_spa/readout,235,0,512,0.026443781839835458,9.522638642043947e-06,27.88168274748871,0.0009889282923680742,5.164801140592863e-05,0.0005844120492906761
blk0_spa/state,236,0,8192,0.14108586708345164,2.7566757973441963e-05,1.5339891478691676,0.0010860503958492335,1.7222395884210405e-05,0.004239178491754269
blk0_spa/c_readout,236,0,512,0.0296014917826567,1.1789603008514576e-05,0.8361312136245981,0.001197350242665797,5.781541363800137e-05,0.0037550210201460904
blk0_spa/d_path,236,0,512,0.0,0.0,21.314948510801315,0.0,0.0,0.0
blk0_spa/readout,236,0,512,0.029601491782656655,1.1789603008514561e-05,29.40350852134109,0.0011973502426657623,5.781541363800128e-05,0.0006332132781425397
blk0_spa/state,237,0,8192,0.14128233798802872,2.7671308942339667e-05,1.542935752315435,0.001086861892303316,1.7246379148929287e-05,0.004234878261570823
blk0_spa/c_readout,237,0,512,0.0271829414281463,9.893315927960174e-06,0.7530067975402334,0.001025013184088104,5.309168247684824e-05,0.003624695182321818
blk0_spa/d_path,237,0,512,0.0,0.0,20.776233076621182,0.0,0.0,0.0
blk0_spa/readout,237,0,512,0.02718294142814647,9.893315927960144e-06,28.31618945574745,0.0010250131840880972,5.309168247684857e-05,0.0005910898940419344
blk0_spa/state,238,0,8192,0.1416542070864612,2.7802920947957505e-05,1.5550667588256966,0.0010894916599648516,1.7291773325984034e-05,0.004228347709798714
blk0_spa/c_readout,238,0,512,0.027239712873184583,9.972364785622704e-06,0.7339493588602118,0.001000790923786389,5.320256420543864e-05,0.0036860908123860395
blk0_spa/d_path,238,0,512,0.0,0.0,20.58953449247749,0.0,0.0,0.0
blk0_spa/readout,238,0,512,0.027239712873184208,9.972364785622668e-06,28.096346888299312,0.0010007909237864099,5.320256420543791e-05,0.0005957638537537729
blk0_spa/state,239,0,8192,0.14186694778751924,2.7903273887804913e-05,1.5547947881696453,0.0010907339204487623,1.7317742649843657e-05,0.004236342287317473
blk0_spa/c_readout,239,0,512,0.028234903449052353,1.0465267141578063e-05,0.7971590092196502,0.0009685041206747291,5.514629579893038e-05,0.0036232865350120927
blk0_spa/d_path,239,0,512,0.0,0.0,20.266064611685696,0.0,0.0,0.0
blk0_spa/readout,239,0,512,0.028234903449052478,1.0465267141578172e-05,27.983707764890376,0.0009685041206747291,5.514629579893062e-05,0.0006115367079612151
blk0_spa/state,240,0,8192,0.14176631891851887,2.7901237180467753e-05,1.5513296487601478,0.0010876794739797455,1.730545885235826e-05,0.004240916133224131
blk0_spa/c_readout,240,0,512,0.029999571782434672,1.1839649920446672e-05,0.914599176931382,0.0010244184600353423,5.859291363756772e-05,0.0035979409179299248
blk0_spa/d_path,240,0,512,0.0,0.0,19.790957014490758,0.0,0.0,0.0
blk0_spa/readout,240,0,512,0.029999571782435765,1.1839649920446596e-05,27.854096057934886,0.00102441846003537,5.859291363756985e-05,0.0006519659222694297
blk0_spa/state,241,0,8192,0.14202852924565484,2.7963867257032366e-05,1.565716209086575,0.0010845316225092175,1.7337466948932476e-05,0.00422612260317782
blk0_spa/c_readout,241,0,512,0.027941769483615923,1.025439896000439e-05,0.7778679878407376,0.0008881382614500319,5.457376852268735e-05,0.003630798568825353
blk0_spa/d_path,241,0,512,0.0,0.0,23.120646479806,0.0,0.0,0.0
blk0_spa/readout,241,0,512,0.027941769483616402,1.025439896000458e-05,30.78193767831175,0.0008881382614500666,5.4573768522688285e-05,0.0005771744899318698
blk0_spa/state,242,0,8192,0.1422625591687252,2.8030010710670304e-05,1.5723833463671935,0.001084045891199155,1.7366035054776027e-05,0.004222137903640507
blk0_spa/c_readout,242,0,512,0.025356028960680906,8.766956772518878e-06,0.6786992536936844,0.000974699525562582,4.9523494063829894e-05,0.003594063506634829
blk0_spa/d_path,242,0,512,0.0,0.0,23.33149226337023,0.0,0.0,0.0
blk0_spa/readout,242,0,512,0.0253560289606808,8.766956772518889e-06,30.1335086017279,0.0009746995255626167,4.952349406382969e-05,0.0005393858903708973
blk0_spa/state,243,0,8192,0.14246327039402207,2.8186690590465873e-05,1.5386808341211138,0.0010866104767821363,1.7390535936770272e-05,0.0042800394497038066
blk0_spa/c_readout,243,0,512,0.02971382864003795,1.1779770890075963e-05,0.8087715977842005,0.0011154257658713349,5.803482156257412e-05,0.00381641396340171
blk0_spa/d_path,243,0,512,0.0,0.0,20.550297356543215,0.0,0.0,0.0
blk0_spa/readout,243,0,512,0.029713828640038294,1.1779770890076265e-05,28.180129532764077,0.001115425765871425,5.8034821562574794e-05,0.0006465422784205918
blk0_spa/state,244,0,8192,0.14306191554103787,2.8364627558566302e-05,1.5339270946849153,0.0010903963808919157,1.74636127369431e-05,0.004300175528382659
blk0_spa/c_readout,244,0,512,0.03001322154641587,1.2200714365377394e-05,0.8165080779607446,0.0012833059204739802,5.86195733328435e-05,0.003865559719012046
blk0_spa/d_path,244,0,512,0.0,0.0,21.94569843708104,0.0,0.0,0.0
blk0_spa/readout,244,0,512,0.030013221546415968,1.2200714365377792e-05,29.940735421679282,0.0012833059204739872,5.861957333284369e-05,0.0006383537267376047
blk0_spa/state,245,0,8192,0.14321678757148318,2.8469503541554026e-05,1.5218376915440341,0.0010936017943706522,1.7482518014097068e-05,0.004325195862553036
blk0_spa/c_readout,245,0,512,0.030272059872907948,1.2681598636978792e-05,0.8244241979715791,0.0013849873355751274,5.9125116939273336e-05,0.003922036551563728
blk0_spa/d_path,245,0,512,0.0,0.0,21.810594181950474,0.0,0.0,0.0
blk0_spa/readout,245,0,512,0.030272059872907448,1.2681598636978746e-05,29.9174434170789,0.0013849873355751274,5.912511693927236e-05,0.0006510656201735229
blk0_spa/state,246,0,8192,0.14356115575753087,2.857468981451525e-05,1.4943473793065227,0.0010955843078608446,1.7524555146182967e-05,0.004372854017862662
blk0_spa/c_readout,246,0,512,0.028944417678142532,1.1883959113732743e-05,0.7295765752838266,0.0013995230796718938,5.653206577762213e-05,0.004035944019347523
blk0_spa/d_path,246,0,512,0.0,0.0,21.21337532598567,0.0,0.0,0.0
blk0_spa/readout,246,0,512,0.028944417678142483,1.1883959113732259e-05,28.688236079995534,0.0013995230796718383,5.653206577762204e-05,0.0006436186964725134
blk0_spa/state,247,0,8192,0.14331951171468799,2.8660433782599637e-05,1.4862165746488822,0.0010958385651402558,1.7495057582359373e-05,0.004391373021524799
blk0_spa/c_readout,247,0,512,0.028756029572825612,1.1248932523463714e-05,0.7496880715996399,0.0010900066658278626,5.6164120259425024e-05,0.0038736052030999544
blk0_spa/d_path,247,0,512,0.0,0.0,21.401036370909747,0.0,0.0,0.0
blk0_spa/readout,247,0,512,0.02875602957282596,1.124893252346398e-05,28.976530781897054,0.001090006665827925,5.61641202594257e-05,0.0006230637170872974
blk0_spa/state,248,0,8192,0.14359109838889092,2.879002672569717e-05,1.51787874818018,0.0010992059940350754,1.752821025255016e-05,0.0043551437447294705
blk0_spa/c_readout,248,0,512,0.029367224812668197,1.1463996328625298e-05,0.8519400405241868,0.0012440425872271565,5.735786096224257e-05,0.0036682886666094977
blk0_spa/d_path,248,0,512,0.0,0.0,23.19492716705881,0.0,0.0,0.0
blk0_spa/readout,248,0,512,0.029367224812668513,1.1463996328625312e-05,31.534942017548424,0.001244042587227101,5.735786096224319e-05,0.0006029370902835792
blk0_spa/state,249,0,8192,0.14442360729296932,2.896553147851425e-05,1.5776252008940896,0.001101467887299458,1.7629834874630045e-05,0.004284881672076962
blk0_spa/c_readout,249,0,512,0.026887729475672844,9.719335342481415e-06,0.6679107793071537,0.0010180622678926318,5.251509663217352e-05,0.003814688297736274
blk0_spa/d_path,249,0,512,0.0,0.0,23.49940580168085,0.0,0.0,0.0
blk0_spa/readout,249,0,512,0.026887729475673132,9.719335342481653e-06,30.860751732778972,0.0010180622678926943,5.2515096632174086e-05,0.000561196602265738
blk0_spa/state,250,0,8192,0.1445255417855747,2.906771519364328e-05,1.5443936187308056,0.001102379719216659,1.764227804999691e-05,0.004338368607796303
blk0_spa/c_readout,250,0,512,0.027065866834079792,9.991492516378788e-06,0.6604334748724201,0.0011340854010111895,5.2863021160312094e-05,0.0038895615180794263
blk0_spa/d_path,250,0,512,0.0,0.0,20.596907570733006,0.0,0.0,0.0
blk0_spa/readout,250,0,512,0.027065866834079688,9.991492516379097e-06,27.557406388237847,0.0011340854010112311,5.286302116031189e-05,0.0006021379689233149
blk0_spa/state,251,0,8192,0.14456267601396175,2.916306473127727e-05,1.5147032633298327,0.001101622882809232,1.7646811036860565e-05,0.004387860383361718
blk0_spa/c_readout,251,0,512,0.029254837453620574,1.1820105121647929e-05,0.73425209819426,0.0011385581929192062,5.7138354401602683e-05,0.004012250791107615
blk0_spa/d_path,251,0,512,0.0,0.0,21.73626188925752,0.0,0.0,0.0
blk0_spa/readout,251,0,512,0.029254837453620494,1.182010512164795e-05,29.2740664610402,0.0011385581929191924,5.713835440160253e-05,0.0006354320883207449
blk0_spa/state,252,0,8192,0.14483781689695385,2.9250230039200907e-05,1.5324217335063346,0.001099024306552225,1.7680397570428937e-05,0.004368934076424436
blk0_spa/c_readout,252,0,512,0.028558936077469264,1.0882194580662438e-05,0.7567015636460979,0.0010641934198371006,5.5779172026307156e-05,0.003792240987296057
blk0_spa/d_path,252,0,512,0.0,0.0,21.73710411705058,0.0,0.0,0.0
blk0_spa/readout,252,0,512,0.028558936077469014,1.0882194580662574e-05,29.520219040775668,0.0010641934198371006,5.577917202630667e-05,0.0006071534340648053
blk0_spa/state,253,0,8192,0.14497994581090995,2.933265720241126e-05,1.537639675110498,0.0010985679082202368,1.7697747291370843e-05,0.004367655895021004
blk0_spa/c_readout,253,0,512,0.029427271561089582,1.1527064602286323e-05,0.8073552401168356,0.0010377487313282044,5.747513976775309e-05,0.003778566147451345
blk0_spa/d_path,253,0,512,0.0,0.0,20.17858460395816,0.0,0.0,0.0
blk0_spa/readout,253,0,512,0.029427271561089614,1.1527064602286536e-05,28.025667544971743,0.0010377487313282252,5.747513976775315e-05,0.0006413297414231088
blk0_spa/state,254,0,8192,0.14505669026152587,2.9418797556444585e-05,1.5592370070860984,0.0010995699980058046,1.770711551044017e-05,0.004343665685257899
blk0_spa/c_readout,254,0,512,0.028009679394396938,1.0480475614248345e-05,0.7516787145554323,0.000973478613745915,5.470640506718152e-05,0.00373400048219301
blk0_spa/d_path,254,0,512,0.0,0.0,20.164697805996227,0.0,0.0,0.0
blk0_spa/readout,254,0,512,0.02800967939439699,1.0480475614248158e-05,27.70297343333201,0.000973478613745915,5.470640506718162e-05,0.0006150739064250661
blk0_spa/state,255,0,8192,0.14535380855929925,2.9508800181468817e-05,1.5709665881487385,0.0010991097964247257,1.7743384833898834e-05,0.004334033876210415
blk0_spa/c_readout,255,0,512,0.028063413662082773,1.0528438679389006e-05,0.774642373571737,0.0010398394113583648,5.4811354808755416e-05,0.003686645351020413
blk0_spa/d_path,255,0,512,0.0,0.0,20.76172752636578,0.0,0.0,0.0
blk0_spa/readout,255,0,512,0.028063413662082922,1.0528438679388921e-05,28.462448137339315,0.0010398394113583231,5.481135480875571e-05,0.0006081992214496228
blk0_spe/state,0,0,524288,0.1647349724807673,2.838652886013699e-07,0.6030932469737429,1.3235258528685769e-05,3.142070245375963e-07,0.0006860628641566615
blk0_spe/c_readout,0,0,32768,0.01231905749988969,2.2381045157009258e-08,0.044997184102884565,2.0653411229140835e-05,3.759477996792508e-07,0.0007052571753079704
blk0_spe/d_path,0,0,32768,0.0,0.0,1547.6535849571608,0.0,0.0,0.0
blk0_spe/readout,0,0,32768,0.012319057499902631,2.2381045157065235e-08,1559.7862639356758,2.0653411229143437e-05,3.759477996796457e-07,3.787979639674178e-06
blk0_spe/state,1,0,524288,0.27610416579775865,8.304378562434957e-07,1.5872370825921092,5.5809722465391745e-05,5.266269031481908e-07,0.0007233236558417833
blk0_spe/c_readout,1,0,32768,0.01676982405742042,1.6995657255785815e-07,0.26824353091281183,0.00020675346019335614,5.117744158148322e-07,0.0007959840283479141
blk0_spe/d_path,1,0,32768,0.0,0.0,1748.0787242175445,0.0,0.0,0.0
blk0_spe/readout,1,0,32768,0.01676982405742058,1.6995657255779039e-07,1754.1954068663158,0.00020675346019327634,5.117744158148371e-07,9.843056939022936e-06
blk0_spe/state,2,0,524288,0.41227376037162755,1.76433381933183e-06,3.2847260705798944,5.808544451419567e-05,7.86349793189292e-07,0.0007328933831365399
blk0_spe/c_readout,2,0,32768,0.02247990333567008,1.0715682802282535e-07,0.19742955211579435,0.00011601823675383427,6.860322062887598e-07,0.0007367223488257717
blk0_spe/d_path,2,0,32768,0.0,0.0,2111.1059359789488,0.0,0.0,0.0
blk0_spe/readout,2,0,32768,0.022479903335668815,1.0715682802278324e-07,2129.9320955906132,0.00011601823675377876,6.860322062887212e-07,7.092952406856818e-06
blk0_spe/state,3,0,524288,0.46376595529899717,2.5040860723353037e-06,3.625505556770203,0.00011566095905150842,8.845633607845252e-07,0.0008310752306429277
blk0_spe/c_readout,3,0,32768,0.021101822110631455,2.196378965438917e-07,0.2542822588104984,0.000161862331050186,6.439765048410478e-07,0.0009293848904027916
blk0_spe/d_path,3,0,32768,0.0,0.0,1757.6540327151245,0.0,0.0,0.0
blk0_spe/readout,3,0,32768,0.02110182211062889,2.1963789654374784e-07,1767.0732566288534,0.00016186233104997783,6.439765048409696e-07,1.1148754720716553e-05
blk1_spa/state,0,0,8192,0.0019749369384910826,3.324732155869176e-09,0.05493648934343027,7.679586024822438e-06,2.4108116924939974e-07,0.00024600723540179324
blk1_spa/c_readout,0,0,512,0.0002845538464708009,8.560544594291763e-10,0.012480318353769733,8.567694801446535e-06,5.55769231388283e-07,0.00026190142725009705
blk1_spa/d_path,0,0,512,0.0,0.0,46.3211054722172,0.0,0.0,0.0
blk1_spa/readout,0,0,512,0.0002845538464712194,8.560544594317245e-10,47.39706369395651,8.567694801397963e-06,5.557692313891004e-07,4.249863470261963e-06
blk1_spa/state,1,0,8192,0.004141988262614802,1.2656146395028474e-08,0.46641286649603747,1.571998741356495e-05,5.05613801588721e-07,0.00016472726342627999
blk1_spa/c_readout,1,0,512,0.0005390080831376846,3.108908501527524e-09,0.150157314106065,1.8282620174872935e-05,1.0527501623782902e-06,0.0001438900370966687
blk1_spa/d_path,1,0,512,0.0,0.0,78.23589867439318,0.0,0.0,0.0
blk1_spa/readout,1,0,512,0.0005390080831378057,3.1089085015328245e-09,77.74223826994137,1.8282620174892017e-05,1.0527501623785267e-06,6.323761033167005e-06
blk1_spa/state,2,0,8192,0.005723158866331825,2.197798378502933e-08,1.0255488424780956,2.287805322961911e-05,6.986277913002716e-07,0.0001463914626261704
blk1_spa/c_readout,2,0,512,0.0006851586783580449,4.915741339918507e-09,0.17061523996600272,2.996603994206981e-05,1.3382005436680565e-06,0.00016974054831179854
blk1_spa/d_path,2,0,512,0.0,0.0,95.00017619914242,0.0,0.0,0.0
blk1_spa/readout,2,0,512,0.0006851586783574498,4.915741339911065e-09,93.49309080367487,2.9966039942097566e-05,1.3382005436668941e-06,7.251114327927078e-06
blk1_spa/state,3,0,8192,0.007503136413508487,4.055592386387974e-08,1.472118384295214,2.8917662890703966e-05,9.159102067271102e-07,0.00016598000806955358
blk1_spa/c_readout,3,0,512,0.0007506067744555831,4.48668536176922e-09,0.12002374001057163,2.4048861101591545e-05,1.4660288563585608e-06,0.00019334334573970258
blk1_spa/d_path,3,0,512,0.0,0.0,112.6926747733774,0.0,0.0,0.0
blk1_spa/readout,3,0,512,0.0007506067744547902,4.486685361741224e-09,114.02323719041972,2.4048861101411134e-05,1.4660288563570122e-06,6.2728676425804825e-06
blk1_spa/state,4,0,8192,0.008791349420307619,5.423487013255035e-08,2.1576323835292333,4.74277211208185e-05,1.0731627710336449e-06,0.00015854427939632258
blk1_spa/c_readout,4,0,512,0.001180805350351968,1.9042901905997255e-08,0.4207923475316556,6.069674218237009e-05,2.3062604499061874e-06,0.00021273191447659367
blk1_spa/d_path,4,0,512,0.0,0.0,118.0361329109121,0.0,0.0,0.0
blk1_spa/readout,4,0,512,0.0011808053503518294,1.9042901906020105e-08,117.03146326050678,6.069674218256438e-05,2.306260449905917e-06,1.2756021647360002e-05
blk1_spa/state,5,0,8192,0.009970373007332481,6.98795779074779e-08,2.9951897908513407,5.619902205900029e-05,1.2170865487466408e-06,0.00015274357921891648
blk1_spa/c_readout,5,0,512,0.0016747506490470986,4.223014976861124e-08,1.1646868867384736,9.955886476886722e-05,3.2709973614201145e-06,0.000190417438159805
blk1_spa/d_path,5,0,512,0.0,0.0,126.33255270472563,0.0,0.0,0.0
blk1_spa/readout,5,0,512,0.0016747506490464967,4.2230149768528345e-08,125.39704363343117,9.95588647687562e-05,3.270997361418939e-06,1.835133494670837e-05
blk1_spa/state,6,0,8192,0.011741472244738545,1.2136709204446377e-07,3.753684529811672,8.417801677063075e-05,1.4332851861253106e-06,0.00017981320746253632
blk1_spa/c_readout,6,0,512,0.0014782219427133905,3.448913593944396e-08,0.6390932558950626,8.597288074790876e-05,2.8871522318620908e-06,0.00023230525799046518
blk1_spa/d_path,6,0,512,0.0,0.0,125.5720824979857,0.0,0.0,0.0
blk1_spa/readout,6,0,512,0.001478221942713747,3.4489135939446146e-08,128.43274038386056,8.597288074785325e-05,2.887152231862787e-06,1.6387144467023746e-05
blk1_spa/state,7,0,8192,0.013741626473095627,1.680008254484774e-07,4.337754063387034,9.181006863112628e-05,1.677444637829056e-06,0.00019679916215251608
blk1_spa/c_readout,7,0,512,0.0018725048520636363,5.578621593853612e-08,0.8882191609612211,0.00010067831791714388,3.6572360391867897e-06,0.0002506128774488021
blk1_spa/d_path,7,0,512,0.0,0.0,126.52285942728429,0.0,0.0,0.0
blk1_spa/readout,7,0,512,0.0018725048520648177,5.5786215938591604e-08,129.40866094810883,0.00010067831791715776,3.657236039189097e-06,2.0762602051724147e-05
blk1_spa/state,8,0,8192,0.015140635503136367,1.9843500869727336e-07,4.934253067646865,9.083664494419219e-05,1.848222107316451e-06,0.0002005388117885469
blk1_spa/c_readout,8,0,512,0.0018406920676682984,3.851601372223579e-08,0.45018095508649,7.321017777467409e-05,3.5951016946646453e-06,0.0002925008330299009
blk1_spa/d_path,8,0,512,0.0,0.0,126.49976249856826,0.0,0.0,0.0
blk1_spa/readout,8,0,512,0.001840692067667805,3.851601372220939e-08,127.1801208906014,7.32101777747296e-05,3.5951016946636818e-06,1.740247624669682e-05
blk1_spa/state,9,0,8192,0.016039721105497763,2.133972601828427e-07,5.5786287022276415,8.834214073522029e-05,1.9579737677609574e-06,0.00019558281433979235
blk1_spa/c_readout,9,0,512,0.002125847186589512,5.330968012045065e-08,1.150965926780359,0.00010514904915667755,4.15204528630764e-06,0.0002152146369706745
blk1_spa/d_path,9,0,512,0.0,0.0,125.7693301043684,0.0,0.0,0.0
blk1_spa/readout,9,0,512,0.002125847186589711,5.3309680120435104e-08,122.68227978468835,0.00010514904915659429,4.152045286308029e-06,2.0845490535643244e-05
blk1_spa/state,10,0,8192,0.017136475835839764,2.460494473634677e-07,5.964743725385031,8.643977401545655e-05,2.0918549604296587e-06,0.00020310251556263903
blk1_spa/c_readout,10,0,512,0.0015712831392353998,2.413067776158545e-08,0.4942320488511346,6.200620634119747e-05,3.0689123813191403e-06,0.00022096287298415616
blk1_spa/d_path,10,0,512,0.0,0.0,119.15260246298014,0.0,0.0,0.0
blk1_spa/readout,10,0,512,0.0015712831392346864,2.4130677761558733e-08,126.31030450061941,6.200620634144727e-05,3.068912381317747e-06,1.3821824332376094e-05
blk1_spa/state,11,0,8192,0.01814641816857024,2.652061675568064e-07,6.290794735273762,8.977478744609524e-05,2.2151389365930467e-06,0.00020532368615798377
blk1_spa/c_readout,11,0,512,0.0021907852108244653,5.99110603093971e-08,0.8547974395329792,0.0001030274315115716,4.278877364891534e-06,0.0002647414216128132
blk1_spa/d_path,11,0,512,0.0,0.0,119.52042113525866,0.0,0.0,0.0
blk1_spa/readout,11,0,512,0.002190785210824221,5.991106030940118e-08,124.55312920772849,0.00010302743151147098,4.278877364891057e-06,2.193189618191571e-05
blk1_spa/state,12,0,8192,0.019230611075682778,3.067688881369528e-07,6.900992946341884,9.388083889172102e-05,2.347486703574558e-06,0.00021083847407266348
blk1_spa/c_readout,12,0,512,0.0027658466120963985,1.184210640622722e-07,2.224777730033321,0.00016520684037691497,5.402044164250778e-06,0.00023071252125545432
blk1_spa/d_path,12,0,512,0.0,0.0,122.48747911552219,0.0,0.0,0.0
blk1_spa/readout,12,0,512,0.0027658466120949474,1.1842106406215534e-07,123.59596082220814,0.000165206840376797,5.402044164247944e-06,3.0953683705909454e-05
blk1_spa/state,13,0,8192,0.02044679850810379,3.5066588198077515e-07,7.390316429492176,0.00010859329930087633,2.4959470835087635e-06,0.00021782877025974332
blk1_spa/c_readout,13,0,512,0.002662920190032372,1.105481264062412e-07,2.2458713990318553,0.00015891738952591994,5.201015996156976e-06,0.0002218621672156679
blk1_spa/d_path,13,0,512,0.0,0.0,116.40339488784625,0.0,0.0,0.0
blk1_spa/readout,13,0,512,0.0026629201900336373,1.1054812640639452e-07,122.21201696738873,0.0001589173895260032,5.201015996159448e-06,3.0075907287208713e-05
blk1_spa/state,14,0,8192,0.02115494214262568,3.881292030440242e-07,7.6489385145125866,0.00012500226461848937,2.5823903982697365e-06,0.00022526181307244307
blk1_spa/c_readout,14,0,512,0.003088437708601592,1.1572448750866993e-07,2.467633779100703,0.00015884057062873908,6.032104899612485e-06,0.00021655702659099517
blk1_spa/d_path,14,0,512,0.0,0.0,118.56704161864297,0.0,0.0,0.0
blk1_spa/readout,14,0,512,0.003088437708602544,1.1572448750875275e-07,131.39064555314584,0.0001588405706287599,6.032104899614344e-06,2.967771158012309e-05
blk1_spa/state,15,0,8192,0.02193538138187156,4.008172987981557e-07,7.821933395883914,0.0001266571530807864,2.677658860091743e-06,0.0002263685930855017
blk1_spa/c_readout,15,0,512,0.0024863007519042614,8.084438325424061e-08,1.367103484997216,0.0001504271357020831,4.8560561560630105e-06,0.00024317797122127034
blk1_spa/d_path,15,0,512,0.0,0.0,116.0796013978846,0.0,0.0,0.0
blk1_spa/readout,15,0,512,0.0024863007519034426,8.084438325418555e-08,124.9159456851877,0.00015042713570201371,4.856056156061411e-06,2.5439934337646035e-05
blk1_spa/state,16,0,8192,0.02310106531306154,4.310029085877091e-07,8.097788872010467,0.00012756031311008525,2.8199542618483324e-06,0.00023070493028681677
blk1_spa/c_readout,16,0,512,0.0023472786008053716,6.961620707994566e-08,1.0363165210049075,0.00013256113970687433,4.584528517197991e-06,0.00025918446547192297
blk1_spa/d_path,16,0,512,0.0,0.0,115.85958254450465,0.0,0.0,0.0
blk1_spa/readout,16,0,512,0.002347278600804725,6.961620707997216e-08,124.77383300597454,0.00013256113970694372,4.584528517196728e-06,2.362073572126608e-05
blk1_spa/state,17,0,8192,0.02381916746407131,4.580969783806416e-07,8.457355735374684,0.00012476685815298108,2.9076132158290175e-06,0.0002327348470282943
blk1_spa/c_readout,17,0,512,0.0026941615877332527,7.917427333773745e-08,1.035286464029014,0.00012758984129516288,5.262034351041509e-06,0.0002765424302797097
blk1_spa/d_path,17,0,512,0.0,0.0,118.66214103030072,0.0,0.0,0.0
blk1_spa/readout,17,0,512,0.0026941615877337974,7.917427333778033e-08,125.35739441185237,0.00012758984129512818,5.262034351042573e-06,2.5131422113535756e-05
blk1_spa/state,18,0,8192,0.024327133920373768,4.6799581956916234e-07,8.95429876284493,0.000126572373502689,2.969620839889376e-06,0.0002286152497197641
blk1_spa/c_readout,18,0,512,0.0034015446820164067,1.5717722666042498e-07,2.1070379047632466,0.00019477883331953105,6.643641957063294e-06,0.0002731232279201682
blk1_spa/d_path,18,0,512,0.0,0.0,120.41904001737768,0.0,0.0,0.0
blk1_spa/readout,18,0,512,0.0034015446820155077,1.5717722666039184e-07,128.93623171470696,0.00019477883331964208,6.6436419570615385e-06,3.491462035321398e-05
blk1_spa/state,19,0,8192,0.02548003851186232,5.415643318076487e-07,9.560040831264583,0.00017117404772900094,3.1103562636550683e-06,0.00023800997191928994
blk1_spa/c_readout,19,0,512,0.004065598120878849,2.669375833348683e-07,3.5178926278033593,0.00029902800377221844,7.940621329841501e-06,0.00027546318981094874
blk1_spa/d_path,19,0,512,0.0,0.0,131.05932877641868,0.0,0.0,0.0
blk1_spa/readout,19,0,512,0.004065598120880135,2.669375833350314e-07,138.9217935908904,0.00029902800377223926,7.940621329844014e-06,4.383486478977228e-05
blk1_spa/state,20,0,8192,0.026732953793875518,6.720595147480903e-07,10.05199070367973,0.00021380604095062872,3.263300023666445e-06,0.00025856981689167474
blk1_spa/c_readout,20,0,512,0.0034491553994295647,2.432998869903207e-07,2.338119222068598,0.0003209575073169907,6.7366316395108686e-06,0.00032258014102729915
blk1_spa/d_path,20,0,512,0.0,0.0,126.22205481152676,0.0,0.0,0.0
blk1_spa/readout,20,0,512,0.003449155399429473,2.4329988699018525e-07,132.33936510484634,0.0003209575073168658,6.73663163951069e-06,4.2877201306043364e-05
blk1_spa/state,21,0,8192,0.028045295153657206,7.419931629927907e-07,10.165813046686795,0.00021514104829722241,3.4234979435616707e-06,0.00027016488006002457
blk1_spa/c_readout,21,0,512,0.003656041067367423,2.1236949928378383e-07,2.674793832897755,0.0002593005559200362,7.140705209701998e-06,0.00028177399855362404
blk1_spa/d_path,21,0,512,0.0,0.0,114.59216891969332,0.0,0.0,0.0
blk1_spa/readout,21,0,512,0.0036560410673686723,2.1236949928385678e-07,130.8962833680981,0.00025930055591993906,7.140705209704438e-06,4.0279346308762827e-05
blk1_spa/state,22,0,8192,0.02879829321024902,7.812614751555143e-07,10.15959953415958,0.0002162763757289285,3.515416651641726e-06,0.0002773064108946262
blk1_spa/c_readout,22,0,512,0.003987816724921632,2.109006869909461e-07,3.487513956449276,0.00023987379032676392,7.788704540862563e-06,0.00024591273505473023
blk1_spa/d_path,22,0,512,0.0,0.0,111.74146415097832,0.0,0.0,0.0
blk1_spa/readout,22,0,512,0.003987816724921202,2.1090068699087859e-07,134.3352433168161,0.00023987379032663902,7.788704540861723e-06,3.962269524075783e-05
blk1_spa/state,23,0,8192,0.029585552701919645,8.287893586341937e-07,10.091775033665112,0.0002133864481399933,3.6115176638085504e-06,0.0002865750011373988
blk1_spa/c_readout,23,0,512,0.003628915788941286,2.0274075387047708e-07,2.4023267479850468,0.00025690793630447906,7.087726150275949e-06,0.00029050558763463576
blk1_spa/d_path,23,0,512,0.0,0.0,109.33741210998163,0.0,0.0,0.0
blk1_spa/readout,23,0,512,0.0036289157889423736,2.0274075387056493e-07,127.68674332695647,0.0002569079363043958,7.087726150278073e-06,3.984718290947111e-05
blk1_spa/state,24,0,8192,0.029785884146502524,8.390709452255039e-07,10.424838707587334,0.0002104079987682722,3.635972185852359e-06,0.0002837034840902358
blk1_spa/c_readout,24,0,512,0.003671538581509818,2.1905089426750045e-07,2.5339167464537735,0.0002664066408947785,7.170973792011363e-06,0.00029401964195442334
blk1_spa/d_path,24,0,512,0.0,0.0,117.42443938104198,0.0,0.0,0.0
blk1_spa/readout,24,0,512,0.0036715385815109117,2.190508942674464e-07,133.77414356661862,0.00026640664089461197,7.170973792013499e-06,4.046564112618635e-05
blk1_spa/state,25,0,8192,0.03013068139435009,8.81176943194879e-07,10.918019151170503,0.00022631048856940755,3.6780616936462512e-06,0.0002840924136601234
blk1_spa/c_readout,25,0,512,0.004287840458287938,3.3913647868394473e-07,2.856657443781856,0.0003497839087813828,8.37468839509363e-06,0.000344554693894712
blk1_spa/d_path,25,0,512,0.0,0.0,121.28512803265474,0.0,0.0,0.0
blk1_spa/readout,25,0,512,0.004287840458285782,3.391364786837646e-07,135.51952507748487,0.0003497839087813759,8.374688395089418e-06,5.002491020371574e-05
blk1_spa/state,26,0,8192,0.03129727753350029,9.54059892258052e-07,11.652230848510435,0.00024402818968056322,3.82046844891361e-06,0.00028614310101693856
blk1_spa/c_readout,26,0,512,0.004575176654866193,3.2942607420564976e-07,3.1448427567884014,0.00031430447485112506,8.935891904035533e-06,0.0003236529111177406
blk1_spa/d_path,26,0,512,0.0,0.0,131.28260066878084,0.0,0.0,0.0
blk1_spa/readout,26,0,512,0.004575176654867443,3.294260742057966e-07,148.0866148260724,0.0003143044748512569,8.935891904037974e-06,4.7165135084605746e-05
blk1_spa/state,27,0,8192,0.03275034846739919,1.0336306169732835e-06,12.257051432816235,0.0002597634364053525,3.997845271899315e-06,0.0002903953636275725
blk1_spa/c_readout,27,0,512,0.004673594238003482,4.1601924640070207e-07,3.6562001309156296,0.00040061614301262205,9.128113746100551e-06,0.0003373197203026853
blk1_spa/d_path,27,0,512,0.0,0.0,135.3221020328392,0.0,0.0,0.0
blk1_spa/readout,27,0,512,0.004673594238002931,4.1601924640079784e-07,147.74286565939263,0.0004006161430127886,9.128113746099475e-06,5.306442373264531e-05
blk1_spa/state,28,0,8192,0.03407402277663324,1.1483130985289492e-06,12.588385412836656,0.00027679129642012995,4.159426608475737e-06,0.00030202656533351313
blk1_spa/c_readout,28,0,512,0.0045578116602211045,4.187582588604184e-07,4.321726784381125,0.00039424327856814323,8.901975898869345e-06,0.0003112813052354979
blk1_spa/d_path,28,0,512,0.0,0.0,123.63203352241673,0.0,0.0,0.0
blk1_spa/readout,28,0,512,0.00455781166022108,4.1875825886059866e-07,143.4505719875835,0.00039424327856818486,8.901975898869297e-06,5.402945049290027e-05
blk1_spa/state,29,0,8192,0.03496943714987779,1.2269247039832367e-06,12.730936392115058,0.0002915161055761506,4.268730120834691e-06,0.00031044079102130254
blk1_spa/c_readout,29,0,512,0.0040271926419635316,2.5406925752480023e-07,3.5371524057977557,0.0002860618039942295,7.865610628835023e-06,0.0002680088732163185
blk1_spa/d_path,29,0,512,0.0,0.0,117.92856364300452,0.0,0.0,0.0
blk1_spa/readout,29,0,512,0.004027192641963217,2.54069257524776e-07,140.9974777635077,0.00028606180399415315,7.865610628834408e-06,4.244928575765946e-05
blk1_spa/state,30,0,8192,0.035104339807112035,1.2253457535798118e-06,12.332020982095914,0.0002882562060447999,4.285197730360356e-06,0.00031521886253140587
blk1_spa/c_readout,30,0,512,0.004798118162762384,3.876293984961349e-07,4.0900173225674905,0.0003744630851231501,9.371324536645281e-06,0.0003078546940600828
blk1_spa/d_path,30,0,512,0.0,0.0,104.79248512862596,0.0,0.0,0.0
blk1_spa/readout,30,0,512,0.004798118162762566,3.876293984963209e-07,128.9812949266173,0.00037446308512323334,9.371324536645637e-06,5.4820751823292526e-05
blk1_spa/state,31,0,8192,0.03525028366292646,1.221839369072456e-06,12.121509646765107,0.0002884430209197722,4.303013142447077e-06,0.0003174890135796916
blk1_spa/c_readout,31,0,512,0.005583149321735384,4.3745480862231057e-07,5.186792967587667,0.0003585650044848204,1.0904588519014422e-05,0.0002904137272569509
blk1_spa/d_path,31,0,512,0.0,0.0,104.70443437064485,0.0,0.0,0.0
blk1_spa/readout,31,0,512,0.00558314932173542,4.3745480862239617e-07,134.4090475887122,0.0003585650044848343,1.0904588519014493e-05,5.7049566081042876e-05
blk1_spa/state,32,0,8192,0.0356534997819104,1.2598267878356281e-06,12.333934160473168,0.000284749973051876,4.352233860096485e-06,0.0003195984073122451
blk1_spa/c_readout,32,0,512,0.005217248658124266,4.383448798680205e-07,4.075726610450231,0.00038676476818827465,1.0189938785398957e-05,0.0003279483472826172
blk1_spa/d_path,32,0,512,0.0,0.0,113.5255809032009,0.0,0.0,0.0
blk1_spa/readout,32,0,512,0.005217248658124466,4.3834487986806516e-07,138.60463377745128,0.00038676476818833017,1.0189938785399348e-05,5.623660496520902e-05
blk1_spa/state,33,0,8192,0.03656717922890605,1.310739726951409e-06,12.888012040449068,0.0002905933654491766,4.463766995716071e-06,0.0003189078904371608
blk1_spa/c_readout,33,0,512,0.005158561035841376,5.01930491799791e-07,3.700768875367672,0.0004155156008708444,1.0075314523127687e-05,0.00036827802740225954
blk1_spa/d_path,33,0,512,0.0,0.0,124.97567838309465,0.0,0.0,0.0
blk1_spa/readout,33,0,512,0.005158561035840659,5.019304917996344e-07,145.86218744796142,0.0004155156008707195,1.0075314523126288e-05,5.8661130538483424e-05
blk1_spa/state,34,0,8192,0.03718626505634158,1.3826436620960416e-06,13.620412410456105,0.00031265750675393833,4.539338996135447e-06,0.0003186104417624386
blk1_spa/c_readout,34,0,512,0.006263612376358956,7.387107271671356e-07,5.337773450576426,0.0004597038697554262,1.2233617922576086e-05,0.00037201215852531225
blk1_spa/d_path,34,0,512,0.0,0.0,134.18481321997973,0.0,0.0,0.0
blk1_spa/readout,34,0,512,0.006263612376357445,7.387107271671224e-07,157.08599081187555,0.00045970386975557886,1.2233617922573135e-05,6.857541981265592e-05
blk1_spa/state,35,0,8192,0.03807249752517944,1.445632838229712e-06,14.061242230762868,0.0003126133087668348,4.647521670554131e-06,0.00032063959959767626
blk1_spa/c_readout,35,0,512,0.005521860674432199,4.652997758823286e-07,3.766256233833123,0.00037484311913367485,1.078488412975039e-05,0.00035148879910800655
blk1_spa/d_path,35,0,512,0.0,0.0,124.34901977430198,0.0,0.0,0.0
blk1_spa/readout,35,0,512,0.0055218606744334466,4.6529977588247857e-07,144.48201181868,0.0003748431191337165,1.0784884129752825e-05,5.674917228820575e-05
blk1_spa/state,36,0,8192,0.039582898425482585,1.5194475314488025e-06,14.146936648354618,0.0003171907516386352,4.831896780454417e-06,0.00032772656768669407
blk1_spa/c_readout,36,0,512,0.005069040826652507,3.9540402526710135e-07,3.403219163471103,0.0003562013162292377,9.900470364555678e-06,0.000340859642412473
blk1_spa/d_path,36,0,512,0.0,0.0,119.70205340319873,0.0,0.0,0.0
blk1_spa/readout,36,0,512,0.005069040826651814,3.9540402526707134e-07,139.81764399535848,0.00035620131622926543,9.900470364554325e-06,5.317892491348071e-05
blk1_spa/state,37,0,8192,0.040310900171156065,1.5519388187264882e-06,14.078753446943395,0.0003108748203010103,4.920764181049324e-06,0.0003320130822162297
blk1_spa/c_readout,37,0,512,0.00525524667784618,5.356732721236243e-07,4.333126437971256,0.00044212152606221133,1.026415366766832e-05,0.00035160035741316046
blk1_spa/d_path,37,0,512,0.0,0.0,114.37670430536157,0.0,0.0,0.0
blk1_spa/readout,37,0,512,0.005255246677846737,5.356732721236147e-07,140.14056273438763,0.0004421215260621558,1.0264153667669408e-05,6.182556019864095e-05
blk1_spa/state,38,0,8192,0.04020432239168092,1.5665876514206496e-06,14.055454527258735,0.0003162802567010514,4.907754198203237e-06,0.0003338527071751778
blk1_spa/c_readout,38,0,512,0.0057350994253903805,5.358646777423633e-07,4.48225306689622,0.00043479755847875,1.1201366065215587e-05,0.00034576368565484786
blk1_spa/d_path,38,0,512,0.0,0.0,103.51943287243348,0.0,0.0,0.0
blk1_spa/readout,38,0,512,0.00573509942539022,5.358646777423976e-07,130.0939233841327,0.00043479755847886103,1.1201366065215273e-05,6.417990349769415e-05
blk1_spa/state,39,0,8192,0.040088133423650536,1.5882146222239468e-06,14.047961826221513,0.00031688113620222114,4.893570974566716e-06,0.00033623888423813973
blk1_spa/c_readout,39,0,512,0.007104313181688216,6.414247717370411e-07,7.5991097378750165,0.0003761978710320746,1.3875611682984797e-05,0.0002905303491889848
blk1_spa/d_path,39,0,512,0.0,0.0,105.59090792838168,0.0,0.0,0.0
blk1_spa/readout,39,0,512,0.0071043131816893096,6.414247717373032e-07,147.5910824257961,0.00037619787103215785,1.3875611682986933e-05,6.59238868394113e-05
blk1_spa/state,40,0,8192,0.040373235745401984,1.5757375171898654e-06,14.365116479794134,0.0003169573641209067,4.9283735040773906e-06,0.00033119773783207146
blk1_spa/c_readout,40,0,512,0.006192880974348747,4.92850976167736e-07,6.638280946177829,0.0003241831945745288,1.2095470653024897e-05,0.0002724770923269494
blk1_spa/d_path,40,0,512,0.0,0.0,117.76775127741757,0.0,0.0,0.0
blk1_spa/readout,40,0,512,0.006192880974350138,4.928509761678131e-07,156.72836420805834,0.00032418319457439004,1.2095470653027614e-05,5.607690165696872e-05
blk1_spa/state,41,0,8192,0.041614903000280486,1.678167807338141e-06,14.544263206076693,0.00031754680333699603,5.0799442139014265e-06,0.0003396814495830049
blk1_spa/c_readout,41,0,512,0.006609103042312543,6.647951370335315e-07,6.934543013878781,0.000419314912282559,1.2908404379516686e-05,0.0003096242686619659
blk1_spa/d_path,41,0,512,0.0,0.0,111.75501902063597,0.0,0.0,0.0
blk1_spa/readout,41,0,512,0.006609103042310426,6.647951370334282e-07,150.13703120660423,0.00041931491228242024,1.290840437951255e-05,6.654263663105529e-05
blk1_spa/state,42,0,8192,0.041609672752741994,1.7063945461049196e-06,14.856556526872142,0.00031485995505858844,5.0793057559499504e-06,0.00033890708443918053
blk1_spa/c_readout,42,0,512,0.0074002615306102085,8.165153073514851e-07,6.368555707163793,0.000447195142559767,1.4453635801973064e-05,0.0003580648496306962
blk1_spa/d_path,42,0,512,0.0,0.0,118.80202532666843,0.0,0.0,0.0
blk1_spa/readout,42,0,512,0.007400261530609932,8.165153073515485e-07,153.7524920472301,0.0004471951425597531,1.4453635801972523e-05,7.287374417069817e-05
blk1_spa/state,43,0,8192,0.04245499242413113,1.7673553215612074e-06,15.027754765701673,0.00032012912921430825,5.1824941923988196e-06,0.0003429374279544122
blk1_spa/c_readout,43,0,512,0.006044190980930941,5.211927389404225e-07,5.366622668798343,0.00033561009899536753,1.1805060509630744e-05,0.0003116367366563353
blk1_spa/d_path,43,0,512,0.0,0.0,112.86075250548758,0.0,0.0,0.0
blk1_spa/readout,43,0,512,0.006044190980930711,5.211927389402539e-07,148.93529947575666,0.00033561009899529815,1.1805060509630295e-05,5.915621202040902e-05
blk1_spa/state,44,0,8192,0.04265744919884261,1.748246561494506e-06,15.177037488384425,0.000313826948962051,5.207208154155592e-06,0.00033939687398482527
blk1_spa/c_readout,44,0,512,0.005701105843767335,4.4538837214257043e-07,4.915500413985825,0.00032408178741813454,1.1134972351108077e-05,0.00030101321951367995
blk1_spa/d_path,44,0,512,0.0,0.0,112.91399524949931,0.0,0.0,0.0
blk1_spa/readout,44,0,512,0.005701105843767678,4.453883721426909e-07,147.49468746982427,0.0003240817874181623,1.1134972351108746e-05,5.495171466561555e-05
blk1_spa/state,45,0,8192,0.043545053796024524,1.7582730120679129e-06,15.781090556456725,0.000310337067930197,5.315558324710025e-06,0.0003337910203350046
blk1_spa/c_readout,45,0,512,0.006030728944853002,4.6981326501648187e-07,4.453185305569781,0.00035615714046850766,1.177876747041602e-05,0.00032480840115273413
blk1_spa/d_path,45,0,512,0.0,0.0,130.38365674305436,0.0,0.0,0.0
blk1_spa/readout,45,0,512,0.006030728944851476,4.6981326501619186e-07,158.9495880402051,0.00035615714046843827,1.1778767470413038e-05,5.4366695175142875e-05
blk1_spa/state,46,0,8192,0.044849446742123766,1.833629958444326e-06,16.16745542502819,0.0003077637477118256,5.474785979263155e-06,0.0003367712523096375
blk1_spa/c_readout,46,0,512,0.006532376649373953,5.331260580775665e-07,5.544739892870751,0.0003783475363263594,1.2758548143308503e-05,0.0003100804361587035
blk1_spa/d_path,46,0,512,0.0,0.0,126.74157713235448,0.0,0.0,0.0
blk1_spa/readout,46,0,512,0.006532376649373307,5.331260580774575e-07,162.31201217483718,0.0003783475363263733,1.275854814330724e-05,5.7311216154592496e-05
blk1_spa/state,47,0,8192,0.04486135247460058,1.8535169718867617e-06,16.426923149697252,0.00031790343253429443,5.476239315747141e-06,0.00033590786362992114
blk1_spa/c_readout,47,0,512,0.008097590874175272,7.308258553156835e-07,8.383827872789173,0.00040642682093242066,1.581560717612358e-05,0.0002952471914840689
blk1_spa/d_path,47,0,512,0.0,0.0,126.33504603829556,0.0,0.0,0.0
blk1_spa/readout,47,0,512,0.008097590874174342,7.308258553153755e-07,170.374553089686,0.0004064268209322819,1.5815607176121762e-05,6.549446319580899e-05
blk1_spa/state,48,0,8192,0.04575627220330461,1.8874769538062247e-06,16.85256338966676,0.0003188967099622825,5.585482446692457e-06,0.0003346631111502957
blk1_spa/c_readout,48,0,512,0.007841741877920012,8.590278659342939e-07,6.481667445121881,0.0005332898014828724,1.5315902105312523e-05,0.000364049344653831
blk1_spa/d_path,48,0,512,0.0,0.0,134.29932224687573,0.0,0.0,0.0
blk1_spa/readout,48,0,512,0.007841741877919563,8.590278659343257e-07,171.96906986490262,0.0005332898014829279,1.5315902105311646e-05,7.067705663620681e-05
blk1_spa/state,49,0,8192,0.04626927761537613,2.0195228276163514e-06,17.133408902022243,0.0003677628406287825,5.648105177658219e-06,0.00034332267952222784
blk1_spa/c_readout,49,0,512,0.008687767217103261,1.385163515521666e-06,8.101880170948013,0.0007861290081963568,1.6968295345904808e-05,0.00041348295770949044
blk1_spa/d_path,49,0,512,0.0,0.0,120.09719840083636,0.0,0.0,0.0
blk1_spa/readout,49,0,512,0.008687767217102639,1.385163515521455e-06,153.12904657662352,0.0007861290081963013,1.696829534590359e-05,9.51090256896823e-05
blk1_spa/state,50,0,8192,0.04682087602770319,2.0898958808499683e-06,17.050415421765372,0.00036864989216015,5.715438968225487e-06,0.00035010220225111655
blk1_spa/c_readout,50,0,512,0.007559992462659557,7.911445556622104e-07,6.923523755409014,0.0004926801167520894,1.4765610278631948e-05,0.00033803706987988136
blk1_spa/d_path,50,0,512,0.0,0.0,114.43254941392291,0.0,0.0,0.0
blk1_spa/readout,50,0,512,0.007559992462659073,7.911445556621222e-07,153.19989298446814,0.0004926801167521866,1.4765610278631002e-05,7.186189922855109e-05
blk1_spa/state,51,0,8192,0.04766459924041444,2.154896634256627e-06,16.94436875275801,0.0003644856695619453,5.818432524464653e-06,0.00035661575356633966
blk1_spa/c_readout,51,0,512,0.007132885220144527,9.364886608037714e-07,4.983116302197693,0.0006016828124987272,1.393141644559478e-05,0.00043351162694500695
blk1_spa/d_path,51,0,512,0.0,0.0,110.27409219773314,0.0,0.0,0.0
blk1_spa/readout,51,0,512,0.007132885220144321,9.364886608036017e-07,138.77596105182033,0.0006016828124986162,1.3931416445594376e-05,8.214746004194941e-05
blk1_spa/state,52,0,8192,0.04789664056247847,2.1743211148691937e-06,16.943095591756485,0.00037650524210360026,5.846757881161923e-06,0.0003582328936393595
blk1_spa/c_readout,52,0,512,0.007388422585347215,1.0191910758642606e-06,5.255225506888577,0.0006546689140742579,1.4430512862006279e-05,0.0004403846042842479
blk1_spa/d_path,52,0,512,0.0,0.0,112.20286435046786,0.0,0.0,0.0
blk1_spa/readout,52,0,512,0.007388422585348055,1.0191910758641024e-06,141.93046947636535,0.0006546689140740636,1.443051286200792e-05,8.474029791402174e-05
blk1_spa/state,53,0,8192,0.04874283976486618,2.232039856136924e-06,16.945161364245976,0.0003759771660182959,5.950053682234641e-06,0.000362934386901387
blk1_spa/c_readout,53,0,512,0.005995029149125804,6.187732346847101e-07,3.872049631946075,0.0005027218439229153,1.1709041306886337e-05,0.00039975628656538397
blk1_spa/d_path,53,0,512,0.0,0.0,112.88103022806374,0.0,0.0,0.0
blk1_spa/readout,53,0,512,0.005995029149125852,6.187732346846998e-07,141.70891411458308,0.0005027218439228598,1.170904130688643e-05,6.60795649195568e-05
blk1_spa/state,54,0,8192,0.048992606736092695,2.2584606525750452e-06,17.53583035824233,0.0003758376725791768,5.98054281446444e-06,0.0003588749099779426
blk1_spa/c_readout,54,0,512,0.00583157034238777,6.613904711258571e-07,3.5649626253548554,0.0005670163567544073,1.1389785824976114e-05,0.0004307263850892849
blk1_spa/d_path,54,0,512,0.0,0.0,122.40799444365989,0.0,0.0,0.0
blk1_spa/readout,54,0,512,0.005831570342387441,6.613904711256916e-07,150.02256483376283,0.0005670163567543796,1.138978582497547e-05,6.639733888494773e-05
blk1_spa/state,55,0,8192,0.05026254590871724,2.3602713469393965e-06,17.60419219051314,0.00038778534292224776,6.13556468612271e-06,0.0003661617006148038
blk1_spa/c_readout,55,0,512,0.006891701189554886,8.544667849052481e-07,5.842399635659249,0.0006219644715078909,1.3460353885849386e-05,0.00038243000785104247
blk1_spa/d_path,55,0,512,0.0,0.0,117.39385950776425,0.0,0.0,0.0
blk1_spa/readout,55,0,512,0.006891701189556887,8.544667849057383e-07,151.89059304604027,0.0006219644715079742,1.3460353885853294e-05,7.50036077303252e-05
blk1_spa/state,56,0,8192,0.05032512466709194,2.3651713024642377e-06,17.953527370660776,0.00038308774884220076,6.143203694713372e-06,0.00036295802774902544
blk1_spa/c_readout,56,0,512,0.00834809012488195,1.257552707449578e-06,6.6402159641360505,0.0007828018020462624,1.6304863525160057e-05,0.0004351830744846694
blk1_spa/d_path,56,0,512,0.0,0.0,121.40516719994234,0.0,0.0,0.0
blk1_spa/readout,56,0,512,0.008348090124881339,1.257552707449613e-06,158.81023758215343,0.0007828018020463734,1.6304863525158865e-05,8.898644366030712e-05
blk1_spa/state,57,0,8192,0.05087671425809803,2.522705816609024e-06,18.550448093360433,0.0004303620175039047,6.2105364084592325e-06,0.0003687704404063198
blk1_spa/c_readout,57,0,512,0.010950661149146524,2.406107947901539e-06,12.190923802938947,0.0010836712451378627,2.1388010056926804e-05,0.00044426207982726514
blk1_spa/d_path,57,0,512,0.0,0.0,119.82003307989429,0.0,0.0,0.0
blk1_spa/readout,57,0,512,0.010950661149146638,2.406107947902095e-06,159.17826354558287,0.0010836712451378627,2.1388010056927028e-05,0.00012294635918119398
blk1_spa/state,58,0,8192,0.050468426262979954,2.544274760219371e-06,18.2115154245134,0.0004439240878960776,6.16069656530517e-06,0.0003737738911992122
blk1_spa/c_readout,58,0,512,0.010700721521506945,1.5085088449599174e-06,11.870330857350766,0.0006399260524643513,2.0899846721693252e-05,0.00035648603253738066
blk1_spa/d_path,58,0,512,0.0,0.0,114.6436762260198,0.0,0.0,0.0
blk1_spa/readout,58,0,512,0.010700721521507221,1.5085088449601448e-06,173.79140903878556,0.0006399260524643235,2.089984672169379e-05,9.316649951049358e-05
blk1_spa/state,59,0,8192,0.05093675594497648,2.586856419540523e-06,18.390083789235064,0.00045484672677229,6.217865715939512e-06,0.00037505443746677666
blk1_spa/c_readout,59,0,512,0.009438077265967675,1.1523730345623799e-06,8.127911105308964,0.0005989759289700414,1.8433744660093114e-05,0.0003765364910444144
blk1_spa/d_path,59,0,512,0.0,0.0,117.05618627986176,0.0,0.0,0.0
blk1_spa/readout,59,0,512,0.009438077265967655,1.1523730345625245e-06,165.94479945872922,0.0005989759289701801,1.8433744660093077e-05,8.333255935707476e-05
blk1_spa/state,60,0,8192,0.05181181374114201,2.6478919905289327e-06,18.501719105831295,0.0004538024643459121,6.324684294572999e-06,0.00037830675090836383
blk1_spa/c_readout,60,0,512,0.009591919990390437,1.2791533979853073e-06,8.333568935225507,0.000646760765933313,1.8734218731231323e-05,0.00039178319022016496
blk1_spa/d_path,60,0,512,0.0,0.0,116.01009306216405,0.0,0.0,0.0
blk1_spa/readout,60,0,512,0.009591919990391868,1.2791533979856975e-06,165.97163081180577,0.0006467607659332852,1.8734218731234118e-05,8.778986552081804e-05
blk1_spa/state,61,0,8192,0.05274973771488904,2.728672295016829e-06,18.637462221892992,0.00045264529449969004,6.439176967149541e-06,0.0003826328940967751
blk1_spa/c_readout,61,0,512,0.007671064535988457,8.52445601843268e-07,5.342603213044433,0.000558934929950683,1.4982547921852455e-05,0.0003994448964252837
blk1_spa/d_path,61,0,512,0.0,0.0,111.31769170813772,0.0,0.0,0.0
blk1_spa/readout,61,0,512,0.007671064535988017,8.524456018434571e-07,148.34632331098888,0.0005589349299508495,1.4982547921851596e-05,7.580449234833268e-05
blk1_spa/state,62,0,8192,0.05416229005090187,2.8635749411221786e-06,18.93196588734062,0.00046294473042057804,6.611607672229232e-06,0.0003889165459316612
blk1_spa/c_readout,62,0,512,0.00749261925178615,8.093952107541235e-07,5.736387361418096,0.0005523830766331339,1.4634021976144824e-05,0.00037563070036863
blk1_spa/d_path,62,0,512,0.0,0.0,115.50249857394047,0.0,0.0,0.0
blk1_spa/readout,62,0,512,0.007492619251786228,8.093952107540124e-07,155.6640494898473,0.0005523830766331894,1.4634021976144977e-05,7.210844879921129e-05
blk1_spa/state,63,0,8192,0.054499777468753285,2.9021972437069796e-06,19.355766315443283,0.000458684142950222,6.6528048667911725e-06,0.00038722044307882517
blk1_spa/c_readout,63,0,512,0.008696791216915882,1.420282688545344e-06,7.194264996624847,0.0008489886844359751,1.698592034553883e-05,0.0004443182801982266
blk1_spa/d_path,63,0,512,0.0,0.0,116.01670772082878,0.0,0.0,0.0
blk1_spa/readout,63,0,512,0.008696791216914333,1.4202826885449493e-06,157.78811228884817,0.0008489886844358363,1.6985920345535806e-05,9.487466524537537e-05
blk1_spe/state,0,0,131072,0.04014727502107023,6.042137194529069e-08,0.3910218713716773,1.5118056840541768e-05,3.0629940049034296e-07,0.00039309250762150017
blk1_spe/c_readout,0,0,8192,0.008987033940121767,4.405803011763045e-08,0.3010317347490851,4.199707320794253e-05,1.0970500415187704e-06,0.00038256602375695163
blk1_spe/d_path,0,0,8192,0.0,0.0,617.8642829501226,0.0,0.0,0.0
blk1_spe/readout,0,0,8192,0.008987033940120587,4.405803011763693e-08,595.0944788011778,4.199707320795554e-05,1.0970500415186264e-06,8.60437990345676e-06
blk1_spe/state,1,0,131072,0.06648672862600866,1.4830761997654317e-07,1.4274029986527872,1.3579944638929253e-05,5.072534837799733e-07,0.0003223357165262723
blk1_spe/c_readout,1,0,8192,0.015642269900786453,1.3498552545382248e-07,1.4369429294791107,4.857543240910367e-05,1.9094567749983463e-06,0.0003064953153054015
blk1_spe/d_path,1,0,8192,0.0,0.0,688.5342205947334,0.0,0.0,0.0
blk1_spe/readout,1,0,8192,0.015642269900787164,1.3498552545388153e-07,638.204619903129,4.857543240910367e-05,1.909456774998433e-06,1.4543322302954412e-05
blk1_spe/state,2,0,131072,0.09086838357163349,2.745036467090112e-07,3.9384657949087694,4.36658388332789e-05,6.932707486849479e-07,0.0002640040079653498
blk1_spe/c_readout,2,0,8192,0.028488278885022804,4.471599430357241e-07,7.590356230693527,0.0002320270093257859,3.4775731060818852e-06,0.00024271709566276516
blk1_spe/d_path,2,0,8192,0.0,0.0,849.9584373501255,0.0,0.0,0.0
blk1_spe/readout,2,0,8192,0.02848827888502371,4.4715994303573277e-07,730.2155404644932,0.0002320270093257859,3.4775731060819958e-06,2.4746051384351113e-05
blk1_spe/state,3,0,131072,0.11744238104871482,4.7653529182981395e-07,6.983656809879342,3.503801756474245e-05,8.960142597100435e-07,0.0002612197985843759
blk1_spe/c_readout,3,0,8192,0.03466127406610779,5.662110338135833e-07,9.201830795680427,9.057061273709532e-05,4.231112556897924e-06,0.00024805731729425683
blk1_spe/d_path,3,0,8192,0.0,0.0,1147.0644633406237,0.0,0.0,0.0
blk1_spe/readout,3,0,8192,0.03466127406611054,5.66211033813727e-07,985.2378802657902,9.05706127369843e-05,4.231112556898259e-06,2.397279179552862e-05
blk2_spa/state,0,0,8192,0.003598874187169647,1.382931839197896e-08,0.7340452860434918,2.8676818706663276e-05,4.393156966759823e-07,0.00013725840905617442
blk2_spa/c_readout,0,0,512,0.0010697157533490586,3.387885859718566e-08,2.4890527702647396,0.00014734178979924906,2.08928858075988e-06,0.00011666681264240493
blk2_spa/d_path,0,0,512,0.0,0.0,142.6007476072453,0.0,0.0,0.0
blk2_spa/readout,0,0,512,0.0010697157533496315,3.387885859722616e-08,127.71773460357383,0.00014734178979924906,2.089288580760999e-06,1.628691319835445e-05
blk2_spa/state,1,0,8192,0.005870047167578927,2.0802541148067954e-08,0.7851648607294917,1.935870754782472e-05,7.165584921360995e-07,0.0001627712757622356
blk2_spa/c_readout,1,0,512,0.0016059613349273317,2.3838660731732278e-08,1.1414041517267455,5.388000268358173e-05,3.1366432322799447e-06,0.0001445177536831029
blk2_spa/d_path,1,0,512,0.0,0.0,123.41599901571641,0.0,0.0,0.0
blk2_spa/readout,1,0,512,0.0016059613349274427,2.3838660731698317e-08,113.85335168799404,5.388000268347071e-05,3.1366432322801615e-06,1.4469982848490243e-05
blk2_spa/state,2,0,8192,0.008875775459634324,4.270139150900352e-08,2.441208169181468,2.4746194621061424e-05,1.0834686840373931e-06,0.00013225698147528074
blk2_spa/c_readout,2,0,512,0.002829371000442444,7.941970030110149e-08,5.356273092642331,0.00011209822495628075,5.5261152352391485e-06,0.00012176788592954525
blk2_spa/d_path,2,0,512,0.0,0.0,194.1136991274568,0.0,0.0,0.0
blk2_spa/readout,2,0,512,0.0028293710004429935,7.94197003011381e-08,164.8644892195441,0.00011209822495628075,5.526115235240222e-06,2.194828350063697e-05
blk2_spa/state,3,0,8192,0.014192990971657514,1.0232272870800628e-07,10.271962262212607,3.48555340640988e-05,1.7325428432199114e-06,9.980662018037114e-05
blk2_spa/c_readout,3,0,512,0.004978047679382104,2.0017759914655481e-07,20.39067934646643,0.00016657853404777878,9.722749373793171e-06,9.908134434264973e-05
blk2_spa/d_path,3,0,512,0.0,0.0,357.63115432361474,0.0,0.0,0.0
blk2_spa/readout,3,0,512,0.004978047679383434,2.001775991466614e-07,272.6961826025005,0.0001665785340478898,9.72274937379577e-06,2.7093693212065403e-05
blk2_spa/state,4,0,8192,0.01887979544296417,1.9007672573634636e-07,19.993547493515198,5.551243499062053e-05,2.304662529658712e-06,9.750335099178328e-05
blk2_spa/c_readout,4,0,512,0.007249731311537509,4.911246911925383e-07,38.02887578201239,0.00027146008051570636,1.4159631467846697e-05,0.00011364207133263723
blk2_spa/d_path,4,0,512,0.0,0.0,384.7045230511577,0.0,0.0,0.0
blk2_spa/readout,4,0,512,0.0072497313115377875,4.911246911924755e-07,276.79995303135,0.0002714600805158174,1.4159631467847241e-05,4.212237773045674e-05
blk2_spa/state,5,0,8192,0.02062146874424297,2.4080074756492184e-07,23.769149864524913,8.68231967325328e-05,2.517269133818722e-06,0.00010065192631214757
blk2_spa/c_readout,5,0,512,0.006564101508589849,4.6843515280351384e-07,34.4148900887731,0.0004189313319122867,1.282051075896455e-05,0.00011666794433692674
blk2_spa/d_path,5,0,512,0.0,0.0,365.4437123813658,0.0,0.0,0.0
blk2_spa/readout,5,0,512,0.006564101508589967,4.684351528035275e-07,253.6989131354757,0.0004189313319122867,1.282051075896478e-05,4.297000813116646e-05
blk2_spa/state,6,0,8192,0.023422520162053713,3.031928675091434e-07,27.810119284203196,0.00010159438203347082,2.8591943557194474e-06,0.00010441383913914033
blk2_spa/c_readout,6,0,512,0.0065454477288700835,4.358022305772681e-07,42.17431146367265,0.0003441102776631233,1.2784077595449382e-05,0.00010165312258761204
blk2_spa/d_path,6,0,512,0.0,0.0,363.0792371542168,0.0,0.0,0.0
blk2_spa/readout,6,0,512,0.006545447728869766,4.358022305771153e-07,258.4075072815323,0.0003441102776631233,1.2784077595448762e-05,4.106692272909314e-05
blk2_spa/state,7,0,8192,0.024256581637691368,3.3305616927070116e-07,27.49285841149363,0.00011715211809176784,2.961008500694747e-06,0.00011006488738582245
blk2_spa/c_readout,7,0,512,0.006134187124013668,3.5550344949905275e-07,19.34219660861152,0.00035861028763306546,1.1980834226589196e-05,0.00013557169091622172
blk2_spa/d_path,7,0,512,0.0,0.0,312.7126758087812,0.0,0.0,0.0
blk2_spa/readout,7,0,512,0.006134187124014306,3.555034494991736e-07,233.22951036440378,0.0003586102876331765,1.1980834226590441e-05,3.904182938989854e-05
blk2_spa/state,8,0,8192,0.02714960380691872,4.529034620533306e-07,35.01779462211629,0.00013938460247830964,3.314160620961758e-06,0.00011372564918558334
blk2_spa/c_readout,8,0,512,0.008989967359137707,1.0676246702810784e-06,50.133812030936376,0.0006914739385384117,1.7558529998315834e-05,0.00014592978283907304
blk2_spa/d_path,8,0,512,0.0,0.0,381.2457001238336,0.0,0.0,0.0
blk2_spa/readout,8,0,512,0.008989967359137903,1.0676246702811894e-06,240.69990836370349,0.0006914739385384117,1.7558529998316217e-05,6.659955661997947e-05
blk2_spa/state,9,0,8192,0.02888097229449631,4.968063599647077e-07,37.82216596390157,0.00014411861085217303,3.5255093132930067e-06,0.00011460943603094032
blk2_spa/c_readout,9,0,512,0.008434177970375854,6.287569109052309e-07,36.43447596197832,0.0004387102678389265,1.647300384839034e-05,0.00013136664910096469
blk2_spa/d_path,9,0,512,0.0,0.0,348.91604146159557,0.0,0.0,0.0
blk2_spa/readout,9,0,512,0.00843417797037756,6.287569109053141e-07,233.27654302890787,0.0004387102678389265,1.6473003848393673e-05,5.191655307580779e-05
blk2_spa/state,10,0,8192,0.030699868963530722,5.609246226176279e-07,42.08075790755566,0.00013721297692220746,3.7475425980872464e-06,0.00011545439653300143
blk2_spa/c_readout,10,0,512,0.009036008349131286,6.418948810837443e-07,40.45706846741762,0.0003477615241291865,1.7648453806897043e-05,0.00012596060877477855
blk2_spa/d_path,10,0,512,0.0,0.0,361.40150423176686,0.0,0.0,0.0
blk2_spa/readout,10,0,512,0.009036008349131633,6.418948810837224e-07,236.02135970965455,0.0003477615241291865,1.764845380689772e-05,5.215023888843636e-05
blk2_spa/state,11,0,8192,0.030180284752840316,5.542290675349975e-07,41.454301872163995,0.00013459789009978573,3.6841167911182026e-06,0.0001156271568369685
blk2_spa/c_readout,11,0,512,0.007915944904785114,5.178562147332688e-07,29.853648425263657,0.000333449668620478,1.5460829892158426e-05,0.0001317060998138909
blk2_spa/d_path,11,0,512,0.0,0.0,320.4437127874371,0.0,0.0,0.0
blk2_spa/readout,11,0,512,0.00791594490478502,5.178562147331777e-07,212.2309962609608,0.000333449668620478,1.5460829892158243e-05,4.939695631521429e-05
blk2_spa/state,12,0,8192,0.03067350189805752,6.286023510880967e-07,44.95689364836914,0.0001505594001644725,3.7443239621652246e-06,0.00011824692418274743
blk2_spa/c_readout,12,0,512,0.007996937583360477,6.524894838934981e-07,29.53082289287974,0.0003692371677916917,1.5619018717500932e-05,0.0001486445476789241
blk2_spa/d_path,12,0,512,0.0,0.0,321.6032045642106,0.0,0.0,0.0
blk2_spa/readout,12,0,512,0.007996937583361157,6.52489483893656e-07,215.0930474109575,0.0003692371677916917,1.561901871750226e-05,5.5077417924679436e-05
blk2_spa/state,13,0,8192,0.03197779073184598,6.60273739419676e-07,45.93685085437632,0.00015047848829635724,3.903538907696042e-06,0.0001198895700428705
blk2_spa/c_readout,13,0,512,0.009504873413082076,8.077769438556611e-07,37.62864500904398,0.0003069793766111717,1.856420588492593e-05,0.00014651646658771046
blk2_spa/d_path,13,0,512,0.0,0.0,326.6058329268997,0.0,0.0,0.0
blk2_spa/readout,13,0,512,0.009504873413082319,8.077769438558383e-07,211.57256107619216,0.0003069793766111717,1.8564205884926404e-05,6.178969548847111e-05
blk2_spa/state,14,0,8192,0.032166580546089264,6.777673069375439e-07,45.70661856423319,0.00015013354960100728,3.926584539317537e-06,0.0001217729316544211
blk2_spa/c_readout,14,0,512,0.009305913287282806,7.29808259177976e-07,43.272357264908706,0.0002961416954778695,1.817561188922423e-05,0.0001298670902253645
blk2_spa/d_path,14,0,512,0.0,0.0,312.3793128246241,0.0,0.0,0.0
blk2_spa/readout,14,0,512,0.009305913287282797,7.298082591779626e-07,221.07618749443338,0.0002961416954778695,1.8175611889224213e-05,5.745573751554986e-05
blk2_spa/state,15,0,8192,0.033101217667554805,7.035976055738666e-07,47.88717783578431,0.00015015459341901488,4.040675984808936e-06,0.00012121393631538236
blk2_spa/c_readout,15,0,512,0.008389752291457959,5.875744134131069e-07,32.98731730883652,0.0002685941372091438,1.6386234944253826e-05,0.00013346209530754762
blk2_spa/d_path,15,0,512,0.0,0.0,324.97577527838484,0.0,0.0,0.0
blk2_spa/readout,15,0,512,0.008389752291459166,5.875744134132387e-07,219.59732464414182,0.00026859413720936587,1.6386234944256184e-05,5.1727074321246715e-05
blk2_spe/state,0,0,32768,0.006604529801719123,8.60922966416153e-09,0.2336500090129638,8.181094882972473e-06,2.015542542028541e-07,0.0001919549189628447
blk2_spe/c_readout,0,0,2048,0.0007490791551213661,1.3015334826730008e-09,0.036487190240276184,5.223825935595254e-06,3.6576130621160454e-07,0.00018886760015931806
blk2_spe/d_path,0,0,2048,0.0,0.0,204.1701603925024,0.0,0.0,0.0
blk2_spe/readout,0,0,2048,0.000749079155121582,1.3015334826762899e-09,200.73610148441313,5.223825935596338e-06,3.6576130621170994e-07,2.5463314249417716e-06
blk2_spe/state,1,0,32768,0.018189570307114263,7.114691229102165e-08,1.8055300948850348,2.473281490862622e-05,5.551016329075398e-07,0.00019850692529962505
blk2_spe/c_readout,1,0,2048,0.005439616262110898,8.09691113334292e-08,2.119710301926055,5.835265036381598e-05,2.6560626279838367e-06,0.00019544358988976692
blk2_spe/d_path,1,0,2048,0.0,0.0,603.5224058519522,0.0,0.0,0.0
blk2_spe/readout,1,0,2048,0.005439616262113507,8.096911133344501e-08,567.3830624083005,5.835265036391313e-05,2.6560626279851107e-06,1.194597228561232e-05
blk2_spe/state,2,0,32768,0.034274523888563946,2.4619859064165656e-07,8.049943914034932,5.764300451083226e-05,1.045975460466429e-06,0.00017488250038296196
blk2_spe/c_readout,2,0,2048,0.008412676648872379,2.1255910030961567e-07,6.631310987729219,0.0001397017358513164,4.107752269957216e-06,0.00017903591241119678
blk2_spe/d_path,2,0,2048,0.0,0.0,929.277369229573,0.0,0.0,0.0
blk2_spe/readout,2,0,2048,0.00841267664887201,2.1255910030941704e-07,824.8812226836944,0.00013970173585153844,4.1077522699570365e-06,1.6052554120650604e-05
blk2_spe/state,3,0,32768,0.06456143233309301,7.961382761759186e-07,38.49829149214909,8.404673476081204e-05,1.970258555087067e-06,0.00014380484682280413
blk2_spe/c_readout,3,0,2048,0.021894225279606657,1.3579749387464996e-06,84.07420948613543,0.0003072840573017377,1.0690539687307938e-05,0.00012709090764909833
blk2_spe/d_path,3,0,2048,0.0,0.0,1742.1068864874533,0.0,0.0,0.0
blk2_spe/readout,3,0,2048,0.021894225279607334,1.3579749387462393e-06,1332.950168451858,0.00030728405730151565,1.0690539687308268e-05,3.191823887475783e-05
