core,time,saturation_count,count,abs_sum,squared_error,reference_squared,max_abs_error,mae,relative_l2
blk0_spa/state,0,0,8192,0.003634182551554663,5.818787423317749e-09,0.03961702562494558,6.338684158401636e-06,4.436257997503251e-07,0.00038324395429830164
blk0_spa/c_readout,0,0,512,0.0007068139729089238,2.8500661864280385e-09,0.019524956894092203,9.179598451342086e-06,1.3804960408377418e-06,0.0003820607562155236
blk0_spa/d_path,0,0,512,7.876672984963307e-07,3.918577603391115e-15,19.599686747829104,1.047371789297813e-08,1.5384126923756458e-09,1.4139682602038301e-08
blk0_spa/readout,0,0,512,0.0007067247956126059,2.849342358940232e-09,20.30128124513268,9.178621936500875e-06,1.380321866430871e-06,1.1847060146550841e-05
blk0_spa/state,1,0,8192,0.006456815830316878,1.829142878542058e-08,0.09743740089475561,9.065056029211593e-06,7.881855261617283e-07,0.0004332723451886518
blk0_spa/c_readout,1,0,512,0.001203235722883619,8.36991317546678e-09,0.050215021536517634,1.545223610179003e-05,2.3500697712570685e-06,0.00040826640987279386
blk0_spa/d_path,1,0,512,8.233689747783046e-07,4.136022739283356e-15,20.64604419461655,1.280121075808438e-08,1.6081425288638762e-09,1.415379928445202e-08
blk0_spa/readout,1,0,512,0.0012031656385184763,8.368599014767554e-09,21.816304306066026,1.545120214485607e-05,2.349932887731399e-06,1.958555073096699e-05
blk0_spa/state,2,0,8192,0.008437304544558169,3.23499693596439e-08,0.14057941562894322,1.375778634012505e-05,1.0299444024118859e-06,0.0004797070156306138
blk0_spa/c_readout,2,0,512,0.0014173217254965435,1.1690472560973267e-08,0.0638805418041703,1.8319757133569313e-05,2.7682064951104366e-06,0.0004277910930417837
blk0_spa/d_path,2,0,512,7.760850966320731e-07,3.7924799972237275e-15,19.802729859819763,9.309971460425004e-09,1.5157912043595179e-09,1.3838821827604686e-08
blk0_spa/readout,2,0,512,0.001417288088828098,1.1689542637374246e-08,21.128268770193564,1.8326739612162246e-05,2.7681407984923788e-06,2.352159691427884e-05
blk0_spa/state,3,0,8192,0.010223986598790744,5.214457387058756e-08,0.17632759215429217,2.2111347184787435e-05,1.2480452391101982e-06,0.0005438065357293275
blk0_spa/c_readout,3,0,512,0.001528820835948207,1.565532039824393e-08,0.07250325157022787,2.7039591980004916e-05,2.985978195211342e-06,0.00046467813555324457
blk0_spa/d_path,3,0,512,7.938590407263746e-07,4.1461800753492546e-15,20.64037259680481,1.3964957190637506e-08,1.5505059389187004e-09,1.4173115089307912e-08
blk0_spa/readout,3,0,512,0.001528796351103912,1.565477051597597e-08,22.000691634521143,2.705355693721767e-05,2.985930373249828e-06,2.6675046543219702e-05
blk0_spa/state,4,0,8192,0.012189903895576011,7.850777497398593e-08,0.2167880488532057,2.655985101052919e-05,1.488025377877931e-06,0.0006017812695314589
blk0_spa/c_readout,4,0,512,0.001788913324859844,2.17254573386055e-08,0.08606926529614219,2.971597471117856e-05,3.4939713376168827e-06,0.0005024124765908547
blk0_spa/d_path,4,0,512,7.994174673342513e-07,4.227003140628771e-15,21.354254381556466,1.1637464325531255e-08,1.5613622408872097e-09,1.4069351479584343e-08
blk0_spa/readout,4,0,512,0.0017889302895294805,2.1725792102362475e-08,22.94095735994758,2.9708216401636012e-05,3.4940044717372665e-06,3.077386475720349e-05
blk0_spa/state,5,0,8192,0.01386602665892301,1.040405676955426e-07,0.25713068814187234,2.8852455276968903e-05,1.6926302073880627e-06,0.0006360985426508452
blk0_spa/c_readout,5,0,512,0.0019591137334015367,2.5945019681421086e-08,0.09768221164951155,3.238660791801988e-05,3.826394010549876e-06,0.0005153701493085202
blk0_spa/d_path,5,0,512,7.603819724977257e-07,3.7267329101021575e-15,19.42005197100493,1.0085802415460421e-08,1.4851210400346204e-09,1.3852843898573608e-08
blk0_spa/readout,5,0,512,0.0019591457140704567,2.5945356649622915e-08,21.171599474941,3.239436622759495e-05,3.826456472793861e-06,3.500684630132546e-05
blk0_spa/state,6,0,8192,0.015763399845257972,1.3761386799409973e-07,0.29049888793925616,3.54747964058477e-05,1.9242431451730923e-06,0.0006882700376538917
blk0_spa/c_readout,6,0,512,0.002304239565125592,3.699056558068301e-08,0.12264890329446745,3.917686305290966e-05,4.500467900635922e-06,0.0005491786577024049
blk0_spa/d_path,6,0,512,7.703819751014862e-07,3.901695284022631e-15,19.925150315259224,1.047371789297813e-08,1.5046522951200902e-09,1.3993484502236427e-08
blk0_spa/readout,6,0,512,0.0023042614025498382,3.699148685651473e-08,21.9067134232979,3.9167165165943096e-05,4.500510551855153e-06,4.1092473190063154e-05
blk0_spa/state,7,0,8192,0.01758481975821124,1.7645713374034164e-07,0.3205391969286241,4.1625980618422397e-05,2.1465844431410203e-06,0.0007419575150334552
blk0_spa/c_readout,7,0,512,0.0026206008176336134,5.0786757583124e-08,0.14386931266993047,5.2397223586601524e-05,5.118360971940651e-06,0.0005941432383137217
blk0_spa/d_path,7,0,512,7.808422406441196e-07,3.9849338975768346e-15,19.947836659745874,1.2413295280566672e-08,1.525082501258046e-09,1.4133920986858976e-08
blk0_spa/readout,7,0,512,0.0026206536301274833,5.078786485399423e-08,22.081899293440735,5.238830153064811e-05,5.118464121342741e-06,4.7958077500791955e-05
blk0_spa/state,8,0,8192,0.019305728746494964,2.1462157610662104e-07,0.34992302031318034,4.6664976579767654e-05,2.3566563411248736e-06,0.0007831598829316292
blk0_spa/c_readout,8,0,512,0.0029694104720418488,6.020427058324164e-08,0.17121157574811993,4.931270880349781e-05,5.799629828206736e-06,0.0005929896145603724
blk0_spa/d_path,8,0,512,8.250504262008462e-07,4.428961846610579e-15,21.99698339613629,1.6680365533261465e-08,1.6114266136735278e-09,1.41895755940544e-08
blk0_spa/readout,8,0,512,0.002969396835378502,6.020460559472171e-08,24.342439691128767,4.930456257845606e-05,5.799603194098637e-06,4.973164289395815e-05
blk0_spa/state,9,0,8192,0.020940884128289847,2.559042843159342e-07,0.38666085310244236,4.95701536837841e-05,2.5562602695666318e-06,0.0008135301934425108
blk0_spa/c_readout,9,0,512,0.0030751703944714003,6.726780899818879e-08,0.16741710747454566,5.887968850090859e-05,6.006192176701954e-06,0.000633875146727023
blk0_spa/d_path,9,0,512,8.526640460360113e-07,4.76806344384889e-15,23.60929712934275,1.8619942920850008e-08,1.6653594649140846e-09,1.4211158517482388e-08
blk0_spa/readout,9,0,512,0.0030751580797016053,6.726805216893636e-08,25.94375685190905,5.8874257684249365e-05,6.006168124417198e-06,5.091995292135249e-05
blk0_spa/state,10,0,8192,0.02256786900180139,3.03692747411385e-07,0.4135354361194033,5.5701120299642224e-05,2.7548668215089587e-06,0.0008569605801861969
blk0_spa/c_readout,10,0,512,0.0033280214019898477,7.995461172620721e-08,0.17612328503061453,6.711482329988493e-05,6.500041800761421e-06,0.0006737726386567821
blk0_spa/d_path,10,0,512,8.27462992347705e-07,4.3119090922067355e-15,21.897678985775233,1.7456196488296882e-08,1.6161386569291114e-09,1.4032522770307664e-08
blk0_spa/readout,10,0,512,0.0033280039996024064,7.995522150832983e-08,24.330654980320595,6.712102994754776e-05,6.50000781172345e-06,5.732532363475959e-05
blk0_spa/state,11,0,8192,0.023686329871765575,3.4345675325532443e-07,0.43235072711194406,6.294558876000257e-05,2.8913976894245087e-06,0.0008912877411350253
blk0_spa/c_readout,11,0,512,0.003794750934556703,1.0991237386081256e-07,0.22179145808596415,7.386980276195745e-05,7.41162291905606e-06,0.0007039647059611657
blk0_spa/d_path,11,0,512,8.057404521366607e-07,4.321835277266772e-15,21.330571144239713,1.280121075808438e-08,1.5737118205794154e-09,1.4234193421972717e-08
blk0_spa/readout,11,0,512,0.003794769710467228,1.0991335337259139e-07,24.12205075066101,7.387600940961248e-05,7.4116595907563046e-06,6.750222925583294e-05
blk0_spa/state,12,0,8192,0.02486321036396599,3.9017133441023105e-07,0.46169166418153496,6.987470620370808e-05,3.035059858882567e-06,0.0009192881517462097
blk0_spa/c_readout,12,0,512,0.003658573504289344,1.0248336266289732e-07,0.2019982285455496,7.376359701394622e-05,7.145651375565125e-06,0.0007122835311481541
blk0_spa/d_path,12,0,512,8.077381981053122e-07,4.2690081481020234e-15,21.074249489703263,1.1249548848013546e-08,1.577613668174438e-09,1.4232704521681179e-08
blk0_spa/readout,12,0,512,0.0036585870358886155,1.024852535872279e-07,23.821246568630325,7.375234746509474e-05,7.145677804469952e-06,6.559163366207466e-05
blk0_spa/state,13,0,8192,0.02669410348346205,4.496383117861567e-07,0.5052286609940163,7.652412000379999e-05,3.258557554133551e-06,0.0009433821715206798
blk0_spa/c_readout,13,0,512,0.0042437067449624865,1.3298734675656926e-07,0.257567019063592,8.577428133969356e-05,8.288489736254857e-06,0.0007185550316650756
blk0_spa/d_path,13,0,512,8.168743903524955e-07,4.329416079400286e-15,21.957179155983106,1.2413295280566672e-08,1.5954577936572178e-09,1.4041916628787193e-08
blk0_spa/readout,13,0,512,0.0042436884951234845,1.3298728553824285e-07,25.210459286982694,8.576341970634171e-05,8.288454092038056e-06,7.262977217685894e-05
blk0_spa/state,14,0,8192,0.027929306333443843,5.012937842524715e-07,0.5337816447269803,8.33771380612182e-05,3.409339152031719e-06,0.0009690905130850003
blk0_spa/c_readout,14,0,512,0.004397946938680144,1.4472737332255337e-07,0.2633724635217058,8.666171506237306e-05,8.589740114609656e-06,0.0007412934402307688
blk0_spa/d_path,14,0,512,8.144036556245737e-07,4.1520100982854276e-15,21.057973777820074,1.1249548848013546e-08,1.5906321398917456e-09,1.4041739450330766e-08
blk0_spa/readout,14,0,512,0.004397891420597068,1.447276489683882e-07,24.29495056984762,8.665046551348254e-05,8.589631680853648e-06,7.718230488959055e-05
blk0_spa/state,15,0,8192,0.029441186790333928,5.590432861435771e-07,0.5774513041136159,9.306038261301403e-05,3.5938948718669346e-06,0.0009839318859510057
blk0_spa/c_readout,15,0,512,0.004703422703688965,1.6047946976818222e-07,0.3100034717881833,8.00649768430339e-05,9.18637246814251e-06,0.0007194928153778367
blk0_spa/d_path,15,0,512,8.183827890917428e-07,4.210196103340433e-15,21.632592159001018,1.4352872668155214e-08,1.5984038849448101e-09,1.3950728318677534e-08
blk0_spa/readout,15,0,512,0.004703377111808521,1.6047867510082623e-07,25.23825537541358,8.007195932163702e-05,9.186283421501017e-06,7.974050832565299e-05
blk0_spa/state,16,0,8192,0.030577866734378237,6.144541822201285e-07,0.5896789189910624,0.00010588976764919732,3.732649747848906e-06,0.0010207912794802146
blk0_spa/c_readout,16,0,512,0.004954803797376835,1.8915585155260786e-07,0.30898721555662767,0.0001192854529845893,9.677351166751632e-06,0.0007824194447313311
blk0_spa/d_path,16,0,512,8.049631681217306e-07,4.111877689309351e-15,21.12639384031489,1.7456196488296882e-08,1.5721936877377551e-09,1.3951066474090154e-08
blk0_spa/readout,16,0,512,0.004954728955868127,1.8915365134652124e-07,24.543625595217996,0.00011929204754768108,9.677204991929936e-06,8.778857629194166e-05
blk0_spa/state,17,0,8192,0.03173632541839449,6.733209345660606e-07,0.6494329356305535,0.00011626127238498207,3.8740631614251085e-06,0.001018225346966464
blk0_spa/c_readout,17,0,512,0.004987053638787885,1.897588593638825e-07,0.31934089924328135,0.00010174379588802004,9.740339138257589e-06,0.0007708568901776983
blk0_spa/d_path,17,0,512,8.462374498918734e-07,4.538292815340322e-15,24.108002193173498,1.551661910070834e-08,1.6528075193200653e-09,1.372036438927806e-08
blk0_spa/readout,17,0,512,0.004986998495894617,1.8975741296237245e-07,27.888527969581673,0.00010175233002851503,9.740231437294174e-06,8.248720336265626e-05
blk0_spa/state,18,0,8192,0.03309860619142043,7.328595760802008e-07,0.6462629116726747,0.00012147183701139309,4.040357201101127e-06,0.001064892496854177
blk0_spa/c_readout,18,0,512,0.004971098756194516,1.907004245785457e-07,0.28608657733132437,0.0001228379682255915,9.709177258192414e-06,0.00081644529193062
blk0_spa/d_path,18,0,512,8.075629658321759e-07,4.227060021877395e-15,21.949926428991038,1.2413295280566672e-08,1.5772714176409686e-09,1.3877226374341989e-08
blk0_spa/readout,18,0,512,0.004971071654467545,1.9069863601803353e-07,25.336518623074696,0.0001228278824231266,9.709124325131924e-06,8.67561604478001e-05
blk0_spa/state,19,0,8192,0.034060286446254175,7.950347411563087e-07,0.6406287020680456,0.00012542561354965918,4.1577498103337616e-06,0.0011140119694980346
blk0_spa/c_readout,19,0,512,0.005136858462155764,2.087333698542293e-07,0.2897533129092207,0.00011660473375778128,1.0032926683897977e-05,0.0008487538107139951
blk0_spa/d_path,19,0,512,7.832548067909784e-07,4.195136014656378e-15,21.24652848131379,1.3577041713119797e-08,1.5297945445136296e-09,1.4051705305739185e-08
blk0_spa/readout,19,0,512,0.00513684739547925,2.087323890123162e-07,24.572830453955294,0.00011661171623639222,1.003290506929541e-05,9.216527639199718e-05
blk0_spa/state,20,0,8192,0.03540771852560637,8.68554706448997e-07,0.6598641542295138,0.00012963574480238764,4.322231265332809e-06,0.0011472850133309165
blk0_spa/c_readout,20,0,512,0.005614807371021489,2.520050300782774e-07,0.314650595926383,0.00013132176152476187,1.0966420646526346e-05,0.000894932593577141
blk0_spa/d_path,20,0,512,7.720910577546647e-07,4.165097726821014e-15,21.14923487596934,1.0861633370495838e-08,1.5079903471770795e-09,1.403347637124691e-08
blk0_spa/readout,20,0,512,0.005614794453473566,2.520052741918085e-07,24.82179780684672,0.00013132951983430008,1.0966395416940559e-05,0.0001007600091534333
blk0_spa/state,21,0,8192,0.03654218889267121,9.430741052068271e-07,0.6717361301048013,0.0001338371244343061,4.460716417562404e-06,0.0011848777824525405
blk0_spa/c_readout,21,0,512,0.005988940258929637,2.8709004860911476e-07,0.3398068147967055,0.0001262030313638196,1.1697148943221948e-05,0.000919164044039366
blk0_spa/d_path,21,0,512,7.767907597155954e-07,3.9736604346489655e-15,20.035883863837668,1.2025379803048963e-08,1.5171694525695223e-09,1.4082868473728839e-08
blk0_spa/readout,21,0,512,0.005988952354477259,2.870913179470581e-07,23.839916589726787,0.0001262107896733422,1.1697172567338396e-05,0.00010973815739491585
blk0_spa/state,22,0,8192,0.03780590915658372,1.0197632156215992e-06,0.6916527978269743,0.00013705584069577045,4.614979145090786e-06,0.0012142429821611657
blk0_spa/c_readout,22,0,512,0.006354989467373825,3.2988875293215084e-07,0.3645232618390574,0.00015556258157898607,1.2412088803464501e-05,0.0009513079600061484
blk0_spa/d_path,22,0,512,8.099635326885846e-07,4.0252849534167125e-15,20.40127198967712,1.2025379803048963e-08,1.5819600247823917e-09,1.4046550729254682e-08
blk0_spa/readout,22,0,512,0.006355006204455062,3.298897585764813e-07,24.396726531786783,0.00015557072780403303,1.2412121493076293e-05,0.0001162836452353478
blk0_spa/state,23,0,8192,0.038728181676769065,1.094002279684546e-06,0.70192721952785,0.00013933754146967358,4.727561239839974e-06,0.001248426766727401
blk0_spa/c_readout,23,0,512,0.006266033606136691,3.15177021493616e-07,0.3565539959171927,0.00013672183362811556,1.2238346886985725e-05,0.0009401878175193211
blk0_spa/d_path,23,0,512,8.164014015932253e-07,4.0493814692689674e-15,20.313104474205698,1.2025379803048963e-08,1.5945339874867681e-09,1.4119073350991836e-08
blk0_spa/readout,23,0,512,0.0062659806035052015,3.1517759402341676e-07,24.14438140229158,0.00013672997985314517,1.2238243366221097e-05,0.00011425352986874509
blk0_spa/state,24,0,8192,0.03982196737672394,1.1616309592414861e-06,0.7008816306371319,0.0001442395162529848,4.861080002041496e-06,0.0012873947987664409
blk0_spa/c_readout,24,0,512,0.00619003663801093,3.1285471060217334e-07,0.3462962144145171,0.00014145357906753843,1.2089915308615098e-05,0.000950489836202458
blk0_spa/d_path,24,0,512,8.195763463447747e-07,4.3666546628734645e-15,21.60681212731344,1.82320274433323e-08,1.6007350514546381e-09,1.4216054366483468e-08
blk0_spa/readout,24,0,512,0.00618999669326267,3.128565064852392e-07,25.30796190485645,0.00014145823405325997,1.2089837291528652e-05,0.00011118443915005669
blk0_spa/state,25,0,8192,0.04078219770111203,1.2349748261119697e-06,0.7218864381697945,0.00015118544638749974,4.978295617811527e-06,0.001307960446940285
blk0_spa/c_readout,25,0,512,0.006455003600356495,3.4454658216008456e-07,0.35283129323602913,0.00015129889331299065,1.260742890694628e-05,0.0009881899319367626
blk0_spa/d_path,25,0,512,8.311272843286588e-07,4.555917962725841e-15,22.683761818920356,1.8619942920850008e-08,1.6232954772044117e-09,1.417197600566126e-08
blk0_spa/readout,25,0,512,0.0064549843151070554,3.445493502715409e-07,26.546135229234814,0.0001513062637070739,1.2607391240443468e-05,0.0001139265815984179
blk0_spa/state,26,0,8192,0.041733767442796006,1.3047654115971783e-06,0.7344383722570059,0.00015796976510133037,5.094454033544434e-06,0.00133287228620967
blk0_spa/c_readout,26,0,512,0.006598341904572981,3.664179058847543e-07,0.3566802235325559,0.00015641749186726724,1.2887386532369104e-05,0.001013558520971207
blk0_spa/d_path,26,0,512,8.104387010376968e-07,4.283621661037181e-15,21.19342170430437,1.3189126235602089e-08,1.5828880879642515e-09,1.4216903419870714e-08
blk0_spa/readout,26,0,512,0.0065983577040433046,3.6642190263887485e-07,25.139973714326835,0.0001564124489660812,1.288741739070958e-05,0.00012072808256093832
blk0_spa/state,27,0,8192,0.04270693038114675,1.382490448326224e-06,0.7574564737691847,0.00016500391653920254,5.213248337542328e-06,0.001350990293821397
blk0_spa/c_readout,27,0,512,0.007195264446839849,4.5380933135420035e-07,0.38792873153341767,0.0001733399151328018,1.405325087273408e-05,0.001081585204400746
blk0_spa/d_path,27,0,512,8.117456893330655e-07,4.342755513903102e-15,21.663751502538176,1.1637464325531255e-08,1.5854407994786435e-09,1.4158454760979263e-08
blk0_spa/readout,27,0,512,0.00719527988675225,4.5381146541268375e-07,25.975994704541385,0.00017332827766847192,1.4053281028812989e-05,0.0001321757058935681
blk0_spa/state,28,0,8192,0.043859913313407696,1.4638521927595432e-06,0.776859236979174,0.0001707121095248813,5.353993324390588e-06,0.0013727057309498528
blk0_spa/c_readout,28,0,512,0.007512242186625811,4.847063382502819e-07,0.4224474027887957,0.0001867983555899639,1.4672348020753537e-05,0.0010711567458254376
blk0_spa/d_path,28,0,512,8.134271407556071e-07,4.210343796624464e-15,21.06355941653428,1.0861633370495838e-08,1.588724884288295e-09,1.4138160214104335e-08
blk0_spa/readout,28,0,512,0.007512240516447064,4.847083507158086e-07,25.513870254082004,0.00018678788187209694,1.4672344758685672e-05,0.0001378326416116997
blk0_spa/state,29,0,8192,0.0449658857398085,1.5537325159771524e-06,0.7921153215860026,0.0001800141966417177,5.488999724097718e-06,0.0014005348513562446
blk0_spa/c_readout,29,0,512,0.0072467295934787596,4.4332157390464333e-07,0.390228409275332,0.0001787089659930942,1.4153768737263202e-05,0.0010658595761068508
blk0_spa/d_path,29,0,512,8.265446460598014e-07,4.535482851449853e-15,22.31887209411092,1.4352872668155214e-08,1.6143450118355496e-09,1.4255276418098897e-08
blk0_spa/readout,29,0,512,0.007246700955721956,4.433231817185343e-07,26.60731617027589,0.00017869616478238814,1.4153712804144445e-05,0.00012908021663227793
blk0_spa/state,30,0,8192,0.045727451576012774,1.6349322871359417e-06,0.8215079981552224,0.00019458818123223656,5.581964303712497e-06,0.0014107302769188364
blk0_spa/c_readout,30,0,512,0.007203073317421911,4.481305601235761e-07,0.3958970914470803,0.00020401671844494026,1.406850257308967e-05,0.0010639252723538997
blk0_spa/d_path,30,0,512,8.222626703968672e-07,4.457992808286178e-15,22.28570189192031,1.5904534578226048e-08,1.6059817781188812e-09,1.4143487903660201e-08
blk0_spa/readout,30,0,512,0.0072030371496705405,4.48132550340521e-07,26.651952430327107,0.00020401089971278097,1.4068431932950274e-05,0.0001296697669803512
blk0_spa/state,31,0,8192,0.04666445875496464,1.7193515256543082e-06,0.8336605462536116,0.00020200079729417765,5.696345062861894e-06,0.0014361100282902844
blk0_spa/c_readout,31,0,512,0.007335705013316806,4.410731222209803e-07,0.40943793955804014,0.0001577135430776977,1.4327548854134386e-05,0.0010379137261581097
blk0_spa/d_path,31,0,512,7.774218957479206e-07,4.224731728821093e-15,21.760598310917437,1.4740788145672923e-08,1.5184021401326575e-09,1.3933626092442894e-08
blk0_spa/readout,31,0,512,0.00733573026527375,4.4107910090095045e-07,26.19157703065443,0.0001577224651336806,1.4327598174362794e-05,0.00012977092969308887
blk0_spa/state,32,0,8192,0.04759067648927006,1.7965304241055002e-06,0.8633634473980067,0.00021194636585024525,5.809408751131599e-06,0.0014425154032755433
blk0_spa/c_readout,32,0,512,0.008435244341922159,6.214560388061635e-07,0.5169088408657114,0.0002212991299153002,1.6475086605316716e-05,0.001096473717753979
blk0_spa/d_path,32,0,512,8.117711409738604e-07,4.373284154395762e-15,23.24811986190666,1.5904534578226048e-08,1.585490509714571e-09,1.3715445862660107e-08
blk0_spa/readout,32,0,512,0.00843521329450531,6.214538655718216e-07,28.28170285101683,0.0002212843891271632,1.6475025965830683e-05,0.00014823531118828148
blk0_spa/state,33,0,8192,0.04906975610297528,1.8985553271441495e-06,0.9428051495897155,0.00022026711174704706,5.989960461788975e-06,0.0014190596648008427
blk0_spa/c_readout,33,0,512,0.0078092060184269,5.276393749795166e-07,0.4562716392887078,0.00025282541666108577,1.5252355504740039e-05,0.00107536738645406
blk0_spa/d_path,33,0,512,8.804158220243608e-07,4.959170887662272e-15,26.748111844093046,1.4740788145672923e-08,1.7195621523913296e-09,1.3616264267035733e-08
blk0_spa/readout,33,0,512,0.007809133074685006,5.276348097286381e-07,31.808975558276927,0.000252812615450293,1.5252213036494152e-05,0.00012879288706097523
blk0_spa/state,34,0,8192,0.04983062511369139,1.9840492980932154e-06,0.9333580429566238,0.00022286831425051383,6.082839979698656e-06,0.0014579817652370286
blk0_spa/c_readout,34,0,512,0.007485905534923789,5.206372526759328e-07,0.4153984301097289,0.000249324459244242,1.4620909247898025e-05,0.0011195286040791206
blk0_spa/d_path,34,0,512,8.176771260082205e-07,4.5657679308113115e-15,23.928453266797874,1.2025379803048963e-08,1.5970256367348057e-09,1.381336867926675e-08
blk0_spa/readout,34,0,512,0.007485880186269119,5.206346300317735e-07,28.27639399913871,0.00024931747676565363,1.4620859738806874e-05,0.00013569208436480388
blk0_spa/state,35,0,8192,0.05034914373916678,2.067561304902558e-06,0.8983829591298855,0.00022563001227515408,6.146135710347508e-06,0.0015170449358805653
blk0_spa/c_readout,35,0,512,0.008017043840965424,5.712904380264772e-07,0.40421030453854734,0.00019792401629314602,1.5658288751885593e-05,0.0011888437724816578
blk0_spa/d_path,35,0,512,7.702103754780865e-07,4.139747101557025e-15,20.63763992213509,1.4352872668155214e-08,1.5043171396056376e-09,1.4163053314524651e-08
blk0_spa/readout,35,0,512,0.008016987881073639,5.712863618028762e-07,24.87159917755611,0.00019791742173003168,1.565817945522195e-05,0.00015155667652968818
blk0_spa/state,36,0,8192,0.051354781526404575,2.170830429610104e-06,0.9095562346197441,0.0002299101662222268,6.2688942292974335e-06,0.0015448921726359676
blk0_spa/c_readout,36,0,512,0.008167461494801565,5.942720440446509e-07,0.42411635235583944,0.00021831536501482063,1.5952073232034307e-05,0.001183723150823929
blk0_spa/d_path,36,0,512,7.909705797004563e-07,4.214735807125867e-15,21.35083424315258,1.3964957190637506e-08,1.5448644134774536e-09,1.4050046253864114e-08
blk0_spa/readout,36,0,512,0.008167420759316995,5.942701002080875e-07,25.922540186897937,0.00021830140005763,1.5951993670541005e-05,0.00015140951271707892
blk0_spa/state,37,0,8192,0.05268012762316285,2.2878297895233417e-06,0.9088454303239979,0.00023465286799272816,6.430679641499371e-06,0.0015865977765399891
blk0_spa/c_readout,37,0,512,0.008850409678241782,7.068301444147376e-07,0.4510541535198942,0.00023399624802182724,1.728595640281598e-05,0.001251823753784434
blk0_spa/d_path,37,0,512,7.91530821331321e-07,4.068788325647786e-15,20.65795456735004,1.4352872668155214e-08,1.5459586354127364e-09,1.4034239684948167e-08
blk0_spa/readout,37,0,512,0.008850386544375246,7.068275709371654e-07,25.370491893884896,0.00023398189514911572,1.7285911219482903e-05,0.00016691382016120342
blk0_spa/state,38,0,8192,0.053605860868451594,2.3835658792546146e-06,0.9163555969016421,0.00023721582227698504,6.543684188043407e-06,0.0016128038873522027
blk0_spa/c_readout,38,0,512,0.009295940068309411,7.63758083308125e-07,0.4905218970612177,0.00023505574934283742,1.815613294591682e-05,0.0012478107139154476
blk0_spa/d_path,38,0,512,8.036278220657778e-07,4.0805888571534e-15,20.866256741699313,1.2413295280566672e-08,1.5695855899722222e-09,1.3984248935684293e-08
blk0_spa/readout,38,0,512,0.00929588653379362,7.637541932354925e-07,25.80338579192574,0.00023504333604751348,1.8156028386315664e-05,0.00017204357402911063
blk0_spa/state,39,0,8192,0.05451270797200061,2.487329988499995e-06,0.9284735219105221,0.00024223188105426154,6.654383297363356e-06,0.001636748461750594
blk0_spa/c_readout,39,0,512,0.009153638865697243,7.254298732170773e-07,0.47856950615935434,0.00020634247414542256,1.787820090956493e-05,0.0012311903608848511
blk0_spa/d_path,39,0,512,8.338128818508039e-07,4.461543860519405e-15,22.710160546513944,1.7456196488296882e-08,1.6285407848648514e-09,1.4016270849782709e-08
blk0_spa/readout,39,0,512,0.009153539340113315,7.254275639494352e-07,27.583002247703174,0.00020633200042752264,1.7878006523658818e-05,0.00016217214434834592
blk0_spa/state,40,0,8192,0.05533697729266908,2.5714803305183912e-06,0.9285947845365083,0.00024942172598940195,6.7550021109215184e-06,0.001664096408519248
blk0_spa/c_readout,40,0,512,0.00905907567935128,7.441620474987244e-07,0.4661266152193914,0.00024625344885469483,1.769350718623297e-05,0.0012635190900517224
blk0_spa/d_path,40,0,512,8.134824032168808e-07,4.2103418937391235e-15,21.70850558500021,1.8619942920850008e-08,1.5888328187829703e-09,1.3926555617130704e-08
blk0_spa/readout,40,0,512,0.009058973640495706,7.441637854019674e-07,26.294943677016388,0.0002462619829951551,1.7693307891593177e-05,0.00016822794632136718
blk0_spa/state,41,0,8192,0.05603216849183723,2.6646245821287696e-06,0.9256857917389144,0.0002578046219693618,6.8398643178512245e-06,0.0016966263830648812
blk0_spa/c_readout,41,0,512,0.008681130246777217,6.767177782553024e-07,0.41130909028019447,0.00022171348744478084,1.6955332513236752e-05,0.001282683886763142
blk0_spa/d_path,41,0,512,8.101224064915868e-07,4.184078756429024e-15,20.907298419049546,1.512870362319063e-08,1.5822703251788806e-09,1.4146563919694766e-08
blk0_spa/readout,41,0,512,0.00868108814686288,6.767199661548833e-07,25.274630212823922,0.0002217072807971232,1.695525028684156e-05,0.00016362968336269875
blk0_spa/state,42,0,8192,0.05641530972606902,2.7533620072712383e-06,0.9109825466394049,0.000265142102342587,6.886634488045535e-06,0.001738507743741074
blk0_spa/c_readout,42,0,512,0.009217500023295721,7.856785171378743e-07,0.43026517794892405,0.0002451598414410089,1.8002929732999456e-05,0.001351307973941688
blk0_spa/d_path,42,0,512,7.760298341707994e-07,4.160140355358205e-15,20.5796006027352,1.3964957190637506e-08,1.5156832698648426e-09,1.4217902136288259e-08
blk0_spa/readout,42,0,512,0.009217522676181422,7.856772951109821e-07,25.087941475097008,0.0002451668239196181,1.800297397691684e-05,0.0001769658993289969
blk0_spa/state,43,0,8192,0.05735387759605199,2.86361706501597e-06,0.9186814767979582,0.00027308670949007484,7.001205761236815e-06,0.0017655295506131576
blk0_spa/c_readout,43,0,512,0.010236049675004582,1.0058851088560934e-06,0.5003662661481277,0.00030294598217290095,1.9992284521493325e-05,0.0014178496428704744
blk0_spa/d_path,43,0,512,7.929392413785763e-07,4.116960171387107e-15,20.554765912074416,1.280121075808438e-08,1.5487094558175318e-09,1.4152464206720021e-08
blk0_spa/readout,43,0,512,0.010236050964907777,1.005887011153016e-06,25.60910867946944,0.0003029331809621949,1.9992287040835502e-05,0.00019818800615040855
blk0_spa/state,44,0,8192,0.058200403200365944,2.959279140298203e-06,0.9444393523527281,0.0002778685346368527,7.104541406294671e-06,0.0017701331243194238
blk0_spa/c_readout,44,0,512,0.010235567403134624,9.709592998062218e-07,0.5207764082961697,0.00029429395225338655,1.9991342584247312e-05,0.0013654470448211458
blk0_spa/d_path,44,0,512,8.062999672375781e-07,4.104309048347518e-15,20.918847876898386,1.2413295280566672e-08,1.5748046235108948e-09,1.4007194096383426e-08
blk0_spa/readout,44,0,512,0.010235547545644649,9.709601060094781e-07,26.195835231956305,0.00029428270270448476,1.9991303800087204e-05,0.00019252386339260364
blk0_spa/state,45,0,8192,0.05885458115161835,3.055124129730283e-06,0.9660785361621275,0.0002848198279501585,7.184397113234662e-06,0.0017783130417670734
blk0_spa/c_readout,45,0,512,0.010128949744562523,9.616049308183134e-07,0.5068008487728188,0.00027283579913927464,1.9783104969848677e-05,0.001377462149703436
blk0_spa/d_path,45,0,512,8.268892983664955e-07,4.310946477849789e-15,21.544613667725237,1.280121075808438e-08,1.6150181608720615e-09,1.4145456257278221e-08
blk0_spa/readout,45,0,512,0.01012893984017949,9.616061014436577e-07,26.782860662825154,0.00027283036832259633,1.9783085625350567e-05,0.00018948294419170845
blk0_spa/state,46,0,8192,0.05995691660782626,3.172753820310226e-06,0.9723868015051054,0.0002940093870339687,7.3189595468537916e-06,0.0018063365104248241
blk0_spa/c_readout,46,0,512,0.009368906979517526,8.102623451014405e-07,0.46250967529404774,0.0002828691116058511,1.8298646444370168e-05,0.0013235867691289236
blk0_spa/d_path,46,0,512,8.190735467650256e-07,4.528343594075849e-15,22.41393144919584,1.3964957190637506e-08,1.5997530210254407e-09,1.421381525506043e-08
blk0_spa/readout,46,0,512,0.009368903224340041,8.102691439696208e-07,27.315216835837838,0.0002828621291272593,1.8298639110039142e-05,0.00017223139697251957
blk0_spa/state,47,0,8192,0.06090019254046378,3.2812189653986947e-06,0.9601289671927149,0.0003002579694309504,7.434105534724582e-06,0.0018486420193119515
blk0_spa/c_readout,47,0,512,0.009828334847252651,8.77285502061738e-07,0.4804921121411897,0.0002639237147309438,1.9195966498540334e-05,0.001351223982665037
blk0_spa/d_path,47,0,512,7.90986211640643e-07,4.279034717543047e-15,21.165407469117582,1.3964957190637506e-08,1.5448949446106308e-09,1.4218690080462725e-08
blk0_spa/readout,47,0,512,0.009828387225661874,8.772940196973944e-07,26.068442612595113,0.00026393069720953566,1.9196068800120847e-05,0.0001834488701621722
blk0_spa/state,48,0,8192,0.06131872641794237,3.358105651807129e-06,0.9868164541888362,0.00030757173994997236,7.485196095940231e-06,0.0018447137576063494
blk0_spa/c_readout,48,0,512,0.010931748870502562,1.1296437203459341e-06,0.5824430192151268,0.000321282147441565,2.1351072012700317e-05,0.0013926565432455151
blk0_spa/d_path,48,0,512,8.169594636342481e-07,4.476633816991777e-15,22.910350621569023,1.4352872668155214e-08,1.5956239524106408e-09,1.3978478978949183e-08
blk0_spa/readout,48,0,512,0.01093173682876403,1.1296442429632191e-06,28.607700985711226,0.00032127865620226737,2.1351048493679747e-05,0.00019871441282509454
blk0_spa/state,49,0,8192,0.06257578635439742,3.4757956018729994e-06,1.0352724681387058,0.00031356814219483074,7.638645795214529e-06,0.0018323135041654873
blk0_spa/c_readout,49,0,512,0.010236949711458151,9.900837093958288e-07,0.5707521802788217,0.0003416371522351781,1.9994042405191702e-05,0.0013170800388598576
blk0_spa/d_path,49,0,512,8.532341073674843e-07,4.586124374675321e-15,24.434909414640995,1.4352872668155214e-08,1.6664728659521177e-09,1.3699904746815593e-08
blk0_spa/readout,49,0,512,0.01023693018298865,9.90082256060632e-07,30.200787399762643,0.0003416247389399496,1.9994004263649708e-05,0.00018106166328036986
blk0_spa/state,50,0,8192,0.06320007968358045,3.574024226452863e-06,1.0264168191856993,0.00031616543760441297,7.714853476999566e-06,0.0018660224570954467
blk0_spa/c_readout,50,0,512,0.009405134671890986,8.687172387202786e-07,0.4657918972218314,0.0003037125035774378,1.8369403656037083e-05,0.0013656620941846862
blk0_spa/d_path,50,0,512,7.780948418911748e-07,4.210301004255237e-15,22.40530387175244,1.1249548848013546e-08,1.5197164880687009e-09,1.3708222775464704e-08
blk0_spa/readout,50,0,512,0.009405097472361536,8.687151120902478e-07,27.20574803542442,0.0003037035815214306,1.8369331000706126e-05,0.00017869333427221674
blk0_spa/state,51,0,8192,0.0641481781670718,3.6882824108945657e-06,1.0302646052201552,0.0003181352733769311,7.830588155160132e-06,0.0018920721524216574
blk0_spa/c_readout,51,0,512,0.011530913472533986,1.2547403934564444e-06,0.5640007893300901,0.0002902174051270176,2.2521315376042942e-05,0.0014915474837026675
blk0_spa/d_path,51,0,512,7.935987351714857e-07,4.192499994101018e-15,21.244844190764102,1.3964957190637506e-08,1.549997529631808e-09,1.4047846729358754e-08
blk0_spa/readout,51,0,512,0.011530847293502147,1.2547328259906506e-06,26.72884964006844,0.0002902251634365749,2.252118612012138e-05,0.0002166633710666862
blk0_spa/state,52,0,8192,0.06502012852168315,3.8069504408573425e-06,1.0339812109837974,0.0003210046229946712,7.937027407432025e-06,0.0019188113913729981
blk0_spa/c_readout,52,0,512,0.009965801418979101,9.795517804167139e-07,0.4513814179912398,0.00027007874393086134,1.9464455896443557e-05,0.0014731326694395314
blk0_spa/d_path,52,0,512,8.050922311042541e-07,4.119033881616637e-15,21.28023152758656,1.4740788145672923e-08,1.5724457638754963e-09,1.3912638725142357e-08
blk0_spa/readout,52,0,512,0.009965762078462519,9.795521484009873e-07,26.091703798056106,0.0002700861143249411,1.9464379059497107e-05,0.0001937593018356246
blk0_spa/state,53,0,8192,0.06588131451878303,3.9472969387622085e-06,1.0190326843675048,0.000326231118635471,8.042152651218631e-06,0.0019681393387707465
blk0_spa/c_readout,53,0,512,0.01117940660091343,1.1896704768777157e-06,0.5086589304906747,0.00031771081999582354,2.1834778517409042e-05,0.0015293257647175929
blk0_spa/d_path,53,0,512,8.291160860096625e-07,4.511057156631441e-15,22.231340502948097,1.512870362319063e-08,1.619367355487622e-09,1.4244799462043233e-08
blk0_spa/readout,53,0,512,0.011179323584094993,1.189667620494648e-06,27.338821051474824,0.0003176956912922524,2.1834616375185532e-05,0.00020860414302600912
blk0_spa/state,54,0,8192,0.06667133670924782,4.070372735010923e-06,1.0133577111374914,0.00033219209681199964,8.138590906890604e-06,0.002004175283913634
blk0_spa/c_readout,54,0,512,0.011401406283401496,1.2113284291204068e-06,0.5122194769558144,0.00028826432710651884,2.2268371647268547e-05,0.001537810814864748
blk0_spa/d_path,54,0,512,8.082260922748219e-07,4.325273706478862e-15,21.49367243641116,1.3964957190637506e-08,1.5785665864742615e-09,1.4185723304801644e-08
blk0_spa/readout,54,0,512,0.011401371107796982,1.2113287335238466e-06,26.698142230974526,0.0002882534654731206,2.226830294491598e-05,0.00021300533858300888
blk0_spa/state,55,0,8192,0.0672372143650499,4.181721454782957e-06,1.0341693042849536,0.0003400173567099183,8.20766776917113e-06,0.002010859507963273
blk0_spa/c_readout,55,0,512,0.012469723360362579,1.4591499607424397e-06,0.5962520368597685,0.00030755073510510544,2.435492843820816e-05,0.0015643539606713958
blk0_spa/d_path,55,0,512,8.072913875167842e-07,4.268267574214835e-15,21.86969913862844,1.4352872668155214e-08,1.5767409912437191e-09,1.3970257603914212e-08
blk0_spa/readout,55,0,512,0.012469663000789919,1.4591478886822442e-06,27.603105480859384,0.00030755888133016107,2.435481054841781e-05,0.00022991678768773295
blk0_spa/state,56,0,8192,0.06769680303251116,4.2828816593565955e-06,1.037603929665527,0.0003491743035145753,8.263769901429585e-06,0.0020316656286152447
blk0_spa/c_readout,56,0,512,0.011253983009104853,1.1861637640885285e-06,0.5073870147144577,0.0002858313078071967,2.1980435564657915e-05,0.0015289829839492991
blk0_spa/d_path,56,0,512,8.107244582333806e-07,4.253895539766223e-15,21.838900670092134,1.6292450055743757e-08,1.5834462074870714e-09,1.3956548335390223e-08
blk0_spa/readout,56,0,512,0.011253939388066105,1.1861654071712255e-06,26.958273875067125,0.0002858394540322662,2.198035036731661e-05,0.0002097618895909014
blk0_spa/state,57,0,8192,0.06866732330080057,4.407682601875586e-06,1.037108862772187,0.00035796581854604,8.382241613867257e-06,0.0020615457818948008
blk0_spa/c_readout,57,0,512,0.011751284821374823,1.3156400820446743e-06,0.5195462487507396,0.0003351781215579601,2.29517281667477e-05,0.0015913160435996972
blk0_spa/d_path,57,0,512,8.162276223799836e-07,4.409757919106861e-15,22.039107878653837,1.5904534578226048e-08,1.5941945749609054e-09,1.4145241582467852e-08
blk0_spa/readout,57,0,512,0.011751256902733185,1.315635371682843e-06,27.23882160363661,0.00033518316445918517,2.2951673638150752e-05,0.00021977263383207078
blk0_spa/state,58,0,8192,0.06936873248192192,4.535687335259163e-06,1.0414391725388885,0.0003680488969095355,8.46786285179711e-06,0.002086914228083754
blk0_spa/c_readout,58,0,512,0.012053497468199621,1.4241626611987963e-06,0.5356548010663088,0.00033448317475338885,2.3541987242577385e-05,0.001630561923970131
blk0_spa/d_path,58,0,512,8.075062503110075e-07,4.663177209853988e-15,23.329498532722194,1.6292450055743757e-08,1.5771606451386866e-09,1.4138009138182113e-08
blk0_spa/readout,58,0,512,0.012053522175546814,1.4241622539102822e-06,28.75682358762835,0.00033448976931649277,2.354203549911487e-05,0.000222540612441627
blk0_spa/state,59,0,8192,0.07013662457137203,4.67561300613514e-06,1.054821963455535,0.00037809803202044565,8.561599679122562e-06,0.0021053761408081914
blk0_spa/c_readout,59,0,512,0.012194994559222776,1.4278540925390628e-06,0.5431187232372435,0.0003056198494560975,2.3818348748481985e-05,0.0016214162750833303
blk0_spa/d_path,59,0,512,8.114428471373003e-07,4.499742195747395e-15,22.95917788099591,1.6292450055743757e-08,1.5848493108150397e-09,1.3999600731429278e-08
blk0_spa/readout,59,0,512,0.01219498837730054,1.4278557890083777e-06,28.577142050065028,0.00030560355700615105,2.3818336674415117e-05,0.00022352843450998075
blk0_spa/state,60,0,8192,0.07048451995367878,4.77608978656049e-06,1.0436358003563702,0.00038435875600984284,8.604067377158055e-06,0.0021392510658258946
blk0_spa/c_readout,60,0,512,0.012481211459584408,1.5305761656983937e-06,0.5341670699276384,0.0003172260043768308,2.4377366132000796e-05,0.0016927347793326095
blk0_spa/d_path,60,0,512,8.016755188577918e-07,4.246019942988686e-15,20.96516584088391,1.3577041713119797e-08,1.5657724977691245e-09,1.4231211195138103e-08
blk0_spa/readout,60,0,512,0.012481204701061531,1.530577781775323e-06,26.34915297408569,0.0003172124273350674,2.4377352931760803e-05,0.00024101516672454543
blk0_spa/state,61,0,8192,0.0713021043583051,4.905157879753346e-06,1.0368340594423042,0.00038952524590130447,8.703870160925915e-06,0.002175063134981477
blk0_spa/c_readout,61,0,512,0.01244331112018495,1.5914207925655238e-06,0.5389964747561478,0.0003651590444656849,2.4303342031611232e-05,0.0017183022217215776
blk0_spa/d_path,61,0,512,8.124946155874113e-07,4.293517892566306e-15,20.907057764658294,1.2025379803048963e-08,1.5869035460691627e-09,1.4330461574803253e-08
blk0_spa/readout,61,0,512,0.012443297799090047,1.5914235894350432e-06,26.31144565960011,0.0003651470190858541,2.4303316013847747e-05,0.0002459351137989655
blk0_spa/state,62,0,8192,0.0723928646361658,5.0329337656598676e-06,1.0438848016034454,0.00039343677280391856,8.837019608906958e-06,0.0021957572240129627
blk0_spa/c_readout,62,0,512,0.012413774823305208,1.5201350807500424e-06,0.542720432405762,0.00037645685739084306,2.4245653951767984e-05,0.0016736051539661667
blk0_spa/d_path,62,0,512,7.927676417551766e-07,4.232809972423569e-15,21.14261799076765,1.0085802415460421e-08,1.5483743003030792e-09,1.4149301615676194e-08
blk0_spa/readout,62,0,512,0.01241377565076611,1.5201418897817359e-06,26.72242562505398,0.00037644677158843454,2.4245655567902558e-05,0.00023850864487782406
blk0_spa/state,63,0,8192,0.07275601301277741,5.136593944336022e-06,1.0385672981027934,0.0003988189056238142,8.881349244723805e-06,0.002223925814021308
blk0_spa/c_readout,63,0,512,0.012264301530223948,1.4985189045710026e-06,0.5287463880938934,0.0003464271343915498,2.395371392621865e-05,0.001683477848478575
blk0_spa/d_path,63,0,512,8.01331593081045e-07,4.4961265318850855e-15,21.729301321699676,1.3189126235602089e-08,1.565100767736416e-09,1.438455334792215e-08
blk0_spa/readout,63,0,512,0.012264308421090801,1.4985263802386542e-06,27.18074969377361,0.0003464189881665636,2.395372738494297e-05,0.00023480183182414426
blk0_spa/state,64,0,8192,0.07333100847588553,5.250886601317341e-06,1.0610069784110032,0.00041057502775083965,8.951539120591495e-06,0.002224626977468894
blk0_spa/c_readout,64,0,512,0.013069373407666694,1.6972851791026443e-06,0.6129604021030326,0.00036815031879081084,2.5526119936849012e-05,0.00166403018384737
blk0_spa/d_path,64,0,512,8.17275758180358e-07,4.459500463339418e-15,22.7666702472777,1.7456196488296882e-08,1.5962417151960118e-09,1.399565885733919e-08
blk0_spa/readout,64,0,512,0.013069382083596145,1.6972842502031146e-06,28.7631336465476,0.0003681328625944058,2.552613688202372e-05,0.0002429177170854087
blk0_spa/state,65,0,8192,0.07439495718533269,5.371381531607479e-06,1.091396253425397,0.0004164857267541823,9.081415672037682e-06,0.0022184608629727677
blk0_spa/c_readout,65,0,512,0.013036077498272925,1.667972788828797e-06,0.6237093171166253,0.00037481360358652613,2.5461088863814306e-05,0.001635322321786647
blk0_spa/d_path,65,0,512,8.189408511327656e-07,4.358485255991076e-15,23.04787822679646,1.4740788145672923e-08,1.5994938498686828e-09,1.375157099352437e-08
blk0_spa/readout,65,0,512,0.013036066577017879,1.6679781014369708e-06,29.141818666403264,0.0003748093365162908,2.5461067533238044e-05,0.0002392416817038958
blk0_spa/state,66,0,8192,0.0750471123991183,5.473301628982073e-06,1.1095839199242576,0.000418903248836186,9.161024462782995e-06,0.002220979827710203
blk0_spa/c_readout,66,0,512,0.012424248103078572,1.503599135908441e-06,0.5942534608777268,0.00037582860743341773,2.4266109576325337e-05,0.0015906703058833412
blk0_spa/d_path,66,0,512,7.994727297955251e-07,4.208256655632579e-15,22.78428665674916,1.1637464325531255e-08,1.561470175381885e-09,1.3590436055026416e-08
blk0_spa/readout,66,0,512,0.012424232597732152,1.5035948214085353e-06,28.520069021590906,0.00037583558991199917,2.426607929244561e-05,0.00022960964363119603
blk0_spa/state,67,0,8192,0.0759304020546794,5.61127220447139e-06,1.1492115455761982,0.00042360553669010606,9.268847907065356e-06,0.002209686580676219
blk0_spa/c_readout,67,0,512,0.013924688755633657,1.9117793910743754e-06,0.6457097438825559,0.0004050738689561524,2.7196657725846987e-05,0.0017206804239029234
blk0_spa/d_path,67,0,512,8.705761462834971e-07,4.826616234312954e-15,25.10458707939107,1.512870362319063e-08,1.7003440357099553e-09,1.3865797182646993e-08
blk0_spa/readout,67,0,512,0.013924582318465818,1.911768149535235e-06,31.401450001794927,0.0004050606798299272,2.719644984075355e-05,0.00024674181761711613
blk0_spa/state,68,0,8192,0.07676668364684097,5.767707521498798e-06,1.1285806000578629,0.0004287365604344062,9.370933062358517e-06,0.002260660387127861
blk0_spa/c_readout,68,0,512,0.011713715508353557,1.3792508289556474e-06,0.4977371610012082,0.00031179360227576516,2.287835060225304e-05,0.0016646448582211238
blk0_spa/d_path,68,0,512,8.057531779570581e-07,4.34538624624129e-15,22.40482259460192,1.5904534578226048e-08,1.5737366756973792e-09,1.3926546641283146e-08
blk0_spa/readout,68,0,512,0.011713609386753162,1.3792471415899566e-06,27.529941568206617,0.00031180058475438477,2.287814333350227e-05,0.0002238300550304373
blk0_spa/state,69,0,8192,0.07726714451268779,5.887544326176017e-06,1.1113318872446394,0.00043489602800517516,9.432024476646459e-06,0.0023016813943307506
blk0_spa/c_readout,69,0,512,0.013016684533617057,1.7030149425205621e-06,0.5410485701984854,0.00040687288794110515,2.5423211979720815e-05,0.0017741531327108843
blk0_spa/d_path,69,0,512,8.196479672761825e-07,4.463748843555255e-15,22.048474581658997,1.4352872668155214e-08,1.600874936086294e-09,1.4228548586281209e-08
blk0_spa/readout,69,0,512,0.013016624229306275,1.7030106559872201e-06,27.544889445687925,0.00040685931089934346,2.5423094197863818e-05,0.00024864982957061466
blk0_spa/state,70,0,8192,0.07758987425491251,5.993014240402776e-06,1.11183217609575,0.000442043597124641,9.471420197132875e-06,0.0023216836112467496
blk0_spa/c_readout,70,0,512,0.01353332338926759,1.824718232208254e-06,0.5498007694331726,0.0003778669828898365,2.6432272244663262e-05,0.0018217770809169013
blk0_spa/d_path,70,0,512,7.929534202588684e-07,4.261850224394587e-15,21.375617372382937,1.4352872668155214e-08,1.5487371489431023e-09,1.4120164558915725e-08
blk0_spa/readout,70,0,512,0.013533288199483857,1.8247170623506703e-06,27.06338417986995,0.0003778526300172169,2.643220351461691e-05,0.00025966099395241277
blk0_spa/state,71,0,8192,0.07786615553803182,6.100981566630766e-06,1.1162774036627114,0.000449095320157758,9.50514593970115e-06,0.0023378346414877796
blk0_spa/c_readout,71,0,512,0.013136088342203329,1.768087965754315e-06,0.5194266797499554,0.0003732316294695545,2.5656422543365877e-05,0.0018449721194663327
blk0_spa/d_path,71,0,512,7.850362369055119e-07,4.052709280636106e-15,20.917232351426254,1.551661910070834e-08,1.533273900206078e-09,1.3919403200792383e-08
blk0_spa/readout,71,0,512,0.013136065840925842,1.7680866985160375e-06,26.34958659991937,0.00037322309532905606,2.5656378595558285e-05,0.00025903883337509464
blk0_spa/state,72,0,8192,0.07850473845109554,6.2266128735745e-06,1.1182953141724934,0.00045561334445653676,9.583097955455999e-06,0.0023596504886010845
blk0_spa/c_readout,72,0,512,0.0134880892105806,1.857972094027263e-06,0.54928928374899,0.0003802029930383005,2.6343924239415234e-05,0.0018391579561205804
blk0_spa/d_path,72,0,512,7.960701964293548e-07,4.1465385219055645e-15,21.294290195607946,1.4740788145672923e-08,1.5548246024010837e-09,1.3954403221939834e-08
blk0_spa/readout,72,0,512,0.013488065156914907,1.8579718670914507e-06,26.852512210864173,0.00038021036343238723,2.6343877259599428e-05,0.0002630432159172926
blk0_spa/state,73,0,8192,0.0791448719604041,6.336175462953648e-06,1.1152313997624288,0.0004618316984863896,9.661239252979016e-06,0.00238358752255974
blk0_spa/c_readout,73,0,512,0.012963487753170043,1.7490811863023525e-06,0.5081239390626644,0.000401671588777245,2.531931201791024e-05,0.0018553256814103811
blk0_spa/d_path,73,0,512,8.040157375432955e-07,4.323119168724228e-15,21.83933031017052,1.7068281010779174e-08,1.570343237389249e-09,1.4069509115351783e-08
blk0_spa/readout,73,0,512,0.012963507045332263,1.749078804298736e-06,27.266331411650622,0.00040165723590457336,2.5319349697914576e-05,0.00025327442258837093
blk0_spa/state,74,0,8192,0.07981139233143718,6.4646900890002305e-06,1.121497164250229,0.00046854656763212557,9.74260160295864e-06,0.002400903833974722
blk0_spa/c_readout,74,0,512,0.013698426157475956,1.9369800954396827e-06,0.5579730371821763,0.0004101591157444455,2.6754738588820226e-05,0.0018631849709799231
blk0_spa/d_path,74,0,512,8.046901367464443e-07,4.394462873646264e-15,22.38150029417469,1.7456196488296882e-08,1.571660423332899e-09,1.4012263715469852e-08
blk0_spa/readout,74,0,512,0.01369843264842796,1.9369775442146734e-06,28.10510175146941,0.00041015174535036225,2.675475126646086e-05,0.00026252442260463194
blk0_spa/state,75,0,8192,0.08023051642182856,6.5838581010456755e-06,1.1424040345182245,0.0004755108239185672,9.793764211648994e-06,0.002400658400853406
blk0_spa/c_readout,75,0,512,0.014836411875896564,2.2642184345669946e-06,0.6485599771207614,0.0004853250891918674,2.8977366945110477e-05,0.0018684612206929256
blk0_spa/d_path,75,0,512,7.993742041634277e-07,4.2397776594314065e-15,21.74631620040374,1.4352872668155214e-08,1.5612777425066948e-09,1.396299851310813e-08
blk0_spa/readout,75,0,512,0.01483640991778156,2.264214172173995e-06,28.103376901608367,0.00048531073631918886,2.8977363120667108e-05,0.00028384385614183206
blk0_spa/state,76,0,8192,0.08057954525480625,6.692254788041029e-06,1.1381543987132687,0.0004791387935609327,9.83637027036209e-06,0.002424854268125467
blk0_spa/c_readout,76,0,512,0.013729620294094781,2.0067071999144595e-06,0.5595506106772303,0.0004087114141461609,2.681566463690387e-05,0.0018937485678872325
blk0_spa/d_path,76,0,512,7.969191013756927e-07,4.2194417073177004e-15,21.20457586335448,1.1637464325531255e-08,1.5564826198743997e-09,1.4106286515966554e-08
blk0_spa/readout,76,0,512,0.013729632227136029,2.006708166842439e-06,26.958789251976068,0.00040870714707591516,2.6815687943625057e-05,0.00027282987072969834
blk0_spa/state,77,0,8192,0.08119424583301871,6.802497044385747e-06,1.1163911333135461,0.00048204516092323,9.911406962038416e-06,0.002468459417350083
blk0_spa/c_readout,77,0,512,0.014376278144907845,2.2196073744356606e-06,0.5750105834868852,0.0004486303318529221,2.8078668251773136e-05,0.0019647177121948057
blk0_spa/d_path,77,0,512,8.067616832363456e-07,4.3475363449305766e-15,21.128748322186432,1.280121075808438e-08,1.5757064125709874e-09,1.4344477237664603e-08
blk0_spa/readout,77,0,512,0.014376273227437163,2.219610257413445e-06,26.88586937996082,0.00044861985813504646,2.807865864733821e-05,0.0002873269212732024
blk0_spa/state,78,0,8192,0.08154241512498352,6.929212923064228e-06,1.1168703516052403,0.00048752027189246164,9.953908096311464e-06,0.0024908098367442165
blk0_spa/c_readout,78,0,512,0.013820028545467466,2.0036752979498852e-06,0.5456082135380675,0.0004394365718419814,2.6992243252866145e-05,0.0019163429012312078
blk0_spa/d_path,78,0,512,7.789175686667704e-07,4.255761882055306e-15,21.24697531128626,1.2413295280566672e-08,1.521323376302286e-09,1.415272615795578e-08
blk0_spa/readout,78,0,512,0.013820065088057198,2.0036780893201543e-06,26.948135709061066,0.00043942415854669736,2.6992314625111715e-05,0.00027267769343373625
blk0_spa/state,79,0,8192,0.08233079892164206,7.0669433520448e-06,1.120539223439497,0.0004966455038140881,1.005014635273951e-05,0.0025113212609864924
blk0_spa/c_readout,79,0,512,0.013935796753570104,2.028758452578788e-06,0.5634356301378591,0.0004875902985005294,2.721835303431661e-05,0.0018975490793947734
blk0_spa/d_path,79,0,512,8.20496145692573e-07,4.421412308969279e-15,21.82987761643583,1.512870362319063e-08,1.6025315345558067e-09,1.4231636988200207e-08
blk0_spa/readout,79,0,512,0.013935836257694343,2.0287652564573873e-06,27.604276978788416,0.000487582928106467,2.7218430190809264e-05,0.00027109887238671874
blk0_spa/state,80,0,8192,0.08291303315746035,7.1843043564429865e-06,1.1353842188081988,0.0005070250255435997,1.0121219867854046e-05,0.0025154803812593913
blk0_spa/c_readout,80,0,512,0.014835370117157746,2.3229759810831046e-06,0.641394914180476,0.00048600815464965724,2.8975332260073722e-05,0.0019030912115465424
blk0_spa/d_path,80,0,512,8.135398452679965e-07,4.448800606208983e-15,22.777600959709595,1.9395773875885425e-08,1.5889450102890557e-09,1.3975504052590373e-08
blk0_spa/readout,80,0,512,0.0148354103694814,2.322983254344327e-06,29.10224618651058,0.0004860062150722766,2.897541087789336e-05,0.000282526887112569
blk0_spa/state,81,0,8192,0.08399594972070035,7.3197702030950085e-06,1.1504553034741958,0.000511799029388648,1.0253411831140179e-05,0.002522399364200936
blk0_spa/c_readout,81,0,512,0.014759987587170845,2.213705584884925e-06,0.6122753670350979,0.0003770375825071365,2.8828100756193057e-05,0.0019014571229682084
blk0_spa/d_path,81,0,512,8.272743077242239e-07,4.468880664534617e-15,23.115232660265015,1.3189126235602089e-08,1.6157701322738749e-09,1.3904335687339605e-08
blk0_spa/readout,81,0,512,0.014760012007307925,2.213711611159903e-06,29.213589603271323,0.0003770441770702404,2.882814845177329e-05,0.00027527581652959417
blk0_spa/state,82,0,8192,0.08468566776890231,7.4457381495702445e-06,1.1785578740315281,0.0005160869895577645,1.0337605928821083e-05,0.002513497297407945
blk0_spa/c_readout,82,0,512,0.015296602192339269,2.3589788970300936e-06,0.6931607294325437,0.0004297935221200186,2.9876176156912635e-05,0.0018447820017344072
blk0_spa/d_path,82,0,512,8.361091108355367e-07,4.557031937748811e-15,24.25204348647538,1.3964957190637506e-08,1.6330256071006577e-09,1.370777183498755e-08
blk0_spa/readout,82,0,512,0.015296561774602788,2.358972398951373e-06,30.848338013563463,0.00042978343631761007,2.987609721602107e-05,0.00027653209526202604
blk0_spa/state,83,0,8192,0.08553080469901082,7.62024303602809e-06,1.1797390698422054,0.0005246757027483201,1.044077205798472e-05,0.0025415077021534818
blk0_spa/c_readout,83,0,512,0.01388159720068644,1.9893376587383787e-06,0.5505018281763261,0.00039092456908341316,2.7112494532590704e-05,0.0019009682758103848
blk0_spa/d_path,83,0,512,8.576905887736075e-07,4.776562311747597e-15,24.222619861513873,1.4740788145672923e-08,1.6751769311984521e-09,1.404258841634848e-08
blk0_spa/readout,83,0,512,0.013881486379383783,1.9893310052465936e-06,29.846129335948486,0.000390930387815569,2.711227808473395e-05,0.000258172224872985
blk0_spa/state,84,0,8192,0.08625714514615535,7.805588929520217e-06,1.1619040448606006,0.0005348227775423542,1.0529436663349041e-05,0.0025918968043077703
blk0_spa/c_readout,84,0,512,0.014333567505411938,2.20143687712956e-06,0.5498371835334694,0.00047716725062955587,2.7995249034007692e-05,0.002000949211718175
blk0_spa/d_path,84,0,512,8.298344749135822e-07,4.592752959126916e-15,22.698318896223586,1.6680365533261465e-08,1.6207704588155902e-09,1.422458799419119e-08
blk0_spa/readout,84,0,512,0.01433348945769448,2.2014240390424976e-06,28.30434082531922,0.00047715328567232707,2.799509659705953e-05,0.0002788851114872694
blk0_spa/state,85,0,8192,0.08648472350321995,7.92190030512546e-06,1.1598324609563873,0.0005399546789230172,1.0557217224514154e-05,0.0026134672161256304
blk0_spa/c_readout,85,0,512,0.016500117732779807,2.777111475404941e-06,0.6617010192591285,0.00044527751927299006,3.222679244683556e-05,0.0020486405027229137
blk0_spa/d_path,85,0,512,8.303790846042602e-07,4.607201321115065e-15,22.98574839888134,1.3577041713119797e-08,1.6218341496176958e-09,1.4157588030801525e-08
blk0_spa/readout,85,0,512,0.016500091750809714,2.7771083262019458e-06,29.42611285136484,0.00044526433014679956,3.2226741700800224e-05,0.00030720618998530844
blk0_spa/state,86,0,8192,0.08696816652038555,8.047541624826128e-06,1.1637655222367005,0.0005453568917660363,1.0616231264695502e-05,0.0026296555932164385
blk0_spa/c_readout,86,0,512,0.014765584613308754,2.3924734205766474e-06,0.5485372350129478,0.0005212785457623312,2.883903244786866e-05,0.0020884327945112214
blk0_spa/d_path,86,0,512,7.968183961537534e-07,4.388764834279546e-15,21.98108576152576,1.280121075808438e-08,1.5562859299877996e-09,1.4130143905558529e-08
blk0_spa/readout,86,0,512,0.014765602595576887,2.3924745538186314e-06,27.82408107104783,0.00052126574455158,2.8839067569486108e-05,0.00029323327350526076
blk0_spa/state,87,0,8192,0.0872969179807958,8.178849834111757e-06,1.136461880862705,0.0005520548506393712,1.0656362058202612e-05,0.0026826788209731575
blk0_spa/c_readout,87,0,512,0.015249263812590588,2.4652825032337774e-06,0.5410900776705279,0.00043152168555801035,2.978371838396599e-05,0.0021345118081960235
blk0_spa/d_path,87,0,512,8.09506175869501e-07,4.4432057972771376e-15,21.346932787714366,1.4740788145672923e-08,1.5810667497451192e-09,1.4427147541080767e-08
blk0_spa/readout,87,0,512,0.015249251698505044,2.4652812706173883e-06,26.872665588461,0.0004315298317830729,2.9783694723642664e-05,0.00030288506857324075
blk0_spa/state,88,0,8192,0.08818398730017447,8.34780423205666e-06,1.1753669755112754,0.0005604377576496448,1.076464688722833e-05,0.002665013330904513
blk0_spa/c_readout,88,0,512,0.015348584934805606,2.396430043814962e-06,0.6095933167369104,0.0004268393461507973,2.99777049507922e-05,0.001982724072021569
blk0_spa/d_path,88,0,512,8.170594423262401e-07,4.266688467674506e-15,22.309264859116535,1.5904534578226048e-08,1.5958192232934376e-09,1.3829384044640222e-08
blk0_spa/readout,88,0,512,0.0153485404946721,2.3964232798235057e-06,28.581302280021156,0.0004268234416162642,2.9977618153656444e-05,0.0002895614604282861
blk0_spa/state,89,0,8192,0.08849540328701391,8.463223352919901e-06,1.1965485005802057,0.0005675670428102846,1.0802661534059316e-05,0.0026595168595703695
blk0_spa/c_readout,89,0,512,0.016343721941183807,2.836486789927202e-06,0.6570632734651563,0.0004600873009920972,3.192133191637462e-05,0.002077718879889619
blk0_spa/d_path,89,0,512,8.177345680593362e-07,4.178180152882023e-15,21.88501247637538,1.551661910070834e-08,1.597137828240891e-09,1.3817204380600141e-08
blk0_spa/readout,89,0,512,0.016343684697665378,2.836480857717472e-06,28.372992386717506,0.00046009428347071335,3.192125917512769e-05,0.0003161821568964536
blk0_spa/state,90,0,8192,0.08923308871608196,8.61015971693025e-06,1.186028671489247,0.0005747171238139094,1.0892711024912349e-05,0.0026943748116134546
blk0_spa/c_readout,90,0,512,0.016374365659406868,2.795656413659262e-06,0.6295997875275579,0.0004388259806272256,3.198118292852904e-05,0.002107218698533511
blk0_spa/d_path,90,0,512,8.006819189887437e-07,4.14150830225177e-15,20.999814163544194,1.551661910070834e-08,1.5638318730248901e-09,1.4043376598873357e-08
blk0_spa/readout,90,0,512,0.01637435228086936,2.7956539554840473e-06,27.12466657204426,0.0004388104640080659,3.198115679857297e-05,0.0003210402631109866
blk0_spa/state,91,0,8192,0.08935528188395953,8.719550302388225e-06,1.181280886104202,0.0005806957748256507,1.0907627183100528e-05,0.0027168799906209695
blk0_spa/c_readout,91,0,512,0.016387047997520644,2.949552194970208e-06,0.6089653857990723,0.0005412053901650907,3.200595312015751e-05,0.0022008058870526676
blk0_spa/d_path,91,0,512,7.897635700970795e-07,4.113878449057051e-15,20.77968758106019,1.3964957190637506e-08,1.5425069728458585e-09,1.407039277572088e-08
blk0_spa/readout,91,0,512,0.016387057693954613,2.949549505756086e-06,26.89608893555558,0.0005411914252079209,3.20059720585051e-05,0.00033115649616248646
blk0_spa/state,92,0,8192,0.08985095838892421,8.85290124895324e-06,1.1752938335972607,0.0005837993973002858,1.0968134568960474e-05,0.0027445401036704383
blk0_spa/c_readout,92,0,512,0.01715330746627357,3.2596612585697937e-06,0.6468684418683207,0.0005779279793299494,3.350255364506557e-05,0.002244803099608334
blk0_spa/d_path,92,0,512,7.908273378376407e-07,4.099691277348271e-15,20.678080120979473,1.2025379803048963e-08,1.544584644214142e-09,1.4080577589892536e-08
blk0_spa/readout,92,0,512,0.01715332339625984,3.259660826629768e-06,27.008804414615554,0.0005779213847668108,3.350258475832e-05,0.00034740296978351534
blk0_spa/state,93,0,8192,0.09049499587252409,8.987285869734865e-06,1.1768399832613015,0.0005871125103042822,1.1046752425845226e-05,0.00276347519334892
blk0_spa/c_readout,93,0,512,0.017369806223984742,3.2638951550221847e-06,0.6591091876919232,0.0005392786926673929,3.39254027812202e-05,0.002225304350743365
blk0_spa/d_path,93,0,512,8.017187820286154e-07,4.264573594185053e-15,21.123008012933987,1.1249548848013546e-08,1.5658569961496394e-09,1.4208882564148875e-08
blk0_spa/readout,93,0,512,0.017369793446772606,3.263893278053721e-06,27.59487438423947,0.0005392674431184963,3.392537782572775e-05,0.0003439170953877644
blk0_spa/state,94,0,8192,0.09128806681696917,9.143709990262888e-06,1.1805745378035761,0.0005946115231402378,1.1143562843868307e-05,0.002783008388845525
blk0_spa/c_readout,94,0,512,0.01662757822901044,3.0657500797842443e-06,0.6329264839571314,0.0005422956630432053,3.2475738728536015e-05,0.0022008565668976843
blk0_spa/d_path,94,0,512,8.243902058779895e-07,4.438126177801518e-15,21.672241670853207,1.3964957190637506e-08,1.6101371208554482e-09,1.4310272544896859e-08
blk0_spa/readout,94,0,512,0.016627565452524768,3.065748403903876e-06,28.027758024556316,0.0005422886805646066,3.247571377446244e-05,0.0003307303692285706
blk0_spa/state,95,0,8192,0.0918084793734616,9.271811527281267e-06,1.177475298194054,0.0006001272029311742,1.1207089767268261e-05,0.002806121006978253
blk0_spa/c_readout,95,0,512,0.016700474754831694,2.9952106546468495e-06,0.6262826047263239,0.0005185207807752827,3.261811475553065e-05,0.0021868979193997817
blk0_spa/d_path,95,0,512,8.01718055498668e-07,4.232679291541289e-15,21.144577268736423,1.4740788145672923e-08,1.565855577145836e-09,1.4148427646672441e-08
blk0_spa/readout,95,0,512,0.0167004741604201,2.9952130884202424e-06,27.36581319272924,0.0005185145741276598,3.261811359457051e-05,0.00033083365533152797
blk0_spa/state,96,0,8192,0.09252850704105123,9.411937863151564e-06,1.1916068746053312,0.0006075520043978544,1.1294983769659574e-05,0.0028104316368039095
blk0_spa/c_readout,96,0,512,0.016737652443308836,3.079690894238424e-06,0.6772305561289931,0.0006067965483289896,3.269072742833757e-05,0.00213248159727835
blk0_spa/d_path,96,0,512,8.26355234906373e-07,4.434984899654143e-15,22.800270154185974,1.6292450055743757e-08,1.6139750681765097e-09,1.3946848274297371e-08
blk0_spa/readout,96,0,512,0.01673766154823754,3.0797023739454408e-06,29.393382572517922,0.000606794220836121,3.2690745211401445e-05,0.0003236902292852957
blk0_spa/state,97,0,8192,0.09352846312280234,9.582071120627786e-06,1.2040825164363604,0.0006151474625907538,1.1417048721045208e-05,0.0028209901503897564
blk0_spa/c_readout,97,0,512,0.016110886570881475,2.686323920782451e-06,0.5994194487073623,0.00042113409740805047,3.146657533375288e-05,0.002116965472184991
blk0_spa/d_path,97,0,512,8.58422430027872e-07,4.763084465982043e-15,24.308260935659554,1.551661910070834e-08,1.6766063086481875e-09,1.3998038922276404e-08
blk0_spa/readout,97,0,512,0.016110913952553877,2.6863378454575257e-06,30.533717342868908,0.0004211414678021441,3.146662881358179e-05,0.0002966132003616775
blk0_spa/state,98,0,8192,0.09401285708995052,9.71685456327638e-06,1.213794452625884,0.0006199346451279675,1.1476178843988101e-05,0.00282937347062191
blk0_spa/c_readout,98,0,512,0.014678138307465106,2.2938297411394993e-06,0.5700279203849651,0.00047027244768143434,2.8668238881767785e-05,0.0020060073759633483
blk0_spa/d_path,98,0,512,8.196152503359144e-07,4.615433367546851e-15,24.532117087018673,1.6292450055743757e-08,1.6008110358123329e-09,1.3716355364722695e-08
blk0_spa/readout,98,0,512,0.014678089813671236,2.293840059271949e-06,30.379054522898297,0.00047028059390641364,2.8668144167326634e-05,0.0002747858972449656
blk0_spa/state,99,0,8192,0.09457736361548454,9.870267025780971e-06,1.2085444258165758,0.0006231988388595393,1.1545088331968327e-05,0.0028578086157791506
blk0_spa/c_readout,99,0,512,0.018421384582295326,3.65612687434108e-06,0.6959027610884153,0.0005209679210294339,3.597926676229556e-05,0.00229211471497261
blk0_spa/d_path,99,0,512,8.088288705465629e-07,4.325574320343878e-15,21.874391072012685,1.551661910070834e-08,1.5797438877862557e-09,1.4062220484599409e-08
blk0_spa/readout,99,0,512,0.018421328487612076,3.656114070470128e-06,28.433094338588653,0.000520952404410302,3.597915720236734e-05,0.00035858969564616153
blk0_spa/state,100,0,8192,0.09507290271940907,1.0013486401453512e-05,1.2091790748327143,0.0006274051155137836,1.1605578945240366e-05,0.002877712111950589
blk0_spa/c_readout,100,0,512,0.01667107975828102,3.093951845031769e-06,0.5768864553402366,0.000543027934802643,3.2560702652892617e-05,0.002315856279252467
blk0_spa/d_path,100,0,512,7.943880184768659e-07,4.042703468447296e-15,21.227279492631176,1.4352872668155214e-08,1.5515390985876287e-09,1.3800307848092286e-08
blk0_spa/readout,100,0,512,0.016671041895625682,3.0939404591359798e-06,27.267921858849242,0.0005430147456764178,3.256062870239391e-05,0.000336844883845803
blk0_spa/state,101,0,8192,0.09550085575239889,1.0132192638786354e-05,1.2060460268154292,0.0006308759724369603,1.1657819305712755e-05,0.0028984764625939303
blk0_spa/c_readout,101,0,512,0.0173047242623726,3.2375328253865285e-06,0.6112812467497093,0.0004927436960879689,3.3798289574946484e-05,0.002301370564532017
blk0_spa/d_path,101,0,512,8.03944843141835e-07,4.2594648868785964e-15,21.501458012986603,1.3189126235602089e-08,1.5702047717613965e-09,1.4074843223116604e-08
blk0_spa/readout,101,0,512,0.017304701096516308,3.237528419970548e-06,27.744229522614248,0.0004927514543975331,3.379824432913341e-05,0.00034160204380813956
blk0_spa/state,102,0,8192,0.09593532388698012,1.0280446454033234e-05,1.197544073736218,0.0006387428516069563,1.1710854966672378e-05,0.002929950172830334
blk0_spa/c_readout,102,0,512,0.017224263493552154,3.4656389835517047e-06,0.6095090404527718,0.000588497556665072,3.364113963584405e-05,0.002384523376040526
blk0_spa/d_path,102,0,512,8.013308665510976e-07,4.512055363980977e-15,21.905894128162675,1.4740788145672923e-08,1.5650993487326126e-09,1.4351811372703163e-08
blk0_spa/readout,102,0,512,0.01722426573015951,3.465637443586201e-06,28.109216585199412,0.0005884828158769784,3.3641144004217796e-05,0.0003511293986270816
blk0_spa/state,103,0,8192,0.09631535864655846,1.040970998809532e-05,1.2071615818429775,0.0006438766325061185,1.1757245928534969e-05,0.002936544675554859
blk0_spa/c_readout,103,0,512,0.016552240498769553,2.8766633871190863e-06,0.5884723700301392,0.0004920954442258207,3.232859472415928e-05,0.0022109630498888034
blk0_spa/d_path,103,0,512,8.130661299787789e-07,4.465922758406458e-15,22.900846409038316,1.4352872668155214e-08,1.5880197851148026e-09,1.3964642968463028e-08
blk0_spa/readout,103,0,512,0.016552251141907438,2.8766711227529644e-06,28.993243602578087,0.0004921039783662984,3.2328615511537964e-05,0.00031498995515082427
blk0_spa/state,104,0,8192,0.09714097566060327,1.0573376484762938e-05,1.2454765424287682,0.0006507543903121193,1.1858029255444735e-05,0.0029136613429691397
blk0_spa/c_readout,104,0,512,0.017133207249807207,3.0818826498526565e-06,0.6371682385713928,0.0004885486697589689,3.34632954097797e-05,0.0021992823527374208
blk0_spa/d_path,104,0,512,8.192847769095124e-07,4.151512048344175e-15,22.245553996917053,1.5904534578226048e-08,1.6001655799013914e-09,1.3660970026237704e-08
blk0_spa/readout,104,0,512,0.017133145210962434,3.0818772266831654e-06,28.78224851690622,0.0004885552643220659,3.3463174240161004e-05,0.0003272241192665011
blk0_spa/state,105,0,8192,0.09760064988048144,1.0702311368822195e-05,1.255379772311032,0.0006566706168150728,1.1914141831113456e-05,0.002919787383751895
blk0_spa/c_readout,105,0,512,0.017931415415706302,3.4660490066253183e-06,0.6671769709812962,0.0005184498613038241,3.502229573380137e-05,0.0022792755185368895
blk0_spa/d_path,105,0,512,8.162552536106205e-07,4.207373917358065e-15,21.682570933660624,1.5904534578226048e-08,1.594248542208243e-09,1.3929969554800821e-08
blk0_spa/readout,105,0,512,0.017931336495811894,3.466046234133644e-06,28.29089391845791,0.0005184564558669558,3.5022141593382606e-05,0.0003500207899755286
blk0_spa/state,106,0,8192,0.09803367390411974,1.0847069637785504e-05,1.2501647153854922,0.0006639920511968544,1.1967001208998992e-05,0.002945592026429063
blk0_spa/c_readout,106,0,512,0.01783169986561062,3.565852351823377e-06,0.6495989990805069,0.000572278966697766,3.4827538800020744e-05,0.002342928335835206
blk0_spa/d_path,106,0,512,7.953092708845588e-07,4.21654015970847e-15,21.433983247508866,1.6680365533261465e-08,1.553338419696404e-09,1.4025768842570908e-08
blk0_spa/readout,106,0,512,0.017831681142782878,3.5658511427990227e-06,27.885196211982596,0.0005722622863322258,3.482750223199781e-05,0.00035759772927966544
blk0_spa/state,107,0,8192,0.09828104439302515,1.0968697541767251e-05,1.2243072401297659,0.000668276910198419,1.1997197801882953e-05,0.0029931764644413727
blk0_spa/c_readout,107,0,512,0.018644439532592705,4.008401948512246e-06,0.6494471345824375,0.0006192531232178528,3.6414920962095127e-05,0.002484355432884427
blk0_spa/d_path,107,0,512,7.761439917430835e-07,4.011683368917732e-15,20.110250477180724,1.3577041713119797e-08,1.5159062338732099e-09,1.4123898376533058e-08
blk0_spa/readout,107,0,512,0.018644444658387927,4.008403906035705e-06,26.469878384227503,0.0006192395461761535,3.641493097341392e-05,0.00038914348627986175
blk0_spa/state,108,0,8192,0.0991276036567645,1.1122435320052976e-05,1.2401377992751554,0.0006712290849355124,1.2100537555757385e-05,0.0029947803299298064
blk0_spa/c_readout,108,0,512,0.019607280681142793,4.37313582720187e-06,0.7233961707503521,0.0006521372757946758,3.829547008035702e-05,0.002458716074163763
blk0_spa/d_path,108,0,512,8.102223851835788e-07,4.370204412419516e-15,22.012124855571948,1.1637464325531255e-08,1.5824655960616774e-09,1.4090288707981147e-08
blk0_spa/readout,108,0,512,0.01960728112359469,4.373136468720534e-06,29.075749396543127,0.0006521256383303919,3.829547094452088e-05,0.0003878207631222074
blk0_spa/state,109,0,8192,0.09940939642045396,1.1241761135243802e-05,1.2521607665519399,0.0006761806574235793,1.2134936086481196e-05,0.0029963126688206548
blk0_spa/c_readout,109,0,512,0.01889114077707093,4.0664744425941e-06,0.7142888212055466,0.0006499096812579049,3.689675933021666e-05,0.002386009106581043
blk0_spa/d_path,109,0,512,8.173048424708895e-07,4.423902633142668e-15,22.38187838932629,1.2413295280566672e-08,1.5962985204509561e-09,1.4059002692398056e-08
blk0_spa/readout,109,0,512,0.018891161805947673,4.066478189761306e-06,29.400476353883967,0.0006498972679626069,3.689680040224155e-05,0.0003719050196784142
blk0_spa/state,110,0,8192,0.1000321799276285,1.1389778164077157e-05,1.2483665025305415,0.0006825666810201629,1.2210959463821838e-05,0.0030205538272493164
blk0_spa/c_readout,110,0,512,0.018953607053405826,4.025054378634406e-06,0.6940043755471159,0.0006066014329940486,3.701876377618325e-05,0.002408267760138688
blk0_spa/d_path,110,0,512,8.214017661600792e-07,4.633964505268478e-15,22.58065908560907,1.4352872668155214e-08,1.6043003245314047e-09,1.4325442455398141e-08
blk0_spa/readout,110,0,512,0.018953622781254845,4.025064895760415e-06,29.318026859811827,0.0006065963900928617,3.701879449463837e-05,0.00037052632947710444
blk0_spa/state,111,0,8192,0.10021145864655023,1.150112280348292e-05,1.2522571772784286,0.0006883654962353131,1.2232844073065214e-05,0.003030563271629019
blk0_spa/c_readout,111,0,512,0.018064200364716693,3.6078079939317948e-06,0.6607556021658707,0.0005648652292308126,3.528164133733729e-05,0.0023366909754942863
blk0_spa/d_path,111,0,512,7.946206928011179e-07,4.263607688512995e-15,21.490613236272086,1.4740788145672923e-08,1.5519935406271834e-09,1.4085238794261516e-08
blk0_spa/readout,111,0,512,0.018064200429798682,3.607814374140511e-06,28.06781254108764,0.0005648586346677087,3.528164146445055e-05,0.0003585236495419894
blk0_spa/state,112,0,8192,0.1007231959747606,1.163953708362653e-05,1.2559205992659934,0.0006922387398485066,1.2295312008637768e-05,0.003044295195806483
blk0_spa/c_readout,112,0,512,0.01848675529303371,3.881252793557809e-06,0.6910405658272343,0.0006769573958163508,3.610694393170646e-05,0.002369922771404173
blk0_spa/d_path,112,0,512,8.228647221386609e-07,4.443708217089393e-15,22.626839681725333,1.3189126235602089e-08,1.607157660427072e-09,1.4013958187939598e-08
blk0_spa/readout,112,0,512,0.01848675194067732,3.881265107239859e-06,29.32608141794,0.000676953128746105,3.610693738413539e-05,0.00036379743776492133
blk0_spa/state,113,0,8192,0.10130942372292534,1.1780409157404471e-05,1.2779578463522412,0.0006981943470922881,1.236687301305241e-05,0.003036140904702533
blk0_spa/c_readout,113,0,512,0.018142835448024978,3.676973646158043e-06,0.6883816550180818,0.0005717693350443878,3.5435225484423785e-05,0.002311163204215105
blk0_spa/d_path,113,0,512,8.473452073332055e-07,4.787263042852232e-15,24.705186571703564,1.6292450055743757e-08,1.654971108072667e-09,1.3920331461662774e-08
blk0_spa/readout,113,0,512,0.018142830141185447,3.676984662815929e-06,31.56018203566105,0.0005717639042276956,3.543521511950283e-05,0.0003413313350738732
blk0_spa/state,114,0,8192,0.10134872011217619,1.190208497194183e-05,1.2688627642902472,0.0007025231741883999,1.2371669935568382e-05,0.0030626981541998963
blk0_spa/c_readout,114,0,512,0.016712065812287433,3.1364868646996824e-06,0.5911062462810838,0.0005888954329889701,3.264075353962389e-05,0.0023035039549581917
blk0_spa/d_path,114,0,512,8.160971063375655e-07,4.6918945390669414e-15,23.767139337150724,1.280121075808438e-08,1.5939396608155576e-09,1.4050302181471496e-08
blk0_spa/readout,114,0,512,0.016712074861227146,3.1365023672694032e-06,29.858415380557183,0.0005888865109330288,3.264077121333427e-05,0.00032410776205616244
blk0_spa/state,115,0,8192,0.10205010903269021,1.2050151303193248e-05,1.2605190554180206,0.0007070670501041557,1.2457288700279567e-05,0.003091872256363327
blk0_spa/c_readout,115,0,512,0.019641933931034646,4.292568188933505e-06,0.7091623170782964,0.0005248548879684123,3.836315220905204e-05,0.00246028702491235
blk0_spa/d_path,115,0,512,8.148773709137913e-07,4.371565403099864e-15,21.92368236230857,1.4352872668155214e-08,1.5915573650659987e-09,1.412087925630481e-08
blk0_spa/readout,115,0,512,0.01964190009222945,4.2925599623578685e-06,28.645892454910495,0.0005248405350957164,3.8363086117635645e-05,0.0003871034185952468
blk0_spa/state,116,0,8192,0.10290620732203995,1.2227272587234086e-05,1.296814433639968,0.0007135529906837947,1.2561792885991205e-05,0.0030706186212963262
blk0_spa/c_readout,116,0,512,0.01927404404010771,4.238267588237605e-06,0.7050164518159198,0.0006635468024497326,3.764461726583537e-05,0.0024518537455711802
blk0_spa/d_path,116,0,512,8.513690570310928e-07,4.7074327252198906e-15,24.594985812195134,1.5904534578226048e-08,1.662830189513853e-09,1.383466899870219e-08
blk0_spa/readout,116,0,512,0.01927402060121915,4.238249848588361e-06,31.740972097279652,0.0006635308979152654,3.764457148675615e-05,0.0003654123034141628
blk0_spa/state,117,0,8192,0.10362914578513927,1.240881312503872e-05,1.294466895023773,0.0007205300742786636,1.2650042210100008e-05,0.003096133282995179
blk0_spa/c_readout,117,0,512,0.01881564279893067,4.005183165544568e-06,0.6524929541866258,0.0005760550472769105,3.674930234166146e-05,0.0024775548490801927
blk0_spa/d_path,117,0,512,8.476345971786259e-07,4.8065803650604426e-15,24.070586758292574,1.4352872668155214e-08,1.6555363226145037e-09,1.4131060817015825e-08
blk0_spa/readout,117,0,512,0.018815618038148265,4.005174588297855e-06,30.708217750433185,0.0005760406944042007,3.674925398075833e-05,0.00036114650827129627
blk0_spa/state,118,0,8192,0.10400037018251153,1.2553369888249441e-05,1.2822199906879987,0.0007272468837314847,1.2695357688294864e-05,0.0031289519291894346
blk0_spa/c_readout,118,0,512,0.01811826829302149,3.723277690674342e-06,0.6408320186165917,0.0005430376901087025,3.5387242759807595e-05,0.002410408291990924
blk0_spa/d_path,118,0,512,8.023350126507012e-07,4.662828841824703e-15,23.208229541629205,1.512870362319063e-08,1.5670605715834007e-09,1.4174368899955175e-08
blk0_spa/readout,118,0,512,0.018118262626624252,3.723281041527781e-06,29.73651737023463,0.0005430442846718342,3.538723169262549e-05,0.0003538489061195765
blk0_spa/state,119,0,8192,0.10431021036098978,1.2686330356250678e-05,1.2877667953720127,0.0007344581521267907,1.273317997570676e-05,0.0031386970326408286
blk0_spa/c_readout,119,0,512,0.017868383508312966,3.4727189212602243e-06,0.615767693352042,0.0005146130397435771,3.489918653967376e-05,0.0023747963177189954
blk0_spa/d_path,119,0,512,8.107662683443095e-07,4.452682568808518e-15,22.92255315098613,1.5904534578226048e-08,1.5835278678599796e-09,1.3937323272787862e-08
blk0_spa/readout,119,0,512,0.017868382198418176,3.4727206013954186e-06,29.2825477688566,0.0005145971352089607,3.48991839812855e-05,0.00034437410817782953
blk0_spa/state,120,0,8192,0.10524258982982848,1.2862538856986794e-05,1.3268778564447878,0.0007389695827275805,1.2846995828836485e-05,0.003113492878207123
blk0_spa/c_readout,120,0,512,0.018722095368287478,3.8683583655745456e-06,0.665843280255112,0.0005343824555870333,3.656659251618648e-05,0.0024103346254158715
blk0_spa/d_path,120,0,512,8.257070138739664e-07,4.291807170249278e-15,23.11325626254264,1.4740788145672923e-08,1.6127090114725906e-09,1.3626663556122178e-08
blk0_spa/readout,120,0,512,0.018722053371984175,3.868359324676984e-06,30.004710158823436,0.0005343677147988668,3.656651049215659e-05,0.00035906137205804256
blk0_spa/state,121,0,8192,0.10573345996577957,1.299611621286136e-05,1.3340883914728876,0.0007431945790581651,1.2906916499728951e-05,0.0031211489183524273
blk0_spa/c_readout,121,0,512,0.019012322569839046,4.128155203538716e-06,0.6755455008069576,0.0005836913128427108,3.7133442519216886e-05,0.002472012744652427
blk0_spa/d_path,121,0,512,8.069452821501955e-07,4.072881813202954e-15,21.17202440658082,1.4352872668155214e-08,1.5760650041996005e-09,1.3869784424883903e-08
blk0_spa/readout,121,0,512,0.019012268130430016,4.1281493792188e-06,27.94751637164642,0.0005836823907867661,3.7133336192246126e-05,0.00038433159867775826
blk0_spa/state,122,0,8192,0.1059957540379697,1.3142897404654064e-05,1.316200633669414,0.0007491025519179711,1.2938934819088097e-05,0.003159981289238259
blk0_spa/c_readout,122,0,512,0.019493907819520484,4.3771969975416464e-06,0.6663580385819236,0.0006715717939331824,3.8074038710000945e-05,0.0025629741488061553
blk0_spa/d_path,122,0,512,7.843618377023631e-07,4.076897053784994e-15,20.632208964961563,1.551661910070834e-08,1.531956714262428e-09,1.4056979410687948e-08
blk0_spa/readout,122,0,512,0.01949386274752484,4.3771866808898904e-06,27.17304165268556,0.0006715562773140782,3.8073950678759456e-05,0.0004013547500889993
blk0_spa/state,123,0,8192,0.10634928603393347,1.3288060124690737e-05,1.2919374382708004,0.0007531202112637733,1.2982090580314144e-05,0.003207081897912294
blk0_spa/c_readout,123,0,512,0.02101009934187021,5.065814801663022e-06,0.7242145402895244,0.0006385515003028558,4.1035350277090254e-05,0.0026447890264224847
blk0_spa/d_path,123,0,512,7.963737651550673e-07,4.338555659534889e-15,21.268664830332696,1.551661910070834e-08,1.5554175100684908e-09,1.4282442129726129e-08
blk0_spa/readout,123,0,512,0.02101006610729546,5.065815389602546e-06,28.14185569813136,0.0006385452936552016,4.103528536581145e-05,0.0004242758513740642
blk0_spa/state,124,0,8192,0.10660502496428967,1.3408386699846416e-05,1.296001782565783,0.0007572742511786079,1.3013308711461141e-05,0.003216514132044318
blk0_spa/c_readout,124,0,512,0.020355033529131115,4.8489018203619225e-06,0.7235075845233943,0.0007596284414210092,3.975592486158421e-05,0.0025888098434386983
blk0_spa/d_path,124,0,512,7.949929763384489e-07,4.158814622974192e-15,21.090112807789595,1.3189126235602089e-08,1.552720656911033e-09,1.404252901217834e-08
blk0_spa/readout,124,0,512,0.020355020580319662,4.8489009649256986e-06,28.10575340076351,0.0007596152522947319,3.975589957093684e-05,0.00041535939797216593
blk0_spa/state,125,0,8192,0.10725993180840042,1.3560684264740193e-05,1.308917867282045,0.0007617945591806494,1.309325339458013e-05,0.0032187304172641472
blk0_spa/c_readout,125,0,512,0.0210987638592787,5.048061789222123e-06,0.7687334425664409,0.0006036721008124656,4.120852316265371e-05,0.0025625623653341622
blk0_spa/d_path,125,0,512,8.087997862560314e-07,4.308253935564435e-15,22.009976547906323,1.1637464325531255e-08,1.5796870825313114e-09,1.399074550697605e-08
blk0_spa/readout,125,0,512,0.021098754400253272,5.0480679039257445e-06,29.42709543619153,0.0006036658941648287,4.120850468799467e-05,0.0004141797820335997
blk0_spa/state,126,0,8192,0.10747212717144417,1.3723696722527963e-05,1.3026925554799944,0.0007699383606653148,1.311915614885793e-05,0.0032457464473436663
blk0_spa/c_readout,126,0,512,0.019845508186617913,4.425056203986046e-06,0.70845048061507,0.0005923673991405677,3.876075817698811e-05,0.0024992209110026205
blk0_spa/d_path,126,0,512,8.111996265824928e-07,4.429986801918512e-15,22.016593361592225,1.3964957190637506e-08,1.5843742706689312e-09,1.4184895985280065e-08
blk0_spa/readout,126,0,512,0.01984550980626828,4.425068491861223e-06,28.88744839684208,0.0005923611924929517,3.876076134036773e-05,0.00039138610858325206
blk0_spa/state,127,0,8192,0.10807461154257332,1.388171164156477e-05,1.301551422837274,0.0007754466831348811,1.3192701604318032e-05,0.0032658094677435116
blk0_spa/c_readout,127,0,512,0.020749400080536027,5.0070871205996355e-06,0.7250929274608344,0.000688593256682031,4.052617203229693e-05,0.0026278207610668366
blk0_spa/d_path,127,0,512,8.422626756043883e-07,4.575986811322465e-15,22.27985838691591,1.512870362319063e-08,1.6450442882898209e-09,1.4331319196389145e-08
blk0_spa/readout,127,0,512,0.020749393826992237,5.007099365717375e-06,29.41088752391959,0.0006885886016962939,4.052615981834421e-05,0.00041260932599310234
blk0_spa/state,128,0,8192,0.1088425620054127,1.404248545417737e-05,1.3111441369505419,0.0007803497793701583,1.3286445557301355e-05,0.003272628986427009
blk0_spa/c_readout,128,0,512,0.020782898108870854,4.804791927056964e-06,0.7682286854955781,0.0005878516021327086,4.059159786888839e-05,0.0025008752743106706
blk0_spa/d_path,128,0,512,8.149915284860754e-07,4.368888578803212e-15,22.523926059253824,1.4352872668155214e-08,1.591780329074366e-09,1.3927187996089303e-08
blk0_spa/readout,128,0,512,0.020782882199976815,4.804802114436818e-06,29.769235810080943,0.0005878446196541098,4.059156679682972e-05,0.0004017481724724029
blk0_spa/state,129,0,8192,0.10910762351417423,1.4153699353144084e-05,1.3161357151912372,0.0007843087848558167,1.3318801698507597e-05,0.0032793264045420955
blk0_spa/c_readout,129,0,512,0.01943539948998185,4.442907980544331e-06,0.6769245777967674,0.0006586144434099078,3.79597646288708e-05,0.0025619079290897778
blk0_spa/d_path,129,0,512,8.582784616351091e-07,4.656451275108732e-15,23.971763586573534,1.3964957190637506e-08,1.6763251203810725e-09,1.3937264382559596e-08
blk0_spa/readout,129,0,512,0.019435378396398043,4.442915982419198e-06,30.89266309720058,0.0006586097884241915,3.795972343046493e-05,0.00037923322229238847
blk0_spa/state,130,0,8192,0.10945769673928782,1.4274591757741162e-05,1.3081444999229102,0.0007897498006453132,1.3361535246495095e-05,0.0033033454177717058
blk0_spa/c_readout,130,0,512,0.018833275505713874,3.966921625837085e-06,0.6499798037785078,0.0006190824891656801,3.678374122209741e-05,0.0024704546097756284
blk0_spa/d_path,130,0,512,8.438546945654934e-07,4.8273190385461766e-15,24.475005774344602,1.3964957190637506e-08,1.6481537003232294e-09,1.4044025188645184e-08
blk0_spa/readout,130,0,512,0.01883329837273612,3.966935384898802e-06,31.106180684127473,0.0006190910233061508,3.678378588425024e-05,0.0003571118142680278
blk0_spa/state,131,0,8192,0.10954639140856266,1.4397975169966138e-05,1.2912228939052144,0.000794883111770929,1.337236223249056e-05,0.0033392589703261934
blk0_spa/c_readout,131,0,512,0.01793922879273118,3.660068570690878e-06,0.5697935299575423,0.0005301801367645631,3.503755623580309e-05,0.002534462409154343
blk0_spa/d_path,131,0,512,8.261134674114601e-07,4.714750143864408e-15,23.080928017210265,1.4740788145672923e-08,1.613502866038008e-09,1.4292319229922513e-08
blk0_spa/readout,131,0,512,0.0179392247219852,3.66007586412888e-06,29.118523709252912,0.0005301878950740857,3.5037548285127346e-05,0.00035453602184416756
blk0_spa/state,132,0,8192,0.1098964328435725,1.452212916029064e-05,1.3173822567493345,0.0007997667452189772,1.341509189985016e-05,0.0033201617550456574
blk0_spa/c_readout,132,0,512,0.01953452307612135,4.2966182205841005e-06,0.6950845612109443,0.0006655612738218943,3.815336538304951e-05,0.0024862486581557026
blk0_spa/d_path,132,0,512,8.203067345391446e-07,4.704968275030697e-15,23.894543956924444,1.5904534578226048e-08,1.6021615908967668e-09,1.4032303735481752e-08
blk0_spa/readout,132,0,512,0.019534532598776078,4.296621174257712e-06,30.9744364422145,0.0006655453692874236,3.8153383981984527e-05,0.0003724447231127594
blk0_spa/state,133,0,8192,0.1101036458924306,1.4629444599991322e-05,1.3106897929579229,0.0008031002351794464,1.3440386461478345e-05,0.0033409037243463456
blk0_spa/c_readout,133,0,512,0.018010531864348558,3.835585835932327e-06,0.5805423552644287,0.0006662123040516374,3.517682004755578e-05,0.0025703892595396525
blk0_spa/d_path,133,0,512,8.024349913426931e-07,4.360699700807535e-15,22.1407325492582,1.3577041713119797e-08,1.5672558424661975e-09,1.4034020193337054e-08
blk0_spa/readout,133,0,512,0.01801056173093455,3.835590886128731e-06,28.329426999174117,0.0006661987270099035,3.5176878380731544e-05,0.00036795714780857986
blk0_spa/state,134,0,8192,0.1109587597608771,1.4782995287109082e-05,1.333625501169937,0.0008051484154001018,1.3544770478622693e-05,0.003329386954826943
blk0_spa/c_readout,134,0,512,0.021022342482883698,5.129799465369875e-06,0.7056232668323645,0.000762524730991615,4.105926266188222e-05,0.0026962722855454454
blk0_spa/d_path,134,0,512,8.263828661370098e-07,4.378877901319966e-15,22.932830794600363,1.3189126235602089e-08,1.6140290354238473e-09,1.3818235325981848e-08
blk0_spa/readout,134,0,512,0.02102229636565805,5.129798900138288e-06,30.07520505311056,0.0007625130935272617,4.1059172589175876e-05,0.00041299602485442234
blk0_spa/state,135,0,8192,0.11152636264545607,1.4926753022507645e-05,1.3481106184779308,0.000807168729611063,1.3614057940119149e-05,0.0033275141334910413
blk0_spa/c_readout,135,0,512,0.01899499706315662,4.340652605127657e-06,0.6050463254271019,0.0007665668114442484,3.709960363897777e-05,0.0026784478861432174
blk0_spa/d_path,135,0,512,7.888699489200235e-07,3.993442766534096e-15,21.909778506481704,1.1637464325531255e-08,1.5407616189844209e-09,1.3500651872670892e-08
blk0_spa/readout,135,0,512,0.018994973858395943,4.340651087890922e-06,28.416730735567498,0.0007665551739799437,3.7099558317179576e-05,0.00039083224088814556
blk0_spa/state,136,0,8192,0.11215639490816419,1.5078815127013656e-05,1.327858681926197,0.0008082424343036632,1.3690966175313011e-05,0.003369827573483935
blk0_spa/c_readout,136,0,512,0.019304421498220557,4.4945214587971745e-06,0.5915177527824937,0.0007552152632153628,3.7703948238712026e-05,0.002756498988693568
blk0_spa/d_path,136,0,512,7.943462083659369e-07,4.061666783164544e-15,20.86917847907317,1.1249548848013546e-08,1.5514574382147206e-09,1.3950811445916614e-08
blk0_spa/readout,136,0,512,0.01930441825092855,4.4945251916561705e-06,27.070335308194544,0.0007552040136664662,3.770394189634482e-05,0.0004074694863926416
blk0_spa/state,137,0,8192,0.11216909999135832,1.5181225236620268e-05,1.297594004396119,0.0008102121738653781,1.3692517088788858e-05,0.003420455910573059
blk0_spa/c_readout,137,0,512,0.02107257877485163,5.30129151767232e-06,0.6550299679908618,0.0008040848791292313,4.115738041963209e-05,0.0028448558048735275
blk0_spa/d_path,137,0,512,7.977105642709148e-07,4.233698770598609e-15,20.651114219026482,1.2025379803048963e-08,1.5580284458416305e-09,1.4318193685041896e-08
blk0_spa/readout,137,0,512,0.02107252636081925,5.301288807066818e-06,27.175617050807713,0.000804073241664871,4.11572780484751e-05,0.0004416731771662705
blk0_spa/state,138,0,8192,0.11259262751549487,1.531589290299269e-05,1.3040084906232918,0.0008123519159121892,1.3744217226012557e-05,0.003427132936964215
blk0_spa/c_readout,138,0,512,0.022444455974950834,5.86821031953385e-06,0.7763582229490433,0.0007059884364677103,4.383682807607585e-05,0.002749297624020364
blk0_spa/d_path,138,0,512,8.129810566970264e-07,4.138805424211608e-15,21.217139333787017,1.1637464325531255e-08,1.5878536263613796e-09,1.3966709192396773e-08
blk0_spa/readout,138,0,512,0.02244437673948805,5.868204562564735e-06,28.470727765996685,0.000705976799003416,4.3836673319312596e-05,0.00045399737105945924
blk0_spa/state,139,0,8192,0.11310342487046744,1.5471223158521997e-05,1.3355055986301028,0.0008222742812975803,1.3806570418758233e-05,0.0034036074747194915
blk0_spa/c_readout,139,0,512,0.022471230423820175,5.908437757228379e-06,0.7768038695468016,0.0006472481337493827,4.388912192152378e-05,0.002757913509755194
blk0_spa/d_path,139,0,512,8.368438582095905e-07,4.342625535509833e-15,22.348948801643118,1.512870362319063e-08,1.6344606605656065e-09,1.393951426318956e-08
blk0_spa/readout,139,0,512,0.0224711642745991,5.908431187976622e-06,29.8940922346057,0.0006472403754398393,4.3888992723826365e-05,0.00044457333011502573
blk0_spa/state,140,0,8192,0.11353344909214837,1.562146704858148e-05,1.3235781911257491,0.0008322086610746543,1.3859063609881392e-05,0.0034354695791171145
blk0_spa/c_readout,140,0,512,0.021582345830192542,5.495786757874095e-06,0.7081580130198445,0.0007503550192036537,4.215301919959481e-05,0.002785799459650601
blk0_spa/d_path,140,0,512,8.04417105371158e-07,4.352437194663392e-15,22.165429766151345,1.6292450055743757e-08,1.5711271589280429e-09,1.4012905020439281e-08
blk0_spa/readout,140,0,512,0.021582303803351913,5.495787065006501e-06,29.05154384228448,0.0007503484246405567,4.2152937115921706e-05,0.0004349409919302983
blk0_spa/state,141,0,8192,0.11364446856618826,1.5764829068113915e-05,1.3004963372041056,0.0008367881565544133,1.3872615791771028e-05,0.0034816897298511956
blk0_spa/c_readout,141,0,512,0.02218204490905205,5.8706314751145046e-06,0.7095413948673689,0.0007326746857029207,4.3324306462992286e-05,0.0028764282184981158
blk0_spa/d_path,141,0,512,7.940164614694822e-07,4.1982382287367376e-15,20.98632262312188,1.4352872668155214e-08,1.5508134013075825e-09,1.414377591313869e-08
blk0_spa/readout,141,0,512,0.0221820467032083,5.870641158837432e-06,27.95185249766258,0.0007326688669707648,4.332430996720371e-05,0.0004582869278196877
blk0_spa/state,142,0,8192,0.11427258322235723,1.5913038109037832e-05,1.2971974241122124,0.0008392520159102093,1.3949289944135404e-05,0.0035024626493359466
blk0_spa/c_readout,142,0,512,0.021856985628782327,5.678223068424934e-06,0.6981603324188044,0.0007261558063973647,4.268942505621548e-05,0.0028518628771542227
blk0_spa/d_path,142,0,512,7.94360387246229e-07,4.161145692890035e-15,21.12799218001885,1.2413295280566672e-08,1.551485131340291e-09,1.4033866703958022e-08
blk0_spa/readout,142,0,512,0.021856992939554388,5.678236183566606e-06,28.12681094276754,0.0007261433931020633,4.2689439335067164e-05,0.00044931040854376356
blk0_spa/state,143,0,8192,0.11495253678260188,1.6076192192706547e-05,1.307067822252517,0.0008435384148779562,1.4032292087719956e-05,0.0035070546475744584
blk0_spa/c_readout,143,0,512,0.0229524975447626,6.412365998087047e-06,0.7511758726464173,0.0008181615698703917,4.482909676711445e-05,0.0029217182694574718
blk0_spa/d_path,143,0,512,8.186998101678e-07,4.3617251705710375e-15,21.591120719170366,1.551661910070834e-08,1.5990230667339844e-09,1.4213189812567031e-08
blk0_spa/readout,143,0,512,0.022952479137503166,6.412371145299894e-06,29.029400963240796,0.0008181460532512563,4.482906081543587e-05,0.00046999180839921346
blk0_spa/state,144,0,8192,0.11519339109049404,1.6177503161566605e-05,1.2986024593474716,0.0008472111478911235,1.4061693248351323e-05,0.0035295361647422266
blk0_spa/c_readout,144,0,512,0.02262564720635777,6.008349924091562e-06,0.7470372064863299,0.0006639072853546583,4.419071719991752e-05,0.0028360017379868443
blk0_spa/d_path,144,0,512,7.83859038122614e-07,4.043975276201542e-15,20.501006103380536,1.3189126235602089e-08,1.5309746838332305e-09,1.4044835549157368e-08
blk0_spa/readout,144,0,512,0.022625630538718553,6.008355305580694e-06,27.52466487440494,0.0006638940962284678,4.4190684645934674e-05,0.000467215006512689
blk0_spa/state,145,0,8192,0.1153143940306939,1.6350199324894773e-05,1.3214258888242736,0.000854650904323441,1.407646411507494e-05,0.0035175487106652555
blk0_spa/c_readout,145,0,512,0.02243862348464218,6.0040466358139626e-06,0.7465383076316551,0.000708901741526595,4.3825436493441755e-05,0.0028359330865886136
blk0_spa/d_path,145,0,512,8.690259374333209e-07,4.860089120767351e-15,24.491573691047037,1.551661910070834e-08,1.6973162840494549e-09,1.408684613108439e-08
blk0_spa/readout,145,0,512,0.022438611757018927,6.004055851293796e-06,31.95451029208364,0.0007088959227944391,4.382541358792759e-05,0.00043346723807463367
blk0_spa/state,146,0,8192,0.1157246532135538,1.6490707863573956e-05,1.3258561101126687,0.0008608044262471554,1.4126544581732641e-05,0.0035267238261675695
blk0_spa/c_readout,146,0,512,0.019386788601592212,4.439201825606373e-06,0.6309962026685803,0.0006770062387242148,3.786482148748479e-05,0.002652400324478631
blk0_spa/d_path,146,0,512,8.341135444567271e-07,4.600635155082926e-15,23.572913057850126,1.551661910070834e-08,1.6291280165170452e-09,1.3970188613914305e-08
blk0_spa/readout,146,0,512,0.019386798968792304,4.439217841414134e-06,30.17182731077729,0.0006770004199920798,3.786484173592247e-05,0.0003835768796950236
blk0_spa/state,147,0,8192,0.11582122881813575,1.6614510955704925e-05,1.2970022125027925,0.0008653338941650782,1.4138333595963837e-05,0.003579096621255368
blk0_spa/c_readout,147,0,512,0.0203848051211914,5.017918917053265e-06,0.6129161130861114,0.0006655209562977382,3.981407250232695e-05,0.0028612862004076967
blk0_spa/d_path,147,0,512,7.879843195723879e-07,4.394030876409958e-15,21.319502915405764,1.5904534578226048e-08,1.5390318741648201e-09,1.4356316192113054e-08
blk0_spa/readout,147,0,512,0.020384817915863426,5.017917051404584e-06,27.6114698272945,0.0006655050517632155,3.9814097491920754e-05,0.00042630161315852
blk0_spa/state,148,0,8192,0.11578070701587362,1.6693981555695644e-05,1.2850309798737862,0.0008683209481125179,1.4133387086898635e-05,0.003604318539527603
blk0_spa/c_readout,148,0,512,0.021507960124399206,5.694124488143338e-06,0.6769233944529768,0.000887177161342359,4.20077346179672e-05,0.0029003053056964674
blk0_spa/d_path,148,0,512,8.026080440259875e-07,4.2771991944849514e-15,21.24898614105834,1.2413295280566672e-08,1.5675938359882569e-09,1.4187655402556826e-08
blk0_spa/readout,148,0,512,0.021507925510489696,5.69412010834132e-06,28.03535123224044,0.0008871647480470646,4.200766701267519e-05,0.00045067172469055543
blk0_spa/state,149,0,8192,0.11669149223286007,1.6835306809834087e-05,1.312247057719191,0.0008705538489081482,1.4244566922956552e-05,0.003581811396025985
blk0_spa/c_readout,149,0,512,0.022184372442695877,5.78875302494606e-06,0.7307783294710124,0.0007726382128894413,4.3328852427140385e-05,0.0028144898081542695
blk0_spa/d_path,149,0,512,7.97448079126184e-07,4.2616990683102544e-15,22.855061254752364,1.3577041713119797e-08,1.557515779543328e-09,1.3655266959874858e-08
blk0_spa/readout,149,0,512,0.022184330432213652,5.788749447844561e-06,30.095080538582632,0.0007726265754250949,4.332877037541729e-05,0.00043857575667876145
blk0_spa/state,150,0,8192,0.11708151745454551,1.6971818739524844e-05,1.3532620888159017,0.0008733671748036229,1.4292177423650575e-05,0.0035413857443070506
blk0_spa/c_readout,150,0,512,0.02110752715444595,5.410166608818325e-06,0.6077920997658911,0.000691104169376823,4.1225638973527246e-05,0.002983512037766993
blk0_spa/d_path,150,0,512,8.381792042655434e-07,4.4972219263172184e-15,23.40902121759217,1.3577041713119797e-08,1.6370687583311394e-09,1.3860552177462727e-08
blk0_spa/readout,150,0,512,0.021107471393869398,5.410168265470499e-06,30.104102465748465,0.0006910987385601586,4.122553006615117e-05,0.00042392843177508206
blk0_spa/state,151,0,8192,0.11752856254646649,1.7110983709856886e-05,1.3372097368831084,0.000875841033891718,1.434674835772296e-05,0.003577154711966913
blk0_spa/c_readout,151,0,512,0.021865553819619552,5.9059314496559615e-06,0.6291202309867151,0.0008149612431274031,4.270615980394444e-05,0.0030639196735497954
blk0_spa/d_path,151,0,512,7.954532392773217e-07,4.2326577626057204e-15,21.597204841432816,1.4352872668155214e-08,1.553619607963519e-09,1.3999347806638287e-08
blk0_spa/readout,151,0,512,0.02186553914827293,5.905927268225904e-06,28.212515127567432,0.0008149468902547419,4.2706131148970563e-05,0.0004575337598363182
blk0_spa/state,152,0,8192,0.11801159875016703,1.7247339529763445e-05,1.3114511205336907,0.000878096258557011,1.44057127380575e-05,0.0036264776246462994
blk0_spa/c_readout,152,0,512,0.022053584669425783,6.008629862298131e-06,0.6289380659660936,0.0008387348860511498,4.307340755747223e-05,0.0030908916798831976
blk0_spa/d_path,152,0,512,7.900664122928447e-07,4.119958452543583e-15,20.64157567209264,1.280121075808438e-08,1.5430984615094623e-09,1.4127814866726352e-08
blk0_spa/readout,152,0,512,0.02205355300359828,6.008621393476419e-06,27.064797663780553,0.0008387220848403709,4.3073345710152893e-05,0.0004711780251095751
blk0_spa/state,153,0,8192,0.11812199544737567,1.733741690155608e-05,1.3119789629123337,0.0008778111766553701,1.4419188897384726e-05,0.003635203774073146
blk0_spa/c_readout,153,0,512,0.02422914721394621,7.361362348050038e-06,0.7527207634398521,0.0009817615522705464,4.732255315223869e-05,0.0031272467493285933
blk0_spa/d_path,153,0,512,8.098933648170714e-07,4.230536555439705e-15,20.846577972657332,1.0861633370495838e-08,1.5818229781583426e-09,1.4245586653879123e-08
blk0_spa/readout,153,0,512,0.02422910304684447,7.361357925139087e-06,28.153192275607246,0.0009817526302146051,4.732246688836811e-05,0.0005113463309220584
blk0_spa/state,154,0,8192,0.1185014523784659,1.7454502918917234e-05,1.3215864009005123,0.0008790929477321546,1.4465509323543201e-05,0.003634176050642138
blk0_spa/c_readout,154,0,512,0.02329863165551648,6.4920942030940515e-06,0.7513449825643052,0.0007348812450286707,4.550513995218063e-05,0.0029394949012894406
blk0_spa/d_path,154,0,512,7.922350313549487e-07,4.021930145137518e-15,20.457798877584352,1.1249548848013546e-08,1.547334045615134e-09,1.4021284752000024e-08
blk0_spa/readout,154,0,512,0.023298583853206725,6.4920966012806465e-06,27.685157557242114,0.0007348754262965218,4.5505046588294385e-05,0.00048424928371087615
blk0_spa/state,155,0,8192,0.11865459725609925,1.7587768199963446e-05,1.3534199098580673,0.0008843936684738984,1.4484203766613678e-05,0.003604865670495205
blk0_spa/c_readout,155,0,512,0.023823399961873326,6.790158886123472e-06,0.7920133266811515,0.0007388943815421628,4.653007805053384e-05,0.002928017875214272
blk0_spa/d_path,155,0,512,8.153496331431143e-07,4.356920205233643e-15,22.540459619548255,1.3577041713119797e-08,1.592479752232645e-09,1.3902996689233738e-08
blk0_spa/readout,155,0,512,0.023823309158387557,6.790144280746164e-06,30.18323855306721,0.0007388808045004636,4.65299006999757e-05,0.00047430377711337655
blk0_spa/state,156,0,8192,0.11890466283555229,1.7772101411688836e-05,1.3508482802948236,0.0008928535583650199,1.4514729350043004e-05,0.0036271549121633527
blk0_spa/c_readout,156,0,512,0.02228134173325186,5.998463507567569e-06,0.682628516368423,0.00070411359382027,4.351824557275754e-05,0.002964338518165789
blk0_spa/d_path,156,0,512,8.032675378188969e-07,4.545529226700421e-15,23.133708278377455,1.6292450055743757e-08,1.568881909802533e-09,1.401746885740621e-08
blk0_spa/readout,156,0,512,0.02228123818527094,5.998456922498742e-06,30.107512223858475,0.0007041077750881142,4.35180433306073e-05,0.00044635698612896827
blk0_spa/state,157,0,8192,0.11945822654448926,1.7933464094201667e-05,1.3249283874946376,0.0008966447379577178,1.4582303044981599e-05,0.003679051703046836
blk0_spa/c_readout,157,0,512,0.023085019033935013,6.552326058264331e-06,0.694679393314407,0.0008017264107602895,4.508792780065432e-05,0.0030711819184102607
blk0_spa/d_path,157,0,512,8.050369686429804e-07,4.298212248332875e-15,21.119845656926774,1.512870362319063e-08,1.572337829380821e-09,1.4265879741101614e-08
blk0_spa/readout,157,0,512,0.023084980499060284,6.552323922612578e-06,28.008173807532106,0.000801720592028099,4.508785253722712e-05,0.00048367682965653943
blk0_spa/state,158,0,8192,0.11972330784008388,1.8071142374576677e-05,1.328175496075214,0.0009000634888369635,1.4614661601572739e-05,0.003688629812292355
blk0_spa/c_readout,158,0,512,0.0243662412443826,7.527666411700247e-06,0.7518556505048725,0.0009276068010245428,4.759031493043477e-05,0.0031641928770845696
blk0_spa/d_path,158,0,512,8.155539497067821e-07,4.3654970297811915e-15,21.607877699952255,1.4740788145672923e-08,1.5928788080210587e-09,1.4213819366262338e-08
blk0_spa/readout,158,0,512,0.02436621342644623,7.527656136584014e-06,29.026934313755227,0.0009275920602364041,4.759026059852779e-05,0.000509247963686177
blk0_spa/state,159,0,8192,0.12011956759053913,1.820343243393045e-05,1.3369120807251158,0.0009024062657101636,1.4663033153141983e-05,0.003689990254961379
blk0_spa/c_readout,159,0,512,0.02441200065967038,7.340816349135417e-06,0.7666988018492595,0.0008306097014094127,4.767968878841871e-05,0.0030942812612885745
blk0_spa/d_path,159,0,512,8.02967601742921e-07,4.2306286009679435e-15,21.23808982354295,1.3189126235602089e-08,1.5682960971541426e-09,1.411382485990179e-08
blk0_spa/readout,159,0,512,0.024412001344615745,7.3408274280823435e-06,28.795611024670343,0.0008305965122832326,4.7679690126202627e-05,0.0005049046356539088
blk0_spa/state,160,0,8192,0.12047218849667715,1.8311664345327216e-05,1.3420820684248382,0.0009059443759182328,1.4706077697348285e-05,0.003693808468597633
blk0_spa/c_readout,160,0,512,0.023290533965083984,6.671121821030512e-06,0.7398992577783292,0.0007998300046907492,4.5489324150554656e-05,0.003002708268264788
blk0_spa/d_path,160,0,512,7.99749393820548e-07,4.142272504267434e-15,21.080350797733885,1.2025379803048963e-08,1.5620105348057578e-09,1.4017817972865927e-08
blk0_spa/readout,160,0,512,0.023290559995778178,6.671128687302613e-06,28.289001206206702,0.0007998249617895414,4.548937499175425e-05,0.0004856136123900585
blk0_spa/state,161,0,8192,0.12061974340798191,1.846372817484967e-05,1.3382791594710985,0.0009125368522666516,1.4724089771482167e-05,0.0037143800789115893
blk0_spa/c_readout,161,0,512,0.022709749751167626,6.207740998841599e-06,0.693854706846453,0.0006821140240193327,4.435497998274927e-05,0.0029911109661992135
blk0_spa/d_path,161,0,512,8.496465220275695e-07,4.852149880351653e-15,23.932148288097768,1.4352872668155214e-08,1.6594658633350967e-09,1.4238894138275409e-08
blk0_spa/readout,161,0,512,0.022709749502861466,6.207750768340358e-06,31.026798834254777,0.0006821229460752809,4.43549794977763e-05,0.000447299745653248
blk0_spa/state,162,0,8192,0.12091085555726734,1.8600028759888454e-05,1.3418722369889156,0.0009173597512078108,1.4759625922517986e-05,0.003723070191471482
blk0_spa/c_readout,162,0,512,0.020295052153148356,5.009714078056908e-06,0.6185088939410641,0.0007643111812724729,3.963877373661788e-05,0.0028459908234884225
blk0_spa/d_path,162,0,512,8.292720536928755e-07,4.465022493274622e-15,22.9354259459915,1.551661910070834e-08,1.6196719798688974e-09,1.3952705269790988e-08
blk0_spa/readout,162,0,512,0.020295089748958824,5.009727063324499e-06,29.368814545146453,0.0007643041987938637,3.9638847165935204e-05,0.00041301309760665095
blk0_spa/state,163,0,8192,0.12127206454698007,1.8709660841235612e-05,1.3501258235983564,0.0009205935964092804,1.4803718816770028e-05,0.0037225953922544824
blk0_spa/c_readout,163,0,512,0.023539796007215515,6.93392099384193e-06,0.7432466331367465,0.0008652660395030362,4.59761640765928e-05,0.0030543793099162375
blk0_spa/d_path,163,0,512,8.13138477440134e-07,4.387149603742807e-15,22.22618455519852,1.4740788145672923e-08,1.5881610887502617e-09,1.4049431916098544e-08
blk0_spa/readout,163,0,512,0.023539798703359472,6.933919023154187e-06,29.63312862505755,0.000865251298714842,4.597616934249897e-05,0.0004837273350182831
blk0_spa/state,164,0,8192,0.12136732939201163,1.8821721153558393e-05,1.340719178060206,0.0009251328221492536,1.4815347826173294e-05,0.0037468021144406016
blk0_spa/c_readout,164,0,512,0.023904338826376527,7.240708755861001e-06,0.722631840451109,0.0009311920805705198,4.6688161770266654e-05,0.003165424743613461
blk0_spa/d_path,164,0,512,8.065737251428118e-07,4.194744837709615e-15,21.02480353024444,1.3964957190637506e-08,1.5753393069195543e-09,1.4124946158510674e-08
blk0_spa/readout,164,0,512,0.02390430286221516,7.240697231497868e-06,28.13786607401029,0.0009311781156133847,4.668809152776398e-05,0.000507276349449694
blk0_spa/state,165,0,8192,0.1219210135340914,1.897021551346694e-05,1.3608916916131304,0.0009305248688476903,1.4882936222423267e-05,0.003733570453955777
blk0_spa/c_readout,165,0,512,0.022549922454838,6.132077888518201e-06,0.6961763995626242,0.0007242211076857047,4.404281729460547e-05,0.0029678652787224835
blk0_spa/d_path,165,0,512,8.231519323942393e-07,4.290287791011459e-15,22.45997457016916,1.512870362319063e-08,1.6077186179574987e-09,1.3820971857003543e-08
blk0_spa/readout,165,0,512,0.02254992117112173,6.132076232274503e-06,29.546975799808997,0.0007242059789820399,4.4042814787347126e-05,0.00045556175189288796
blk0_spa/state,166,0,8192,0.12224716710611559,1.911670727601505e-05,1.3585825732734171,0.0009344642664769337,1.4922749890883251e-05,0.0037511421773664872
blk0_spa/c_readout,166,0,512,0.02209013434037935,6.350118156940654e-06,0.6351624732977584,0.0008409958797564315,4.314479363355342e-05,0.0031619025991020387
blk0_spa/d_path,166,0,512,7.868616567208164e-07,4.263503841331707e-15,21.742758555224928,1.4352872668155214e-08,1.5368391732828446e-09,1.4003158601025787e-08
blk0_spa/readout,166,0,512,0.02209013860163732,6.350118703867071e-06,28.462177431797045,0.0008409904489397602,4.314480195632289e-05,0.00047234232285277164
blk0_spa/state,167,0,8192,0.12224778465098539,1.9230858198821795e-05,1.3311387923138283,0.0009353268209151902,1.492282527477849e-05,0.003800910669982599
blk0_spa/c_readout,167,0,512,0.023222949046906388,7.293300408610586e-06,0.6408024314662745,0.0010123897842558918,4.535732235723904e-05,0.00337364961999654
blk0_spa/d_path,167,0,512,7.913457693575765e-07,4.318065586443869e-15,21.105357304817275,1.2413295280566672e-08,1.5455972057765166e-09,1.4303695715813113e-08
blk0_spa/readout,167,0,512,0.023222945437150273,7.293297720883398e-06,27.742824452178983,0.0010123773709606043,4.5357315306934126e-05,0.0005127275270703277
blk0_spa/state,168,0,8192,0.12233037756520833,1.9317389990712638e-05,1.3320220559523093,0.0009355106243469427,1.493290741762797e-05,0.003808189189277083
blk0_spa/c_readout,168,0,512,0.025125172338506918,8.030888514230924e-06,0.7691392108380017,0.0010416708134530356,4.9072602223646324e-05,0.003231315191278784
blk0_spa/d_path,168,0,512,7.9385758766648e-07,4.072940074607223e-15,20.97087187349597,1.2025379803048963e-08,1.5505031009110937e-09,1.3936244810636115e-08
blk0_spa/readout,168,0,512,0.025125136617565852,8.0308856739284e-06,28.3961478345857,0.0010416595639042292,4.9072532456183305e-05,0.0005318044994499812
blk0_spa/state,169,0,8192,0.1222402844312315,1.9398086651785732e-05,1.3473882831873525,0.0009370280618545904,1.4921909720609314e-05,0.0037943122179656223
blk0_spa/c_readout,169,0,512,0.024366766973099887,8.038741520786697e-06,0.7417218199679405,0.0011406915542176918,4.7591341744335717e-05,0.0032921036829378094
blk0_spa/d_path,169,0,512,8.100649644404712e-07,4.119046034514192e-15,20.978193368316195,1.1249548848013546e-08,1.5821581336727952e-09,1.4012456607186451e-08
blk0_spa/readout,169,0,512,0.024366783950495602,8.038746192679303e-06,28.355621929717447,0.0011406803046688507,4.759137490331172e-05,0.0005324447753531079
blk0_spa/state,170,0,8192,0.12269242615123604,1.9562787401283986e-05,1.34612160827347,0.0009437266139484118,1.4977102801664556e-05,0.0038121784305662444
blk0_spa/c_readout,170,0,512,0.025296562168824407,8.120027780325282e-06,0.7961328188462524,0.0008917942412434363,4.940734798598517e-05,0.0031936402561086124
blk0_spa/d_path,170,0,512,7.963432278046412e-07,4.215813033131886e-15,21.22544045590154,1.3577041713119797e-08,1.5553578668059398e-09,1.409328762772274e-08
blk0_spa/readout,170,0,512,0.02529651692304933,8.120020886852993e-06,28.791631014004615,0.0008917884225112527,4.940725961533072e-05,0.0005310622598956969
blk0_spa/state,171,0,8192,0.12328935084416012,1.9730372501146372e-05,1.379402097351152,0.0009483898158128001,1.5049969585468765e-05,0.00378200589392176
blk0_spa/c_readout,171,0,512,0.02433286454164795,7.214295889808301e-06,0.7861204357008988,0.0007786032647089589,4.7525126057906155e-05,0.0030293707810934898
blk0_spa/d_path,171,0,512,8.227200272159507e-07,4.485173754133686e-15,23.358234676070584,1.551661910070834e-08,1.6068750531561538e-09,1.385701309449359e-08
blk0_spa/readout,171,0,512,0.024332800244751165,7.214287969366876e-06,31.045994633426044,0.0007785962822303705,4.752500047802962e-05,0.0004820520653017357
blk0_spa/state,172,0,8192,0.12373859748026145,1.98573551166038e-05,1.3710163557372288,0.0009520156039816638,1.5104809262727227e-05,0.003805742352607462
blk0_spa/c_readout,172,0,512,0.0246870580008379,7.919084123483475e-06,0.7415265818389618,0.0009691202147789832,4.8216910157886524e-05,0.003267940316209107
blk0_spa/d_path,172,0,512,8.01098918756793e-07,4.321803069606014e-15,21.914642204027007,1.4352872668155214e-08,1.5646463256968612e-09,1.4043174571076075e-08
blk0_spa/readout,172,0,512,0.024687013170609284,7.91906730050009e-06,29.288181121258674,0.0009691058619063497,4.821682259884626e-05,0.0005199850004710422
blk0_spa/state,173,0,8192,0.12438042101709681,2.0019422177174133e-05,1.3503009301403621,0.0009542583547747924,1.5183156862438576e-05,0.0038504411116210354
blk0_spa/c_readout,173,0,512,0.02463577277670248,7.821182534770819e-06,0.7161190041957313,0.0009400150896610726,4.811674370449703e-05,0.003304788048310101
blk0_spa/d_path,173,0,512,7.954979555080399e-07,4.272050883833533e-15,20.90117993900379,1.3577041713119797e-08,1.5537069443516405e-09,1.4296601317243292e-08
blk0_spa/readout,173,0,512,0.02463573932726577,7.821180184685745e-06,28.0167793164247,0.000940001512619304,4.811667837356596e-05,0.0005283564834562739
blk0_spa/state,174,0,8192,0.12485709484056362,2.018049348639286e-05,1.3475390031567573,0.0009596144604962498,1.5241344585029739e-05,0.0038698596890444927
blk0_spa/c_readout,174,0,512,0.025930069284325737,8.583096618541905e-06,0.7805351551738797,0.0009905177387088057,5.0644666570948704e-05,0.003316085857775135
blk0_spa/d_path,174,0,512,8.097493964243085e-07,4.402639410710945e-15,21.81427214676074,1.551661910070834e-08,1.5815417898912276e-09,1.4206470537254806e-08
blk0_spa/readout,174,0,512,0.025930037070256165,8.583090920092095e-06,29.384608037715346,0.0009905022220897397,5.064460365284407e-05,0.0005404579449013808
blk0_spa/state,175,0,8192,0.12537513037499456,2.0323246359439706e-05,1.3585738774069265,0.0009638768635120143,1.530458134460383e-05,0.0038677189739834868
blk0_spa/c_readout,175,0,512,0.024168667365749682,7.289689745001768e-06,0.7304494028870041,0.0008672476311471361,4.720442844872985e-05,0.0031590714832189374
blk0_spa/d_path,175,0,512,7.982260896710613e-07,4.327494330034944e-15,21.782837795174935,1.512870362319063e-08,1.5590353313887917e-09,1.4094868388951963e-08
blk0_spa/readout,175,0,512,0.02416868583954468,7.289705770399957e-06,29.130047615034442,0.0008672422003304647,4.72044645303607e-05,0.0005002468959556203
blk0_spa/state,176,0,8192,0.1255171553100241,2.045004492854693e-05,1.3721925562375539,0.0009697784947584887,1.5321918372805677e-05,0.003860464860692192
blk0_spa/c_readout,176,0,512,0.025831909485840767,8.27210582274141e-06,0.8487747276436021,0.0008218672956726222,5.045294821453275e-05,0.0031218484816624595
blk0_spa/d_path,176,0,512,8.240724582719849e-07,4.434331838213125e-15,22.43058534700068,1.3577041713119797e-08,1.6095165200624706e-09,1.4060274237900739e-08
blk0_spa/readout,176,0,512,0.0258318617984152,8.272111714384588e-06,30.359510348919187,0.0008218622527714214,5.045285507502969e-05,0.0005219883545095914
blk0_spa/state,177,0,8192,0.1258395882696019,2.0608580544207935e-05,1.3854191563419125,0.00097257206488683,1.5361277864941638e-05,0.00385685619073215
blk0_spa/c_readout,177,0,512,0.02354685812881955,6.975784401300869e-06,0.7134819604409123,0.0007896969075253529,4.598995728285068e-05,0.003126835444360117
blk0_spa/d_path,177,0,512,8.676622336167839e-07,4.8064964868997626e-15,24.135569475985776,1.3577041713119797e-08,1.694652800032781e-09,1.4111901595919314e-08
blk0_spa/readout,177,0,512,0.02354686448852867,6.975794115867041e-06,31.424799827478385,0.0007896899250467437,4.598996970415756e-05,0.00047115148813345955
blk0_spa/state,178,0,8192,0.125920185020709,2.070982343238191e-05,1.374376845384627,0.0009749012314174271,1.5371116335535768e-05,0.0038818190159173424
blk0_spa/c_readout,178,0,512,0.022267293136033022,6.157115985957223e-06,0.6681241291957306,0.0007645251753806911,4.3490806906314496e-05,0.003035708657116565
blk0_spa/d_path,178,0,512,7.94302218665166e-07,4.180335384851542e-15,21.50149241615493,1.3577041713119797e-08,1.5513715208304024e-09,1.3943482645684138e-08
blk0_spa/readout,178,0,512,0.022267277917897052,6.1571178075941875e-06,28.267301498578018,0.0007645166412402205,4.349077718339268e-05,0.0004667094085738578
blk0_spa/state,179,0,8192,0.12623389128376383,2.0824527537025093e-05,1.3813958127357864,0.0009759949564778145,1.5409410557100077e-05,0.00388265239484806
blk0_spa/c_readout,179,0,512,0.02514064468245021,8.298093488051208e-06,0.7556994259077696,0.001165662163809325,4.910282164541057e-05,0.0033137108939692763
blk0_spa/d_path,179,0,512,8.187274413984369e-07,4.310398925795865e-15,22.00464868608757,1.2025379803048963e-08,1.599077033981322e-09,1.3995921993813008e-08
blk0_spa/readout,179,0,512,0.025140564149819036,8.298076279562252e-06,29.548521284680042,0.0011656501384295082,4.9102664355115305e-05,0.0005299328420700555
blk0_spa/state,180,0,8192,0.12637148953424374,2.0942189972231102e-05,1.375031375407582,0.000978991514916143,1.5426207218535612e-05,0.0039026063192532695
blk0_spa/c_readout,180,0,512,0.02388106118450655,7.271216650385227e-06,0.6877433263599138,0.0009554789812487238,4.664269762598936e-05,0.003251549351451837
blk0_spa/d_path,180,0,512,8.007698983902856e-07,4.143144196024003e-15,20.529690582150714,1.2413295280566672e-08,1.5640037077935265e-09,1.4206065813976799e-08
blk0_spa/readout,180,0,512,0.023881058291686512,7.271215669808599e-06,27.47691865144109,0.0009554665679534224,4.664269197595022e-05,0.0005144219593070142
blk0_spa/state,181,0,8192,0.1266826811485811,2.1081305165786267e-05,1.3688561685625755,0.000982269650316156,1.5464194476145155e-05,0.0039243690216545345
blk0_spa/c_readout,181,0,512,0.024224278966700184,7.566482263178807e-06,0.6842177951479929,0.0008273418298238508,4.7313044856836296e-05,0.0033254454383307725
blk0_spa/d_path,181,0,512,8.287572548226763e-07,4.448923634179274e-15,21.749925317618242,1.280121075808438e-08,1.6186665133255396e-09,1.4302059831358049e-08
blk0_spa/readout,181,0,512,0.024224303083994703,7.56648583500548e-06,28.875677059712853,0.0008273290286130441,4.7313091960927154e-05,0.000511895160415585
blk0_spa/state,182,0,8192,0.12732820668666775,2.1223127732340933e-05,1.3854125377415714,0.0009861271849999562,1.5542993980306122e-05,0.003913948772720696
blk0_spa/c_readout,182,0,512,0.024279895663132364,7.4203588737337265e-06,0.7022933682272556,0.0008095729505259303,4.74216712170554e-05,0.0032505224597539554
blk0_spa/d_path,182,0,512,7.994330992744381e-07,4.175879293724878e-15,21.281778304484792,1.4740788145672923e-08,1.5613927720203868e-09,1.4007802534091609e-08
blk0_spa/readout,182,0,512,0.024279886465138942,7.420355017178028e-06,28.52616960851883,0.0008095582097378262,4.7421653252224496e-05,0.0005100239987950809
blk0_spa/state,183,0,8192,0.12766614523861808,2.1346571403010464e-05,1.386492826447114,0.0009876144151188676,1.5584246244948496e-05,0.003923785443795026
blk0_spa/c_readout,183,0,512,0.025615998850998446,8.83192015768592e-06,0.7550304646908175,0.0011238097870772332,5.003124775585634e-05,0.003420151384847137
blk0_spa/d_path,183,0,512,7.872204879078026e-07,4.259305640895175e-15,21.70843681992266,1.3577041713119797e-08,1.537540015444927e-09,1.4007322466134138e-08
blk0_spa/readout,183,0,512,0.025615978677214133,8.83191345465331e-06,29.247462984195824,0.0011237969858665098,5.0031208353933854e-05,0.0005495197456385598
blk0_spa/state,184,0,8192,0.12806290316877444,2.146721847498498e-05,1.410238641441768,0.000989249704455436,1.5632678609469537e-05,0.0039015895814199183
blk0_spa/c_readout,184,0,512,0.025867710430177562,8.53170864684097e-06,0.7849848567910226,0.0008768659932915229,5.052287193394055e-05,0.003296760276692215
blk0_spa/d_path,184,0,512,8.389139516395971e-07,4.484771975930203e-15,22.45198270523759,1.4352872668155214e-08,1.6385038117960882e-09,1.4133275795190775e-08
blk0_spa/readout,184,0,512,0.02586768769695265,8.53170539717222e-06,30.27676151252861,0.0008768516404188409,5.052282753311064e-05,0.0005308394803596852
blk0_spa/state,185,0,8192,0.12834789261449864,2.1602597179339014e-05,1.4038477931775448,0.0009922464890587332,1.566746736016829e-05,0.003922771143724276
blk0_spa/c_readout,185,0,512,0.024893835627062356,8.766306760763906e-06,0.7208618492288584,0.0012412113844800093,4.8620772709106165e-05,0.0034872438027961396
blk0_spa/d_path,185,0,512,7.940455457600137e-07,4.381964997609788e-15,21.873652024843228,1.3189126235602089e-08,1.5508702065625268e-09,1.415382438127859e-08
blk0_spa/readout,185,0,512,0.02489382626946818,8.76630373965684e-06,29.11908404675027,0.0012411985832692096,4.862075443255504e-05,0.0005486803438822894
blk0_spa/state,186,0,8192,0.1282460646749229,2.170483948769348e-05,1.3896999758738988,0.0009949290832803812,1.5655037191763048e-05,0.003952007537709543
blk0_spa/c_readout,186,0,512,0.024895683387947832,7.92476012750903e-06,0.7221358929900197,0.0008196088074498217,4.862438161708561e-05,0.003312711359514517
blk0_spa/d_path,186,0,512,7.910429271618113e-07,4.383684340829726e-15,21.812897222043013,1.9007858398367716e-08,1.5450057171129128e-09,1.4176302130726556e-08
blk0_spa/readout,186,0,512,0.02489560881801706,7.924754849795203e-06,28.79047718922406,0.0008196018249712056,4.862423597268957e-05,0.0005246485616607185
blk0_spa/state,187,0,8192,0.12954823309102861,2.1828960153873734e-05,1.679329191091279,0.0009981654072538856,1.5813993297244704e-05,0.003605359745542658
blk0_spa/c_readout,187,0,512,0.027544024596092287,9.320358072838899e-06,0.9588015484730443,0.0009046537336931601,5.379692303924275e-05,0.003117826438137563
blk0_spa/d_path,187,0,512,9.097228925725176e-07,6.463579182241937e-15,41.34978465066472,2.1723266740991676e-08,1.7768025245556984e-09,1.2502587731670506e-08
blk0_spa/readout,187,0,512,0.027543927401633236,9.320345196887468e-06,50.07251290241334,0.000904647527045499,5.3796733206314915e-05,0.000431435924926657
blk0_spa/state,188,0,8192,0.1337537533537731,2.211909508651395e-05,3.4207468547118447,0.0010017313530931299,1.6327362469943005e-05,0.0025428644462561615
blk0_spa/c_readout,188,0,512,0.028582931983262966,9.187889412982977e-06,14.027412810237863,0.0008352156074460867,5.582603902981048e-05,0.0008093177969841069
blk0_spa/d_path,188,0,512,1.0802624608174938e-06,1.1355570339034852e-14,58.72366256794747,4.422236443701877e-08,2.1098876187841675e-09,1.390586178992284e-08
blk0_spa/readout,188,0,512,0.028582938951562352,9.187834441047633e-06,47.925283638308464,0.0008352090128829759,5.582605263977022e-05,0.0004378488713024923
blk0_spa/state,189,0,8192,0.13296487986096808,2.2099049781059625e-05,2.7011423450805174,0.001001924328647548,1.623106443615333e-05,0.0028603097366106515
blk0_spa/c_readout,189,0,512,0.025513568366392746,8.048473108491241e-06,1.1328236808599068,0.0008461229392465394,4.983118821561083e-05,0.0026654809876717886
blk0_spa/d_path,189,0,512,9.250900827595387e-07,7.204739095904729e-15,33.170005296980506,2.9869491768863554e-08,1.8068165678897241e-09,1.4737925565215223e-08
blk0_spa/readout,189,0,512,0.025513550834942438,8.048481748683671e-06,38.851383200588785,0.0008461175084298334,4.983115397449695e-05,0.0004551491532528864
blk0_spa/state,190,0,8192,0.1341490343124273,2.234578868279483e-05,2.3856956173101658,0.0010035365783616496,1.6375614540091224e-05,0.003060485507961266
blk0_spa/c_readout,190,0,512,0.028131826446907194,9.564824446093025e-06,0.8335676173835511,0.0008414427617201639,5.494497352911561e-05,0.003387412488418792
blk0_spa/d_path,190,0,512,1.0188641965669376e-06,9.927596407096661e-15,45.27012659331555,3.568822393162918e-08,1.9899691339198e-09,1.48086750060849e-08
blk0_spa/readout,190,0,512,0.028131792784060566,9.564803649978384e-06,52.315860563335704,0.0008414377188189492,5.494490778136829e-05,0.00042758389860386085
blk0_spa/state,191,0,8192,0.13408225446482894,2.2525652394465787e-05,2.359557589080364,0.001005661088839531,1.636746270322619e-05,0.0030897504078743845
blk0_spa/c_readout,191,0,512,0.024097258597245312,7.117131579221395e-06,0.7149261981434047,0.0008457375997874619,4.706495819774475e-05,0.0031551636622551135
blk0_spa/d_path,191,0,512,9.062523709246761e-07,6.167483563139047e-15,30.232498114550893,2.5214506038651052e-08,1.770024161962258e-09,1.428291932448697e-08
blk0_spa/readout,191,0,512,0.024097242545835756,7.117143817651835e-06,35.7960414463125,0.0008457329448017248,4.706492684733546e-05,0.00044589784123961134
blk0_spa/state,192,0,8192,0.13419425400389484,2.265121978766828e-05,2.181169057650035,0.001009228147348086,1.638113452195982e-05,0.003222560897023711
blk0_spa/c_readout,192,0,512,0.02665431673218787,8.807494624051819e-06,0.931440857389578,0.0008644232501716156,5.2059212367554434e-05,0.0030750242942686593
blk0_spa/d_path,192,0,512,8.283806121056614e-07,4.549204797624555e-15,23.802097033894793,1.2413295280566672e-08,1.6179308830188699e-09,1.3824840630725857e-08
blk0_spa/readout,192,0,512,0.026654219390855417,8.807491944206282e-06,32.24411941460586,0.0008644185951858785,5.205902224776449e-05,0.000522637859949997
blk0_spa/state,193,0,8192,0.13421807367456373,2.282715213780599e-05,2.0124869098463463,0.001012163758446205,1.6384042196602018e-05,0.0033679011372347795
blk0_spa/c_readout,193,0,512,0.024033970285249256,7.2459201857570385e-06,0.728730550770601,0.0007172794090344256,4.6941348213377454e-05,0.003153285432727932
blk0_spa/d_path,193,0,512,8.358524379303844e-07,4.4986336277806925e-15,23.441039943058573,1.512870362319063e-08,1.6325242928327821e-09,1.3853256491586772e-08
blk0_spa/readout,193,0,512,0.024033951847451707,7.245925429449184e-06,30.578663164296096,0.0007172860035975503,4.6941312202054116e-05,0.0004867855552408762
blk0_spa/state,194,0,8192,0.13422185847603782,2.2978673138847914e-05,1.8955513352327718,0.0010149801512923523,1.638450420850071e-05,0.0034817268651247475
blk0_spa/c_readout,194,0,512,0.025648466476447477,8.794389433240778e-06,0.874167361324919,0.0010111284910997095,5.009466108681148e-05,0.0031717982338035113
blk0_spa/d_path,194,0,512,8.251773095935278e-07,4.501456242476035e-15,22.916709672112503,1.2025379803048963e-08,1.6116744327998589e-09,1.4015235027464088e-08
blk0_spa/readout,194,0,512,0.025648364065308366,8.794389568615831e-06,30.540203949065145,0.0010111195690437613,5.00944610650554e-05,0.0005366200352094206
blk0_spa/state,195,0,8192,0.1340784827294068,2.3071562886763946e-05,1.8186237050920064,0.001016816842904826,1.6367002286304542e-05,0.0035617799402854625
blk0_spa/c_readout,195,0,512,0.02566611166573768,8.612043926417345e-06,0.7990441065315658,0.0010980878469173116,5.0129124347143904e-05,0.0032829762568197117
blk0_spa/d_path,195,0,512,8.109833107283748e-07,4.2035506531499e-15,21.583214920610033,1.3577041713119797e-08,1.583951778766357e-09,1.3955650186727732e-08
blk0_spa/readout,195,0,512,0.025666057468821824,8.612020445054795e-06,29.149399880130016,0.0010980742698756263,5.0129018493792625e-05,0.0005435477684331268
blk0_spa/state,196,0,8192,0.133845008155745,2.3166637005989665e-05,1.7581831094704212,0.0010199650219156753,1.633850197213684e-05,0.003629939988173319
blk0_spa/c_readout,196,0,512,0.026489614786389927,9.434147372899955e-06,0.830814079986581,0.0012461620769379858,5.1737528879667826e-05,0.003369763362015223
blk0_spa/d_path,196,0,512,8.142611402917055e-07,4.340316508985129e-15,21.289220061173715,1.4352872668155214e-08,1.5903537896322373e-09,1.4278442099581029e-08
blk0_spa/readout,196,0,512,0.026489593374331984,9.434137684291636e-06,29.062061014647313,0.001246147724065283,5.173748705924216e-05,0.0005697546784027248
blk0_spa/state,197,0,8192,0.13407679891374502,2.3304699614388553e-05,1.6940328607816342,0.0010225174194694528,1.6366796742400515e-05,0.0037090342138809077
blk0_spa/c_readout,197,0,512,0.025857050257442553,8.857563183893167e-06,0.7786461566078384,0.0010591560645297066,5.0502051284067486e-05,0.0033727725712909408
blk0_spa/d_path,197,0,512,8.307408219110357e-07,4.440979448516784e-15,21.55040551915386,1.4740788145672923e-08,1.6225406677949916e-09,1.4355279684766248e-08
blk0_spa/readout,197,0,512,0.02585705471865766,8.857557548934743e-06,28.928931361571312,0.0010591413237415193,5.050205999737824e-05,0.0005533383819674356
blk0_spa/state,198,0,8192,0.13424832843848047,2.339808214596768e-05,1.6604916455594632,0.0010240152843779618,1.638773540508795e-05,0.003753805646486689
blk0_spa/c_readout,198,0,512,0.026080744374690983,8.927253722634344e-06,0.8141970527602027,0.0011123232070631706,5.0938953856818325e-05,0.003311266810001453
blk0_spa/d_path,198,0,512,7.967020589916274e-07,4.1865663037428724e-15,21.610747937784346,1.3189126235602089e-08,1.5560587089680222e-09,1.3918553011678037e-08
blk0_spa/readout,198,0,512,0.026080732101005127,8.92724462298061e-06,29.345511258700384,0.0011123100179368794,5.093892988477564e-05,0.000551553795600601
blk0_spa/state,199,0,8192,0.1349773097261153,2.3556281901560922e-05,1.715174599623279,0.0010251771238674462,1.6476722378676184e-05,0.0037059469930557955
blk0_spa/c_readout,199,0,512,0.026931359066955127,9.41760024733651e-06,0.8436391726598285,0.001055271237230801,5.260031067764673e-05,0.0033411175633644885
blk0_spa/d_path,199,0,512,8.602478498431765e-07,4.793184237342443e-15,25.020802180982862,1.1637464325531255e-08,1.680171581724954e-09,1.3840808077271738e-08
blk0_spa/readout,199,0,512,0.026931297786856455,9.417595120796272e-06,33.446933121368914,0.0010552595997664893,5.2600190989954013e-05,0.0005306300695848792
blk0_spa/state,200,0,8192,0.13491394624502684,2.363590991437735e-05,1.673017158661653,0.0010287182955947133,1.6468987578738628e-05,0.003758685299851391
blk0_spa/c_readout,200,0,512,0.02414495389220947,7.606606988285865e-06,0.6646645229288337,0.0010030596004557274,4.715811307072162e-05,0.003382939568349176
blk0_spa/d_path,200,0,512,8.189019471416259e-07,4.439030787981981e-15,21.941848624216178,1.3577041713119797e-08,1.599417865510988e-09,1.4223532561475251e-08
blk0_spa/readout,200,0,512,0.024144962320559286,7.606617927368703e-06,28.73281848914945,0.001003046023414056,4.7158129532342356e-05,0.0005145252432462777
blk0_spa/state,201,0,8192,0.13511565312962315,2.3733273102763018e-05,1.615320951394469,0.0010303395334400542,1.64936100011747e-05,0.003833093431857377
blk0_spa/c_readout,201,0,512,0.0247610135630631,8.070366785313175e-06,0.6981842480425805,0.0008728083141570156,4.836135461535762e-05,0.0033998645362484613
blk0_spa/d_path,201,0,512,7.847235750091386e-07,4.21866360445608e-15,20.439082543191983,1.2025379803048963e-08,1.5326632324397238e-09,1.4366690943613523e-08
blk0_spa/readout,201,0,512,0.024760965774932506,8.070370465058286e-06,27.359845292968956,0.0008727962887772334,4.836126127916505e-05,0.0005431126482185499
blk0_spa/state,202,0,8192,0.13531508798434477,2.3864516635973793e-05,1.5982746000609642,0.001032246924762087,1.651795507621396e-05,0.003864120154949559
blk0_spa/c_readout,202,0,512,0.02571157949447358,8.654171971177576e-06,0.7652156542283763,0.0009379926992913873,5.021792870014371e-05,0.00336295330824844
blk0_spa/d_path,202,0,512,7.801656618511288e-07,4.090363877854979e-15,21.057492574935956,1.2413295280566672e-08,1.523761058302986e-09,1.3937267773436276e-08
blk0_spa/readout,202,0,512,0.02571148459697052,8.654166508087028e-06,28.375810315173897,0.0009379868805592384,5.021774335345805e-05,0.0005522535130990438
blk0_spa/state,203,0,8192,0.13582671959753329,2.3977016380406754e-05,1.6675713221500772,0.001033929608560094,1.6580410107120762e-05,0.003791886776568014
blk0_spa/c_readout,203,0,512,0.025930163865487868,8.152318327440117e-06,0.9170886443686856,0.0008262943701203562,5.064485129978099e-05,0.002981500638931029
blk0_spa/d_path,203,0,512,8.222873955077148e-07,4.32243550090804e-15,25.39375262932206,1.3189126235602089e-08,1.6060300693510055e-09,1.3046704272696236e-08
blk0_spa/readout,203,0,512,0.02593005046437862,8.152316859807909e-06,33.87162512539969,0.0008262869997263111,5.064462981323949e-05,0.0004905943118948863
blk0_spa/state,204,0,8192,0.13660991106741252,2.4095011639259772e-05,1.919765126392265,0.001035842296440069,1.6676014534596255e-05,0.003542741960005146
blk0_spa/c_readout,204,0,512,0.026668053603231535,9.045790358100095e-06,0.7205916901688226,0.0009211134695253712,5.208604219381159e-05,0.003543061040186249
blk0_spa/d_path,204,0,512,9.209328108994441e-07,5.958362176236451e-15,31.503502403815563,2.0171604830920842e-08,1.7986968962879768e-09,1.3752575233538592e-08
blk0_spa/readout,204,0,512,0.026667895118853955,9.045775615022451e-06,37.519881949091484,0.0009211068749622742,5.208573265401163e-05,0.0004910120764046443
blk0_spa/state,205,0,8192,0.13672042303530557,2.4219070298408343e-05,1.8083835338715208,0.0010375101996576638,1.668950476505195e-05,0.0036595986770638273
blk0_spa/c_readout,205,0,512,0.025482196168053514,8.479505409812591e-06,0.7035409445874403,0.0009027201591665437,4.976991439072952e-05,0.0034716870706811504
blk0_spa/d_path,205,0,512,8.464730303359147e-07,5.0269364163258025e-15,24.01584719990235,1.280121075808438e-08,1.6532676373748334e-09,1.44678081162238e-08
blk0_spa/readout,205,0,512,0.02548211447240235,8.479502840128993e-06,31.163994371640392,0.000902713564603419,4.976975482891084e-05,0.0005216252866378828
blk0_spa/state,206,0,8192,0.1368187691822534,2.4331925161327103e-05,1.738588152796599,0.0010393592629368217,1.6701509909943044e-05,0.003741018691152545
blk0_spa/c_readout,206,0,512,0.02608077932236033,8.616603387808282e-06,0.78574166790805,0.0009217759805850989,5.093902211398502e-05,0.0033115259257658547
blk0_spa/d_path,206,0,512,8.766871744114724e-07,5.5451192262942555e-15,26.34700962216015,2.094743578595626e-08,1.712279637522407e-09,1.4507406465021959e-08
blk0_spa/readout,206,0,512,0.02608067970952324,8.616598044004538e-06,34.020699742710285,0.0009217705497683859,5.093882755766258e-05,0.0005032644993216696
blk0_spa/state,207,0,8192,0.13688125606472204,2.444941869030018e-05,1.7506567358557246,0.0010398473559625268,1.670913770321314e-05,0.0037370918267210927
blk0_spa/c_readout,207,0,512,0.02522047967432295,8.144104951688857e-06,0.731621852721406,0.0008844214626937061,4.925874936391201e-05,0.0033364017968093335
blk0_spa/d_path,207,0,512,8.592004405727494e-07,4.8142297560789095e-15,24.022979739292126,1.2025379803048963e-08,1.678125860493651e-09,1.4156306887711231e-08
blk0_spa/readout,207,0,512,0.02522045412425797,8.144113863052627e-06,31.537276668933316,0.0008844156439615225,4.9258699461441344e-05,0.0005081709380481983
blk0_spa/state,208,0,8192,0.13721942784497246,2.4533849379956117e-05,1.7445026483744848,0.0010391395529295092,1.675041843810699e-05,0.0037501361117544276
blk0_spa/c_readout,208,0,512,0.027485583351362693,9.641671664442058e-06,0.933759477374209,0.0009416193919986465,5.368277998313026e-05,0.0032133546308034857
blk0_spa/d_path,208,0,512,8.280784964398435e-07,4.448758414037921e-15,23.455253320126708,1.2025379803048963e-08,1.6173408133590694e-09,1.3772073991735888e-08
blk0_spa/readout,208,0,512,0.027485510276378106,9.641677512833902e-06,31.93605609439671,0.0009416135732664976,5.368263725855099e-05,0.0005494594657109882
blk0_spa/state,209,0,8192,0.13714919608250434,2.4633015375019718e-05,1.7103782612641656,0.0010380937086811662,1.674184522491508e-05,0.003795008080309303
blk0_spa/c_readout,209,0,512,0.025609999554889837,8.356110593904227e-06,0.7743318816254974,0.0007879709047156278,5.001953038064421e-05,0.0032850237911531393
blk0_spa/d_path,209,0,512,8.610669439690355e-07,4.7177448764779884e-15,24.173019216388465,1.512870362319063e-08,1.6817713749395224e-09,1.3970172772843165e-08
blk0_spa/readout,209,0,512,0.025609925933116444,8.356127382203751e-06,31.69643337134076,0.0007879654738989217,5.0019386588118054e-05,0.0005134490182961602
blk0_spa/state,210,0,8192,0.13728855304448714,2.477497508334513e-05,1.6862781767856199,0.0010394907008843338,1.6758856572813372e-05,0.0038330281028326517
blk0_spa/c_readout,210,0,512,0.02367636098823537,7.624886721207503e-06,0.7044318942563567,0.0009025620468035359,4.6242892555147205e-05,0.0032900098064578675
blk0_spa/d_path,210,0,512,8.41340696666748e-07,4.346227727239161e-15,22.41951717868009,1.0085802415460421e-08,1.6432435481772423e-09,1.3923329831040936e-08
blk0_spa/readout,210,0,512,0.023676243763960884,7.624898353873423e-06,29.123892636428252,0.0009025539005784733,4.62426636014861e-05,0.0005116727854503495
blk0_spa/state,211,0,8192,0.13755405339270446,2.4915137669236587e-05,1.6745836235024947,0.0010423889898407077,1.679126628328912e-05,0.0038572538904260234
blk0_spa/c_readout,211,0,512,0.02772905172478745,1.0354029349445454e-05,0.8534897766367806,0.0012862347010961991,5.415830414997549e-05,0.0034830165186740523
blk0_spa/d_path,211,0,512,8.26213446103452e-07,4.344917353325219e-15,22.002190982333303,1.3964957190637506e-08,1.6136981369208048e-09,1.4052635931374396e-08
blk0_spa/readout,211,0,512,0.02772898899227839,1.0354001318680153e-05,29.975665679840592,0.0012862207361390432,5.415818162554373e-05,0.0005877189442461409
blk0_spa/state,212,0,8192,0.13756486981287322,2.502172572196125e-05,1.6281211732553407,0.0010450463940211707,1.679258664707925e-05,0.003920263576328764
blk0_spa/c_readout,212,0,512,0.025503434990351386,8.616502743964572e-06,0.7092563428610296,0.0010800700468647645,4.981139646553005e-05,0.0034854904821314185
blk0_spa/d_path,212,0,512,7.946355982113573e-07,4.1480010973632294e-15,20.535929333692298,1.512870362319063e-08,1.5520226527565573e-09,1.4212230770043149e-08
blk0_spa/readout,212,0,512,0.025503394613698573,8.616493376482274e-06,27.550983138140555,0.0010800549181610997,4.9811317604880026e-05,0.0005592380706827715
blk0_spa/state,213,0,8192,0.13774000074546386,2.5128538223398732e-05,1.5917073023578765,0.0010476365586236241,1.6813964934749006e-05,0.0039733059574036805
blk0_spa/c_readout,213,0,512,0.027709704186858326,1.0223709436972239e-05,0.8332346153574629,0.0011466526514202352,5.412051598995767e-05,0.0035028423939095794
blk0_spa/d_path,213,0,512,8.050809583437513e-07,4.386599344023687e-15,21.30059760495339,1.512870362319063e-08,1.5724237467651392e-09,1.4350534946994326e-08
blk0_spa/readout,213,0,512,0.027709675317880426,1.022369996658329e-05,29.05711755152482,0.0011466375227167092,5.412045960523521e-05,0.0005931680941078995
blk0_spa/state,214,0,8192,0.13806027067467253,2.525153896263952e-05,1.5813278033136067,0.0010502253728098265,1.685306038509186e-05,0.003996068942278112
blk0_spa/c_readout,214,0,512,0.027622021106655868,1.0567076601379046e-05,0.8040537742456534,0.0013340013864784686,5.394925997393724e-05,0.0036252242831182457
blk0_spa/d_path,214,0,512,8.292742332827174e-07,4.582488210788583e-15,22.519216836953632,1.280121075808438e-08,1.6196762368803075e-09,1.4265074259416165e-08
blk0_spa/readout,214,0,512,0.027621988755989334,1.0567059562070952e-05,30.399261831712916,0.0013339885852676758,5.394919678904167e-05,0.0005895838227778581
blk0_spa/state,215,0,8192,0.13831987498205786,2.535180576427281e-05,1.5986182400647968,0.0010517801315310105,1.6884750364020735e-05,0.003982282519685435
blk0_spa/c_readout,215,0,512,0.02619958772738813,8.766350286594251e-06,0.7946279229654649,0.0010284913231143542,5.117106978005494e-05,0.00332144831777495
blk0_spa/d_path,215,0,512,8.177360211192308e-07,4.403777948756811e-15,22.49386659800315,1.2413295280566672e-08,1.5971406662484977e-09,1.3992027454980658e-08
blk0_spa/readout,215,0,512,0.0261995284144971,8.766347113651936e-06,30.376880002726683,0.0010284789098190528,5.117095393456465e-05,0.0005372021581419033
blk0_spa/state,216,0,8192,0.13862732791797058,2.543744023294793e-05,1.5731843305005078,0.001050034936390179,1.6922281239986643e-05,0.004021118734948594
blk0_spa/c_readout,216,0,512,0.025642640186209938,8.741385786808232e-06,0.6646889310063864,0.0010267651128570074,5.0083281613691284e-05,0.003626443541252331
blk0_spa/d_path,216,0,512,8.004841411946018e-07,4.1520707853047325e-15,20.363753488322793,1.0861633370495838e-08,1.5634455882707066e-09,1.4279186267835904e-08
blk0_spa/readout,216,0,512,0.025642573101556942,8.741387098275282e-06,27.24518201510537,0.0010267565787165367,5.00831505889784e-05,0.0005664287904145327
blk0_spa/state,217,0,8192,0.13898019144279578,2.5577021649486612e-05,1.5562271913021637,0.001051674989197171,1.6965355400731906e-05,0.0040540442610030635
blk0_spa/c_readout,217,0,512,0.026522506195899645,9.457565233713829e-06,0.7287203248336469,0.0009875224873447733,5.1801769913866494e-05,0.0036025434825615243
blk0_spa/d_path,217,0,512,8.100805963806579e-07,4.2676236233099206e-15,20.912935608191745,1.047371789297813e-08,1.5821886648059724e-09,1.4285174673075514e-08
blk0_spa/readout,217,0,512,0.026522457356726866,9.45756691194547e-06,28.195580368861112,0.000987512013626901,5.180167452485716e-05,0.0005791608436916213
blk0_spa/state,218,0,8192,0.13910896451534607,2.57288747836785e-05,1.558281779241896,0.0010593458952128515,1.6981074769939706e-05,0.004063379642013095
blk0_spa/c_readout,218,0,512,0.026442534097898332,9.030332389261174e-06,0.7204404515135517,0.0008765056461562878,5.164557440995768e-05,0.0035404040037743836
blk0_spa/d_path,218,0,512,8.191593465767255e-07,4.478704819556111e-15,22.250194268473688,1.4352872668155214e-08,1.599920598782667e-09,1.4187612440698762e-08
blk0_spa/readout,218,0,512,0.026442472156125572,9.030329131586922e-06,29.533999510171903,0.0008764912932835989,5.164545342993276e-05,0.0005529561059565948
blk0_spa/state,219,0,8192,0.1393749432809926,2.5830618832014093e-05,1.566253422598582,0.0010620936104595233,1.701354288098054e-05,0.004061031787291448
blk0_spa/c_readout,219,0,512,0.026462026918413133,8.87283853533471e-06,0.7703445410592833,0.0008273345131672508,5.168364632502565e-05,0.003393819842866311
blk0_spa/d_path,219,0,512,7.688005023709366e-07,3.984710930486782e-15,21.285095399795438,1.512870362319063e-08,1.5015634811932355e-09,1.3682347302990522e-08
blk0_spa/readout,219,0,512,0.02646196125708595,8.872832268509666e-06,28.874338052964493,0.000827326754857749,5.1683518080245994e-05,0.0005543385959217635
blk0_spa/state,220,0,8192,0.13973261673960433,2.5933144736467485e-05,1.6239540953087346,0.0010629719815368477,1.705720419184623e-05,0.003996140209392426
blk0_spa/c_readout,220,0,512,0.027599936116234944,9.953934187956304e-06,0.7518921475444722,0.00102121310625361,5.3906125227021375e-05,0.0036384767815744105
blk0_spa/d_path,220,0,512,8.226767640451271e-07,4.415955858654078e-15,23.586267153386185,1.2413295280566672e-08,1.606790554775639e-09,1.3683044996306055e-08
blk0_spa/readout,220,0,512,0.02759983913445953,9.95393301589561e-06,31.3744810547009,0.0010212006929583017,5.390593580949127e-05,0.0005632602211544372
blk0_spa/state,221,0,8192,0.14003299482321063,2.6038486941589014e-05,1.6058288478093425,0.001064291249850309,1.7093871438380204e-05,0.004026783166759961
blk0_spa/c_readout,221,0,512,0.027295272393587124,1.0176052393924813e-05,0.7495212336647858,0.0012636029157306744,5.331107889372485e-05,0.00368466235058593
blk0_spa/d_path,221,0,512,8.044043795507605e-07,4.3903625296848376e-15,22.15118202029747,1.2025379803048963e-08,1.571102303810079e-09,1.4078349375715153e-08
blk0_spa/readout,221,0,512,0.027295189029210208,1.0176043570459893e-05,29.640262414621898,0.0012635916661818403,5.331091607267619e-05,0.0005859336724519526
blk0_spa/state,222,0,8192,0.14017807961267453,2.6163923712423432e-05,1.5674160696434365,0.0010675741650643597,1.711158198396906e-05,0.00408563240637621
blk0_spa/c_readout,222,0,512,0.02661203312844874,9.160813100468962e-06,0.7255046945009448,0.000959624112539921,5.197662720400145e-05,0.003553422908668836
blk0_spa/d_path,222,0,512,7.992756785313304e-07,4.558243556391071e-15,22.20856817598374,1.3577041713119797e-08,1.5610853096315047e-09,1.4326446538557346e-08
blk0_spa/readout,222,0,512,0.02661198633028508,9.160816682853258e-06,29.458862128666986,0.0009596179058922738,5.197653580133805e-05,0.0005576466689726068
blk0_spa/state,223,0,8192,0.1404661917683334,2.6288129993913765e-05,1.5729892980521258,0.0010692915195410005,1.7146751924845384e-05,0.0040880571914065165
blk0_spa/c_readout,223,0,512,0.028409123753603008,1.0402264931100618e-05,0.8372356223322308,0.0008872685718435344,5.5486569831255875e-05,0.003524845664232959
blk0_spa/d_path,223,0,512,8.307677266117253e-07,4.5978368379085676e-15,22.772066802658202,1.280121075808438e-08,1.622593216038526e-09,1.4209393888210875e-08
blk0_spa/readout,223,0,512,0.028409059198579795,1.0402268344382234e-05,30.879942446342813,0.0008872635289423059,5.548644374722616e-05,0.0005803978371362184
blk0_spa/state,224,0,8192,0.14040544855982875,2.632107538334424e-05,1.5975568179969786,0.001066690334445869,1.713933698240097e-05,0.004059043055016292
blk0_spa/c_readout,224,0,512,0.02926464006083506,1.1010518272976835e-05,0.9617891532570958,0.0010169036911924362,5.715750011881848e-05,0.0033834825698182626
blk0_spa/d_path,224,0,512,7.955368594991796e-07,4.1058580381458696e-15,21.670866864411597,1.0861633370495838e-08,1.5537829287093352e-09,1.3764607206363191e-08
blk0_spa/readout,224,0,512,0.02926457059342771,1.1010526962763596e-05,30.194412010914387,0.0010168978724602873,5.7157364440288496e-05,0.0006038662588186782
blk0_spa/state,225,0,8192,0.13999811922668956,2.6386611883437464e-05,1.5876967749506559,0.0010650786066105714,1.7089614163414253e-05,0.004076693240511548
blk0_spa/c_readout,225,0,512,0.027434953990341966,9.640863258620667e-06,0.7961337460247129,0.0008488200774882035,5.358389451238665e-05,0.0034798854251441086
blk0_spa/d_path,225,0,512,8.58811072035337e-07,4.5292416133519646e-15,23.40377927773776,1.2025379803048963e-08,1.6773653750690176e-09,1.391136506502453e-08
blk0_spa/readout,225,0,512,0.027434894118662387,9.640881068170654e-06,31.059625859188504,0.0008488138708405701,5.3583777575512474e-05,0.0005571347567609701
blk0_spa/state,226,0,8192,0.13979462386087863,2.643767123905628e-05,1.5822611188117581,0.0010656717069140037,1.706477342051741e-05,0.0040876388743583784
blk0_spa/c_readout,226,0,512,0.0248357803227161,8.18139092718291e-06,0.6917009463686197,0.0009223401743946105,4.850738344280488e-05,0.0034391758894976258
blk0_spa/d_path,226,0,512,8.427632955942954e-07,4.364387338886629e-15,22.60195344476246,1.0861633370495838e-08,1.6460220617076082e-09,1.3895963208650305e-08
blk0_spa/readout,226,0,512,0.024835773019583545,8.181401529099563e-06,29.441493803381505,0.0009223328040005585,4.850736917887411e-05,0.0005271496628231066
blk0_spa/state,227,0,8192,0.13985585727599872,2.6553187570033193e-05,1.5631730785029596,0.0010689889840663214,1.7072248202636563e-05,0.004121495198370079
blk0_spa/c_readout,227,0,512,0.028543443748085113,1.0710589307500575e-05,0.8014073756140624,0.001161040327704796,5.5748913570478736e-05,0.003655779690988839
blk0_spa/d_path,227,0,512,8.37694216215823e-07,4.416037543605131e-15,21.56644067154175,1.4740788145672923e-08,1.6361215160465292e-09,1.4309588368974025e-08
blk0_spa/readout,227,0,512,0.028543374595518894,1.0710571556601334e-05,29.232883426090687,0.0011610255869166641,5.574877850687284e-05,0.0006052997522677369
blk0_spa/state,228,0,8192,0.1397801987092584,2.6662368814684532e-05,1.543892698012222,0.001072156076241372,1.706301253775127e-05,0.004155667666304611
blk0_spa/c_readout,228,0,512,0.028602351631142893,1.0743262606107819e-05,0.8190989790492582,0.0011101848135249004,5.586396802957596e-05,0.0036215951803600325
blk0_spa/d_path,228,0,512,8.146348768889311e-07,4.197127741336444e-15,20.67093043845594,1.5904534578226048e-08,1.5910837439236936e-09,1.4249383694767182e-08
blk0_spa/readout,228,0,512,0.028602267464030332,1.0743241696747388e-05,28.418282596066806,0.0011101689089902944,5.586380364068424e-05,0.0006148494075300523
blk0_spa/state,229,0,8192,0.1399594221461194,2.677713781039478e-05,1.5430906691971646,0.0010749073524119676,1.7084890398696215e-05,0.004165684307708589
blk0_spa/c_readout,229,0,512,0.029151063898005224,1.1914168961127443e-05,0.8020617874540009,0.001450847063055219,5.693567167579145e-05,0.0038541442448565997
blk0_spa/d_path,229,0,512,8.268758460161507e-07,4.4747926379237534e-15,21.949496669261226,1.4352872668155214e-08,1.6149918867502944e-09,1.427822346035687e-08
blk0_spa/readout,229,0,512,0.02915103466946936,1.1914143637067245e-05,29.924802890572717,0.001450832710182537,5.6935614588807346e-05,0.0006309802511235864
blk0_spa/state,230,0,8192,0.14006066491561273,2.6879871798783088e-05,1.5248164347706066,0.0010771084817212187,1.709724913520663e-05,0.00419860302573241
blk0_spa/c_readout,230,0,512,0.029131878141744692,1.1641957308409535e-05,0.8134232874951888,0.001315528207792939,5.68981994955951e-05,0.0037831599232893043
blk0_spa/d_path,230,0,512,8.240753643917742e-07,4.586362263248344e-15,21.923063561879466,1.3577041713119797e-08,1.609522196077684e-09,1.4463838242355905e-08
blk0_spa/readout,230,0,512,0.029131873639820106,1.1641954727303165e-05,29.871293829577006,0.0013155146307511911,5.6898190702773644e-05,0.0006242893642940833
blk0_spa/state,231,0,8192,0.14010829600949515,2.6976548723504982e-05,1.5120484967850536,0.0010792223764195044,1.7103063477721576e-05,0.004223867955900277
blk0_spa/c_readout,231,0,512,0.02839297112084515,1.1248935950433897e-05,0.7729670410963079,0.0013595274423577747,5.545502172040068e-05,0.0038148303916835332
blk0_spa/d_path,231,0,512,8.272354037330842e-07,4.584559127610322e-15,21.953930783115595,1.2413295280566672e-08,1.6156941479161802e-09,1.4450825068922623e-08
blk0_spa/readout,231,0,512,0.028392972798664,1.12489311308598e-05,29.670538692977008,0.001359515029062508,5.545502499739062e-05,0.000615733685064386
blk0_spa/state,232,0,8192,0.1401746308122932,2.7080319201471087e-05,1.532453843509935,0.0010792048713336583,1.711116098782876e-05,0.004203714262462975
blk0_spa/c_readout,232,0,512,0.029382626747429787,1.1512116326913692e-05,0.8886430855157219,0.001162393347027696,5.73879428660738e-05,0.003599265649964101
blk0_spa/d_path,232,0,512,8.182395472289272e-07,4.383626602155152e-15,22.165928167181367,1.047371789297813e-08,1.5981241156814985e-09,1.4062865274895232e-08
blk0_spa/readout,232,0,512,0.02938261569493205,1.1512114152850344e-05,30.650273447924548,0.0011623832612253082,5.738792127916416e-05,0.0006128587159969807
blk0_spa/state,233,0,8192,0.14061896388947648,2.722657270974108e-05,1.5660284377000906,0.0010812683672196954,1.716540086541461e-05,0.004169621810224484
blk0_spa/c_readout,233,0,512,0.027538024590128454,1.0201721099723322e-05,0.7540143979008904,0.0011891157399760155,5.378520427759464e-05,0.003678297938812977
blk0_spa/d_path,233,0,512,8.430512323798212e-07,4.429321595854065e-15,22.67004692127455,1.1249548848013546e-08,1.6465844382418382e-09,1.3977915072025617e-08
blk0_spa/readout,233,0,512,0.027537979875511293,1.0201718967149834e-05,30.484582663367853,0.0011891044904271952,5.378511694435799e-05,0.0005784909256085752
blk0_spa/state,234,0,8192,0.14085991645166618,2.7349731694201103e-05,1.5342571250136152,0.0010831183756853172,1.719481401997878e-05,0.004222089747238513
blk0_spa/c_readout,234,0,512,0.02666362571437709,9.638561931925514e-06,0.6748441154293613,0.0010129358416855888,5.207739397339275e-05,0.003779239268267881
blk0_spa/d_path,234,0,512,7.899671601308e-07,4.224117037232206e-15,20.56095306505237,1.280121075808438e-08,1.5429046096304688e-09,1.4333305267352016e-08
blk0_spa/readout,234,0,512,0.02666360753397949,9.638558062370581e-06,27.57227450915415,0.0010129230404748446,5.2077358464803694e-05,0.0005912480713858863
blk0_spa/state,235,0,8192,0.1411268323285157,2.7452023550073137e-05,1.5213449067281546,0.001084989611308082,1.7227396524477013e-05,0.004247890752031624
blk0_spa/c_readout,235,0,512,0.026465019481325822,9.522688064564676e-06,0.6741657973725101,0.000988691332827002,5.16894911744645e-05,0.003758343073785958
blk0_spa/d_path,235,0,512,7.715046379530577e-07,4.1924918267334596e-15,20.788349622185287,1.4352872668155214e-08,1.5068449960020658e-09,1.4201234740252324e-08
blk0_spa/readout,235,0,512,0.02646497522769789,9.522683927562106e-06,27.88168274748871,0.0009886847382638564,5.168940474159744e-05,0.0005844134388934953
blk0_spa/state,236,0,8192,0.14130331051909945,2.7566283105517213e-05,1.5339891478691676,0.0010859914657986233,1.7248939272351007e-05,0.004239141979325707
blk0_spa/c_readout,236,0,512,0.029623708097750043,1.1789886709120739e-05,0.8361312136245981,0.0011968379158721135,5.785880487841805e-05,0.0037550661995864043
blk0_spa/d_path,236,0,512,8.008847824925169e-07,4.242439811198747e-15,21.314948510801315,1.2025379803048963e-08,1.5642280908056971e-09,1.410800811613048e-08
blk0_spa/readout,236,0,512,0.029623625698615406,1.1789878251229359e-05,29.40350852134109,0.0011968258904923035,5.7858643942608214e-05,0.0006332206696689707
blk0_spa/state,237,0,8192,0.14150103490967195,2.7670797445770436e-05,1.542935752315435,0.0010868027935187208,1.7273075550497064e-05,0.004234839121107383
blk0_spa/c_readout,237,0,512,0.027205185316094085,9.893580686192983e-06,0.7530067975402334,0.0010245271027525468,5.313512757049626e-05,0.0036247436828183914
blk0_spa/d_path,237,0,512,7.895628861831483e-07,4.08237488637295e-15,20.776233076621182,1.280121075808438e-08,1.5421150120764615e-09,1.4017579810044835e-08
blk0_spa/readout,237,0,512,0.027205149119985235,9.893579648778237e-06,28.31618945574745,0.0010245143015418234,5.313505687497116e-05,0.0005910977721726215
blk0_spa/state,238,0,8192,0.14187507522940865,2.7802300600380056e-05,1.5550667588256966,0.001089403896485562,1.7318734769214923e-05,0.004228300537418967
blk0_spa/c_readout,238,0,512,0.027261379828125418,9.972411869588577e-06,0.7339493588602118,0.001000617012211609,5.3244882476807456e-05,0.0036860995142121806
blk0_spa/d_path,238,0,512,8.093756598270829e-07,4.141709311693279e-15,20.58953449247749,1.3189126235602089e-08,1.5808118355997713e-09,1.418294906786098e-08
blk0_spa/readout,238,0,512,0.027261323189559615,9.972413151492077e-06,28.096346888299312,0.0010006111934794393,5.324477185460862e-05,0.0005957652984763854
blk0_spa/state,239,0,8192,0.14209004832278982,2.790243070537547e-05,1.5547947881696453,0.0010906613398510082,1.7344976601903054e-05,0.004236278279839688
blk0_spa/c_readout,239,0,512,0.028258540354966836,1.0465933579723477e-05,0.7971590092196502,0.0009682715964191776,5.51924616307946e-05,0.0036234019003384007
blk0_spa/d_path,239,0,512,7.842469536001317e-07,4.064758747232689e-15,20.266064611685696,1.2025379803048963e-08,1.5317323312502573e-09,1.416226366904648e-08
blk0_spa/readout,239,0,512,0.028258474249008767,1.0465940762092562e-05,27.983707764890376,0.0009682653897715165,5.519233251759525e-05,0.0006115563891139991
blk0_spa/state,240,0,8192,0.14199033266208697,2.790012191238365e-05,1.5513296487601478,0.0010875837867386773,1.7332804280039913e-05,0.004240831373440083
blk0_spa/c_readout,240,0,512,0.030024071351084675,1.1839945315840474e-05,0.914599176931382,0.0010241343630824976,5.8640764357587255e-05,0.003597985801374635
blk0_spa/d_path,240,0,512,7.77750916114428e-07,3.7690732670070654e-15,19.790957014490758,1.0085802415460421e-08,1.5190447580359923e-09,1.3800152706081282e-08
blk0_spa/readout,240,0,512,0.030023999900837026,1.1839952951001431e-05,27.854096057934886,0.0010241289322658331,5.8640624806322316e-05,0.0006519742656044249
blk0_spa/state,241,0,8192,0.14225249498552398,2.7962842870199608e-05,1.565716209086575,0.0010844340634649091,1.7364806516787595e-05,0.004226045195715603
blk0_spa/c_readout,241,0,512,0.027965249431329005,1.0254863222363314e-05,0.7778679878407376,0.000887864167430287,5.461962779556446e-05,0.003630880759114428
blk0_spa/d_path,241,0,512,8.548886540893363e-07,4.401887815128187e-15,23.120646479806,1.2025379803048963e-08,1.669704402518235e-09,1.379810668098475e-08
blk0_spa/readout,241,0,512,0.027965156959844552,1.0254870941689833e-05,30.78193767831175,0.00088785757286719,5.461944718719639e-05,0.0005771877726535067
blk0_spa/state,242,0,8192,0.14248600787157817,2.8028978034495544e-05,1.5723833463671935,0.0010839465269368367,1.7393311507761007e-05,0.004222060127334535
blk0_spa/c_readout,242,0,512,0.025380668560905074,8.768174578514759e-06,0.6786992536936844,0.0009744516697797884,4.9571618283017724e-05,0.003594313121194119
blk0_spa/d_path,242,0,512,8.478763646735388e-07,4.4527627186669865e-15,23.33149226337023,1.1249548848013546e-08,1.6560085247530054e-09,1.3814765521075754e-08
blk0_spa/readout,242,0,512,0.025380614451242442,8.768188614999856e-06,30.1335086017279,0.0009744439114702796,4.9571512600082894e-05,0.0005394237835151354
blk0_spa/state,243,0,8192,0.142688278741372,2.8185575426578435e-05,1.5386808341211138,0.0010865333624575854,1.7418002776046386e-05,0.004279954782214637
blk0_spa/c_readout,243,0,512,0.029738656791553256,1.177991534115616e-05,0.8087715977842005,0.0011148768420065139,5.808331404600245e-05,0.003816437362983696
blk0_spa/d_path,243,0,512,7.966467965303536e-07,4.188332090165779e-15,20.550297356543215,1.512870362319063e-08,1.555950774473347e-09,1.4276163050657646e-08
blk0_spa/readout,243,0,512,0.029738608772927996,1.1779885853422111e-05,28.180129532764077,0.0011148617133029948,5.808322025962499e-05,0.0006465454333411289
blk0_spa/state,244,0,8192,0.14328900507822417,2.8363251498929334e-05,1.5339270946849153,0.001090310867149405,1.7491333627712912e-05,0.004300071219420152
blk0_spa/c_readout,244,0,512,0.030037464643124148,1.220041346609511e-05,0.8165080779607446,0.0012827205650801504,5.866692313110185e-05,0.0038655120516672566
blk0_spa/d_path,244,0,512,8.353659968207694e-07,4.42944236969451e-15,21.94569843708104,1.5904534578226048e-08,1.6315742125405652e-09,1.4206916378414152e-08
blk0_spa/readout,244,0,512,0.030037393392106666,1.2200376996148078e-05,29.940735421679282,0.001282704660545475,5.866678396895833e-05,0.0006383449009267786
blk0_spa/state,245,0,8192,0.14344577630891675,2.846807344683711e-05,1.5218376915440341,0.001093524592720975,1.7510470740834564e-05,0.00432508722845931
blk0_spa/c_readout,245,0,512,0.030297438523041578,1.2680812627697406e-05,0.8244241979715791,0.0013843656907906315,5.917468461531558e-05,0.003921915005180313
blk0_spa/d_path,245,0,512,8.31660621258834e-07,4.461047696915243e-15,21.810594181950474,1.512870362319063e-08,1.6243371508961602e-09,1.4301601897920868e-08
blk0_spa/readout,245,0,512,0.030297432612697288,1.268079774704411e-05,29.9174434170789,0.0013843505620869667,5.917467307167439e-05,0.0006510450612459871
blk0_spa/state,246,0,8192,0.14378983364237302,2.8572945482675266e-05,1.4943473793065227,0.0010955314147192974,1.7552469927047488e-05,0.004372720546161731
blk0_spa/c_readout,246,0,512,0.02896807502837717,1.188286948002076e-05,0.7295765752838266,0.0013989384219539464,5.657827153979916e-05,0.00403575898835611
blk0_spa/d_path,246,0,512,8.133009838928729e-07,4.4879384338468885e-15,21.21337532598567,1.2413295280566672e-08,1.5884784841657673e-09,1.4545161820756192e-08
blk0_spa/readout,246,0,512,0.028968080095276665,1.1882864376180214e-05,28.688236079995534,0.001398926008658652,5.657828143608724e-05,0.0006435890510581852
blk0_spa/state,247,0,8192,0.1435526171912785,2.8658904693108706e-05,1.4862165746488822,0.001095759694498509,1.7523512840732237e-05,0.004391255875846663
blk0_spa/c_readout,247,0,512,0.0287801532862613,1.1248410204933309e-05,0.7496880715996399,0.0010894497651613155,5.62112368872291e-05,0.0038735152710437483
blk0_spa/d_path,247,0,512,8.016762453877391e-07,4.406169440190048e-15,21.401036370909747,1.2025379803048963e-08,1.5657739167729279e-09,1.4348721109671126e-08
blk0_spa/readout,247,0,512,0.028780121012570173,1.1248406962290169e-05,28.976530781897054,0.0010894381276970178,5.621117385267612e-05,0.000623049161842935
blk0_spa/state,248,0,8192,0.1438270096679479,2.8788490250443644e-05,1.51787874818018,0.0010991006454416155,1.755700801610692e-05,0.0043550275298343795
blk0_spa/c_readout,248,0,512,0.029390101959125302,1.1463538060589185e-05,0.8519400405241868,0.0012434856058786414,5.7402542888916605e-05,0.0036682153467917315
blk0_spa/d_path,248,0,512,8.192153355679466e-07,4.420965578283443e-15,23.19492716705881,1.3964957190637506e-08,1.6000299522811456e-09,1.380581533980734e-08
blk0_spa/readout,248,0,512,0.02939003042162418,1.1463521549252108e-05,31.534942017548424,0.001243471640921423,5.740240316723473e-05,0.0006029246048880184
blk0_spa/state,249,0,8192,0.14465875780655096,2.8963927282147677e-05,1.5776252008940896,0.001101365812307957,1.765853977130749e-05,0.00428476301575626
blk0_spa/c_readout,249,0,512,0.026911987527981997,9.71903014348357e-06,0.6679107793071537,0.0010177772532763002,5.256247564058984e-05,0.0038146284043307937
blk0_spa/d_path,249,0,512,8.405357814211811e-07,4.497041665853798e-15,23.49940580168085,1.3577041713119797e-08,1.6416714480882444e-09,1.3833593672549526e-08
blk0_spa/readout,249,0,512,0.026911923633906557,9.719020332099781e-06,30.860751732778972,0.001017769882882269,5.256235084747374e-05,0.0005611875078070023
blk0_spa/state,250,0,8192,0.14476385205598197,2.9066197935649312e-05,1.5443936187308056,0.0011023042918462608,1.7671368659177486e-05,0.004338255380624755
blk0_spa/c_readout,250,0,512,0.02708931709953672,9.990644556486568e-06,0.6604334748724201,0.0011335744696327477,5.290882246003266e-05,0.0038893964645530825
blk0_spa/d_path,250,0,512,7.720932373445066e-07,4.125590234623663e-15,20.596907570733006,1.2025379803048963e-08,1.5079946041884895e-09,1.4152789104956678e-08
blk0_spa/readout,250,0,512,0.027089282886268155,9.990641636089605e-06,27.557406388237847,0.0011335624442530001,5.290875563724249e-05,0.0006021123291984754
blk0_spa/state,251,0,8192,0.14480162890278497,2.916169709957221e-05,1.5147032633298327,0.001101517171619243,1.7675980090671994e-05,0.0043877574955584284
blk0_spa/c_readout,251,0,512,0.029280161724255634,1.1819977270652433e-05,0.73425209819426,0.001138085895842425,5.7187815867686784e-05,0.004012229091992435
blk0_spa/d_path,251,0,512,8.226676708744662e-07,4.562485774415536e-15,21.73626188925752,1.2025379803048963e-08,1.6067727946766919e-09,1.4487996509080805e-08
blk0_spa/readout,251,0,512,0.029280130988047454,1.181997561576993e-05,29.2740664610402,0.0011380761979554732,5.7187755836030184e-05,0.0006354286072850401
blk0_spa/state,252,0,8192,0.14507739165668113,2.9248644620281922e-05,1.5324217335063346,0.0010989250959338795,1.7709642536215958e-05,0.004368815672490646
blk0_spa/c_readout,252,0,512,0.028581807360342174,1.0881810890698709e-05,0.7567015636460979,0.001063761949911271,5.582384250066831e-05,0.003792174132323837
blk0_spa/d_path,252,0,512,8.19518904293659e-07,4.3452132708971025e-15,21.73710411705058,1.0861633370495838e-08,1.6006228599485528e-09,1.4138544589816234e-08
blk0_spa/readout,252,0,512,0.028581785573820857,1.0881816925869495e-05,29.520219040775668,0.0010637541916017623,5.582379994886886e-05,0.0006071428986717741
blk0_spa/state,253,0,8192,0.14522034867340414,2.9330987765037412e-05,1.537639675110498,0.0010984798205203455,1.7727093343921403e-05,0.004367531602978737
blk0_spa/c_readout,253,0,512,0.029451176291759557,1.1526885024279065e-05,0.8073552401168356,0.0010375582288026236,5.7521828694842884e-05,0.0037785367145451707
blk0_spa/d_path,253,0,512,7.821208711789041e-07,3.9781080154376914e-15,20.17858460395816,1.047371789297813e-08,1.527579826521297e-09,1.4040834991641353e-08
blk0_spa/readout,253,0,512,0.029451136246306228,1.1526889993206515e-05,28.025667544971743,0.0010375512463240422,5.752175048106685e-05,0.0006413248840537753
blk0_spa/state,254,0,8192,0.14529988952666179,2.9417297924747386e-05,1.5592370070860984,0.0010994797027203754,1.773680292073508e-05,0.004343554974040943
blk0_spa/c_readout,254,0,512,0.028035135887765093,1.048103764184131e-05,0.7516787145554323,0.0009732939127509166,5.47561247807912e-05,0.003734100600892104
blk0_spa/d_path,254,0,512,7.941447979220584e-07,3.941132439386627e-15,20.164697805996227,1.0861633370495838e-08,1.5510640584415203e-09,1.3980240922207254e-08
blk0_spa/readout,254,0,512,0.028035079333545827,1.0481044146925858e-05,27.70297343333201,0.0009732877061032763,5.4756014323331694e-05,0.0006150905891065403
blk0_spa/state,255,0,8192,0.14559979363317413,2.9507513922570956e-05,1.5709665881487385,0.0010989921110357154,1.7773412308737076e-05,0.004333939417093936
blk0_spa/c_readout,255,0,512,0.028087294139321806,1.0528779361017862e-05,0.774642373571737,0.0010395862540301254,5.48579963658629e-05,0.0036867049971949953
blk0_spa/d_path,255,0,512,8.184118733822743e-07,4.1326850374226335e-15,20.76172752636578,1.1249548848013546e-08,1.5984606901997545e-09,1.4108615905773324e-08
blk0_spa/readout,255,0,512,0.028087211191944943,1.0528775617208866e-05,28.462448137339315,0.0010395804352979487,5.485783435926747e-05,0.000608208953361756
blk0_spe/state,0,0,524288,0.1647349724807673,2.838652886013699e-07,0.6030932469737429,1.3235258528685769e-05,3.142070245375963e-07,0.0006860628641566615
blk0_spe/c_readout,0,0,32768,0.01231905749988969,2.2381045157009258e-08,0.044997184102884565,2.0653411229140835e-05,3.759477996792508e-07,0.0007052571753079704
blk0_spe/d_path,0,0,32768,2.2418079759223275e-05,6.260860801531132e-14,1547.6535849571608,7.341246055503348e-09,6.841455004645775e-10,6.360337261880816e-09
blk0_spe/readout,0,0,32768,0.012316411518823834,2.2372866293860176e-08,1559.7862639356758,2.0648001889944645e-05,3.7586705074535626e-07,3.7872874423699147e-06
blk0_spe/state,1,0,524288,0.2761771252490096,8.30786632595818e-07,1.5872370825921092,5.579997381364478e-05,5.267660622577851e-07,0.000723475534577357
blk0_spe/c_readout,1,0,32768,0.0167697927714995,1.6991611501130423e-07,0.26824353091281183,0.00020668766212438364,5.117734610442962e-07,0.0007958892821515423
blk0_spe/d_path,1,0,32768,2.5347707734546532e-05,7.125516184530972e-14,1748.0787242175445,1.1977822511610725e-08,7.735506510786905e-10,6.3845114753643375e-09
blk0_spe/readout,1,0,32768,0.01676909554638365,1.6993132223859078e-07,1754.1954068663158,0.00020667954811548483,5.117521834223526e-07,9.84232572410751e-06
blk0_spe/state,2,0,524288,0.41247755715337076,1.7646797096557608e-06,3.2847260705798944,5.80484023202394e-05,7.867385047023215e-07,0.0007329652199691445
blk0_spe/c_readout,2,0,32768,0.0224856394762922,1.0711095493846478e-07,0.19742955211579435,0.00011594812360363194,6.862072594083312e-07,0.0007365646391175607
blk0_spe/d_path,2,0,32768,2.63896487883164e-05,8.164522511352268e-14,2111.1059359789488,1.6034826799682378e-08,8.053481685887573e-10,6.218854300119521e-09
blk0_spe/readout,2,0,32768,0.022482329869628753,1.0712954946651276e-07,2129.9320955906132,0.0001159459985060618,6.861062582284165e-07,7.092049534775627e-06
blk0_spe/state,3,0,524288,0.46398333318625623,2.5041047644880293e-06,3.625505556770203,0.00011563649238155449,8.849779762005925e-07,0.0008310783324844178
blk0_spe/c_readout,3,0,32768,0.021108381976757826,2.1965202547024066e-07,0.2542822588104984,0.00016177521016734475,6.441766960680489e-07,0.0009294147827840763
blk0_spe/d_path,3,0,32768,2.3217005406306335e-05,7.452272317536897e-14,1757.6540327151245,1.4489301314313252e-08,7.085267763155009e-10,6.511449259823656e-09
blk0_spe/readout,3,0,32768,0.021109367489639545,2.1968299079556936e-07,1767.0732566288534,0.00016176072086571125,6.442067715344099e-07,1.1149899147426549e-05
blk1_spa/state,0,0,8192,0.0019749369384910826,3.324732155869176e-09,0.05493648934343027,7.679586024822438e-06,2.4108116924939974e-07,0.00024600723540179324
blk1_spa/c_readout,0,0,512,0.0002845538464708009,8.560544594291763e-10,0.012480318353769733,8.567694801446535e-06,5.55769231388283e-07,0.00026190142725009705
blk1_spa/d_path,0,0,512,1.4469012006301796e-06,2.2883579635192308e-14,46.3211054722172,3.921131996875715e-08,2.8259789074808195e-09,2.2226573853345378e-08
blk1_spa/readout,0,0,512,0.0002847013245511898,8.577439088742952e-10,47.39706369395651,8.596212125011604e-06,5.560572745140426e-07,4.254055020478705e-06
blk1_spa/state,1,0,8192,0.004141424908728042,1.265551033666843e-08,0.46641286649603747,1.571830360191928e-05,5.055450328037161e-07,0.0001647231240355752
blk1_spa/c_readout,1,0,512,0.000538423577161099,3.102950769072153e-09,0.150157314106065,1.832389308076797e-05,1.0516085491427714e-06,0.00014375209970840768
blk1_spa/d_path,1,0,512,2.0483431830697896e-06,4.63640589659386e-14,78.23589867439318,6.416397813069352e-08,4.000670279433183e-09,2.4343761637817142e-08
blk1_spa/readout,1,0,512,0.0005386039917477601,3.1062114350086317e-09,77.74223826994137,1.833210835588961e-05,1.051960921382344e-06,6.321017416743118e-06
blk1_spa/state,2,0,8192,0.005723652113388369,2.1987767614161392e-08,1.0255488424780956,2.2879106791356962e-05,6.986880021226036e-07,0.00014642404317830818
blk1_spa/c_readout,2,0,512,0.0006852548290173625,4.919867465302864e-09,0.17061523996600272,3.0024602572203962e-05,1.3383883379245362e-06,0.00016981177092409956
blk1_spa/d_path,2,0,512,2.1529154257127203e-06,5.91310301419791e-14,95.00017619914242,7.30756415379119e-08,4.204912940845157e-09,2.4948561918310025e-08
blk1_spa/readout,2,0,512,0.0006852378851744316,4.918264767586229e-09,93.49309080367487,3.0039390067404526e-05,1.3383552444813117e-06,7.252975218654992e-06
blk1_spa/state,3,0,8192,0.007504023831353299,4.055537754295378e-08,1.472118384295214,2.8917884897089463e-05,9.160185341007445e-07,0.0001659788901236601
blk1_spa/c_readout,3,0,512,0.0007498997057889109,4.4879944005799794e-09,0.12002374001057163,2.4069240626672928e-05,1.4646478628689666e-06,0.00019337154868518912
blk1_spa/d_path,3,0,512,2.4267736833394338e-06,8.61939224802562e-14,112.6926747733774,9.446363424814308e-08,4.739792350272332e-09,2.7656070836774275e-08
blk1_spa/readout,3,0,512,0.0007497994310974498,4.486898375369878e-09,114.02323719041972,2.408676654686026e-05,1.4644520138622067e-06,6.273016548769746e-06
blk1_spa/state,4,0,8192,0.008793987049705665,5.423446080952074e-08,2.1576323835292333,4.742457090739505e-05,1.0734847472785235e-06,0.00015854368111013642
blk1_spa/c_readout,4,0,512,0.0011812301076648058,1.9019915948019375e-08,0.4207923475316556,6.0691896463210826e-05,2.307090054032824e-06,0.00021260348543387656
blk1_spa/d_path,4,0,512,2.489703013752731e-06,9.178437487459351e-14,118.0361329109121,1.0693996355115587e-07,4.862701198735803e-09,2.7885400785601098e-08
blk1_spa/readout,4,0,512,0.0011815811862964745,1.903436758607382e-08,117.03146326050678,6.0784577764927405e-05,2.3077757544853017e-06,1.2753162939941182e-05
blk1_spa/state,5,0,8192,0.00997581914153822,6.987555100685703e-08,2.9951897908513407,5.6196011597786644e-05,1.2177513600510523e-06,0.0001527391781328345
blk1_spa/c_readout,5,0,512,0.001674877160025286,4.215381625214871e-08,1.1646868867384736,9.941979077221497e-05,3.2712444531743866e-06,0.00019024526487841246
blk1_spa/d_path,5,0,512,2.4489596386345625e-06,9.052505146857066e-14,126.33255270472563,1.0872229605496386e-07,4.78312429420813e-09,2.6768667567769774e-08
blk1_spa/readout,5,0,512,0.0016753412796640462,4.215933542272374e-08,125.39704363343117,9.939733568664622e-05,3.27215093684384e-06,1.833594211680746e-05
blk1_spa/state,6,0,8192,0.011750947331207153,1.213567301423274e-07,3.753684529811672,8.416223087526209e-05,1.4344418128914982e-06,0.0001798055313841307
blk1_spa/c_readout,6,0,512,0.0014784578541329405,3.442595496591261e-08,0.6390932558950626,8.580776579664162e-05,2.8876129963533993e-06,0.00023209237935522658
blk1_spa/d_path,6,0,512,2.4650194856423724e-06,9.437007078227866e-14,125.5720824979857,1.0693996355115587e-07,4.8144911828952586e-09,2.741388534426603e-08
blk1_spa/readout,6,0,512,0.001478715888591512,3.4427318512198285e-08,128.43274038386056,8.579023987631551e-05,2.888116969905297e-06,1.637245193538717e-05
blk1_spa/state,7,0,8192,0.013749047062803239,1.679995081612012e-07,4.337754063387034,9.184691982394577e-05,1.6783504715335985e-06,0.00019679839060410327
blk1_spa/c_readout,7,0,512,0.00187470071204571,5.575917921404132e-08,0.8882191609612211,0.00010058200901473524,3.661524828214277e-06,0.00025055214046949256
blk1_spa/d_path,7,0,512,2.5982577553929076e-06,9.692471415815764e-14,126.52285942728429,1.0693996355115587e-07,5.074722178501773e-09,2.7677876377137514e-08
blk1_spa/readout,7,0,512,0.0018745969848963213,5.5740255105639845e-08,129.40866094810883,0.00010064260832742811,3.6613222361256275e-06,2.0754047401633493e-05
blk1_spa/state,8,0,8192,0.015147389664558253,1.984140047982023e-07,4.934253067646865,9.08392091707455e-05,1.849046589911896e-06,0.00020052819821673705
blk1_spa/c_readout,8,0,512,0.0018426088944563635,3.8535290587412155e-08,0.45018095508649,7.327440629262272e-05,3.598845496985085e-06,0.000292574020689414
blk1_spa/d_path,8,0,512,2.625809560008463e-06,9.458086756579312e-14,126.49976249856826,9.446363424814308e-08,5.128534296891529e-09,2.7343669215483627e-08
blk1_spa/readout,8,0,512,0.0018425327191109596,3.851786896847439e-08,127.1801208906014,7.318350732354872e-05,3.598696717013593e-06,1.7402895364450188e-05
blk1_spa/state,9,0,8192,0.01605013797268211,2.134184337876139e-07,5.5786287022276415,8.835330929191088e-05,1.9592453579934218e-06,0.00019559251711312814
blk1_spa/c_readout,9,0,512,0.0021285857223890493,5.338969748560722e-08,1.150965926780359,0.00010530385121179653,4.157393989041112e-06,0.00021537609405399965
blk1_spa/d_path,9,0,512,2.4982607151891045e-06,8.956156847774755e-14,125.7693301043684,1.0337529809945067e-07,4.87941545935372e-09,2.6685384913189798e-08
blk1_spa/readout,9,0,512,0.0021283798103127896,5.33830320870666e-08,122.68227978468835,0.00010526820455725172,4.156991817017167e-06,2.0859826882286758e-05
blk1_spa/state,10,0,8192,0.017147683709787857,2.4603971152978693e-07,5.964743725385031,8.64298905440819e-05,2.093223109104963e-06,0.00020309849728116408
blk1_spa/c_readout,10,0,512,0.0015730144513220715,2.4171627605006183e-08,0.4942320488511346,6.21009584235166e-05,3.072293850238421e-06,0.00022115028088882054
blk1_spa/d_path,10,0,512,2.529665168005124e-06,8.663389641479555e-14,119.15260246298014,9.624596719604028e-08,4.940752281260008e-09,2.6964486709181692e-08
blk1_spa/readout,10,0,512,0.001573268739514476,2.4185066255163576e-08,126.31030450061941,6.219720439082366e-05,3.072790506864211e-06,1.3837392172913322e-05
blk1_spa/state,11,0,8192,0.018157705988492145,2.6518829693053835e-07,6.290794735273762,8.977208188465369e-05,2.2165168442983576e-06,0.00020531676828592312
blk1_spa/c_readout,11,0,512,0.002193258440418153,5.992493425484072e-08,0.8547974395329792,0.0001030568335110768,4.283707891441705e-06,0.0002647720736777318
blk1_spa/d_path,11,0,512,2.546036559136766e-06,8.935074435208213e-14,119.52042113525866,1.0159296515155347e-07,4.9727276545639965e-09,2.7341858414542218e-08
blk1_spa/readout,11,0,512,0.002193438878569717,5.992494741112127e-08,124.55312920772849,0.00010301227519282641,4.284060309706478e-06,2.1934437889775364e-05
blk1_spa/state,12,0,8192,0.019243622078822804,3.067702626803756e-07,6.900992946341884,9.392172333306734e-05,2.3490749607937994e-06,0.0002108389464255069
blk1_spa/c_readout,12,0,512,0.002767667968538115,1.1842662920816688e-07,2.224777730033321,0.00016523702065796703,5.405601501051006e-06,0.0002307179423085684
blk1_spa/d_path,12,0,512,2.495555281534223e-06,8.88010078022748e-14,122.48747911552219,1.1228696195075827e-07,4.874131409246529e-09,2.692545797790649e-08
blk1_spa/readout,12,0,512,0.0027678034682410485,1.1842050596323939e-07,123.59596082220814,0.00016518533300891036,5.405866148908298e-06,3.0953610766024094e-05
blk1_spa/state,13,0,8192,0.020461033067914806,3.506812144620239e-07,7.390316429492176,0.00010866239044294082,2.497684700673194e-06,0.0002178335323697745
blk1_spa/c_readout,13,0,512,0.002663939771185911,1.1055550851868583e-07,2.2458713990318553,0.00015889058606450082,5.203007365597482e-06,0.00022186957477732258
blk1_spa/d_path,13,0,512,2.4040023391957988e-06,8.564789655002858e-14,116.40339488784625,1.0872229605496386e-07,4.6953170687417944e-09,2.7125361042738843e-08
blk1_spa/readout,13,0,512,0.002664262243557742,1.1056302101442324e-07,122.21201696738873,0.00015883889841550314,5.2036371944487145e-06,3.007793334489306e-05
blk1_spa/state,14,0,8192,0.02117143592183928,3.8819730581330093e-07,7.6489385145125866,0.00012509805173775354,2.5844037990526466e-06,0.00022528157489437546
blk1_spa/c_readout,14,0,512,0.0030910402018037566,1.1578769959783601e-07,2.467633779100703,0.00015885283056511768,6.037187894147962e-06,0.00021661616339749002
blk1_spa/d_path,14,0,512,2.439202883897096e-06,8.79781162598573e-14,118.56704161864297,1.0515763104734788e-07,4.764068132611515e-09,2.7239889248553102e-08
blk1_spa/readout,14,0,512,0.00309139648194311,1.1582600415809044e-07,131.39064555314584,0.00015879223125248032,6.037883753795137e-06,2.9690725772152316e-05
blk1_spa/state,15,0,8192,0.021950769102697894,4.009180218167513e-07,7.821933395883914,0.00012674286958760245,2.6795372439816765e-06,0.0002263970338437345
blk1_spa/c_readout,15,0,512,0.002488198350275983,8.091465466668577e-08,1.367103484997216,0.00015045748599827602,4.85976240288278e-06,0.00024328363562885427
blk1_spa/d_path,15,0,512,2.5172453936850303e-06,8.676882111010897e-14,116.0796013978846,9.802830014393749e-08,4.916494909541075e-09,2.7340338949942815e-08
blk1_spa/readout,15,0,512,0.002488217556954456,8.0940047472449e-08,124.9159456851877,0.00015040223368378847,4.859799915926672e-06,2.5454981591419648e-05
blk1_spa/state,16,0,8192,0.02311806255868948,4.311122998635863e-07,8.097788872010467,0.0001276704246718774,2.8220291209337742e-06,0.00023073420561772648
blk1_spa/c_readout,16,0,512,0.0023509057417745354,6.972766217429587e-08,1.0363165210049075,0.00013258367064463566,4.591612776903389e-06,0.0002593918588172676
blk1_spa/d_path,16,0,512,2.580722409550873e-06,8.46473159044587e-14,115.85958254450465,8.55519708409247e-08,5.040473456154049e-09,2.702966206987782e-08
blk1_spa/readout,16,0,512,0.00235108777324896,6.975068326550057e-08,124.77383300597454,0.00013253911232657956,4.591968307126875e-06,2.36435385576516e-05
blk1_spa/state,17,0,8192,0.023839520049276516,4.582289901859115e-07,8.457355735374684,0.00012490246425975876,2.9100976622651998e-06,0.00023276837872095445
blk1_spa/c_readout,17,0,512,0.0026988681597405785,7.933387519414123e-08,1.035286464029014,0.00012771054941615803,5.271226874493317e-06,0.0002768210211828357
blk1_spa/d_path,17,0,512,2.4549747477120576e-06,8.784590834924558e-14,118.66214103030072,9.446363424814308e-08,4.7948725541251125e-09,2.7208504952896925e-08
blk1_spa/readout,17,0,512,0.0026994535911153547,7.935762858640159e-08,125.35739441185237,0.00012764816777077748,5.272370295147177e-06,2.5160505508943027e-05
blk1_spa/state,18,0,8192,0.024341625863426565,4.6806618305459705e-07,8.95429876284493,0.00012672077432567333,2.971389875906563e-06,0.00022863243530190521
blk1_spa/c_readout,18,0,512,0.003405805017141358,1.5732909786048192e-07,2.1070379047632466,0.00019493937853271026,6.6519629241042145e-06,0.0002732551475954536
blk1_spa/d_path,18,0,512,2.5314569260803665e-06,8.901984839514983e-14,120.41904001737768,1.0159296515155347e-07,4.944251808750716e-09,2.718916340628769e-08
blk1_spa/readout,18,0,512,0.003406428295335968,1.5738747454356622e-07,128.93623171470696,0.00019488056155281264,6.653180264328062e-06,3.493796429428618e-05
blk1_spa/state,19,0,8192,0.025495024860528074,5.416397681048036e-07,9.560040831264583,0.00017129540635697077,3.112185651919931e-06,0.00023802654794241213
blk1_spa/c_readout,19,0,512,0.004070265122369777,2.6723563834239577e-07,3.5178926278033593,0.0002992408848140546,7.94973656712847e-06,0.00027561693413639433
blk1_spa/d_path,19,0,512,2.5953517741594823e-06,9.439690654583226e-14,131.05932877641868,1.0872229605496386e-07,5.069046433905239e-09,2.6837676369187768e-08
blk1_spa/readout,19,0,512,0.004070658878624577,2.672678196135458e-07,138.9217935908904,0.00029917850316873995,7.950505622313627e-06,4.386197110443155e-05
blk1_spa/state,20,0,8192,0.026748400968169606,6.720747561638018e-07,10.05199070367973,0.00021393991719731442,3.2651856650597663e-06,0.0002585727488847791
blk1_spa/c_readout,20,0,512,0.003454549140938734,2.4357811626729237e-07,2.338119222068598,0.0003211215109638066,6.747166290895965e-06,0.00032276453403314156
blk1_spa/d_path,20,0,512,2.5469785132070655e-06,9.564893358328997e-14,126.22205481152676,1.1585162695837425e-07,4.97456740860755e-09,2.7527859511673808e-08
blk1_spa/readout,20,0,512,0.0034549095805569722,2.4361453649860455e-07,132.33936510484634,0.00032105556465289453,6.747870274525336e-06,4.290491798805442e-05
blk1_spa/state,21,0,8192,0.028060780376188952,7.419939069073099e-07,10.165813046686795,0.00021530420644476356,3.425388229515253e-06,0.0002701650154922203
blk1_spa/c_readout,21,0,512,0.0036598834254097587,2.1257479235335549e-07,2.674793832897755,0.00025943924392198003,7.148209815253435e-06,0.0002819101581159726
blk1_spa/d_path,21,0,512,2.439481438409885e-06,8.394437441977392e-14,114.59216891969332,1.0159296515155347e-07,4.764612184394307e-09,2.7065641729178805e-08
blk1_spa/readout,21,0,512,0.0036601854941587294,2.1263984979895034e-07,130.8962833680981,0.0002593804269419575,7.148799793278768e-06,4.030497635124357e-05
blk1_spa/state,22,0,8192,0.02881085332259984,7.812130699334705e-07,10.15959953415958,0.00021646510199210128,3.5169498684814258e-06,0.00027729782011756704
blk1_spa/c_readout,22,0,512,0.003991079334893243,2.1100062831838907e-07,3.487513956449276,0.0002399918668252593,7.795076825963366e-06,0.0002459709945478746
blk1_spa/d_path,22,0,512,2.4585582649727655e-06,8.295057570832682e-14,111.74146415097832,9.268130174433509e-08,4.801871611274933e-09,2.724598564398788e-08
blk1_spa/readout,22,0,512,0.003991338172119891,2.110552460979509e-07,134.3352433168161,0.00023993126751253868,7.795582367421662e-06,3.96372113783968e-05
blk1_spa/state,23,0,8192,0.029597017257924258,8.287369946982556e-07,10.091775033665112,0.00021356579445263452,3.6129171457427073e-06,0.0002865659479130302
blk1_spa/c_readout,23,0,512,0.0036315687998843818,2.0288282989142837e-07,2.4023267479850468,0.000257034550608784,7.092907812274183e-06,0.00029060735959896884
blk1_spa/d_path,23,0,512,2.4062496342125428e-06,8.182189826062929e-14,109.33741210998163,9.268130174433509e-08,4.699706316821373e-09,2.735586048866875e-08
blk1_spa/readout,23,0,512,0.003632140260579152,2.029370770063722e-07,127.68674332695647,0.00025698108062699454,7.094023946443656e-06,3.9866471165150536e-05
blk1_spa/state,24,0,8192,0.029799584477779622,8.39008762578761e-07,10.424838707587334,0.0002105580734403853,3.6376445895727078e-06,0.0002836929714151811
blk1_spa/c_readout,24,0,512,0.003674090646934932,2.1927333946409316e-07,2.5339167464537735,0.0002665799515096656,7.175958294794789e-06,0.0002941688918844966
blk1_spa/d_path,24,0,512,2.46650441093621e-06,8.47883364712297e-14,117.42443938104198,9.268130174433509e-08,4.817391427609785e-09,2.6871308168552425e-08
blk1_spa/readout,24,0,512,0.0036746942178961834,2.1932157356772163e-07,133.77414356661862,0.0002665264815278068,7.177137144328483e-06,4.0490634929232936e-05
blk1_spa/state,25,0,8192,0.030145067552985075,8.81116731435194e-07,10.918019151170503,0.000226485390241761,3.6798178165264985e-06,0.0002840827073256043
blk1_spa/c_readout,25,0,512,0.004289748623065807,3.394214059209781e-07,2.856657443781856,0.0003498622787409117,8.378415279425404e-06,0.00034469940319557644
blk1_spa/d_path,25,0,512,2.455392581923732e-06,8.51532608692508e-14,121.28512803265474,9.802830014393749e-08,4.795688636569789e-09,2.6497009794357654e-08
blk1_spa/readout,25,0,512,0.004290368372188068,3.3946621423629814e-07,135.51952507748487,0.00034980167942832985,8.37962572692982e-06,5.004922340054675e-05
blk1_spa/state,26,0,8192,0.03131129032944962,9.539972080272682e-07,11.652230848510435,0.00024420159505943867,3.822178995294143e-06,0.00028613370068737964
blk1_spa/c_readout,26,0,512,0.004578317621764643,3.2967498049252877e-07,3.1448427567884014,0.0003143766037978224,8.942026605009069e-06,0.00032377516014301197
blk1_spa/d_path,26,0,512,2.628120727043992e-06,9.746261483778603e-14,131.28260066878084,1.0337529809945067e-07,5.133048295007797e-09,2.7246796228701066e-08
blk1_spa/readout,26,0,512,0.004578499374683721,3.2971798344124287e-07,148.0866148260724,0.00031431243981971946,8.942381591179143e-06,4.718602731348196e-05
blk1_spa/state,27,0,8192,0.032763638922287716,1.0334997468452591e-06,12.257051432816235,0.0002599069424270989,3.999467641880825e-06,0.00029037697926433305
blk1_spa/c_readout,27,0,512,0.004677736796966154,4.1631949929675677e-07,3.6562001309156296,0.00040068373702575877,9.136204681574519e-06,0.00033744142495457555
blk1_spa/d_path,27,0,512,2.6769306731289078e-06,1.0013585609984459e-13,135.3221020328392,1.0693996355115587e-07,5.228380220954898e-09,2.7202601529290127e-08
blk1_spa/readout,27,0,512,0.004677821614844643,4.1634879380964905e-07,147.74286565939263,0.00040062313771316305,9.136370341493443e-06,5.3085436921048316e-05
blk1_spa/state,28,0,8192,0.03408610032031521,1.1481839421524732e-06,12.588385412836656,0.00027693162175584235,4.160900918007228e-06,0.00030200957965523294
blk1_spa/c_readout,28,0,512,0.004559909284226329,4.190071932670337e-07,4.321726784381125,0.00039429420656851566,8.906072820754549e-06,0.00031137381339843947
blk1_spa/d_path,28,0,512,2.5431991639290885e-06,8.827528394129704e-14,123.63203352241673,1.0872229605496386e-07,4.967185867049001e-09,2.6721082952422945e-08
blk1_spa/readout,28,0,512,0.00456035459827867,4.19072562471244e-07,143.4505719875835,0.00039423182492304143,8.906942574763027e-06,5.404972288844813e-05
blk1_spa/state,29,0,8192,0.034983208547793965,1.2268114100034194e-06,12.730936392115058,0.0002916808407092131,4.2704111996818805e-06,0.0003104264576703813
blk1_spa/c_readout,29,0,512,0.004031398566725997,2.54106292977712e-07,3.5371524057977557,0.00028601983617365656,7.873825325636713e-06,0.00026802840621375216
blk1_spa/d_path,29,0,512,2.5502551970202347e-06,8.672982046479464e-14,117.92856364300452,1.0159296515155347e-07,4.980967181680146e-09,2.711906545004252e-08
blk1_spa/readout,29,0,512,0.0040318720650997135,2.5416074723256603e-07,140.9974777635077,0.00028595923686092206,7.874750127147878e-06,4.245692801084941e-05
blk1_spa/state,30,0,8192,0.035117948349430675,1.2252464650099535e-06,12.332020982095914,0.0002884459828684377,4.286858929373862e-06,0.0003152060913343819
blk1_spa/c_readout,30,0,512,0.004801971077893893,3.8762232231547883e-07,4.0900173225674905,0.00037443564504535676,9.37884976151151e-06,0.00030785188410116147
blk1_spa/d_path,30,0,512,2.367437295758279e-06,7.856066566888879e-14,104.79248512862596,9.446363424814308e-08,4.623900968277889e-09,2.738025619758167e-08
blk1_spa/readout,30,0,512,0.004802460634005204,3.8769947904396363e-07,128.9812949266173,0.00037438039273096635,9.379805925791414e-06,5.482570719393155e-05
blk1_spa/state,31,0,8192,0.035262098427024845,1.2217861992414342e-06,12.121509646765107,0.0002886394654252611,4.304455374392681e-06,0.00031748210554362636
blk1_spa/c_readout,31,0,512,0.005587510863292838,4.374653517675079e-07,5.186792967587667,0.00035861722543437113,1.0913107154868824e-05,0.0002904172268820379
blk1_spa/d_path,31,0,512,2.344108840590664e-06,7.575172538379738e-14,104.70443437064485,9.08989692405271e-08,4.578337579278641e-09,2.6897612154663345e-08
blk1_spa/readout,31,0,512,0.005587825203112925,4.3753306514381013e-07,134.4090475887122,0.00035856553778534916,1.0913721099829932e-05,5.7054668666333207e-05
blk1_spa/state,32,0,8192,0.03566712364977695,1.2598262198450908e-06,12.333934160473168,0.00028495822258738784,4.353896929904413e-06,0.00031959833526706664
blk1_spa/c_readout,32,0,512,0.005218499193442375,4.384615885226969e-07,4.075726610450231,0.0003869476324302179,1.0192381237192138e-05,0.0003279920022502987
blk1_spa/d_path,32,0,512,2.423972689236109e-06,8.369450678328563e-14,113.5255809032009,9.268130174433509e-08,4.7343216586642756e-09,2.7151986608325417e-08
blk1_spa/readout,32,0,512,0.0052189555546460166,4.3853119236833654e-07,138.60463377745128,0.00038688881545034803,1.0193272567668001e-05,5.624855499571837e-05
blk1_spa/state,33,0,8192,0.03658329420876696,1.310732628296186e-06,12.888012040449068,0.0002906674261785591,4.465734156343623e-06,0.00031890702687127485
blk1_spa/c_readout,33,0,512,0.0051613022136251276,5.020564285661892e-07,3.700768875367672,0.000415646962909369,1.0080668385986577e-05,0.00036832422586579596
blk1_spa/d_path,33,0,512,2.4979384416479178e-06,9.017866824984665e-14,124.97567838309465,1.0337529809945067e-07,4.8787860188435894e-09,2.6862050255738754e-08
blk1_spa/readout,33,0,512,0.005161856770681024,5.021200718113757e-07,145.86218744796142,0.000415593492927524,1.0081751505236374e-05,5.8672207697664883e-05
blk1_spa/state,34,0,8192,0.03720171969686373,1.3826286485572656e-06,13.620412410456105,0.00031272300816909127,4.5412255489335605e-06,0.0003186087119301837
blk1_spa/c_readout,34,0,512,0.006266858294634,7.389723803918964e-07,5.337773450576426,0.0004598796384681775,1.223995760670703e-05,0.0003720780365202547
blk1_spa/d_path,34,0,512,2.6351450721495695e-06,9.689869726479714e-14,134.18481321997973,1.1050462900286107e-07,5.146767719042128e-09,2.6872451402209736e-08
blk1_spa/readout,34,0,512,0.00626716028667418,7.390322194105588e-07,157.08599081187555,0.00045982616848649904,1.2240547434910508e-05,6.859034044841769e-05
blk1_spa/state,35,0,8192,0.03808932471491305,1.4456090314749915e-06,14.061242230762868,0.0003126695660144174,4.64957577086341e-06,0.0003206369594322323
blk1_spa/c_readout,35,0,512,0.005526636900230762,4.6542672982088403e-07,3.766256233833123,0.00037501095638735327,1.0794212695763207e-05,0.0003515367465242407
blk1_spa/d_path,35,0,512,2.5761639477206444e-06,9.246239633778619e-14,124.34901977430198,1.1050462900286107e-07,5.0315702103918836e-09,2.7268508830332564e-08
blk1_spa/readout,35,0,512,0.005526837867386683,4.6546631824049196e-07,144.48201181868,0.0003749592687383174,1.0794605209739615e-05,5.675932734942623e-05
blk1_spa/state,36,0,8192,0.039598544055990934,1.5194002771906814e-06,14.146936648354618,0.00031722428945277215,4.833806647459831e-06,0.0003277214715593485
blk1_spa/c_readout,36,0,512,0.0050713327419342116,3.9552487947973924e-07,3.403219163471103,0.0003563159732491994,9.904946761590257e-06,0.00034091172986457015
blk1_spa/d_path,36,0,512,2.5424766070258897e-06,8.932096460635917e-14,119.70205340319873,1.0159296515155347e-07,4.965774623097441e-09,2.7316553375124057e-08
blk1_spa/readout,36,0,512,0.00507173852840741,3.955672999575079e-07,139.81764399535848,0.00035626072093464245,9.905739313295723e-06,5.318990340103538e-05
blk1_spa/state,37,0,8192,0.04032815428464919,1.5518906833072435e-06,14.078753446943395,0.0003109342244492219,4.922870396075341e-06,0.0003320079332655627
blk1_spa/c_readout,37,0,512,0.005256592120692129,5.358223939656011e-07,4.333126437971256,0.0004422940622858529,1.0266781485726815e-05,0.0003516492936278179
blk1_spa/d_path,37,0,512,2.454157933540202e-06,8.333710576229318e-14,114.37670430536157,9.624596719604028e-08,4.793277213945707e-09,2.6992954186451285e-08
blk1_spa/readout,37,0,512,0.005257038232706861,5.359016328539603e-07,140.14056273438763,0.00044223880997140697,1.0267652798255588e-05,6.183873709809884e-05
blk1_spa/state,38,0,8192,0.04022001167398728,1.5664902207997415e-06,14.055454527258735,0.0003164849412113091,4.909669393797276e-06,0.00033384232538061855
blk1_spa/c_readout,38,0,512,0.00573635715520473,5.360278099657963e-07,4.48225306689622,0.0004349915423360329,1.1203822568759239e-05,0.00034581631172723933
blk1_spa/d_path,38,0,512,2.256913815612549e-06,7.659868737770876e-14,103.51943287243348,9.802830014393749e-08,4.40803479611826e-09,2.720193018883149e-08
blk1_spa/readout,38,0,512,0.0057368916026346375,5.361000083419153e-07,130.0939233841327,0.0004349362900215592,1.1204866411395776e-05,6.41939945900387e-05
blk1_spa/state,39,0,8192,0.04010618998261891,1.5881646431028642e-06,14.047961826221513,0.0003170741333825555,4.89577514436266e-06,0.00033623359368865023
blk1_spa/c_readout,39,0,512,0.007105038192789003,6.415688892758216e-07,7.5991097378750165,0.0003763626810575349,1.3877027720291021e-05,0.00029056298603828646
blk1_spa/d_path,39,0,512,2.3442669703221952e-06,7.988952459028022e-14,105.59090792838168,9.446363424814308e-08,4.5786464264105375e-09,2.7506267123988766e-08
blk1_spa/readout,39,0,512,0.007105436591092473,6.416786818149443e-07,147.5910824257961,0.00037630208174488367,1.3877805841977487e-05,6.593693364066532e-05
blk1_spa/state,40,0,8192,0.04039194706992708,1.5756636275366046e-06,14.365116479794134,0.0003171353109761854,4.930657601309458e-06,0.00033118997246105126
blk1_spa/c_readout,40,0,512,0.0061920377247082934,4.92894810136192e-07,6.638280946177829,0.0003244282002622251,1.2093823681070886e-05,0.0002724892090592795
blk1_spa/d_path,40,0,512,2.4813296102266236e-06,8.719537729820236e-14,117.76775127741757,9.802830014393749e-08,4.846346894973874e-09,2.7210313117932603e-08
blk1_spa/readout,40,0,512,0.006192422949430583,4.929717976289306e-07,156.72836420805834,0.0003243693832821748,1.2094576073106608e-05,5.6083774807610735e-05
blk1_spa/state,41,0,8192,0.0416364736032474,1.6781430184579522e-06,14.544263206076693,0.0003177054478029351,5.082577344146411e-06,0.0003396789407892435
blk1_spa/c_readout,41,0,512,0.006611531487105913,6.65207101760403e-07,6.934543013878781,0.0004195515315959797,1.2913147435753737e-05,0.00030972018882997307
blk1_spa/d_path,41,0,512,2.344637674012162e-06,8.018803201978034e-14,111.75501902063597,9.268130174433509e-08,4.579370457055004e-09,2.6786826155684137e-08
blk1_spa/readout,41,0,512,0.006612170608352244,6.653171515033982e-07,150.13703120660423,0.00041949449694866914,1.2914395719437977e-05,6.65687570108433e-05
blk1_spa/state,42,0,8192,0.041635480670552574,1.7063775741099314e-06,14.856556526872142,0.0003148929487453711,5.082456136542062e-06,0.0003389053990307109
blk1_spa/c_readout,42,0,512,0.0074038872327135945,8.169650677425434e-07,6.368555707163793,0.0004474934415510251,1.446071725139374e-05,0.0003581634523235081
blk1_spa/d_path,42,0,512,2.3878704979996e-06,8.359828231379284e-14,118.80202532666843,9.624596719604028e-08,4.663809566405469e-09,2.652691555066504e-08
blk1_spa/readout,42,0,512,0.007404251127299084,8.170815468031694e-07,153.7524920472301,0.0004474364069038117,1.4461427983006024e-05,7.289900814130383e-05
blk1_spa/state,43,0,8192,0.04248071126260443,1.7673362335793676e-06,15.027754765701673,0.00032017617901491935,5.185633699048392e-06,0.0003429355760344865
blk1_spa/c_readout,43,0,512,0.006047876517903166,5.214840828246273e-07,5.366622668798343,0.000335783550926394,1.1812258824029622e-05,0.0003117238261011986
blk1_spa/d_path,43,0,512,2.4476139912632533e-06,8.478793972962373e-14,112.86075250548758,9.624596719604028e-08,4.780496076686042e-09,2.7409150176358072e-08
blk1_spa/readout,43,0,512,0.00604833899448855,5.21582572602533e-07,148.93529947575666,0.0003357265162791112,1.181316209861045e-05,5.91783312581209e-05
blk1_spa/state,44,0,8192,0.04268283661154888,1.7481768154557636e-06,15.177037488384425,0.0003139895264358955,5.210307203558213e-06,0.00033939010382318395
blk1_spa/c_readout,44,0,512,0.005701921224190594,4.4548498350349006e-07,4.915500413985825,0.00032417191729300354,1.1136564890997253e-05,0.0003010458648651759
blk1_spa/d_path,44,0,512,2.434051717292718e-06,8.364919473732395e-14,112.91399524949931,9.446363424814308e-08,4.7540072603373396e-09,2.7218049218113275e-08
blk1_spa/readout,44,0,512,0.005702376229017071,4.455638045854823e-07,147.49468746982427,0.0003241095356476542,1.1137453572298967e-05,5.496253596791257e-05
blk1_spa/state,45,0,8192,0.0435684753087342,1.7582555725424185e-06,15.781090556456725,0.00031051754800237585,5.318417396085718e-06,0.0003337893649688006
blk1_spa/c_readout,45,0,512,0.0060306070221124285,4.699554345067836e-07,4.453185305569781,0.0003562680092939613,1.1778529340063337e-05,0.00032485754232791176
blk1_spa/d_path,45,0,512,2.555261070513737e-06,9.441359422541943e-14,130.38365674305436,1.1941629285416866e-07,4.990744278347142e-09,2.690950363617794e-08
blk1_spa/readout,45,0,512,0.006031113670869434,4.700250294878317e-07,158.9495880402051,0.00035620919231393877,1.1779518888416863e-05,5.4378946465482987e-05
blk1_spa/state,46,0,8192,0.04487401630025689,1.833639567770902e-06,16.16745542502819,0.00030780791356802006,5.4777851929024526e-06,0.0003367721347506912
blk1_spa/c_readout,46,0,512,0.006533651855263115,5.332754880546126e-07,5.544739892870751,0.0003784639233768705,1.2761038779810772e-05,0.0003101238893583528
blk1_spa/d_path,46,0,512,2.5043606568520005e-06,9.783501000798614e-14,126.74157713235448,1.3723961966860543e-07,4.8913294079140635e-09,2.77835408588109e-08
blk1_spa/readout,46,0,512,0.00653417059680849,5.33348451798019e-07,162.31201217483718,0.0003783997593986843,1.2762051946891583e-05,5.732316860510682e-05
blk1_spa/state,47,0,8192,0.04488497884844992,1.8535838107015386e-06,16.426923149697252,0.0003180911228364419,5.479123394586172e-06,0.0003359139200840617
blk1_spa/c_readout,47,0,512,0.00810175837721655,7.310657975213632e-07,8.383827872789173,0.00040654739620388236,1.5823746830501075e-05,0.00029529565477263016
blk1_spa/d_path,47,0,512,2.53791684468041e-06,9.936649293950215e-14,126.33504603829556,1.1941629285416866e-07,4.956868837266426e-09,2.8045168878771515e-08
blk1_spa/readout,47,0,512,0.008102223345359549,7.311603384205923e-07,170.374553089686,0.00040648323222569616,1.582465497140537e-05,6.5509449177266e-05
blk1_spa/state,48,0,8192,0.04577846235645539,1.887588997778624e-06,16.85256338966676,0.00031911360605585415,5.588191205621996e-06,0.0003346730441001677
blk1_spa/c_readout,48,0,512,0.007842937513966752,8.593739420994439e-07,6.481667445121881,0.0005335749253876643,1.5318237331966313e-05,0.00036412266946633803
blk1_spa/d_path,48,0,512,2.658386090592657e-06,1.0468629719675762e-13,134.29932224687573,1.1585162695837425e-07,5.192160333188783e-09,2.7919523950298223e-08
blk1_spa/readout,48,0,512,0.00784324146792404,8.594570615984507e-07,171.96906986490262,0.0005335036320786024,1.5318830992039142e-05,7.069471060264628e-05
blk1_spa/state,49,0,8192,0.04629296763106323,2.0196493970554523e-06,17.133408902022243,0.0003679981726007059,5.650997025276273e-06,0.00034333343787503145
blk1_spa/c_readout,49,0,512,0.00868774886663474,1.3856253790688703e-06,8.101880170948013,0.0007863790910931368,1.6968259505145977e-05,0.0004135518870404938
blk1_spa/d_path,49,0,512,2.455819840596618e-06,9.008749162408561e-14,120.09719840083636,9.624596719604028e-08,4.79652312616527e-09,2.7388346215898727e-08
blk1_spa/readout,49,0,512,0.008688071783007331,1.3856715025007901e-06,153.12904657662352,0.0007863095801166065,1.6968890201186194e-05,9.512646396224889e-05
blk1_spa/state,50,0,8192,0.046840868641235794,2.090083071061314e-06,17.050415421765372,0.0003689100862512562,5.717879472807104e-06,0.0003501178810795222
blk1_spa/c_readout,50,0,512,0.007562390481575968,7.91481331719155e-07,6.923523755409014,0.0004928443850177322,1.4770293909328062e-05,0.00033810901038560157
blk1_spa/d_path,50,0,512,2.468335174921066e-06,8.375945823268528e-14,114.43254941392291,9.624596719604028e-08,4.820967138517707e-09,2.705466389670303e-08
blk1_spa/readout,50,0,512,0.007562906469257185,7.915752383095756e-07,153.19989298446814,0.0004927802210397125,1.4771301697767939e-05,7.1881456629184e-05
blk1_spa/state,51,0,8192,0.047683084564518655,2.155117644821001e-06,16.94436875275801,0.00036474835745617384,5.820689033754719e-06,0.0003566340407145334
blk1_spa/c_readout,51,0,512,0.0071348131647643,9.367943325485947e-07,4.983116302197693,0.0006018187096561989,1.3935181962430273e-05,0.00043358237069752325
blk1_spa/d_path,51,0,512,2.464370225885304e-06,8.448825788717238e-14,110.27409219773314,9.624596719604028e-08,4.813223097432234e-09,2.767970338943167e-08
blk1_spa/readout,51,0,512,0.007135200348798514,9.368347979313761e-07,138.77596105182033,0.0006017474163471093,1.3935938181247097e-05,8.216263996891353e-05
blk1_spa/state,52,0,8192,0.04791780743933985,2.1746830441659156e-06,16.943095591756485,0.00037679000420029474,5.84934172843504e-06,0.0003582627074472994
blk1_spa/c_readout,52,0,512,0.007391070057258746,1.0196105445836272e-06,5.255225506888577,0.000654850196274287,1.4435683705583488e-05,0.00044047521956100025
blk1_spa/d_path,52,0,512,2.4694103910594123e-06,8.261497861072963e-14,112.20286435046786,9.802830014393749e-08,4.823067170037915e-09,2.71348500173772e-08
blk1_spa/readout,52,0,512,0.007391535746657027,1.0196703831574467e-06,141.93046947636535,0.0006547842499633472,1.4436593255189506e-05,8.47602214934147e-05
blk1_spa/state,53,0,8192,0.04876708909675227,2.2324690238467735e-06,16.945161364245976,0.0003762309697689925,5.953013805755893e-06,0.00036296927701159925
blk1_spa/c_readout,53,0,512,0.005996027319390384,6.189668956189574e-07,3.872049631946075,0.0005028914047308097,1.1710990858184344e-05,0.00039981883865645215
blk1_spa/d_path,53,0,512,2.454353766667694e-06,8.509447994730454e-14,112.88103022806374,9.802830014393749e-08,4.79365970052284e-09,2.7456186236119316e-08
blk1_spa/readout,53,0,512,0.005996381149085547,6.190103295127316e-07,141.70891411458308,0.0005028290230852939,1.171168193180771e-05,6.609222353316572e-05
blk1_spa/state,54,0,8192,0.04901731949431175,2.2587938584353794e-06,17.53583035824233,0.0003760650223884332,5.983559508582977e-06,0.0003589013826137929
blk1_spa/c_readout,54,0,512,0.0058303925001350525,6.615562489609996e-07,3.5649626253548554,0.0005671435698031968,1.1387485351826274e-05,0.00043078036259343663
blk1_spa/d_path,54,0,512,2.5525946418802903e-06,9.157708581551546e-14,122.40799444365989,1.0515763104734788e-07,4.985536409922442e-09,2.7351964139011647e-08
blk1_spa/readout,54,0,512,0.0058307878298934235,6.616015784524978e-07,150.02256483376283,0.0005670722764941072,1.1388257480260593e-05,6.640793462755419e-05
blk1_spa/state,55,0,8192,0.05028821881121492,2.3605421874315475e-06,17.60419219051314,0.0003880273422178643,6.1386985853533835e-06,0.00036618270848970766
blk1_spa/c_readout,55,0,512,0.006890083365286449,8.54658180729113e-07,5.842399635659249,0.0006219856043034044,1.3457194072825095e-05,0.0003824728365538829
blk1_spa/d_path,55,0,512,2.5144195328064e-06,9.209934735709583e-14,117.39385950776425,9.624596719604028e-08,4.9109756500125e-09,2.8009514806977654e-08
blk1_spa/readout,55,0,512,0.006890477813218157,8.547182546368663e-07,151.89059304604027,0.0006219196579926312,1.3457964478941712e-05,7.501464370615122e-05
blk1_spa/state,56,0,8192,0.05035021579980777,2.3654446039244856e-06,17.953527370660776,0.0003833032287086924,6.146266577124972e-06,0.00036297899749727165
blk1_spa/c_readout,56,0,512,0.008347952351082153,1.2580803419520947e-06,6.6402159641360505,0.0007830401315919722,1.630459443570733e-05,0.0004352743603303417
blk1_spa/d_path,56,0,512,2.600318643519728e-06,9.48602642950016e-14,121.40516719994234,9.268130174433509e-08,5.0787473506244685e-09,2.795268815396555e-08
blk1_spa/readout,56,0,512,0.00834856450591305,1.2581509397489782e-06,158.81023758215343,0.0007829724029484453,1.6305790050611426e-05,8.900760708149796e-05
blk1_spa/state,57,0,8192,0.050903956839183674,2.522948926116467e-06,18.550448093360433,0.00043055723037718763,6.213861918845663e-06,0.00036878820891498654
blk1_spa/c_readout,57,0,512,0.010954411980716018,2.406857413653441e-06,12.190923802938947,0.0010838337877285276,2.1395335899835972e-05,0.00044433126485491606
blk1_spa/d_path,57,0,512,2.404665737421041e-06,8.891960023736683e-14,119.82003307989429,9.981063264774548e-08,4.696612768400471e-09,2.7241689164096626e-08
blk1_spa/readout,57,0,512,0.010954906455066275,2.4069367426597627e-06,159.17826354558287,0.0010837660590850007,2.1396301670051318e-05,0.00012296753207262996
blk1_spa/state,58,0,8192,0.050497788004024394,2.544534040523883e-06,18.2115154245134,0.0004441056130810028,6.164280762210009e-06,0.0003737929358678449
blk1_spa/c_readout,58,0,512,0.010704930383908063,1.5093891303848105e-06,11.870330857350766,0.0006400310100243833,2.0908067156070436e-05,0.00035659003049947404
blk1_spa/d_path,58,0,512,2.400514382383534e-06,8.827281480763664e-14,114.6436762260198,1.0159296515155347e-07,4.68850465309284e-09,2.774843126965068e-08
blk1_spa/readout,58,0,512,0.010705422271339752,1.509530101134707e-06,173.79140903878556,0.0006399686283788952,2.0909027873710453e-05,9.319803090161385e-05
blk1_spa/state,59,0,8192,0.050967880623447856,2.5872120070039324e-06,18.390083789235064,0.00045505768793188683,6.221665115166975e-06,0.00037508021394055274
blk1_spa/c_readout,59,0,512,0.009442325175347967,1.1529156027099894e-06,8.127911105308964,0.0005990290872149862,1.8442041358101498e-05,0.00037662512235515027
blk1_spa/d_path,59,0,512,2.450947230281386e-06,9.049499919460107e-14,117.05618627986176,1.0337529809945067e-07,4.787006309143332e-09,2.7804500977340402e-08
blk1_spa/readout,59,0,512,0.009442901843763132,1.1530203319043336e-06,165.94479945872922,0.0005989613585715148,1.8443167663599868e-05,8.335596036087294e-05
blk1_spa/state,60,0,8192,0.05184331955089866,2.648226036862313e-06,18.501719105831295,0.00045398235702701073,6.328530218615559e-06,0.0003783306129084199
blk1_spa/c_readout,60,0,512,0.009596596402644125,1.2797727362893827e-06,8.333568935225507,0.0006468953964577084,1.8743352348914307e-05,0.00039187802519971646
blk1_spa/d_path,60,0,512,2.39514723032741e-06,8.810223081830979e-14,116.01009306216405,1.0159296515155347e-07,4.678021934233223e-09,2.7557864792738143e-08
blk1_spa/readout,60,0,512,0.009597253450902643,1.279880935656731e-06,165.97163081180577,0.0006468347971451127,1.8744635646294225e-05,8.781482787293584e-05
blk1_spa/state,61,0,8192,0.05278227997060615,2.7289732541864402e-06,18.637462221892992,0.0004528408462049216,6.443149410474384e-06,0.00038265399478064045
blk1_spa/c_readout,61,0,512,0.007675567751904816,8.528653357780235e-07,5.342603213044433,0.0005590260883868992,1.4991343265439093e-05,0.00039954322524785014
blk1_spa/d_path,61,0,512,2.3497249690418442e-06,8.257367860208762e-14,111.31769170813772,9.981063264774548e-08,4.589306580159852e-09,2.723571118681745e-08
blk1_spa/readout,61,0,512,0.007676229339772535,8.529537249644743e-07,148.34632331098888,0.0005589654890743034,1.4992635429243233e-05,7.58270816355208e-05
blk1_spa/state,62,0,8192,0.05419500727212209,2.8638323698080546e-06,18.93196588734062,0.00046314213333630005,6.615601473647716e-06,0.00038893402688246475
blk1_spa/c_readout,62,0,512,0.007496281683071339,8.097032502934258e-07,5.736387361418096,0.0005524547620305853,1.4641175162248708e-05,0.0003757021723141683
blk1_spa/d_path,62,0,512,2.529351018853987e-06,8.909326455509054e-14,115.50249857394047,9.981063264774548e-08,4.940138708699193e-09,2.7773252770377813e-08
blk1_spa/readout,62,0,512,0.007496943048938218,8.097937942199859e-07,155.6640494898473,0.0005523941627179063,1.4642466892457457e-05,7.212620137394895e-05
blk1_spa/state,63,0,8192,0.05453236121795433,2.902410454709902e-06,19.355766315443283,0.00045889371108055743,6.656782375238566e-06,0.0003872346664647333
blk1_spa/c_readout,63,0,512,0.008699772571992814,1.4206382764983444e-06,7.194264996624847,0.000849039186594791,1.6991743304673465e-05,0.0004443738974148636
blk1_spa/d_path,63,0,512,2.535318999852265e-06,8.821257032357362e-14,116.01670772082878,9.802830014393749e-08,4.951794921586455e-09,2.7574330065588522e-08
blk1_spa/readout,63,0,512,0.008700271606305121,1.4206991910980861e-06,157.78811228884817,0.0008489785872820566,1.699271798106469e-05,9.4888575378911e-05
blk1_spe/state,0,0,131072,0.04014727502107023,6.042137194529069e-08,0.3910218713716773,1.5118056840541768e-05,3.0629940049034296e-07,0.00039309250762150017
blk1_spe/c_readout,0,0,8192,0.008987033940121767,4.405803011763045e-08,0.3010317347490851,4.199707320794253e-05,1.0970500415187704e-06,0.00038256602375695163
blk1_spe/d_path,0,0,8192,3.41009474569276e-05,5.698943111182345e-13,617.8642829501226,6.195278956511174e-08,4.162713312613232e-09,3.037040724846515e-08
blk1_spe/readout,0,0,8192,0.008982726820194843,4.4093282541270075e-08,595.0944788011778,4.1951899298897644e-05,1.0965242700433157e-06,8.60782155295328e-06
blk1_spe/state,1,0,131072,0.06648734211153487,1.483056592868342e-07,1.4274029986527872,1.3565058697886934e-05,5.07258164303092e-07,0.0003223335858117103
blk1_spe/c_readout,1,0,8192,0.01564481171971613,1.3500648930783773e-07,1.4369429294791107,4.857543240910367e-05,1.9097670556294102e-06,0.00030651911442598816
blk1_spe/d_path,1,0,8192,2.8977214960868025e-05,4.350290012224728e-13,688.5342205947334,5.4208690869472775e-08,3.537257685652835e-09,2.5136009982139715e-08
blk1_spe/readout,1,0,8192,0.015645151666550717,1.3507537652895677e-07,638.204619903129,4.86218970012775e-05,1.909808553045742e-06,1.4548161769112885e-05
blk1_spe/state,2,0,131072,0.09090446564119173,2.74514264335911e-07,3.9384657949087694,4.3696265867060324e-05,6.935460330291117e-07,0.0002640091136697462
blk1_spe/c_readout,2,0,8192,0.028490426215189376,4.4710315559596167e-07,7.590356230693527,0.00023196539440373254,3.4778352313463594e-06,0.00024270168314617405
blk1_spe/d_path,2,0,8192,3.0261171359846628e-05,4.559413237202969e-13,849.9584373501255,7.485962072451002e-08,3.693990644512528e-09,2.316091075829368e-08
blk1_spe/readout,2,0,8192,0.028490823550345983,4.471793019347127e-07,730.2155404644932,0.0002319496004908883,3.4778837341730936e-06,2.4746587044053563e-05
blk1_spe/state,3,0,131072,0.11749041865542453,4.7653380211136177e-07,6.983656809879342,3.5064252640756854e-05,8.963807575639689e-07,0.00026121939027856433
blk1_spe/c_readout,3,0,8192,0.034662678011036396,5.662707354657229e-07,9.201830795680427,9.055691663745202e-05,4.231283936894091e-06,0.00024807039461033245
blk1_spe/d_path,3,0,8192,3.309181256128113e-05,8.06067981927339e-13,1147.0644633406237,6.582483891293123e-08,4.039527900547013e-09,2.6508913177374603e-08
blk1_spe/readout,3,0,8192,0.03467002296479142,5.667221925621213e-07,985.2378802657902,9.054684121023726e-05,4.232180537694265e-06,2.398361032179328e-05
blk2_spa/state,0,0,8192,0.003598874187169647,1.382931839197896e-08,0.7340452860434918,2.8676818706663276e-05,4.393156966759823e-07,0.00013725840905617442
blk2_spa/c_readout,0,0,512,0.0010697157533490586,3.387885859718566e-08,2.4890527702647396,0.00014734178979924906,2.08928858075988e-06,0.00011666681264240493
blk2_spa/d_path,0,0,512,2.4007139054482707e-06,5.911339687854575e-14,142.6007476072453,8.957335673187572e-08,4.688894346578654e-09,2.0360200803722074e-08
blk2_spa/readout,0,0,512,0.001069292216701656,3.3890632737334475e-08,127.71773460357383,0.00014743136315598093,2.088461360745422e-06,1.628974310094682e-05
blk2_spa/state,1,0,8192,0.005870222343147001,2.080765276570198e-08,0.7851648607294917,1.9387745774644347e-05,7.165798758724366e-07,0.00016279127268021827
blk2_spa/c_readout,1,0,512,0.0016061949092607154,2.3847454432480326e-08,1.1414041517267455,5.390375914789136e-05,3.1370994321498347e-06,0.00014454440636959187
blk2_spa/d_path,1,0,512,1.925525039414566e-06,2.734753943871898e-14,123.41599901571641,3.981038076972254e-08,3.760791092606575e-09,1.4885841729284579e-08
blk2_spa/readout,1,0,512,0.0016061075263540726,2.3841240996879136e-08,113.85335168799404,5.3877753809938866e-05,3.136928762410298e-06,1.4470765933225485e-05
blk2_spa/state,2,0,8192,0.008876145849405482,4.270209212505217e-08,2.441208169181468,2.4770341797542006e-05,1.0835138976325051e-06,0.00013225806646315131
blk2_spa/c_readout,2,0,512,0.0028286463841070957,7.94062543954576e-08,5.356273092642331,0.00011202816917776914,5.524699968959171e-06,0.00012175757772639821
blk2_spa/d_path,2,0,512,2.548596243823198e-06,4.7330189911232053e-14,194.1136991274568,5.4739273558368495e-08,4.9777270387171835e-09,1.561496555764657e-08
blk2_spa/readout,2,0,512,0.002828108611918848,7.938529567837551e-08,164.8644892195441,0.00011208290845132751,5.523649632654e-06,2.1943528986273672e-05
blk2_spa/state,3,0,8192,0.01419412786526581,1.0231826970663766e-07,10.271962262212607,3.4809845501304615e-05,1.7326816241779553e-06,9.98044454792556e-05
blk2_spa/c_readout,3,0,512,0.004978892079393408,2.0024321703066497e-07,20.39067934646643,0.0001665240718486949,9.72439859256525e-06,9.909758236201276e-05
blk2_spa/d_path,3,0,512,3.86107931449331e-06,1.231932277125626e-13,357.63115432361474,8.45970591356604e-08,7.541170536119746e-09,1.8559904823567744e-08
blk2_spa/readout,3,0,512,0.004978468418550563,2.0016930238921403e-07,272.6961826025005,0.0001664643562775403,9.723571129981568e-06,2.7093131730333296e-05
blk2_spa/state,4,0,8192,0.01887925178535853,1.9006890842420582e-07,19.993547493515198,5.550118858121955e-05,2.304596165204899e-06,9.750134595417655e-05
blk2_spa/c_readout,4,0,512,0.007252369635163954,4.911798604159351e-07,38.02887578201239,0.0002714141262096792,1.4164784443679598e-05,0.00011364845399764539
blk2_spa/d_path,4,0,512,3.936286580685788e-06,1.1850401946151904e-13,384.7045230511577,9.70378031261987e-08,7.68805972790193e-09,1.7551041549952472e-08
blk2_spa/readout,4,0,512,0.007251606977483,4.910602466238004e-07,276.79995303135,0.0002713519224897265,1.4163294877896484e-05,4.211961402546603e-05
blk2_spa/state,5,0,8192,0.020621077766061927,2.407483104048326e-07,23.769149864524913,8.68317693263343e-05,2.5172214069899814e-06,0.00010064096665236857
blk2_spa/c_readout,5,0,512,0.006564312295635909,4.6837303818055244e-07,34.4148900887731,0.0004188895369362511,1.2820922452413885e-05,0.00011666020898062595
blk2_spa/d_path,5,0,512,3.785162150826693e-06,1.2373347355733169e-13,365.4437123813658,1.1694299306697076e-07,7.392894825833385e-09,1.8400658084397315e-08
blk2_spa/readout,5,0,512,0.006563166600439363,4.6814334937882064e-07,253.6989131354757,0.00041880991617482266,1.281868476648313e-05,4.2956622341510005e-05
blk2_spa/state,6,0,8192,0.02342165723398339,3.031301736508682e-07,27.810119284203196,0.0001015908540575039,2.859089017820238e-06,0.00010440304329667749
blk2_spa/c_readout,6,0,512,0.00654462600946589,4.3579383075777053e-07,42.17431146367265,0.00034415180714164606,1.2782472674738067e-05,0.00010165214293223665
blk2_spa/d_path,6,0,512,3.840418427270009e-06,1.1088276878007303e-13,363.0792371542168,8.210891033755274e-08,7.500817240761737e-09,1.7475568944730348e-08
blk2_spa/readout,6,0,512,0.006543688229266812,4.356266292512535e-07,258.4075072815323,0.00034408462712409715,1.2780641072786742e-05,4.1058648181421926e-05
blk2_spa/state,7,0,8192,0.024258794856737903,3.33013166679477e-07,27.49285841149363,0.00011713146402736463,2.9612786690353886e-06,0.00011005778163522411
blk2_spa/c_readout,7,0,512,0.006131891084562638,3.5550491761684086e-07,19.34219660861152,0.00035866141798024387,1.1976349774536402e-05,0.00013557197085022204
blk2_spa/d_path,7,0,512,3.612527783580788e-06,1.0296274124802956e-13,312.7126758087812,7.962076153944508e-08,7.055718327306226e-09,1.8145431717297245e-08
blk2_spa/readout,7,0,512,0.006130916027932329,3.5535328560435173e-07,233.22951036440378,0.0003585992142602912,1.197444536705533e-05,3.903358292647273e-05
blk2_spa/state,8,0,8192,0.027154407621639665,4.5287345345625804e-07,35.01779462211629,0.00013935863528069525,3.3147470241259357e-06,0.00011372188149113881
blk2_spa/c_readout,8,0,512,0.008990314524188962,1.0676416483279145e-06,50.133812030936376,0.0006916005820203353,1.7559208055056567e-05,0.00014593094316859087
blk2_spa/d_path,8,0,512,3.865677763226216e-06,1.2787948060477866e-13,381.2457001238336,1.1694299306697076e-07,7.550151881301204e-09,1.831462179573714e-08
blk2_spa/readout,8,0,512,0.00898990947469289,1.0673544597056956e-06,240.69990836370349,0.0006915159849611996,1.755841694275955e-05,6.659112807583103e-05
blk2_spa/state,9,0,8192,0.02888688603715751,4.96756752095491e-07,37.82216596390157,0.00014408081466277256,3.526231205707704e-06,0.0001146037138096596
blk2_spa/c_readout,9,0,512,0.008430373159745801,6.285096409627459e-07,36.43447596197832,0.0004387760411763697,1.6465572577628518e-05,0.00013134081541431617
blk2_spa/d_path,9,0,512,3.7897491504956804e-06,1.1045010407265662e-13,348.91604146159557,8.708520793376806e-08,7.401853809561876e-09,1.7791910956499812e-08
blk2_spa/readout,9,0,512,0.008429100763610108,6.282846086983267e-07,233.27654302890787,0.00043872627820040755,1.646308742892599e-05,5.1897050380394214e-05
blk2_spa/state,10,0,8192,0.030707852969987244,5.609171512121532e-07,42.08075790755566,0.0001371952812896926,3.748517208250396e-06,0.00011545362761553195
blk2_spa/c_readout,10,0,512,0.009031471235480945,6.41617792561458e-07,40.45706846741762,0.000347788889695666,1.763959225679872e-05,0.000125933418959608
blk2_spa/d_path,10,0,512,3.837046877563921e-06,1.140592678059239e-13,361.40150423176686,7.215631514512211e-08,7.494232182742033e-09,1.7765208615468345e-08
blk2_spa/readout,10,0,512,0.009030462709067655,6.413978931633128e-07,236.02135970965455,0.0003477266859757133,1.7637622478647763e-05,5.213004628506035e-05
blk2_spa/state,11,0,8192,0.030189071033391662,5.541754539507796e-07,41.454301872163995,0.0001345728714414185,3.685189335130818e-06,0.00011562156408065023
blk2_spa/c_readout,11,0,512,0.007914005048820932,5.176993402353238e-07,29.853648425263657,0.0003334574662230416,1.5457041110978382e-05,0.0001316861493984368
blk2_spa/d_path,11,0,512,3.7171559825743827e-06,1.0978810880777759e-13,320.4437127874371,8.45970591356604e-08,7.260070278465591e-09,1.8509802060290572e-08
blk2_spa/readout,11,0,512,0.007913086967714202,5.175306871369225e-07,212.2309962609608,0.0003333902862054927,1.54552479838168e-05,4.9381428259552624e-05
blk2_spa/state,12,0,8192,0.030680742511162984,6.28557047964755e-07,44.95689364836914,0.00015056344765589785,3.7452078260697e-06,0.00011824266310139477
blk2_spa/c_readout,12,0,512,0.007995402138024944,6.524007797460017e-07,29.53082289287974,0.0003693247726308524,1.561601980082997e-05,0.00014863444342715676
blk2_spa/d_path,12,0,512,3.5854558455561403e-06,1.103851596491447e-13,321.6032045642106,9.70378031261987e-08,7.0028434483518365e-09,1.8526575954149916e-08
blk2_spa/readout,12,0,512,0.007994999943074996,6.522014720657172e-07,215.0930474109575,0.00036925261631570727,1.561523426381835e-05,5.5065260871510736e-05
blk2_spa/state,13,0,8192,0.03198632135367597,6.602155082632089e-07,45.93685085437632,0.0001505050816506398,3.9045802433686485e-06,0.0001198842832490556
blk2_spa/c_readout,13,0,512,0.00950615766881566,8.076026556133176e-07,37.62864500904398,0.00030699314976689873,1.8566714196905587e-05,0.00014650065933100796
blk2_spa/d_path,13,0,512,3.700874240841756e-06,1.1075541482221146e-13,326.6058329268997,7.713261274133743e-08,7.228270001644055e-09,1.8414948799904295e-08
blk2_spa/readout,13,0,512,0.009505759853011827,8.074217822524605e-07,211.57256107619216,0.0003069483630885328,1.8565937212913724e-05,6.177611021580537e-05
blk2_spa/state,14,0,8192,0.0321778347001998,6.777427158352096e-07,45.70661856423319,0.00015013169525273512,3.927958337426734e-06,0.00012177072252028615
blk2_spa/c_readout,14,0,512,0.009304143160117753,7.296377661154768e-07,43.272357264908706,0.00029605130850124395,1.8172154609604987e-05,0.00012985191998651224
blk2_spa/d_path,14,0,512,3.559347458104156e-06,1.0554820704128306e-13,312.3793128246241,7.713261274133743e-08,6.95185050410968e-09,1.8381641745851378e-08
blk2_spa/readout,14,0,512,0.009303606179730604,7.295217537271871e-07,221.07618749443338,0.0002959990573765392,1.8171105819786337e-05,5.744445852707999e-05
blk2_spa/state,15,0,8192,0.03311338135780666,7.035679965254159e-07,47.88717783578431,0.00015016897327380097,4.042160810279133e-06,0.00012121138580423483
blk2_spa/c_readout,15,0,512,0.008388774341034005,5.873775091310467e-07,32.98731730883652,0.00026868717778771867,1.638432488483204e-05,0.00013343973094018992
blk2_spa/d_path,15,0,512,3.706917138579513e-06,1.0661251523740679e-13,324.97577527838484,8.708520793376806e-08,7.240072536288111e-09,1.811250842512477e-08
blk2_spa/readout,15,0,512,0.008388057042127467,5.871906605500202e-07,219.59732464414182,0.0002686000925797849,1.638292391040521e-05,5.1710179733407144e-05
blk2_spe/state,0,0,32768,0.006604529801719123,8.60922966416153e-09,0.2336500090129638,8.181094882972473e-06,2.015542542028541e-07,0.0001919549189628447
blk2_spe/c_readout,0,0,2048,0.0007490791551213661,1.3015334826730008e-09,0.036487190240276184,5.223825935595254e-06,3.6576130621160454e-07,0.00018886760015931806
blk2_spe/d_path,0,0,2048,8.416120066634392e-06,9.214936088592984e-14,204.1701603925024,2.2874115934712336e-08,4.109433626286324e-09,2.1244671922641676e-08
blk2_spe/readout,0,0,2048,0.0007501410135680869,1.3010663379943945e-09,200.73610148441313,5.205526642848568e-06,3.6627979178129245e-07,2.5458744209720677e-06
blk2_spe/state,1,0,32768,0.018204174294464012,7.11667409108797e-08,1.8055300948850348,2.4742959419690735e-05,5.555473112324222e-07,0.0001985345852782785
blk2_spe/c_readout,1,0,2048,0.005442485267813117,8.099542700030384e-08,2.119710301926055,5.835265036381598e-05,2.6574635096743734e-06,0.00019547534774463907
blk2_spe/d_path,1,0,2048,1.309395669846225e-05,2.712058024476759e-13,603.5224058519522,4.574823186942467e-08,6.393533544171021e-09,2.1198385687358415e-08
blk2_spe/readout,1,0,2048,0.005444157188812573,8.105589566561895e-08,567.3830624083005,5.83916985001931e-05,2.658279877349889e-06,1.1952372538520166e-05
blk2_spe/state,2,0,32768,0.03429481368987744,2.4621800367445147e-07,8.049943914034932,5.765729873158376e-05,1.0465946560631543e-06,0.0001748893950869164
blk2_spe/c_readout,2,0,2048,0.008415849426355357,2.1263196210252208e-07,6.631310987729219,0.00013973890243246245,4.1093014777125766e-06,0.00017906659507745915
blk2_spe/d_path,2,0,2048,1.3969355084242352e-05,4.3521398877204313e-13,929.277369229573,7.92969352403361e-08,6.820974162227711e-09,2.1641070639447394e-08
blk2_spe/readout,2,0,2048,0.008415198483562532,2.1254169412445879e-07,824.8812226836944,0.00013965960549722212,4.108983634552018e-06,1.6051896845930043e-05
blk2_spe/state,3,0,32768,0.06458724939668266,7.962296526914295e-07,38.49829149214909,8.403189746947204e-05,1.971046429342122e-06,0.0001438130991636256
blk2_spe/c_readout,3,0,2048,0.021899558080276823,1.3583677809162518e-06,84.07420948613543,0.0003072870712224063,1.0693143593885167e-05,0.0001271092890846653
blk2_spe/d_path,3,0,2048,2.1270073347956497e-05,8.048907181968933e-13,1742.1068864874533,9.454634586347765e-08,1.0385778001931883e-08,2.149468380525772e-08
blk2_spe/readout,3,0,2048,0.021901437006133482,1.3586161703001845e-06,1332.950168451858,0.0003072047244048193,1.0694061038151114e-05,3.19257738320637e-05
