core,time,saturation_count,count,abs_sum,squared_error,reference_squared,max_abs_error,mae,relative_l2
blk0_spa/state,0,0,8192,6.263912275612241e-05,1.252366042368534e-12,0.03961702562494558,2.9797490797272425e-08,7.646377289565724e-09,5.622438432413663e-06
blk0_spa/c_readout,0,0,512,5.808474035090982e-06,1.850153308711291e-13,0.019524956894092203,6.967323775558532e-08,1.1344675849787074e-08,3.0782849319367197e-06
blk0_spa/d_path,0,0,512,0.0,0.0,19.599686747829104,0.0,0.0,0.0
blk0_spa/readout,0,0,512,5.808474035206429e-06,1.8501533086783514e-13,20.30128124513268,6.967323773476863e-08,1.1344675850012557e-08,9.546455104215166e-08
blk0_spa/state,1,0,8192,8.574573796270685e-05,2.3487531710044166e-12,0.09743740089475561,5.624588891471258e-08,1.0467009028650739e-08,4.909710042360202e-06
blk0_spa/c_readout,1,0,512,7.758579847537887e-06,3.115508055352376e-13,0.050215021536517634,8.724026650955632e-08,1.5153476264722436e-08,2.490850216025671e-06
blk0_spa/d_path,1,0,512,0.0,0.0,20.64604419461655,0.0,0.0,0.0
blk0_spa/readout,1,0,512,7.758579847688259e-06,3.115508055329831e-13,21.816304306066026,8.724026651085737e-08,1.515347626501613e-08,1.195016351648991e-07
blk0_spa/state,2,0,8192,0.00010299493311276792,3.2862583764703213e-12,0.14057941562894322,7.951320680978265e-08,1.2572623670992177e-08,4.83492772283564e-06
blk0_spa/c_readout,2,0,512,8.614043806490518e-06,3.82124891947958e-13,0.0638805418041703,1.0771145464091858e-07,1.6824304309551794e-08,2.4457855172314317e-06
blk0_spa/d_path,2,0,512,0.0,0.0,19.802729859819763,0.0,0.0,0.0
blk0_spa/readout,2,0,512,8.614043806569604e-06,3.821248919548974e-13,21.128268770193564,1.0771145464438803e-07,1.6824304309706258e-08,1.344840278901335e-07
blk0_spa/state,3,0,8192,0.00011689931172669165,4.193338912056304e-12,0.17632759215429217,9.904039007657814e-08,1.4269935513512165e-08,4.876630421580685e-06
blk0_spa/c_readout,3,0,512,9.557426326642146e-06,4.4814464646083414e-13,0.07250325157022787,1.1568857471912913e-07,1.866684829422294e-08,2.486167382534357e-06
blk0_spa/d_path,3,0,512,0.0,0.0,20.64037259680481,0.0,0.0,0.0
blk0_spa/readout,3,0,512,9.557426326648827e-06,4.481446464456861e-13,22.000691634521143,1.156885747199965e-07,1.866684829423599e-08,1.4272200539818065e-07
blk0_spa/state,4,0,8192,0.00013159678669657794,5.273185665557902e-12,0.2167880488532057,1.174163183435134e-07,1.606406087604711e-08,4.931952248825038e-06
blk0_spa/c_readout,4,0,512,1.0513409043156238e-05,5.600002791626629e-13,0.08606926529614219,1.624636654768384e-07,2.0534002037414528e-08,2.5507627953369095e-06
blk0_spa/d_path,4,0,512,0.0,0.0,21.354254381556466,0.0,0.0,0.0
blk0_spa/readout,4,0,512,1.051340904277111e-05,5.600002791319311e-13,22.94095735994758,1.6246366552064018e-07,2.0534002036662323e-08,1.5623860509386766e-07
blk0_spa/state,5,0,8192,0.00014358848423157625,6.2655764736647734e-12,0.25713068814187234,1.374022747069152e-07,1.7527891141549835e-08,4.936322911403489e-06
blk0_spa/c_readout,5,0,512,1.1284587876863191e-05,6.450268972777823e-13,0.09768221164951155,1.4581898551612946e-07,2.204021069699842e-08,2.5696925795517416e-06
blk0_spa/d_path,5,0,512,0.0,0.0,19.42005197100493,0.0,0.0,0.0
blk0_spa/readout,5,0,512,1.1284587876460813e-05,6.450268972450261e-13,21.171599474941,1.4581898549748118e-07,2.2040210696212525e-08,1.74546874956489e-07
blk0_spa/state,6,0,8192,0.00015050722756970185,7.044050362215129e-12,0.29049888793925616,1.5466382371391932e-07,1.837246430294212e-08,4.9242374764960464e-06
blk0_spa/c_readout,6,0,512,1.1765252863345205e-05,6.972935516926087e-13,0.12264890329446745,1.3853151051637647e-07,2.2979009498721104e-08,2.384382852654767e-06
blk0_spa/d_path,6,0,512,0.0,0.0,19.925150315259224,0.0,0.0,0.0
blk0_spa/readout,6,0,512,1.1765252863435123e-05,6.972935516675712e-13,21.9067134232979,1.3853151051290702e-07,2.2979009498896725e-08,1.784100073117322e-07
blk0_spa/state,7,0,8192,0.0001613606079552095,8.115721414674773e-12,0.3205391969286241,1.7702762436155729e-07,1.969733983828241e-08,5.031795624241152e-06
blk0_spa/c_readout,7,0,512,1.2943879918091226e-05,8.207437062432948e-13,0.14386931266993047,1.7860759753086583e-07,2.5281015465021926e-08,2.3884694796530997e-06
blk0_spa/d_path,7,0,512,0.0,0.0,19.947836659745874,0.0,0.0,0.0
blk0_spa/readout,7,0,512,1.2943879918192789e-05,8.207437062559152e-13,22.081899293440735,1.7860759751742172e-07,2.528101546522029e-08,1.927904726631983e-07
blk0_spa/state,8,0,8192,0.00016912565910176734,8.960697513022742e-12,0.34992302031318034,2.039811437127621e-07,2.0645222058321208e-08,5.060397720106884e-06
blk0_spa/c_readout,8,0,512,1.485813280543943e-05,1.0721255880941393e-12,0.17121157574811993,1.8404850747437418e-07,2.9019790635623887e-08,2.5023973328572296e-06
blk0_spa/d_path,8,0,512,0.0,0.0,21.99698339613629,0.0,0.0,0.0
blk0_spa/readout,8,0,512,1.4858132805385174e-05,1.0721255880914908e-12,24.342439691128767,1.840485074899867e-07,2.901979063551792e-08,2.0986536902279034e-07
blk0_spa/state,9,0,8192,0.00017540462171720654,9.66260146241587e-12,0.38666085310244236,1.9609356334983325e-07,2.141169698696369e-08,4.998986123736123e-06
blk0_spa/c_readout,9,0,512,1.5978449669036932e-05,1.1797671480021463e-12,0.16741710747454566,1.7057582974051855e-07,3.120790950983776e-08,2.6545947562986765e-06
blk0_spa/d_path,9,0,512,0.0,0.0,23.60929712934275,0.0,0.0,0.0
blk0_spa/readout,9,0,512,1.597844966906646e-05,1.1797671479979013e-12,25.94375685190905,1.7057582973878382e-07,3.120790950989543e-08,2.1324640411232397e-07
blk0_spa/state,10,0,8192,0.00018365253799782624,1.0476947361994081e-11,0.4135354361194033,2.1817998358480574e-07,2.2418522704812774e-08,5.033395027537115e-06
blk0_spa/c_readout,10,0,512,1.627298460509267e-05,1.2170119563558422e-12,0.17612328503061453,2.0975111865656829e-07,3.1783173056821623e-08,2.6286879469554727e-06
blk0_spa/d_path,10,0,512,0.0,0.0,21.897678985775233,0.0,0.0,0.0
blk0_spa/readout,10,0,512,1.6272984604872646e-05,1.217011956316807e-12,24.330654980320595,2.097511186405221e-07,3.1783173056391887e-08,2.2365083415583286e-07
blk0_spa/state,11,0,8192,0.00018853070295523117,1.1325121985660399e-11,0.43235072711194406,2.4608897506367273e-07,2.3014001825589743e-08,5.1180361306659055e-06
blk0_spa/c_readout,11,0,512,1.658429765309559e-05,1.2572517489714632e-12,0.22179145808596415,1.8659217516231452e-07,3.2391206353702326e-08,2.380886629909419e-06
blk0_spa/d_path,11,0,512,0.0,0.0,21.330571144239713,0.0,0.0,0.0
blk0_spa/readout,11,0,512,1.6584297653594608e-05,1.2572517489964489e-12,24.12205075066101,1.8659217516231452e-07,3.239120635467697e-08,2.282990008490114e-07
blk0_spa/state,12,0,8192,0.00019593968080546879,1.2287600109433405e-11,0.46169166418153496,2.6932643616915235e-07,2.3918418067073826e-08,5.1589048493808565e-06
blk0_spa/c_readout,12,0,512,1.6457052779431753e-05,1.237780983373795e-12,0.2019982285455496,1.9704843090117413e-07,3.214268120982764e-08,2.47541559495422e-06
blk0_spa/d_path,12,0,512,0.0,0.0,21.074249489703263,0.0,0.0,0.0
blk0_spa/readout,12,0,512,1.6457052779785854e-05,1.237780983395055e-12,23.821246568630325,1.9704843090551094e-07,3.2142681210519246e-08,2.279500337602586e-07
blk0_spa/state,13,0,8192,0.00019922087143960324,1.292866673734198e-11,0.5052286609940163,2.824728518285627e-07,2.4318954033154692e-08,5.058629596343796e-06
blk0_spa/c_readout,13,0,512,1.7953003749763943e-05,1.4310589969050815e-12,0.257567019063592,2.3340173060503594e-07,3.50644604487577e-08,2.357130586245642e-06
blk0_spa/d_path,13,0,512,0.0,0.0,21.957179155983106,0.0,0.0,0.0
blk0_spa/readout,13,0,512,1.795300374990325e-05,1.431058996894791e-12,25.210459286982694,2.3340173060937275e-07,3.5064460449029784e-08,2.3825300683893156e-07
blk0_spa/state,14,0,8192,0.0002059578645559885,1.3871898836125698e-11,0.5337816447269803,3.0437599996390726e-07,2.514134088818219e-08,5.09783927301647e-06
blk0_spa/c_readout,14,0,512,1.8326760510947593e-05,1.5214322371658267e-12,0.2633724635217058,2.2729551456962538e-07,3.579445412294452e-08,2.403483383910365e-06
blk0_spa/d_path,14,0,512,0.0,0.0,21.057973777820074,0.0,0.0,0.0
blk0_spa/readout,14,0,512,1.83267605106821e-05,1.5214322371388298e-12,24.29495056984762,2.2729551457656427e-07,3.5794454122425975e-08,2.502466642877483e-07
blk0_spa/state,15,0,8192,0.00021191981132934678,1.4794357444537003e-11,0.5774513041136159,3.304950289580398e-07,2.5869117593914402e-08,5.061629708258731e-06
blk0_spa/c_readout,15,0,512,1.896908130804845e-05,1.7163475440799472e-12,0.3100034717881833,2.3290437056733282e-07,3.704898692978213e-08,2.3529859700824264e-06
blk0_spa/d_path,15,0,512,0.0,0.0,21.632592159001018,0.0,0.0,0.0
blk0_spa/readout,15,0,512,1.896908130806569e-05,1.7163475441082276e-12,25.23825537541358,2.3290437056733282e-07,3.70489869298158e-08,2.607792015186901e-07
blk0_spa/state,16,0,8192,0.00021695184503664957,1.5671501701303947e-11,0.5896789189910624,3.4412768019228776e-07,2.6483379521075387e-08,5.155223590186197e-06
blk0_spa/c_readout,16,0,512,1.9532753131511127e-05,1.7742987855953558e-12,0.30898721555662767,2.591099703182914e-07,3.814990845998267e-08,2.3963106741699375e-06
blk0_spa/d_path,16,0,512,0.0,0.0,21.12639384031489,0.0,0.0,0.0
blk0_spa/readout,16,0,512,1.9532753131495453e-05,1.7742987855764993e-12,24.543625595217996,2.5910997031308725e-07,3.814990845995206e-08,2.688710350166042e-07
blk0_spa/state,17,0,8192,0.00022082751493507976,1.6372062583412698e-11,0.6494329356305535,3.5934291778619886e-07,2.6956483756723603e-08,5.020934352583217e-06
blk0_spa/c_readout,17,0,512,2.1594666108007775e-05,2.1344704679361277e-12,0.31934089924328135,2.4698230142106896e-07,4.2177082242202686e-08,2.5853408194849878e-06
blk0_spa/d_path,17,0,512,0.0,0.0,24.108002193173498,0.0,0.0,0.0
blk0_spa/readout,17,0,512,2.159466610800042e-05,2.1344704679614755e-12,27.888527969581673,2.4698230142106896e-07,4.217708224218832e-08,2.766510222841411e-07
blk0_spa/state,18,0,8192,0.0002253229228265796,1.7029051566634707e-11,0.6462629116726747,3.7427460589150647e-07,2.7505239602853956e-08,5.133228700856157e-06
blk0_spa/c_readout,18,0,512,2.0128164541206816e-05,1.9393236129509672e-12,0.28608657733132437,2.3318547370403163e-07,3.931282136954456e-08,2.603612822451461e-06
blk0_spa/d_path,18,0,512,0.0,0.0,21.949926428991038,0.0,0.0,0.0
blk0_spa/readout,18,0,512,2.0128164541271658e-05,1.939323612958228e-12,25.336518623074696,2.3318547370403163e-07,3.9312821369671206e-08,2.7666337629660823e-07
blk0_spa/state,19,0,8192,0.000229625904814887,1.7797513730343113e-11,0.6406287020680456,3.8892381909306595e-07,2.8030505958848512e-08,5.270799209189663e-06
blk0_spa/c_readout,19,0,512,1.9884387803159588e-05,1.8605714898421943e-12,0.2897533129092207,2.2554137015092998e-07,3.883669492804607e-08,2.534013800815126e-06
blk0_spa/d_path,19,0,512,0.0,0.0,21.24652848131379,0.0,0.0,0.0
blk0_spa/readout,19,0,512,1.988438780343884e-05,1.8605714898817956e-12,24.572830453955294,2.2554137013575115e-07,3.883669492859149e-08,2.751665183860123e-07
blk0_spa/state,20,0,8192,0.00023253920630032841,1.8499747057900924e-11,0.6598641542295138,4.0783688488875875e-07,2.838613358158306e-08,5.2948739630532585e-06
blk0_spa/c_readout,20,0,512,1.980236809978022e-05,1.887739907354711e-12,0.314650595926383,2.506727511198195e-07,3.8676500194883245e-08,2.449383563558676e-06
blk0_spa/d_path,20,0,512,0.0,0.0,21.14923487596934,0.0,0.0,0.0
blk0_spa/readout,20,0,512,1.980236809974596e-05,1.887739907384031e-12,24.82179780684672,2.5067275111201326e-07,3.867650019481633e-08,2.757747259648408e-07
blk0_spa/state,21,0,8192,0.00023619326555247556,1.9217579737071415e-11,0.6717361301048013,4.2297988637943995e-07,2.8832185736386177e-08,5.348721579576463e-06
blk0_spa/c_readout,21,0,512,2.0763695431591326e-05,2.0093762552423907e-12,0.3398068147967055,2.9073298173483975e-07,4.055409263982681e-08,2.4317257339677394e-06
blk0_spa/d_path,21,0,512,0.0,0.0,20.035883863837668,0.0,0.0,0.0
blk0_spa/readout,21,0,512,2.0763695431535516e-05,2.0093762552436804e-12,23.839916589726787,2.9073298173483975e-07,4.0554092639717805e-08,2.9032087703684093e-07
blk0_spa/state,22,0,8192,0.0002406492471769509,2.0082383349928505e-11,0.6916527978269743,4.449941071262188e-07,2.937612880578014e-08,5.388446279393689e-06
blk0_spa/c_readout,22,0,512,2.11490640909472e-05,2.22167619032263e-12,0.3645232618390574,3.626604876916569e-07,4.130676580263125e-08,2.4687536579704295e-06
blk0_spa/d_path,22,0,512,0.0,0.0,20.40127198967712,0.0,0.0,0.0
blk0_spa/readout,22,0,512,2.114906409103296e-05,2.2216761903353196e-12,24.396726531786783,3.626604876916569e-07,4.130676580279875e-08,3.017689844318528e-07
blk0_spa/state,23,0,8192,0.00024294356896581963,2.0854924341120105e-11,0.70192721952785,4.6378716526532845e-07,2.9656197383522904e-08,5.450775150457119e-06
blk0_spa/c_readout,23,0,512,2.1233138305310535e-05,2.1786492131420494e-12,0.3565539959171927,3.0210728073976065e-07,4.147097325255964e-08,2.471900587999384e-06
blk0_spa/d_path,23,0,512,0.0,0.0,20.313104474205698,0.0,0.0,0.0
blk0_spa/readout,23,0,512,2.1233138305273617e-05,2.178649213179007e-12,24.14438140229158,3.0210728073976065e-07,4.1470973252487534e-08,3.003900985397112e-07
blk0_spa/state,24,0,8192,0.0002477507005317199,2.1901270311386903e-11,0.7008816306371319,4.83421175203416e-07,3.0243005436000965e-08,5.590006512248427e-06
blk0_spa/c_readout,24,0,512,2.1778067941524904e-05,2.332720007147763e-12,0.3462962144145171,3.0007102826828946e-07,4.253528894829083e-08,2.595418734011711e-06
blk0_spa/d_path,24,0,512,0.0,0.0,21.60681212731344,0.0,0.0,0.0
blk0_spa/readout,24,0,512,2.1778067941013025e-05,2.3327200070624315e-12,25.30796190485645,3.000710282474728e-07,4.2535288947291065e-08,3.0360066680009173e-07
blk0_spa/state,25,0,8192,0.00025120035875734483,2.2743145987879963e-11,0.7218864381697945,5.054227134832064e-07,3.0664106293621195e-08,5.612945534911985e-06
blk0_spa/c_readout,25,0,512,2.2083549823352373e-05,2.3654211686658165e-12,0.35283129323602913,3.1204257186686886e-07,4.31319332487351e-08,2.5892303635287746e-06
blk0_spa/d_path,25,0,512,0.0,0.0,22.683761818920356,0.0,0.0,0.0
blk0_spa/readout,25,0,512,2.2083549823360206e-05,2.3654211686532173e-12,26.546135229234814,3.1204257186686886e-07,4.31319332487504e-08,2.9850635976644773e-07
blk0_spa/state,26,0,8192,0.00025324835114430756,2.338130283467922e-11,0.7344383722570059,5.260282088138347e-07,3.0914105364295356e-08,5.6423064955611844e-06
blk0_spa/c_readout,26,0,512,2.167154497362824e-05,2.2394744550999074e-12,0.3566802235325559,3.155247467822243e-07,4.2327236276617655e-08,2.5057257811004075e-06
blk0_spa/d_path,26,0,512,0.0,0.0,21.19342170430437,0.0,0.0,0.0
blk0_spa/readout,26,0,512,2.1671544973651414e-05,2.239474455078835e-12,25.139973714326835,3.155247467822243e-07,4.232723627666292e-08,2.984631009318207e-07
blk0_spa/state,27,0,8192,0.0002547096362636002,2.4163589217992485e-11,0.7574564737691847,5.477756281760911e-07,3.1092484895459006e-08,5.648093547520907e-06
blk0_spa/c_readout,27,0,512,2.1588339182827e-05,2.249409449960673e-12,0.38792873153341767,2.9594141551370006e-07,4.2164724966458987e-08,2.408009990853573e-06
blk0_spa/d_path,27,0,512,0.0,0.0,21.663751502538176,0.0,0.0,0.0
blk0_spa/readout,27,0,512,2.15883391827716e-05,2.2494094499401085e-12,25.975994704541385,2.9594141551370006e-07,4.216472496635078e-08,2.942714736500815e-07
blk0_spa/state,28,0,8192,0.00025735466499414363,2.504568352956982e-11,0.776859236979174,5.681431289582436e-07,3.1415364379167924e-08,5.677998550997286e-06
blk0_spa/c_readout,28,0,512,2.1171168031693615e-05,2.269701591805675e-12,0.4224474027887957,3.557692846113469e-07,4.134993756190159e-08,2.3179179512499517e-06
blk0_spa/d_path,28,0,512,0.0,0.0,21.06355941653428,0.0,0.0,0.0
blk0_spa/readout,28,0,512,2.1171168031956263e-05,2.2697015917936155e-12,25.513870254082004,3.557692846113469e-07,4.134993756241458e-08,2.982608215534582e-07
blk0_spa/state,29,0,8192,0.0002614979054054694,2.6220174581334736e-11,0.7921153215860026,5.861206762224908e-07,3.192113103094109e-08,5.7533869327020695e-06
blk0_spa/c_readout,29,0,512,2.1535583087208802e-05,2.4336331555760756e-12,0.390228409275332,3.6057171590891165e-07,4.206168571720469e-08,2.497285036838843e-06
blk0_spa/d_path,29,0,512,0.0,0.0,22.31887209411092,0.0,0.0,0.0
blk0_spa/readout,29,0,512,2.153558308740244e-05,2.4336331555959607e-12,26.60731617027589,3.6057171590891165e-07,4.206168571758289e-08,3.024314987039627e-07
blk0_spa/state,30,0,8192,0.0002662699125885563,2.7502247535420272e-11,0.8215079981552224,6.029734500929509e-07,3.250365143903275e-08,5.785996882214688e-06
blk0_spa/c_readout,30,0,512,2.2860645604828032e-05,2.680643182874233e-12,0.3958970914470803,4.758390238920006e-07,4.464969844692975e-08,2.6021261619924376e-06
blk0_spa/d_path,30,0,512,0.0,0.0,22.28570189192031,0.0,0.0,0.0
blk0_spa/readout,30,0,512,2.286064560468985e-05,2.6806431828771004e-12,26.651952430327107,4.758390238920006e-07,4.4649698446659865e-08,3.1714289770982586e-07
blk0_spa/state,31,0,8192,0.00026887732115852555,2.863437583666765e-11,0.8336605462536116,6.230307766923055e-07,3.2821938617984076e-08,5.860696559739303e-06
blk0_spa/c_readout,31,0,512,2.3068472974219696e-05,2.6587844457791302e-12,0.40943793955804014,4.196957069074449e-07,4.505561127777284e-08,2.548282215014203e-06
blk0_spa/d_path,31,0,512,0.0,0.0,21.760598310917437,0.0,0.0,0.0
blk0_spa/readout,31,0,512,2.306847297392864e-05,2.658784445756366e-12,26.19157703065443,4.196957069074449e-07,4.505561127720438e-08,3.186109814363166e-07
blk0_spa/state,32,0,8192,0.00026749815848402746,2.9011747817592076e-11,0.8633634473980067,6.441996486773207e-07,3.265358379931976e-08,5.796824042877171e-06
blk0_spa/c_readout,32,0,512,2.4271063913498997e-05,3.1703644427821867e-12,0.5169088408657114,5.329751742542926e-07,4.740442170605273e-08,2.4765529291455062e-06
blk0_spa/d_path,32,0,512,0.0,0.0,23.24811986190666,0.0,0.0,0.0
blk0_spa/readout,32,0,512,2.4271063913404603e-05,3.170364442734804e-12,28.28170285101683,5.329751742542926e-07,4.7404421705868366e-08,3.348126180116763e-07
blk0_spa/state,33,0,8192,0.000270860096472674,2.9893326076969835e-11,0.9428051495897155,6.652422642586762e-07,3.3063976620199466e-08,5.630878373760193e-06
blk0_spa/c_readout,33,0,512,2.5338660110414637e-05,3.348610327991632e-12,0.4562716392887078,4.890702080069936e-07,4.948957052815359e-08,2.709072131787561e-06
blk0_spa/d_path,33,0,512,0.0,0.0,26.748111844093046,0.0,0.0,0.0
blk0_spa/readout,33,0,512,2.5338660109952767e-05,3.3486103278710017e-12,31.808975558276927,4.890702080069936e-07,4.94895705272515e-08,3.2445723659398144e-07
blk0_spa/state,34,0,8192,0.0002717191836659677,3.0572242940966175e-11,0.9333580429566238,6.849496825124312e-07,3.3168845662349574e-08,5.723207789462016e-06
blk0_spa/c_readout,34,0,512,2.37769537424882e-05,3.3537717611184064e-12,0.4153984301097289,6.904445094153771e-07,4.643936277829727e-08,2.8414127596061624e-06
blk0_spa/d_path,34,0,512,0.0,0.0,23.928453266797874,0.0,0.0,0.0
blk0_spa/readout,34,0,512,2.377695374267261e-05,3.3537717611539933e-12,28.27639399913871,6.904445094153771e-07,4.643936277865744e-08,3.4439333625814584e-07
blk0_spa/state,35,0,8192,0.00027394695968025297,3.1110776531846003e-11,0.8983829591298855,7.034127978559789e-07,3.344079097659338e-08,5.884704679796141e-06
blk0_spa/c_readout,35,0,512,2.3148426099134508e-05,2.9351663816273487e-12,0.40421030453854734,5.321262185893363e-07,4.5211769724872086e-08,2.694713957674888e-06
blk0_spa/d_path,35,0,512,0.0,0.0,20.63763992213509,0.0,0.0,0.0
blk0_spa/readout,35,0,512,2.3148426099159895e-05,2.935166381642502e-12,24.87159917755611,5.321262185893363e-07,4.521176972492167e-08,3.435298716980719e-07
blk0_spa/state,36,0,8192,0.00027707736855205745,3.2071650800015156e-11,0.9095562346197441,7.229057236958244e-07,3.3822920965827325e-08,5.938077750524162e-06
blk0_spa/c_readout,36,0,512,2.3890009892915642e-05,3.163926617446683e-12,0.42411635235583944,7.133147301536648e-07,4.6660175572100864e-08,2.7313080975909173e-06
blk0_spa/d_path,36,0,512,0.0,0.0,21.35083424315258,0.0,0.0,0.0
blk0_spa/readout,36,0,512,2.3890009892824597e-05,3.1639266174688443e-12,25.922540186897937,7.133147301536648e-07,4.666017557192304e-08,3.4936100066704297e-07
blk0_spa/state,37,0,8192,0.00027963549069595064,3.2786375336721445e-11,0.9088454303239979,7.434789167219756e-07,3.413519173534554e-08,6.006226270724328e-06
blk0_spa/c_readout,37,0,512,2.409346682320433e-05,3.6235974235576383e-12,0.4510541535198942,9.108338961712582e-07,4.705755238907096e-08,2.8343640303054855e-06
blk0_spa/d_path,37,0,512,0.0,0.0,20.65795456735004,0.0,0.0,0.0
blk0_spa/readout,37,0,512,2.40934668235619e-05,3.6235974236264627e-12,25.370491893884896,9.108338961712582e-07,4.705755238976934e-08,3.779249178173413e-07
blk0_spa/state,38,0,8192,0.00028121860017096145,3.336171733036055e-11,0.9163555969016421,7.616321623606044e-07,3.432844240368182e-08,6.033817645728852e-06
blk0_spa/c_readout,38,0,512,2.471260773338997e-05,3.665871749932031e-12,0.4905218970612177,7.853096367805423e-07,4.8266811979277284e-08,2.733754015584374e-06
blk0_spa/d_path,38,0,512,0.0,0.0,20.866256741699313,0.0,0.0,0.0
blk0_spa/readout,38,0,512,2.471260773355682e-05,3.665871749905419e-12,25.80338579192574,7.853096367805423e-07,4.8266811979603166e-08,3.769209575421628e-07
blk0_spa/state,39,0,8192,0.00028255791077229104,3.3948559274162634e-11,0.9284735219105221,7.796892997732269e-07,3.4491932467320683e-08,6.046804290443091e-06
blk0_spa/c_readout,39,0,512,2.6295240301961694e-05,4.2001543664539966e-12,0.47856950615935434,8.917145732453411e-07,5.1357891214768933e-08,2.9625119771390025e-06
blk0_spa/d_path,39,0,512,0.0,0.0,22.710160546513944,0.0,0.0,0.0
blk0_spa/readout,39,0,512,2.6295240302038835e-05,4.200154366459683e-12,27.583002247703174,8.917145732453411e-07,5.13578912149196e-08,3.9022209720420783e-07
blk0_spa/state,40,0,8192,0.00028652048961031417,3.483200690829805e-11,0.9285947845365083,7.987536035981588e-07,3.4975645704384053e-08,6.124577419758448e-06
blk0_spa/c_readout,40,0,512,2.64082509109551e-05,4.123988986544432e-12,0.4661266152193914,8.01236517571878e-07,5.157861506045918e-08,2.9744508550716706e-06
blk0_spa/d_path,40,0,512,0.0,0.0,21.70850558500021,0.0,0.0,0.0
blk0_spa/readout,40,0,512,2.640825091099706e-05,4.123988986546326e-12,26.294943677016388,8.01236517571878e-07,5.157861506054113e-08,3.9602502125001567e-07
blk0_spa/state,41,0,8192,0.000290010504516649,3.557595442163056e-11,0.9256857917389144,8.166142099917478e-07,3.5401672914630004e-08,6.199354637287862e-06
blk0_spa/c_readout,41,0,512,2.5238069113206238e-05,3.839736978294095e-12,0.41130909028019447,7.305461899887659e-07,4.9293103736730934e-08,3.0553895165909546e-06
blk0_spa/d_path,41,0,512,0.0,0.0,20.907298419049546,0.0,0.0,0.0
blk0_spa/readout,41,0,512,2.523806911288581e-05,3.8397369782140634e-12,25.274630212823922,7.305461899887659e-07,4.9293103736105095e-08,3.897699317082345e-07
blk0_spa/state,42,0,8192,0.00029115897692687156,3.6209969597716334e-11,0.9109825466394049,8.354710209581906e-07,3.55418673006435e-08,6.304621981510844e-06
blk0_spa/c_readout,42,0,512,2.536380108454343e-05,3.9564703007820215e-12,0.43026517794892405,7.064847378022951e-07,4.953867399324889e-08,3.0323955828106015e-06
blk0_spa/d_path,42,0,512,0.0,0.0,20.5796006027352,0.0,0.0,0.0
blk0_spa/readout,42,0,512,2.5363801084524197e-05,3.9564703007936004e-12,25.087941475097008,7.064847378022951e-07,4.953867399321132e-08,3.971197085450217e-07
blk0_spa/state,43,0,8192,0.000293855101467097,3.703082017570215e-11,0.9186814767979582,8.553728466285716e-07,3.587098406580774e-08,6.348910218059094e-06
blk0_spa/c_readout,43,0,512,2.576623231083977e-05,4.247282685743948e-12,0.5003662661481277,8.538380194353107e-07,5.032467248210892e-08,2.913476854702658e-06
blk0_spa/d_path,43,0,512,0.0,0.0,20.554765912074416,0.0,0.0,0.0
blk0_spa/readout,43,0,512,2.5766232310733788e-05,4.247282685773776e-12,25.60910867946944,8.538380194353107e-07,5.032467248190193e-08,4.0724742973269937e-07
blk0_spa/state,44,0,8192,0.00029628438608125677,3.7818644632974616e-11,0.9444393523527281,8.740118604423785e-07,3.6167527597809664e-08,6.327992310945106e-06
blk0_spa/c_readout,44,0,512,2.6989038504998908e-05,4.883539004284879e-12,0.5207764082961697,9.831989916675115e-07,5.271296583007599e-08,3.0622573052196178e-06
blk0_spa/d_path,44,0,512,0.0,0.0,20.918847876898386,0.0,0.0,0.0
blk0_spa/readout,44,0,512,2.69890385051031e-05,4.883539004364921e-12,26.195835231956305,9.831989916675115e-07,5.271296583027949e-08,4.317687489855674e-07
blk0_spa/state,45,0,8192,0.0002972182651690605,3.8361613888598034e-11,0.9660785361621275,8.914740291294783e-07,3.628152650989508e-08,6.3014750096016255e-06
blk0_spa/c_readout,45,0,512,2.811902872320805e-05,5.614928493058293e-12,0.5068008487728188,1.165250333463226e-06,5.491997797501572e-08,3.328537453781984e-06
blk0_spa/d_path,45,0,512,0.0,0.0,21.544613667725237,0.0,0.0,0.0
blk0_spa/readout,45,0,512,2.811902872343237e-05,5.61492849307776e-12,26.782860662825154,1.165250333463226e-06,5.491997797545385e-08,4.578715232466659e-07
blk0_spa/state,46,0,8192,0.000300720186313476,3.9257694380347315e-11,0.9723868015051054,9.078388119630611e-07,3.670900711834424e-08,6.35393645470896e-06
blk0_spa/c_readout,46,0,512,2.822174989112731e-05,4.945132423973276e-12,0.46250967529404774,8.414237617124329e-07,5.5120605256108026e-08,3.2698554315242105e-06
blk0_spa/d_path,46,0,512,0.0,0.0,22.41393144919584,0.0,0.0,0.0
blk0_spa/readout,46,0,512,2.822174989090042e-05,4.94513242397055e-12,27.315216835837838,8.414237617124329e-07,5.512060525566488e-08,4.2548733430055635e-07
blk0_spa/state,47,0,8192,0.00030257766247144077,4.0193025212516936e-11,0.9601289671927149,9.261830027683293e-07,3.69357498134083e-08,6.4700935700991785e-06
blk0_spa/c_readout,47,0,512,2.8420143264611063e-05,5.250969973299417e-12,0.4804921121411897,1.0547534749508928e-06,5.550809231369348e-08,3.3058004628129945e-06
blk0_spa/d_path,47,0,512,0.0,0.0,21.165407469117582,0.0,0.0,0.0
blk0_spa/readout,47,0,512,2.842014326485845e-05,5.250969973418896e-12,26.068442612595113,1.0547534749508928e-06,5.550809231417666e-08,4.4880968934804604e-07
blk0_spa/state,48,0,8192,0.00030496431049209765,4.129133837094235e-11,0.9868164541888362,9.455437996772209e-07,3.722708868311739e-08,6.4686147804175636e-06
blk0_spa/c_readout,48,0,512,3.114670582661501e-05,5.893049555055569e-12,0.5824430192151268,9.806497410915053e-07,6.083340981760745e-08,3.1808509877039865e-06
blk0_spa/d_path,48,0,512,0.0,0.0,22.910350621569023,0.0,0.0,0.0
blk0_spa/readout,48,0,512,3.1146705826371664e-05,5.8930495549756234e-12,28.607700985711226,9.806497410915053e-07,6.083340981713216e-08,4.5386695890990635e-07
blk0_spa/state,49,0,8192,0.00030745372147524235,4.209633860269432e-11,1.0352724681387058,9.640824561347203e-07,3.7530971859770795e-08,6.376683029114696e-06
blk0_spa/c_readout,49,0,512,3.164473095054662e-05,6.852740854246022e-12,0.5707521802788217,1.3655069240122862e-06,6.180611513778637e-08,3.4650408962929904e-06
blk0_spa/d_path,49,0,512,0.0,0.0,24.434909414640995,0.0,0.0,0.0
blk0_spa/readout,49,0,512,3.1644730950584054e-05,6.8527408542205096e-12,30.200787399762643,1.3655069240122862e-06,6.180611513785948e-08,4.763465468864055e-07
blk0_spa/state,50,0,8192,0.0003098845023830935,4.2936768276933456e-11,1.0264168191856993,9.839170292229876e-07,3.7827698044811215e-08,6.467743626682634e-06
blk0_spa/c_readout,50,0,512,2.9646279865525828e-05,5.690678752601846e-12,0.4657918972218314,9.906023890662994e-07,5.790289036235513e-08,3.495312983259019e-06
blk0_spa/d_path,50,0,512,0.0,0.0,22.40530387175244,0.0,0.0,0.0
blk0_spa/readout,50,0,512,2.964627986585981e-05,5.690678752653457e-12,27.20574803542442,9.906023890662994e-07,5.790289036300744e-08,4.5735317577326456e-07
blk0_spa/state,51,0,8192,0.00030991996401378956,4.350681003766386e-11,1.0302646052201552,1.003607570131953e-06,3.7832026857152045e-08,6.498366940778617e-06
blk0_spa/c_readout,51,0,512,3.044655024251637e-05,6.481216102149507e-12,0.5640007893300901,1.403453487779951e-06,5.946591844241478e-08,3.3899117730421032e-06
blk0_spa/d_path,51,0,512,0.0,0.0,21.244844190764102,0.0,0.0,0.0
blk0_spa/readout,51,0,512,3.044655024245432e-05,6.481216102156295e-12,26.72884964006844,1.403453487779951e-06,5.946591844229359e-08,4.924227590686623e-07
blk0_spa/state,52,0,8192,0.00030964409732123124,4.425368596463729e-11,1.0339812109837974,1.0241031538262044e-06,3.779835172378311e-08,6.542118423252531e-06
blk0_spa/c_readout,52,0,512,2.9517894025584597e-05,5.952817506609997e-12,0.4513814179912398,1.2300831565837986e-06,5.7652136768719917e-08,3.6315284104267236e-06
blk0_spa/d_path,52,0,512,0.0,0.0,21.28023152758656,0.0,0.0,0.0
blk0_spa/readout,52,0,512,2.9517894026291673e-05,5.952817506698081e-12,26.091703798056106,1.2300831565837986e-06,5.7652136770100924e-08,4.776503106853324e-07
blk0_spa/state,53,0,8192,0.00031209134787531505,4.521298392743912e-11,1.0190326843675048,1.0471226916184687e-06,3.809708836368592e-08,6.66097077522082e-06
blk0_spa/c_readout,53,0,512,3.083415975090172e-05,6.225746672416264e-12,0.5086589304906747,1.2444207393974595e-06,6.022296826347992e-08,3.4985040876175414e-06
blk0_spa/d_path,53,0,512,0.0,0.0,22.231340502948097,0.0,0.0,0.0
blk0_spa/readout,53,0,512,3.083415975123251e-05,6.225746672477779e-12,27.338821051474824,1.2444207393974595e-06,6.0222968264126e-08,4.772059295904194e-07
blk0_spa/state,54,0,8192,0.0003132547815283492,4.5924711387463245e-11,1.0133577111374914,1.0700648007757479e-06,3.8239109073284815e-08,6.731964692395715e-06
blk0_spa/c_readout,54,0,512,3.052102715575198e-05,6.183681239662642e-12,0.5122194769558144,1.1816057097503392e-06,5.961138116357809e-08,3.474525496490279e-06
blk0_spa/d_path,54,0,512,0.0,0.0,21.49367243641116,0.0,0.0,0.0
blk0_spa/readout,54,0,512,3.052102715577651e-05,6.18368123963716e-12,26.698142230974526,1.1816057097503392e-06,5.9611381163626e-08,4.812636116538238e-07
blk0_spa/state,55,0,8192,0.0003137821464651194,4.672691194973764e-11,1.0341693042849536,1.0929297417373942e-06,3.8303484675917897e-08,6.721833004735863e-06
blk0_spa/c_readout,55,0,512,3.2152039437600985e-05,6.645128895858669e-12,0.5962520368597685,1.1208332990332402e-06,6.279695202656442e-08,3.338387663759289e-06
blk0_spa/d_path,55,0,512,0.0,0.0,21.86969913862844,0.0,0.0,0.0
blk0_spa/readout,55,0,512,3.215203943717645e-05,6.6451288957254094e-12,27.603105480859384,1.1208332990332402e-06,6.279695202573526e-08,4.906510495556348e-07
blk0_spa/state,56,0,8192,0.00031332871003083635,4.7087295377027235e-11,1.037603929665527,1.115717774066745e-06,3.824813354868608e-08,6.736527221287498e-06
blk0_spa/c_readout,56,0,512,3.0651504586622954e-05,6.240303790919173e-12,0.5073870147144577,1.1047422685304614e-06,5.986621989574796e-08,3.506979216315444e-06
blk0_spa/d_path,56,0,512,0.0,0.0,21.838900670092134,0.0,0.0,0.0
blk0_spa/readout,56,0,512,3.065150458648924e-05,6.240303790836939e-12,26.958273875067125,1.1047422685304614e-06,5.98662198954868e-08,4.811237831865855e-07
blk0_spa/state,57,0,8192,0.0003177768376646004,4.813643213810174e-11,1.037108862772187,1.1384291564540684e-06,3.879111787897954e-08,6.812786447930218e-06
blk0_spa/c_readout,57,0,512,3.115636367942005e-05,6.237729837648423e-12,0.5195462487507396,1.0463170907067495e-06,6.085227281136729e-08,3.4649835235014273e-06
blk0_spa/d_path,57,0,512,0.0,0.0,22.039107878653837,0.0,0.0,0.0
blk0_spa/readout,57,0,512,3.115636367993011e-05,6.237729837714344e-12,27.23882160363661,1.0463170907067495e-06,6.08522728123635e-08,4.78540967033306e-07
blk0_spa/state,58,0,8192,0.0003211448080785088,4.9251080874353535e-11,1.0414391725388885,1.161064146719502e-06,3.92022470798961e-08,6.876871803885432e-06
blk0_spa/c_readout,58,0,512,3.235355261508757e-05,6.819010005646495e-12,0.5356548010663088,1.0230511721471744e-06,6.31905324513429e-08,3.567945097230806e-06
blk0_spa/d_path,58,0,512,0.0,0.0,23.329498532722194,0.0,0.0,0.0
blk0_spa/readout,58,0,512,3.235355261493811e-05,6.8190100056535404e-12,28.75682358762835,1.0230511721471744e-06,6.3190532451051e-08,4.869565448337446e-07
blk0_spa/state,59,0,8192,0.00032371107846092696,5.023022247723326e-11,1.054821963455535,1.1836230018159772e-06,3.951551250743737e-08,6.900697163081008e-06
blk0_spa/c_readout,59,0,512,3.255676369039511e-05,7.0245490806700536e-12,0.5431187232372435,1.2288728304367472e-06,6.358742908280294e-08,3.596349066134158e-06
blk0_spa/d_path,59,0,512,0.0,0.0,22.95917788099591,0.0,0.0,0.0
blk0_spa/readout,59,0,512,3.255676369029749e-05,7.024549080760762e-12,28.577142050065028,1.2288728304367472e-06,6.358742908261228e-08,4.95792358510748e-07
blk0_spa/state,60,0,8192,0.00032424454281351344,5.111220996857602e-11,1.0436358003563702,1.2061059778321372e-06,3.9580632667665215e-08,6.99822409720162e-06
blk0_spa/c_readout,60,0,512,3.2831428703424334e-05,7.790383724912756e-12,0.5341670699276384,1.483437857885582e-06,6.412388418637565e-08,3.8189227133064155e-06
blk0_spa/d_path,60,0,512,0.0,0.0,20.96516584088391,0.0,0.0,0.0
blk0_spa/readout,60,0,512,3.283142870341116e-05,7.790383724933657e-12,26.34915297408569,1.483437857885582e-06,6.412388418634992e-08,5.437460255309126e-07
blk0_spa/state,61,0,8192,0.000326158546212429,5.2430806391656055e-11,1.0368340594423042,1.2285133299952448e-06,3.98142756606969e-08,7.111130375666297e-06
blk0_spa/c_readout,61,0,512,3.3818803755782356e-05,7.1534480604083556e-12,0.5389964747561478,1.0648249980842135e-06,6.605235108551241e-08,3.6430468111318273e-06
blk0_spa/d_path,61,0,512,0.0,0.0,20.907057764658294,0.0,0.0,0.0
blk0_spa/readout,61,0,512,3.3818803755678815e-05,7.153448060395055e-12,26.31144565960011,1.0648249980842135e-06,6.605235108531018e-08,5.21417206729314e-07
blk0_spa/state,62,0,8192,0.00032971002444269807,5.351407055550732e-11,1.0438848016034454,1.2508453126740781e-06,4.024780571810279e-08,7.159912356176445e-06
blk0_spa/c_readout,62,0,512,3.453902834811586e-05,8.39144196493411e-12,0.542720432405762,1.5016779584685984e-06,6.74590397424138e-08,3.932151222355897e-06
blk0_spa/d_path,62,0,512,0.0,0.0,21.14261799076765,0.0,0.0,0.0
blk0_spa/readout,62,0,512,3.453902834800614e-05,8.3914419648756e-12,26.72242562505398,1.5016779584685984e-06,6.74590397421995e-08,5.603770739193747e-07
blk0_spa/state,63,0,8192,0.000332137221869386,5.455831539931422e-11,1.0385672981027934,1.2744635928574907e-06,4.0544094466477785e-08,7.247916047083967e-06
blk0_spa/c_readout,63,0,512,3.57142202319741e-05,8.511669500350257e-12,0.5287463880938934,1.4755163719209678e-06,6.975433639057441e-08,4.012210121610597e-06
blk0_spa/d_path,63,0,512,0.0,0.0,21.729301321699676,0.0,0.0,0.0
blk0_spa/readout,63,0,512,3.5714220231960995e-05,8.511669500309481e-12,27.18074969377361,1.4755163719209678e-06,6.975433639054882e-08,5.595986529971026e-07
blk0_spa/state,64,0,8192,0.00033299589838972117,5.5398544270548454e-11,1.0610069784110032,1.2967102970936736e-06,4.064891337765151e-08,7.225868540168563e-06
blk0_spa/c_readout,64,0,512,3.759744620072013e-05,1.007549113454644e-11,0.6129604021030326,1.5932816492013028e-06,7.34325121107815e-08,4.054309535646255e-06
blk0_spa/d_path,64,0,512,0.0,0.0,22.7666702472777,0.0,0.0,0.0
blk0_spa/readout,64,0,512,3.7597446200873544e-05,1.0075491134508224e-11,28.7631336465476,1.5932816492013028e-06,7.343251211108114e-08,5.91854580413156e-07
blk0_spa/state,65,0,8192,0.0003366201261320741,5.66572217176504e-11,1.091396253425397,1.3203038926589832e-06,4.1091323990731704e-08,7.2050401934480415e-06
blk0_spa/c_readout,65,0,512,3.8727482964995e-05,1.099196195135913e-11,0.6237093171166253,1.6555061264745867e-06,7.563961516600586e-08,4.198039226915249e-06
blk0_spa/d_path,65,0,512,0.0,0.0,23.04787822679646,0.0,0.0,0.0
blk0_spa/readout,65,0,512,3.872748296465055e-05,1.0991961951403246e-11,29.141818666403264,1.6555061264745867e-06,7.56396151653331e-08,6.141568250344421e-07
blk0_spa/state,66,0,8192,0.0003385083819435417,5.770483325050405e-11,1.1095839199242576,1.343873799472859e-06,4.132182396771749e-08,7.211506811120662e-06
blk0_spa/c_readout,66,0,512,3.7670910897827636e-05,1.0745874955213456e-11,0.5942534608777268,1.6191025414406698e-06,7.35759978473196e-08,4.252409027403553e-06
blk0_spa/d_path,66,0,512,0.0,0.0,22.78428665674916,0.0,0.0,0.0
blk0_spa/readout,66,0,512,3.767091089798395e-05,1.07458749552257e-11,28.520069021590906,1.6191025414406698e-06,7.35759978476249e-08,6.138264595778467e-07
blk0_spa/state,67,0,8192,0.0003407108099208235,5.868790005935223e-11,1.1492115455761982,1.3674200413195898e-06,4.159067503916302e-08,7.14618565485788e-06
blk0_spa/c_readout,67,0,512,3.953583415909578e-05,1.1501824585548575e-11,0.6457097438825559,1.7317360633237181e-06,7.721842609198395e-08,4.220507728924012e-06
blk0_spa/d_path,67,0,512,0.0,0.0,25.10458707939107,0.0,0.0,0.0
blk0_spa/readout,67,0,512,3.953583415930961e-05,1.1501824585716541e-11,31.401450001794927,1.7317360633237181e-06,7.721842609240159e-08,6.052133769737211e-07
blk0_spa/state,68,0,8192,0.0003410465031052506,5.920333722883e-11,1.1285806000578629,1.390942641959588e-06,4.163165321109016e-08,7.242805183901367e-06
blk0_spa/c_readout,68,0,512,3.618597109487653e-05,9.720304947045949e-12,0.4977371610012082,1.6760585107301293e-06,7.067572479468072e-08,4.419161891433587e-06
blk0_spa/d_path,68,0,512,0.0,0.0,22.40482259460192,0.0,0.0,0.0
blk0_spa/readout,68,0,512,3.6185971094813374e-05,9.720304947081652e-12,27.529941568206617,1.6760585107301293e-06,7.067572479455737e-08,5.942063658082761e-07
blk0_spa/state,69,0,8192,0.00033946062708270237,5.977359321566182e-11,1.1113318872446394,1.4144416251294106e-06,4.143806482943144e-08,7.3338630192786205e-06
blk0_spa/c_readout,69,0,512,3.6871812093027665e-05,1.0090123425456194e-11,0.5410485701984854,1.5540149075457576e-06,7.201525799419466e-08,4.318472044017127e-06
blk0_spa/d_path,69,0,512,0.0,0.0,22.048474581658997,0.0,0.0,0.0
blk0_spa/readout,69,0,512,3.687181209302216e-05,1.009012342539154e-11,27.544889445687925,1.5540149075457576e-06,7.201525799418391e-08,6.052401392681161e-07
blk0_spa/state,70,0,8192,0.0003422689584237626,6.068180576543943e-11,1.11183217609575,1.4379170145417753e-06,4.178087871383821e-08,7.3877064234322796e-06
blk0_spa/c_readout,70,0,512,3.6817467843037135e-05,9.487958918103593e-12,0.5498007694331726,1.405939678985315e-06,7.19091168809319e-08,4.154164844858307e-06
blk0_spa/d_path,70,0,512,0.0,0.0,21.375617372382937,0.0,0.0,0.0
blk0_spa/readout,70,0,512,3.681746784319532e-05,9.48795891810636e-12,27.06338417986995,1.405939678985315e-06,7.190911688124086e-08,5.921003890847723e-07
blk0_spa/state,71,0,8192,0.00034202172032798576,6.135305233283137e-11,1.1162774036627114,1.4613688338855984e-06,4.1750698282224824e-08,7.413648994620124e-06
blk0_spa/c_readout,71,0,512,3.6177971135266715e-05,9.378957982491322e-12,0.5194266797499554,1.43256065567653e-06,7.06600998735678e-08,4.24927823339026e-06
blk0_spa/d_path,71,0,512,0.0,0.0,20.917232351426254,0.0,0.0,0.0
blk0_spa/readout,71,0,512,3.6177971134820214e-05,9.378957982389813e-12,26.34958659991937,1.43256065567653e-06,7.066009987269573e-08,5.966098127475218e-07
blk0_spa/state,72,0,8192,0.00034469880323680953,6.276909672006991e-11,1.1182953141724934,1.484797106826008e-06,4.207749062949335e-08,7.491946836360423e-06
blk0_spa/c_readout,72,0,512,3.6446745803133575e-05,9.695082852452576e-12,0.54928928374899,1.2972085979749644e-06,7.118505039674526e-08,4.201217823137972e-06
blk0_spa/d_path,72,0,512,0.0,0.0,21.294290195607946,0.0,0.0,0.0
blk0_spa/readout,72,0,512,3.644674580326471e-05,9.695082852455535e-12,26.852512210864173,1.2972085979749644e-06,7.118505039700139e-08,6.008738459789327e-07
blk0_spa/state,73,0,8192,0.0003476218962607226,6.396680044595954e-11,1.1152313997624288,1.5082018570043746e-06,4.243431350838899e-08,7.573468437371865e-06
blk0_spa/c_readout,73,0,512,3.6103344476149404e-05,9.777046627762578e-12,0.5081239390626644,1.4099357500481243e-06,7.05143446799793e-08,4.3865089026195035e-06
blk0_spa/d_path,73,0,512,0.0,0.0,21.83933031017052,0.0,0.0,0.0
blk0_spa/readout,73,0,512,3.610334447593606e-05,9.77704662773573e-12,27.266331411650622,1.4099357500481243e-06,7.051434467956262e-08,5.988119914079652e-07
blk0_spa/state,74,0,8192,0.00034820431410099924,6.479111226756398e-11,1.121497164250229,1.5315831080383316e-06,4.2505409436157134e-08,7.600788147792807e-06
blk0_spa/c_readout,74,0,512,3.699291242038452e-05,1.1068155489528445e-11,0.5579730371821763,1.6522088825555095e-06,7.225178207106352e-08,4.453803161939697e-06
blk0_spa/d_path,74,0,512,0.0,0.0,22.38150029417469,0.0,0.0,0.0
blk0_spa/readout,74,0,512,3.6992912420472585e-05,1.1068155489531272e-11,28.10510175146941,1.6522088825555095e-06,7.225178207123552e-08,6.275452473595674e-07
blk0_spa/state,75,0,8192,0.000349933732987346,6.54314618117065e-11,1.1424040345182245,1.5545337739843655e-06,4.271652014005688e-08,7.568040498490934e-06
blk0_spa/c_readout,75,0,512,3.775298412831339e-05,1.1923749955929482e-11,0.6485599771207614,1.815263588018583e-06,7.373629712561209e-08,4.287768779744706e-06
blk0_spa/d_path,75,0,512,0.0,0.0,21.74631620040374,0.0,0.0,0.0
blk0_spa/readout,75,0,512,3.7752984127979284e-05,1.1923749955922302e-11,28.103376901608367,1.815263588018583e-06,7.373629712495954e-08,6.513691356101117e-07
blk0_spa/state,76,0,8192,0.00035231963021639976,6.640781712088708e-11,1.1381543987132687,1.5570290733501511e-06,4.300776736040036e-08,7.63851633737086e-06
blk0_spa/c_readout,76,0,512,3.607876002218634e-05,1.0100025108131073e-11,0.5595506106772303,1.2833124042651846e-06,7.04663281683327e-08,4.248557884552937e-06
blk0_spa/d_path,76,0,512,0.0,0.0,21.20457586335448,0.0,0.0,0.0
blk0_spa/readout,76,0,512,3.6078760021961696e-05,1.0100025108065068e-11,26.958789251976068,1.2833124042651846e-06,7.046632816789394e-08,6.120840109500951e-07
blk0_spa/state,77,0,8192,0.0003550378780942443,6.741004454685327e-11,1.1163911333135461,1.5795607550222432e-06,4.3339584728301304e-08,7.770592199537962e-06
blk0_spa/c_readout,77,0,512,3.5630720237095424e-05,1.0325974238722881e-11,0.5750105834868852,1.6955854375461718e-06,6.9591250463077e-08,4.237674543113363e-06
blk0_spa/d_path,77,0,512,0.0,0.0,21.128748322186432,0.0,0.0,0.0
blk0_spa/readout,77,0,512,3.5630720237455975e-05,1.0325974238767705e-11,26.88586937996082,1.6955854375461718e-06,6.95912504637812e-08,6.197313647282522e-07
blk0_spa/state,78,0,8192,0.0003554759652630478,6.852848192198243e-11,1.1168703516052403,1.600711952787832e-06,4.339306216589939e-08,7.833109081563048e-06
blk0_spa/c_readout,78,0,512,3.550524084859864e-05,1.0493396078405086e-11,0.5456082135380675,1.6735539390426314e-06,6.934617353241922e-08,4.385484527960852e-06
blk0_spa/d_path,78,0,512,0.0,0.0,21.24697531128626,0.0,0.0,0.0
blk0_spa/readout,78,0,512,3.5505240848639406e-05,1.049339607840594e-11,26.948135709061066,1.6735539390426314e-06,6.934617353249884e-08,6.240130469031803e-07
blk0_spa/state,79,0,8192,0.00035563334146042125,6.89502892469798e-11,1.120539223439497,1.6230876714720858e-06,4.341227312749283e-08,7.844305779357804e-06
blk0_spa/c_readout,79,0,512,3.64710481523362e-05,1.0861200566885188e-11,0.5634356301378591,1.7693167915691712e-06,7.123251592253164e-08,4.39052812224145e-06
blk0_spa/d_path,79,0,512,0.0,0.0,21.82987761643583,0.0,0.0,0.0
blk0_spa/readout,79,0,512,3.647104815222903e-05,1.0861200566892529e-11,27.604276978788416,1.7693167915691712e-06,7.123251592232232e-08,6.272645277760599e-07
blk0_spa/state,80,0,8192,0.0003558874052301308,6.932446403050067e-11,1.1353842188081988,1.6453835011017275e-06,4.34432867712562e-08,7.813971691980787e-06
blk0_spa/c_readout,80,0,512,3.9073218987191414e-05,1.3532509275700077e-11,0.641394914180476,1.8367884946712354e-06,7.631488083435823e-08,4.593316917466886e-06
blk0_spa/d_path,80,0,512,0.0,0.0,22.777600959709595,0.0,0.0,0.0
blk0_spa/readout,80,0,512,3.907321898703312e-05,1.353250927563087e-11,29.10224618651058,1.8367884946712354e-06,7.631488083404906e-08,6.819081979516667e-07
blk0_spa/state,81,0,8192,0.00035728734374332533,7.023590660426279e-11,1.1504553034741958,1.6663132971421422e-06,4.361417770304264e-08,7.81348389063644e-06
blk0_spa/c_readout,81,0,512,3.929963972274032e-05,1.501207151082374e-11,0.6122753670350979,2.2831968253884563e-06,7.675710883347719e-08,4.951615555518464e-06
blk0_spa/d_path,81,0,512,0.0,0.0,23.115232660265015,0.0,0.0,0.0
blk0_spa/readout,81,0,512,3.9299639723013675e-05,1.5012071510846366e-11,29.213589603271323,2.2831968253884563e-06,7.675710883401108e-08,7.168492749199502e-07
blk0_spa/state,82,0,8192,0.0003591718900782426,7.135124362633937e-11,1.1785578740315281,1.6871726936136106e-06,4.384422486306672e-08,7.780819070664796e-06
blk0_spa/c_readout,82,0,512,4.0561156035564244e-05,1.382988360455888e-11,0.6931607294325437,1.8367909779383775e-06,7.922100788196141e-08,4.4667565967337735e-06
blk0_spa/d_path,82,0,512,0.0,0.0,24.25204348647538,0.0,0.0,0.0
blk0_spa/readout,82,0,512,4.056115603568826e-05,1.3829883604617425e-11,30.848338013563463,1.8367909779383775e-06,7.922100788220364e-08,6.695659762603317e-07
blk0_spa/state,83,0,8192,0.00036014339246045573,7.197144334286406e-11,1.1797390698422054,1.706757969162298e-06,4.3962816462457975e-08,7.810649059943538e-06
blk0_spa/c_readout,83,0,512,3.9245913674422356e-05,1.3151678888608651e-11,0.5505018281763261,2.019515479742198e-06,7.665217514535616e-08,4.8877751101518245e-06
blk0_spa/d_path,83,0,512,0.0,0.0,24.222619861513873,0.0,0.0,0.0
blk0_spa/readout,83,0,512,3.924591367453803e-05,1.31516788885862e-11,29.846129335948486,2.019515479742198e-06,7.665217514558208e-08,6.638142788432401e-07
blk0_spa/state,84,0,8192,0.0003605235479168546,7.25580235903786e-11,1.1619040448606006,1.7274813257282212e-06,4.4009222157819164e-08,7.902374191197899e-06
blk0_spa/c_readout,84,0,512,3.733442410183208e-05,1.1890844027550271e-11,0.5498371835334694,1.7362807615426345e-06,7.291879707389078e-08,4.650389058158402e-06
blk0_spa/d_path,84,0,512,0.0,0.0,22.698318896223586,0.0,0.0,0.0
blk0_spa/readout,84,0,512,3.733442410153601e-05,1.1890844027509565e-11,28.30434082531922,1.7362807615426345e-06,7.291879707331253e-08,6.48156407463964e-07
blk0_spa/state,85,0,8192,0.00036311989259725204,7.346102722121285e-11,1.1598324609563873,1.7481349771060692e-06,4.4326158764312993e-08,7.95849355142834e-06
blk0_spa/c_readout,85,0,512,3.977351470726656e-05,1.3349521888294533e-11,0.6617010192591285,2.09249791319974e-06,7.768264591263e-08,4.491609110686346e-06
blk0_spa/d_path,85,0,512,0.0,0.0,22.98574839888134,0.0,0.0,0.0
blk0_spa/readout,85,0,512,3.977351470738761e-05,1.334952188830362e-11,29.42611285136484,2.09249791319974e-06,7.768264591286643e-08,6.735446762519401e-07
blk0_spa/state,86,0,8192,0.00036559029338628895,7.446387028673591e-11,1.1637655222367005,1.7687191577565686e-06,4.4627721360630976e-08,7.999080349501865e-06
blk0_spa/c_readout,86,0,512,3.7549590525758503e-05,9.922059261837393e-12,0.5485372350129478,1.2701987809712753e-06,7.333904399562208e-08,4.2530241794272615e-06
blk0_spa/d_path,86,0,512,0.0,0.0,21.98108576152576,0.0,0.0,0.0
blk0_spa/readout,86,0,512,3.754959052613976e-05,9.922059261901941e-12,27.82408107104783,1.2701987809712753e-06,7.333904399636672e-08,5.971597028877096e-07
blk0_spa/state,87,0,8192,0.0003653798288422614,7.511664654404177e-11,1.136461880862705,1.7892341013518131e-06,4.4602029887971364e-08,8.1300021240932e-06
blk0_spa/c_readout,87,0,512,3.7521218244624164e-05,1.1446112805351153e-11,0.5410900776705279,1.7220380128750808e-06,7.328362938403157e-08,4.5993263430358495e-06
blk0_spa/d_path,87,0,512,0.0,0.0,21.346932787714366,0.0,0.0,0.0
blk0_spa/readout,87,0,512,3.7521218245016225e-05,1.1446112805441244e-11,26.872665588461,1.7220380128750808e-06,7.328362938479731e-08,6.526399234323655e-07
blk0_spa/state,88,0,8192,0.0003681054999889095,7.620266547996501e-11,1.1753669755112754,1.8096800407779161e-06,4.493475341661493e-08,8.051899383477505e-06
blk0_spa/c_readout,88,0,512,3.876498798283279e-05,1.131717470192418e-11,0.6095933167369104,1.5870820764351736e-06,7.571286715397029e-08,4.3087263392493105e-06
blk0_spa/d_path,88,0,512,0.0,0.0,22.309264859116535,0.0,0.0,0.0
blk0_spa/readout,88,0,512,3.8764987982961376e-05,1.131717470188648e-11,28.581302280021156,1.5870820764351736e-06,7.571286715422144e-08,6.292569247215112e-07
blk0_spa/state,89,0,8192,0.0003676924299430674,7.669897865368117e-11,1.1965485005802057,1.8313096711139376e-06,4.4884329827034594e-08,8.006259030721764e-06
blk0_spa/c_readout,89,0,512,3.943137057154202e-05,1.2545185827601713e-11,0.6570632734651563,1.8799389221531122e-06,7.701439564754301e-08,4.369532288343257e-06
blk0_spa/d_path,89,0,512,0.0,0.0,21.88501247637538,0.0,0.0,0.0
blk0_spa/readout,89,0,512,3.94313705715482e-05,1.2545185827516759e-11,28.372992386717506,1.8799389221531122e-06,7.701439564755508e-08,6.649453887280922e-07
blk0_spa/state,90,0,8192,0.0003693882674546573,7.738357013326401e-11,1.186028671489247,1.8516140849385142e-06,4.5091341242023594e-08,8.077496660833151e-06
blk0_spa/c_readout,90,0,512,3.892180039827979e-05,1.3036081320928271e-11,0.6295997875275579,2.103824512714597e-06,7.601914140289021e-08,4.550312715325014e-06
blk0_spa/d_path,90,0,512,0.0,0.0,20.999814163544194,0.0,0.0,0.0
blk0_spa/readout,90,0,512,3.8921800398551056e-05,1.3036081320996943e-11,27.12466657204426,2.103824512714597e-06,7.601914140342003e-08,6.9325231150888e-07
blk0_spa/state,91,0,8192,0.00037007424787191133,7.828854038062308e-11,1.181280886104202,1.8730939962334928e-06,4.5175079085926676e-08,8.140901679129228e-06
blk0_spa/c_readout,91,0,512,3.731033286751905e-05,1.0154561006108963e-11,0.6089653857990723,1.452021473360532e-06,7.287174388187315e-08,4.083516104920963e-06
blk0_spa/d_path,91,0,512,0.0,0.0,20.77968758106019,0.0,0.0,0.0
blk0_spa/readout,91,0,512,3.731033286737767e-05,1.0154561006129721e-11,26.89608893555558,1.452021473360532e-06,7.287174388159701e-08,6.144492386851393e-07
blk0_spa/state,92,0,8192,0.00037382868236983586,7.944555379238446e-11,1.1752938335972607,1.8932578640885113e-06,4.5633384078349104e-08,8.221698934984206e-06
blk0_spa/c_readout,92,0,512,3.895757391390644e-05,1.2329166016549748e-11,0.6468684418683207,1.854995274187741e-06,7.608901155059852e-08,4.36575005546021e-06
blk0_spa/d_path,92,0,512,0.0,0.0,20.678080120979473,0.0,0.0,0.0
blk0_spa/readout,92,0,512,3.895757391371302e-05,1.2329166016507964e-11,27.008804414615554,1.854995274187741e-06,7.608901155022074e-08,6.756381596895059e-07
blk0_spa/state,93,0,8192,0.00037329420004487865,8.026125463139538e-11,1.1768399832613015,1.9133539086545424e-06,4.556813965391585e-08,8.258368628378332e-06
blk0_spa/c_readout,93,0,512,3.814651567348771e-05,1.1694793893767656e-11,0.6591091876919232,1.9012321091552578e-06,7.450491342478069e-08,4.2122836017282065e-06
blk0_spa/d_path,93,0,512,0.0,0.0,21.123008012933987,0.0,0.0,0.0
blk0_spa/readout,93,0,512,3.814651567366704e-05,1.169479389378669e-11,27.59487438423947,1.9012321091552578e-06,7.450491342513094e-08,6.510016292011991e-07
blk0_spa/state,94,0,8192,0.00037282691787078923,8.078585958731943e-11,1.1805745378035761,1.933382358062348e-06,4.5511098372899076e-08,8.272198915646028e-06
blk0_spa/c_readout,94,0,512,3.916829379183793e-05,1.2159528101465792e-11,0.6329264839571314,1.9791266927774383e-06,7.650057381218346e-08,4.3831035016849095e-06
blk0_spa/d_path,94,0,512,0.0,0.0,21.672241670853207,0.0,0.0,0.0
blk0_spa/readout,94,0,512,3.9168293791669996e-05,1.2159528101478825e-11,28.027758024556316,1.9791266927774383e-06,7.650057381185546e-08,6.586643843581647e-07
blk0_spa/state,95,0,8192,0.0003751585186635158,8.164017031055002e-11,1.177475298194054,1.953343439675347e-06,4.5795717610292454e-08,8.326760023645337e-06
blk0_spa/c_readout,95,0,512,3.9116866853294735e-05,1.4125358570516997e-11,0.6262826047263239,2.3722689918110967e-06,7.640013057284128e-08,4.749135556447306e-06
blk0_spa/d_path,95,0,512,0.0,0.0,21.144577268736423,0.0,0.0,0.0
blk0_spa/readout,95,0,512,3.9116866853383694e-05,1.4125358570505725e-11,27.36581319272924,2.3722689918110967e-06,7.640013057301503e-08,7.184483663063645e-07
blk0_spa/state,96,0,8192,0.0003762812965537779,8.290517801629001e-11,1.1916068746053312,1.973237380092199e-06,4.593277545822484e-08,8.341119208762551e-06
blk0_spa/c_readout,96,0,512,3.988143588758912e-05,1.2763919547460897e-11,0.6772305561289931,1.9072100334763226e-06,7.78934294679475e-08,4.341339568781268e-06
blk0_spa/d_path,96,0,512,0.0,0.0,22.800270154185974,0.0,0.0,0.0
blk0_spa/readout,96,0,512,3.988143588753675e-05,1.2763919547427916e-11,29.393382572517922,1.9072100334763226e-06,7.789342946784522e-08,6.589724305961721e-07
blk0_spa/state,97,0,8192,0.0003769469698654234,8.404557741086143e-11,1.2040825164363604,1.993064405149375e-06,4.601403440740032e-08,8.354670134573321e-06
blk0_spa/c_readout,97,0,512,4.161337277120127e-05,1.4775961095984524e-11,0.5994194487073623,2.2160027114004507e-06,8.127611869375249e-08,4.964922280103595e-06
blk0_spa/d_path,97,0,512,0.0,0.0,24.308260935659554,0.0,0.0,0.0
blk0_spa/readout,97,0,512,4.1613372771528377e-05,1.4775961096090616e-11,30.533717342868908,2.2160027114004507e-06,8.127611869439136e-08,6.956455783602036e-07
blk0_spa/state,98,0,8192,0.0003776337501542534,8.520097820250402e-11,1.213794452625884,2.014039289878919e-06,4.609786989187663e-08,8.378180572202409e-06
blk0_spa/c_readout,98,0,512,4.192463484027986e-05,1.4253534422036167e-11,0.5700279203849651,1.8805276613152067e-06,8.18840524224216e-08,5.000497567081732e-06
blk0_spa/d_path,98,0,512,0.0,0.0,24.532117087018673,0.0,0.0,0.0
blk0_spa/readout,98,0,512,4.192463484053313e-05,1.4253534422106616e-11,30.379054522898297,1.8805276613152067e-06,8.188405242291627e-08,6.849741116107416e-07
blk0_spa/state,99,0,8192,0.000379337210488873,8.686206889112405e-11,1.2085444258165758,2.032588787268084e-06,4.6305811827255006e-08,8.477811866961275e-06
blk0_spa/c_readout,99,0,512,4.1322110930754906e-05,1.4031931981731221e-11,0.6959027610884153,2.087190114839233e-06,8.070724791163068e-08,4.4903940691877396e-06
blk0_spa/d_path,99,0,512,0.0,0.0,21.874391072012685,0.0,0.0,0.0
blk0_spa/readout,99,0,512,4.132211093080077e-05,1.4031931981745796e-11,28.433094338588653,2.087190114839233e-06,8.070724791172025e-08,7.02500556186221e-07
blk0_spa/state,100,0,8192,0.0003819641188632502,8.863310496481553e-11,1.2091790748327143,2.0510795048232575e-06,4.6626479353424094e-08,8.561555381632695e-06
blk0_spa/c_readout,100,0,512,4.095059879312046e-05,1.229744615593382e-11,0.5768864553402366,1.8106735908782296e-06,7.99816382678134e-08,4.6170257179530146e-06
blk0_spa/d_path,100,0,512,0.0,0.0,21.227279492631176,0.0,0.0,0.0
blk0_spa/readout,100,0,512,4.095059879275037e-05,1.2297446155867528e-11,27.267921858849242,1.8106735908782296e-06,7.998163826709056e-08,6.71554779655274e-07
blk0_spa/state,101,0,8192,0.0003836546847294881,8.987332555809433e-11,1.2060460268154292,2.069511628806569e-06,4.683284725701759e-08,8.632437941549598e-06
blk0_spa/c_readout,101,0,512,4.0910567511182036e-05,1.101763679915832e-11,0.6112812467497093,1.4360484457697198e-06,7.990345217027741e-08,4.245449600585861e-06
blk0_spa/d_path,101,0,512,0.0,0.0,21.501458012986603,0.0,0.0,0.0
blk0_spa/readout,101,0,512,4.0910567511677734e-05,1.1017636799330548e-11,27.744229522614248,1.4360484457697198e-06,7.990345217124557e-08,6.301702426857314e-07
blk0_spa/state,102,0,8192,0.00038441171975546283,9.116708385688609e-11,1.197544073736218,2.089014825308651e-06,4.692525875921177e-08,8.72515756932737e-06
blk0_spa/c_readout,102,0,512,4.2426709381787303e-05,1.2579822158484013e-11,0.6095090404527718,1.4027079398736698e-06,8.286466676130333e-08,4.54304642599684e-06
blk0_spa/d_path,102,0,512,0.0,0.0,21.905894128162675,0.0,0.0,0.0
blk0_spa/readout,102,0,512,4.242670938190505e-05,1.2579822158640959e-11,28.109216585199412,1.4027079398736698e-06,8.28646667615333e-08,6.689796082305632e-07
blk0_spa/state,103,0,8192,0.00038691995356977284,9.245697253548958e-11,1.2071615818429775,2.1084524207592854e-06,4.723143964474766e-08,8.75159338881247e-06
blk0_spa/c_readout,103,0,512,4.308296338674354e-05,1.3229010491430402e-11,0.5884723700301392,1.5336676833734407e-06,8.414641286473348e-08,4.7413350059370485e-06
blk0_spa/d_path,103,0,512,0.0,0.0,22.900846409038316,0.0,0.0,0.0
blk0_spa/readout,103,0,512,4.3082963386622544e-05,1.3229010491428586e-11,28.993243602578087,1.5336676833734407e-06,8.414641286449716e-08,6.754843292861175e-07
blk0_spa/state,104,0,8192,0.00038797370558924253,9.369037395162566e-11,1.2454765424287682,2.1278246358145042e-06,4.736007148306183e-08,8.673206967302476e-06
blk0_spa/c_readout,104,0,512,4.420815374479052e-05,1.501532316546842e-11,0.6371682385713928,1.8601524892896966e-06,8.634405028279398e-08,4.854452794788125e-06
blk0_spa/d_path,104,0,512,0.0,0.0,22.245553996917053,0.0,0.0,0.0
blk0_spa/readout,104,0,512,4.4208153744834214e-05,1.5015323165502997e-11,28.78224851690622,1.8601524892896966e-06,8.634405028287932e-08,7.222789906686246e-07
blk0_spa/state,105,0,8192,0.0003880607006912851,9.499354468709254e-11,1.255379772311032,2.14713169038814e-06,4.737069100235414e-08,8.698802758292967e-06
blk0_spa/c_readout,105,0,512,4.361168345279829e-05,1.4623027884734133e-11,0.6671769709812962,1.9242516653943115e-06,8.517906924374666e-08,4.681641243435506e-06
blk0_spa/d_path,105,0,512,0.0,0.0,21.682570933660624,0.0,0.0,0.0
blk0_spa/readout,105,0,512,4.361168345257608e-05,1.4623027884688677e-11,28.29089391845791,1.9242516653943115e-06,8.517906924331266e-08,7.189444226758542e-07
blk0_spa/state,106,0,8192,0.00039077687608993054,9.655976745535732e-11,1.2501647153854922,2.166373803654321e-06,4.77022553820716e-08,8.788494534484912e-06
blk0_spa/c_readout,106,0,512,4.220789743618124e-05,1.309140593480114e-11,0.6495989990805069,1.4136909351814238e-06,8.243729968004149e-08,4.4892156809164645e-06
blk0_spa/d_path,106,0,512,0.0,0.0,21.433983247508866,0.0,0.0,0.0
blk0_spa/readout,106,0,512,4.2207897436249545e-05,1.3091405934812407e-11,27.885196211982596,1.4136909351814238e-06,8.243729968017489e-08,6.851825475575195e-07
blk0_spa/state,107,0,8192,0.0003901511624293113,9.827900957125929e-11,1.2243072401297659,2.1867299138900776e-06,4.762587431998429e-08,8.959528941442533e-06
blk0_spa/c_readout,107,0,512,4.188442457989778e-05,1.4843737952921077e-11,0.6494471345824375,2.044846365690529e-06,8.180551675761285e-08,4.78079076545356e-06
blk0_spa/d_path,107,0,512,0.0,0.0,20.110250477180724,0.0,0.0,0.0
blk0_spa/readout,107,0,512,4.1884424580090006e-05,1.4843737953005278e-11,26.469878384227503,2.044846365690529e-06,8.18055167579883e-08,7.488514351657764e-07
blk0_spa/state,108,0,8192,0.00039128900894174726,9.984286138986589e-11,1.2401377992751554,2.205838834369276e-06,4.776477159933438e-08,8.97270804774754e-06
blk0_spa/c_readout,108,0,512,4.3081871197100995e-05,1.5154985208418356e-11,0.7233961707503521,1.892686732546971e-06,8.414427968183788e-08,4.57709214516059e-06
blk0_spa/d_path,108,0,512,0.0,0.0,22.012124855571948,0.0,0.0,0.0
blk0_spa/readout,108,0,512,4.3081871197671556e-05,1.515498520854211e-11,29.075749396543127,1.892686732546971e-06,8.414427968295226e-08,7.219586096491489e-07
blk0_spa/state,109,0,8192,0.00039247257468234706,1.013533395034237e-10,1.2521607665519399,2.2237805554317705e-06,4.7909249839153694e-08,8.996819042766648e-06
blk0_spa/c_readout,109,0,512,4.4195672970841745e-05,1.6835191412536895e-11,0.7142888212055466,2.3719037972632005e-06,8.631967377117528e-08,4.854808488400033e-06
blk0_spa/d_path,109,0,512,0.0,0.0,22.38187838932629,0.0,0.0,0.0
blk0_spa/readout,109,0,512,4.4195672970607314e-05,1.683519141248301e-11,29.400476353883967,2.3719037972632005e-06,8.631967377071741e-08,7.56714133887401e-07
blk0_spa/state,110,0,8192,0.00039250824004815016,1.0273929705152356e-10,1.2483665025305415,2.242764852183691e-06,4.7913603521502705e-08,9.071878845599703e-06
blk0_spa/c_readout,110,0,512,4.3337343081758744e-05,1.4908798505129135e-11,0.6940043755471159,2.0439900734150293e-06,8.464324820656005e-08,4.634898397300145e-06
blk0_spa/d_path,110,0,512,0.0,0.0,22.58065908560907,0.0,0.0,0.0
blk0_spa/readout,110,0,512,4.333734308191205e-05,1.4908798505180094e-11,29.318026859811827,2.0439900734150293e-06,8.464324820685947e-08,7.131057747963574e-07
blk0_spa/state,111,0,8192,0.00039290113984032023,1.0417051121504258e-10,1.2522571772784286,2.2616852932580153e-06,4.796156492191409e-08,9.120646697384983e-06
blk0_spa/c_readout,111,0,512,4.2618529691837854e-05,1.4164584539985382e-11,0.6607556021658707,1.7547888836404231e-06,8.323931580437081e-08,4.6300053561130985e-06
blk0_spa/d_path,111,0,512,0.0,0.0,21.490613236272086,0.0,0.0,0.0
blk0_spa/readout,111,0,512,4.261852969137815e-05,1.4164584540005071e-11,28.06781254108764,1.7547888836404231e-06,8.323931580347295e-08,7.103913043295044e-07
blk0_spa/state,112,0,8192,0.00039555913023425206,1.0603673930082425e-10,1.2559205992659934,2.2805420934400282e-06,4.828602663992335e-08,9.188552273659504e-06
blk0_spa/c_readout,112,0,512,4.410342763533854e-05,1.5926274325935623e-11,0.6910405658272343,2.026193710658161e-06,8.613950710027058e-08,4.800708373530738e-06
blk0_spa/d_path,112,0,512,0.0,0.0,22.626839681725333,0.0,0.0,0.0
blk0_spa/readout,112,0,512,4.4103427634941395e-05,1.5926274325902125e-11,29.32608141794,2.026193710658161e-06,8.613950709949491e-08,7.369365180886812e-07
blk0_spa/state,113,0,8192,0.0003983388608136987,1.0781922187499564e-10,1.2779578463522412,2.29933546679256e-06,4.86253492204222e-08,9.185225698602509e-06
blk0_spa/c_readout,113,0,512,4.553963662195037e-05,1.7549857933397458e-11,0.6883816550180818,2.1864260506100977e-06,8.894460277724682e-08,5.049195175105845e-06
blk0_spa/d_path,113,0,512,0.0,0.0,24.705186571703564,0.0,0.0,0.0
blk0_spa/readout,113,0,512,4.553963662194086e-05,1.7549857933420845e-11,31.56018203566105,2.1864260506100977e-06,8.894460277722824e-08,7.457049961686012e-07
blk0_spa/state,114,0,8192,0.00040005078717073,1.0987808730867052e-10,1.2688627642902472,2.3180656266584185e-06,4.8834324605802004e-08,9.305682247500854e-06
blk0_spa/c_readout,114,0,512,4.444070720321086e-05,1.6435039258940935e-11,0.5911062462810838,1.9856045746451375e-06,8.679825625627122e-08,5.2729371956450955e-06
blk0_spa/d_path,114,0,512,0.0,0.0,23.767139337150724,0.0,0.0,0.0
blk0_spa/readout,114,0,512,4.4440707203002886e-05,1.64350392587592e-11,29.858415380557183,1.9856045746451375e-06,8.679825625586501e-08,7.419113159208019e-07
blk0_spa/state,115,0,8192,0.0004024392228529956,1.1161667019074625e-10,1.2605190554180206,2.3356517223321626e-06,4.9125881695922314e-08,9.410004334181939e-06
blk0_spa/c_readout,115,0,512,4.441707415408277e-05,1.716215354545543e-11,0.7091623170782964,2.3440331736836114e-06,8.675209795719291e-08,4.919410530177716e-06
blk0_spa/d_path,115,0,512,0.0,0.0,21.92368236230857,0.0,0.0,0.0
blk0_spa/readout,115,0,512,4.441707415397261e-05,1.7162153545473793e-11,28.645892454910495,2.3440331736836114e-06,8.675209795697776e-08,7.740245098284244e-07
blk0_spa/state,116,0,8192,0.00040422222291060987,1.1361334361772719e-10,1.296814433639968,2.354259728655253e-06,4.9343533070142807e-08,9.359997932651778e-06
blk0_spa/c_readout,116,0,512,4.6191625847672574e-05,1.6545486818164317e-11,0.7050164518159198,1.8895720945084936e-06,9.02180192337355e-08,4.844401714986788e-06
blk0_spa/d_path,116,0,512,0.0,0.0,24.594985812195134,0.0,0.0,0.0
blk0_spa/readout,116,0,512,4.619162584779346e-05,1.6545486818181455e-11,31.740972097279652,1.8895720945084936e-06,9.021801923397161e-08,7.219874746692176e-07
blk0_spa/state,117,0,8192,0.0004079817622961967,1.1568253116321871e-10,1.294466895023773,2.3717311320943666e-06,4.9802461217797446e-08,9.45340832972414e-06
blk0_spa/c_readout,117,0,512,4.618758226079463e-05,1.53903644467239e-11,0.6524929541866258,1.3777496550675608e-06,9.021012160311451e-08,4.85664700513787e-06
blk0_spa/d_path,117,0,512,0.0,0.0,24.070586758292574,0.0,0.0,0.0
blk0_spa/readout,117,0,512,4.618758226095314e-05,1.539036444684885e-11,30.708217750433185,1.3777496550675608e-06,9.02101216034241e-08,7.079411325885001e-07
blk0_spa/state,118,0,8192,0.0004074799397840754,1.1681083631620907e-10,1.2822199906879987,2.3902177815303566e-06,4.974120358692327e-08,9.544656314779188e-06
blk0_spa/c_readout,118,0,512,4.6391976194478494e-05,1.7861158538058053e-11,0.6408320186165917,2.0464876792001934e-06,9.060932850484081e-08,5.279377428364801e-06
blk0_spa/d_path,118,0,512,0.0,0.0,23.208229541629205,0.0,0.0,0.0
blk0_spa/readout,118,0,512,4.639197619418226e-05,1.7861158537956187e-11,29.73651737023463,2.0464876792001934e-06,9.060932850426223e-08,7.750143797629613e-07
blk0_spa/state,119,0,8192,0.0004095121679397056,1.1862220966004688e-10,1.2877667953720127,2.408642249177806e-06,4.9989278312952344e-08,9.597638621113583e-06
blk0_spa/c_readout,119,0,512,4.416995064980486e-05,1.4506013762567167e-11,0.615767693352042,1.3098774213795886e-06,8.626943486290011e-08,4.853618002417495e-06
blk0_spa/d_path,119,0,512,0.0,0.0,22.92255315098613,0.0,0.0,0.0
blk0_spa/readout,119,0,512,4.4169950650156384e-05,1.4506013762662038e-11,29.2825477688566,1.3098774213795886e-06,8.626943486358669e-08,7.038329789457686e-07
blk0_spa/state,120,0,8192,0.00041029491142801754,1.2029982026272597e-10,1.3268778564447878,2.427004744191698e-06,5.008482805517792e-08,9.521755293102178e-06
blk0_spa/c_readout,120,0,512,4.585720267963312e-05,1.8650478840070774e-11,0.665843280255112,2.3829850510384104e-06,8.956484898365843e-08,5.292477040767204e-06
blk0_spa/d_path,120,0,512,0.0,0.0,23.11325626254264,0.0,0.0,0.0
blk0_spa/readout,120,0,512,4.5857202679451406e-05,1.8650478840097283e-11,30.004710158823436,2.3829850510384104e-06,8.956484898330353e-08,7.884066437200223e-07
blk0_spa/state,121,0,8192,0.00041161038096235636,1.2215069615621115e-10,1.3340883914728876,2.445305475023499e-06,5.024540783231889e-08,9.568760191960044e-06
blk0_spa/c_readout,121,0,512,4.332873699517469e-05,1.4958661138974303e-11,0.6755455008069576,1.593506164980322e-06,8.462643944370056e-08,4.705643903431831e-06
blk0_spa/d_path,121,0,512,0.0,0.0,21.17202440658082,0.0,0.0,0.0
blk0_spa/readout,121,0,512,4.33287369951452e-05,1.495866113886194e-11,27.94751637164642,1.593506164980322e-06,8.462643944364297e-08,7.316017783185919e-07
blk0_spa/state,122,0,8192,0.0004145561784331739,1.2391576857348267e-10,1.316200633669414,2.4635446494235274e-06,5.06050022501433e-08,9.702915286017133e-06
blk0_spa/c_readout,122,0,512,4.3252794198059157e-05,1.5652195585587534e-11,0.6663580385819236,1.866490105549077e-06,8.447811366808429e-08,4.846562441932379e-06
blk0_spa/d_path,122,0,512,0.0,0.0,20.632208964961563,0.0,0.0,0.0
blk0_spa/readout,122,0,512,4.325279419801774e-05,1.5652195585554748e-11,27.17304165268556,1.866490105549077e-06,8.44781136680034e-08,7.589593328121525e-07
blk0_spa/state,123,0,8192,0.00041373371797190096,1.2538304368667356e-10,1.2919374382708004,2.481722474443312e-06,5.0504604244616816e-08,9.851416084008032e-06
blk0_spa/c_readout,123,0,512,4.464076411472167e-05,1.87811726215556e-11,0.7242145402895244,2.3310242801950727e-06,8.718899241156576e-08,5.0924612401911465e-06
blk0_spa/d_path,123,0,512,0.0,0.0,21.268664830332696,0.0,0.0,0.0
blk0_spa/readout,123,0,512,4.4640764114702264e-05,1.8781172621538155e-11,28.14185569813136,2.3310242801950727e-06,8.718899241152786e-08,8.169302660079404e-07
blk0_spa/state,124,0,8192,0.00041677105111841476,1.272453242160703e-10,1.296001782565783,2.499839156437942e-06,5.0875372450978364e-08,9.908732789445044e-06
blk0_spa/c_readout,124,0,512,4.446457084003518e-05,1.758858030014374e-11,0.7235075845233943,1.9305551690073185e-06,8.684486492194371e-08,4.930532761194805e-06
blk0_spa/d_path,124,0,512,0.0,0.0,21.090112807789595,0.0,0.0,0.0
blk0_spa/readout,124,0,512,4.44645708400932e-05,1.758858030017959e-11,28.10575340076351,1.9305551690073185e-06,8.684486492205703e-08,7.910752136593138e-07
blk0_spa/state,125,0,8192,0.00041755814082383984,1.2861054361886928e-10,1.308917867282045,2.517894901068409e-06,5.097145273728514e-08,9.912474633422154e-06
blk0_spa/c_readout,125,0,512,4.592882691891958e-05,2.118092426383222e-11,0.7687334425664409,2.4720434803443278e-06,8.97047400760148e-08,5.249096612455928e-06
blk0_spa/d_path,125,0,512,0.0,0.0,22.009976547906323,0.0,0.0,0.0
blk0_spa/readout,125,0,512,4.592882691932578e-05,2.118092426392027e-11,29.42709543619153,2.4720434803443278e-06,8.970474007680816e-08,8.483962784726766e-07
blk0_spa/state,126,0,8192,0.00041766270420803467,1.3021737426329266e-10,1.3026925554799944,2.5358899133039424e-06,5.098421682226986e-08,9.998008492061212e-06
blk0_spa/c_readout,126,0,512,4.470627594124655e-05,1.875780617312335e-11,0.70845048061507,2.386908906782737e-06,8.731694519774717e-08,5.145602957311627e-06
blk0_spa/d_path,126,0,512,0.0,0.0,22.016593361592225,0.0,0.0,0.0
blk0_spa/readout,126,0,512,4.470627594115109e-05,1.8757806173110916e-11,28.88744839684208,2.386908906782737e-06,8.731694519756072e-08,8.058170098955148e-07
blk0_spa/state,127,0,8192,0.0004190478011200064,1.3187763418811776e-10,1.301551422837274,2.5538243974243367e-06,5.115329603515703e-08,1.0065953228928014e-05
blk0_spa/c_readout,127,0,512,4.553898179321743e-05,2.008347968023405e-11,0.7250929274608344,2.541258018730418e-06,8.894332381487779e-08,5.262870043526151e-06
blk0_spa/d_path,127,0,512,0.0,0.0,22.27985838691591,0.0,0.0,0.0
blk0_spa/readout,127,0,512,4.553898179298584e-05,2.0083479680118765e-11,29.41088752391959,2.541258018730418e-06,8.894332381442547e-08,8.263526334614472e-07
blk0_spa/state,128,0,8192,0.00042218226386642096,1.3366480890690792e-10,1.3111441369505419,2.5716985570222694e-06,5.1535920882131465e-08,1.0096789969578943e-05
blk0_spa/c_readout,128,0,512,4.43724848219084e-05,1.7054871297676944e-11,0.7682286854955781,2.150669786755462e-06,8.666500941778984e-08,4.711714460083799e-06
blk0_spa/d_path,128,0,512,0.0,0.0,22.523926059253824,0.0,0.0,0.0
blk0_spa/readout,128,0,512,4.4372484821946046e-05,1.7054871297686753e-11,29.769235810080943,2.150669786755462e-06,8.666500941786337e-08,7.569032675319677e-07
blk0_spa/state,129,0,8192,0.00042406262983777705,1.351876081356515e-10,1.3161357151912372,2.589512595005613e-06,5.176545774386927e-08,1.0134868190965871e-05
blk0_spa/c_readout,129,0,512,4.589384850156761e-05,1.9094812269512925e-11,0.6769245777967674,1.9863710607429807e-06,8.963642285462423e-08,5.311137623425659e-06
blk0_spa/d_path,129,0,512,0.0,0.0,23.971763586573534,0.0,0.0,0.0
blk0_spa/readout,129,0,512,4.58938485013876e-05,1.909481226951257e-11,30.89266309720058,1.9863710607429807e-06,8.963642285427266e-08,7.861945381824762e-07
blk0_spa/state,130,0,8192,0.00042647787752003307,1.370620722937293e-10,1.3081444999229102,2.607266713599736e-06,5.206028778320716e-08,1.0236012017980922e-05
blk0_spa/c_readout,130,0,512,4.635638037258498e-05,1.8724368668979053e-11,0.6499798037785078,1.984166061074189e-06,9.053980541520504e-08,5.367272688601475e-06
blk0_spa/d_path,130,0,512,0.0,0.0,24.475005774344602,0.0,0.0,0.0
blk0_spa/readout,130,0,512,4.6356380372503244e-05,1.8724368668921493e-11,31.106180684127473,1.984166061074189e-06,9.05398054150454e-08,7.758544342013525e-07
blk0_spa/state,131,0,8192,0.000429250331129391,1.3903359946454823e-10,1.2912228939052144,2.623936385958934e-06,5.239872206169324e-08,1.0376700318355824e-05
blk0_spa/c_readout,131,0,512,4.4167762346946596e-05,1.5629578670421945e-11,0.5697935299575423,1.4775242147240308e-06,8.626516083388007e-08,5.237389565924234e-06
blk0_spa/d_path,131,0,512,0.0,0.0,23.080928017210265,0.0,0.0,0.0
blk0_spa/readout,131,0,512,4.416776234680229e-05,1.5629578670431826e-11,29.118523709252912,1.4775242147240308e-06,8.626516083359822e-08,7.326371875853334e-07
blk0_spa/state,132,0,8192,0.0004280027853141023,1.404229817578733e-10,1.3173822567493345,2.6415747165138454e-06,5.224643375416288e-08,1.0324361209366674e-05
blk0_spa/c_readout,132,0,512,4.6300587827426106e-05,1.8027637882599604e-11,0.6950845612109443,1.762378712099695e-06,9.043083560044161e-08,5.092729295006752e-06
blk0_spa/d_path,132,0,512,0.0,0.0,23.894543956924444,0.0,0.0,0.0
blk0_spa/readout,132,0,512,4.630058782721138e-05,1.8027637882545948e-11,30.9744364422145,1.762378712099695e-06,9.043083560002223e-08,7.62900160443223e-07
blk0_spa/state,133,0,8192,0.0004306421191945987,1.4209230950084293e-10,1.3106897929579229,2.658135673328166e-06,5.256861806574691e-08,1.041202801301812e-05
blk0_spa/c_readout,133,0,512,4.560484059551504e-05,1.607772695703274e-11,0.5805423552644287,1.4266796875457373e-06,8.907195428811532e-08,5.2625395068822415e-06
blk0_spa/d_path,133,0,512,0.0,0.0,22.1407325492582,0.0,0.0,0.0
blk0_spa/readout,133,0,512,4.560484059585895e-05,1.6077726957108308e-11,28.329426999174117,1.4266796875457373e-06,8.907195428878701e-08,7.533441657562052e-07
blk0_spa/state,134,0,8192,0.00043115885266227955,1.4368685066416826e-10,1.333625501169937,2.6746441516158797e-06,5.263169588162592e-08,1.0379861706257795e-05
blk0_spa/c_readout,134,0,512,4.735121003336113e-05,1.9711395494407855e-11,0.7056232668323645,2.1641453199176813e-06,9.248283209640845e-08,5.285331595665718e-06
blk0_spa/d_path,134,0,512,0.0,0.0,22.932830794600363,0.0,0.0,0.0
blk0_spa/readout,134,0,512,4.735121003323102e-05,1.9711395494372018e-11,30.07520505311056,2.1641453199176813e-06,9.248283209615434e-08,8.095699648012071e-07
blk0_spa/state,135,0,8192,0.00043278297274896687,1.4569034744181114e-10,1.3481106184779308,2.692111921271028e-06,5.282995272814537e-08,1.0395673350325968e-05
blk0_spa/c_readout,135,0,512,4.671610947251268e-05,1.7590472299057924e-11,0.6050463254271019,1.6986615548374755e-06,9.124240131350132e-08,5.391932369990204e-06
blk0_spa/d_path,135,0,512,0.0,0.0,21.909778506481704,0.0,0.0,0.0
blk0_spa/readout,135,0,512,4.6716109472476275e-05,1.7590472299076012e-11,28.416730735567498,1.6986615548374755e-06,9.124240131343022e-08,7.867770696921854e-07
blk0_spa/state,136,0,8192,0.0004343695730124385,1.4768235263620727e-10,1.327858681926197,2.709520936246876e-06,5.302362951811993e-08,1.054601470043111e-05
blk0_spa/c_readout,136,0,512,4.6482375722724654e-05,1.82953201908876e-11,0.5915177527824937,1.6701036507111433e-06,9.078589008344659e-08,5.56142539472046e-06
blk0_spa/d_path,136,0,512,0.0,0.0,20.86917847907317,0.0,0.0,0.0
blk0_spa/readout,136,0,512,4.648237572286896e-05,1.829532019082546e-11,27.070335308194544,1.6701036507111433e-06,9.078589008372844e-08,8.220972390872425e-07
blk0_spa/state,137,0,8192,0.00043570069808457655,1.4987172665148895e-10,1.297594004396119,2.726871394170963e-06,5.318612037165241e-08,1.0747078974792476e-05
blk0_spa/c_readout,137,0,512,4.598978414784331e-05,2.0630221368542088e-11,0.6550299679908618,2.545494215298055e-06,8.982379716375646e-08,5.612047771510882e-06
blk0_spa/d_path,137,0,512,0.0,0.0,20.651114219026482,0.0,0.0,0.0
blk0_spa/readout,137,0,512,4.5989784147997047e-05,2.0630221368496496e-11,27.175617050807713,2.545494215298055e-06,8.982379716405673e-08,8.712890119399343e-07
blk0_spa/state,138,0,8192,0.0004372066478931535,1.5190133249433387e-10,1.3040084906232918,2.744163492006087e-06,5.3369952135394715e-08,1.0792960364726536e-05
blk0_spa/c_readout,138,0,512,4.7938094282891736e-05,1.9307226133223422e-11,0.7763582229490433,1.9725565159456016e-06,9.362909039627292e-08,4.9868793698209686e-06
blk0_spa/d_path,138,0,512,0.0,0.0,21.217139333787017,0.0,0.0,0.0
blk0_spa/readout,138,0,512,4.7938094282422575e-05,1.9307226133127275e-11,28.470727765996685,1.9725565159456016e-06,9.362909039535659e-08,8.234944134312137e-07
blk0_spa/state,139,0,8192,0.0004374076140170537,1.5358918749392512e-10,1.3355055986301028,2.7613974260525416e-06,5.339448413294112e-08,1.0724016288959843e-05
blk0_spa/c_readout,139,0,512,4.801480499798382e-05,2.0687517470098264e-11,0.7768038695468016,2.082855549179656e-06,9.377891601168714e-08,5.160579808236707e-06
blk0_spa/d_path,139,0,512,0.0,0.0,22.348948801643118,0.0,0.0,0.0
blk0_spa/readout,139,0,512,4.801480499773895e-05,2.0687517470102e-11,29.8940922346057,2.082855549179656e-06,9.377891601120889e-08,8.318815720594275e-07
blk0_spa/state,140,0,8192,0.00043722600690605914,1.5474539817203904e-10,1.3235781911257491,2.7785733919503444e-06,5.33723152961498e-08,1.0812697921588173e-05
blk0_spa/c_readout,140,0,512,4.7837464421792225e-05,2.2667422649447845e-11,0.7081580130198445,2.555524891226917e-06,9.343254769881294e-08,5.6576487914929015e-06
blk0_spa/d_path,140,0,512,0.0,0.0,22.165429766151345,0.0,0.0,0.0
blk0_spa/readout,140,0,512,4.783746442176512e-05,2.2667422649371357e-11,29.05154384228448,2.555524891226917e-06,9.343254769876e-08,8.833167441673113e-07
blk0_spa/state,141,0,8192,0.0004394760750236883,1.5615839420543813e-10,1.3004963372041056,2.796743737919349e-06,5.364698181441507e-08,1.0957919370898178e-05
blk0_spa/c_readout,141,0,512,4.699911455970867e-05,2.1306394982994448e-11,0.7095413948673689,2.283043754096507e-06,9.1795145624431e-08,5.479817793151099e-06
blk0_spa/d_path,141,0,512,0.0,0.0,20.98632262312188,0.0,0.0,0.0
blk0_spa/readout,141,0,512,4.699911456006033e-05,2.1306394983028317e-11,27.95185249766258,2.283043754096507e-06,9.179514562511784e-08,8.730712534545127e-07
blk0_spa/state,142,0,8192,0.0004398693512223741,1.5714232457622765e-10,1.2971974241122124,2.8138008127818792e-06,5.3694989162887465e-08,1.100635579489655e-05
blk0_spa/c_readout,142,0,512,4.6784421487008196e-05,2.1563374726507307e-11,0.6981603324188044,2.452923932385282e-06,9.137582321681288e-08,5.557516748313942e-06
blk0_spa/d_path,142,0,512,0.0,0.0,21.12799218001885,0.0,0.0,0.0
blk0_spa/readout,142,0,512,4.678442148739244e-05,2.1563374726583766e-11,28.12681094276754,2.452923932385282e-06,9.137582321756335e-08,8.755846071475938e-07
blk0_spa/state,143,0,8192,0.0004395203861141373,1.5805372432225705e-10,1.307067822252517,2.830800514380213e-06,5.36523908830734e-08,1.0996470293239395e-05
blk0_spa/c_readout,143,0,512,4.71169157790506e-05,2.2258688402597177e-11,0.7511758726464173,2.616105557208409e-06,9.202522613095821e-08,5.443509307675082e-06
blk0_spa/d_path,143,0,512,0.0,0.0,21.591120719170366,0.0,0.0,0.0
blk0_spa/readout,143,0,512,4.7116915778701055e-05,2.225868840248855e-11,29.029400963240796,2.616105557208409e-06,9.20252261302755e-08,8.756503950001018e-07
blk0_spa/state,144,0,8192,0.00044208581017252715,1.5977037646684892e-10,1.2986024593474716,2.847743035695354e-06,5.396555299957607e-08,1.1092004031382065e-05
blk0_spa/c_readout,144,0,512,4.742195093181935e-05,2.1766281701238078e-11,0.7470372064863299,2.6178176727600794e-06,9.262099791370967e-08,5.3978524192630545e-06
blk0_spa/d_path,144,0,512,0.0,0.0,20.501006103380536,0.0,0.0,0.0
blk0_spa/readout,144,0,512,4.742195093182304e-05,2.1766281701204894e-11,27.52466487440494,2.6178176727600794e-06,9.262099791371687e-08,8.892648019287552e-07
blk0_spa/state,145,0,8192,0.0004429084499707786,1.6124173837641075e-10,1.3214258888242736,2.864628569059196e-06,5.406597289682356e-08,1.1046312629102123e-05
blk0_spa/c_readout,145,0,512,4.9598567611988466e-05,2.2830072114476436e-11,0.7465383076316551,2.4398870220676744e-06,9.687220236716497e-08,5.5300313419963645e-06
blk0_spa/d_path,145,0,512,0.0,0.0,24.491573691047037,0.0,0.0,0.0
blk0_spa/readout,145,0,512,4.9598567611589805e-05,2.283007211432113e-11,31.95451029208364,2.4398870220676744e-06,9.687220236638634e-08,8.452546302988635e-07
blk0_spa/state,146,0,8192,0.00044619866663645646,1.630361643199138e-10,1.3258561101126687,2.881457306156703e-06,5.4467610673395564e-08,1.1089035593625603e-05
blk0_spa/c_readout,146,0,512,4.8950033912745656e-05,2.0157233134690407e-11,0.6309962026685803,1.9482247824335366e-06,9.560553498583136e-08,5.651999133134345e-06
blk0_spa/d_path,146,0,512,0.0,0.0,23.572913057850126,0.0,0.0,0.0
blk0_spa/readout,146,0,512,4.895003391279465e-05,2.0157233134697868e-11,30.17182731077729,1.9482247824335366e-06,9.560553498592705e-08,8.173623946219345e-07
blk0_spa/state,147,0,8192,0.0004476002010712805,1.644914643451609e-10,1.2970022125027925,2.898229438028086e-06,5.4638696419834044e-08,1.126163182601347e-05
blk0_spa/c_readout,147,0,512,4.52148709988762e-05,1.974955988605091e-11,0.6129161130861114,2.3211210381754324e-06,8.831029491968007e-08,5.6764679691020894e-06
blk0_spa/d_path,147,0,512,0.0,0.0,21.319502915405764,0.0,0.0,0.0
blk0_spa/readout,147,0,512,4.521487099884237e-05,1.9749559885943533e-11,27.6114698272945,2.3211210381754324e-06,8.8310294919614e-08,8.457343071005752e-07
blk0_spa/state,148,0,8192,0.00044931832801884156,1.6604002409422165e-10,1.2850309798737862,2.9139771047781416e-06,5.4848428713237496e-08,1.1367097756500218e-05
blk0_spa/c_readout,148,0,512,4.675206068257819e-05,1.834161840753254e-11,0.6769233944529768,1.8049752963256188e-06,9.131261852066052e-08,5.20533956025475e-06
blk0_spa/d_path,148,0,512,0.0,0.0,21.24898614105834,0.0,0.0,0.0
blk0_spa/readout,148,0,512,4.675206068296552e-05,1.8341618407620856e-11,28.03535123224044,1.8049752963256188e-06,9.131261852141703e-08,8.088459703973453e-07
blk0_spa/state,149,0,8192,0.0004511436099116713,1.6723902848974915e-10,1.312247057719191,2.9306398528886524e-06,5.507124144429581e-08,1.1289144036431528e-05
blk0_spa/c_readout,149,0,512,4.9198027766445324e-05,2.5653963049174126e-11,0.7307783294710124,3.009823797108782e-06,9.608989798133852e-08,5.9249460784744e-06
blk0_spa/d_path,149,0,512,0.0,0.0,22.855061254752364,0.0,0.0,0.0
blk0_spa/readout,149,0,512,4.919802776636184e-05,2.5653963049299932e-11,30.095080538582632,3.009823797108782e-06,9.608989798117547e-08,9.232716014803045e-07
blk0_spa/state,150,0,8192,0.00045305782674601516,1.6910709960855705e-10,1.3532620888159017,2.94628481718995e-06,5.530491049145693e-08,1.1178665547736098e-05
blk0_spa/c_readout,150,0,512,4.8080365948987395e-05,2.035373730390749e-11,0.6077920997658911,2.071614313105118e-06,9.3906964744116e-08,5.786881072025844e-06
blk0_spa/d_path,150,0,512,0.0,0.0,23.40902121759217,0.0,0.0,0.0
blk0_spa/readout,150,0,512,4.808036594868211e-05,2.035373730390757e-11,30.104102465748465,2.071614313105118e-06,9.390696474351975e-08,8.222601454516363e-07
blk0_spa/state,151,0,8192,0.00045304674937531606,1.706795846127841e-10,1.3372097368831084,2.9628388949138474e-06,5.530355827335401e-08,1.1297725629753301e-05
blk0_spa/c_readout,151,0,512,4.715363269519842e-05,2.1373745681299208e-11,0.6291202309867151,2.194402129502948e-06,9.209693885780941e-08,5.8287240258322726e-06
blk0_spa/d_path,151,0,512,0.0,0.0,21.597204841432816,0.0,0.0,0.0
blk0_spa/readout,151,0,512,4.715363269528949e-05,2.137374568134359e-11,28.212515127567432,2.194402129502948e-06,9.209693885798729e-08,8.704010701326288e-07
blk0_spa/state,152,0,8192,0.00045619940510785244,1.726235768773602e-10,1.3114511205336907,2.979337291257295e-06,5.5688403943829644e-08,1.1472920953098211e-05
blk0_spa/c_readout,152,0,512,4.72912380481391e-05,2.3436952685824926e-11,0.6289380659660936,2.77707661538997e-06,9.236569931277168e-08,6.1044512696357345e-06
blk0_spa/d_path,152,0,512,0.0,0.0,20.64157567209264,0.0,0.0,0.0
blk0_spa/readout,152,0,512,4.7291238048106494e-05,2.3436952685814305e-11,27.064797663780553,2.77707661538997e-06,9.2365699312708e-08,9.305681397070387e-07
blk0_spa/state,153,0,8192,0.0004563244936899098,1.7425277247299412e-10,1.3119789629123337,2.9712716667868303e-06,5.5703673546131565e-08,1.1524614648551316e-05
blk0_spa/c_readout,153,0,512,5.009625937447503e-05,2.4638546031888403e-11,0.7527207634398521,2.699609626368049e-06,9.784425659077155e-08,5.721245579047055e-06
blk0_spa/d_path,153,0,512,0.0,0.0,20.846577972657332,0.0,0.0,0.0
blk0_spa/readout,153,0,512,5.009625937441666e-05,2.463854603186578e-11,28.153192275607246,2.699609626368049e-06,9.784425659065754e-08,9.354998337272666e-07
blk0_spa/state,154,0,8192,0.0004585914760262419,1.7511539406926488e-10,1.3215864009005123,2.950190567503066e-06,5.598040478835961e-08,1.1511035209773516e-05
blk0_spa/c_readout,154,0,512,5.086331063751733e-05,2.6037856018308827e-11,0.7513449825643052,2.7525830278814547e-06,9.934240358890103e-08,5.8868492597579075e-06
blk0_spa/d_path,154,0,512,0.0,0.0,20.457798877584352,0.0,0.0,0.0
blk0_spa/readout,154,0,512,5.0863310637424736e-05,2.6037856018316562e-11,27.685157557242114,2.7525830278814547e-06,9.934240358872019e-08,9.69793146970744e-07
blk0_spa/state,155,0,8192,0.0004564791775235117,1.7519002433706398e-10,1.3534199098580673,2.9289798902247677e-06,5.572255585003805e-08,1.1377278941006742e-05
blk0_spa/c_readout,155,0,512,4.999705516812922e-05,2.4793946676714956e-11,0.7920133266811515,2.7922884763168188e-06,9.765049837525239e-08,5.595083687627854e-06
blk0_spa/d_path,155,0,512,0.0,0.0,22.540459619548255,0.0,0.0,0.0
blk0_spa/readout,155,0,512,4.9997055168159364e-05,2.479394667675827e-11,30.18323855306721,2.7922884763168188e-06,9.765049837531126e-08,9.06337424664539e-07
blk0_spa/state,156,0,8192,0.0004587135454208278,1.7652501023558343e-10,1.3508482802948236,2.9076400708011413e-06,5.599530583750339e-08,1.1431410897008544e-05
blk0_spa/c_readout,156,0,512,5.0451856568143e-05,2.5534208852507772e-11,0.682628516368423,2.506596842893707e-06,9.85387823596543e-08,6.116021307869263e-06
blk0_spa/d_path,156,0,512,0.0,0.0,23.133708278377455,0.0,0.0,0.0
blk0_spa/readout,156,0,512,5.045185656846951e-05,2.55342088526418e-11,30.107512223858475,2.506596842893707e-06,9.853878236029201e-08,9.209239497473034e-07
blk0_spa/state,157,0,8192,0.000459784737105913,1.7757052226577217e-10,1.3249283874946376,2.8861715436153663e-06,5.612606654124915e-08,1.1576818736266444e-05
blk0_spa/c_readout,157,0,512,5.0527204305542684e-05,2.7445861053923634e-11,0.694679393314407,2.8618286973620105e-06,9.868594590926306e-08,6.285592501235739e-06
blk0_spa/d_path,157,0,512,0.0,0.0,21.119845656926774,0.0,0.0,0.0
blk0_spa/readout,157,0,512,5.052720430565327e-05,2.744586105386106e-11,28.008173807532106,2.8618286973620105e-06,9.868594590947905e-08,9.89910734606864e-07
blk0_spa/state,158,0,8192,0.0004610349254994103,1.789760206071472e-10,1.328175496075214,2.8669108570569963e-06,5.6278677429127237e-08,1.1608328566956457e-05
blk0_spa/c_readout,158,0,512,4.9876758853900645e-05,2.401280716201847e-11,0.7518556505048725,2.476731101467678e-06,9.74155446365247e-08,5.651376386217685e-06
blk0_spa/d_path,158,0,512,0.0,0.0,21.607877699952255,0.0,0.0,0.0
blk0_spa/readout,158,0,512,4.98767588541795e-05,2.401280716213411e-11,29.026934313755227,2.476731101467678e-06,9.741554463706934e-08,9.095380694807547e-07
blk0_spa/state,159,0,8192,0.0004595593295417366,1.8044167384313664e-10,1.3369120807251158,2.8451783538870765e-06,5.6098550969450265e-08,1.1617615523009433e-05
blk0_spa/c_readout,159,0,512,5.0047399942386375e-05,2.639682191656929e-11,0.7666988018492595,2.9927067138882304e-06,9.774882801247339e-08,5.867639573723299e-06
blk0_spa/d_path,159,0,512,0.0,0.0,21.23808982354295,0.0,0.0,0.0
blk0_spa/readout,159,0,512,5.004739994182389e-05,2.639682191639833e-11,28.795611024670343,2.9927067138882304e-06,9.774882801137479e-08,9.574424350370588e-07
blk0_spa/state,160,0,8192,0.0004644875557675141,1.8215591567726593e-10,1.3420820684248382,2.8233184637880654e-06,5.6700141084901626e-08,1.1650165718699663e-05
blk0_spa/c_readout,160,0,512,5.0582262637575795e-05,2.3039432959347654e-11,0.7398992577783292,2.2827195147325865e-06,9.879348171401523e-08,5.580197847395702e-06
blk0_spa/d_path,160,0,512,0.0,0.0,21.080350797733885,0.0,0.0,0.0
blk0_spa/readout,160,0,512,5.0582262637878505e-05,2.303943295936012e-11,28.289001206206702,2.2827195147325865e-06,9.879348171460645e-08,9.024581803771536e-07
blk0_spa/state,161,0,8192,0.000464247504683057,1.8319001391242058e-10,1.3382791594710985,2.8013316152392874e-06,5.667083797400598e-08,1.1699775822108838e-05
blk0_spa/c_readout,161,0,512,5.275997001933314e-05,2.498950076390644e-11,0.693854706846453,2.2284865826625904e-06,1.0304681644401004e-07,6.001288714215578e-06
blk0_spa/d_path,161,0,512,0.0,0.0,23.932148288097768,0.0,0.0,0.0
blk0_spa/readout,161,0,512,5.275997001923464e-05,2.4989500763893885e-11,31.026798834254777,2.2284865826625904e-06,1.0304681644381766e-07,8.974500891189975e-07
blk0_spa/state,162,0,8192,0.00046449355962840933,1.8440329009569123e-10,1.3418722369889156,2.7792182352788337e-06,5.670087397807731e-08,1.1722729637737943e-05
blk0_spa/c_readout,162,0,512,5.201133994748531e-05,2.2029570482400002e-11,0.6185088939410641,1.9042389512706836e-06,1.0158464833493225e-07,5.968016845531851e-06
blk0_spa/d_path,162,0,512,0.0,0.0,22.9354259459915,0.0,0.0,0.0
blk0_spa/readout,162,0,512,5.2011339947691444e-05,2.2029570482504188e-11,29.368814545146453,1.9042389512724522e-06,1.0158464833533485e-07,8.660835829541962e-07
blk0_spa/state,163,0,8192,0.0004668896661881057,1.8564984780419424e-10,1.3501258235983564,2.756978749508407e-06,5.699336745460275e-08,1.172627775099125e-05
blk0_spa/c_readout,163,0,512,5.273055944504428e-05,2.429866746381856e-11,0.7432466331367465,2.1854296565302776e-06,1.029893739161021e-07,5.717744614656293e-06
blk0_spa/d_path,163,0,512,0.0,0.0,22.22618455519852,0.0,0.0,0.0
blk0_spa/readout,163,0,512,5.273055944515828e-05,2.4298667463784743e-11,29.63312862505755,2.1854296565302776e-06,1.0298937391632477e-07,9.055292343093535e-07
blk0_spa/state,164,0,8192,0.0004683773841016595,1.8672826722218343e-10,1.340719178060206,2.732456947903178e-06,5.717497364522211e-08,1.1801470434262347e-05
blk0_spa/c_readout,164,0,512,5.1353251067617117e-05,2.730659485891213e-11,0.722631840451109,2.9825189170291207e-06,1.0029931849143968e-07,6.147170042513081e-06
blk0_spa/d_path,164,0,512,0.0,0.0,21.02480353024444,0.0,0.0,0.0
blk0_spa/readout,164,0,512,5.135325106761735e-05,2.730659485897525e-11,28.13786607401029,2.9825189170291207e-06,1.0029931849144013e-07,9.851178634007578e-07
blk0_spa/state,165,0,8192,0.00046976476160523776,1.8770029257786917e-10,1.3608916916131304,2.707823975431471e-06,5.7344331250639375e-08,1.1744125767767997e-05
blk0_spa/c_readout,165,0,512,5.0418814055654155e-05,2.2597856809833716e-11,0.6961763995626242,2.41103552848383e-06,9.847424620244952e-08,5.697364142440371e-06
blk0_spa/d_path,165,0,512,0.0,0.0,22.45997457016916,0.0,0.0,0.0
blk0_spa/readout,165,0,512,5.041881405573948e-05,2.259785680982325e-11,29.546975799808997,2.41103552848383e-06,9.847424620261618e-08,8.74534824415794e-07
blk0_spa/state,166,0,8192,0.00047043112582089417,1.887075754873693e-10,1.3585825732734171,2.6830801843726453e-06,5.742567453868337e-08,1.1785598656320817e-05
blk0_spa/c_readout,166,0,512,5.0296485840637314e-05,2.6664523928376443e-11,0.6351624732977584,2.7435967613918187e-06,9.823532390749475e-08,6.479246480463893e-06
blk0_spa/d_path,166,0,512,0.0,0.0,21.742758555224928,0.0,0.0,0.0
blk0_spa/readout,166,0,512,5.0296485840399684e-05,2.6664523928352613e-11,28.462177431797045,2.7435967613918187e-06,9.823532390703063e-08,9.67905273866085e-07
blk0_spa/state,167,0,8192,0.0004727668632190923,1.9030985867066982e-10,1.3311387923138283,2.6582259258897557e-06,5.771079873279935e-08,1.1956910360683994e-05
blk0_spa/c_readout,167,0,512,4.839275981178739e-05,2.4512570217536822e-11,0.6408024314662745,2.723830725160054e-06,9.451710900739724e-08,6.18489526781399e-06
blk0_spa/d_path,167,0,512,0.0,0.0,21.105357304817275,0.0,0.0,0.0
blk0_spa/readout,167,0,512,4.8392759811659885e-05,2.451257021740032e-11,27.742824452178983,2.723830725160054e-06,9.451710900714821e-08,9.399810286667848e-07
blk0_spa/state,168,0,8192,0.00047462837041919016,1.9203569066590665e-10,1.3320220559523093,2.667234461806598e-06,5.79380334984363e-08,1.2007020934441823e-05
blk0_spa/c_readout,168,0,512,5.2501985162017235e-05,2.7534094588522364e-11,0.7691392108380017,2.9499485057683686e-06,1.0254293976956491e-07,5.9831917840003045e-06
blk0_spa/d_path,168,0,512,0.0,0.0,20.97087187349597,0.0,0.0,0.0
blk0_spa/readout,168,0,512,5.2501985161864797e-05,2.753409458850592e-11,28.3961478345857,2.9499485057683686e-06,1.0254293976926718e-07,9.847039629756206e-07
blk0_spa/state,169,0,8192,0.000473380641395044,1.9300199415706304e-10,1.3473882831873525,2.6818122810678442e-06,5.7785722826543455e-08,1.1968356443277637e-05
blk0_spa/c_readout,169,0,512,5.3213147424080695e-05,2.6350385458393708e-11,0.7417218199679405,2.468506699372355e-06,1.0393192856265761e-07,5.960366411026752e-06
blk0_spa/d_path,169,0,512,0.0,0.0,20.978193368316195,0.0,0.0,0.0
blk0_spa/readout,169,0,512,5.321314742391046e-05,2.6350385458386364e-11,28.355621929717447,2.468506699372355e-06,1.0393192856232512e-07,9.639930385531548e-07
blk0_spa/state,170,0,8192,0.0004731706422801972,1.9380892953180638e-10,1.34612160827347,2.700965242100171e-06,5.7760088168969385e-08,1.1998991441144824e-05
blk0_spa/c_readout,170,0,512,5.305514212689186e-05,2.816003945584008e-11,0.7961328188462524,2.9978865944121357e-06,1.0362332446658566e-07,5.94735504703495e-06
blk0_spa/d_path,170,0,512,0.0,0.0,21.22544045590154,0.0,0.0,0.0
blk0_spa/readout,170,0,512,5.305514212653624e-05,2.816003945578789e-11,28.791631014004615,2.9978865944121357e-06,1.036233244658911e-07,9.8897086054097e-07
blk0_spa/state,171,0,8192,0.0004735581475965499,1.9527633404457665e-10,1.379402097351152,2.7215929482093617e-06,5.780739106403197e-08,1.1898147970794806e-05
blk0_spa/c_readout,171,0,512,5.370289591317264e-05,2.6762613874230432e-11,0.7861204357008988,2.5144352002638963e-06,1.0488846858041531e-07,5.834715987208504e-06
blk0_spa/d_path,171,0,512,0.0,0.0,23.358234676070584,0.0,0.0,0.0
blk0_spa/readout,171,0,512,5.370289591302288e-05,2.6762613874102936e-11,31.045994633426044,2.5144352002638963e-06,1.0488846858012282e-07,9.284563162760564e-07
blk0_spa/state,172,0,8192,0.0004745429012368432,1.9634915694524488e-10,1.3710163557372288,2.74481435373818e-06,5.7927600248638084e-08,1.1967218004250266e-05
blk0_spa/c_readout,172,0,512,5.227440576895132e-05,3.031940350383932e-11,0.7415265818389618,3.2963135662276896e-06,1.0209844876748304e-07,6.394358250696289e-06
blk0_spa/d_path,172,0,512,0.0,0.0,21.914642204027007,0.0,0.0,0.0
blk0_spa/readout,172,0,512,5.2274405769244486e-05,3.0319403503977524e-11,29.288181121258674,3.2963135662276896e-06,1.0209844876805564e-07,1.0174524587361997e-06
blk0_spa/state,173,0,8192,0.0004765047007910357,1.9783043986338642e-10,1.3503009301403621,2.7680094862240397e-06,5.8167077733280726e-08,1.2104065771391862e-05
blk0_spa/c_readout,173,0,512,5.0440800565660576e-05,2.6228282364241964e-11,0.7161190041957313,2.754594495349966e-06,9.851718860480581e-08,6.051908116516228e-06
blk0_spa/d_path,173,0,512,0.0,0.0,20.90117993900379,0.0,0.0,0.0
blk0_spa/readout,173,0,512,5.0440800565370606e-05,2.6228282364201788e-11,28.0167793164247,2.754594495349966e-06,9.851718860423946e-08,9.675553543208316e-07
blk0_spa/state,174,0,8192,0.00047733913885174083,1.990771047770865e-10,1.3475390031567573,2.789835235390887e-06,5.8268937848112895e-08,1.2154580824580896e-05
blk0_spa/c_readout,174,0,512,5.251314722422938e-05,2.8519655759902398e-11,0.7805351551738797,2.748805220517059e-06,1.0256474067232301e-07,6.044716059079988e-06
blk0_spa/d_path,174,0,512,0.0,0.0,21.81427214676074,0.0,0.0,0.0
blk0_spa/readout,174,0,512,5.251314722391301e-05,2.8519655759892326e-11,29.384608037715346,2.748805220517059e-06,1.025647406717051e-07,9.851722914894824e-07
blk0_spa/state,175,0,8192,0.00047659152733500233,2.0029411529667848e-10,1.3585738774069265,2.8116377221330263e-06,5.8177676676636027e-08,1.2142062527625211e-05
blk0_spa/c_readout,175,0,512,5.190991336879053e-05,2.7782858772870404e-11,0.7304494028870041,2.9133059582889335e-06,1.01386549548419e-07,6.167276168965843e-06
blk0_spa/d_path,175,0,512,0.0,0.0,21.782837795174935,0.0,0.0,0.0
blk0_spa/readout,175,0,512,5.1909913369174985e-05,2.7782858772925424e-11,29.130047615034442,2.9133059582889335e-06,1.0138654954916989e-07,9.766025825210728e-07
blk0_spa/state,176,0,8192,0.0004750171591811211,2.0112363587958952e-10,1.3721925562375539,2.8321543094064758e-06,5.7985493064101694e-08,1.2106651086249819e-05
blk0_spa/c_readout,176,0,512,5.550064643314664e-05,3.177872210862722e-11,0.8487747276436021,2.871213968663814e-06,1.0839970006473954e-07,6.118880824855277e-06
blk0_spa/d_path,176,0,512,0.0,0.0,22.43058534700068,0.0,0.0,0.0
blk0_spa/readout,176,0,512,5.550064643322579e-05,3.177872210864139e-11,30.359510348919187,2.871213968663814e-06,1.0839970006489412e-07,1.0231064750717501e-06
blk0_spa/state,177,0,8192,0.00047526163149843605,2.0287143846770447e-10,1.3854191563419125,2.8552506241698437e-06,5.801533587627393e-08,1.2100960967886413e-05
blk0_spa/c_readout,177,0,512,5.319941206101812e-05,2.5453284960098768e-11,0.7134819604409123,1.9065477082186007e-06,1.0390510168167602e-07,5.972833677556934e-06
blk0_spa/d_path,177,0,512,0.0,0.0,24.135569475985776,0.0,0.0,0.0
blk0_spa/readout,177,0,512,5.319941206110139e-05,2.5453284960080657e-11,31.424799827478385,1.9065477082186007e-06,1.0390510168183865e-07,8.999858055047672e-07
blk0_spa/state,178,0,8192,0.0004802691081562662,2.0456561347196764e-10,1.374376845384627,2.8797404255099504e-06,5.862660011673171e-08,1.2200100307489238e-05
blk0_spa/c_readout,178,0,512,5.1946146236269066e-05,2.8262803801537274e-11,0.6681241291957306,2.7275947768838726e-06,1.0145731686771302e-07,6.503977700731747e-06
blk0_spa/d_path,178,0,512,0.0,0.0,21.50149241615493,0.0,0.0,0.0
blk0_spa/readout,178,0,512,5.1946146236318655e-05,2.8262803801472996e-11,28.267301498578018,2.7275947768838726e-06,1.0145731686780987e-07,9.999204403004284e-07
blk0_spa/state,179,0,8192,0.00047893672696870334,2.0598204555085057e-10,1.3813958127357864,2.9057058613140196e-06,5.8463955928796795e-08,1.2211123278454336e-05
blk0_spa/c_readout,179,0,512,5.345802897146217e-05,3.07686425216883e-11,0.7556994259077696,2.9175041502277693e-06,1.0441021283488705e-07,6.380865963029844e-06
blk0_spa/d_path,179,0,512,0.0,0.0,22.00464868608757,0.0,0.0,0.0
blk0_spa/readout,179,0,512,5.345802897144498e-05,3.076864252167888e-11,29.548521284680042,2.9175041502277693e-06,1.0441021283485348e-07,1.0204372225111087e-06
blk0_spa/state,180,0,8192,0.0004792078145088605,2.075833170310668e-10,1.375031375407582,2.9287189587596157e-06,5.849704766953864e-08,1.2286831987686402e-05
blk0_spa/c_readout,180,0,512,5.1583720766683056e-05,2.907406531162503e-11,0.6877433263599138,3.0392223361740417e-06,1.0074945462242784e-07,6.501891058081529e-06
blk0_spa/d_path,180,0,512,0.0,0.0,20.529690582150714,0.0,0.0,0.0
blk0_spa/readout,180,0,512,5.15837207666437e-05,2.9074065311487642e-11,27.47691865144109,3.0392223361740417e-06,1.0074945462235098e-07,1.0286529285884557e-06
blk0_spa/state,181,0,8192,0.00047997847206151666,2.09146270035173e-10,1.3688561685625755,2.9503734197852673e-06,5.859112207782186e-08,1.236078786448863e-05
blk0_spa/c_readout,181,0,512,5.250893250993568e-05,2.7197226749884535e-11,0.6842177951479929,2.3172313960506064e-06,1.0255650880846813e-07,6.304710196165316e-06
blk0_spa/d_path,181,0,512,0.0,0.0,21.749925317618242,0.0,0.0,0.0
blk0_spa/readout,181,0,512,5.250893251011813e-05,2.7197226749893866e-11,28.875677059712853,2.3172313960506064e-06,1.0255650880882447e-07,9.705015268903463e-07
blk0_spa/state,182,0,8192,0.0004822107643369855,2.1084848250792153e-10,1.3854125377415714,2.973335979692076e-06,5.886361869347967e-08,1.2336605669477391e-05
blk0_spa/c_readout,182,0,512,5.131032814743495e-05,3.0783648064334575e-11,0.7022933682272556,3.5325063043666006e-06,1.0021548466295888e-07,6.620651972663793e-06
blk0_spa/d_path,182,0,512,0.0,0.0,21.281778304484792,0.0,0.0,0.0
blk0_spa/readout,182,0,512,5.131032814698869e-05,3.0783648064288233e-11,28.52616960851883,3.5325063043666006e-06,1.0021548466208728e-07,1.0388152406304537e-06
blk0_spa/state,183,0,8192,0.0004851693113527197,2.1262058455163694e-10,1.386492826447114,2.997683956247624e-06,5.922476945223629e-08,1.238351231676897e-05
blk0_spa/c_readout,183,0,512,5.3852249737622874e-05,3.2650907083690094e-11,0.7550304646908175,2.9431034965097163e-06,1.0518017526879468e-07,6.576054258256186e-06
blk0_spa/d_path,183,0,512,0.0,0.0,21.70843681992266,0.0,0.0,0.0
blk0_spa/readout,183,0,512,5.3852249737180085e-05,3.2650907083568285e-11,29.247462984195824,2.9431034965097163e-06,1.0518017526792985e-07,1.0565827730942649e-06
blk0_spa/state,184,0,8192,0.00048728943764907135,2.145205464476048e-10,1.410238641441768,3.0234990216061466e-06,5.9483573931771405e-08,1.233355122914921e-05
blk0_spa/c_readout,184,0,512,5.3904922187094385e-05,3.3070280947471933e-11,0.7849848567910226,3.417349021642289e-06,1.0528305114666872e-07,6.490651671427499e-06
blk0_spa/d_path,184,0,512,0.0,0.0,22.45198270523759,0.0,0.0,0.0
blk0_spa/readout,184,0,512,5.3904922186702934e-05,3.3070280947467804e-11,30.27676151252861,3.417349021642289e-06,1.0528305114590417e-07,1.0451153640129757e-06
blk0_spa/state,185,0,8192,0.00048818778264615704,2.1611063363755467e-10,1.4038477931775448,3.0463788461214365e-06,5.9593235186298466e-08,1.2407322090483975e-05
blk0_spa/c_readout,185,0,512,5.2433971403699596e-05,3.019184050322586e-11,0.7208618492288584,2.785292317485439e-06,1.0241010039785077e-07,6.471705907200876e-06
blk0_spa/d_path,185,0,512,0.0,0.0,21.873652024843228,0.0,0.0,0.0
blk0_spa/readout,185,0,512,5.243397140409186e-05,3.0191840503354134e-11,29.11908404675027,2.785292317485439e-06,1.0241010039861692e-07,1.0182535650924063e-06
blk0_spa/state,186,0,8192,0.0004873162194262183,2.1753679684849167e-10,1.3896999758738988,3.0666597455311055e-06,5.948684319167704e-08,1.251139800195621e-05
blk0_spa/c_readout,186,0,512,5.329683700014282e-05,3.586190086140959e-11,0.7221358929900197,3.7636348188558223e-06,1.0409538476590394e-07,7.047047307698973e-06
blk0_spa/d_path,186,0,512,0.0,0.0,21.812897222043013,0.0,0.0,0.0
blk0_spa/readout,186,0,512,5.32968369999984e-05,3.586190086135591e-11,28.79047718922406,3.7636348188558223e-06,1.0409538476562188e-07,1.1160720219262238e-06
blk0_spa/state,187,0,8192,0.00048734138020593495,2.1954644717907672e-10,1.679329191091279,3.088167185845478e-06,5.9489914575919794e-08,1.1433923656848394e-05
blk0_spa/c_readout,187,0,512,6.183911953199985e-05,3.7791421668966926e-11,0.9588015484730443,2.8012838562442645e-06,1.207795303359372e-07,6.2781581494216225e-06
blk0_spa/d_path,187,0,512,0.0,0.0,41.34978465066472,0.0,0.0,0.0
blk0_spa/readout,187,0,512,6.183911953220731e-05,3.7791421669155814e-11,50.07251290241334,2.8012838562442645e-06,1.207795303363424e-07,8.687542083393396e-07
blk0_spa/state,188,0,8192,0.0004883796904896068,2.2116779555021596e-10,3.4207468547118447,3.1109738438396845e-06,5.961666143671958e-08,8.040822522518438e-06
blk0_spa/c_readout,188,0,512,5.9907799844364e-05,3.934409591179858e-11,14.027412810237863,3.3041991226285226e-06,1.1700742157102344e-07,1.6747538933293925e-06
blk0_spa/d_path,188,0,512,0.0,0.0,58.72366256794747,0.0,0.0,0.0
blk0_spa/readout,188,0,512,5.990779984442602e-05,3.9344095911783206e-11,47.925283638308464,3.3041991226285226e-06,1.1700742157114456e-07,9.060610038627659e-07
blk0_spa/state,189,0,8192,0.0004885712229015586,2.2325585784641922e-10,2.7011423450805174,3.1337546980424518e-06,5.964004185810041e-08,9.09133572675375e-06
blk0_spa/c_readout,189,0,512,5.392214736467172e-05,3.401101571536545e-11,1.1328236808599068,3.3070626434042822e-06,1.0531669407162445e-07,5.479344941865305e-06
blk0_spa/d_path,189,0,512,0.0,0.0,33.170005296980506,0.0,0.0,0.0
blk0_spa/readout,189,0,512,5.392214736484053e-05,3.40110157153664e-11,38.851383200588785,3.3070626434042822e-06,1.0531669407195416e-07,9.356352131457364e-07
blk0_spa/state,190,0,8192,0.000491086767778738,2.2557232293440135e-10,2.3856956173101658,3.157910005912974e-06,5.994711520736548e-08,9.723785937755987e-06
blk0_spa/c_readout,190,0,512,5.76010643164344e-05,3.5596753475770667e-11,0.8335676173835511,3.156605638165418e-06,1.1250207874303594e-07,6.5348372821357176e-06
blk0_spa/d_path,190,0,512,0.0,0.0,45.27012659331555,0.0,0.0,0.0
blk0_spa/readout,190,0,512,5.76010643162689e-05,3.55967534757495e-11,52.315860563335704,3.156605638165418e-06,1.1250207874271269e-07,8.248756976009882e-07
blk0_spa/state,191,0,8192,0.000492393733864135,2.2734687500228853e-10,2.359557589080364,3.1793201894369534e-06,6.010665696583679e-08,9.815879169870172e-06
blk0_spa/c_readout,191,0,512,5.437888582734798e-05,3.3438196117322944e-11,0.7149261981434047,3.231099413555501e-06,1.0620876138153902e-07,6.838971822232757e-06
blk0_spa/d_path,191,0,512,0.0,0.0,30.232498114550893,0.0,0.0,0.0
blk0_spa/readout,191,0,512,5.437888582761702e-05,3.343819611737076e-11,35.7960414463125,3.231099413555501e-06,1.062087613820645e-07,9.665045862480901e-07
blk0_spa/state,192,0,8192,0.0004939439198734824,2.2894882865341715e-10,2.181169057650035,3.1994676113345356e-06,6.029588865643096e-08,1.0245296912092461e-05
blk0_spa/c_readout,192,0,512,5.6265993615029905e-05,3.688809869281179e-11,0.931440857389578,3.2147100874607637e-06,1.0989451877935528e-07,6.293112469620787e-06
blk0_spa/d_path,192,0,512,0.0,0.0,23.802097033894793,0.0,0.0,0.0
blk0_spa/readout,192,0,512,5.626599361469727e-05,3.6888098692791146e-11,32.24411941460586,3.2147100874607637e-06,1.0989451877870561e-07,1.0695913330016575e-06
blk0_spa/state,193,0,8192,0.0004961789262063398,2.3056606747572405e-10,2.0124869098463463,3.2221483423749818e-06,6.056871657792234e-08,1.0703631871808565e-05
blk0_spa/c_readout,193,0,512,5.3887510315410366e-05,3.16061611794482e-11,0.728730550770601,2.3512682616419517e-06,1.0524904358478587e-07,6.585706724921904e-06
blk0_spa/d_path,193,0,512,0.0,0.0,23.441039943058573,0.0,0.0,0.0
blk0_spa/readout,193,0,512,5.388751031601882e-05,3.160616117957926e-11,30.578663164296096,2.3512682616419517e-06,1.0524904358597426e-07,1.0166620856742392e-06
blk0_spa/state,194,0,8192,0.000497254289968382,2.3274720863788606e-10,1.8955513352327718,3.2448034120996127e-06,6.069998656840601e-08,1.1080885450309654e-05
blk0_spa/c_readout,194,0,512,5.812780024741036e-05,4.531893756053888e-11,0.874167361324919,3.850154664986163e-06,1.1353085985822335e-07,7.2001669465698315e-06
blk0_spa/d_path,194,0,512,0.0,0.0,22.916709672112503,0.0,0.0,0.0
blk0_spa/readout,194,0,512,5.8127800247041715e-05,4.531893756034226e-11,30.540203949065145,3.850154664986163e-06,1.1353085985750335e-07,1.218158762262221e-06
blk0_spa/state,195,0,8192,0.0004992537187333059,2.3462277413451314e-10,1.8186237050920064,3.2688253464465754e-06,6.094405746256176e-08,1.1358308464850067e-05
blk0_spa/c_readout,195,0,512,5.5159802148594874e-05,3.4976609002248256e-11,0.7990441065315658,3.0793062420831395e-06,1.0773398857147436e-07,6.61612154026477e-06
blk0_spa/d_path,195,0,512,0.0,0.0,21.583214920610033,0.0,0.0,0.0
blk0_spa/readout,195,0,512,5.515980214868307e-05,3.4976609002202606e-11,29.149399880130016,3.0793062420831395e-06,1.0773398857164663e-07,1.09540329268323e-06
blk0_spa/state,196,0,8192,0.0005008702075646072,2.367524033233881e-10,1.7581831094704212,3.292818429581222e-06,6.114138275935146e-08,1.1604198425092601e-05
blk0_spa/c_readout,196,0,512,5.505364829796398e-05,3.378048584887085e-11,0.830814079986581,2.8202975929967364e-06,1.075266568319609e-07,6.376480292384388e-06
blk0_spa/d_path,196,0,512,0.0,0.0,21.289220061173715,0.0,0.0,0.0
blk0_spa/readout,196,0,512,5.505364829822392e-05,3.3780485848944743e-11,29.062061014647313,2.8202975929967364e-06,1.0752665683246859e-07,1.0781265488244556e-06
blk0_spa/state,197,0,8192,0.0005017564719405719,2.3872208067691807e-10,1.6940328607816342,3.315393542120022e-06,6.12495693286831e-08,1.1870947390390787e-05
blk0_spa/c_readout,197,0,512,5.4135211885361215e-05,3.673163054772573e-11,0.7786461566078384,3.749776994479942e-06,1.0573283571359612e-07,6.868312259353599e-06
blk0_spa/d_path,197,0,512,0.0,0.0,21.55040551915386,0.0,0.0,0.0
blk0_spa/readout,197,0,512,5.413521188557838e-05,3.673163054775042e-11,28.928931361571312,3.749776994479942e-06,1.0573283571402027e-07,1.1268183433656253e-06
blk0_spa/state,198,0,8192,0.0005036949109815176,2.408788389902949e-10,1.6604916455594632,3.339330695166732e-06,6.148619518817354e-08,1.2044283714897005e-05
blk0_spa/c_readout,198,0,512,5.4464605266333593e-05,3.439743950568504e-11,0.8141970527602027,3.0823679599703472e-06,1.063761821608078e-07,6.499774575945743e-06
blk0_spa/d_path,198,0,512,0.0,0.0,21.610747937784346,0.0,0.0,0.0
blk0_spa/readout,198,0,512,5.4464605266474973e-05,3.439743950563061e-11,29.345511258700384,3.0823679599703472e-06,1.0637618216108393e-07,1.082660314229319e-06
blk0_spa/state,199,0,8192,0.000503605425675865,2.427769397203559e-10,1.715174599623279,3.364710182820992e-06,6.147527168894836e-08,1.1897331100791547e-05
blk0_spa/c_readout,199,0,512,5.7450636512479674e-05,4.0032368878840833e-11,0.8436391726598285,3.3873055626262803e-06,1.1220827443843686e-07,6.888541455740202e-06
blk0_spa/d_path,199,0,512,0.0,0.0,25.020802180982862,0.0,0.0,0.0
blk0_spa/readout,199,0,512,5.7450636512332696e-05,4.003236887890205e-11,33.446933121368914,3.3873055626262803e-06,1.122082744381498e-07,1.0940256239310443e-06
blk0_spa/state,200,0,8192,0.0005060748667947056,2.446368215787264e-10,1.673017158661653,3.3858999535880706e-06,6.177671713802558e-08,1.2092350176378151e-05
blk0_spa/c_readout,200,0,512,5.2051178158795225e-05,3.3686886053483735e-11,0.6646645229288337,3.4959340466649114e-06,1.0166245734139692e-07,7.119167063243098e-06
blk0_spa/d_path,200,0,512,0.0,0.0,21.941848624216178,0.0,0.0,0.0
blk0_spa/readout,200,0,512,5.205117815845305e-05,3.3686886053379116e-11,28.73281848914945,3.4959340466649114e-06,1.0166245734072862e-07,1.0827827269854977e-06
blk0_spa/state,201,0,8192,0.0005072836475184205,2.45964793845981e-10,1.615320951394469,3.4070671397719895e-06,6.192427337871344e-08,1.2339769897209438e-05
blk0_spa/c_readout,201,0,512,5.1600782599818175e-05,3.599024816364736e-11,0.6981842480425805,3.74592044728502e-06,1.0078277851526987e-07,7.17971817858511e-06
blk0_spa/d_path,201,0,512,0.0,0.0,20.439082543191983,0.0,0.0,0.0
blk0_spa/readout,201,0,512,5.160078259988171e-05,3.599024816370098e-11,27.359845292968956,3.74592044728502e-06,1.0078277851539396e-07,1.146926538655742e-06
blk0_spa/state,202,0,8192,0.0005062395355920502,2.4751268861731957e-10,1.5982746000609642,3.426985896187806e-06,6.179681830957644e-08,1.2444373433525705e-05
blk0_spa/c_readout,202,0,512,5.218545367824793e-05,3.864179510841721e-11,0.7652156542283763,3.553831073044284e-06,1.01924714215328e-07,7.106188504267527e-06
blk0_spa/d_path,202,0,512,0.0,0.0,21.057492574935956,0.0,0.0,0.0
blk0_spa/readout,202,0,512,5.2185453678350824e-05,3.8641795108400576e-11,28.375810315173897,3.553831073044284e-06,1.0192471421552895e-07,1.1669560785387688e-06
blk0_spa/state,203,0,8192,0.0005087325757401567,2.4924195981956244e-10,1.6675713221500772,3.448109291955228e-06,6.210114449953085e-08,1.2225548977836674e-05
blk0_spa/c_readout,203,0,512,5.540589673689897e-05,3.805996947939886e-11,0.9170886443686856,3.4110344919531407e-06,1.082146420642558e-07,6.442116284767246e-06
blk0_spa/d_path,203,0,512,0.0,0.0,25.39375262932206,0.0,0.0,0.0
blk0_spa/readout,203,0,512,5.5405896736284175e-05,3.805996947923384e-11,33.87162512539969,3.4110344919531407e-06,1.0821464206305503e-07,1.0600252265859364e-06
blk0_spa/state,204,0,8192,0.0005120886935253643,2.5162956850253884e-10,1.919765126392265,3.470508706106894e-06,6.251082684635794e-08,1.1448716133322174e-05
blk0_spa/c_readout,204,0,512,5.843248888315821e-05,4.2281627115479994e-11,0.7205916901688226,3.6057133318567952e-06,1.1412595484991838e-07,7.660043239276202e-06
blk0_spa/d_path,204,0,512,0.0,0.0,31.503502403815563,0.0,0.0,0.0
blk0_spa/readout,204,0,512,5.843248888334697e-05,4.2281627115577724e-11,37.519881949091484,3.6057133318567952e-06,1.1412595485028705e-07,1.0615613896137922e-06
blk0_spa/state,205,0,8192,0.0005128413632440753,2.53749598105889e-10,1.8083835338715208,3.4928827772288494e-06,6.260270547413029e-08,1.1845609442554825e-05
blk0_spa/c_readout,205,0,512,5.4069630149513265e-05,3.484358904001961e-11,0.7035409445874403,3.0267426886411193e-06,1.056047463857681e-07,7.0374731784946646e-06
blk0_spa/d_path,205,0,512,0.0,0.0,24.01584719990235,0.0,0.0,0.0
blk0_spa/readout,205,0,512,5.4069630149378824e-05,3.484358903995779e-11,31.163994371640392,3.0267426886411193e-06,1.0560474638550552e-07,1.0573892304888726e-06
blk0_spa/state,206,0,8192,0.0005130988415640467,2.5596207565289097e-10,1.738588152796599,3.5127153719022013e-06,6.263413593311117e-08,1.2133593851876972e-05
blk0_spa/c_readout,206,0,512,5.485112883628878e-05,3.552647647542602e-11,0.78574166790805,3.0152215340521102e-06,1.0713111100837652e-07,6.724131156175264e-06
blk0_spa/d_path,206,0,512,0.0,0.0,26.34700962216015,0.0,0.0,0.0
blk0_spa/readout,206,0,512,5.485112883586301e-05,3.5526476475263995e-11,34.020699742710285,3.0152215340521102e-06,1.0713111100754495e-07,1.0218907008066056e-06
blk0_spa/state,207,0,8192,0.0005123230155547961,2.5786619321176163e-10,1.7506567358557246,3.5337473950684367e-06,6.253943060971632e-08,1.2136590674484319e-05
blk0_spa/c_readout,207,0,512,5.5635584539596595e-05,3.7501485068626875e-11,0.731621852721406,3.5277942486958094e-06,1.086632510538996e-07,7.159470413080628e-06
blk0_spa/d_path,207,0,512,0.0,0.0,24.022979739292126,0.0,0.0,0.0
blk0_spa/readout,207,0,512,5.563558453930191e-05,3.750148506850291e-11,31.537276668933316,3.5277942486958094e-06,1.0866325105332404e-07,1.0904660250217434e-06
blk0_spa/state,208,0,8192,0.0005108185098199483,2.59500048892801e-10,1.7445026483744848,3.5535389603119248e-06,6.235577512450541e-08,1.2196434996353702e-05
blk0_spa/c_readout,208,0,512,5.658216602494828e-05,4.2169964553521006e-11,0.933759477374209,3.5616485415858797e-06,1.1051204301747711e-07,6.720229528593382e-06
blk0_spa/d_path,208,0,512,0.0,0.0,23.455253320126708,0.0,0.0,0.0
blk0_spa/readout,208,0,512,5.658216602472504e-05,4.21699645533994e-11,31.93605609439671,3.5616485415858797e-06,1.105120430170411e-07,1.1491083402213262e-06
blk0_spa/state,209,0,8192,0.0005125353637219016,2.6151206334922776e-10,1.7103782612641656,3.575819089771607e-06,6.256535201683369e-08,1.2365161119342265e-05
blk0_spa/c_readout,209,0,512,5.9253200468939195e-05,4.5619228363945046e-11,0.7743318816254974,3.847220349268008e-06,1.1572890716589687e-07,7.67556576431867e-06
blk0_spa/d_path,209,0,512,0.0,0.0,24.173019216388465,0.0,0.0,0.0
blk0_spa/readout,209,0,512,5.925320046891762e-05,4.561922836394131e-11,31.69643337134076,3.847220349268008e-06,1.1572890716585473e-07,1.1996892558964467e-06
blk0_spa/state,210,0,8192,0.0005136379492136842,2.6374360972089573e-10,1.6862781767856199,3.5980740111620486e-06,6.269994497237356e-08,1.2506228608817647e-05
blk0_spa/c_readout,210,0,512,5.4322675228041286e-05,4.212346997720329e-11,0.7044318942563567,3.75371575639894e-06,1.0609897505476814e-07,7.732903030772895e-06
blk0_spa/d_path,210,0,512,0.0,0.0,22.41951717868009,0.0,0.0,0.0
blk0_spa/readout,210,0,512,5.432267522836633e-05,4.2123469977317963e-11,29.123892636428252,3.75371575639894e-06,1.0609897505540299e-07,1.2026447481695491e-06
blk0_spa/state,211,0,8192,0.0005134157246749854,2.65726388804653e-10,1.6745836235024947,3.6203037530040347e-06,6.267281795348943e-08,1.2596906995102058e-05
blk0_spa/c_readout,211,0,512,5.4548750022871555e-05,3.7884964006231267e-11,0.8534897766367806,3.0346840904270753e-06,1.06540527388421e-07,6.662454832743541e-06
blk0_spa/d_path,211,0,512,0.0,0.0,22.002190982333303,0.0,0.0,0.0
blk0_spa/readout,211,0,512,5.4548750022958725e-05,3.788496400629977e-11,29.975665679840592,3.0346840904270753e-06,1.0654052738859126e-07,1.1242140827346408e-06
blk0_spa/state,212,0,8192,0.0005141176908958778,2.678501228694197e-10,1.6281211732553407,3.643874697855178e-06,6.27585071894382e-08,1.2826334532358919e-05
blk0_spa/c_readout,212,0,512,5.305559036754211e-05,3.9433528017769514e-11,0.7092563428610296,3.910527704470761e-06,1.0362419993660568e-07,7.456434424823567e-06
blk0_spa/d_path,212,0,512,0.0,0.0,20.535929333692298,0.0,0.0,0.0
blk0_spa/readout,212,0,512,5.305559036724894e-05,3.9433528017711023e-11,27.550983138140555,3.910527704470761e-06,1.0362419993603309e-07,1.1963665630317562e-06
blk0_spa/state,213,0,8192,0.000515648463641843,2.7045035008202503e-10,1.5917073023578765,3.6674173331487084e-06,6.294536909690466e-08,1.3035034039463983e-05
blk0_spa/c_readout,213,0,512,5.561451326936464e-05,3.803304361801993e-11,0.8332346153574629,2.9111410991092453e-06,1.0862209622922781e-07,6.7561127526918846e-06
blk0_spa/d_path,213,0,512,0.0,0.0,21.30059760495339,0.0,0.0,0.0
blk0_spa/readout,213,0,512,5.561451326956207e-05,3.8033043617985946e-11,29.05711755152482,2.9111410991092453e-06,1.0862209622961342e-07,1.1440744202967632e-06
blk0_spa/state,214,0,8192,0.0005187249309656714,2.7343094442049564e-10,1.5813278033136067,3.6909316928854297e-06,6.332091442452044e-08,1.314961016328768e-05
blk0_spa/c_readout,214,0,512,5.607828633292074e-05,4.4465524818054494e-11,0.8040537742456534,4.243548908106793e-06,1.0952790299398582e-07,7.4365099585135796e-06
blk0_spa/d_path,214,0,512,0.0,0.0,22.519216836953632,0.0,0.0,0.0
blk0_spa/readout,214,0,512,5.607828633276169e-05,4.446552481798046e-11,30.399261831712916,4.243548908106793e-06,1.0952790299367517e-07,1.2094284827623375e-06
blk0_spa/state,215,0,8192,0.0005191747235128355,2.7579622699796384e-10,1.5986182400647968,3.713056374167751e-06,6.337582074131293e-08,1.313474900969734e-05
blk0_spa/c_readout,215,0,512,5.427974216356023e-05,3.41238462491113e-11,0.7946279229654649,2.953021849434025e-06,1.0601512141320357e-07,6.55310425440701e-06
blk0_spa/d_path,215,0,512,0.0,0.0,22.49386659800315,0.0,0.0,0.0
blk0_spa/readout,215,0,512,5.427974216388278e-05,3.4123846249253466e-11,30.376880002726683,2.953021849434025e-06,1.0601512141383355e-07,1.0598817287779788e-06
blk0_spa/state,216,0,8192,0.0005182341665256264,2.7825337325555186e-10,1.5731843305005078,3.735156023257208e-06,6.326100665596026e-08,1.3299349921751566e-05
blk0_spa/c_readout,216,0,512,5.302173924149726e-05,3.794389180042251e-11,0.6646889310063864,3.4288591908205868e-06,1.0355808445604934e-07,7.555473963629993e-06
blk0_spa/d_path,216,0,512,0.0,0.0,20.363753488322793,0.0,0.0,0.0
blk0_spa/readout,216,0,512,5.302173924124231e-05,3.794389180045427e-11,27.24518201510537,3.4288591908205868e-06,1.0355808445555139e-07,1.1801197532817688e-06
blk0_spa/state,217,0,8192,0.0005202532306137289,2.806400650691899e-10,1.5562271913021637,3.7547453675667656e-06,6.350747444015245e-08,1.342883496473858e-05
blk0_spa/c_readout,217,0,512,5.506224068969164e-05,4.248175062708808e-11,0.7287203248336469,3.954444719971269e-06,1.0754343884705399e-07,7.63520604145766e-06
blk0_spa/d_path,217,0,512,0.0,0.0,20.912935608191745,0.0,0.0,0.0
blk0_spa/readout,217,0,512,5.5062240689363076e-05,4.248175062698791e-11,28.195580368861112,3.954444719971269e-06,1.0754343884641226e-07,1.2274694259181274e-06
blk0_spa/state,218,0,8192,0.0005186115017848555,2.8229909747056567e-10,1.558281779241896,3.77318041358497e-06,6.330706808897162e-08,1.345958745111362e-05
blk0_spa/c_readout,218,0,512,5.471639541436431e-05,4.007653721418097e-11,0.7204404515135517,3.7274022563685117e-06,1.068679597936803e-07,7.458406503675565e-06
blk0_spa/d_path,218,0,512,0.0,0.0,22.250194268473688,0.0,0.0,0.0
blk0_spa/readout,218,0,512,5.4716395414515884e-05,4.007653721417587e-11,29.533999510171903,3.7274022563685117e-06,1.0686795979397634e-07,1.1648874412101727e-06
blk0_spa/state,219,0,8192,0.0005219314785420042,2.8477337636088926e-10,1.566253422598582,3.7939348266506146e-06,6.37123386892095e-08,1.3483997883694912e-05
blk0_spa/c_readout,219,0,512,5.561192253425712e-05,4.3369758966136e-11,0.7703445410592833,4.016406222401688e-06,1.0861703619972094e-07,7.503277343688549e-06
blk0_spa/d_path,219,0,512,0.0,0.0,21.285095399795438,0.0,0.0,0.0
blk0_spa/readout,219,0,512,5.561192253396211e-05,4.336975896606535e-11,28.874338052964493,4.016406222401688e-06,1.0861703619914475e-07,1.2255682060185075e-06
blk0_spa/state,220,0,8192,0.0005223232990324876,2.87389159375184e-10,1.6239540953087346,3.818734723161796e-06,6.37601683389267e-08,1.3302960962300911e-05
blk0_spa/c_readout,220,0,512,5.757516965072297e-05,4.602803896135324e-11,0.7518921475444722,3.948021618904642e-06,1.124515032240683e-07,7.824083224733903e-06
blk0_spa/d_path,220,0,512,0.0,0.0,23.586267153386185,0.0,0.0,0.0
blk0_spa/readout,220,0,512,5.757516965111903e-05,4.602803896147695e-11,31.3744810547009,3.948021618904642e-06,1.1245150322484186e-07,1.2112197965028148e-06
blk0_spa/state,221,0,8192,0.0005240731856608375,2.901591561081226e-10,1.6058288478093425,3.840714806198302e-06,6.397377754648895e-08,1.344214302459409e-05
blk0_spa/c_readout,221,0,512,5.5613605322097945e-05,4.2649971750827375e-11,0.7495212336647858,3.6268267442350273e-06,1.0862032289472255e-07,7.543404622073334e-06
blk0_spa/d_path,221,0,512,0.0,0.0,22.15118202029747,0.0,0.0,0.0
blk0_spa/readout,221,0,512,5.561360532232807e-05,4.264997175078352e-11,29.640262414621898,3.6268267442350273e-06,1.08620322895172e-07,1.1995499909292957e-06
blk0_spa/state,222,0,8192,0.0005265957191503459,2.922756490219905e-10,1.5674160696434365,3.861397239433543e-06,6.428170399784495e-08,1.3655391922022897e-05
blk0_spa/c_readout,222,0,512,5.480812984469395e-05,3.889595093853924e-11,0.7255046945009448,3.426805075020913e-06,1.0704712860291787e-07,7.322039768799698e-06
blk0_spa/d_path,222,0,512,0.0,0.0,22.20856817598374,0.0,0.0,0.0
blk0_spa/readout,222,0,512,5.480812984500132e-05,3.889595093865635e-11,29.458862128666986,3.426805075020913e-06,1.0704712860351821e-07,1.149063985274698e-06
blk0_spa/state,223,0,8192,0.000527450848417049,2.9459008232717045e-10,1.5729892980521258,3.882057628818544e-06,6.43860898946593e-08,1.36850433341226e-05
blk0_spa/c_readout,223,0,512,6.0211043069068694e-05,5.266672548524809e-11,0.8372356223322308,4.275839199310861e-06,1.1759969349427479e-07,7.931298762075725e-06
blk0_spa/d_path,223,0,512,0.0,0.0,22.772066802658202,0.0,0.0,0.0
blk0_spa/readout,223,0,512,6.021104306896201e-05,5.2666725485195545e-11,30.879942446342813,4.275839199310861e-06,1.1759969349406642e-07,1.305960127179271e-06
blk0_spa/state,224,0,8192,0.0005301976141702215,2.971588572552162e-10,1.5975568179969786,3.902695997848192e-06,6.472138844851336e-08,1.3638486660713356e-05
blk0_spa/c_readout,224,0,512,5.9283554173616665e-05,4.6855386895583925e-11,0.9617891532570958,3.954951512933234e-06,1.1578819174534505e-07,6.979749345846279e-06
blk0_spa/d_path,224,0,512,0.0,0.0,21.670866864411597,0.0,0.0,0.0
blk0_spa/readout,224,0,512,5.928355417389693e-05,4.6855386895631694e-11,30.194412010914387,3.954951512933234e-06,1.1578819174589244e-07,1.2457086374082319e-06
blk0_spa/state,225,0,8192,0.0005314774397079407,2.998702256696652e-10,1.5876967749506559,3.924581085852032e-06,6.487761715184823e-08,1.3743042575821073e-05
blk0_spa/c_readout,225,0,512,6.0404232291931695e-05,5.588922525603832e-11,0.7961337460247129,4.8576932216135356e-06,1.1797701619517909e-07,8.378591720501614e-06
blk0_spa/d_path,225,0,512,0.0,0.0,23.40377927773776,0.0,0.0,0.0
blk0_spa/readout,225,0,512,6.0404232292359305e-05,5.5889225256121935e-11,31.059625859188504,4.8576932216135356e-06,1.1797701619601427e-07,1.3414235752945346e-06
blk0_spa/state,226,0,8192,0.0005315949149889725,3.021172801194967e-10,1.5822611188117581,3.947786582617032e-06,6.489195739611481e-08,1.3818111890034568e-05
blk0_spa/c_readout,226,0,512,5.531833383376997e-05,3.736072588833171e-11,0.6917009463686197,2.3739968601828597e-06,1.0804362076908197e-07,7.349342173129631e-06
blk0_spa/d_path,226,0,512,0.0,0.0,22.60195344476246,0.0,0.0,0.0
blk0_spa/readout,226,0,512,5.531833383367109e-05,3.7360725888295326e-11,29.441493803381505,2.3739968601828597e-06,1.0804362076888885e-07,1.1264910149436296e-06
blk0_spa/state,227,0,8192,0.0005319346661988255,3.044441753366565e-10,1.5631730785029596,3.96962065446385e-06,6.493343093247381e-08,1.3955657463606148e-05
blk0_spa/c_readout,227,0,512,5.702893257538294e-05,4.957585374640482e-11,0.8014073756140624,4.353270245972104e-06,1.1138463393629481e-07,7.865175784545889e-06
blk0_spa/d_path,227,0,512,0.0,0.0,21.56644067154175,0.0,0.0,0.0
blk0_spa/readout,227,0,512,5.70289325754841e-05,4.957585374645328e-11,29.232883426090687,4.353270245972104e-06,1.1138463393649238e-07,1.3022647154452414e-06
blk0_spa/state,228,0,8192,0.0005340912085795838,3.0684022966696415e-10,1.543892698012222,3.991430022917634e-06,6.519668073481248e-08,1.4097678201292762e-05
blk0_spa/c_readout,228,0,512,5.668341924425948e-05,5.01934766091338e-11,0.8190989790492582,4.530072179491183e-06,1.107098032114443e-07,7.828083447128675e-06
blk0_spa/d_path,228,0,512,0.0,0.0,20.67093043845594,0.0,0.0,0.0
blk0_spa/readout,228,0,512,5.668341924407999e-05,5.0193476608971834e-11,28.418282596066806,4.530072179491183e-06,1.1070980321109373e-07,1.3289992154473892e-06
blk0_spa/state,229,0,8192,0.0005364639540337005,3.092261305011277e-10,1.5430906691971646,4.014555231690481e-06,6.548632251387946e-08,1.415605920702482e-05
blk0_spa/c_readout,229,0,512,5.7614558638550086e-05,4.750467263124343e-11,0.8020617874540009,3.6709151704902835e-06,1.1252843484091814e-07,7.695985697111554e-06
blk0_spa/d_path,229,0,512,0.0,0.0,21.949496669261226,0.0,0.0,0.0
blk0_spa/readout,229,0,512,5.761455863814942e-05,4.7504672631227936e-11,29.924802890572717,3.6709151704902835e-06,1.1252843484013558e-07,1.25994769270129e-06
blk0_spa/state,230,0,8192,0.0005389377321725616,3.1202315305539864e-10,1.5248164347706066,4.037652666250874e-06,6.57882973843459e-08,1.4304893488162377e-05
blk0_spa/c_readout,230,0,512,5.663483833935655e-05,4.569315430610307e-11,0.8134232874951888,3.5491452988900836e-06,1.1061491863155577e-07,7.494924613062413e-06
blk0_spa/d_path,230,0,512,0.0,0.0,21.923063561879466,0.0,0.0,0.0
blk0_spa/readout,230,0,512,5.663483833922862e-05,4.5693154306063506e-11,29.871293829577006,3.5491452988900836e-06,1.1061491863130589e-07,1.2367973693099864e-06
blk0_spa/state,231,0,8192,0.0005378820459926031,3.1415078695678996e-10,1.5120484967850536,4.059385062276521e-06,6.565942944245644e-08,1.441405635193295e-05
blk0_spa/c_readout,231,0,512,5.756529480618419e-05,4.777500342651453e-11,0.7729670410963079,3.6363722714632613e-06,1.124322164183285e-07,7.861761693824142e-06
blk0_spa/d_path,231,0,512,0.0,0.0,21.953930783115595,0.0,0.0,0.0
blk0_spa/readout,231,0,512,5.7565294805930815e-05,4.7775003426570275e-11,29.670538692977008,3.6363722714632613e-06,1.1243221641783362e-07,1.2689299493879292e-06
blk0_spa/state,232,0,8192,0.0005383295537003418,3.1663186995376074e-10,1.532453843509935,4.07983443133012e-06,6.571405684818626e-08,1.4374197625837075e-05
blk0_spa/c_readout,232,0,512,5.7731387625863455e-05,4.9239022142074255e-11,0.8886430855157219,4.174962864441689e-06,1.1275661645676456e-07,7.44373710949397e-06
blk0_spa/d_path,232,0,512,0.0,0.0,22.165928167181367,0.0,0.0,0.0
blk0_spa/readout,232,0,512,5.773138762569326e-05,4.92390221420601e-11,30.650273447924548,4.174962864441689e-06,1.1275661645643215e-07,1.2674695456145301e-06
blk0_spa/state,233,0,8192,0.000540635500506922,3.1984972664776855e-10,1.5660284377000906,4.099077707101237e-06,6.599554449547387e-08,1.429134718559478e-05
blk0_spa/c_readout,233,0,512,5.69235926219068e-05,4.126975437039723e-11,0.7540143979008904,2.8927228288990463e-06,1.1117889183966172e-07,7.398200935930743e-06
blk0_spa/d_path,233,0,512,0.0,0.0,22.67004692127455,0.0,0.0,0.0
blk0_spa/readout,233,0,512,5.692359262173005e-05,4.126975437041976e-11,30.484582663367853,2.8927228288990463e-06,1.111788918393165e-07,1.1635252570030368e-06
blk0_spa/state,234,0,8192,0.0005413693799629249,3.224027595988032e-10,1.5342571250136152,4.118301661986088e-06,6.608512939000549e-08,1.4496070779039816e-05
blk0_spa/c_readout,234,0,512,5.45964516165508e-05,4.5543990698070277e-11,0.6748441154293613,4.188479993737284e-06,1.0663369456357578e-07,8.215118047583764e-06
blk0_spa/d_path,234,0,512,0.0,0.0,20.56095306505237,0.0,0.0,0.0
blk0_spa/readout,234,0,512,5.459645161679328e-05,4.554399069805561e-11,27.57227450915415,4.188479993737284e-06,1.0663369456404938e-07,1.2852252350409711e-06
blk0_spa/state,235,0,8192,0.000541916063864424,3.250700293927029e-10,1.5213449067281546,4.139942810540649e-06,6.615186326470019e-08,1.4617551171076662e-05
blk0_spa/c_readout,235,0,512,5.626952186386454e-05,4.557118501412378e-11,0.6741657973725101,3.854260878949332e-06,1.0990140989036043e-07,8.221703357234758e-06
blk0_spa/d_path,235,0,512,0.0,0.0,20.788349622185287,0.0,0.0,0.0
blk0_spa/readout,235,0,512,5.6269521863965696e-05,4.557118501415406e-11,27.88168274748871,3.854260878949332e-06,1.09901409890558e-07,1.2784556603640889e-06
blk0_spa/state,236,0,8192,0.0005455064661769282,3.2773303501955604e-10,1.5339891478691676,4.162889650082056e-06,6.65901447969883e-08,1.4616687645476544e-05
blk0_spa/c_readout,236,0,512,5.8453411994170636e-05,4.8298585166709206e-11,0.8361312136245981,4.006773408154735e-06,1.1416682030111452e-07,7.600286894574388e-06
blk0_spa/d_path,236,0,512,0.0,0.0,21.314948510801315,0.0,0.0,0.0
blk0_spa/readout,236,0,512,5.8453411994043676e-05,4.8298585166691803e-11,29.40350852134109,4.006773408154735e-06,1.1416682030086655e-07,1.2816446442020535e-06
blk0_spa/state,237,0,8192,0.0005462258031914962,3.30393216781692e-10,1.542935752315435,4.184480351124934e-06,6.667795449114944e-08,1.4633278560404878e-05
blk0_spa/c_readout,237,0,512,5.7947577765962446e-05,4.7897466723491864e-11,0.7530067975402334,3.834938651704126e-06,1.131788628241454e-07,7.97547988153953e-06
blk0_spa/d_path,237,0,512,0.0,0.0,20.776233076621182,0.0,0.0,0.0
blk0_spa/readout,237,0,512,5.7947577765451244e-05,4.7897466723399685e-11,28.31618945574745,3.834938651704126e-06,1.1317886282314696e-07,1.300585379178982e-06
blk0_spa/state,238,0,8192,0.0005489229343650608,3.3323727360128e-10,1.5550667588256966,4.2047963905174895e-06,6.700719413635996e-08,1.4638691799428203e-05
blk0_spa/c_readout,238,0,512,5.803441474175836e-05,4.674910398888866e-11,0.7339493588602118,3.560943126301663e-06,1.133484662924968e-07,7.980931770229573e-06
blk0_spa/d_path,238,0,512,0.0,0.0,20.58953449247749,0.0,0.0,0.0
blk0_spa/readout,238,0,512,5.803441474159725e-05,4.6749103988960157e-11,28.096346888299312,3.560943126301663e-06,1.1334846629218212e-07,1.289916855006549e-06
blk0_spa/state,239,0,8192,0.0005486059646097537,3.3574099216408836e-10,1.5547947881696453,4.223914200342486e-06,6.696850153927657e-08,1.4694866558282171e-05
blk0_spa/c_readout,239,0,512,5.8862867626257e-05,5.0534723529520236e-11,0.7971590092196502,4.063632343530953e-06,1.149665383325332e-07,7.962005397798268e-06
blk0_spa/d_path,239,0,512,0.0,0.0,20.266064611685696,0.0,0.0,0.0
blk0_spa/readout,239,0,512,5.8862867626139255e-05,5.053472352952861e-11,27.983707764890376,4.063632343530953e-06,1.1496653833230323e-07,1.343823769577502e-06
blk0_spa/state,240,0,8192,0.0005489420250991033,3.3769185086471183e-10,1.5513296487601478,4.244188210160641e-06,6.700952454823039e-08,1.4753947843092843e-05
blk0_spa/c_readout,240,0,512,6.165183600140325e-05,5.2540246280999316e-11,0.914599176931382,3.5129525468483286e-06,1.2041374219024071e-07,7.579327077902038e-06
blk0_spa/d_path,240,0,512,0.0,0.0,19.790957014490758,0.0,0.0,0.0
blk0_spa/readout,240,0,512,6.16518360013537e-05,5.254024628096991e-11,27.854096057934886,3.5129525468483286e-06,1.2041374219014394e-07,1.3734141502711968e-06
blk0_spa/state,241,0,8192,0.0005512571483845589,3.4068631304231057e-10,1.565716209086575,4.2670098472052876e-06,6.729213237116197e-08,1.4750978136972292e-05
blk0_spa/c_readout,241,0,512,6.11294992151992e-05,4.8495688330193775e-11,0.7778679878407376,3.2771700277968805e-06,1.1939355315468593e-07,7.895845002886286e-06
blk0_spa/d_path,241,0,512,0.0,0.0,23.120646479806,0.0,0.0,0.0
blk0_spa/readout,241,0,512,6.112949921495753e-05,4.8495688330184444e-11,30.78193767831175,3.2771700277968805e-06,1.1939355315421393e-07,1.255172994517264e-06
blk0_spa/state,242,0,8192,0.0005529491539516985,3.4393779953247853e-10,1.5723833463671935,4.288482745111372e-06,6.749867601949444e-08,1.478974671584568e-05
blk0_spa/c_readout,242,0,512,6.067593046776836e-05,5.032853910654223e-11,0.6786992536936844,3.2910299214688903e-06,1.1850767669486008e-07,8.611295179495331e-06
blk0_spa/d_path,242,0,512,0.0,0.0,23.33149226337023,0.0,0.0,0.0
blk0_spa/readout,242,0,512,6.0675930467677046e-05,5.0328539106464464e-11,30.1335086017279,3.2910299214688903e-06,1.1850767669468173e-07,1.2923564397402968e-06
blk0_spa/state,243,0,8192,0.000554747816618338,3.468504907560598e-10,1.5386808341211138,4.309931348261983e-06,6.771823933329322e-08,1.5014016352581323e-05
blk0_spa/c_readout,243,0,512,6.141248364153936e-05,6.112952238767339e-11,0.8087715977842005,4.711453352059568e-06,1.1994625711238157e-07,8.69385826373525e-06
blk0_spa/d_path,243,0,512,0.0,0.0,20.550297356543215,0.0,0.0,0.0
blk0_spa/readout,243,0,512,6.14124836417188e-05,6.112952238770832e-11,28.180129532764077,4.711453352059568e-06,1.1994625711273203e-07,1.4728347039932892e-06
blk0_spa/state,244,0,8192,0.0005569519494538352,3.4977586187650763e-10,1.5339270946849153,4.331355684144562e-06,6.798729851731387e-08,1.5100542790794014e-05
blk0_spa/c_readout,244,0,512,6.0869439125220645e-05,5.1185290865756557e-11,0.8165080779607446,3.164710883720222e-06,1.1888562329144657e-07,7.917577898100068e-06
blk0_spa/d_path,244,0,512,0.0,0.0,21.94569843708104,0.0,0.0,0.0
blk0_spa/readout,244,0,512,6.08694391256501e-05,5.1185290865854e-11,29.940735421679282,3.164710883720222e-06,1.1888562329228535e-07,1.3074989717876995e-06
blk0_spa/state,245,0,8192,0.0005579014886619376,3.5250904603336674e-10,1.5218376915440341,4.355470403492717e-06,6.810320906517793e-08,1.52195203292458e-05
blk0_spa/c_readout,245,0,512,6.168841092716241e-05,6.180007705015873e-11,0.8244241979715791,4.322970795159587e-06,1.2048517759211408e-07,8.658031131472899e-06
blk0_spa/d_path,245,0,512,0.0,0.0,21.810594181950474,0.0,0.0,0.0
blk0_spa/readout,245,0,512,6.168841092738088e-05,6.180007705029696e-11,29.9174434170789,4.322970795159587e-06,1.2048517759254078e-07,1.4372498404822152e-06
blk0_spa/state,246,0,8192,0.0005609794239848395,3.5547048318009895e-10,1.4943473793065227,4.378158386596747e-06,6.847893359189935e-08,1.5423253227161832e-05
blk0_spa/c_readout,246,0,512,5.8815020609744595e-05,4.9978399011469885e-11,0.7295765752838266,3.208241462930857e-06,1.1487308712840741e-07,8.276671705454748e-06
blk0_spa/d_path,246,0,512,0.0,0.0,21.21337532598567,0.0,0.0,0.0
blk0_spa/readout,246,0,512,5.881502060955204e-05,4.997839901148404e-11,28.688236079995534,3.208241462930857e-06,1.1487308712803133e-07,1.3198945844292914e-06
blk0_spa/state,247,0,8192,0.0005619335505311324,3.5811077032434117e-10,1.4862165746488822,4.3982679991361525e-06,6.859540411756988e-08,1.5522713476940267e-05
blk0_spa/c_readout,247,0,512,6.03117961589689e-05,5.802637809336687e-11,0.7496880715996399,4.283732107267751e-06,1.1779647687298613e-07,8.797766502052472e-06
blk0_spa/d_path,247,0,512,0.0,0.0,21.401036370909747,0.0,0.0,0.0
blk0_spa/readout,247,0,512,6.031179615906539e-05,5.8026378093405456e-11,28.976530781897054,4.283732107267751e-06,1.1779647687317459e-07,1.4151078417722878e-06
blk0_spa/state,248,0,8192,0.0005631471939569082,3.6075911863212307e-10,1.51787874818018,4.4183561783518244e-06,6.87435539498179e-08,1.5416653746567754e-05
blk0_spa/c_readout,248,0,512,6.188142846332951e-05,5.1250214222556735e-11,0.8519400405241868,3.581558871561106e-06,1.2086216496744045e-07,7.756098706594884e-06
blk0_spa/d_path,248,0,512,0.0,0.0,23.19492716705881,0.0,0.0,0.0
blk0_spa/readout,248,0,512,6.188142846359059e-05,5.125021422260318e-11,31.534942017548424,3.581558871561106e-06,1.2086216496795037e-07,1.274828676564044e-06
blk0_spa/state,249,0,8192,0.0005634585178159715,3.6325964279260413e-10,1.5776252008940896,4.43842294708793e-06,6.878155735058246e-08,1.5174229851535035e-05
blk0_spa/c_readout,249,0,512,6.301308411179174e-05,5.5263332891878644e-11,0.6679107793071537,4.019253281804843e-06,1.2307242990584324e-07,9.096185541991108e-06
blk0_spa/d_path,249,0,512,0.0,0.0,23.49940580168085,0.0,0.0,0.0
blk0_spa/readout,249,0,512,6.301308411162287e-05,5.526333289181982e-11,30.860751732778972,4.019253281804843e-06,1.2307242990551343e-07,1.3381823156483422e-06
blk0_spa/state,250,0,8192,0.0005664765291762909,3.6603678084591443e-10,1.5443936187308056,4.461011301185706e-06,6.91499669404652e-08,1.539513013594979e-05
blk0_spa/c_readout,250,0,512,6.111655839385445e-05,5.812563085054406e-11,0.6604334748724201,4.523109812583649e-06,1.1936827811299696e-07,9.381435580924027e-06
blk0_spa/d_path,250,0,512,0.0,0.0,20.596907570733006,0.0,0.0,0.0
blk0_spa/readout,250,0,512,6.111655839393554e-05,5.8125630850630105e-11,27.557406388237847,4.523109812583649e-06,1.1936827811315536e-07,1.452327862672785e-06
blk0_spa/state,251,0,8192,0.0005677813601447356,3.69128011630638e-10,1.5147032633298327,4.483572525852916e-06,6.930924806454292e-08,1.561078423351074e-05
blk0_spa/c_readout,251,0,512,6.230263600041626e-05,6.234555953175236e-11,0.73425209819426,4.483265854422094e-06,1.21684835938313e-07,9.214678034610559e-06
blk0_spa/d_path,251,0,512,0.0,0.0,21.73626188925752,0.0,0.0,0.0
blk0_spa/readout,251,0,512,6.230263600086512e-05,6.234555953187647e-11,29.2740664610402,4.483265854422094e-06,1.2168483593918969e-07,1.4593559604297077e-06
blk0_spa/state,252,0,8192,0.0005703832777516611,3.719833601842495e-10,1.5324217335063346,4.504800401529299e-06,6.962686495991957e-08,1.5580184821163107e-05
blk0_spa/c_readout,252,0,512,6.168155019389205e-05,5.2378906006463666e-11,0.7567015636460979,3.9054470009705025e-06,1.2047177772244542e-07,8.319857655862397e-06
blk0_spa/d_path,252,0,512,0.0,0.0,21.73710411705058,0.0,0.0,0.0
blk0_spa/readout,252,0,512,6.16815501942557e-05,5.237890600651504e-11,29.520219040775668,3.9054470009705025e-06,1.2047177772315566e-07,1.3320435498724545e-06
blk0_spa/state,253,0,8192,0.0005716345564001015,3.743058568822286e-10,1.537639675110498,4.526004259671992e-06,6.977960893555926e-08,1.5602206555031926e-05
blk0_spa/c_readout,253,0,512,6.246114401574032e-05,5.805024243262176e-11,0.8073552401168356,4.0424636074375514e-06,1.219944219057428e-07,8.479489069788348e-06
blk0_spa/d_path,253,0,512,0.0,0.0,20.17858460395816,0.0,0.0,0.0
blk0_spa/readout,253,0,512,6.246114401585611e-05,5.805024243269809e-11,28.025667544971743,4.0424636074375514e-06,1.2199442190596896e-07,1.4392095626535508e-06
blk0_spa/state,254,0,8192,0.0005730809072684173,3.7680611791839234e-10,1.5592370070860984,4.5447995661570336e-06,6.995616543803922e-08,1.554543595374978e-05
blk0_spa/c_readout,254,0,512,6.356229518222807e-05,6.070862149093477e-11,0.7516787145554323,4.153946856843756e-06,1.241451077777892e-07,8.986882417928473e-06
blk0_spa/d_path,254,0,512,0.0,0.0,20.164697805996227,0.0,0.0,0.0
blk0_spa/readout,254,0,512,6.356229518212322e-05,6.070862149093768e-11,27.70297343333201,4.153946856843756e-06,1.2414510777758442e-07,1.4803417679613653e-06
blk0_spa/state,255,0,8192,0.0005768574703442937,3.8002206825620537e-10,1.5709665881487385,4.5647315683948e-06,7.041717167288742e-08,1.555324217848796e-05
blk0_spa/c_readout,255,0,512,6.289562076680822e-05,5.329399092480985e-11,0.774642373571737,3.1673481219322797e-06,1.228430093101723e-07,8.294467256198892e-06
blk0_spa/d_path,255,0,512,0.0,0.0,20.76172752636578,0.0,0.0,0.0
blk0_spa/readout,255,0,512,6.289562076712698e-05,5.3293990924961523e-11,28.462448137339315,3.1673481219322797e-06,1.2284300931079488e-07,1.368368271759705e-06
blk0_spe/state,0,0,524288,0.002558967754961997,5.046993418358724e-11,0.6030932469737429,2.9773488426435013e-08,4.880843648838038e-09,9.147957460708496e-06
blk0_spe/c_readout,0,0,32768,6.905492706242468e-05,7.27960048607076e-13,0.044997184102884565,3.009292194708531e-08,2.107389131543722e-09,4.022176315035658e-06
blk0_spe/d_path,0,0,32768,0.0,0.0,1547.6535849571608,0.0,0.0,0.0
blk0_spe/readout,0,0,32768,6.905492706635666e-05,7.279600486964967e-13,1559.7862639356758,3.0092921946001105e-08,2.1073891316637164e-09,2.1603356226469173e-08
blk0_spe/state,1,0,524288,0.003959319498415095,1.0048852047591483e-10,1.5872370825921092,5.8559231760554886e-08,7.551802632169905e-09,7.956779543468625e-06
blk0_spe/c_readout,1,0,32768,0.00013279807148161728,1.9565225234927336e-12,0.26824353091281183,1.1135072169876636e-07,4.05267552128959e-09,2.700709035278568e-06
blk0_spe/d_path,1,0,32768,0.0,0.0,1748.0787242175445,0.0,0.0,0.0
blk0_spe/readout,1,0,32768,0.00013279807148440143,1.956522523567789e-12,1754.1954068663158,1.1135072169876636e-07,4.052675521374555e-09,3.339669121963419e-08
blk0_spe/state,2,0,524288,0.00507640777243309,1.4846294972180978e-10,3.2847260705798944,8.410380868627797e-08,9.682479424349004e-09,6.722943536477328e-06
blk0_spe/c_readout,2,0,32768,0.00019121865002258393,3.655297199845964e-12,0.19742955211579435,7.307299234454723e-08,5.835530091021238e-09,4.302840688313984e-06
blk0_spe/d_path,2,0,32768,0.0,0.0,2111.1059359789488,0.0,0.0,0.0
blk0_spe/readout,2,0,32768,0.00019121865002313972,3.6552971998593e-12,2129.9320955906132,7.307299234454723e-08,5.8355300910381996e-09,4.142652149103931e-08
blk0_spe/state,3,0,524288,0.005805497884264515,1.8965717037658633e-10,3.625505556770203,1.060130238221893e-07,1.1073108452347783e-08,7.232698236993425e-06
blk0_spe/c_readout,3,0,32768,0.00019397734539687803,3.5197916796825063e-12,0.2542822588104984,1.4512741218671021e-07,5.919718792629334e-09,3.7204926409160934e-06
blk0_spe/d_path,3,0,32768,0.0,0.0,1757.6540327151245,0.0,0.0,0.0
blk0_spe/readout,3,0,32768,0.0001939773453960294,3.5197916796863502e-12,1767.0732566288534,1.4512741219885328e-07,5.919718792603436e-09,4.4630443556989565e-08
blk1_spa/state,0,0,8192,4.607369272874692e-05,8.986982027923524e-13,0.05493648934343027,2.9798396634187776e-08,5.624230069427114e-09,4.044608452957197e-06
blk1_spa/c_readout,0,0,512,3.143893832389472e-06,7.006298086871382e-14,0.012480318353769733,4.2872369404155924e-08,6.140417641385687e-09,2.3693622977255892e-06
blk1_spa/d_path,0,0,512,0.0,0.0,46.3211054722172,0.0,0.0,0.0
blk1_spa/readout,0,0,512,3.1438938325328847e-06,7.006298087778913e-14,47.39706369395651,4.287236943234518e-08,6.14041764166579e-09,3.844754258609473e-08
blk1_spa/state,1,0,8192,7.430594621322316e-05,1.9506087788697767e-12,0.46641286649603747,5.80621427509519e-08,9.070550074856343e-09,2.045030671810104e-06
blk1_spa/c_readout,1,0,512,7.508248706920989e-06,3.443575161916928e-13,0.150157314106065,1.3428517969425388e-07,1.4664548255705056e-08,1.5143683962215633e-06
blk1_spa/d_path,1,0,512,0.0,0.0,78.23589867439318,0.0,0.0,0.0
blk1_spa/readout,1,0,512,7.508248706147724e-06,3.4435751612370397e-13,77.74223826994137,1.34285179698157e-07,1.4664548254194774e-08,6.655432194029022e-08
blk1_spa/state,2,0,8192,9.51943247891327e-05,2.962191658962883e-12,1.0255488424780956,8.049265566546174e-08,1.1620400975235926e-08,1.6995283088178831e-06
blk1_spa/c_readout,2,0,512,9.658313109745005e-06,5.125393887205893e-13,0.17061523996600272,1.2276733567592605e-07,1.8863892792470712e-08,1.7332240740496095e-06
blk1_spa/d_path,2,0,512,0.0,0.0,95.00017619914242,0.0,0.0,0.0
blk1_spa/readout,2,0,512,9.658313109587016e-06,5.125393887205804e-13,93.49309080367487,1.2276733567592605e-07,1.886389279216214e-08,7.404127087991203e-08
blk1_spa/state,3,0,8192,0.00011746105655376442,4.069316781828471e-12,1.472118384295214,1.0021900378114979e-07,1.4338507880098195e-08,1.6626061458742203e-06
blk1_spa/c_readout,3,0,512,1.2608877242623424e-05,7.559011143285123e-13,0.12002374001057163,1.4735141715217022e-07,2.4626713364498875e-08,2.5095676941846896e-06
blk1_spa/d_path,3,0,512,0.0,0.0,112.6926747733774,0.0,0.0,0.0
blk1_spa/readout,3,0,512,1.2608877242991134e-05,7.559011143818807e-13,114.02323719041972,1.4735141715217022e-07,2.462671336521706e-08,8.142088327940145e-08
blk1_spa/state,4,0,8192,0.00013525544340056635,5.167370205029086e-12,2.1576323835292333,1.130322764928836e-07,1.6510674243233197e-08,1.5475548921656969e-06
blk1_spa/c_readout,4,0,512,1.542821843935329e-05,1.1263842346450563e-12,0.4207923475316556,1.8893547885082866e-07,3.01332391393619e-08,1.6360981931954169e-06
blk1_spa/d_path,4,0,512,0.0,0.0,118.0361329109121,0.0,0.0,0.0
blk1_spa/readout,4,0,512,1.5428218438819335e-05,1.1263842345556578e-12,117.03146326050678,1.8893547885082866e-07,3.0133239138319014e-08,9.810518567519817e-08
blk1_spa/state,5,0,8192,0.00014965138048249327,6.19686511451922e-12,2.9951897908513407,1.3574976480672934e-07,1.8267990781554354e-08,1.4383807034365668e-06
blk1_spa/c_readout,5,0,512,1.7376574756167882e-05,1.3973649039141755e-12,1.1646868867384736,2.19984875217058e-07,3.3938622570640395e-08,1.0953434682291072e-06
blk1_spa/d_path,5,0,512,0.0,0.0,126.33255270472563,0.0,0.0,0.0
blk1_spa/readout,5,0,512,1.737657475680738e-05,1.3973649040042578e-12,125.39704363343117,2.1998487520491494e-07,3.393862257188941e-08,1.0556288889339921e-07
blk1_spa/state,6,0,8192,0.00016406957865820434,7.180796789398701e-12,3.753684529811672,1.4921474921630873e-07,2.0028024738550334e-08,1.3831122668873498e-06
blk1_spa/c_readout,6,0,512,1.798929876236992e-05,1.5338267089050757e-12,0.6390932558950626,3.0695457130052416e-07,3.513534914525375e-08,1.5491948003640473e-06
blk1_spa/d_path,6,0,512,0.0,0.0,125.5720824979857,0.0,0.0,0.0
blk1_spa/readout,6,0,512,1.7989298763038797e-05,1.5338267090290939e-12,128.43274038386056,3.0695457130052416e-07,3.513534914656015e-08,1.0928241238170845e-07
blk1_spa/state,7,0,8192,0.00017386672527329027,8.012694333886584e-12,4.337754063387034,1.680978840153894e-07,2.122396548746219e-08,1.359116938965985e-06
blk1_spa/c_readout,7,0,512,2.0464898679168218e-05,1.8338585415605597e-12,0.8882191609612211,2.9533340582896944e-07,3.9970505232750425e-08,1.4368877668666191e-06
blk1_spa/d_path,7,0,512,0.0,0.0,126.52285942728429,0.0,0.0,0.0
blk1_spa/readout,7,0,512,2.0464898678355466e-05,1.8338585415139343e-12,129.40866094810883,2.9533340582896944e-07,3.997050523116302e-08,1.1904228226318028e-07
blk1_spa/state,8,0,8192,0.00018722609190575446,9.094287997294499e-12,4.934253067646865,1.8474467609817701e-07,2.2854747547089168e-08,1.3576056656865423e-06
blk1_spa/c_readout,8,0,512,2.205879027930185e-05,2.1166889729045885e-12,0.45018095508649,2.959233017160983e-07,4.3083574764261424e-08,2.1683778611673986e-06
blk1_spa/d_path,8,0,512,0.0,0.0,126.49976249856826,0.0,0.0,0.0
blk1_spa/readout,8,0,512,2.2058790278764627e-05,2.1166889728162187e-12,127.1801208906014,2.959233016963658e-07,4.308357476321216e-08,1.290086726631533e-07
blk1_spa/state,9,0,8192,0.0001959635601116635,9.936425682573174e-12,5.5786287022276415,2.0266366924428347e-07,2.3921333021443297e-08,1.3346007539460748e-06
blk1_spa/c_readout,9,0,512,2.3175063115430912e-05,2.333089377818807e-12,1.150965926780359,2.866173284756142e-07,4.5263795147326e-08,1.4237523526367424e-06
blk1_spa/d_path,9,0,512,0.0,0.0,125.7693301043684,0.0,0.0,0.0
blk1_spa/readout,9,0,512,2.3175063114758395e-05,2.3330893777086128e-12,122.68227978468835,2.866173284756142e-07,4.526379514601249e-08,1.3790333505679053e-07
blk1_spa/state,10,0,8192,0.00020377184481058488,1.0770125601746968e-11,5.964743725385031,2.2005723575864146e-07,2.48744927747296e-08,1.3437376616942056e-06
blk1_spa/c_readout,10,0,512,2.3685005293790323e-05,2.333602078096687e-12,0.4942320488511346,2.7131407540439446e-07,4.6259775964434225e-08,2.172941074582231e-06
blk1_spa/d_path,10,0,512,0.0,0.0,119.15260246298014,0.0,0.0,0.0
blk1_spa/readout,10,0,512,2.3685005293992974e-05,2.333602078086302e-12,126.31030450061941,2.713140754007082e-07,4.625977596483003e-08,1.3592333142583406e-07
blk1_spa/state,11,0,8192,0.00020818670285587196,1.1328074916005132e-11,6.290794735273762,2.3692893678921463e-07,2.5413415875960933e-08,1.3419159004596874e-06
blk1_spa/c_readout,11,0,512,2.4475958649755216e-05,2.595495499173943e-12,0.8547974395329792,4.371492300858041e-07,4.7804606737803155e-08,1.7425230585077251e-06
blk1_spa/d_path,11,0,512,0.0,0.0,119.52042113525866,0.0,0.0,0.0
blk1_spa/readout,11,0,512,2.447595864896353e-05,2.595495499046788e-12,124.55312920772849,4.3714923009252615e-07,4.78046067362569e-08,1.443553282294476e-07
blk1_spa/state,12,0,8192,0.0002157169105537348,1.2263607859942512e-11,6.900992946341884,2.5800701520238035e-07,2.6332630682828956e-08,1.3330711689421435e-06
blk1_spa/c_readout,12,0,512,2.6452444508449414e-05,3.138675317122314e-12,2.224777730033321,4.779907074449301e-07,5.166493068056526e-08,1.1877632441959079e-06
blk1_spa/d_path,12,0,512,0.0,0.0,122.48747911552219,0.0,0.0,0.0
blk1_spa/readout,12,0,512,2.645244450826857e-05,3.138675317087913e-12,123.59596082220814,4.779907074449301e-07,5.166493068021205e-08,1.5935696761535218e-07
blk1_spa/state,13,0,8192,0.00022009138162642656,1.2928353489622118e-11,7.390316429492176,2.785042417173111e-07,2.686662373369465e-08,1.322635247221856e-06
blk1_spa/c_readout,13,0,512,2.5215836281611426e-05,2.7749978223701248e-12,2.2458713990318553,4.110093977109826e-07,4.924968023752232e-08,1.1115752826230844e-06
blk1_spa/d_path,13,0,512,0.0,0.0,116.40339488784625,0.0,0.0,0.0
blk1_spa/readout,13,0,512,2.52158362810587e-05,2.7749978223070103e-12,122.21201696738873,4.110093977109826e-07,4.9249680236442774e-08,1.5068650758298553e-07
blk1_spa/state,14,0,8192,0.0002255964063130918,1.3581335004922584e-11,7.6489385145125866,2.937678755822844e-07,2.7538623817516087e-08,1.3325105187567627e-06
blk1_spa/c_readout,14,0,512,2.6089863523620895e-05,3.0560037207268722e-12,2.467633779100703,4.319853069713851e-07,5.095676469457206e-08,1.1128498869710749e-06
blk1_spa/d_path,14,0,512,0.0,0.0,118.56704161864297,0.0,0.0,0.0
blk1_spa/readout,14,0,512,2.6089863523372017e-05,3.0560037207730724e-12,131.39064555314584,4.319853069700841e-07,5.095676469408597e-08,1.5250873406252836e-07
blk1_spa/state,15,0,8192,0.00023303458507660697,1.445699341413529e-11,7.821933395883914,3.0852407986157935e-07,2.844660462360925e-08,1.3595085235972046e-06
blk1_spa/c_readout,15,0,512,2.6419460172386865e-05,3.128388387249793e-12,1.367103484997216,3.752752794692997e-07,5.1600508149193096e-08,1.5127237914658634e-06
blk1_spa/d_path,15,0,512,0.0,0.0,116.0796013978846,0.0,0.0,0.0
blk1_spa/readout,15,0,512,2.6419460172957454e-05,3.1283883874252497e-12,124.9159456851877,3.752752794692997e-07,5.160050815030753e-08,1.5825279622866068e-07
blk1_spa/state,16,0,8192,0.00023925037900149568,1.5351692813306785e-11,8.097788872010467,3.2277629372581743e-07,2.9205368530456015e-08,1.376876257192215e-06
blk1_spa/c_readout,16,0,512,2.8199121667298028e-05,3.4104865906792986e-12,1.0363165210049075,3.5314429534494433e-07,5.507640950644146e-08,1.8141030867106718e-06
blk1_spa/d_path,16,0,512,0.0,0.0,115.85958254450465,0.0,0.0,0.0
blk1_spa/readout,16,0,512,2.8199121666285816e-05,3.4104865904940214e-12,124.77383300597454,3.5314429534494433e-07,5.5076409504464485e-08,1.6532800105566374e-07
blk1_spa/state,17,0,8192,0.0002437506548592011,1.6128752127616537e-11,8.457355735374684,3.3652793303619e-07,2.975471861074232e-08,1.380966312927809e-06
blk1_spa/c_readout,17,0,512,2.880798246334656e-05,3.756495475559035e-12,1.035286464029014,4.487517312884437e-07,5.626559074872375e-08,1.9048516881674837e-06
blk1_spa/d_path,17,0,512,0.0,0.0,118.66214103030072,0.0,0.0,0.0
blk1_spa/readout,17,0,512,2.8807982463178564e-05,3.756495475471885e-12,125.35739441185237,4.487517312745659e-07,5.6265590748395634e-08,1.731077281342687e-07
blk1_spa/state,18,0,8192,0.0002497744781119399,1.6878479326518117e-11,8.95429876284493,3.196194155353512e-07,3.049004859764891e-08,1.3729378172586886e-06
blk1_spa/c_readout,18,0,512,3.0222812814748863e-05,4.179012854485267e-12,2.1070379047632466,5.506351902079265e-07,5.9028931278806374e-08,1.4083178351112914e-06
blk1_spa/d_path,18,0,512,0.0,0.0,120.41904001737768,0.0,0.0,0.0
blk1_spa/readout,18,0,512,3.0222812814453554e-05,4.1790128543646694e-12,128.93623171470696,5.506351902079265e-07,5.90289312782296e-08,1.800318593306861e-07
blk1_spa/state,19,0,8192,0.00025342197170593114,1.7489238864116142e-11,9.560040831264583,3.3615841700316673e-07,3.093529928050917e-08,1.3525570145900801e-06
blk1_spa/c_readout,19,0,512,3.163543470302957e-05,4.8171772709938325e-12,3.5178926278033593,5.048126439938933e-07,6.178795840435463e-08,1.1701863405126515e-06
blk1_spa/d_path,19,0,512,0.0,0.0,131.05932877641868,0.0,0.0,0.0
blk1_spa/readout,19,0,512,3.163543470248372e-05,4.8171772709124344e-12,138.9217935908904,5.048126439938933e-07,6.178795840328851e-08,1.8621348300644214e-07
blk1_spa/state,20,0,8192,0.00025710869787347725,1.8053136527385087e-11,10.05199070367973,3.125298730214971e-07,3.138533909588345e-08,1.3401403828916915e-06
blk1_spa/c_readout,20,0,512,3.210183755235521e-05,4.855368852422223e-12,2.338119222068598,5.566810611784545e-07,6.269890146944377e-08,1.4410458127188049e-06
blk1_spa/d_path,20,0,512,0.0,0.0,126.22205481152676,0.0,0.0,0.0
blk1_spa/readout,20,0,512,3.2101837552669224e-05,4.8553688525114135e-12,132.33936510484634,5.566810611923323e-07,6.269890147005708e-08,1.915431346982107e-07
blk1_spa/state,21,0,8192,0.0002620341891394238,1.8829408668647392e-11,10.165813046686795,3.347611731509991e-07,3.198659535393357e-08,1.3609660178568118e-06
blk1_spa/c_readout,21,0,512,3.272655770905689e-05,4.831597431491306e-12,2.674793832897755,4.784279881042306e-07,6.391905802550174e-08,1.3440029261444157e-06
blk1_spa/d_path,21,0,512,0.0,0.0,114.59216891969332,0.0,0.0,0.0
blk1_spa/readout,21,0,512,3.2726557708470854e-05,4.8315974314937e-12,130.8962833680981,4.784279881042306e-07,6.391905802435714e-08,1.921240411821148e-07
blk1_spa/state,22,0,8192,0.00026511678271999865,1.937198867762494e-11,10.15959953415958,3.1181122514118396e-07,3.2362888515624835e-08,1.3808573264353281e-06
blk1_spa/c_readout,22,0,512,3.2201645789009046e-05,4.1890604020958545e-12,3.487513956449276,4.143867763078263e-07,6.289383943165829e-08,1.0959742087035083e-06
blk1_spa/d_path,22,0,512,0.0,0.0,111.74146415097832,0.0,0.0,0.0
blk1_spa/readout,22,0,512,3.220164578988482e-05,4.189060402236389e-12,134.3352433168161,4.143867763373166e-07,6.289383943336878e-08,1.76588870252126e-07
blk1_spa/state,23,0,8192,0.00026994765927128745,2.0018098607706965e-11,10.091775033665112,3.1592126975139e-07,3.295259512588958e-08,1.4084052386662372e-06
blk1_spa/c_readout,23,0,512,3.0857940634806665e-05,4.015311410526257e-12,2.4023267479850468,4.0421453402668395e-07,6.026941530235677e-08,1.2928364203412542e-06
blk1_spa/d_path,23,0,512,0.0,0.0,109.33741210998163,0.0,0.0,0.0
blk1_spa/readout,23,0,512,3.0857940634743144e-05,4.015311410400821e-12,127.68674332695647,4.0421453401107144e-07,6.02694153022327e-08,1.773318363064972e-07
blk1_spa/state,24,0,8192,0.00027279001069983953,2.0671611607051616e-11,10.424838707587334,3.2912627960288e-07,3.3299561853007755e-08,1.4081615967891975e-06
blk1_spa/c_readout,24,0,512,3.143595177643246e-05,4.3784476239657625e-12,2.5339167464537735,4.731089914070119e-07,6.139834331334465e-08,1.3145100432616607e-06
blk1_spa/d_path,24,0,512,0.0,0.0,117.42443938104198,0.0,0.0,0.0
blk1_spa/readout,24,0,512,3.1435951776802445e-05,4.378447624025977e-12,133.77414356661862,4.73108991400073e-07,6.139834331406728e-08,1.8091475560674234e-07
blk1_spa/state,25,0,8192,0.0002751663878834506,2.1112737295233106e-11,10.918019151170503,3.3650587618117337e-07,3.358964695842903e-08,1.3905939834547247e-06
blk1_spa/c_readout,25,0,512,3.309796533793609e-05,4.780039750443465e-12,2.856657443781856,4.957747425440862e-07,6.464446355065643e-08,1.2935602796587595e-06
blk1_spa/d_path,25,0,512,0.0,0.0,121.28512803265474,0.0,0.0,0.0
blk1_spa/readout,25,0,512,3.309796533681954e-05,4.780039750178231e-12,135.51952507748487,4.957747425371473e-07,6.464446354847566e-08,1.8780831600285412e-07
blk1_spa/state,26,0,8192,0.00027794293123188576,2.1539460650578724e-11,11.652230848510435,3.63614230642812e-07,3.3928580472642304e-08,1.3596053727949418e-06
blk1_spa/c_readout,26,0,512,3.444405299130794e-05,5.455488720291007e-12,3.1448427567884014,5.588039028378566e-07,6.727354099864832e-08,1.3170957954411474e-06
blk1_spa/d_path,26,0,512,0.0,0.0,131.28260066878084,0.0,0.0,0.0
blk1_spa/readout,26,0,512,3.4444052991426145e-05,5.4554887203806025e-12,148.0866148260724,5.588039028447955e-07,6.727354099887919e-08,1.9193709983113808e-07
blk1_spa/state,27,0,8192,0.0002817989191725089,2.2382525392890707e-11,12.257051432816235,3.685741551460756e-07,3.43992821255504e-08,1.351330374423331e-06
blk1_spa/c_readout,27,0,512,3.5881025628135455e-05,6.006866260099734e-12,3.6562001309156296,5.826767066133276e-07,7.008012817995206e-08,1.2817667498587427e-06
blk1_spa/d_path,27,0,512,0.0,0.0,135.3221020328392,0.0,0.0,0.0
blk1_spa/readout,27,0,512,3.5881025627428935e-05,6.0068662599104486e-12,147.74286565939263,5.826767066063887e-07,7.008012817857214e-08,2.0163722974395862e-07
blk1_spa/state,28,0,8192,0.0002831715236917752,2.26704274624027e-11,12.588385412836656,3.834271477702044e-07,3.456683638815615e-08,1.341976278274092e-06
blk1_spa/c_readout,28,0,512,3.6492674284895e-05,6.035111799297587e-12,4.321726784381125,4.927965473987272e-07,7.127475446268554e-08,1.1817184223789718e-06
blk1_spa/d_path,28,0,512,0.0,0.0,123.63203352241673,0.0,0.0,0.0
blk1_spa/readout,28,0,512,3.649267428457478e-05,6.035111799294013e-12,143.4505719875835,4.927965473466855e-07,7.127475446206011e-08,2.051122117665779e-07
blk1_spa/state,29,0,8192,0.0002876626477478369,2.32941534822685e-11,12.730936392115058,3.9832653733322285e-07,3.5115069305155874e-08,1.3526744663940436e-06
blk1_spa/c_readout,29,0,512,3.693707632743803e-05,5.790629771228915e-12,3.5371524057977557,4.6899706845730804e-07,7.21427272020274e-08,1.279487398853173e-06
blk1_spa/d_path,29,0,512,0.0,0.0,117.92856364300452,0.0,0.0,0.0
blk1_spa/readout,29,0,512,3.693707632671731e-05,5.7906297709959064e-12,140.9974777635077,4.6899706845904277e-07,7.214272720061974e-08,2.0265495527946407e-07
blk1_spa/state,30,0,8192,0.0002898155117378437,2.3734975771289923e-11,12.332020982095914,4.1589526145662464e-07,3.5377870085186e-08,1.3873219857822934e-06
blk1_spa/c_readout,30,0,512,3.425190325193052e-05,4.955622023814949e-12,4.0900173225674905,4.1283161937924473e-07,6.68982485389268e-08,1.1007444730256867e-06
blk1_spa/d_path,30,0,512,0.0,0.0,104.79248512862596,0.0,0.0,0.0
blk1_spa/readout,30,0,512,3.425190325096471e-05,4.955622023476929e-12,128.9812949266173,4.1283161938965307e-07,6.689824853704046e-08,1.9601338143881791e-07
blk1_spa/state,31,0,8192,0.0002933106815749932,2.4309921853685012e-11,12.121509646765107,4.2810082653097235e-07,3.580452655944741e-08,1.4161635942701622e-06
blk1_spa/c_readout,31,0,512,3.506330306878667e-05,5.196545774752309e-12,5.186792967587667,4.0649673293743915e-07,6.848301380622397e-08,1.0009397162121312e-06
blk1_spa/d_path,31,0,512,0.0,0.0,104.70443437064485,0.0,0.0,0.0
blk1_spa/readout,31,0,512,3.5063303069228486e-05,5.196545774644437e-12,134.4090475887122,4.064967329409086e-07,6.848301380708689e-08,1.9662698806266322e-07
blk1_spa/state,32,0,8192,0.0002946794513918278,2.472855206788717e-11,12.333934160473168,4.4035859947986567e-07,3.597161271872898e-08,1.4159519992293443e-06
blk1_spa/c_readout,32,0,512,3.5485827921188736e-05,5.46058581323845e-12,4.075726610450231,4.4468770475647457e-07,6.930825765857175e-08,1.1574895951266604e-06
blk1_spa/d_path,32,0,512,0.0,0.0,113.5255809032009,0.0,0.0,0.0
blk1_spa/readout,32,0,512,3.548582792029123e-05,5.460585812988263e-12,138.60463377745128,4.4468770477035235e-07,6.930825765681881e-08,1.984863947336425e-07
blk1_spa/state,33,0,8192,0.000297511678421906,2.5206428389784516e-11,12.888012040449068,4.5544614851305296e-07,3.631734355736157e-08,1.3985007058145606e-06
blk1_spa/c_readout,33,0,512,3.647066795792622e-05,5.7865916965902586e-12,3.700768875367672,4.579623703107605e-07,7.123177335532465e-08,1.2504474300446497e-06
blk1_spa/d_path,33,0,512,0.0,0.0,124.97567838309465,0.0,0.0,0.0
blk1_spa/readout,33,0,512,3.647066795838996e-05,5.786591696721673e-12,145.86218744796142,4.579623703038216e-07,7.12317733562304e-08,1.9917739986720324e-07
blk1_spa/state,34,0,8192,0.00030043461016056853,2.5557968205582112e-11,13.620412410456105,4.705798513052843e-07,3.6674146748116276e-08,1.369834291714687e-06
blk1_spa/c_readout,34,0,512,3.9098683682755846e-05,6.8305297415772845e-12,5.337773450576426,4.753759815373515e-07,7.636461656788251e-08,1.1312201299093472e-06
blk1_spa/d_path,34,0,512,0.0,0.0,134.18481321997973,0.0,0.0,0.0
blk1_spa/readout,34,0,512,3.909868368327552e-05,6.83052974158078e-12,157.08599081187555,4.753759815234737e-07,7.63646165688975e-08,2.0852516115761028e-07
blk1_spa/state,35,0,8192,0.0003011955556264431,2.5858293413835486e-11,14.061242230762868,4.857596600059744e-07,3.6767035598931043e-08,1.3560886610634733e-06
blk1_spa/c_readout,35,0,512,3.755257705010016e-05,6.162764602065478e-12,3.766256233833123,4.965429130573962e-07,7.334487705097688e-08,1.2791835266852674e-06
blk1_spa/d_path,35,0,512,0.0,0.0,124.34901977430198,0.0,0.0,0.0
blk1_spa/readout,35,0,512,3.755257704926945e-05,6.162764601871938e-12,144.48201181868,4.965429130643351e-07,7.334487704935439e-08,2.0652893215137368e-07
blk1_spa/state,36,0,8192,0.00030332606566209103,2.6292077232774522e-11,14.146936648354618,5.009855268141335e-07,3.702710762476697e-08,1.3632680147047748e-06
blk1_spa/c_readout,36,0,512,3.8321605836239955e-05,6.47310034607768e-12,3.403219163471103,5.354482416966566e-07,7.484688639890616e-08,1.3791490694135017e-06
blk1_spa/d_path,36,0,512,0.0,0.0,119.70205340319873,0.0,0.0,0.0
blk1_spa/readout,36,0,512,3.8321605836329456e-05,6.4731003461184406e-12,139.81764399535848,5.354482417452289e-07,7.484688639908097e-08,2.1516675980760614e-07
blk1_spa/state,37,0,8192,0.0003055762566488496,2.6921491340000642e-11,14.078753446943395,5.188612343448915e-07,3.730178914170527e-08,1.382825741655166e-06
blk1_spa/c_readout,37,0,512,3.84818722270745e-05,6.677900167322825e-12,4.333126437971256,6.119697189832518e-07,7.515990669350489e-08,1.2414215504921936e-06
blk1_spa/d_path,37,0,512,0.0,0.0,114.37670430536157,0.0,0.0,0.0
blk1_spa/readout,37,0,512,3.848187222669251e-05,6.677900167052605e-12,140.14056273438763,6.119697188999851e-07,7.515990669275881e-08,2.182921068823131e-07
blk1_spa/state,38,0,8192,0.0003057745626994335,2.700596210223648e-11,14.055454527258735,5.314129493492613e-07,3.7325996423270693e-08,1.3861409049225215e-06
blk1_spa/c_readout,38,0,512,3.641132675769579e-05,5.946285386571732e-12,4.48225306689622,6.09979446841713e-07,7.11158725736246e-08,1.1517936714032554e-06
blk1_spa/d_path,38,0,512,0.0,0.0,103.51943287243348,0.0,0.0,0.0
blk1_spa/readout,38,0,512,3.641132675704847e-05,5.9462853864961164e-12,130.0939233841327,6.09979446841713e-07,7.111587257236029e-08,2.1379343680768912e-07
blk1_spa/state,39,0,8192,0.0003088014073455166,2.7624025501324586e-11,14.047961826221513,5.467768724304312e-07,3.769548429510701e-08,1.402286728861964e-06
blk1_spa/c_readout,39,0,512,3.65736090607551e-05,5.626135198773906e-12,7.5991097378750165,4.6536573466982034e-07,7.143283019678731e-08,8.60446206159183e-07
blk1_spa/d_path,39,0,512,0.0,0.0,105.59090792838168,0.0,0.0,0.0
blk1_spa/readout,39,0,512,3.6573609060934564e-05,5.62613519882665e-12,147.5910824257961,4.6536573466982034e-07,7.143283019713782e-08,1.9524279816149306e-07
blk1_spa/state,40,0,8192,0.0003111997446750953,2.815371646376314e-11,14.365116479794134,5.647823929442517e-07,3.7988250082409095e-08,1.3999524674658982e-06
blk1_spa/c_readout,40,0,512,3.821195247353461e-05,6.701745643459894e-12,6.638280946177829,5.557523739176812e-07,7.463271967487229e-08,1.0047688348408607e-06
blk1_spa/d_path,40,0,512,0.0,0.0,117.76775127741757,0.0,0.0,0.0
blk1_spa/readout,40,0,512,3.821195247304211e-05,6.701745643356961e-12,156.72836420805834,5.557523738985992e-07,7.463271967391038e-08,2.0678554170459394e-07
blk1_spa/state,41,0,8192,0.0003128564363900332,2.8264615972671746e-11,14.544263206076693,5.802353117584391e-07,3.819048295776772e-08,1.3940414332132835e-06
blk1_spa/c_readout,41,0,512,3.295987642063246e-05,5.214273084059124e-12,6.934543013878781,4.625496927875006e-07,6.437475863404777e-08,8.671374901030527e-07
blk1_spa/d_path,41,0,512,0.0,0.0,111.75501902063597,0.0,0.0,0.0
blk1_spa/readout,41,0,512,3.295987642093509e-05,5.214273084242884e-12,150.13703120660423,4.625496927979089e-07,6.437475863463884e-08,1.8636011693615027e-07
blk1_spa/state,42,0,8192,0.0003158421669076888,2.8681640405955133e-11,14.856556526872142,5.929820330201192e-07,3.855495201509873e-08,1.3894499690251453e-06
blk1_spa/c_readout,42,0,512,3.837579034708888e-05,6.9550497240484795e-12,6.368555707163793,5.985662790940205e-07,7.495271552165797e-08,1.0450321309027453e-06
blk1_spa/d_path,42,0,512,0.0,0.0,118.80202532666843,0.0,0.0,0.0
blk1_spa/readout,42,0,512,3.83757903470235e-05,6.955049724074966e-12,153.7524920472301,5.985662790974899e-07,7.495271552153028e-08,2.1268606576784635e-07
blk1_spa/state,43,0,8192,0.00031398335214139714,2.8722379645882923e-11,15.027754765701673,6.085293074377626e-07,3.8328045915697893e-08,1.3824936955262256e-06
blk1_spa/c_readout,43,0,512,3.6294323929956347e-05,5.964420258862363e-12,5.366622668798343,5.045535161202208e-07,7.088735142569599e-08,1.0542256724825637e-06
blk1_spa/d_path,43,0,512,0.0,0.0,112.86075250548758,0.0,0.0,0.0
blk1_spa/readout,43,0,512,3.629432392977087e-05,5.964420258873191e-12,148.93529947575666,5.045535161340986e-07,7.088735142533372e-08,2.0011760509344853e-07
blk1_spa/state,44,0,8192,0.00031583909978724265,2.9058873010401812e-11,15.177037488384425,6.26707231446316e-07,3.8554577610747393e-08,1.3837125505462092e-06
blk1_spa/c_readout,44,0,512,3.909302486877106e-05,6.8648357878843325e-12,4.915500413985825,5.258761541095629e-07,7.635356419681847e-08,1.1817652300870633e-06
blk1_spa/d_path,44,0,512,0.0,0.0,112.91399524949931,0.0,0.0,0.0
blk1_spa/readout,44,0,512,3.909302486855408e-05,6.864835787739618e-12,147.49468746982427,5.258761541095629e-07,7.635356419639469e-08,2.157381188431336e-07
blk1_spa/state,45,0,8192,0.0003168613606082202,2.9269844859647755e-11,15.781090556456725,6.39599721261745e-07,3.867936530862063e-08,1.36188897554129e-06
blk1_spa/c_readout,45,0,512,4.0817639026380564e-05,7.797460021510071e-12,4.453185305569781,6.807856477584592e-07,7.972195122339954e-08,1.3232478429476918e-06
blk1_spa/d_path,45,0,512,0.0,0.0,130.38365674305436,0.0,0.0,0.0
blk1_spa/readout,45,0,512,4.081763902606425e-05,7.797460021374695e-12,158.9495880402051,6.807856477584592e-07,7.972195122278173e-08,2.214863035031895e-07
blk1_spa/state,46,0,8192,0.0003174400256402511,2.960379743625886e-11,16.16745542502819,6.55284052097544e-07,3.8750003129913464e-08,1.3531716045839173e-06
blk1_spa/c_readout,46,0,512,3.956677882374983e-05,7.38482709413666e-12,5.544739892870751,7.619391580782457e-07,7.727886489013639e-08,1.1540631573372684e-06
blk1_spa/d_path,46,0,512,0.0,0.0,126.74157713235448,0.0,0.0,0.0
blk1_spa/readout,46,0,512,3.9566778824073464e-05,7.384827094151351e-12,162.31201217483718,7.619391580782457e-07,7.727886489076848e-08,2.1330195444006814e-07
blk1_spa/state,47,0,8192,0.00032150677130246146,3.0137386974377056e-11,16.426923149697252,6.710139179700149e-07,3.92464320437575e-08,1.3544865118385683e-06
blk1_spa/c_readout,47,0,512,4.304290163437607e-05,8.715113470557931e-12,8.383827872789173,7.056992437580299e-07,8.406816725464077e-08,1.0195660045864808e-06
blk1_spa/d_path,47,0,512,0.0,0.0,126.33504603829556,0.0,0.0,0.0
blk1_spa/readout,47,0,512,4.304290163467737e-05,8.715113470923209e-12,170.374553089686,7.056992437580299e-07,8.406816725522924e-08,2.261695626259797e-07
blk1_spa/state,48,0,8192,0.00032173946417541786,3.0188134644894475e-11,16.85256338966676,6.840545612424892e-07,3.927483693547581e-08,1.3383976163558044e-06
blk1_spa/c_readout,48,0,512,4.174944858213123e-05,8.793268132866442e-12,6.481667445121881,7.479318481079522e-07,8.154189176197505e-08,1.1647474965834678e-06
blk1_spa/d_path,48,0,512,0.0,0.0,134.29932224687573,0.0,0.0,0.0
blk1_spa/readout,48,0,512,4.174944858240312e-05,8.793268132864599e-12,171.96906986490262,7.479318480108077e-07,8.154189176250609e-08,2.261257326563172e-07
blk1_spa/state,49,0,8192,0.00032496146645995575,3.081926103876586e-11,17.133408902022243,6.942445531990589e-07,3.966814776122507e-08,1.3411866466091264e-06
blk1_spa/c_readout,49,0,512,4.211709620284136e-05,8.777852888845974e-12,8.101880170948013,7.597003750733911e-07,8.225995352117453e-08,1.0408813838572772e-06
blk1_spa/d_path,49,0,512,0.0,0.0,120.09719840083636,0.0,0.0,0.0
blk1_spa/readout,49,0,512,4.211709620291855e-05,8.777852888982457e-12,153.12904657662352,7.597003750525744e-07,8.22599535213253e-08,2.394227196844364e-07
blk1_spa/state,50,0,8192,0.0003272010246209466,3.1485124820886656e-11,17.050415421765372,7.151055316100102e-07,3.994153132579915e-08,1.3588928930763918e-06
blk1_spa/c_readout,50,0,512,4.143607548069006e-05,8.542023756771422e-12,6.923523755409014,6.756410178901384e-07,8.092983492322277e-08,1.1107512077667528e-06
blk1_spa/d_path,50,0,512,0.0,0.0,114.43254941392291,0.0,0.0,0.0
blk1_spa/readout,50,0,512,4.143607548035146e-05,8.542023756850032e-12,153.19989298446814,6.756410178831995e-07,8.092983492256145e-08,2.3612999423187862e-07
blk1_spa/state,51,0,8192,0.0003292707516780954,3.209455761273919e-11,16.94436875275801,7.360020980844975e-07,4.019418355445501e-08,1.376267961023839e-06
blk1_spa/c_readout,51,0,512,3.846065351768027e-05,7.021431735044348e-12,4.983116302197693,6.350306107905102e-07,7.511846390171928e-08,1.187031727762922e-06
blk1_spa/d_path,51,0,512,0.0,0.0,110.27409219773314,0.0,0.0,0.0
blk1_spa/readout,51,0,512,3.846065351763945e-05,7.02143173505866e-12,138.77596105182033,6.350306107627546e-07,7.511846390163956e-08,2.2493431632321327e-07
blk1_spa/state,52,0,8192,0.0003301767485767135,3.241269141153427e-11,16.943095591756485,7.492337668488035e-07,4.0304778878993345e-08,1.3831241573758357e-06
blk1_spa/c_readout,52,0,512,3.982586548339889e-05,7.345378348600748e-12,5.255225506888577,6.500995125835463e-07,7.778489352226346e-08,1.1822556736462786e-06
blk1_spa/d_path,52,0,512,0.0,0.0,112.20286435046786,0.0,0.0,0.0
blk1_spa/readout,52,0,512,3.9825865483246884e-05,7.345378348737874e-12,141.93046947636535,6.500995125557907e-07,7.778489352196657e-08,2.274936431056669e-07
blk1_spa/state,53,0,8192,0.0003317029903467604,3.290438085728194e-11,16.945161364245976,7.65237004956788e-07,4.0491087688813525e-08,1.393490483783392e-06
blk1_spa/c_readout,53,0,512,3.8892863355200854e-05,7.100604913539094e-12,3.872049631946075,5.975821282736462e-07,7.596262374062667e-08,1.3541825606361018e-06
blk1_spa/d_path,53,0,512,0.0,0.0,112.88103022806374,0.0,0.0,0.0
blk1_spa/readout,53,0,512,3.88928633555658e-05,7.100604913806253e-12,141.70891411458308,5.975821282736462e-07,7.596262374133945e-08,2.238458716909588e-07
blk1_spa/state,54,0,8192,0.0003320833363001691,3.3331273578597944e-11,17.53583035824233,7.812854474696009e-07,4.0537516638204233e-08,1.378677812465132e-06
blk1_spa/c_readout,54,0,512,4.010844024698522e-05,7.08565619447481e-12,3.5649626253548554,5.791707758384668e-07,7.8336797357393e-08,1.4098163647195385e-06
blk1_spa/d_path,54,0,512,0.0,0.0,122.40799444365989,0.0,0.0,0.0
blk1_spa/readout,54,0,512,4.010844024674149e-05,7.085656194346902e-12,150.02256483376283,5.791707757829556e-07,7.833679735691697e-08,2.1732602917648323e-07
blk1_spa/state,55,0,8192,0.00033400303016139186,3.392119036564132e-11,17.60419219051314,7.946641939423786e-07,4.077185426774803e-08,1.3881215338409275e-06
blk1_spa/c_readout,55,0,512,4.0251571848401305e-05,7.445944309762249e-12,5.842399635659249,6.039368886656682e-07,7.86163512664088e-08,1.1289228450320838e-06
blk1_spa/d_path,55,0,512,0.0,0.0,117.39385950776425,0.0,0.0,0.0
blk1_spa/readout,55,0,512,4.02515718489395e-05,7.445944309857636e-12,151.89059304604027,6.039368886656682e-07,7.861635126745997e-08,2.214085832409042e-07
blk1_spa/state,56,0,8192,0.00033273109665304105,3.380754148673248e-11,17.953527370660776,8.080938560851316e-07,4.0616588946904425e-08,1.3722457701048015e-06
blk1_spa/c_readout,56,0,512,4.195545510926108e-05,8.380671261926587e-12,6.6402159641360505,6.180823382551104e-07,8.194424826027555e-08,1.1234359068138336e-06
blk1_spa/d_path,56,0,512,0.0,0.0,121.40516719994234,0.0,0.0,0.0
blk1_spa/readout,56,0,512,4.195545510913857e-05,8.380671261686686e-12,158.81023758215343,6.180823381995992e-07,8.194424826003626e-08,2.2972071270144208e-07
blk1_spa/state,57,0,8192,0.00033559829476923327,3.452512555451733e-11,18.550448093360433,8.268331950308545e-07,4.096658871694742e-08,1.3642389066520077e-06
blk1_spa/c_readout,57,0,512,4.290107607261525e-05,8.131918213437288e-12,12.190923802938947,7.270295546146777e-07,8.379116420432666e-08,8.167294063379451e-07
blk1_spa/d_path,57,0,512,0.0,0.0,119.82003307989429,0.0,0.0,0.0
blk1_spa/readout,57,0,512,4.2901076073234695e-05,8.131918213480641e-12,159.17826354558287,7.270295545591665e-07,8.379116420553651e-08,2.2602403289690312e-07
blk1_spa/state,58,0,8192,0.000335755449349978,3.465954374648269e-11,18.2115154245134,8.480103835277806e-07,4.0985772625729735e-08,1.3795529610731727e-06
blk1_spa/c_readout,58,0,512,4.2512256367721786e-05,7.817434539385467e-12,11.870330857350766,5.865658399273332e-07,8.303175071820661e-08,8.115227787714033e-07
blk1_spa/d_path,58,0,512,0.0,0.0,114.6436762260198,0.0,0.0,0.0
blk1_spa/readout,58,0,512,4.251225636810017e-05,7.817434539118448e-12,173.79140903878556,5.865658398995777e-07,8.303175071894565e-08,2.1208891700949143e-07
blk1_spa/state,59,0,8192,0.0003381336617927219,3.498958017926284e-11,18.390083789235064,8.615782425367631e-07,4.1276081761806876e-08,1.3793596318471592e-06
blk1_spa/c_readout,59,0,512,4.2352029804165047e-05,7.72360727134537e-12,8.127911105308964,5.38460302047794e-07,8.271880821125986e-08,9.748114435190612e-07
blk1_spa/d_path,59,0,512,0.0,0.0,117.05618627986176,0.0,0.0,0.0
blk1_spa/readout,59,0,512,4.235202980434459e-05,7.723607271156484e-12,165.94479945872922,5.384603020130996e-07,8.271880821161053e-08,2.1573880463136195e-07
blk1_spa/state,60,0,8192,0.0003407585894455773,3.537555191480538e-11,18.501719105831295,8.778975778383471e-07,4.159650750068082e-08,1.3827560602482363e-06
blk1_spa/c_readout,60,0,512,4.210160325119494e-05,7.632159709612606e-12,8.333568935225507,6.660251860635653e-07,8.222969384999011e-08,9.56991782883888e-07
blk1_spa/d_path,60,0,512,0.0,0.0,116.01009306216405,0.0,0.0,0.0
blk1_spa/readout,60,0,512,4.21016032515228e-05,7.632159709744042e-12,165.97163081180577,6.660251860635653e-07,8.222969385063047e-08,2.1444049163365774e-07
blk1_spa/state,61,0,8192,0.0003426071867355131,3.5973860086347476e-11,18.637462221892992,8.942617898263029e-07,4.182216634954994e-08,1.3893131057170998e-06
blk1_spa/c_readout,61,0,512,3.926211816706385e-05,6.48325731060684e-12,5.342603213044433,4.623098267958481e-07,7.668382454504659e-08,1.1015904664242385e-06
blk1_spa/d_path,61,0,512,0.0,0.0,111.31769170813772,0.0,0.0,0.0
blk1_spa/readout,61,0,512,3.926211816715769e-05,6.483257310551946e-12,148.34632331098888,4.6230982686523703e-07,7.668382454522986e-08,2.0905388159918415e-07
blk1_spa/state,62,0,8192,0.00034559602993074234,3.649788532293131e-11,18.93196588734062,9.106708319740593e-07,4.218701537240507e-08,1.3884683820156614e-06
blk1_spa/c_readout,62,0,512,4.252237074433394e-05,8.312169927478255e-12,5.736387361418096,5.765681045794002e-07,8.305150536002722e-08,1.203754632228811e-06
blk1_spa/d_path,62,0,512,0.0,0.0,115.50249857394047,0.0,0.0,0.0
blk1_spa/readout,62,0,512,4.252237074380279e-05,8.312169927448721e-12,155.6640494898473,5.76568104593278e-07,8.305150535898982e-08,2.3108036478262618e-07
blk1_spa/state,63,0,8192,0.00034585643796394627,3.6532619369501265e-11,19.355766315443283,9.244322803626828e-07,4.2218803462395785e-08,1.373837039090725e-06
blk1_spa/c_readout,63,0,512,4.38470405411757e-05,8.534058466036572e-12,7.194264996624847,6.440141719354919e-07,8.563875105698378e-08,1.0891422149432012e-06
blk1_spa/d_path,63,0,512,0.0,0.0,116.01670772082878,0.0,0.0,0.0
blk1_spa/readout,63,0,512,4.3847040541192936e-05,8.534058466111325e-12,157.78811228884817,6.440141719910031e-07,8.563875105701745e-08,2.3256302441958865e-07
blk1_spe/state,0,0,131072,0.0008296807741366667,1.6224500128716014e-11,0.3910218713716773,2.974394276277631e-08,6.3299619608815516e-09,6.441472212904361e-06
blk1_spe/c_readout,0,0,8192,6.116335216420926e-05,1.6902243111143777e-12,0.3010317347490851,8.529318212217168e-08,7.466229512232576e-09,2.3695508411025694e-06
blk1_spe/d_path,0,0,8192,0.0,0.0,617.8642829501226,0.0,0.0,0.0
blk1_spe/readout,0,0,8192,6.116335216313842e-05,1.6902243110864605e-12,595.0944788011778,8.529318207273207e-08,7.466229512101858e-09,5.329410969904945e-08
blk1_spe/state,1,0,131072,0.0012119546702864356,3.2109355778655137e-11,1.4274029986527872,5.866124348601065e-08,9.246480333606229e-09,4.742883899483853e-06
blk1_spe/c_readout,1,0,8192,9.088570320954112e-05,3.101054932083066e-12,1.4369429294791107,1.1211137168111191e-07,1.1094446192570937e-08,1.4690445617831847e-06
blk1_spe/d_path,1,0,8192,0.0,0.0,688.5342205947334,0.0,0.0,0.0
blk1_spe/readout,1,0,8192,9.088570320929198e-05,3.1010549320064726e-12,638.204619903129,1.1211137168111191e-07,1.1094446192540525e-08,6.97067376637004e-08
blk1_spe/state,2,0,131072,0.0015790272477922427,4.8304802967441e-11,3.9384657949087694,8.517022469429515e-08,1.2047021849000875e-08,3.5021248012207046e-06
blk1_spe/c_readout,2,0,8192,0.00014546545337557184,6.969095780538616e-12,7.590356230693527,1.819423914002985e-07,1.7757013351510235e-08,9.582021419177676e-07
blk1_spe/d_path,2,0,8192,0.0,0.0,849.9584373501255,0.0,0.0,0.0
blk1_spe/readout,2,0,8192,0.00014546545337516914,6.969095780505419e-12,730.2155404644932,1.8194239140290058e-07,1.7757013351461077e-08,9.769282784011677e-08
blk1_spe/state,3,0,131072,0.0018117280622370543,6.296873877620685e-11,6.983656809879342,1.1178320416025777e-07,1.3822388170143542e-08,3.002762978786208e-06
blk1_spe/c_readout,3,0,8192,0.00016995013493831685,9.257133355055621e-12,9.201830795680427,1.9543504671884482e-07,2.0745866081337506e-08,1.0030004744667825e-06
blk1_spe/d_path,3,0,8192,0.0,0.0,1147.0644633406237,0.0,0.0,0.0
blk1_spe/readout,3,0,8192,0.00016995013493836195,9.25713335503324e-12,985.2378802657902,1.9543504671537537e-07,2.0745866081343012e-08,9.693211959014111e-08
blk2_spa/state,0,0,8192,5.614661552608948e-05,1.1074318374878244e-12,0.7340452860434918,2.9728271060125433e-08,6.853834903087095e-09,1.2282791376827204e-06
blk2_spa/c_readout,0,0,512,7.59886000533709e-06,3.8223445139704083e-13,2.4890527702647396,1.3708183352399532e-07,1.4841523447924004e-08,3.918752741379281e-07
blk2_spa/d_path,0,0,512,0.0,0.0,142.6007476072453,0.0,0.0,0.0
blk2_spa/readout,0,0,512,7.598860005481045e-06,3.822344513999687e-13,127.71773460357383,1.370818335233448e-07,1.4841523448205166e-08,5.470654790278029e-08
blk2_spa/state,1,0,8192,8.920175286518048e-05,2.415356481416004e-12,0.7851648607294917,5.6917061613185986e-08,1.0888885847800351e-08,1.7539216586772944e-06
blk2_spa/c_readout,1,0,512,1.0412104244300727e-05,5.643480499747274e-13,1.1414041517267455,1.1786726784694668e-07,2.0336141102149857e-08,7.031594057086292e-07
blk2_spa/d_path,1,0,512,0.0,0.0,123.41599901571641,0.0,0.0,0.0
blk2_spa/readout,1,0,512,1.041210424429948e-05,5.643480499449611e-13,113.85335168799404,1.1786726783480361e-07,2.033614110214742e-08,7.040453010644191e-08
blk2_spa/state,2,0,8192,0.00011519649257463267,3.6611560967248215e-12,2.441208169181468,7.804551738168806e-08,1.4062071847489339e-08,1.2246351359755767e-06
blk2_spa/c_readout,2,0,512,1.449268694659719e-05,1.0038647394784864e-12,5.356273092642331,1.7084787080033637e-07,2.8306029192572638e-08,4.329185988500609e-07
blk2_spa/d_path,2,0,512,0.0,0.0,194.1136991274568,0.0,0.0,0.0
blk2_spa/readout,2,0,512,1.449268694601656e-05,1.0038647393517482e-12,164.8644892195441,1.708478707951322e-07,2.8306029191438593e-08,7.803223376281179e-08
blk2_spa/state,3,0,8192,0.00013758217382571164,4.9332019120169555e-12,10.271962262212607,9.486285003107876e-08,1.679469895333394e-08,6.930071860261663e-07
blk2_spa/c_readout,3,0,512,2.306310215858762e-05,2.3959472264675316e-12,20.39067934646643,3.2330333146713894e-07,4.504512140349144e-08,3.427857633292207e-07
blk2_spa/d_path,3,0,512,0.0,0.0,357.63115432361474,0.0,0.0,0.0
blk2_spa/readout,3,0,512,2.3063102158629334e-05,2.395947226497856e-12,272.6961826025005,3.2330333146713894e-07,4.504512140357292e-08,9.373441964053084e-08
blk2_spa/state,4,0,8192,0.0001541823512090365,6.022144595710306e-12,19.993547493515198,1.1585858155065826e-07,1.882108779407184e-08,5.488209233936412e-07
blk2_spa/c_readout,4,0,512,2.7585108750004926e-05,3.222772874865883e-12,38.02887578201239,3.4373407842985815e-07,5.387716552735337e-08,2.911106583199756e-07
blk2_spa/d_path,4,0,512,0.0,0.0,384.7045230511577,0.0,0.0,0.0
blk2_spa/readout,4,0,512,2.7585108749317746e-05,3.2227728747358794e-12,276.79995303135,3.4373407853394156e-07,5.387716552601122e-08,1.0790258367411294e-07
blk2_spa/state,5,0,8192,0.00016902286164541274,7.131624347120083e-12,23.769149864524913,1.2930959363189774e-07,2.0632673540699798e-08,5.477563299698968e-07
blk2_spa/c_readout,5,0,512,2.7338662552493366e-05,3.1119679259192216e-12,34.4148900887731,3.201281947840494e-07,5.3395825297838606e-08,3.007075710467033e-07
blk2_spa/d_path,5,0,512,0.0,0.0,365.4437123813658,0.0,0.0,0.0
blk2_spa/readout,5,0,512,2.7338662552820606e-05,3.111967925953044e-12,253.6989131354757,3.201281947840494e-07,5.3395825298477746e-08,1.1075370228290217e-07
blk2_spa/state,6,0,8192,0.00018146728258302657,8.201390135085224e-12,27.810119284203196,1.4257723146039736e-07,2.215176789343586e-08,5.430531159186517e-07
blk2_spa/c_readout,6,0,512,2.7665515299473678e-05,3.2253236307127596e-12,42.17431146367265,3.1800917448671084e-07,5.403420956928453e-08,2.7654298654642343e-07
blk2_spa/d_path,6,0,512,0.0,0.0,363.0792371542168,0.0,0.0,0.0
blk2_spa/readout,6,0,512,2.766551530014328e-05,3.22532363088723e-12,258.4075072815323,3.180091745491609e-07,5.4034209570592346e-08,1.1172081261247715e-07
blk2_spa/state,7,0,8192,0.0001944478231373834,9.301083536350155e-12,27.49285841149363,1.596001605620452e-07,2.3736306535325124e-08,5.816434271820325e-07
blk2_spa/c_readout,7,0,512,2.7184830864076205e-05,2.889398680184212e-12,19.34219660861152,2.936366180227891e-07,5.309537278139884e-08,3.865011925758957e-07
blk2_spa/d_path,7,0,512,0.0,0.0,312.7126758087812,0.0,0.0,0.0
blk2_spa/readout,7,0,512,2.7184830863866846e-05,2.88939868030401e-12,233.22951036440378,2.936366180227891e-07,5.3095372780989933e-08,1.1130431078841951e-07
blk2_spa/state,8,0,8192,0.00020429424589915086,1.033902557341635e-11,35.01779462211629,1.720163829327685e-07,2.493826243886119e-08,5.433696899955143e-07
blk2_spa/c_readout,8,0,512,3.421911671349003e-05,4.6427843752959e-12,50.133812030936376,3.980298806105509e-07,6.683421233103521e-08,3.0431537362605726e-07
blk2_spa/d_path,8,0,512,0.0,0.0,381.2457001238336,0.0,0.0,0.0
blk2_spa/readout,8,0,512,3.421911671302707e-05,4.642784375091331e-12,240.69990836370349,3.980298806105509e-07,6.6834212330131e-08,1.3888370530943215e-07
blk2_spa/state,9,0,8192,0.0002141667156328889,1.1367082139439197e-11,37.82216596390157,1.8442871001727148e-07,2.6143397904405383e-08,5.482154882711135e-07
blk2_spa/c_readout,9,0,512,3.213912714185895e-05,4.060212111662506e-12,36.43447596197832,4.121056187064709e-07,6.277173269894326e-08,3.338244156608009e-07
blk2_spa/d_path,9,0,512,0.0,0.0,348.91604146159557,0.0,0.0,0.0
blk2_spa/readout,9,0,512,3.213912714119824e-05,4.060212111603534e-12,233.27654302890787,4.1210561851912075e-07,6.27717326976528e-08,1.3192856110843902e-07
blk2_spa/state,10,0,8192,0.00022369967109163246,1.2320529645188713e-11,42.08075790755566,2.137020749971982e-07,2.730708875630279e-08,5.410942419557664e-07
blk2_spa/c_readout,10,0,512,3.578529923926754e-05,4.891323860063427e-12,40.45706846741762,3.318212697389633e-07,6.989316257669441e-08,3.477090578384187e-07
blk2_spa/d_path,10,0,512,0.0,0.0,361.40150423176686,0.0,0.0,0.0
blk2_spa/readout,10,0,512,3.57852992393366e-05,4.89132386021641e-12,236.02135970965455,3.3182126979447446e-07,6.98931625768293e-08,1.4395858043726282e-07
blk2_spa/state,11,0,8192,0.00022944405184430848,1.3129664407089016e-11,41.454301872163995,2.2253533999252225e-07,2.8008307109900937e-08,5.627843474600276e-07
blk2_spa/c_readout,11,0,512,3.1748565210015735e-05,4.051410336312639e-12,29.853648425263657,4.14915842961161e-07,6.200891642581198e-08,3.6838709576688275e-07
blk2_spa/d_path,11,0,512,0.0,0.0,320.4437127874371,0.0,0.0,0.0
blk2_spa/readout,11,0,512,3.174856520988379e-05,4.051410336339059e-12,212.2309962609608,4.1491584301667217e-07,6.200891642555427e-08,1.3816521256388362e-07
blk2_spa/state,12,0,8192,0.00023548646490078944,1.3856897925578911e-11,44.95689364836914,2.3205940284209536e-07,2.874590635995965e-08,5.551813404994979e-07
blk2_spa/c_readout,12,0,512,3.3167202290666676e-05,4.104140087292405e-12,29.53082289287974,2.762226927735187e-07,6.477969197395835e-08,3.727977766749618e-07
blk2_spa/d_path,12,0,512,0.0,0.0,321.6032045642106,0.0,0.0,0.0
blk2_spa/readout,12,0,512,3.316720229112573e-05,4.104140087385491e-12,215.0930474109575,2.762226927735187e-07,6.477969197485494e-08,1.3813314560248634e-07
blk2_spa/state,13,0,8192,0.00024147309458101397,1.465070303138299e-11,45.93685085437632,2.3349958388021487e-07,2.9476696115846432e-08,5.647400955742059e-07
blk2_spa/c_readout,13,0,512,3.533111016069704e-05,4.810126960062089e-12,37.62864500904398,3.4176111358735946e-07,6.900607453261141e-08,3.575353436241311e-07
blk2_spa/d_path,13,0,512,0.0,0.0,326.6058329268997,0.0,0.0,0.0
blk2_spa/readout,13,0,512,3.5331110161345016e-05,4.81012696009961e-12,211.57256107619216,3.417611135758669e-07,6.900607453387699e-08,1.5078168702464274e-07
blk2_spa/state,14,0,8192,0.00024919280984483694,1.5602890140505304e-11,45.70661856423319,2.521203394602496e-07,3.041904417051232e-08,5.842691812057388e-07
blk2_spa/c_readout,14,0,512,3.505556812131428e-05,5.169868046743769e-12,43.272357264908706,5.32900990113383e-07,6.846790648694195e-08,3.456483214770656e-07
blk2_spa/d_path,14,0,512,0.0,0.0,312.3793128246241,0.0,0.0,0.0
blk2_spa/readout,14,0,512,3.505556812029686e-05,5.169868046309798e-12,221.07618749443338,5.329009900023607e-07,6.846790648495481e-08,1.529215692457592e-07
blk2_spa/state,15,0,8192,0.00025422636934413533,1.627123038005062e-11,47.88717783578431,2.751580604086132e-07,3.103349235157902e-08,5.829087512519218e-07
blk2_spa/c_readout,15,0,512,3.6654673689673436e-05,5.0926681761361836e-12,32.98731730883652,3.9713985594384566e-07,7.159115955014343e-08,3.929155265491689e-07
blk2_spa/d_path,15,0,512,0.0,0.0,324.97577527838484,0.0,0.0,0.0
blk2_spa/readout,15,0,512,3.665467368912364e-05,5.092668176053762e-12,219.59732464414182,3.971398558899608e-07,7.15911595490696e-08,1.5228571525704574e-07
blk2_spe/state,0,0,32768,0.00019953996301126298,3.8095491988659814e-12,0.2336500090129638,2.9651633429530512e-08,6.089476410255828e-09,4.037884500941629e-06
blk2_spe/c_readout,0,0,2048,8.924769775119526e-06,1.3304208832984027e-13,0.036487190240276184,5.119400441760957e-08,4.357797741757581e-09,1.909520460146965e-06
blk2_spe/d_path,0,0,2048,0.0,0.0,204.1701603925024,0.0,0.0,0.0
blk2_spe/readout,0,0,2048,8.924769777027275e-06,1.330420883697709e-13,200.73610148441313,5.119400442454847e-08,4.357797742689099e-09,2.574434127856486e-08
blk2_spe/state,1,0,32768,0.00033656828243112523,8.48362764250357e-12,1.8055300948850348,5.8529181362404134e-08,1.027124885348893e-08,2.167646372932161e-06
blk2_spe/c_readout,1,0,2048,2.992134439963934e-05,1.1357966703876645e-12,2.119710301926055,1.3005794620153492e-07,1.4610031445136397e-08,7.320016168705022e-07
blk2_spe/d_path,1,0,2048,0.0,0.0,603.5224058519522,0.0,0.0,0.0
blk2_spe/readout,1,0,2048,2.9921344399820566e-05,1.1357966704584098e-12,567.3830624083005,1.3005794620153492e-07,1.4610031445224886e-08,4.474166194635455e-08
blk2_spe/state,2,0,32768,0.0004388313881727576,1.2967074548791514e-11,8.049943914034932,8.480115165838183e-08,1.3392071172264331e-08,1.269183965033048e-06
blk2_spe/c_readout,2,0,2048,3.9941746210745175e-05,1.8277374491982223e-12,6.631310987729219,1.4942239022074262e-07,1.9502805766965418e-08,5.249974663004405e-07
blk2_spe/d_path,2,0,2048,0.0,0.0,929.277369229573,0.0,0.0,0.0
blk2_spe/readout,2,0,2048,3.994174621221855e-05,1.8277374493158612e-12,824.8812226836944,1.4942239022074262e-07,1.950280576768484e-08,4.707184233469106e-08
blk2_spe/state,3,0,32768,0.0005301143277569678,1.749957821232258e-11,38.49829149214909,1.0624330195468934e-07,1.617780541250512e-08,6.742066973232206e-07
blk2_spe/c_readout,3,0,2048,7.63157529748202e-05,6.208121880935975e-12,84.07420948613543,3.1627880117679474e-07,3.726355125723642e-08,2.71736965339432e-07
blk2_spe/d_path,3,0,2048,0.0,0.0,1742.1068864874533,0.0,0.0,0.0
blk2_spe/readout,3,0,2048,7.631575297427126e-05,6.208121880641551e-12,1332.950168451858,3.1627880114903917e-07,3.726355125696839e-08,6.824536492058389e-08
