000000000000
000000617994
000000c2f328
000001246cbc
00000185e650
000001e75fe4
00000248d978
000002aa530c
0000030bcca0
0000036d4634
000003cebfc8
00000430395c
00000491b2f0
000004f32c84
00000554a618
000005b61fac
000006179940
0000067912d4
000006da8c68
0000073c05fc
0000079d7f90
000007fef924
0000086072b8
000008c1ec4c
0000092365e0
00000984df74
000009e65908
00000a47d29c
00000aa94c30
00000b0ac5c4
00000b6c3f58
00000bcdb8ec
00000c2f3280
00000c90ac14
00000cf225a8
00000d539f3c
00000db518d0
00000e169264
00000e780bf8
00000ed9858c
00000f3aff20
00000f9c78b4
00000ffdf248
0000105f6bdc
000010c0e570
000011225f04
00001183d898
000011e5522c
00001246cbc0
000012a84554
00001309bee8
0000136b387c
000013ccb210
0000142e2ba4
0000148fa538
000014f11ecc
000015529860
000015b411f4
000016158b88
00001677051c
000016d87eb0
00001739f844
0000179b71d8
000017fceb6c
0000185e6500
000018bfde94
000019215828
00001982d1bc
000019e44b50
00001a45c4e4
00001aa73e78
00001b08b80c
00001b6a31a0
00001bcbab34
00001c2d24c8
00001c8e9e5c
00001cf017f0
00001d519184
00001db30b18
00001e1484ac
00001e75fe40
00001ed777d4
00001f38f168
00001f9a6afc
00001ffbe490
0000205d5e24
000020bed7b8
00002120514c
00002181cae0
000021e34474
00002244be08
000022a6379c
00002307b130
000023692ac4
000023caa458
0000242c1dec
0000248d9780
000024ef1114
000025508aa8
000025b2043c
000026137dd0
00002674f764
000026d670f8
00002737ea8c
000027996420
000027faddb4
0000285c5748
000028bdd0dc
0000291f4a70
00002980c404
000029e23d98
00002a43b72c
00002aa530c0
00002b06aa54
00002b6823e8
00002bc99d7c
00002c2b1710
00002c8c90a4
00002cee0a38
00002d4f83cc
00002db0fd60
00002e1276f4
00002e73f088
00002ed56a1c
00002f36e3b0
00002f985d44
00002ff9d6d8
0000305b506c
ffffcf433600
ffffcfa4af94
ffffd0062928
ffffd067a2bc
ffffd0c91c50
ffffd12a95e4
ffffd18c0f78
ffffd1ed890c
ffffd24f02a0
ffffd2b07c34
ffffd311f5c8
ffffd3736f5c
ffffd3d4e8f0
ffffd4366284
ffffd497dc18
ffffd4f955ac
ffffd55acf40
ffffd5bc48d4
ffffd61dc268
ffffd67f3bfc
ffffd6e0b590
ffffd7422f24
ffffd7a3a8b8
ffffd805224c
ffffd8669be0
ffffd8c81574
ffffd9298f08
ffffd98b089c
ffffd9ec8230
ffffda4dfbc4
ffffdaaf7558
ffffdb10eeec
ffffdb726880
ffffdbd3e214
ffffdc355ba8
ffffdc96d53c
ffffdcf84ed0
ffffdd59c864
ffffddbb41f8
ffffde1cbb8c
ffffde7e3520
ffffdedfaeb4
ffffdf412848
ffffdfa2a1dc
ffffe0041b70
ffffe0659504
ffffe0c70e98
ffffe128882c
ffffe18a01c0
ffffe1eb7b54
ffffe24cf4e8
ffffe2ae6e7c
ffffe30fe810
ffffe37161a4
ffffe3d2db38
ffffe43454cc
ffffe495ce60
ffffe4f747f4
ffffe558c188
ffffe5ba3b1c
ffffe61bb4b0
ffffe67d2e44
ffffe6dea7d8
ffffe740216c
ffffe7a19b00
ffffe8031494
ffffe8648e28
ffffe8c607bc
ffffe9278150
ffffe988fae4
ffffe9ea7478
ffffea4bee0c
ffffeaad67a0
ffffeb0ee134
ffffeb705ac8
ffffebd1d45c
ffffec334df0
ffffec94c784
ffffecf64118
ffffed57baac
ffffedb93440
ffffee1aadd4
ffffee7c2768
ffffeedda0fc
ffffef3f1a90
ffffefa09424
fffff0020db8
fffff063874c
fffff0c500e0
fffff1267a74
fffff187f408
fffff1e96d9c
fffff24ae730
fffff2ac60c4
fffff30dda58
fffff36f53ec
fffff3d0cd80
fffff4324714
fffff493c0a8
fffff4f53a3c
fffff556b3d0
fffff5b82d64
fffff619a6f8
fffff67b208c
fffff6dc9a20
fffff73e13b4
fffff79f8d48
fffff80106dc
fffff8628070
fffff8c3fa04
fffff9257398
fffff986ed2c
fffff9e866c0
fffffa49e054
fffffaab59e8
fffffb0cd37c
fffffb6e4d10
fffffbcfc6a4
fffffc314038
fffffc92b9cc
fffffcf43360
fffffd55acf4
fffffdb72688
fffffe18a01c
fffffe7a19b0
fffffedb9344
ffffff3d0cd8
ffffff9e866c
000000000000
00000074f84b
000000e9f096
0000015ee8e1
000001d3e12c
00000248d977
000002bdd1c2
00000332ca0d
000003a7c258
0000041cbaa3
00000491b2ee
00000506ab39
0000057ba384
000005f09bcf
00000665941a
000006da8c65
0000074f84b0
000007c47cfb
000008397546
000008ae6d91
0000092365dc
000009985e27
00000a0d5672
00000a824ebd
00000af74708
00000b6c3f53
00000be1379e
00000c562fe9
00000ccb2834
00000d40207f
00000db518ca
00000e2a1115
00000e9f0960
00000f1401ab
00000f88f9f6
00000ffdf241
00001072ea8c
000010e7e2d7
0000115cdb22
000011d1d36d
00001246cbb8
000012bbc403
00001330bc4e
000013a5b499
0000141aace4
0000148fa52f
000015049d7a
0000157995c5
000015ee8e10
00001663865b
000016d87ea6
0000174d76f1
000017c26f3c
000018376787
000018ac5fd2
00001921581d
000019965068
00001a0b48b3
00001a8040fe
00001af53949
00001b6a3194
00001bdf29df
00001c54222a
00001cc91a75
00001d3e12c0
00001db30b0b
00001e280356
00001e9cfba1
00001f11f3ec
00001f86ec37
00001ffbe482
00002070dccd
000020e5d518
0000215acd63
000021cfc5ae
00002244bdf9
000022b9b644
0000232eae8f
000023a3a6da
000024189f25
0000248d9770
000025028fbb
000025778806
000025ec8051
00002661789c
000026d670e7
0000274b6932
000027c0617d
0000283559c8
000028aa5213
0000291f4a5e
0000299442a9
00002a093af4
00002a7e333f
00002af32b8a
00002b6823d5
00002bdd1c20
00002c52146b
00002cc70cb6
00002d3c0501
00002db0fd4c
00002e25f597
00002e9aede2
00002f0fe62d
00002f84de78
00002ff9d6c3
0000306ecf0e
000030e3c759
00003158bfa4
000031cdb7ef
00003242b03a
000032b7a885
0000332ca0d0
000033a1991b
000034169166
0000348b89b1
0000350081fc
000035757a47
000035ea7292
0000365f6add
000036d46328
000037495b73
000037be53be
000038334c09
000038a84454
0000391d3c9f
0000399234ea
00003a072d35
ffffc583da80
ffffc5f8d2cb
ffffc66dcb16
ffffc6e2c361
ffffc757bbac
ffffc7ccb3f7
ffffc841ac42
ffffc8b6a48d
ffffc92b9cd8
ffffc9a09523
ffffca158d6e
ffffca8a85b9
ffffcaff7e04
ffffcb74764f
ffffcbe96e9a
ffffcc5e66e5
ffffccd35f30
ffffcd48577b
ffffcdbd4fc6
ffffce324811
ffffcea7405c
ffffcf1c38a7
ffffcf9130f2
ffffd006293d
ffffd07b2188
ffffd0f019d3
ffffd165121e
ffffd1da0a69
ffffd24f02b4
ffffd2c3faff
ffffd338f34a
ffffd3adeb95
ffffd422e3e0
ffffd497dc2b
ffffd50cd476
ffffd581ccc1
ffffd5f6c50c
ffffd66bbd57
ffffd6e0b5a2
ffffd755aded
ffffd7caa638
ffffd83f9e83
ffffd8b496ce
ffffd9298f19
ffffd99e8764
ffffda137faf
ffffda8877fa
ffffdafd7045
ffffdb726890
ffffdbe760db
ffffdc5c5926
ffffdcd15171
ffffdd4649bc
ffffddbb4207
ffffde303a52
ffffdea5329d
ffffdf1a2ae8
ffffdf8f2333
ffffe0041b7e
ffffe07913c9
ffffe0ee0c14
ffffe163045f
ffffe1d7fcaa
ffffe24cf4f5
ffffe2c1ed40
ffffe336e58b
ffffe3abddd6
ffffe420d621
ffffe495ce6c
ffffe50ac6b7
ffffe57fbf02
ffffe5f4b74d
ffffe669af98
ffffe6dea7e3
ffffe753a02e
ffffe7c89879
ffffe83d90c4
ffffe8b2890f
ffffe927815a
ffffe99c79a5
ffffea1171f0
ffffea866a3b
ffffeafb6286
ffffeb705ad1
ffffebe5531c
ffffec5a4b67
ffffeccf43b2
ffffed443bfd
ffffedb93448
ffffee2e2c93
ffffeea324de
ffffef181d29
ffffef8d1574
fffff0020dbf
fffff077060a
fffff0ebfe55
fffff160f6a0
fffff1d5eeeb
fffff24ae736
fffff2bfdf81
fffff334d7cc
fffff3a9d017
fffff41ec862
fffff493c0ad
fffff508b8f8
fffff57db143
fffff5f2a98e
fffff667a1d9
fffff6dc9a24
fffff751926f
fffff7c68aba
fffff83b8305
fffff8b07b50
fffff925739b
fffff99a6be6
fffffa0f6431
fffffa845c7c
fffffaf954c7
fffffb6e4d12
fffffbe3455d
fffffc583da8
fffffccd35f3
fffffd422e3e
fffffdb72689
fffffe2c1ed4
fffffea1171f
ffffff160f6a
ffffff8b07b5
000000000000
00000074f84b
000000e9f096
0000015ee8e1
000001d3e12c
00000248d977
000002bdd1c2
00000332ca0d
000003a7c258
0000041cbaa3
00000491b2ee
00000506ab39
0000057ba384
000005f09bcf
00000665941a
000006da8c65
0000074f84b0
000007c47cfb
000008397546
000008ae6d91
0000092365dc
000009985e27
00000a0d5672
00000a824ebd
00000af74708
00000b6c3f53
00000be1379e
00000c562fe9
00000ccb2834
00000d40207f
00000db518ca
00000e2a1115
00000e9f0960
00000f1401ab
00000f88f9f6
00000ffdf241
00001072ea8c
000010e7e2d7
0000115cdb22
000011d1d36d
00001246cbb8
000012bbc403
00001330bc4e
000013a5b499
0000141aace4
0000148fa52f
000015049d7a
0000157995c5
000015ee8e10
00001663865b
000016d87ea6
0000174d76f1
000017c26f3c
000018376787
000018ac5fd2
00001921581d
000019965068
00001a0b48b3
00001a8040fe
00001af53949
00001b6a3194
00001bdf29df
00001c54222a
00001cc91a75
00001d3e12c0
00001db30b0b
00001e280356
00001e9cfba1
00001f11f3ec
00001f86ec37
00001ffbe482
00002070dccd
000020e5d518
0000215acd63
000021cfc5ae
00002244bdf9
000022b9b644
0000232eae8f
000023a3a6da
000024189f25
0000248d9770
000025028fbb
000025778806
000025ec8051
00002661789c
000026d670e7
0000274b6932
000027c0617d
0000283559c8
000028aa5213
0000291f4a5e
0000299442a9
00002a093af4
00002a7e333f
00002af32b8a
00002b6823d5
00002bdd1c20
00002c52146b
00002cc70cb6
00002d3c0501
00002db0fd4c
00002e25f597
00002e9aede2
00002f0fe62d
00002f84de78
00002ff9d6c3
0000306ecf0e
000030e3c759
00003158bfa4
000031cdb7ef
00003242b03a
000032b7a885
0000332ca0d0
000033a1991b
000034169166
0000348b89b1
0000350081fc
000035757a47
000035ea7292
0000365f6add
000036d46328
000037495b73
000037be53be
000038334c09
000038a84454
0000391d3c9f
0000399234ea
00003a072d35
ffffc583da80
ffffc5f8d2cb
ffffc66dcb16
ffffc6e2c361
ffffc757bbac
ffffc7ccb3f7
ffffc841ac42
ffffc8b6a48d
ffffc92b9cd8
ffffc9a09523
ffffca158d6e
ffffca8a85b9
ffffcaff7e04
ffffcb74764f
ffffcbe96e9a
ffffcc5e66e5
ffffccd35f30
ffffcd48577b
ffffcdbd4fc6
ffffce324811
ffffcea7405c
ffffcf1c38a7
ffffcf9130f2
ffffd006293d
ffffd07b2188
ffffd0f019d3
ffffd165121e
ffffd1da0a69
ffffd24f02b4
ffffd2c3faff
ffffd338f34a
ffffd3adeb95
ffffd422e3e0
ffffd497dc2b
ffffd50cd476
ffffd581ccc1
ffffd5f6c50c
ffffd66bbd57
ffffd6e0b5a2
ffffd755aded
ffffd7caa638
ffffd83f9e83
ffffd8b496ce
ffffd9298f19
ffffd99e8764
ffffda137faf
ffffda8877fa
ffffdafd7045
ffffdb726890
ffffdbe760db
ffffdc5c5926
ffffdcd15171
ffffdd4649bc
ffffddbb4207
ffffde303a52
ffffdea5329d
ffffdf1a2ae8
ffffdf8f2333
ffffe0041b7e
ffffe07913c9
ffffe0ee0c14
ffffe163045f
ffffe1d7fcaa
ffffe24cf4f5
ffffe2c1ed40
ffffe336e58b
ffffe3abddd6
ffffe420d621
ffffe495ce6c
ffffe50ac6b7
ffffe57fbf02
ffffe5f4b74d
ffffe669af98
ffffe6dea7e3
ffffe753a02e
ffffe7c89879
ffffe83d90c4
ffffe8b2890f
ffffe927815a
ffffe99c79a5
ffffea1171f0
ffffea866a3b
ffffeafb6286
ffffeb705ad1
ffffebe5531c
ffffec5a4b67
ffffeccf43b2
ffffed443bfd
ffffedb93448
ffffee2e2c93
ffffeea324de
ffffef181d29
ffffef8d1574
fffff0020dbf
fffff077060a
fffff0ebfe55
fffff160f6a0
fffff1d5eeeb
fffff24ae736
fffff2bfdf81
fffff334d7cc
fffff3a9d017
fffff41ec862
fffff493c0ad
fffff508b8f8
fffff57db143
fffff5f2a98e
fffff667a1d9
fffff6dc9a24
fffff751926f
fffff7c68aba
fffff83b8305
fffff8b07b50
fffff925739b
fffff99a6be6
fffffa0f6431
fffffa845c7c
fffffaf954c7
fffffb6e4d12
fffffbe3455d
fffffc583da8
fffffccd35f3
fffffd422e3e
fffffdb72689
fffffe2c1ed4
fffffea1171f
ffffff160f6a
ffffff8b07b5
000000000000
00000074f84b
000000e9f096
0000015ee8e1
000001d3e12c
00000248d977
000002bdd1c2
00000332ca0d
000003a7c258
0000041cbaa3
00000491b2ee
00000506ab39
0000057ba384
000005f09bcf
00000665941a
000006da8c65
0000074f84b0
000007c47cfb
000008397546
000008ae6d91
0000092365dc
000009985e27
00000a0d5672
00000a824ebd
00000af74708
00000b6c3f53
00000be1379e
00000c562fe9
00000ccb2834
00000d40207f
00000db518ca
00000e2a1115
00000e9f0960
00000f1401ab
00000f88f9f6
00000ffdf241
00001072ea8c
000010e7e2d7
0000115cdb22
000011d1d36d
00001246cbb8
000012bbc403
00001330bc4e
000013a5b499
0000141aace4
0000148fa52f
000015049d7a
0000157995c5
000015ee8e10
00001663865b
000016d87ea6
0000174d76f1
000017c26f3c
000018376787
000018ac5fd2
00001921581d
000019965068
00001a0b48b3
00001a8040fe
00001af53949
00001b6a3194
00001bdf29df
00001c54222a
00001cc91a75
00001d3e12c0
00001db30b0b
00001e280356
00001e9cfba1
00001f11f3ec
00001f86ec37
00001ffbe482
00002070dccd
000020e5d518
0000215acd63
000021cfc5ae
00002244bdf9
000022b9b644
0000232eae8f
000023a3a6da
000024189f25
0000248d9770
000025028fbb
000025778806
000025ec8051
00002661789c
000026d670e7
0000274b6932
000027c0617d
0000283559c8
000028aa5213
0000291f4a5e
0000299442a9
00002a093af4
00002a7e333f
00002af32b8a
00002b6823d5
00002bdd1c20
00002c52146b
00002cc70cb6
00002d3c0501
00002db0fd4c
00002e25f597
00002e9aede2
00002f0fe62d
00002f84de78
00002ff9d6c3
0000306ecf0e
000030e3c759
00003158bfa4
000031cdb7ef
00003242b03a
000032b7a885
0000332ca0d0
000033a1991b
000034169166
0000348b89b1
0000350081fc
000035757a47
000035ea7292
0000365f6add
000036d46328
000037495b73
000037be53be
000038334c09
000038a84454
0000391d3c9f
0000399234ea
00003a072d35
ffffc583da80
ffffc5f8d2cb
ffffc66dcb16
ffffc6e2c361
ffffc757bbac
ffffc7ccb3f7
ffffc841ac42
ffffc8b6a48d
ffffc92b9cd8
ffffc9a09523
ffffca158d6e
ffffca8a85b9
ffffcaff7e04
ffffcb74764f
ffffcbe96e9a
ffffcc5e66e5
ffffccd35f30
ffffcd48577b
ffffcdbd4fc6
ffffce324811
ffffcea7405c
ffffcf1c38a7
ffffcf9130f2
ffffd006293d
ffffd07b2188
ffffd0f019d3
ffffd165121e
ffffd1da0a69
ffffd24f02b4
ffffd2c3faff
ffffd338f34a
ffffd3adeb95
ffffd422e3e0
ffffd497dc2b
ffffd50cd476
ffffd581ccc1
ffffd5f6c50c
ffffd66bbd57
ffffd6e0b5a2
ffffd755aded
ffffd7caa638
ffffd83f9e83
ffffd8b496ce
ffffd9298f19
ffffd99e8764
ffffda137faf
ffffda8877fa
ffffdafd7045
ffffdb726890
ffffdbe760db
ffffdc5c5926
ffffdcd15171
ffffdd4649bc
ffffddbb4207
ffffde303a52
ffffdea5329d
ffffdf1a2ae8
ffffdf8f2333
ffffe0041b7e
ffffe07913c9
ffffe0ee0c14
ffffe163045f
ffffe1d7fcaa
ffffe24cf4f5
ffffe2c1ed40
ffffe336e58b
ffffe3abddd6
ffffe420d621
ffffe495ce6c
ffffe50ac6b7
ffffe57fbf02
ffffe5f4b74d
ffffe669af98
ffffe6dea7e3
ffffe753a02e
ffffe7c89879
ffffe83d90c4
ffffe8b2890f
ffffe927815a
ffffe99c79a5
ffffea1171f0
ffffea866a3b
ffffeafb6286
ffffeb705ad1
ffffebe5531c
ffffec5a4b67
ffffeccf43b2
ffffed443bfd
ffffedb93448
ffffee2e2c93
ffffeea324de
ffffef181d29
ffffef8d1574
fffff0020dbf
fffff077060a
fffff0ebfe55
fffff160f6a0
fffff1d5eeeb
fffff24ae736
fffff2bfdf81
fffff334d7cc
fffff3a9d017
fffff41ec862
fffff493c0ad
fffff508b8f8
fffff57db143
fffff5f2a98e
fffff667a1d9
fffff6dc9a24
fffff751926f
fffff7c68aba
fffff83b8305
fffff8b07b50
fffff925739b
fffff99a6be6
fffffa0f6431
fffffa845c7c
fffffaf954c7
fffffb6e4d12
fffffbe3455d
fffffc583da8
fffffccd35f3
fffffd422e3e
fffffdb72689
fffffe2c1ed4
fffffea1171f
ffffff160f6a
ffffff8b07b5
000000000000
00000074f84b
000000e9f096
0000015ee8e1
000001d3e12c
00000248d977
000002bdd1c2
00000332ca0d
000003a7c258
0000041cbaa3
00000491b2ee
00000506ab39
0000057ba384
000005f09bcf
00000665941a
000006da8c65
0000074f84b0
000007c47cfb
000008397546
000008ae6d91
0000092365dc
000009985e27
00000a0d5672
00000a824ebd
00000af74708
00000b6c3f53
00000be1379e
00000c562fe9
00000ccb2834
00000d40207f
00000db518ca
00000e2a1115
00000e9f0960
00000f1401ab
00000f88f9f6
00000ffdf241
00001072ea8c
000010e7e2d7
0000115cdb22
000011d1d36d
00001246cbb8
000012bbc403
00001330bc4e
000013a5b499
0000141aace4
0000148fa52f
000015049d7a
0000157995c5
000015ee8e10
00001663865b
000016d87ea6
0000174d76f1
000017c26f3c
000018376787
000018ac5fd2
00001921581d
000019965068
00001a0b48b3
00001a8040fe
00001af53949
00001b6a3194
00001bdf29df
00001c54222a
00001cc91a75
00001d3e12c0
00001db30b0b
00001e280356
00001e9cfba1
00001f11f3ec
00001f86ec37
00001ffbe482
00002070dccd
000020e5d518
0000215acd63
000021cfc5ae
00002244bdf9
000022b9b644
0000232eae8f
000023a3a6da
000024189f25
0000248d9770
000025028fbb
000025778806
000025ec8051
00002661789c
000026d670e7
0000274b6932
000027c0617d
0000283559c8
000028aa5213
0000291f4a5e
0000299442a9
00002a093af4
00002a7e333f
00002af32b8a
00002b6823d5
00002bdd1c20
00002c52146b
00002cc70cb6
00002d3c0501
00002db0fd4c
00002e25f597
00002e9aede2
00002f0fe62d
00002f84de78
00002ff9d6c3
0000306ecf0e
000030e3c759
00003158bfa4
000031cdb7ef
00003242b03a
000032b7a885
0000332ca0d0
000033a1991b
000034169166
0000348b89b1
0000350081fc
000035757a47
000035ea7292
0000365f6add
000036d46328
000037495b73
000037be53be
000038334c09
000038a84454
0000391d3c9f
0000399234ea
00003a072d35
ffffc583da80
ffffc5f8d2cb
ffffc66dcb16
ffffc6e2c361
ffffc757bbac
ffffc7ccb3f7
ffffc841ac42
ffffc8b6a48d
ffffc92b9cd8
ffffc9a09523
ffffca158d6e
ffffca8a85b9
ffffcaff7e04
ffffcb74764f
ffffcbe96e9a
ffffcc5e66e5
ffffccd35f30
ffffcd48577b
ffffcdbd4fc6
ffffce324811
ffffcea7405c
ffffcf1c38a7
ffffcf9130f2
ffffd006293d
ffffd07b2188
ffffd0f019d3
ffffd165121e
ffffd1da0a69
ffffd24f02b4
ffffd2c3faff
ffffd338f34a
ffffd3adeb95
ffffd422e3e0
ffffd497dc2b
ffffd50cd476
ffffd581ccc1
ffffd5f6c50c
ffffd66bbd57
ffffd6e0b5a2
ffffd755aded
ffffd7caa638
ffffd83f9e83
ffffd8b496ce
ffffd9298f19
ffffd99e8764
ffffda137faf
ffffda8877fa
ffffdafd7045
ffffdb726890
ffffdbe760db
ffffdc5c5926
ffffdcd15171
ffffdd4649bc
ffffddbb4207
ffffde303a52
ffffdea5329d
ffffdf1a2ae8
ffffdf8f2333
ffffe0041b7e
ffffe07913c9
ffffe0ee0c14
ffffe163045f
ffffe1d7fcaa
ffffe24cf4f5
ffffe2c1ed40
ffffe336e58b
ffffe3abddd6
ffffe420d621
ffffe495ce6c
ffffe50ac6b7
ffffe57fbf02
ffffe5f4b74d
ffffe669af98
ffffe6dea7e3
ffffe753a02e
ffffe7c89879
ffffe83d90c4
ffffe8b2890f
ffffe927815a
ffffe99c79a5
ffffea1171f0
ffffea866a3b
ffffeafb6286
ffffeb705ad1
ffffebe5531c
ffffec5a4b67
ffffeccf43b2
ffffed443bfd
ffffedb93448
ffffee2e2c93
ffffeea324de
ffffef181d29
ffffef8d1574
fffff0020dbf
fffff077060a
fffff0ebfe55
fffff160f6a0
fffff1d5eeeb
fffff24ae736
fffff2bfdf81
fffff334d7cc
fffff3a9d017
fffff41ec862
fffff493c0ad
fffff508b8f8
fffff57db143
fffff5f2a98e
fffff667a1d9
fffff6dc9a24
fffff751926f
fffff7c68aba
fffff83b8305
fffff8b07b50
fffff925739b
fffff99a6be6
fffffa0f6431
fffffa845c7c
fffffaf954c7
fffffb6e4d12
fffffbe3455d
fffffc583da8
fffffccd35f3
fffffd422e3e
fffffdb72689
fffffe2c1ed4
fffffea1171f
ffffff160f6a
ffffff8b07b5
000000000000
00000074f84b
000000e9f096
0000015ee8e1
000001d3e12c
00000248d977
000002bdd1c2
00000332ca0d
000003a7c258
0000041cbaa3
00000491b2ee
00000506ab39
0000057ba384
000005f09bcf
00000665941a
000006da8c65
0000074f84b0
000007c47cfb
000008397546
000008ae6d91
0000092365dc
000009985e27
00000a0d5672
00000a824ebd
00000af74708
00000b6c3f53
00000be1379e
00000c562fe9
00000ccb2834
00000d40207f
00000db518ca
00000e2a1115
00000e9f0960
00000f1401ab
00000f88f9f6
00000ffdf241
00001072ea8c
000010e7e2d7
0000115cdb22
000011d1d36d
00001246cbb8
000012bbc403
00001330bc4e
000013a5b499
0000141aace4
0000148fa52f
000015049d7a
0000157995c5
000015ee8e10
00001663865b
000016d87ea6
0000174d76f1
000017c26f3c
000018376787
000018ac5fd2
00001921581d
000019965068
00001a0b48b3
00001a8040fe
00001af53949
00001b6a3194
00001bdf29df
00001c54222a
00001cc91a75
00001d3e12c0
00001db30b0b
00001e280356
00001e9cfba1
00001f11f3ec
00001f86ec37
00001ffbe482
00002070dccd
000020e5d518
0000215acd63
000021cfc5ae
00002244bdf9
000022b9b644
0000232eae8f
000023a3a6da
000024189f25
0000248d9770
000025028fbb
000025778806
000025ec8051
00002661789c
000026d670e7
0000274b6932
000027c0617d
0000283559c8
000028aa5213
0000291f4a5e
0000299442a9
00002a093af4
00002a7e333f
00002af32b8a
00002b6823d5
00002bdd1c20
00002c52146b
00002cc70cb6
00002d3c0501
00002db0fd4c
00002e25f597
00002e9aede2
00002f0fe62d
00002f84de78
00002ff9d6c3
0000306ecf0e
000030e3c759
00003158bfa4
000031cdb7ef
00003242b03a
000032b7a885
0000332ca0d0
000033a1991b
000034169166
0000348b89b1
0000350081fc
000035757a47
000035ea7292
0000365f6add
000036d46328
000037495b73
000037be53be
000038334c09
000038a84454
0000391d3c9f
0000399234ea
00003a072d35
ffffc583da80
ffffc5f8d2cb
ffffc66dcb16
ffffc6e2c361
ffffc757bbac
ffffc7ccb3f7
ffffc841ac42
ffffc8b6a48d
ffffc92b9cd8
ffffc9a09523
ffffca158d6e
ffffca8a85b9
ffffcaff7e04
ffffcb74764f
ffffcbe96e9a
ffffcc5e66e5
ffffccd35f30
ffffcd48577b
ffffcdbd4fc6
ffffce324811
ffffcea7405c
ffffcf1c38a7
ffffcf9130f2
ffffd006293d
ffffd07b2188
ffffd0f019d3
ffffd165121e
ffffd1da0a69
ffffd24f02b4
ffffd2c3faff
ffffd338f34a
ffffd3adeb95
ffffd422e3e0
ffffd497dc2b
ffffd50cd476
ffffd581ccc1
ffffd5f6c50c
ffffd66bbd57
ffffd6e0b5a2
ffffd755aded
ffffd7caa638
ffffd83f9e83
ffffd8b496ce
ffffd9298f19
ffffd99e8764
ffffda137faf
ffffda8877fa
ffffdafd7045
ffffdb726890
ffffdbe760db
ffffdc5c5926
ffffdcd15171
ffffdd4649bc
ffffddbb4207
ffffde303a52
ffffdea5329d
ffffdf1a2ae8
ffffdf8f2333
ffffe0041b7e
ffffe07913c9
ffffe0ee0c14
ffffe163045f
ffffe1d7fcaa
ffffe24cf4f5
ffffe2c1ed40
ffffe336e58b
ffffe3abddd6
ffffe420d621
ffffe495ce6c
ffffe50ac6b7
ffffe57fbf02
ffffe5f4b74d
ffffe669af98
ffffe6dea7e3
ffffe753a02e
ffffe7c89879
ffffe83d90c4
ffffe8b2890f
ffffe927815a
ffffe99c79a5
ffffea1171f0
ffffea866a3b
ffffeafb6286
ffffeb705ad1
ffffebe5531c
ffffec5a4b67
ffffeccf43b2
ffffed443bfd
ffffedb93448
ffffee2e2c93
ffffeea324de
ffffef181d29
ffffef8d1574
fffff0020dbf
fffff077060a
fffff0ebfe55
fffff160f6a0
fffff1d5eeeb
fffff24ae736
fffff2bfdf81
fffff334d7cc
fffff3a9d017
fffff41ec862
fffff493c0ad
fffff508b8f8
fffff57db143
fffff5f2a98e
fffff667a1d9
fffff6dc9a24
fffff751926f
fffff7c68aba
fffff83b8305
fffff8b07b50
fffff925739b
fffff99a6be6
fffffa0f6431
fffffa845c7c
fffffaf954c7
fffffb6e4d12
fffffbe3455d
fffffc583da8
fffffccd35f3
fffffd422e3e
fffffdb72689
fffffe2c1ed4
fffffea1171f
ffffff160f6a
ffffff8b07b5
000000000000
00000074f84b
000000e9f096
0000015ee8e1
000001d3e12c
00000248d977
000002bdd1c2
00000332ca0d
000003a7c258
0000041cbaa3
00000491b2ee
00000506ab39
0000057ba384
000005f09bcf
00000665941a
000006da8c65
0000074f84b0
000007c47cfb
000008397546
000008ae6d91
0000092365dc
000009985e27
00000a0d5672
00000a824ebd
00000af74708
00000b6c3f53
00000be1379e
00000c562fe9
00000ccb2834
00000d40207f
00000db518ca
00000e2a1115
00000e9f0960
00000f1401ab
00000f88f9f6
00000ffdf241
00001072ea8c
000010e7e2d7
0000115cdb22
000011d1d36d
00001246cbb8
000012bbc403
00001330bc4e
000013a5b499
0000141aace4
0000148fa52f
000015049d7a
0000157995c5
000015ee8e10
00001663865b
000016d87ea6
0000174d76f1
000017c26f3c
000018376787
000018ac5fd2
00001921581d
000019965068
00001a0b48b3
00001a8040fe
00001af53949
00001b6a3194
00001bdf29df
00001c54222a
00001cc91a75
00001d3e12c0
00001db30b0b
00001e280356
00001e9cfba1
00001f11f3ec
00001f86ec37
00001ffbe482
00002070dccd
000020e5d518
0000215acd63
000021cfc5ae
00002244bdf9
000022b9b644
0000232eae8f
000023a3a6da
000024189f25
0000248d9770
000025028fbb
000025778806
000025ec8051
00002661789c
000026d670e7
0000274b6932
000027c0617d
0000283559c8
000028aa5213
0000291f4a5e
0000299442a9
00002a093af4
00002a7e333f
00002af32b8a
00002b6823d5
00002bdd1c20
00002c52146b
00002cc70cb6
00002d3c0501
00002db0fd4c
00002e25f597
00002e9aede2
00002f0fe62d
00002f84de78
00002ff9d6c3
0000306ecf0e
000030e3c759
00003158bfa4
000031cdb7ef
00003242b03a
000032b7a885
0000332ca0d0
000033a1991b
000034169166
0000348b89b1
0000350081fc
000035757a47
000035ea7292
0000365f6add
000036d46328
000037495b73
000037be53be
000038334c09
000038a84454
0000391d3c9f
0000399234ea
00003a072d35
ffffc583da80
ffffc5f8d2cb
ffffc66dcb16
ffffc6e2c361
ffffc757bbac
ffffc7ccb3f7
ffffc841ac42
ffffc8b6a48d
ffffc92b9cd8
ffffc9a09523
ffffca158d6e
ffffca8a85b9
ffffcaff7e04
ffffcb74764f
ffffcbe96e9a
ffffcc5e66e5
ffffccd35f30
ffffcd48577b
ffffcdbd4fc6
ffffce324811
ffffcea7405c
ffffcf1c38a7
ffffcf9130f2
ffffd006293d
ffffd07b2188
ffffd0f019d3
ffffd165121e
ffffd1da0a69
ffffd24f02b4
ffffd2c3faff
ffffd338f34a
ffffd3adeb95
ffffd422e3e0
ffffd497dc2b
ffffd50cd476
ffffd581ccc1
ffffd5f6c50c
ffffd66bbd57
ffffd6e0b5a2
ffffd755aded
ffffd7caa638
ffffd83f9e83
ffffd8b496ce
ffffd9298f19
ffffd99e8764
ffffda137faf
ffffda8877fa
ffffdafd7045
ffffdb726890
ffffdbe760db
ffffdc5c5926
ffffdcd15171
ffffdd4649bc
ffffddbb4207
ffffde303a52
ffffdea5329d
ffffdf1a2ae8
ffffdf8f2333
ffffe0041b7e
ffffe07913c9
ffffe0ee0c14
ffffe163045f
ffffe1d7fcaa
ffffe24cf4f5
ffffe2c1ed40
ffffe336e58b
ffffe3abddd6
ffffe420d621
ffffe495ce6c
ffffe50ac6b7
ffffe57fbf02
ffffe5f4b74d
ffffe669af98
ffffe6dea7e3
ffffe753a02e
ffffe7c89879
ffffe83d90c4
ffffe8b2890f
ffffe927815a
ffffe99c79a5
ffffea1171f0
ffffea866a3b
ffffeafb6286
ffffeb705ad1
ffffebe5531c
ffffec5a4b67
ffffeccf43b2
ffffed443bfd
ffffedb93448
ffffee2e2c93
ffffeea324de
ffffef181d29
ffffef8d1574
fffff0020dbf
fffff077060a
fffff0ebfe55
fffff160f6a0
fffff1d5eeeb
fffff24ae736
fffff2bfdf81
fffff334d7cc
fffff3a9d017
fffff41ec862
fffff493c0ad
fffff508b8f8
fffff57db143
fffff5f2a98e
fffff667a1d9
fffff6dc9a24
fffff751926f
fffff7c68aba
fffff83b8305
fffff8b07b50
fffff925739b
fffff99a6be6
fffffa0f6431
fffffa845c7c
fffffaf954c7
fffffb6e4d12
fffffbe3455d
fffffc583da8
fffffccd35f3
fffffd422e3e
fffffdb72689
fffffe2c1ed4
fffffea1171f
ffffff160f6a
ffffff8b07b5
000000000000
00000074f84b
000000e9f096
0000015ee8e1
000001d3e12c
00000248d977
000002bdd1c2
00000332ca0d
000003a7c258
0000041cbaa3
00000491b2ee
00000506ab39
0000057ba384
000005f09bcf
00000665941a
000006da8c65
0000074f84b0
000007c47cfb
000008397546
000008ae6d91
0000092365dc
000009985e27
00000a0d5672
00000a824ebd
00000af74708
00000b6c3f53
00000be1379e
00000c562fe9
00000ccb2834
00000d40207f
00000db518ca
00000e2a1115
00000e9f0960
00000f1401ab
00000f88f9f6
00000ffdf241
00001072ea8c
000010e7e2d7
0000115cdb22
000011d1d36d
00001246cbb8
000012bbc403
00001330bc4e
000013a5b499
0000141aace4
0000148fa52f
000015049d7a
0000157995c5
000015ee8e10
00001663865b
000016d87ea6
0000174d76f1
000017c26f3c
000018376787
000018ac5fd2
00001921581d
000019965068
00001a0b48b3
00001a8040fe
00001af53949
00001b6a3194
00001bdf29df
00001c54222a
00001cc91a75
00001d3e12c0
00001db30b0b
00001e280356
00001e9cfba1
00001f11f3ec
00001f86ec37
00001ffbe482
00002070dccd
000020e5d518
0000215acd63
000021cfc5ae
00002244bdf9
000022b9b644
0000232eae8f
000023a3a6da
000024189f25
0000248d9770
000025028fbb
000025778806
000025ec8051
00002661789c
000026d670e7
0000274b6932
000027c0617d
0000283559c8
000028aa5213
0000291f4a5e
0000299442a9
00002a093af4
00002a7e333f
00002af32b8a
00002b6823d5
00002bdd1c20
00002c52146b
00002cc70cb6
00002d3c0501
00002db0fd4c
00002e25f597
00002e9aede2
00002f0fe62d
00002f84de78
00002ff9d6c3
0000306ecf0e
000030e3c759
00003158bfa4
000031cdb7ef
00003242b03a
000032b7a885
0000332ca0d0
000033a1991b
000034169166
0000348b89b1
0000350081fc
000035757a47
000035ea7292
0000365f6add
000036d46328
000037495b73
000037be53be
000038334c09
000038a84454
0000391d3c9f
0000399234ea
00003a072d35
ffffc583da80
ffffc5f8d2cb
ffffc66dcb16
ffffc6e2c361
ffffc757bbac
ffffc7ccb3f7
ffffc841ac42
ffffc8b6a48d
ffffc92b9cd8
ffffc9a09523
ffffca158d6e
ffffca8a85b9
ffffcaff7e04
ffffcb74764f
ffffcbe96e9a
ffffcc5e66e5
ffffccd35f30
ffffcd48577b
ffffcdbd4fc6
ffffce324811
ffffcea7405c
ffffcf1c38a7
ffffcf9130f2
ffffd006293d
ffffd07b2188
ffffd0f019d3
ffffd165121e
ffffd1da0a69
ffffd24f02b4
ffffd2c3faff
ffffd338f34a
ffffd3adeb95
ffffd422e3e0
ffffd497dc2b
ffffd50cd476
ffffd581ccc1
ffffd5f6c50c
ffffd66bbd57
ffffd6e0b5a2
ffffd755aded
ffffd7caa638
ffffd83f9e83
ffffd8b496ce
ffffd9298f19
ffffd99e8764
ffffda137faf
ffffda8877fa
ffffdafd7045
ffffdb726890
ffffdbe760db
ffffdc5c5926
ffffdcd15171
ffffdd4649bc
ffffddbb4207
ffffde303a52
ffffdea5329d
ffffdf1a2ae8
ffffdf8f2333
ffffe0041b7e
ffffe07913c9
ffffe0ee0c14
ffffe163045f
ffffe1d7fcaa
ffffe24cf4f5
ffffe2c1ed40
ffffe336e58b
ffffe3abddd6
ffffe420d621
ffffe495ce6c
ffffe50ac6b7
ffffe57fbf02
ffffe5f4b74d
ffffe669af98
ffffe6dea7e3
ffffe753a02e
ffffe7c89879
ffffe83d90c4
ffffe8b2890f
ffffe927815a
ffffe99c79a5
ffffea1171f0
ffffea866a3b
ffffeafb6286
ffffeb705ad1
ffffebe5531c
ffffec5a4b67
ffffeccf43b2
ffffed443bfd
ffffedb93448
ffffee2e2c93
ffffeea324de
ffffef181d29
ffffef8d1574
fffff0020dbf
fffff077060a
fffff0ebfe55
fffff160f6a0
fffff1d5eeeb
fffff24ae736
fffff2bfdf81
fffff334d7cc
fffff3a9d017
fffff41ec862
fffff493c0ad
fffff508b8f8
fffff57db143
fffff5f2a98e
fffff667a1d9
fffff6dc9a24
fffff751926f
fffff7c68aba
fffff83b8305
fffff8b07b50
fffff925739b
fffff99a6be6
fffffa0f6431
fffffa845c7c
fffffaf954c7
fffffb6e4d12
fffffbe3455d
fffffc583da8
fffffccd35f3
fffffd422e3e
fffffdb72689
fffffe2c1ed4
fffffea1171f
ffffff160f6a
ffffff8b07b5
000000000000
00000074f84b
000000e9f096
0000015ee8e1
000001d3e12c
00000248d977
000002bdd1c2
00000332ca0d
000003a7c258
0000041cbaa3
00000491b2ee
00000506ab39
0000057ba384
000005f09bcf
00000665941a
000006da8c65
0000074f84b0
000007c47cfb
000008397546
000008ae6d91
0000092365dc
000009985e27
00000a0d5672
00000a824ebd
00000af74708
00000b6c3f53
00000be1379e
00000c562fe9
00000ccb2834
00000d40207f
00000db518ca
00000e2a1115
00000e9f0960
00000f1401ab
00000f88f9f6
00000ffdf241
00001072ea8c
000010e7e2d7
0000115cdb22
000011d1d36d
00001246cbb8
000012bbc403
00001330bc4e
000013a5b499
0000141aace4
0000148fa52f
000015049d7a
0000157995c5
000015ee8e10
00001663865b
000016d87ea6
0000174d76f1
000017c26f3c
000018376787
000018ac5fd2
00001921581d
000019965068
00001a0b48b3
00001a8040fe
00001af53949
00001b6a3194
00001bdf29df
00001c54222a
00001cc91a75
00001d3e12c0
00001db30b0b
00001e280356
00001e9cfba1
00001f11f3ec
00001f86ec37
00001ffbe482
00002070dccd
000020e5d518
0000215acd63
000021cfc5ae
00002244bdf9
000022b9b644
0000232eae8f
000023a3a6da
000024189f25
0000248d9770
000025028fbb
000025778806
000025ec8051
00002661789c
000026d670e7
0000274b6932
000027c0617d
0000283559c8
000028aa5213
0000291f4a5e
0000299442a9
00002a093af4
00002a7e333f
00002af32b8a
00002b6823d5
00002bdd1c20
00002c52146b
00002cc70cb6
00002d3c0501
00002db0fd4c
00002e25f597
00002e9aede2
00002f0fe62d
00002f84de78
00002ff9d6c3
0000306ecf0e
000030e3c759
00003158bfa4
000031cdb7ef
00003242b03a
000032b7a885
0000332ca0d0
000033a1991b
000034169166
0000348b89b1
0000350081fc
000035757a47
000035ea7292
0000365f6add
000036d46328
000037495b73
000037be53be
000038334c09
000038a84454
0000391d3c9f
0000399234ea
00003a072d35
ffffc583da80
ffffc5f8d2cb
ffffc66dcb16
ffffc6e2c361
ffffc757bbac
ffffc7ccb3f7
ffffc841ac42
ffffc8b6a48d
ffffc92b9cd8
ffffc9a09523
ffffca158d6e
ffffca8a85b9
ffffcaff7e04
ffffcb74764f
ffffcbe96e9a
ffffcc5e66e5
ffffccd35f30
ffffcd48577b
ffffcdbd4fc6
ffffce324811
ffffcea7405c
ffffcf1c38a7
ffffcf9130f2
ffffd006293d
ffffd07b2188
ffffd0f019d3
ffffd165121e
ffffd1da0a69
ffffd24f02b4
ffffd2c3faff
ffffd338f34a
ffffd3adeb95
ffffd422e3e0
ffffd497dc2b
ffffd50cd476
ffffd581ccc1
ffffd5f6c50c
ffffd66bbd57
ffffd6e0b5a2
ffffd755aded
ffffd7caa638
ffffd83f9e83
ffffd8b496ce
ffffd9298f19
ffffd99e8764
ffffda137faf
ffffda8877fa
ffffdafd7045
ffffdb726890
ffffdbe760db
ffffdc5c5926
ffffdcd15171
ffffdd4649bc
ffffddbb4207
ffffde303a52
ffffdea5329d
ffffdf1a2ae8
ffffdf8f2333
ffffe0041b7e
ffffe07913c9
ffffe0ee0c14
ffffe163045f
ffffe1d7fcaa
ffffe24cf4f5
ffffe2c1ed40
ffffe336e58b
ffffe3abddd6
ffffe420d621
ffffe495ce6c
ffffe50ac6b7
ffffe57fbf02
ffffe5f4b74d
ffffe669af98
ffffe6dea7e3
ffffe753a02e
ffffe7c89879
ffffe83d90c4
ffffe8b2890f
ffffe927815a
ffffe99c79a5
ffffea1171f0
ffffea866a3b
ffffeafb6286
ffffeb705ad1
ffffebe5531c
ffffec5a4b67
ffffeccf43b2
ffffed443bfd
ffffedb93448
ffffee2e2c93
ffffeea324de
ffffef181d29
ffffef8d1574
fffff0020dbf
fffff077060a
fffff0ebfe55
fffff160f6a0
fffff1d5eeeb
fffff24ae736
fffff2bfdf81
fffff334d7cc
fffff3a9d017
fffff41ec862
fffff493c0ad
fffff508b8f8
fffff57db143
fffff5f2a98e
fffff667a1d9
fffff6dc9a24
fffff751926f
fffff7c68aba
fffff83b8305
fffff8b07b50
fffff925739b
fffff99a6be6
fffffa0f6431
fffffa845c7c
fffffaf954c7
fffffb6e4d12
fffffbe3455d
fffffc583da8
fffffccd35f3
fffffd422e3e
fffffdb72689
fffffe2c1ed4
fffffea1171f
ffffff160f6a
ffffff8b07b5
000000000000
00000074f84b
000000e9f096
0000015ee8e1
000001d3e12c
00000248d977
000002bdd1c2
00000332ca0d
000003a7c258
0000041cbaa3
00000491b2ee
00000506ab39
0000057ba384
000005f09bcf
00000665941a
000006da8c65
0000074f84b0
000007c47cfb
000008397546
000008ae6d91
0000092365dc
000009985e27
00000a0d5672
00000a824ebd
00000af74708
00000b6c3f53
00000be1379e
00000c562fe9
00000ccb2834
00000d40207f
00000db518ca
00000e2a1115
00000e9f0960
00000f1401ab
00000f88f9f6
00000ffdf241
00001072ea8c
000010e7e2d7
0000115cdb22
000011d1d36d
00001246cbb8
000012bbc403
00001330bc4e
000013a5b499
0000141aace4
0000148fa52f
000015049d7a
0000157995c5
000015ee8e10
00001663865b
000016d87ea6
0000174d76f1
000017c26f3c
000018376787
000018ac5fd2
00001921581d
000019965068
00001a0b48b3
00001a8040fe
00001af53949
00001b6a3194
00001bdf29df
00001c54222a
00001cc91a75
00001d3e12c0
00001db30b0b
00001e280356
00001e9cfba1
00001f11f3ec
00001f86ec37
00001ffbe482
00002070dccd
000020e5d518
0000215acd63
000021cfc5ae
00002244bdf9
000022b9b644
0000232eae8f
000023a3a6da
000024189f25
0000248d9770
000025028fbb
000025778806
000025ec8051
00002661789c
000026d670e7
0000274b6932
000027c0617d
0000283559c8
000028aa5213
0000291f4a5e
0000299442a9
00002a093af4
00002a7e333f
00002af32b8a
00002b6823d5
00002bdd1c20
00002c52146b
00002cc70cb6
00002d3c0501
00002db0fd4c
00002e25f597
00002e9aede2
00002f0fe62d
00002f84de78
00002ff9d6c3
0000306ecf0e
000030e3c759
00003158bfa4
000031cdb7ef
00003242b03a
000032b7a885
0000332ca0d0
000033a1991b
000034169166
0000348b89b1
0000350081fc
000035757a47
000035ea7292
0000365f6add
000036d46328
000037495b73
000037be53be
000038334c09
000038a84454
0000391d3c9f
0000399234ea
00003a072d35
ffffc583da80
ffffc5f8d2cb
ffffc66dcb16
ffffc6e2c361
ffffc757bbac
ffffc7ccb3f7
ffffc841ac42
ffffc8b6a48d
ffffc92b9cd8
ffffc9a09523
ffffca158d6e
ffffca8a85b9
ffffcaff7e04
ffffcb74764f
ffffcbe96e9a
ffffcc5e66e5
ffffccd35f30
ffffcd48577b
ffffcdbd4fc6
ffffce324811
ffffcea7405c
ffffcf1c38a7
ffffcf9130f2
ffffd006293d
ffffd07b2188
ffffd0f019d3
ffffd165121e
ffffd1da0a69
ffffd24f02b4
ffffd2c3faff
ffffd338f34a
ffffd3adeb95
ffffd422e3e0
ffffd497dc2b
ffffd50cd476
ffffd581ccc1
ffffd5f6c50c
ffffd66bbd57
ffffd6e0b5a2
ffffd755aded
ffffd7caa638
ffffd83f9e83
ffffd8b496ce
ffffd9298f19
ffffd99e8764
ffffda137faf
ffffda8877fa
ffffdafd7045
ffffdb726890
ffffdbe760db
ffffdc5c5926
ffffdcd15171
ffffdd4649bc
ffffddbb4207
ffffde303a52
ffffdea5329d
ffffdf1a2ae8
ffffdf8f2333
ffffe0041b7e
ffffe07913c9
ffffe0ee0c14
ffffe163045f
ffffe1d7fcaa
ffffe24cf4f5
ffffe2c1ed40
ffffe336e58b
ffffe3abddd6
ffffe420d621
ffffe495ce6c
ffffe50ac6b7
ffffe57fbf02
ffffe5f4b74d
ffffe669af98
ffffe6dea7e3
ffffe753a02e
ffffe7c89879
ffffe83d90c4
ffffe8b2890f
ffffe927815a
ffffe99c79a5
ffffea1171f0
ffffea866a3b
ffffeafb6286
ffffeb705ad1
ffffebe5531c
ffffec5a4b67
ffffeccf43b2
ffffed443bfd
ffffedb93448
ffffee2e2c93
ffffeea324de
ffffef181d29
ffffef8d1574
fffff0020dbf
fffff077060a
fffff0ebfe55
fffff160f6a0
fffff1d5eeeb
fffff24ae736
fffff2bfdf81
fffff334d7cc
fffff3a9d017
fffff41ec862
fffff493c0ad
fffff508b8f8
fffff57db143
fffff5f2a98e
fffff667a1d9
fffff6dc9a24
fffff751926f
fffff7c68aba
fffff83b8305
fffff8b07b50
fffff925739b
fffff99a6be6
fffffa0f6431
fffffa845c7c
fffffaf954c7
fffffb6e4d12
fffffbe3455d
fffffc583da8
fffffccd35f3
fffffd422e3e
fffffdb72689
fffffe2c1ed4
fffffea1171f
ffffff160f6a
ffffff8b07b5
000000000000
000000617994
000000c2f328
000001246cbc
00000185e650
000001e75fe4
00000248d978
000002aa530c
0000030bcca0
0000036d4634
000003cebfc8
00000430395c
00000491b2f0
000004f32c84
00000554a618
000005b61fac
000006179940
0000067912d4
000006da8c68
0000073c05fc
0000079d7f90
000007fef924
0000086072b8
000008c1ec4c
0000092365e0
00000984df74
000009e65908
00000a47d29c
00000aa94c30
00000b0ac5c4
00000b6c3f58
00000bcdb8ec
00000c2f3280
00000c90ac14
00000cf225a8
00000d539f3c
00000db518d0
00000e169264
00000e780bf8
00000ed9858c
00000f3aff20
00000f9c78b4
00000ffdf248
0000105f6bdc
000010c0e570
000011225f04
00001183d898
000011e5522c
00001246cbc0
000012a84554
00001309bee8
0000136b387c
000013ccb210
0000142e2ba4
0000148fa538
000014f11ecc
000015529860
000015b411f4
000016158b88
00001677051c
000016d87eb0
00001739f844
0000179b71d8
000017fceb6c
0000185e6500
000018bfde94
000019215828
00001982d1bc
000019e44b50
00001a45c4e4
00001aa73e78
00001b08b80c
00001b6a31a0
00001bcbab34
00001c2d24c8
00001c8e9e5c
00001cf017f0
00001d519184
00001db30b18
00001e1484ac
00001e75fe40
00001ed777d4
00001f38f168
00001f9a6afc
00001ffbe490
0000205d5e24
000020bed7b8
00002120514c
00002181cae0
000021e34474
00002244be08
000022a6379c
00002307b130
000023692ac4
000023caa458
0000242c1dec
0000248d9780
000024ef1114
000025508aa8
000025b2043c
000026137dd0
00002674f764
000026d670f8
00002737ea8c
000027996420
000027faddb4
0000285c5748
000028bdd0dc
0000291f4a70
00002980c404
000029e23d98
00002a43b72c
00002aa530c0
00002b06aa54
00002b6823e8
00002bc99d7c
00002c2b1710
00002c8c90a4
00002cee0a38
00002d4f83cc
00002db0fd60
00002e1276f4
00002e73f088
00002ed56a1c
00002f36e3b0
00002f985d44
00002ff9d6d8
0000305b506c
ffffcf433600
ffffcfa4af94
ffffd0062928
ffffd067a2bc
ffffd0c91c50
ffffd12a95e4
ffffd18c0f78
ffffd1ed890c
ffffd24f02a0
ffffd2b07c34
ffffd311f5c8
ffffd3736f5c
ffffd3d4e8f0
ffffd4366284
ffffd497dc18
ffffd4f955ac
ffffd55acf40
ffffd5bc48d4
ffffd61dc268
ffffd67f3bfc
ffffd6e0b590
ffffd7422f24
ffffd7a3a8b8
ffffd805224c
ffffd8669be0
ffffd8c81574
ffffd9298f08
ffffd98b089c
ffffd9ec8230
ffffda4dfbc4
ffffdaaf7558
ffffdb10eeec
ffffdb726880
ffffdbd3e214
ffffdc355ba8
ffffdc96d53c
ffffdcf84ed0
ffffdd59c864
ffffddbb41f8
ffffde1cbb8c
ffffde7e3520
ffffdedfaeb4
ffffdf412848
ffffdfa2a1dc
ffffe0041b70
ffffe0659504
ffffe0c70e98
ffffe128882c
ffffe18a01c0
ffffe1eb7b54
ffffe24cf4e8
ffffe2ae6e7c
ffffe30fe810
ffffe37161a4
ffffe3d2db38
ffffe43454cc
ffffe495ce60
ffffe4f747f4
ffffe558c188
ffffe5ba3b1c
ffffe61bb4b0
ffffe67d2e44
ffffe6dea7d8
ffffe740216c
ffffe7a19b00
ffffe8031494
ffffe8648e28
ffffe8c607bc
ffffe9278150
ffffe988fae4
ffffe9ea7478
ffffea4bee0c
ffffeaad67a0
ffffeb0ee134
ffffeb705ac8
ffffebd1d45c
ffffec334df0
ffffec94c784
ffffecf64118
ffffed57baac
ffffedb93440
ffffee1aadd4
ffffee7c2768
ffffeedda0fc
ffffef3f1a90
ffffefa09424
fffff0020db8
fffff063874c
fffff0c500e0
fffff1267a74
fffff187f408
fffff1e96d9c
fffff24ae730
fffff2ac60c4
fffff30dda58
fffff36f53ec
fffff3d0cd80
fffff4324714
fffff493c0a8
fffff4f53a3c
fffff556b3d0
fffff5b82d64
fffff619a6f8
fffff67b208c
fffff6dc9a20
fffff73e13b4
fffff79f8d48
fffff80106dc
fffff8628070
fffff8c3fa04
fffff9257398
fffff986ed2c
fffff9e866c0
fffffa49e054
fffffaab59e8
fffffb0cd37c
fffffb6e4d10
fffffbcfc6a4
fffffc314038
fffffc92b9cc
fffffcf43360
fffffd55acf4
fffffdb72688
fffffe18a01c
fffffe7a19b0
fffffedb9344
ffffff3d0cd8
ffffff9e866c
000000000000
000000617994
000000c2f328
000001246cbc
00000185e650
000001e75fe4
00000248d978
000002aa530c
0000030bcca0
0000036d4634
000003cebfc8
00000430395c
00000491b2f0
000004f32c84
00000554a618
000005b61fac
000006179940
0000067912d4
000006da8c68
0000073c05fc
0000079d7f90
000007fef924
0000086072b8
000008c1ec4c
0000092365e0
00000984df74
000009e65908
00000a47d29c
00000aa94c30
00000b0ac5c4
00000b6c3f58
00000bcdb8ec
00000c2f3280
00000c90ac14
00000cf225a8
00000d539f3c
00000db518d0
00000e169264
00000e780bf8
00000ed9858c
00000f3aff20
00000f9c78b4
00000ffdf248
0000105f6bdc
000010c0e570
000011225f04
00001183d898
000011e5522c
00001246cbc0
000012a84554
00001309bee8
0000136b387c
000013ccb210
0000142e2ba4
0000148fa538
000014f11ecc
000015529860
000015b411f4
000016158b88
00001677051c
000016d87eb0
00001739f844
0000179b71d8
000017fceb6c
0000185e6500
000018bfde94
000019215828
00001982d1bc
000019e44b50
00001a45c4e4
00001aa73e78
00001b08b80c
00001b6a31a0
00001bcbab34
00001c2d24c8
00001c8e9e5c
00001cf017f0
00001d519184
00001db30b18
00001e1484ac
00001e75fe40
00001ed777d4
00001f38f168
00001f9a6afc
00001ffbe490
0000205d5e24
000020bed7b8
00002120514c
00002181cae0
000021e34474
00002244be08
000022a6379c
00002307b130
000023692ac4
000023caa458
0000242c1dec
0000248d9780
000024ef1114
000025508aa8
000025b2043c
000026137dd0
00002674f764
000026d670f8
00002737ea8c
000027996420
000027faddb4
0000285c5748
000028bdd0dc
0000291f4a70
00002980c404
000029e23d98
00002a43b72c
00002aa530c0
00002b06aa54
00002b6823e8
00002bc99d7c
00002c2b1710
00002c8c90a4
00002cee0a38
00002d4f83cc
00002db0fd60
00002e1276f4
00002e73f088
00002ed56a1c
00002f36e3b0
00002f985d44
00002ff9d6d8
0000305b506c
ffffcf433600
ffffcfa4af94
ffffd0062928
ffffd067a2bc
ffffd0c91c50
ffffd12a95e4
ffffd18c0f78
ffffd1ed890c
ffffd24f02a0
ffffd2b07c34
ffffd311f5c8
ffffd3736f5c
ffffd3d4e8f0
ffffd4366284
ffffd497dc18
ffffd4f955ac
ffffd55acf40
ffffd5bc48d4
ffffd61dc268
ffffd67f3bfc
ffffd6e0b590
ffffd7422f24
ffffd7a3a8b8
ffffd805224c
ffffd8669be0
ffffd8c81574
ffffd9298f08
ffffd98b089c
ffffd9ec8230
ffffda4dfbc4
ffffdaaf7558
ffffdb10eeec
ffffdb726880
ffffdbd3e214
ffffdc355ba8
ffffdc96d53c
ffffdcf84ed0
ffffdd59c864
ffffddbb41f8
ffffde1cbb8c
ffffde7e3520
ffffdedfaeb4
ffffdf412848
ffffdfa2a1dc
ffffe0041b70
ffffe0659504
ffffe0c70e98
ffffe128882c
ffffe18a01c0
ffffe1eb7b54
ffffe24cf4e8
ffffe2ae6e7c
ffffe30fe810
ffffe37161a4
ffffe3d2db38
ffffe43454cc
ffffe495ce60
ffffe4f747f4
ffffe558c188
ffffe5ba3b1c
ffffe61bb4b0
ffffe67d2e44
ffffe6dea7d8
ffffe740216c
ffffe7a19b00
ffffe8031494
ffffe8648e28
ffffe8c607bc
ffffe9278150
ffffe988fae4
ffffe9ea7478
ffffea4bee0c
ffffeaad67a0
ffffeb0ee134
ffffeb705ac8
ffffebd1d45c
ffffec334df0
ffffec94c784
ffffecf64118
ffffed57baac
ffffedb93440
ffffee1aadd4
ffffee7c2768
ffffeedda0fc
ffffef3f1a90
ffffefa09424
fffff0020db8
fffff063874c
fffff0c500e0
fffff1267a74
fffff187f408
fffff1e96d9c
fffff24ae730
fffff2ac60c4
fffff30dda58
fffff36f53ec
fffff3d0cd80
fffff4324714
fffff493c0a8
fffff4f53a3c
fffff556b3d0
fffff5b82d64
fffff619a6f8
fffff67b208c
fffff6dc9a20
fffff73e13b4
fffff79f8d48
fffff80106dc
fffff8628070
fffff8c3fa04
fffff9257398
fffff986ed2c
fffff9e866c0
fffffa49e054
fffffaab59e8
fffffb0cd37c
fffffb6e4d10
fffffbcfc6a4
fffffc314038
fffffc92b9cc
fffffcf43360
fffffd55acf4
fffffdb72688
fffffe18a01c
fffffe7a19b0
fffffedb9344
ffffff3d0cd8
ffffff9e866c
000000000000
00000074f84b
000000e9f096
0000015ee8e1
000001d3e12c
00000248d977
000002bdd1c2
00000332ca0d
000003a7c258
0000041cbaa3
00000491b2ee
00000506ab39
0000057ba384
000005f09bcf
00000665941a
000006da8c65
0000074f84b0
000007c47cfb
000008397546
000008ae6d91
0000092365dc
000009985e27
00000a0d5672
00000a824ebd
00000af74708
00000b6c3f53
00000be1379e
00000c562fe9
00000ccb2834
00000d40207f
00000db518ca
00000e2a1115
00000e9f0960
00000f1401ab
00000f88f9f6
00000ffdf241
00001072ea8c
000010e7e2d7
0000115cdb22
000011d1d36d
00001246cbb8
000012bbc403
00001330bc4e
000013a5b499
0000141aace4
0000148fa52f
000015049d7a
0000157995c5
000015ee8e10
00001663865b
000016d87ea6
0000174d76f1
000017c26f3c
000018376787
000018ac5fd2
00001921581d
000019965068
00001a0b48b3
00001a8040fe
00001af53949
00001b6a3194
00001bdf29df
00001c54222a
00001cc91a75
00001d3e12c0
00001db30b0b
00001e280356
00001e9cfba1
00001f11f3ec
00001f86ec37
00001ffbe482
00002070dccd
000020e5d518
0000215acd63
000021cfc5ae
00002244bdf9
000022b9b644
0000232eae8f
000023a3a6da
000024189f25
0000248d9770
000025028fbb
000025778806
000025ec8051
00002661789c
000026d670e7
0000274b6932
000027c0617d
0000283559c8
000028aa5213
0000291f4a5e
0000299442a9
00002a093af4
00002a7e333f
00002af32b8a
00002b6823d5
00002bdd1c20
00002c52146b
00002cc70cb6
00002d3c0501
00002db0fd4c
00002e25f597
00002e9aede2
00002f0fe62d
00002f84de78
00002ff9d6c3
0000306ecf0e
000030e3c759
00003158bfa4
000031cdb7ef
00003242b03a
000032b7a885
0000332ca0d0
000033a1991b
000034169166
0000348b89b1
0000350081fc
000035757a47
000035ea7292
0000365f6add
000036d46328
000037495b73
000037be53be
000038334c09
000038a84454
0000391d3c9f
0000399234ea
00003a072d35
ffffc583da80
ffffc5f8d2cb
ffffc66dcb16
ffffc6e2c361
ffffc757bbac
ffffc7ccb3f7
ffffc841ac42
ffffc8b6a48d
ffffc92b9cd8
ffffc9a09523
ffffca158d6e
ffffca8a85b9
ffffcaff7e04
ffffcb74764f
ffffcbe96e9a
ffffcc5e66e5
ffffccd35f30
ffffcd48577b
ffffcdbd4fc6
ffffce324811
ffffcea7405c
ffffcf1c38a7
ffffcf9130f2
ffffd006293d
ffffd07b2188
ffffd0f019d3
ffffd165121e
ffffd1da0a69
ffffd24f02b4
ffffd2c3faff
ffffd338f34a
ffffd3adeb95
ffffd422e3e0
ffffd497dc2b
ffffd50cd476
ffffd581ccc1
ffffd5f6c50c
ffffd66bbd57
ffffd6e0b5a2
ffffd755aded
ffffd7caa638
ffffd83f9e83
ffffd8b496ce
ffffd9298f19
ffffd99e8764
ffffda137faf
ffffda8877fa
ffffdafd7045
ffffdb726890
ffffdbe760db
ffffdc5c5926
ffffdcd15171
ffffdd4649bc
ffffddbb4207
ffffde303a52
ffffdea5329d
ffffdf1a2ae8
ffffdf8f2333
ffffe0041b7e
ffffe07913c9
ffffe0ee0c14
ffffe163045f
ffffe1d7fcaa
ffffe24cf4f5
ffffe2c1ed40
ffffe336e58b
ffffe3abddd6
ffffe420d621
ffffe495ce6c
ffffe50ac6b7
ffffe57fbf02
ffffe5f4b74d
ffffe669af98
ffffe6dea7e3
ffffe753a02e
ffffe7c89879
ffffe83d90c4
ffffe8b2890f
ffffe927815a
ffffe99c79a5
ffffea1171f0
ffffea866a3b
ffffeafb6286
ffffeb705ad1
ffffebe5531c
ffffec5a4b67
ffffeccf43b2
ffffed443bfd
ffffedb93448
ffffee2e2c93
ffffeea324de
ffffef181d29
ffffef8d1574
fffff0020dbf
fffff077060a
fffff0ebfe55
fffff160f6a0
fffff1d5eeeb
fffff24ae736
fffff2bfdf81
fffff334d7cc
fffff3a9d017
fffff41ec862
fffff493c0ad
fffff508b8f8
fffff57db143
fffff5f2a98e
fffff667a1d9
fffff6dc9a24
fffff751926f
fffff7c68aba
fffff83b8305
fffff8b07b50
fffff925739b
fffff99a6be6
fffffa0f6431
fffffa845c7c
fffffaf954c7
fffffb6e4d12
fffffbe3455d
fffffc583da8
fffffccd35f3
fffffd422e3e
fffffdb72689
fffffe2c1ed4
fffffea1171f
ffffff160f6a
ffffff8b07b5
000000000000
00000074f84b
000000e9f096
0000015ee8e1
000001d3e12c
00000248d977
000002bdd1c2
00000332ca0d
000003a7c258
0000041cbaa3
00000491b2ee
00000506ab39
0000057ba384
000005f09bcf
00000665941a
000006da8c65
0000074f84b0
000007c47cfb
000008397546
000008ae6d91
0000092365dc
000009985e27
00000a0d5672
00000a824ebd
00000af74708
00000b6c3f53
00000be1379e
00000c562fe9
00000ccb2834
00000d40207f
00000db518ca
00000e2a1115
00000e9f0960
00000f1401ab
00000f88f9f6
00000ffdf241
00001072ea8c
000010e7e2d7
0000115cdb22
000011d1d36d
00001246cbb8
000012bbc403
00001330bc4e
000013a5b499
0000141aace4
0000148fa52f
000015049d7a
0000157995c5
000015ee8e10
00001663865b
000016d87ea6
0000174d76f1
000017c26f3c
000018376787
000018ac5fd2
00001921581d
000019965068
00001a0b48b3
00001a8040fe
00001af53949
00001b6a3194
00001bdf29df
00001c54222a
00001cc91a75
00001d3e12c0
00001db30b0b
00001e280356
00001e9cfba1
00001f11f3ec
00001f86ec37
00001ffbe482
00002070dccd
000020e5d518
0000215acd63
000021cfc5ae
00002244bdf9
000022b9b644
0000232eae8f
000023a3a6da
000024189f25
0000248d9770
000025028fbb
000025778806
000025ec8051
00002661789c
000026d670e7
0000274b6932
000027c0617d
0000283559c8
000028aa5213
0000291f4a5e
0000299442a9
00002a093af4
00002a7e333f
00002af32b8a
00002b6823d5
00002bdd1c20
00002c52146b
00002cc70cb6
00002d3c0501
00002db0fd4c
00002e25f597
00002e9aede2
00002f0fe62d
00002f84de78
00002ff9d6c3
0000306ecf0e
000030e3c759
00003158bfa4
000031cdb7ef
00003242b03a
000032b7a885
0000332ca0d0
000033a1991b
000034169166
0000348b89b1
0000350081fc
000035757a47
000035ea7292
0000365f6add
000036d46328
000037495b73
000037be53be
000038334c09
000038a84454
0000391d3c9f
0000399234ea
00003a072d35
ffffc583da80
ffffc5f8d2cb
ffffc66dcb16
ffffc6e2c361
ffffc757bbac
ffffc7ccb3f7
ffffc841ac42
ffffc8b6a48d
ffffc92b9cd8
ffffc9a09523
ffffca158d6e
ffffca8a85b9
ffffcaff7e04
ffffcb74764f
ffffcbe96e9a
ffffcc5e66e5
ffffccd35f30
ffffcd48577b
ffffcdbd4fc6
ffffce324811
ffffcea7405c
ffffcf1c38a7
ffffcf9130f2
ffffd006293d
ffffd07b2188
ffffd0f019d3
ffffd165121e
ffffd1da0a69
ffffd24f02b4
ffffd2c3faff
ffffd338f34a
ffffd3adeb95
ffffd422e3e0
ffffd497dc2b
ffffd50cd476
ffffd581ccc1
ffffd5f6c50c
ffffd66bbd57
ffffd6e0b5a2
ffffd755aded
ffffd7caa638
ffffd83f9e83
ffffd8b496ce
ffffd9298f19
ffffd99e8764
ffffda137faf
ffffda8877fa
ffffdafd7045
ffffdb726890
ffffdbe760db
ffffdc5c5926
ffffdcd15171
ffffdd4649bc
ffffddbb4207
ffffde303a52
ffffdea5329d
ffffdf1a2ae8
ffffdf8f2333
ffffe0041b7e
ffffe07913c9
ffffe0ee0c14
ffffe163045f
ffffe1d7fcaa
ffffe24cf4f5
ffffe2c1ed40
ffffe336e58b
ffffe3abddd6
ffffe420d621
ffffe495ce6c
ffffe50ac6b7
ffffe57fbf02
ffffe5f4b74d
ffffe669af98
ffffe6dea7e3
ffffe753a02e
ffffe7c89879
ffffe83d90c4
ffffe8b2890f
ffffe927815a
ffffe99c79a5
ffffea1171f0
ffffea866a3b
ffffeafb6286
ffffeb705ad1
ffffebe5531c
ffffec5a4b67
ffffeccf43b2
ffffed443bfd
ffffedb93448
ffffee2e2c93
ffffeea324de
ffffef181d29
ffffef8d1574
fffff0020dbf
fffff077060a
fffff0ebfe55
fffff160f6a0
fffff1d5eeeb
fffff24ae736
fffff2bfdf81
fffff334d7cc
fffff3a9d017
fffff41ec862
fffff493c0ad
fffff508b8f8
fffff57db143
fffff5f2a98e
fffff667a1d9
fffff6dc9a24
fffff751926f
fffff7c68aba
fffff83b8305
fffff8b07b50
fffff925739b
fffff99a6be6
fffffa0f6431
fffffa845c7c
fffffaf954c7
fffffb6e4d12
fffffbe3455d
fffffc583da8
fffffccd35f3
fffffd422e3e
fffffdb72689
fffffe2c1ed4
fffffea1171f
ffffff160f6a
ffffff8b07b5
000000000000
00000074f84b
000000e9f096
0000015ee8e1
000001d3e12c
00000248d977
000002bdd1c2
00000332ca0d
000003a7c258
0000041cbaa3
00000491b2ee
00000506ab39
0000057ba384
000005f09bcf
00000665941a
000006da8c65
0000074f84b0
000007c47cfb
000008397546
000008ae6d91
0000092365dc
000009985e27
00000a0d5672
00000a824ebd
00000af74708
00000b6c3f53
00000be1379e
00000c562fe9
00000ccb2834
00000d40207f
00000db518ca
00000e2a1115
00000e9f0960
00000f1401ab
00000f88f9f6
00000ffdf241
00001072ea8c
000010e7e2d7
0000115cdb22
000011d1d36d
00001246cbb8
000012bbc403
00001330bc4e
000013a5b499
0000141aace4
0000148fa52f
000015049d7a
0000157995c5
000015ee8e10
00001663865b
000016d87ea6
0000174d76f1
000017c26f3c
000018376787
000018ac5fd2
00001921581d
000019965068
00001a0b48b3
00001a8040fe
00001af53949
00001b6a3194
00001bdf29df
00001c54222a
00001cc91a75
00001d3e12c0
00001db30b0b
00001e280356
00001e9cfba1
00001f11f3ec
00001f86ec37
00001ffbe482
00002070dccd
000020e5d518
0000215acd63
000021cfc5ae
00002244bdf9
000022b9b644
0000232eae8f
000023a3a6da
000024189f25
0000248d9770
000025028fbb
000025778806
000025ec8051
00002661789c
000026d670e7
0000274b6932
000027c0617d
0000283559c8
000028aa5213
0000291f4a5e
0000299442a9
00002a093af4
00002a7e333f
00002af32b8a
00002b6823d5
00002bdd1c20
00002c52146b
00002cc70cb6
00002d3c0501
00002db0fd4c
00002e25f597
00002e9aede2
00002f0fe62d
00002f84de78
00002ff9d6c3
0000306ecf0e
000030e3c759
00003158bfa4
000031cdb7ef
00003242b03a
000032b7a885
0000332ca0d0
000033a1991b
000034169166
0000348b89b1
0000350081fc
000035757a47
000035ea7292
0000365f6add
000036d46328
000037495b73
000037be53be
000038334c09
000038a84454
0000391d3c9f
0000399234ea
00003a072d35
ffffc583da80
ffffc5f8d2cb
ffffc66dcb16
ffffc6e2c361
ffffc757bbac
ffffc7ccb3f7
ffffc841ac42
ffffc8b6a48d
ffffc92b9cd8
ffffc9a09523
ffffca158d6e
ffffca8a85b9
ffffcaff7e04
ffffcb74764f
ffffcbe96e9a
ffffcc5e66e5
ffffccd35f30
ffffcd48577b
ffffcdbd4fc6
ffffce324811
ffffcea7405c
ffffcf1c38a7
ffffcf9130f2
ffffd006293d
ffffd07b2188
ffffd0f019d3
ffffd165121e
ffffd1da0a69
ffffd24f02b4
ffffd2c3faff
ffffd338f34a
ffffd3adeb95
ffffd422e3e0
ffffd497dc2b
ffffd50cd476
ffffd581ccc1
ffffd5f6c50c
ffffd66bbd57
ffffd6e0b5a2
ffffd755aded
ffffd7caa638
ffffd83f9e83
ffffd8b496ce
ffffd9298f19
ffffd99e8764
ffffda137faf
ffffda8877fa
ffffdafd7045
ffffdb726890
ffffdbe760db
ffffdc5c5926
ffffdcd15171
ffffdd4649bc
ffffddbb4207
ffffde303a52
ffffdea5329d
ffffdf1a2ae8
ffffdf8f2333
ffffe0041b7e
ffffe07913c9
ffffe0ee0c14
ffffe163045f
ffffe1d7fcaa
ffffe24cf4f5
ffffe2c1ed40
ffffe336e58b
ffffe3abddd6
ffffe420d621
ffffe495ce6c
ffffe50ac6b7
ffffe57fbf02
ffffe5f4b74d
ffffe669af98
ffffe6dea7e3
ffffe753a02e
ffffe7c89879
ffffe83d90c4
ffffe8b2890f
ffffe927815a
ffffe99c79a5
ffffea1171f0
ffffea866a3b
ffffeafb6286
ffffeb705ad1
ffffebe5531c
ffffec5a4b67
ffffeccf43b2
ffffed443bfd
ffffedb93448
ffffee2e2c93
ffffeea324de
ffffef181d29
ffffef8d1574
fffff0020dbf
fffff077060a
fffff0ebfe55
fffff160f6a0
fffff1d5eeeb
fffff24ae736
fffff2bfdf81
fffff334d7cc
fffff3a9d017
fffff41ec862
fffff493c0ad
fffff508b8f8
fffff57db143
fffff5f2a98e
fffff667a1d9
fffff6dc9a24
fffff751926f
fffff7c68aba
fffff83b8305
fffff8b07b50
fffff925739b
fffff99a6be6
fffffa0f6431
fffffa845c7c
fffffaf954c7
fffffb6e4d12
fffffbe3455d
fffffc583da8
fffffccd35f3
fffffd422e3e
fffffdb72689
fffffe2c1ed4
fffffea1171f
ffffff160f6a
ffffff8b07b5
000000000000
00000074f84b
000000e9f096
0000015ee8e1
000001d3e12c
00000248d977
000002bdd1c2
00000332ca0d
000003a7c258
0000041cbaa3
00000491b2ee
00000506ab39
0000057ba384
000005f09bcf
00000665941a
000006da8c65
0000074f84b0
000007c47cfb
000008397546
000008ae6d91
0000092365dc
000009985e27
00000a0d5672
00000a824ebd
00000af74708
00000b6c3f53
00000be1379e
00000c562fe9
00000ccb2834
00000d40207f
00000db518ca
00000e2a1115
00000e9f0960
00000f1401ab
00000f88f9f6
00000ffdf241
00001072ea8c
000010e7e2d7
0000115cdb22
000011d1d36d
00001246cbb8
000012bbc403
00001330bc4e
000013a5b499
0000141aace4
0000148fa52f
000015049d7a
0000157995c5
000015ee8e10
00001663865b
000016d87ea6
0000174d76f1
000017c26f3c
000018376787
000018ac5fd2
00001921581d
000019965068
00001a0b48b3
00001a8040fe
00001af53949
00001b6a3194
00001bdf29df
00001c54222a
00001cc91a75
00001d3e12c0
00001db30b0b
00001e280356
00001e9cfba1
00001f11f3ec
00001f86ec37
00001ffbe482
00002070dccd
000020e5d518
0000215acd63
000021cfc5ae
00002244bdf9
000022b9b644
0000232eae8f
000023a3a6da
000024189f25
0000248d9770
000025028fbb
000025778806
000025ec8051
00002661789c
000026d670e7
0000274b6932
000027c0617d
0000283559c8
000028aa5213
0000291f4a5e
0000299442a9
00002a093af4
00002a7e333f
00002af32b8a
00002b6823d5
00002bdd1c20
00002c52146b
00002cc70cb6
00002d3c0501
00002db0fd4c
00002e25f597
00002e9aede2
00002f0fe62d
00002f84de78
00002ff9d6c3
0000306ecf0e
000030e3c759
00003158bfa4
000031cdb7ef
00003242b03a
000032b7a885
0000332ca0d0
000033a1991b
000034169166
0000348b89b1
0000350081fc
000035757a47
000035ea7292
0000365f6add
000036d46328
000037495b73
000037be53be
000038334c09
000038a84454
0000391d3c9f
0000399234ea
00003a072d35
ffffc583da80
ffffc5f8d2cb
ffffc66dcb16
ffffc6e2c361
ffffc757bbac
ffffc7ccb3f7
ffffc841ac42
ffffc8b6a48d
ffffc92b9cd8
ffffc9a09523
ffffca158d6e
ffffca8a85b9
ffffcaff7e04
ffffcb74764f
ffffcbe96e9a
ffffcc5e66e5
ffffccd35f30
ffffcd48577b
ffffcdbd4fc6
ffffce324811
ffffcea7405c
ffffcf1c38a7
ffffcf9130f2
ffffd006293d
ffffd07b2188
ffffd0f019d3
ffffd165121e
ffffd1da0a69
ffffd24f02b4
ffffd2c3faff
ffffd338f34a
ffffd3adeb95
ffffd422e3e0
ffffd497dc2b
ffffd50cd476
ffffd581ccc1
ffffd5f6c50c
ffffd66bbd57
ffffd6e0b5a2
ffffd755aded
ffffd7caa638
ffffd83f9e83
ffffd8b496ce
ffffd9298f19
ffffd99e8764
ffffda137faf
ffffda8877fa
ffffdafd7045
ffffdb726890
ffffdbe760db
ffffdc5c5926
ffffdcd15171
ffffdd4649bc
ffffddbb4207
ffffde303a52
ffffdea5329d
ffffdf1a2ae8
ffffdf8f2333
ffffe0041b7e
ffffe07913c9
ffffe0ee0c14
ffffe163045f
ffffe1d7fcaa
ffffe24cf4f5
ffffe2c1ed40
ffffe336e58b
ffffe3abddd6
ffffe420d621
ffffe495ce6c
ffffe50ac6b7
ffffe57fbf02
ffffe5f4b74d
ffffe669af98
ffffe6dea7e3
ffffe753a02e
ffffe7c89879
ffffe83d90c4
ffffe8b2890f
ffffe927815a
ffffe99c79a5
ffffea1171f0
ffffea866a3b
ffffeafb6286
ffffeb705ad1
ffffebe5531c
ffffec5a4b67
ffffeccf43b2
ffffed443bfd
ffffedb93448
ffffee2e2c93
ffffeea324de
ffffef181d29
ffffef8d1574
fffff0020dbf
fffff077060a
fffff0ebfe55
fffff160f6a0
fffff1d5eeeb
fffff24ae736
fffff2bfdf81
fffff334d7cc
fffff3a9d017
fffff41ec862
fffff493c0ad
fffff508b8f8
fffff57db143
fffff5f2a98e
fffff667a1d9
fffff6dc9a24
fffff751926f
fffff7c68aba
fffff83b8305
fffff8b07b50
fffff925739b
fffff99a6be6
fffffa0f6431
fffffa845c7c
fffffaf954c7
fffffb6e4d12
fffffbe3455d
fffffc583da8
fffffccd35f3
fffffd422e3e
fffffdb72689
fffffe2c1ed4
fffffea1171f
ffffff160f6a
ffffff8b07b5
000000000000
00000074f84b
000000e9f096
0000015ee8e1
000001d3e12c
00000248d977
000002bdd1c2
00000332ca0d
000003a7c258
0000041cbaa3
00000491b2ee
00000506ab39
0000057ba384
000005f09bcf
00000665941a
000006da8c65
0000074f84b0
000007c47cfb
000008397546
000008ae6d91
0000092365dc
000009985e27
00000a0d5672
00000a824ebd
00000af74708
00000b6c3f53
00000be1379e
00000c562fe9
00000ccb2834
00000d40207f
00000db518ca
00000e2a1115
00000e9f0960
00000f1401ab
00000f88f9f6
00000ffdf241
00001072ea8c
000010e7e2d7
0000115cdb22
000011d1d36d
00001246cbb8
000012bbc403
00001330bc4e
000013a5b499
0000141aace4
0000148fa52f
000015049d7a
0000157995c5
000015ee8e10
00001663865b
000016d87ea6
0000174d76f1
000017c26f3c
000018376787
000018ac5fd2
00001921581d
000019965068
00001a0b48b3
00001a8040fe
00001af53949
00001b6a3194
00001bdf29df
00001c54222a
00001cc91a75
00001d3e12c0
00001db30b0b
00001e280356
00001e9cfba1
00001f11f3ec
00001f86ec37
00001ffbe482
00002070dccd
000020e5d518
0000215acd63
000021cfc5ae
00002244bdf9
000022b9b644
0000232eae8f
000023a3a6da
000024189f25
0000248d9770
000025028fbb
000025778806
000025ec8051
00002661789c
000026d670e7
0000274b6932
000027c0617d
0000283559c8
000028aa5213
0000291f4a5e
0000299442a9
00002a093af4
00002a7e333f
00002af32b8a
00002b6823d5
00002bdd1c20
00002c52146b
00002cc70cb6
00002d3c0501
00002db0fd4c
00002e25f597
00002e9aede2
00002f0fe62d
00002f84de78
00002ff9d6c3
0000306ecf0e
000030e3c759
00003158bfa4
000031cdb7ef
00003242b03a
000032b7a885
0000332ca0d0
000033a1991b
000034169166
0000348b89b1
0000350081fc
000035757a47
000035ea7292
0000365f6add
000036d46328
000037495b73
000037be53be
000038334c09
000038a84454
0000391d3c9f
0000399234ea
00003a072d35
ffffc583da80
ffffc5f8d2cb
ffffc66dcb16
ffffc6e2c361
ffffc757bbac
ffffc7ccb3f7
ffffc841ac42
ffffc8b6a48d
ffffc92b9cd8
ffffc9a09523
ffffca158d6e
ffffca8a85b9
ffffcaff7e04
ffffcb74764f
ffffcbe96e9a
ffffcc5e66e5
ffffccd35f30
ffffcd48577b
ffffcdbd4fc6
ffffce324811
ffffcea7405c
ffffcf1c38a7
ffffcf9130f2
ffffd006293d
ffffd07b2188
ffffd0f019d3
ffffd165121e
ffffd1da0a69
ffffd24f02b4
ffffd2c3faff
ffffd338f34a
ffffd3adeb95
ffffd422e3e0
ffffd497dc2b
ffffd50cd476
ffffd581ccc1
ffffd5f6c50c
ffffd66bbd57
ffffd6e0b5a2
ffffd755aded
ffffd7caa638
ffffd83f9e83
ffffd8b496ce
ffffd9298f19
ffffd99e8764
ffffda137faf
ffffda8877fa
ffffdafd7045
ffffdb726890
ffffdbe760db
ffffdc5c5926
ffffdcd15171
ffffdd4649bc
ffffddbb4207
ffffde303a52
ffffdea5329d
ffffdf1a2ae8
ffffdf8f2333
ffffe0041b7e
ffffe07913c9
ffffe0ee0c14
ffffe163045f
ffffe1d7fcaa
ffffe24cf4f5
ffffe2c1ed40
ffffe336e58b
ffffe3abddd6
ffffe420d621
ffffe495ce6c
ffffe50ac6b7
ffffe57fbf02
ffffe5f4b74d
ffffe669af98
ffffe6dea7e3
ffffe753a02e
ffffe7c89879
ffffe83d90c4
ffffe8b2890f
ffffe927815a
ffffe99c79a5
ffffea1171f0
ffffea866a3b
ffffeafb6286
ffffeb705ad1
ffffebe5531c
ffffec5a4b67
ffffeccf43b2
ffffed443bfd
ffffedb93448
ffffee2e2c93
ffffeea324de
ffffef181d29
ffffef8d1574
fffff0020dbf
fffff077060a
fffff0ebfe55
fffff160f6a0
fffff1d5eeeb
fffff24ae736
fffff2bfdf81
fffff334d7cc
fffff3a9d017
fffff41ec862
fffff493c0ad
fffff508b8f8
fffff57db143
fffff5f2a98e
fffff667a1d9
fffff6dc9a24
fffff751926f
fffff7c68aba
fffff83b8305
fffff8b07b50
fffff925739b
fffff99a6be6
fffffa0f6431
fffffa845c7c
fffffaf954c7
fffffb6e4d12
fffffbe3455d
fffffc583da8
fffffccd35f3
fffffd422e3e
fffffdb72689
fffffe2c1ed4
fffffea1171f
ffffff160f6a
ffffff8b07b5
000000000000
00000074f84b
000000e9f096
0000015ee8e1
000001d3e12c
00000248d977
000002bdd1c2
00000332ca0d
000003a7c258
0000041cbaa3
00000491b2ee
00000506ab39
0000057ba384
000005f09bcf
00000665941a
000006da8c65
0000074f84b0
000007c47cfb
000008397546
000008ae6d91
0000092365dc
000009985e27
00000a0d5672
00000a824ebd
00000af74708
00000b6c3f53
00000be1379e
00000c562fe9
00000ccb2834
00000d40207f
00000db518ca
00000e2a1115
00000e9f0960
00000f1401ab
00000f88f9f6
00000ffdf241
00001072ea8c
000010e7e2d7
0000115cdb22
000011d1d36d
00001246cbb8
000012bbc403
00001330bc4e
000013a5b499
0000141aace4
0000148fa52f
000015049d7a
0000157995c5
000015ee8e10
00001663865b
000016d87ea6
0000174d76f1
000017c26f3c
000018376787
000018ac5fd2
00001921581d
000019965068
00001a0b48b3
00001a8040fe
00001af53949
00001b6a3194
00001bdf29df
00001c54222a
00001cc91a75
00001d3e12c0
00001db30b0b
00001e280356
00001e9cfba1
00001f11f3ec
00001f86ec37
00001ffbe482
00002070dccd
000020e5d518
0000215acd63
000021cfc5ae
00002244bdf9
000022b9b644
0000232eae8f
000023a3a6da
000024189f25
0000248d9770
000025028fbb
000025778806
000025ec8051
00002661789c
000026d670e7
0000274b6932
000027c0617d
0000283559c8
000028aa5213
0000291f4a5e
0000299442a9
00002a093af4
00002a7e333f
00002af32b8a
00002b6823d5
00002bdd1c20
00002c52146b
00002cc70cb6
00002d3c0501
00002db0fd4c
00002e25f597
00002e9aede2
00002f0fe62d
00002f84de78
00002ff9d6c3
0000306ecf0e
000030e3c759
00003158bfa4
000031cdb7ef
00003242b03a
000032b7a885
0000332ca0d0
000033a1991b
000034169166
0000348b89b1
0000350081fc
000035757a47
000035ea7292
0000365f6add
000036d46328
000037495b73
000037be53be
000038334c09
000038a84454
0000391d3c9f
0000399234ea
00003a072d35
ffffc583da80
ffffc5f8d2cb
ffffc66dcb16
ffffc6e2c361
ffffc757bbac
ffffc7ccb3f7
ffffc841ac42
ffffc8b6a48d
ffffc92b9cd8
ffffc9a09523
ffffca158d6e
ffffca8a85b9
ffffcaff7e04
ffffcb74764f
ffffcbe96e9a
ffffcc5e66e5
ffffccd35f30
ffffcd48577b
ffffcdbd4fc6
ffffce324811
ffffcea7405c
ffffcf1c38a7
ffffcf9130f2
ffffd006293d
ffffd07b2188
ffffd0f019d3
ffffd165121e
ffffd1da0a69
ffffd24f02b4
ffffd2c3faff
ffffd338f34a
ffffd3adeb95
ffffd422e3e0
ffffd497dc2b
ffffd50cd476
ffffd581ccc1
ffffd5f6c50c
ffffd66bbd57
ffffd6e0b5a2
ffffd755aded
ffffd7caa638
ffffd83f9e83
ffffd8b496ce
ffffd9298f19
ffffd99e8764
ffffda137faf
ffffda8877fa
ffffdafd7045
ffffdb726890
ffffdbe760db
ffffdc5c5926
ffffdcd15171
ffffdd4649bc
ffffddbb4207
ffffde303a52
ffffdea5329d
ffffdf1a2ae8
ffffdf8f2333
ffffe0041b7e
ffffe07913c9
ffffe0ee0c14
ffffe163045f
ffffe1d7fcaa
ffffe24cf4f5
ffffe2c1ed40
ffffe336e58b
ffffe3abddd6
ffffe420d621
ffffe495ce6c
ffffe50ac6b7
ffffe57fbf02
ffffe5f4b74d
ffffe669af98
ffffe6dea7e3
ffffe753a02e
ffffe7c89879
ffffe83d90c4
ffffe8b2890f
ffffe927815a
ffffe99c79a5
ffffea1171f0
ffffea866a3b
ffffeafb6286
ffffeb705ad1
ffffebe5531c
ffffec5a4b67
ffffeccf43b2
ffffed443bfd
ffffedb93448
ffffee2e2c93
ffffeea324de
ffffef181d29
ffffef8d1574
fffff0020dbf
fffff077060a
fffff0ebfe55
fffff160f6a0
fffff1d5eeeb
fffff24ae736
fffff2bfdf81
fffff334d7cc
fffff3a9d017
fffff41ec862
fffff493c0ad
fffff508b8f8
fffff57db143
fffff5f2a98e
fffff667a1d9
fffff6dc9a24
fffff751926f
fffff7c68aba
fffff83b8305
fffff8b07b50
fffff925739b
fffff99a6be6
fffffa0f6431
fffffa845c7c
fffffaf954c7
fffffb6e4d12
fffffbe3455d
fffffc583da8
fffffccd35f3
fffffd422e3e
fffffdb72689
fffffe2c1ed4
fffffea1171f
ffffff160f6a
ffffff8b07b5
000000000000
00000074f84b
000000e9f096
0000015ee8e1
000001d3e12c
00000248d977
000002bdd1c2
00000332ca0d
000003a7c258
0000041cbaa3
00000491b2ee
00000506ab39
0000057ba384
000005f09bcf
00000665941a
000006da8c65
0000074f84b0
000007c47cfb
000008397546
000008ae6d91
0000092365dc
000009985e27
00000a0d5672
00000a824ebd
00000af74708
00000b6c3f53
00000be1379e
00000c562fe9
00000ccb2834
00000d40207f
00000db518ca
00000e2a1115
00000e9f0960
00000f1401ab
00000f88f9f6
00000ffdf241
00001072ea8c
000010e7e2d7
0000115cdb22
000011d1d36d
00001246cbb8
000012bbc403
00001330bc4e
000013a5b499
0000141aace4
0000148fa52f
000015049d7a
0000157995c5
000015ee8e10
00001663865b
000016d87ea6
0000174d76f1
000017c26f3c
000018376787
000018ac5fd2
00001921581d
000019965068
00001a0b48b3
00001a8040fe
00001af53949
00001b6a3194
00001bdf29df
00001c54222a
00001cc91a75
00001d3e12c0
00001db30b0b
00001e280356
00001e9cfba1
00001f11f3ec
00001f86ec37
00001ffbe482
00002070dccd
000020e5d518
0000215acd63
000021cfc5ae
00002244bdf9
000022b9b644
0000232eae8f
000023a3a6da
000024189f25
0000248d9770
000025028fbb
000025778806
000025ec8051
00002661789c
000026d670e7
0000274b6932
000027c0617d
0000283559c8
000028aa5213
0000291f4a5e
0000299442a9
00002a093af4
00002a7e333f
00002af32b8a
00002b6823d5
00002bdd1c20
00002c52146b
00002cc70cb6
00002d3c0501
00002db0fd4c
00002e25f597
00002e9aede2
00002f0fe62d
00002f84de78
00002ff9d6c3
0000306ecf0e
000030e3c759
00003158bfa4
000031cdb7ef
00003242b03a
000032b7a885
0000332ca0d0
000033a1991b
000034169166
0000348b89b1
0000350081fc
000035757a47
000035ea7292
0000365f6add
000036d46328
000037495b73
000037be53be
000038334c09
000038a84454
0000391d3c9f
0000399234ea
00003a072d35
ffffc583da80
ffffc5f8d2cb
ffffc66dcb16
ffffc6e2c361
ffffc757bbac
ffffc7ccb3f7
ffffc841ac42
ffffc8b6a48d
ffffc92b9cd8
ffffc9a09523
ffffca158d6e
ffffca8a85b9
ffffcaff7e04
ffffcb74764f
ffffcbe96e9a
ffffcc5e66e5
ffffccd35f30
ffffcd48577b
ffffcdbd4fc6
ffffce324811
ffffcea7405c
ffffcf1c38a7
ffffcf9130f2
ffffd006293d
ffffd07b2188
ffffd0f019d3
ffffd165121e
ffffd1da0a69
ffffd24f02b4
ffffd2c3faff
ffffd338f34a
ffffd3adeb95
ffffd422e3e0
ffffd497dc2b
ffffd50cd476
ffffd581ccc1
ffffd5f6c50c
ffffd66bbd57
ffffd6e0b5a2
ffffd755aded
ffffd7caa638
ffffd83f9e83
ffffd8b496ce
ffffd9298f19
ffffd99e8764
ffffda137faf
ffffda8877fa
ffffdafd7045
ffffdb726890
ffffdbe760db
ffffdc5c5926
ffffdcd15171
ffffdd4649bc
ffffddbb4207
ffffde303a52
ffffdea5329d
ffffdf1a2ae8
ffffdf8f2333
ffffe0041b7e
ffffe07913c9
ffffe0ee0c14
ffffe163045f
ffffe1d7fcaa
ffffe24cf4f5
ffffe2c1ed40
ffffe336e58b
ffffe3abddd6
ffffe420d621
ffffe495ce6c
ffffe50ac6b7
ffffe57fbf02
ffffe5f4b74d
ffffe669af98
ffffe6dea7e3
ffffe753a02e
ffffe7c89879
ffffe83d90c4
ffffe8b2890f
ffffe927815a
ffffe99c79a5
ffffea1171f0
ffffea866a3b
ffffeafb6286
ffffeb705ad1
ffffebe5531c
ffffec5a4b67
ffffeccf43b2
ffffed443bfd
ffffedb93448
ffffee2e2c93
ffffeea324de
ffffef181d29
ffffef8d1574
fffff0020dbf
fffff077060a
fffff0ebfe55
fffff160f6a0
fffff1d5eeeb
fffff24ae736
fffff2bfdf81
fffff334d7cc
fffff3a9d017
fffff41ec862
fffff493c0ad
fffff508b8f8
fffff57db143
fffff5f2a98e
fffff667a1d9
fffff6dc9a24
fffff751926f
fffff7c68aba
fffff83b8305
fffff8b07b50
fffff925739b
fffff99a6be6
fffffa0f6431
fffffa845c7c
fffffaf954c7
fffffb6e4d12
fffffbe3455d
fffffc583da8
fffffccd35f3
fffffd422e3e
fffffdb72689
fffffe2c1ed4
fffffea1171f
ffffff160f6a
ffffff8b07b5
000000000000
00000074f84b
000000e9f096
0000015ee8e1
000001d3e12c
00000248d977
000002bdd1c2
00000332ca0d
000003a7c258
0000041cbaa3
00000491b2ee
00000506ab39
0000057ba384
000005f09bcf
00000665941a
000006da8c65
0000074f84b0
000007c47cfb
000008397546
000008ae6d91
0000092365dc
000009985e27
00000a0d5672
00000a824ebd
00000af74708
00000b6c3f53
00000be1379e
00000c562fe9
00000ccb2834
00000d40207f
00000db518ca
00000e2a1115
00000e9f0960
00000f1401ab
00000f88f9f6
00000ffdf241
00001072ea8c
000010e7e2d7
0000115cdb22
000011d1d36d
00001246cbb8
000012bbc403
00001330bc4e
000013a5b499
0000141aace4
0000148fa52f
000015049d7a
0000157995c5
000015ee8e10
00001663865b
000016d87ea6
0000174d76f1
000017c26f3c
000018376787
000018ac5fd2
00001921581d
000019965068
00001a0b48b3
00001a8040fe
00001af53949
00001b6a3194
00001bdf29df
00001c54222a
00001cc91a75
00001d3e12c0
00001db30b0b
00001e280356
00001e9cfba1
00001f11f3ec
00001f86ec37
00001ffbe482
00002070dccd
000020e5d518
0000215acd63
000021cfc5ae
00002244bdf9
000022b9b644
0000232eae8f
000023a3a6da
000024189f25
0000248d9770
000025028fbb
000025778806
000025ec8051
00002661789c
000026d670e7
0000274b6932
000027c0617d
0000283559c8
000028aa5213
0000291f4a5e
0000299442a9
00002a093af4
00002a7e333f
00002af32b8a
00002b6823d5
00002bdd1c20
00002c52146b
00002cc70cb6
00002d3c0501
00002db0fd4c
00002e25f597
00002e9aede2
00002f0fe62d
00002f84de78
00002ff9d6c3
0000306ecf0e
000030e3c759
00003158bfa4
000031cdb7ef
00003242b03a
000032b7a885
0000332ca0d0
000033a1991b
000034169166
0000348b89b1
0000350081fc
000035757a47
000035ea7292
0000365f6add
000036d46328
000037495b73
000037be53be
000038334c09
000038a84454
0000391d3c9f
0000399234ea
00003a072d35
ffffc583da80
ffffc5f8d2cb
ffffc66dcb16
ffffc6e2c361
ffffc757bbac
ffffc7ccb3f7
ffffc841ac42
ffffc8b6a48d
ffffc92b9cd8
ffffc9a09523
ffffca158d6e
ffffca8a85b9
ffffcaff7e04
ffffcb74764f
ffffcbe96e9a
ffffcc5e66e5
ffffccd35f30
ffffcd48577b
ffffcdbd4fc6
ffffce324811
ffffcea7405c
ffffcf1c38a7
ffffcf9130f2
ffffd006293d
ffffd07b2188
ffffd0f019d3
ffffd165121e
ffffd1da0a69
ffffd24f02b4
ffffd2c3faff
ffffd338f34a
ffffd3adeb95
ffffd422e3e0
ffffd497dc2b
ffffd50cd476
ffffd581ccc1
ffffd5f6c50c
ffffd66bbd57
ffffd6e0b5a2
ffffd755aded
ffffd7caa638
ffffd83f9e83
ffffd8b496ce
ffffd9298f19
ffffd99e8764
ffffda137faf
ffffda8877fa
ffffdafd7045
ffffdb726890
ffffdbe760db
ffffdc5c5926
ffffdcd15171
ffffdd4649bc
ffffddbb4207
ffffde303a52
ffffdea5329d
ffffdf1a2ae8
ffffdf8f2333
ffffe0041b7e
ffffe07913c9
ffffe0ee0c14
ffffe163045f
ffffe1d7fcaa
ffffe24cf4f5
ffffe2c1ed40
ffffe336e58b
ffffe3abddd6
ffffe420d621
ffffe495ce6c
ffffe50ac6b7
ffffe57fbf02
ffffe5f4b74d
ffffe669af98
ffffe6dea7e3
ffffe753a02e
ffffe7c89879
ffffe83d90c4
ffffe8b2890f
ffffe927815a
ffffe99c79a5
ffffea1171f0
ffffea866a3b
ffffeafb6286
ffffeb705ad1
ffffebe5531c
ffffec5a4b67
ffffeccf43b2
ffffed443bfd
ffffedb93448
ffffee2e2c93
ffffeea324de
ffffef181d29
ffffef8d1574
fffff0020dbf
fffff077060a
fffff0ebfe55
fffff160f6a0
fffff1d5eeeb
fffff24ae736
fffff2bfdf81
fffff334d7cc
fffff3a9d017
fffff41ec862
fffff493c0ad
fffff508b8f8
fffff57db143
fffff5f2a98e
fffff667a1d9
fffff6dc9a24
fffff751926f
fffff7c68aba
fffff83b8305
fffff8b07b50
fffff925739b
fffff99a6be6
fffffa0f6431
fffffa845c7c
fffffaf954c7
fffffb6e4d12
fffffbe3455d
fffffc583da8
fffffccd35f3
fffffd422e3e
fffffdb72689
fffffe2c1ed4
fffffea1171f
ffffff160f6a
ffffff8b07b5
000000000000
00000074f84b
000000e9f096
0000015ee8e1
000001d3e12c
00000248d977
000002bdd1c2
00000332ca0d
000003a7c258
0000041cbaa3
00000491b2ee
00000506ab39
0000057ba384
000005f09bcf
00000665941a
000006da8c65
0000074f84b0
000007c47cfb
000008397546
000008ae6d91
0000092365dc
000009985e27
00000a0d5672
00000a824ebd
00000af74708
00000b6c3f53
00000be1379e
00000c562fe9
00000ccb2834
00000d40207f
00000db518ca
00000e2a1115
00000e9f0960
00000f1401ab
00000f88f9f6
00000ffdf241
00001072ea8c
000010e7e2d7
0000115cdb22
000011d1d36d
00001246cbb8
000012bbc403
00001330bc4e
000013a5b499
0000141aace4
0000148fa52f
000015049d7a
0000157995c5
000015ee8e10
00001663865b
000016d87ea6
0000174d76f1
000017c26f3c
000018376787
000018ac5fd2
00001921581d
000019965068
00001a0b48b3
00001a8040fe
00001af53949
00001b6a3194
00001bdf29df
00001c54222a
00001cc91a75
00001d3e12c0
00001db30b0b
00001e280356
00001e9cfba1
00001f11f3ec
00001f86ec37
00001ffbe482
00002070dccd
000020e5d518
0000215acd63
000021cfc5ae
00002244bdf9
000022b9b644
0000232eae8f
000023a3a6da
000024189f25
0000248d9770
000025028fbb
000025778806
000025ec8051
00002661789c
000026d670e7
0000274b6932
000027c0617d
0000283559c8
000028aa5213
0000291f4a5e
0000299442a9
00002a093af4
00002a7e333f
00002af32b8a
00002b6823d5
00002bdd1c20
00002c52146b
00002cc70cb6
00002d3c0501
00002db0fd4c
00002e25f597
00002e9aede2
00002f0fe62d
00002f84de78
00002ff9d6c3
0000306ecf0e
000030e3c759
00003158bfa4
000031cdb7ef
00003242b03a
000032b7a885
0000332ca0d0
000033a1991b
000034169166
0000348b89b1
0000350081fc
000035757a47
000035ea7292
0000365f6add
000036d46328
000037495b73
000037be53be
000038334c09
000038a84454
0000391d3c9f
0000399234ea
00003a072d35
ffffc583da80
ffffc5f8d2cb
ffffc66dcb16
ffffc6e2c361
ffffc757bbac
ffffc7ccb3f7
ffffc841ac42
ffffc8b6a48d
ffffc92b9cd8
ffffc9a09523
ffffca158d6e
ffffca8a85b9
ffffcaff7e04
ffffcb74764f
ffffcbe96e9a
ffffcc5e66e5
ffffccd35f30
ffffcd48577b
ffffcdbd4fc6
ffffce324811
ffffcea7405c
ffffcf1c38a7
ffffcf9130f2
ffffd006293d
ffffd07b2188
ffffd0f019d3
ffffd165121e
ffffd1da0a69
ffffd24f02b4
ffffd2c3faff
ffffd338f34a
ffffd3adeb95
ffffd422e3e0
ffffd497dc2b
ffffd50cd476
ffffd581ccc1
ffffd5f6c50c
ffffd66bbd57
ffffd6e0b5a2
ffffd755aded
ffffd7caa638
ffffd83f9e83
ffffd8b496ce
ffffd9298f19
ffffd99e8764
ffffda137faf
ffffda8877fa
ffffdafd7045
ffffdb726890
ffffdbe760db
ffffdc5c5926
ffffdcd15171
ffffdd4649bc
ffffddbb4207
ffffde303a52
ffffdea5329d
ffffdf1a2ae8
ffffdf8f2333
ffffe0041b7e
ffffe07913c9
ffffe0ee0c14
ffffe163045f
ffffe1d7fcaa
ffffe24cf4f5
ffffe2c1ed40
ffffe336e58b
ffffe3abddd6
ffffe420d621
ffffe495ce6c
ffffe50ac6b7
ffffe57fbf02
ffffe5f4b74d
ffffe669af98
ffffe6dea7e3
ffffe753a02e
ffffe7c89879
ffffe83d90c4
ffffe8b2890f
ffffe927815a
ffffe99c79a5
ffffea1171f0
ffffea866a3b
ffffeafb6286
ffffeb705ad1
ffffebe5531c
ffffec5a4b67
ffffeccf43b2
ffffed443bfd
ffffedb93448
ffffee2e2c93
ffffeea324de
ffffef181d29
ffffef8d1574
fffff0020dbf
fffff077060a
fffff0ebfe55
fffff160f6a0
fffff1d5eeeb
fffff24ae736
fffff2bfdf81
fffff334d7cc
fffff3a9d017
fffff41ec862
fffff493c0ad
fffff508b8f8
fffff57db143
fffff5f2a98e
fffff667a1d9
fffff6dc9a24
fffff751926f
fffff7c68aba
fffff83b8305
fffff8b07b50
fffff925739b
fffff99a6be6
fffffa0f6431
fffffa845c7c
fffffaf954c7
fffffb6e4d12
fffffbe3455d
fffffc583da8
fffffccd35f3
fffffd422e3e
fffffdb72689
fffffe2c1ed4
fffffea1171f
ffffff160f6a
ffffff8b07b5
000000000000
00000074f84b
000000e9f096
0000015ee8e1
000001d3e12c
00000248d977
000002bdd1c2
00000332ca0d
000003a7c258
0000041cbaa3
00000491b2ee
00000506ab39
0000057ba384
000005f09bcf
00000665941a
000006da8c65
0000074f84b0
000007c47cfb
000008397546
000008ae6d91
0000092365dc
000009985e27
00000a0d5672
00000a824ebd
00000af74708
00000b6c3f53
00000be1379e
00000c562fe9
00000ccb2834
00000d40207f
00000db518ca
00000e2a1115
00000e9f0960
00000f1401ab
00000f88f9f6
00000ffdf241
00001072ea8c
000010e7e2d7
0000115cdb22
000011d1d36d
00001246cbb8
000012bbc403
00001330bc4e
000013a5b499
0000141aace4
0000148fa52f
000015049d7a
0000157995c5
000015ee8e10
00001663865b
000016d87ea6
0000174d76f1
000017c26f3c
000018376787
000018ac5fd2
00001921581d
000019965068
00001a0b48b3
00001a8040fe
00001af53949
00001b6a3194
00001bdf29df
00001c54222a
00001cc91a75
00001d3e12c0
00001db30b0b
00001e280356
00001e9cfba1
00001f11f3ec
00001f86ec37
00001ffbe482
00002070dccd
000020e5d518
0000215acd63
000021cfc5ae
00002244bdf9
000022b9b644
0000232eae8f
000023a3a6da
000024189f25
0000248d9770
000025028fbb
000025778806
000025ec8051
00002661789c
000026d670e7
0000274b6932
000027c0617d
0000283559c8
000028aa5213
0000291f4a5e
0000299442a9
00002a093af4
00002a7e333f
00002af32b8a
00002b6823d5
00002bdd1c20
00002c52146b
00002cc70cb6
00002d3c0501
00002db0fd4c
00002e25f597
00002e9aede2
00002f0fe62d
00002f84de78
00002ff9d6c3
0000306ecf0e
000030e3c759
00003158bfa4
000031cdb7ef
00003242b03a
000032b7a885
0000332ca0d0
000033a1991b
000034169166
0000348b89b1
0000350081fc
000035757a47
000035ea7292
0000365f6add
000036d46328
000037495b73
000037be53be
000038334c09
000038a84454
0000391d3c9f
0000399234ea
00003a072d35
ffffc583da80
ffffc5f8d2cb
ffffc66dcb16
ffffc6e2c361
ffffc757bbac
ffffc7ccb3f7
ffffc841ac42
ffffc8b6a48d
ffffc92b9cd8
ffffc9a09523
ffffca158d6e
ffffca8a85b9
ffffcaff7e04
ffffcb74764f
ffffcbe96e9a
ffffcc5e66e5
ffffccd35f30
ffffcd48577b
ffffcdbd4fc6
ffffce324811
ffffcea7405c
ffffcf1c38a7
ffffcf9130f2
ffffd006293d
ffffd07b2188
ffffd0f019d3
ffffd165121e
ffffd1da0a69
ffffd24f02b4
ffffd2c3faff
ffffd338f34a
ffffd3adeb95
ffffd422e3e0
ffffd497dc2b
ffffd50cd476
ffffd581ccc1
ffffd5f6c50c
ffffd66bbd57
ffffd6e0b5a2
ffffd755aded
ffffd7caa638
ffffd83f9e83
ffffd8b496ce
ffffd9298f19
ffffd99e8764
ffffda137faf
ffffda8877fa
ffffdafd7045
ffffdb726890
ffffdbe760db
ffffdc5c5926
ffffdcd15171
ffffdd4649bc
ffffddbb4207
ffffde303a52
ffffdea5329d
ffffdf1a2ae8
ffffdf8f2333
ffffe0041b7e
ffffe07913c9
ffffe0ee0c14
ffffe163045f
ffffe1d7fcaa
ffffe24cf4f5
ffffe2c1ed40
ffffe336e58b
ffffe3abddd6
ffffe420d621
ffffe495ce6c
ffffe50ac6b7
ffffe57fbf02
ffffe5f4b74d
ffffe669af98
ffffe6dea7e3
ffffe753a02e
ffffe7c89879
ffffe83d90c4
ffffe8b2890f
ffffe927815a
ffffe99c79a5
ffffea1171f0
ffffea866a3b
ffffeafb6286
ffffeb705ad1
ffffebe5531c
ffffec5a4b67
ffffeccf43b2
ffffed443bfd
ffffedb93448
ffffee2e2c93
ffffeea324de
ffffef181d29
ffffef8d1574
fffff0020dbf
fffff077060a
fffff0ebfe55
fffff160f6a0
fffff1d5eeeb
fffff24ae736
fffff2bfdf81
fffff334d7cc
fffff3a9d017
fffff41ec862
fffff493c0ad
fffff508b8f8
fffff57db143
fffff5f2a98e
fffff667a1d9
fffff6dc9a24
fffff751926f
fffff7c68aba
fffff83b8305
fffff8b07b50
fffff925739b
fffff99a6be6
fffffa0f6431
fffffa845c7c
fffffaf954c7
fffffb6e4d12
fffffbe3455d
fffffc583da8
fffffccd35f3
fffffd422e3e
fffffdb72689
fffffe2c1ed4
fffffea1171f
ffffff160f6a
ffffff8b07b5
000000000000
00000074f84b
000000e9f096
0000015ee8e1
000001d3e12c
00000248d977
000002bdd1c2
00000332ca0d
000003a7c258
0000041cbaa3
00000491b2ee
00000506ab39
0000057ba384
000005f09bcf
00000665941a
000006da8c65
0000074f84b0
000007c47cfb
000008397546
000008ae6d91
0000092365dc
000009985e27
00000a0d5672
00000a824ebd
00000af74708
00000b6c3f53
00000be1379e
00000c562fe9
00000ccb2834
00000d40207f
00000db518ca
00000e2a1115
00000e9f0960
00000f1401ab
00000f88f9f6
00000ffdf241
00001072ea8c
000010e7e2d7
0000115cdb22
000011d1d36d
00001246cbb8
000012bbc403
00001330bc4e
000013a5b499
0000141aace4
0000148fa52f
000015049d7a
0000157995c5
000015ee8e10
00001663865b
000016d87ea6
0000174d76f1
000017c26f3c
000018376787
000018ac5fd2
00001921581d
000019965068
00001a0b48b3
00001a8040fe
00001af53949
00001b6a3194
00001bdf29df
00001c54222a
00001cc91a75
00001d3e12c0
00001db30b0b
00001e280356
00001e9cfba1
00001f11f3ec
00001f86ec37
00001ffbe482
00002070dccd
000020e5d518
0000215acd63
000021cfc5ae
00002244bdf9
000022b9b644
0000232eae8f
000023a3a6da
000024189f25
0000248d9770
000025028fbb
000025778806
000025ec8051
00002661789c
000026d670e7
0000274b6932
000027c0617d
0000283559c8
000028aa5213
0000291f4a5e
0000299442a9
00002a093af4
00002a7e333f
00002af32b8a
00002b6823d5
00002bdd1c20
00002c52146b
00002cc70cb6
00002d3c0501
00002db0fd4c
00002e25f597
00002e9aede2
00002f0fe62d
00002f84de78
00002ff9d6c3
0000306ecf0e
000030e3c759
00003158bfa4
000031cdb7ef
00003242b03a
000032b7a885
0000332ca0d0
000033a1991b
000034169166
0000348b89b1
0000350081fc
000035757a47
000035ea7292
0000365f6add
000036d46328
000037495b73
000037be53be
000038334c09
000038a84454
0000391d3c9f
0000399234ea
00003a072d35
ffffc583da80
ffffc5f8d2cb
ffffc66dcb16
ffffc6e2c361
ffffc757bbac
ffffc7ccb3f7
ffffc841ac42
ffffc8b6a48d
ffffc92b9cd8
ffffc9a09523
ffffca158d6e
ffffca8a85b9
ffffcaff7e04
ffffcb74764f
ffffcbe96e9a
ffffcc5e66e5
ffffccd35f30
ffffcd48577b
ffffcdbd4fc6
ffffce324811
ffffcea7405c
ffffcf1c38a7
ffffcf9130f2
ffffd006293d
ffffd07b2188
ffffd0f019d3
ffffd165121e
ffffd1da0a69
ffffd24f02b4
ffffd2c3faff
ffffd338f34a
ffffd3adeb95
ffffd422e3e0
ffffd497dc2b
ffffd50cd476
ffffd581ccc1
ffffd5f6c50c
ffffd66bbd57
ffffd6e0b5a2
ffffd755aded
ffffd7caa638
ffffd83f9e83
ffffd8b496ce
ffffd9298f19
ffffd99e8764
ffffda137faf
ffffda8877fa
ffffdafd7045
ffffdb726890
ffffdbe760db
ffffdc5c5926
ffffdcd15171
ffffdd4649bc
ffffddbb4207
ffffde303a52
ffffdea5329d
ffffdf1a2ae8
ffffdf8f2333
ffffe0041b7e
ffffe07913c9
ffffe0ee0c14
ffffe163045f
ffffe1d7fcaa
ffffe24cf4f5
ffffe2c1ed40
ffffe336e58b
ffffe3abddd6
ffffe420d621
ffffe495ce6c
ffffe50ac6b7
ffffe57fbf02
ffffe5f4b74d
ffffe669af98
ffffe6dea7e3
ffffe753a02e
ffffe7c89879
ffffe83d90c4
ffffe8b2890f
ffffe927815a
ffffe99c79a5
ffffea1171f0
ffffea866a3b
ffffeafb6286
ffffeb705ad1
ffffebe5531c
ffffec5a4b67
ffffeccf43b2
ffffed443bfd
ffffedb93448
ffffee2e2c93
ffffeea324de
ffffef181d29
ffffef8d1574
fffff0020dbf
fffff077060a
fffff0ebfe55
fffff160f6a0
fffff1d5eeeb
fffff24ae736
fffff2bfdf81
fffff334d7cc
fffff3a9d017
fffff41ec862
fffff493c0ad
fffff508b8f8
fffff57db143
fffff5f2a98e
fffff667a1d9
fffff6dc9a24
fffff751926f
fffff7c68aba
fffff83b8305
fffff8b07b50
fffff925739b
fffff99a6be6
fffffa0f6431
fffffa845c7c
fffffaf954c7
fffffb6e4d12
fffffbe3455d
fffffc583da8
fffffccd35f3
fffffd422e3e
fffffdb72689
fffffe2c1ed4
fffffea1171f
ffffff160f6a
ffffff8b07b5
000000000000
00000074f84b
000000e9f096
0000015ee8e1
000001d3e12c
00000248d977
000002bdd1c2
00000332ca0d
000003a7c258
0000041cbaa3
00000491b2ee
00000506ab39
0000057ba384
000005f09bcf
00000665941a
000006da8c65
0000074f84b0
000007c47cfb
000008397546
000008ae6d91
0000092365dc
000009985e27
00000a0d5672
00000a824ebd
00000af74708
00000b6c3f53
00000be1379e
00000c562fe9
00000ccb2834
00000d40207f
00000db518ca
00000e2a1115
00000e9f0960
00000f1401ab
00000f88f9f6
00000ffdf241
00001072ea8c
000010e7e2d7
0000115cdb22
000011d1d36d
00001246cbb8
000012bbc403
00001330bc4e
000013a5b499
0000141aace4
0000148fa52f
000015049d7a
0000157995c5
000015ee8e10
00001663865b
000016d87ea6
0000174d76f1
000017c26f3c
000018376787
000018ac5fd2
00001921581d
000019965068
00001a0b48b3
00001a8040fe
00001af53949
00001b6a3194
00001bdf29df
00001c54222a
00001cc91a75
00001d3e12c0
00001db30b0b
00001e280356
00001e9cfba1
00001f11f3ec
00001f86ec37
00001ffbe482
00002070dccd
000020e5d518
0000215acd63
000021cfc5ae
00002244bdf9
000022b9b644
0000232eae8f
000023a3a6da
000024189f25
0000248d9770
000025028fbb
000025778806
000025ec8051
00002661789c
000026d670e7
0000274b6932
000027c0617d
0000283559c8
000028aa5213
0000291f4a5e
0000299442a9
00002a093af4
00002a7e333f
00002af32b8a
00002b6823d5
00002bdd1c20
00002c52146b
00002cc70cb6
00002d3c0501
00002db0fd4c
00002e25f597
00002e9aede2
00002f0fe62d
00002f84de78
00002ff9d6c3
0000306ecf0e
000030e3c759
00003158bfa4
000031cdb7ef
00003242b03a
000032b7a885
0000332ca0d0
000033a1991b
000034169166
0000348b89b1
0000350081fc
000035757a47
000035ea7292
0000365f6add
000036d46328
000037495b73
000037be53be
000038334c09
000038a84454
0000391d3c9f
0000399234ea
00003a072d35
ffffc583da80
ffffc5f8d2cb
ffffc66dcb16
ffffc6e2c361
ffffc757bbac
ffffc7ccb3f7
ffffc841ac42
ffffc8b6a48d
ffffc92b9cd8
ffffc9a09523
ffffca158d6e
ffffca8a85b9
ffffcaff7e04
ffffcb74764f
ffffcbe96e9a
ffffcc5e66e5
ffffccd35f30
ffffcd48577b
ffffcdbd4fc6
ffffce324811
ffffcea7405c
ffffcf1c38a7
ffffcf9130f2
ffffd006293d
ffffd07b2188
ffffd0f019d3
ffffd165121e
ffffd1da0a69
ffffd24f02b4
ffffd2c3faff
ffffd338f34a
ffffd3adeb95
ffffd422e3e0
ffffd497dc2b
ffffd50cd476
ffffd581ccc1
ffffd5f6c50c
ffffd66bbd57
ffffd6e0b5a2
ffffd755aded
ffffd7caa638
ffffd83f9e83
ffffd8b496ce
ffffd9298f19
ffffd99e8764
ffffda137faf
ffffda8877fa
ffffdafd7045
ffffdb726890
ffffdbe760db
ffffdc5c5926
ffffdcd15171
ffffdd4649bc
ffffddbb4207
ffffde303a52
ffffdea5329d
ffffdf1a2ae8
ffffdf8f2333
ffffe0041b7e
ffffe07913c9
ffffe0ee0c14
ffffe163045f
ffffe1d7fcaa
ffffe24cf4f5
ffffe2c1ed40
ffffe336e58b
ffffe3abddd6
ffffe420d621
ffffe495ce6c
ffffe50ac6b7
ffffe57fbf02
ffffe5f4b74d
ffffe669af98
ffffe6dea7e3
ffffe753a02e
ffffe7c89879
ffffe83d90c4
ffffe8b2890f
ffffe927815a
ffffe99c79a5
ffffea1171f0
ffffea866a3b
ffffeafb6286
ffffeb705ad1
ffffebe5531c
ffffec5a4b67
ffffeccf43b2
ffffed443bfd
ffffedb93448
ffffee2e2c93
ffffeea324de
ffffef181d29
ffffef8d1574
fffff0020dbf
fffff077060a
fffff0ebfe55
fffff160f6a0
fffff1d5eeeb
fffff24ae736
fffff2bfdf81
fffff334d7cc
fffff3a9d017
fffff41ec862
fffff493c0ad
fffff508b8f8
fffff57db143
fffff5f2a98e
fffff667a1d9
fffff6dc9a24
fffff751926f
fffff7c68aba
fffff83b8305
fffff8b07b50
fffff925739b
fffff99a6be6
fffffa0f6431
fffffa845c7c
fffffaf954c7
fffffb6e4d12
fffffbe3455d
fffffc583da8
fffffccd35f3
fffffd422e3e
fffffdb72689
fffffe2c1ed4
fffffea1171f
ffffff160f6a
ffffff8b07b5
000000000000
00000074f84b
000000e9f096
0000015ee8e1
000001d3e12c
00000248d977
000002bdd1c2
00000332ca0d
000003a7c258
0000041cbaa3
00000491b2ee
00000506ab39
0000057ba384
000005f09bcf
00000665941a
000006da8c65
0000074f84b0
000007c47cfb
000008397546
000008ae6d91
0000092365dc
000009985e27
00000a0d5672
00000a824ebd
00000af74708
00000b6c3f53
00000be1379e
00000c562fe9
00000ccb2834
00000d40207f
00000db518ca
00000e2a1115
00000e9f0960
00000f1401ab
00000f88f9f6
00000ffdf241
00001072ea8c
000010e7e2d7
0000115cdb22
000011d1d36d
00001246cbb8
000012bbc403
00001330bc4e
000013a5b499
0000141aace4
0000148fa52f
000015049d7a
0000157995c5
000015ee8e10
00001663865b
000016d87ea6
0000174d76f1
000017c26f3c
000018376787
000018ac5fd2
00001921581d
000019965068
00001a0b48b3
00001a8040fe
00001af53949
00001b6a3194
00001bdf29df
00001c54222a
00001cc91a75
00001d3e12c0
00001db30b0b
00001e280356
00001e9cfba1
00001f11f3ec
00001f86ec37
00001ffbe482
00002070dccd
000020e5d518
0000215acd63
000021cfc5ae
00002244bdf9
000022b9b644
0000232eae8f
000023a3a6da
000024189f25
0000248d9770
000025028fbb
000025778806
000025ec8051
00002661789c
000026d670e7
0000274b6932
000027c0617d
0000283559c8
000028aa5213
0000291f4a5e
0000299442a9
00002a093af4
00002a7e333f
00002af32b8a
00002b6823d5
00002bdd1c20
00002c52146b
00002cc70cb6
00002d3c0501
00002db0fd4c
00002e25f597
00002e9aede2
00002f0fe62d
00002f84de78
00002ff9d6c3
0000306ecf0e
000030e3c759
00003158bfa4
000031cdb7ef
00003242b03a
000032b7a885
0000332ca0d0
000033a1991b
000034169166
0000348b89b1
0000350081fc
000035757a47
000035ea7292
0000365f6add
000036d46328
000037495b73
000037be53be
000038334c09
000038a84454
0000391d3c9f
0000399234ea
00003a072d35
ffffc583da80
ffffc5f8d2cb
ffffc66dcb16
ffffc6e2c361
ffffc757bbac
ffffc7ccb3f7
ffffc841ac42
ffffc8b6a48d
ffffc92b9cd8
ffffc9a09523
ffffca158d6e
ffffca8a85b9
ffffcaff7e04
ffffcb74764f
ffffcbe96e9a
ffffcc5e66e5
ffffccd35f30
ffffcd48577b
ffffcdbd4fc6
ffffce324811
ffffcea7405c
ffffcf1c38a7
ffffcf9130f2
ffffd006293d
ffffd07b2188
ffffd0f019d3
ffffd165121e
ffffd1da0a69
ffffd24f02b4
ffffd2c3faff
ffffd338f34a
ffffd3adeb95
ffffd422e3e0
ffffd497dc2b
ffffd50cd476
ffffd581ccc1
ffffd5f6c50c
ffffd66bbd57
ffffd6e0b5a2
ffffd755aded
ffffd7caa638
ffffd83f9e83
ffffd8b496ce
ffffd9298f19
ffffd99e8764
ffffda137faf
ffffda8877fa
ffffdafd7045
ffffdb726890
ffffdbe760db
ffffdc5c5926
ffffdcd15171
ffffdd4649bc
ffffddbb4207
ffffde303a52
ffffdea5329d
ffffdf1a2ae8
ffffdf8f2333
ffffe0041b7e
ffffe07913c9
ffffe0ee0c14
ffffe163045f
ffffe1d7fcaa
ffffe24cf4f5
ffffe2c1ed40
ffffe336e58b
ffffe3abddd6
ffffe420d621
ffffe495ce6c
ffffe50ac6b7
ffffe57fbf02
ffffe5f4b74d
ffffe669af98
ffffe6dea7e3
ffffe753a02e
ffffe7c89879
ffffe83d90c4
ffffe8b2890f
ffffe927815a
ffffe99c79a5
ffffea1171f0
ffffea866a3b
ffffeafb6286
ffffeb705ad1
ffffebe5531c
ffffec5a4b67
ffffeccf43b2
ffffed443bfd
ffffedb93448
ffffee2e2c93
ffffeea324de
ffffef181d29
ffffef8d1574
fffff0020dbf
fffff077060a
fffff0ebfe55
fffff160f6a0
fffff1d5eeeb
fffff24ae736
fffff2bfdf81
fffff334d7cc
fffff3a9d017
fffff41ec862
fffff493c0ad
fffff508b8f8
fffff57db143
fffff5f2a98e
fffff667a1d9
fffff6dc9a24
fffff751926f
fffff7c68aba
fffff83b8305
fffff8b07b50
fffff925739b
fffff99a6be6
fffffa0f6431
fffffa845c7c
fffffaf954c7
fffffb6e4d12
fffffbe3455d
fffffc583da8
fffffccd35f3
fffffd422e3e
fffffdb72689
fffffe2c1ed4
fffffea1171f
ffffff160f6a
ffffff8b07b5
000000000000
00000074f84b
000000e9f096
0000015ee8e1
000001d3e12c
00000248d977
000002bdd1c2
00000332ca0d
000003a7c258
0000041cbaa3
00000491b2ee
00000506ab39
0000057ba384
000005f09bcf
00000665941a
000006da8c65
0000074f84b0
000007c47cfb
000008397546
000008ae6d91
0000092365dc
000009985e27
00000a0d5672
00000a824ebd
00000af74708
00000b6c3f53
00000be1379e
00000c562fe9
00000ccb2834
00000d40207f
00000db518ca
00000e2a1115
00000e9f0960
00000f1401ab
00000f88f9f6
00000ffdf241
00001072ea8c
000010e7e2d7
0000115cdb22
000011d1d36d
00001246cbb8
000012bbc403
00001330bc4e
000013a5b499
0000141aace4
0000148fa52f
000015049d7a
0000157995c5
000015ee8e10
00001663865b
000016d87ea6
0000174d76f1
000017c26f3c
000018376787
000018ac5fd2
00001921581d
000019965068
00001a0b48b3
00001a8040fe
00001af53949
00001b6a3194
00001bdf29df
00001c54222a
00001cc91a75
00001d3e12c0
00001db30b0b
00001e280356
00001e9cfba1
00001f11f3ec
00001f86ec37
00001ffbe482
00002070dccd
000020e5d518
0000215acd63
000021cfc5ae
00002244bdf9
000022b9b644
0000232eae8f
000023a3a6da
000024189f25
0000248d9770
000025028fbb
000025778806
000025ec8051
00002661789c
000026d670e7
0000274b6932
000027c0617d
0000283559c8
000028aa5213
0000291f4a5e
0000299442a9
00002a093af4
00002a7e333f
00002af32b8a
00002b6823d5
00002bdd1c20
00002c52146b
00002cc70cb6
00002d3c0501
00002db0fd4c
00002e25f597
00002e9aede2
00002f0fe62d
00002f84de78
00002ff9d6c3
0000306ecf0e
000030e3c759
00003158bfa4
000031cdb7ef
00003242b03a
000032b7a885
0000332ca0d0
000033a1991b
000034169166
0000348b89b1
0000350081fc
000035757a47
000035ea7292
0000365f6add
000036d46328
000037495b73
000037be53be
000038334c09
000038a84454
0000391d3c9f
0000399234ea
00003a072d35
ffffc583da80
ffffc5f8d2cb
ffffc66dcb16
ffffc6e2c361
ffffc757bbac
ffffc7ccb3f7
ffffc841ac42
ffffc8b6a48d
ffffc92b9cd8
ffffc9a09523
ffffca158d6e
ffffca8a85b9
ffffcaff7e04
ffffcb74764f
ffffcbe96e9a
ffffcc5e66e5
ffffccd35f30
ffffcd48577b
ffffcdbd4fc6
ffffce324811
ffffcea7405c
ffffcf1c38a7
ffffcf9130f2
ffffd006293d
ffffd07b2188
ffffd0f019d3
ffffd165121e
ffffd1da0a69
ffffd24f02b4
ffffd2c3faff
ffffd338f34a
ffffd3adeb95
ffffd422e3e0
ffffd497dc2b
ffffd50cd476
ffffd581ccc1
ffffd5f6c50c
ffffd66bbd57
ffffd6e0b5a2
ffffd755aded
ffffd7caa638
ffffd83f9e83
ffffd8b496ce
ffffd9298f19
ffffd99e8764
ffffda137faf
ffffda8877fa
ffffdafd7045
ffffdb726890
ffffdbe760db
ffffdc5c5926
ffffdcd15171
ffffdd4649bc
ffffddbb4207
ffffde303a52
ffffdea5329d
ffffdf1a2ae8
ffffdf8f2333
ffffe0041b7e
ffffe07913c9
ffffe0ee0c14
ffffe163045f
ffffe1d7fcaa
ffffe24cf4f5
ffffe2c1ed40
ffffe336e58b
ffffe3abddd6
ffffe420d621
ffffe495ce6c
ffffe50ac6b7
ffffe57fbf02
ffffe5f4b74d
ffffe669af98
ffffe6dea7e3
ffffe753a02e
ffffe7c89879
ffffe83d90c4
ffffe8b2890f
ffffe927815a
ffffe99c79a5
ffffea1171f0
ffffea866a3b
ffffeafb6286
ffffeb705ad1
ffffebe5531c
ffffec5a4b67
ffffeccf43b2
ffffed443bfd
ffffedb93448
ffffee2e2c93
ffffeea324de
ffffef181d29
ffffef8d1574
fffff0020dbf
fffff077060a
fffff0ebfe55
fffff160f6a0
fffff1d5eeeb
fffff24ae736
fffff2bfdf81
fffff334d7cc
fffff3a9d017
fffff41ec862
fffff493c0ad
fffff508b8f8
fffff57db143
fffff5f2a98e
fffff667a1d9
fffff6dc9a24
fffff751926f
fffff7c68aba
fffff83b8305
fffff8b07b50
fffff925739b
fffff99a6be6
fffffa0f6431
fffffa845c7c
fffffaf954c7
fffffb6e4d12
fffffbe3455d
fffffc583da8
fffffccd35f3
fffffd422e3e
fffffdb72689
fffffe2c1ed4
fffffea1171f
ffffff160f6a
ffffff8b07b5
000000000000
00000074f84b
000000e9f096
0000015ee8e1
000001d3e12c
00000248d977
000002bdd1c2
00000332ca0d
000003a7c258
0000041cbaa3
00000491b2ee
00000506ab39
0000057ba384
000005f09bcf
00000665941a
000006da8c65
0000074f84b0
000007c47cfb
000008397546
000008ae6d91
0000092365dc
000009985e27
00000a0d5672
00000a824ebd
00000af74708
00000b6c3f53
00000be1379e
00000c562fe9
00000ccb2834
00000d40207f
00000db518ca
00000e2a1115
00000e9f0960
00000f1401ab
00000f88f9f6
00000ffdf241
00001072ea8c
000010e7e2d7
0000115cdb22
000011d1d36d
00001246cbb8
000012bbc403
00001330bc4e
000013a5b499
0000141aace4
0000148fa52f
000015049d7a
0000157995c5
000015ee8e10
00001663865b
000016d87ea6
0000174d76f1
000017c26f3c
000018376787
000018ac5fd2
00001921581d
000019965068
00001a0b48b3
00001a8040fe
00001af53949
00001b6a3194
00001bdf29df
00001c54222a
00001cc91a75
00001d3e12c0
00001db30b0b
00001e280356
00001e9cfba1
00001f11f3ec
00001f86ec37
00001ffbe482
00002070dccd
000020e5d518
0000215acd63
000021cfc5ae
00002244bdf9
000022b9b644
0000232eae8f
000023a3a6da
000024189f25
0000248d9770
000025028fbb
000025778806
000025ec8051
00002661789c
000026d670e7
0000274b6932
000027c0617d
0000283559c8
000028aa5213
0000291f4a5e
0000299442a9
00002a093af4
00002a7e333f
00002af32b8a
00002b6823d5
00002bdd1c20
00002c52146b
00002cc70cb6
00002d3c0501
00002db0fd4c
00002e25f597
00002e9aede2
00002f0fe62d
00002f84de78
00002ff9d6c3
0000306ecf0e
000030e3c759
00003158bfa4
000031cdb7ef
00003242b03a
000032b7a885
0000332ca0d0
000033a1991b
000034169166
0000348b89b1
0000350081fc
000035757a47
000035ea7292
0000365f6add
000036d46328
000037495b73
000037be53be
000038334c09
000038a84454
0000391d3c9f
0000399234ea
00003a072d35
ffffc583da80
ffffc5f8d2cb
ffffc66dcb16
ffffc6e2c361
ffffc757bbac
ffffc7ccb3f7
ffffc841ac42
ffffc8b6a48d
ffffc92b9cd8
ffffc9a09523
ffffca158d6e
ffffca8a85b9
ffffcaff7e04
ffffcb74764f
ffffcbe96e9a
ffffcc5e66e5
ffffccd35f30
ffffcd48577b
ffffcdbd4fc6
ffffce324811
ffffcea7405c
ffffcf1c38a7
ffffcf9130f2
ffffd006293d
ffffd07b2188
ffffd0f019d3
ffffd165121e
ffffd1da0a69
ffffd24f02b4
ffffd2c3faff
ffffd338f34a
ffffd3adeb95
ffffd422e3e0
ffffd497dc2b
ffffd50cd476
ffffd581ccc1
ffffd5f6c50c
ffffd66bbd57
ffffd6e0b5a2
ffffd755aded
ffffd7caa638
ffffd83f9e83
ffffd8b496ce
ffffd9298f19
ffffd99e8764
ffffda137faf
ffffda8877fa
ffffdafd7045
ffffdb726890
ffffdbe760db
ffffdc5c5926
ffffdcd15171
ffffdd4649bc
ffffddbb4207
ffffde303a52
ffffdea5329d
ffffdf1a2ae8
ffffdf8f2333
ffffe0041b7e
ffffe07913c9
ffffe0ee0c14
ffffe163045f
ffffe1d7fcaa
ffffe24cf4f5
ffffe2c1ed40
ffffe336e58b
ffffe3abddd6
ffffe420d621
ffffe495ce6c
ffffe50ac6b7
ffffe57fbf02
ffffe5f4b74d
ffffe669af98
ffffe6dea7e3
ffffe753a02e
ffffe7c89879
ffffe83d90c4
ffffe8b2890f
ffffe927815a
ffffe99c79a5
ffffea1171f0
ffffea866a3b
ffffeafb6286
ffffeb705ad1
ffffebe5531c
ffffec5a4b67
ffffeccf43b2
ffffed443bfd
ffffedb93448
ffffee2e2c93
ffffeea324de
ffffef181d29
ffffef8d1574
fffff0020dbf
fffff077060a
fffff0ebfe55
fffff160f6a0
fffff1d5eeeb
fffff24ae736
fffff2bfdf81
fffff334d7cc
fffff3a9d017
fffff41ec862
fffff493c0ad
fffff508b8f8
fffff57db143
fffff5f2a98e
fffff667a1d9
fffff6dc9a24
fffff751926f
fffff7c68aba
fffff83b8305
fffff8b07b50
fffff925739b
fffff99a6be6
fffffa0f6431
fffffa845c7c
fffffaf954c7
fffffb6e4d12
fffffbe3455d
fffffc583da8
fffffccd35f3
fffffd422e3e
fffffdb72689
fffffe2c1ed4
fffffea1171f
ffffff160f6a
ffffff8b07b5
000000000000
00000074f84b
000000e9f096
0000015ee8e1
000001d3e12c
00000248d977
000002bdd1c2
00000332ca0d
000003a7c258
0000041cbaa3
00000491b2ee
00000506ab39
0000057ba384
000005f09bcf
00000665941a
000006da8c65
0000074f84b0
000007c47cfb
000008397546
000008ae6d91
0000092365dc
000009985e27
00000a0d5672
00000a824ebd
00000af74708
00000b6c3f53
00000be1379e
00000c562fe9
00000ccb2834
00000d40207f
00000db518ca
00000e2a1115
00000e9f0960
00000f1401ab
00000f88f9f6
00000ffdf241
00001072ea8c
000010e7e2d7
0000115cdb22
000011d1d36d
00001246cbb8
000012bbc403
00001330bc4e
000013a5b499
0000141aace4
0000148fa52f
000015049d7a
0000157995c5
000015ee8e10
00001663865b
000016d87ea6
0000174d76f1
000017c26f3c
000018376787
000018ac5fd2
00001921581d
000019965068
00001a0b48b3
00001a8040fe
00001af53949
00001b6a3194
00001bdf29df
00001c54222a
00001cc91a75
00001d3e12c0
00001db30b0b
00001e280356
00001e9cfba1
00001f11f3ec
00001f86ec37
00001ffbe482
00002070dccd
000020e5d518
0000215acd63
000021cfc5ae
00002244bdf9
000022b9b644
0000232eae8f
000023a3a6da
000024189f25
0000248d9770
000025028fbb
000025778806
000025ec8051
00002661789c
000026d670e7
0000274b6932
000027c0617d
0000283559c8
000028aa5213
0000291f4a5e
0000299442a9
00002a093af4
00002a7e333f
00002af32b8a
00002b6823d5
00002bdd1c20
00002c52146b
00002cc70cb6
00002d3c0501
00002db0fd4c
00002e25f597
00002e9aede2
00002f0fe62d
00002f84de78
00002ff9d6c3
0000306ecf0e
000030e3c759
00003158bfa4
000031cdb7ef
00003242b03a
000032b7a885
0000332ca0d0
000033a1991b
000034169166
0000348b89b1
0000350081fc
000035757a47
000035ea7292
0000365f6add
000036d46328
000037495b73
000037be53be
000038334c09
000038a84454
0000391d3c9f
0000399234ea
00003a072d35
ffffc583da80
ffffc5f8d2cb
ffffc66dcb16
ffffc6e2c361
ffffc757bbac
ffffc7ccb3f7
ffffc841ac42
ffffc8b6a48d
ffffc92b9cd8
ffffc9a09523
ffffca158d6e
ffffca8a85b9
ffffcaff7e04
ffffcb74764f
ffffcbe96e9a
ffffcc5e66e5
ffffccd35f30
ffffcd48577b
ffffcdbd4fc6
ffffce324811
ffffcea7405c
ffffcf1c38a7
ffffcf9130f2
ffffd006293d
ffffd07b2188
ffffd0f019d3
ffffd165121e
ffffd1da0a69
ffffd24f02b4
ffffd2c3faff
ffffd338f34a
ffffd3adeb95
ffffd422e3e0
ffffd497dc2b
ffffd50cd476
ffffd581ccc1
ffffd5f6c50c
ffffd66bbd57
ffffd6e0b5a2
ffffd755aded
ffffd7caa638
ffffd83f9e83
ffffd8b496ce
ffffd9298f19
ffffd99e8764
ffffda137faf
ffffda8877fa
ffffdafd7045
ffffdb726890
ffffdbe760db
ffffdc5c5926
ffffdcd15171
ffffdd4649bc
ffffddbb4207
ffffde303a52
ffffdea5329d
ffffdf1a2ae8
ffffdf8f2333
ffffe0041b7e
ffffe07913c9
ffffe0ee0c14
ffffe163045f
ffffe1d7fcaa
ffffe24cf4f5
ffffe2c1ed40
ffffe336e58b
ffffe3abddd6
ffffe420d621
ffffe495ce6c
ffffe50ac6b7
ffffe57fbf02
ffffe5f4b74d
ffffe669af98
ffffe6dea7e3
ffffe753a02e
ffffe7c89879
ffffe83d90c4
ffffe8b2890f
ffffe927815a
ffffe99c79a5
ffffea1171f0
ffffea866a3b
ffffeafb6286
ffffeb705ad1
ffffebe5531c
ffffec5a4b67
ffffeccf43b2
ffffed443bfd
ffffedb93448
ffffee2e2c93
ffffeea324de
ffffef181d29
ffffef8d1574
fffff0020dbf
fffff077060a
fffff0ebfe55
fffff160f6a0
fffff1d5eeeb
fffff24ae736
fffff2bfdf81
fffff334d7cc
fffff3a9d017
fffff41ec862
fffff493c0ad
fffff508b8f8
fffff57db143
fffff5f2a98e
fffff667a1d9
fffff6dc9a24
fffff751926f
fffff7c68aba
fffff83b8305
fffff8b07b50
fffff925739b
fffff99a6be6
fffffa0f6431
fffffa845c7c
fffffaf954c7
fffffb6e4d12
fffffbe3455d
fffffc583da8
fffffccd35f3
fffffd422e3e
fffffdb72689
fffffe2c1ed4
fffffea1171f
ffffff160f6a
ffffff8b07b5
000000000000
000000617994
000000c2f328
000001246cbc
00000185e650
000001e75fe4
00000248d978
000002aa530c
0000030bcca0
0000036d4634
000003cebfc8
00000430395c
00000491b2f0
000004f32c84
00000554a618
000005b61fac
000006179940
0000067912d4
000006da8c68
0000073c05fc
0000079d7f90
000007fef924
0000086072b8
000008c1ec4c
0000092365e0
00000984df74
000009e65908
00000a47d29c
00000aa94c30
00000b0ac5c4
00000b6c3f58
00000bcdb8ec
00000c2f3280
00000c90ac14
00000cf225a8
00000d539f3c
00000db518d0
00000e169264
00000e780bf8
00000ed9858c
00000f3aff20
00000f9c78b4
00000ffdf248
0000105f6bdc
000010c0e570
000011225f04
00001183d898
000011e5522c
00001246cbc0
000012a84554
00001309bee8
0000136b387c
000013ccb210
0000142e2ba4
0000148fa538
000014f11ecc
000015529860
000015b411f4
000016158b88
00001677051c
000016d87eb0
00001739f844
0000179b71d8
000017fceb6c
0000185e6500
000018bfde94
000019215828
00001982d1bc
000019e44b50
00001a45c4e4
00001aa73e78
00001b08b80c
00001b6a31a0
00001bcbab34
00001c2d24c8
00001c8e9e5c
00001cf017f0
00001d519184
00001db30b18
00001e1484ac
00001e75fe40
00001ed777d4
00001f38f168
00001f9a6afc
00001ffbe490
0000205d5e24
000020bed7b8
00002120514c
00002181cae0
000021e34474
00002244be08
000022a6379c
00002307b130
000023692ac4
000023caa458
0000242c1dec
0000248d9780
000024ef1114
000025508aa8
000025b2043c
000026137dd0
00002674f764
000026d670f8
00002737ea8c
000027996420
000027faddb4
0000285c5748
000028bdd0dc
0000291f4a70
00002980c404
000029e23d98
00002a43b72c
00002aa530c0
00002b06aa54
00002b6823e8
00002bc99d7c
00002c2b1710
00002c8c90a4
00002cee0a38
00002d4f83cc
00002db0fd60
00002e1276f4
00002e73f088
00002ed56a1c
00002f36e3b0
00002f985d44
00002ff9d6d8
0000305b506c
ffffcf433600
ffffcfa4af94
ffffd0062928
ffffd067a2bc
ffffd0c91c50
ffffd12a95e4
ffffd18c0f78
ffffd1ed890c
ffffd24f02a0
ffffd2b07c34
ffffd311f5c8
ffffd3736f5c
ffffd3d4e8f0
ffffd4366284
ffffd497dc18
ffffd4f955ac
ffffd55acf40
ffffd5bc48d4
ffffd61dc268
ffffd67f3bfc
ffffd6e0b590
ffffd7422f24
ffffd7a3a8b8
ffffd805224c
ffffd8669be0
ffffd8c81574
ffffd9298f08
ffffd98b089c
ffffd9ec8230
ffffda4dfbc4
ffffdaaf7558
ffffdb10eeec
ffffdb726880
ffffdbd3e214
ffffdc355ba8
ffffdc96d53c
ffffdcf84ed0
ffffdd59c864
ffffddbb41f8
ffffde1cbb8c
ffffde7e3520
ffffdedfaeb4
ffffdf412848
ffffdfa2a1dc
ffffe0041b70
ffffe0659504
ffffe0c70e98
ffffe128882c
ffffe18a01c0
ffffe1eb7b54
ffffe24cf4e8
ffffe2ae6e7c
ffffe30fe810
ffffe37161a4
ffffe3d2db38
ffffe43454cc
ffffe495ce60
ffffe4f747f4
ffffe558c188
ffffe5ba3b1c
ffffe61bb4b0
ffffe67d2e44
ffffe6dea7d8
ffffe740216c
ffffe7a19b00
ffffe8031494
ffffe8648e28
ffffe8c607bc
ffffe9278150
ffffe988fae4
ffffe9ea7478
ffffea4bee0c
ffffeaad67a0
ffffeb0ee134
ffffeb705ac8
ffffebd1d45c
ffffec334df0
ffffec94c784
ffffecf64118
ffffed57baac
ffffedb93440
ffffee1aadd4
ffffee7c2768
ffffeedda0fc
ffffef3f1a90
ffffefa09424
fffff0020db8
fffff063874c
fffff0c500e0
fffff1267a74
fffff187f408
fffff1e96d9c
fffff24ae730
fffff2ac60c4
fffff30dda58
fffff36f53ec
fffff3d0cd80
fffff4324714
fffff493c0a8
fffff4f53a3c
fffff556b3d0
fffff5b82d64
fffff619a6f8
fffff67b208c
fffff6dc9a20
fffff73e13b4
fffff79f8d48
fffff80106dc
fffff8628070
fffff8c3fa04
fffff9257398
fffff986ed2c
fffff9e866c0
fffffa49e054
fffffaab59e8
fffffb0cd37c
fffffb6e4d10
fffffbcfc6a4
fffffc314038
fffffc92b9cc
fffffcf43360
fffffd55acf4
fffffdb72688
fffffe18a01c
fffffe7a19b0
fffffedb9344
ffffff3d0cd8
ffffff9e866c
000000000000
00000074f84b
000000e9f096
0000015ee8e1
000001d3e12c
00000248d977
000002bdd1c2
00000332ca0d
000003a7c258
0000041cbaa3
00000491b2ee
00000506ab39
0000057ba384
000005f09bcf
00000665941a
000006da8c65
0000074f84b0
000007c47cfb
000008397546
000008ae6d91
0000092365dc
000009985e27
00000a0d5672
00000a824ebd
00000af74708
00000b6c3f53
00000be1379e
00000c562fe9
00000ccb2834
00000d40207f
00000db518ca
00000e2a1115
00000e9f0960
00000f1401ab
00000f88f9f6
00000ffdf241
00001072ea8c
000010e7e2d7
0000115cdb22
000011d1d36d
00001246cbb8
000012bbc403
00001330bc4e
000013a5b499
0000141aace4
0000148fa52f
000015049d7a
0000157995c5
000015ee8e10
00001663865b
000016d87ea6
0000174d76f1
000017c26f3c
000018376787
000018ac5fd2
00001921581d
000019965068
00001a0b48b3
00001a8040fe
00001af53949
00001b6a3194
00001bdf29df
00001c54222a
00001cc91a75
00001d3e12c0
00001db30b0b
00001e280356
00001e9cfba1
00001f11f3ec
00001f86ec37
00001ffbe482
00002070dccd
000020e5d518
0000215acd63
000021cfc5ae
00002244bdf9
000022b9b644
0000232eae8f
000023a3a6da
000024189f25
0000248d9770
000025028fbb
000025778806
000025ec8051
00002661789c
000026d670e7
0000274b6932
000027c0617d
0000283559c8
000028aa5213
0000291f4a5e
0000299442a9
00002a093af4
00002a7e333f
00002af32b8a
00002b6823d5
00002bdd1c20
00002c52146b
00002cc70cb6
00002d3c0501
00002db0fd4c
00002e25f597
00002e9aede2
00002f0fe62d
00002f84de78
00002ff9d6c3
0000306ecf0e
000030e3c759
00003158bfa4
000031cdb7ef
00003242b03a
000032b7a885
0000332ca0d0
000033a1991b
000034169166
0000348b89b1
0000350081fc
000035757a47
000035ea7292
0000365f6add
000036d46328
000037495b73
000037be53be
000038334c09
000038a84454
0000391d3c9f
0000399234ea
00003a072d35
ffffc583da80
ffffc5f8d2cb
ffffc66dcb16
ffffc6e2c361
ffffc757bbac
ffffc7ccb3f7
ffffc841ac42
ffffc8b6a48d
ffffc92b9cd8
ffffc9a09523
ffffca158d6e
ffffca8a85b9
ffffcaff7e04
ffffcb74764f
ffffcbe96e9a
ffffcc5e66e5
ffffccd35f30
ffffcd48577b
ffffcdbd4fc6
ffffce324811
ffffcea7405c
ffffcf1c38a7
ffffcf9130f2
ffffd006293d
ffffd07b2188
ffffd0f019d3
ffffd165121e
ffffd1da0a69
ffffd24f02b4
ffffd2c3faff
ffffd338f34a
ffffd3adeb95
ffffd422e3e0
ffffd497dc2b
ffffd50cd476
ffffd581ccc1
ffffd5f6c50c
ffffd66bbd57
ffffd6e0b5a2
ffffd755aded
ffffd7caa638
ffffd83f9e83
ffffd8b496ce
ffffd9298f19
ffffd99e8764
ffffda137faf
ffffda8877fa
ffffdafd7045
ffffdb726890
ffffdbe760db
ffffdc5c5926
ffffdcd15171
ffffdd4649bc
ffffddbb4207
ffffde303a52
ffffdea5329d
ffffdf1a2ae8
ffffdf8f2333
ffffe0041b7e
ffffe07913c9
ffffe0ee0c14
ffffe163045f
ffffe1d7fcaa
ffffe24cf4f5
ffffe2c1ed40
ffffe336e58b
ffffe3abddd6
ffffe420d621
ffffe495ce6c
ffffe50ac6b7
ffffe57fbf02
ffffe5f4b74d
ffffe669af98
ffffe6dea7e3
ffffe753a02e
ffffe7c89879
ffffe83d90c4
ffffe8b2890f
ffffe927815a
ffffe99c79a5
ffffea1171f0
ffffea866a3b
ffffeafb6286
ffffeb705ad1
ffffebe5531c
ffffec5a4b67
ffffeccf43b2
ffffed443bfd
ffffedb93448
ffffee2e2c93
ffffeea324de
ffffef181d29
ffffef8d1574
fffff0020dbf
fffff077060a
fffff0ebfe55
fffff160f6a0
fffff1d5eeeb
fffff24ae736
fffff2bfdf81
fffff334d7cc
fffff3a9d017
fffff41ec862
fffff493c0ad
fffff508b8f8
fffff57db143
fffff5f2a98e
fffff667a1d9
fffff6dc9a24
fffff751926f
fffff7c68aba
fffff83b8305
fffff8b07b50
fffff925739b
fffff99a6be6
fffffa0f6431
fffffa845c7c
fffffaf954c7
fffffb6e4d12
fffffbe3455d
fffffc583da8
fffffccd35f3
fffffd422e3e
fffffdb72689
fffffe2c1ed4
fffffea1171f
ffffff160f6a
ffffff8b07b5
000000000000
000000617994
000000c2f328
000001246cbc
00000185e650
000001e75fe4
00000248d978
000002aa530c
0000030bcca0
0000036d4634
000003cebfc8
00000430395c
00000491b2f0
000004f32c84
00000554a618
000005b61fac
000006179940
0000067912d4
000006da8c68
0000073c05fc
0000079d7f90
000007fef924
0000086072b8
000008c1ec4c
0000092365e0
00000984df74
000009e65908
00000a47d29c
00000aa94c30
00000b0ac5c4
00000b6c3f58
00000bcdb8ec
00000c2f3280
00000c90ac14
00000cf225a8
00000d539f3c
00000db518d0
00000e169264
00000e780bf8
00000ed9858c
00000f3aff20
00000f9c78b4
00000ffdf248
0000105f6bdc
000010c0e570
000011225f04
00001183d898
000011e5522c
00001246cbc0
000012a84554
00001309bee8
0000136b387c
000013ccb210
0000142e2ba4
0000148fa538
000014f11ecc
000015529860
000015b411f4
000016158b88
00001677051c
000016d87eb0
00001739f844
0000179b71d8
000017fceb6c
0000185e6500
000018bfde94
000019215828
00001982d1bc
000019e44b50
00001a45c4e4
00001aa73e78
00001b08b80c
00001b6a31a0
00001bcbab34
00001c2d24c8
00001c8e9e5c
00001cf017f0
00001d519184
00001db30b18
00001e1484ac
00001e75fe40
00001ed777d4
00001f38f168
00001f9a6afc
00001ffbe490
0000205d5e24
000020bed7b8
00002120514c
00002181cae0
000021e34474
00002244be08
000022a6379c
00002307b130
000023692ac4
000023caa458
0000242c1dec
0000248d9780
000024ef1114
000025508aa8
000025b2043c
000026137dd0
00002674f764
000026d670f8
00002737ea8c
000027996420
000027faddb4
0000285c5748
000028bdd0dc
0000291f4a70
00002980c404
000029e23d98
00002a43b72c
00002aa530c0
00002b06aa54
00002b6823e8
00002bc99d7c
00002c2b1710
00002c8c90a4
00002cee0a38
00002d4f83cc
00002db0fd60
00002e1276f4
00002e73f088
00002ed56a1c
00002f36e3b0
00002f985d44
00002ff9d6d8
0000305b506c
ffffcf433600
ffffcfa4af94
ffffd0062928
ffffd067a2bc
ffffd0c91c50
ffffd12a95e4
ffffd18c0f78
ffffd1ed890c
ffffd24f02a0
ffffd2b07c34
ffffd311f5c8
ffffd3736f5c
ffffd3d4e8f0
ffffd4366284
ffffd497dc18
ffffd4f955ac
ffffd55acf40
ffffd5bc48d4
ffffd61dc268
ffffd67f3bfc
ffffd6e0b590
ffffd7422f24
ffffd7a3a8b8
ffffd805224c
ffffd8669be0
ffffd8c81574
ffffd9298f08
ffffd98b089c
ffffd9ec8230
ffffda4dfbc4
ffffdaaf7558
ffffdb10eeec
ffffdb726880
ffffdbd3e214
ffffdc355ba8
ffffdc96d53c
ffffdcf84ed0
ffffdd59c864
ffffddbb41f8
ffffde1cbb8c
ffffde7e3520
ffffdedfaeb4
ffffdf412848
ffffdfa2a1dc
ffffe0041b70
ffffe0659504
ffffe0c70e98
ffffe128882c
ffffe18a01c0
ffffe1eb7b54
ffffe24cf4e8
ffffe2ae6e7c
ffffe30fe810
ffffe37161a4
ffffe3d2db38
ffffe43454cc
ffffe495ce60
ffffe4f747f4
ffffe558c188
ffffe5ba3b1c
ffffe61bb4b0
ffffe67d2e44
ffffe6dea7d8
ffffe740216c
ffffe7a19b00
ffffe8031494
ffffe8648e28
ffffe8c607bc
ffffe9278150
ffffe988fae4
ffffe9ea7478
ffffea4bee0c
ffffeaad67a0
ffffeb0ee134
ffffeb705ac8
ffffebd1d45c
ffffec334df0
ffffec94c784
ffffecf64118
ffffed57baac
ffffedb93440
ffffee1aadd4
ffffee7c2768
ffffeedda0fc
ffffef3f1a90
ffffefa09424
fffff0020db8
fffff063874c
fffff0c500e0
fffff1267a74
fffff187f408
fffff1e96d9c
fffff24ae730
fffff2ac60c4
fffff30dda58
fffff36f53ec
fffff3d0cd80
fffff4324714
fffff493c0a8
fffff4f53a3c
fffff556b3d0
fffff5b82d64
fffff619a6f8
fffff67b208c
fffff6dc9a20
fffff73e13b4
fffff79f8d48
fffff80106dc
fffff8628070
fffff8c3fa04
fffff9257398
fffff986ed2c
fffff9e866c0
fffffa49e054
fffffaab59e8
fffffb0cd37c
fffffb6e4d10
fffffbcfc6a4
fffffc314038
fffffc92b9cc
fffffcf43360
fffffd55acf4
fffffdb72688
fffffe18a01c
fffffe7a19b0
fffffedb9344
ffffff3d0cd8
ffffff9e866c
000000000000
00000074f84b
000000e9f096
0000015ee8e1
000001d3e12c
00000248d977
000002bdd1c2
00000332ca0d
000003a7c258
0000041cbaa3
00000491b2ee
00000506ab39
0000057ba384
000005f09bcf
00000665941a
000006da8c65
0000074f84b0
000007c47cfb
000008397546
000008ae6d91
0000092365dc
000009985e27
00000a0d5672
00000a824ebd
00000af74708
00000b6c3f53
00000be1379e
00000c562fe9
00000ccb2834
00000d40207f
00000db518ca
00000e2a1115
00000e9f0960
00000f1401ab
00000f88f9f6
00000ffdf241
00001072ea8c
000010e7e2d7
0000115cdb22
000011d1d36d
00001246cbb8
000012bbc403
00001330bc4e
000013a5b499
0000141aace4
0000148fa52f
000015049d7a
0000157995c5
000015ee8e10
00001663865b
000016d87ea6
0000174d76f1
000017c26f3c
000018376787
000018ac5fd2
00001921581d
000019965068
00001a0b48b3
00001a8040fe
00001af53949
00001b6a3194
00001bdf29df
00001c54222a
00001cc91a75
00001d3e12c0
00001db30b0b
00001e280356
00001e9cfba1
00001f11f3ec
00001f86ec37
00001ffbe482
00002070dccd
000020e5d518
0000215acd63
000021cfc5ae
00002244bdf9
000022b9b644
0000232eae8f
000023a3a6da
000024189f25
0000248d9770
000025028fbb
000025778806
000025ec8051
00002661789c
000026d670e7
0000274b6932
000027c0617d
0000283559c8
000028aa5213
0000291f4a5e
0000299442a9
00002a093af4
00002a7e333f
00002af32b8a
00002b6823d5
00002bdd1c20
00002c52146b
00002cc70cb6
00002d3c0501
00002db0fd4c
00002e25f597
00002e9aede2
00002f0fe62d
00002f84de78
00002ff9d6c3
0000306ecf0e
000030e3c759
00003158bfa4
000031cdb7ef
00003242b03a
000032b7a885
0000332ca0d0
000033a1991b
000034169166
0000348b89b1
0000350081fc
000035757a47
000035ea7292
0000365f6add
000036d46328
000037495b73
000037be53be
000038334c09
000038a84454
0000391d3c9f
0000399234ea
00003a072d35
ffffc583da80
ffffc5f8d2cb
ffffc66dcb16
ffffc6e2c361
ffffc757bbac
ffffc7ccb3f7
ffffc841ac42
ffffc8b6a48d
ffffc92b9cd8
ffffc9a09523
ffffca158d6e
ffffca8a85b9
ffffcaff7e04
ffffcb74764f
ffffcbe96e9a
ffffcc5e66e5
ffffccd35f30
ffffcd48577b
ffffcdbd4fc6
ffffce324811
ffffcea7405c
ffffcf1c38a7
ffffcf9130f2
ffffd006293d
ffffd07b2188
ffffd0f019d3
ffffd165121e
ffffd1da0a69
ffffd24f02b4
ffffd2c3faff
ffffd338f34a
ffffd3adeb95
ffffd422e3e0
ffffd497dc2b
ffffd50cd476
ffffd581ccc1
ffffd5f6c50c
ffffd66bbd57
ffffd6e0b5a2
ffffd755aded
ffffd7caa638
ffffd83f9e83
ffffd8b496ce
ffffd9298f19
ffffd99e8764
ffffda137faf
ffffda8877fa
ffffdafd7045
ffffdb726890
ffffdbe760db
ffffdc5c5926
ffffdcd15171
ffffdd4649bc
ffffddbb4207
ffffde303a52
ffffdea5329d
ffffdf1a2ae8
ffffdf8f2333
ffffe0041b7e
ffffe07913c9
ffffe0ee0c14
ffffe163045f
ffffe1d7fcaa
ffffe24cf4f5
ffffe2c1ed40
ffffe336e58b
ffffe3abddd6
ffffe420d621
ffffe495ce6c
ffffe50ac6b7
ffffe57fbf02
ffffe5f4b74d
ffffe669af98
ffffe6dea7e3
ffffe753a02e
ffffe7c89879
ffffe83d90c4
ffffe8b2890f
ffffe927815a
ffffe99c79a5
ffffea1171f0
ffffea866a3b
ffffeafb6286
ffffeb705ad1
ffffebe5531c
ffffec5a4b67
ffffeccf43b2
ffffed443bfd
ffffedb93448
ffffee2e2c93
ffffeea324de
ffffef181d29
ffffef8d1574
fffff0020dbf
fffff077060a
fffff0ebfe55
fffff160f6a0
fffff1d5eeeb
fffff24ae736
fffff2bfdf81
fffff334d7cc
fffff3a9d017
fffff41ec862
fffff493c0ad
fffff508b8f8
fffff57db143
fffff5f2a98e
fffff667a1d9
fffff6dc9a24
fffff751926f
fffff7c68aba
fffff83b8305
fffff8b07b50
fffff925739b
fffff99a6be6
fffffa0f6431
fffffa845c7c
fffffaf954c7
fffffb6e4d12
fffffbe3455d
fffffc583da8
fffffccd35f3
fffffd422e3e
fffffdb72689
fffffe2c1ed4
fffffea1171f
ffffff160f6a
ffffff8b07b5
000000000000
00000074f84b
000000e9f096
0000015ee8e1
000001d3e12c
00000248d977
000002bdd1c2
00000332ca0d
000003a7c258
0000041cbaa3
00000491b2ee
00000506ab39
0000057ba384
000005f09bcf
00000665941a
000006da8c65
0000074f84b0
000007c47cfb
000008397546
000008ae6d91
0000092365dc
000009985e27
00000a0d5672
00000a824ebd
00000af74708
00000b6c3f53
00000be1379e
00000c562fe9
00000ccb2834
00000d40207f
00000db518ca
00000e2a1115
00000e9f0960
00000f1401ab
00000f88f9f6
00000ffdf241
00001072ea8c
000010e7e2d7
0000115cdb22
000011d1d36d
00001246cbb8
000012bbc403
00001330bc4e
000013a5b499
0000141aace4
0000148fa52f
000015049d7a
0000157995c5
000015ee8e10
00001663865b
000016d87ea6
0000174d76f1
000017c26f3c
000018376787
000018ac5fd2
00001921581d
000019965068
00001a0b48b3
00001a8040fe
00001af53949
00001b6a3194
00001bdf29df
00001c54222a
00001cc91a75
00001d3e12c0
00001db30b0b
00001e280356
00001e9cfba1
00001f11f3ec
00001f86ec37
00001ffbe482
00002070dccd
000020e5d518
0000215acd63
000021cfc5ae
00002244bdf9
000022b9b644
0000232eae8f
000023a3a6da
000024189f25
0000248d9770
000025028fbb
000025778806
000025ec8051
00002661789c
000026d670e7
0000274b6932
000027c0617d
0000283559c8
000028aa5213
0000291f4a5e
0000299442a9
00002a093af4
00002a7e333f
00002af32b8a
00002b6823d5
00002bdd1c20
00002c52146b
00002cc70cb6
00002d3c0501
00002db0fd4c
00002e25f597
00002e9aede2
00002f0fe62d
00002f84de78
00002ff9d6c3
0000306ecf0e
000030e3c759
00003158bfa4
000031cdb7ef
00003242b03a
000032b7a885
0000332ca0d0
000033a1991b
000034169166
0000348b89b1
0000350081fc
000035757a47
000035ea7292
0000365f6add
000036d46328
000037495b73
000037be53be
000038334c09
000038a84454
0000391d3c9f
0000399234ea
00003a072d35
ffffc583da80
ffffc5f8d2cb
ffffc66dcb16
ffffc6e2c361
ffffc757bbac
ffffc7ccb3f7
ffffc841ac42
ffffc8b6a48d
ffffc92b9cd8
ffffc9a09523
ffffca158d6e
ffffca8a85b9
ffffcaff7e04
ffffcb74764f
ffffcbe96e9a
ffffcc5e66e5
ffffccd35f30
ffffcd48577b
ffffcdbd4fc6
ffffce324811
ffffcea7405c
ffffcf1c38a7
ffffcf9130f2
ffffd006293d
ffffd07b2188
ffffd0f019d3
ffffd165121e
ffffd1da0a69
ffffd24f02b4
ffffd2c3faff
ffffd338f34a
ffffd3adeb95
ffffd422e3e0
ffffd497dc2b
ffffd50cd476
ffffd581ccc1
ffffd5f6c50c
ffffd66bbd57
ffffd6e0b5a2
ffffd755aded
ffffd7caa638
ffffd83f9e83
ffffd8b496ce
ffffd9298f19
ffffd99e8764
ffffda137faf
ffffda8877fa
ffffdafd7045
ffffdb726890
ffffdbe760db
ffffdc5c5926
ffffdcd15171
ffffdd4649bc
ffffddbb4207
ffffde303a52
ffffdea5329d
ffffdf1a2ae8
ffffdf8f2333
ffffe0041b7e
ffffe07913c9
ffffe0ee0c14
ffffe163045f
ffffe1d7fcaa
ffffe24cf4f5
ffffe2c1ed40
ffffe336e58b
ffffe3abddd6
ffffe420d621
ffffe495ce6c
ffffe50ac6b7
ffffe57fbf02
ffffe5f4b74d
ffffe669af98
ffffe6dea7e3
ffffe753a02e
ffffe7c89879
ffffe83d90c4
ffffe8b2890f
ffffe927815a
ffffe99c79a5
ffffea1171f0
ffffea866a3b
ffffeafb6286
ffffeb705ad1
ffffebe5531c
ffffec5a4b67
ffffeccf43b2
ffffed443bfd
ffffedb93448
ffffee2e2c93
ffffeea324de
ffffef181d29
ffffef8d1574
fffff0020dbf
fffff077060a
fffff0ebfe55
fffff160f6a0
fffff1d5eeeb
fffff24ae736
fffff2bfdf81
fffff334d7cc
fffff3a9d017
fffff41ec862
fffff493c0ad
fffff508b8f8
fffff57db143
fffff5f2a98e
fffff667a1d9
fffff6dc9a24
fffff751926f
fffff7c68aba
fffff83b8305
fffff8b07b50
fffff925739b
fffff99a6be6
fffffa0f6431
fffffa845c7c
fffffaf954c7
fffffb6e4d12
fffffbe3455d
fffffc583da8
fffffccd35f3
fffffd422e3e
fffffdb72689
fffffe2c1ed4
fffffea1171f
ffffff160f6a
ffffff8b07b5
000000000000
00000074f84b
000000e9f096
0000015ee8e1
000001d3e12c
00000248d977
000002bdd1c2
00000332ca0d
000003a7c258
0000041cbaa3
00000491b2ee
00000506ab39
0000057ba384
000005f09bcf
00000665941a
000006da8c65
0000074f84b0
000007c47cfb
000008397546
000008ae6d91
0000092365dc
000009985e27
00000a0d5672
00000a824ebd
00000af74708
00000b6c3f53
00000be1379e
00000c562fe9
00000ccb2834
00000d40207f
00000db518ca
00000e2a1115
00000e9f0960
00000f1401ab
00000f88f9f6
00000ffdf241
00001072ea8c
000010e7e2d7
0000115cdb22
000011d1d36d
00001246cbb8
000012bbc403
00001330bc4e
000013a5b499
0000141aace4
0000148fa52f
000015049d7a
0000157995c5
000015ee8e10
00001663865b
000016d87ea6
0000174d76f1
000017c26f3c
000018376787
000018ac5fd2
00001921581d
000019965068
00001a0b48b3
00001a8040fe
00001af53949
00001b6a3194
00001bdf29df
00001c54222a
00001cc91a75
00001d3e12c0
00001db30b0b
00001e280356
00001e9cfba1
00001f11f3ec
00001f86ec37
00001ffbe482
00002070dccd
000020e5d518
0000215acd63
000021cfc5ae
00002244bdf9
000022b9b644
0000232eae8f
000023a3a6da
000024189f25
0000248d9770
000025028fbb
000025778806
000025ec8051
00002661789c
000026d670e7
0000274b6932
000027c0617d
0000283559c8
000028aa5213
0000291f4a5e
0000299442a9
00002a093af4
00002a7e333f
00002af32b8a
00002b6823d5
00002bdd1c20
00002c52146b
00002cc70cb6
00002d3c0501
00002db0fd4c
00002e25f597
00002e9aede2
00002f0fe62d
00002f84de78
00002ff9d6c3
0000306ecf0e
000030e3c759
00003158bfa4
000031cdb7ef
00003242b03a
000032b7a885
0000332ca0d0
000033a1991b
000034169166
0000348b89b1
0000350081fc
000035757a47
000035ea7292
0000365f6add
000036d46328
000037495b73
000037be53be
000038334c09
000038a84454
0000391d3c9f
0000399234ea
00003a072d35
ffffc583da80
ffffc5f8d2cb
ffffc66dcb16
ffffc6e2c361
ffffc757bbac
ffffc7ccb3f7
ffffc841ac42
ffffc8b6a48d
ffffc92b9cd8
ffffc9a09523
ffffca158d6e
ffffca8a85b9
ffffcaff7e04
ffffcb74764f
ffffcbe96e9a
ffffcc5e66e5
ffffccd35f30
ffffcd48577b
ffffcdbd4fc6
ffffce324811
ffffcea7405c
ffffcf1c38a7
ffffcf9130f2
ffffd006293d
ffffd07b2188
ffffd0f019d3
ffffd165121e
ffffd1da0a69
ffffd24f02b4
ffffd2c3faff
ffffd338f34a
ffffd3adeb95
ffffd422e3e0
ffffd497dc2b
ffffd50cd476
ffffd581ccc1
ffffd5f6c50c
ffffd66bbd57
ffffd6e0b5a2
ffffd755aded
ffffd7caa638
ffffd83f9e83
ffffd8b496ce
ffffd9298f19
ffffd99e8764
ffffda137faf
ffffda8877fa
ffffdafd7045
ffffdb726890
ffffdbe760db
ffffdc5c5926
ffffdcd15171
ffffdd4649bc
ffffddbb4207
ffffde303a52
ffffdea5329d
ffffdf1a2ae8
ffffdf8f2333
ffffe0041b7e
ffffe07913c9
ffffe0ee0c14
ffffe163045f
ffffe1d7fcaa
ffffe24cf4f5
ffffe2c1ed40
ffffe336e58b
ffffe3abddd6
ffffe420d621
ffffe495ce6c
ffffe50ac6b7
ffffe57fbf02
ffffe5f4b74d
ffffe669af98
ffffe6dea7e3
ffffe753a02e
ffffe7c89879
ffffe83d90c4
ffffe8b2890f
ffffe927815a
ffffe99c79a5
ffffea1171f0
ffffea866a3b
ffffeafb6286
ffffeb705ad1
ffffebe5531c
ffffec5a4b67
ffffeccf43b2
ffffed443bfd
ffffedb93448
ffffee2e2c93
ffffeea324de
ffffef181d29
ffffef8d1574
fffff0020dbf
fffff077060a
fffff0ebfe55
fffff160f6a0
fffff1d5eeeb
fffff24ae736
fffff2bfdf81
fffff334d7cc
fffff3a9d017
fffff41ec862
fffff493c0ad
fffff508b8f8
fffff57db143
fffff5f2a98e
fffff667a1d9
fffff6dc9a24
fffff751926f
fffff7c68aba
fffff83b8305
fffff8b07b50
fffff925739b
fffff99a6be6
fffffa0f6431
fffffa845c7c
fffffaf954c7
fffffb6e4d12
fffffbe3455d
fffffc583da8
fffffccd35f3
fffffd422e3e
fffffdb72689
fffffe2c1ed4
fffffea1171f
ffffff160f6a
ffffff8b07b5
000000000000
000000617994
000000c2f328
000001246cbc
00000185e650
000001e75fe4
00000248d978
000002aa530c
0000030bcca0
0000036d4634
000003cebfc8
00000430395c
00000491b2f0
000004f32c84
00000554a618
000005b61fac
000006179940
0000067912d4
000006da8c68
0000073c05fc
0000079d7f90
000007fef924
0000086072b8
000008c1ec4c
0000092365e0
00000984df74
000009e65908
00000a47d29c
00000aa94c30
00000b0ac5c4
00000b6c3f58
00000bcdb8ec
00000c2f3280
00000c90ac14
00000cf225a8
00000d539f3c
00000db518d0
00000e169264
00000e780bf8
00000ed9858c
00000f3aff20
00000f9c78b4
00000ffdf248
0000105f6bdc
000010c0e570
000011225f04
00001183d898
000011e5522c
00001246cbc0
000012a84554
00001309bee8
0000136b387c
000013ccb210
0000142e2ba4
0000148fa538
000014f11ecc
000015529860
000015b411f4
000016158b88
00001677051c
000016d87eb0
00001739f844
0000179b71d8
000017fceb6c
0000185e6500
000018bfde94
000019215828
00001982d1bc
000019e44b50
00001a45c4e4
00001aa73e78
00001b08b80c
00001b6a31a0
00001bcbab34
00001c2d24c8
00001c8e9e5c
00001cf017f0
00001d519184
00001db30b18
00001e1484ac
00001e75fe40
00001ed777d4
00001f38f168
00001f9a6afc
00001ffbe490
0000205d5e24
000020bed7b8
00002120514c
00002181cae0
000021e34474
00002244be08
000022a6379c
00002307b130
000023692ac4
000023caa458
0000242c1dec
0000248d9780
000024ef1114
000025508aa8
000025b2043c
000026137dd0
00002674f764
000026d670f8
00002737ea8c
000027996420
000027faddb4
0000285c5748
000028bdd0dc
0000291f4a70
00002980c404
000029e23d98
00002a43b72c
00002aa530c0
00002b06aa54
00002b6823e8
00002bc99d7c
00002c2b1710
00002c8c90a4
00002cee0a38
00002d4f83cc
00002db0fd60
00002e1276f4
00002e73f088
00002ed56a1c
00002f36e3b0
00002f985d44
00002ff9d6d8
0000305b506c
ffffcf433600
ffffcfa4af94
ffffd0062928
ffffd067a2bc
ffffd0c91c50
ffffd12a95e4
ffffd18c0f78
ffffd1ed890c
ffffd24f02a0
ffffd2b07c34
ffffd311f5c8
ffffd3736f5c
ffffd3d4e8f0
ffffd4366284
ffffd497dc18
ffffd4f955ac
ffffd55acf40
ffffd5bc48d4
ffffd61dc268
ffffd67f3bfc
ffffd6e0b590
ffffd7422f24
ffffd7a3a8b8
ffffd805224c
ffffd8669be0
ffffd8c81574
ffffd9298f08
ffffd98b089c
ffffd9ec8230
ffffda4dfbc4
ffffdaaf7558
ffffdb10eeec
ffffdb726880
ffffdbd3e214
ffffdc355ba8
ffffdc96d53c
ffffdcf84ed0
ffffdd59c864
ffffddbb41f8
ffffde1cbb8c
ffffde7e3520
ffffdedfaeb4
ffffdf412848
ffffdfa2a1dc
ffffe0041b70
ffffe0659504
ffffe0c70e98
ffffe128882c
ffffe18a01c0
ffffe1eb7b54
ffffe24cf4e8
ffffe2ae6e7c
ffffe30fe810
ffffe37161a4
ffffe3d2db38
ffffe43454cc
ffffe495ce60
ffffe4f747f4
ffffe558c188
ffffe5ba3b1c
ffffe61bb4b0
ffffe67d2e44
ffffe6dea7d8
ffffe740216c
ffffe7a19b00
ffffe8031494
ffffe8648e28
ffffe8c607bc
ffffe9278150
ffffe988fae4
ffffe9ea7478
ffffea4bee0c
ffffeaad67a0
ffffeb0ee134
ffffeb705ac8
ffffebd1d45c
ffffec334df0
ffffec94c784
ffffecf64118
ffffed57baac
ffffedb93440
ffffee1aadd4
ffffee7c2768
ffffeedda0fc
ffffef3f1a90
ffffefa09424
fffff0020db8
fffff063874c
fffff0c500e0
fffff1267a74
fffff187f408
fffff1e96d9c
fffff24ae730
fffff2ac60c4
fffff30dda58
fffff36f53ec
fffff3d0cd80
fffff4324714
fffff493c0a8
fffff4f53a3c
fffff556b3d0
fffff5b82d64
fffff619a6f8
fffff67b208c
fffff6dc9a20
fffff73e13b4
fffff79f8d48
fffff80106dc
fffff8628070
fffff8c3fa04
fffff9257398
fffff986ed2c
fffff9e866c0
fffffa49e054
fffffaab59e8
fffffb0cd37c
fffffb6e4d10
fffffbcfc6a4
fffffc314038
fffffc92b9cc
fffffcf43360
fffffd55acf4
fffffdb72688
fffffe18a01c
fffffe7a19b0
fffffedb9344
ffffff3d0cd8
ffffff9e866c
000000000000
00000074f84b
000000e9f096
0000015ee8e1
000001d3e12c
00000248d977
000002bdd1c2
00000332ca0d
000003a7c258
0000041cbaa3
00000491b2ee
00000506ab39
0000057ba384
000005f09bcf
00000665941a
000006da8c65
0000074f84b0
000007c47cfb
000008397546
000008ae6d91
0000092365dc
000009985e27
00000a0d5672
00000a824ebd
00000af74708
00000b6c3f53
00000be1379e
00000c562fe9
00000ccb2834
00000d40207f
00000db518ca
00000e2a1115
00000e9f0960
00000f1401ab
00000f88f9f6
00000ffdf241
00001072ea8c
000010e7e2d7
0000115cdb22
000011d1d36d
00001246cbb8
000012bbc403
00001330bc4e
000013a5b499
0000141aace4
0000148fa52f
000015049d7a
0000157995c5
000015ee8e10
00001663865b
000016d87ea6
0000174d76f1
000017c26f3c
000018376787
000018ac5fd2
00001921581d
000019965068
00001a0b48b3
00001a8040fe
00001af53949
00001b6a3194
00001bdf29df
00001c54222a
00001cc91a75
00001d3e12c0
00001db30b0b
00001e280356
00001e9cfba1
00001f11f3ec
00001f86ec37
00001ffbe482
00002070dccd
000020e5d518
0000215acd63
000021cfc5ae
00002244bdf9
000022b9b644
0000232eae8f
000023a3a6da
000024189f25
0000248d9770
000025028fbb
000025778806
000025ec8051
00002661789c
000026d670e7
0000274b6932
000027c0617d
0000283559c8
000028aa5213
0000291f4a5e
0000299442a9
00002a093af4
00002a7e333f
00002af32b8a
00002b6823d5
00002bdd1c20
00002c52146b
00002cc70cb6
00002d3c0501
00002db0fd4c
00002e25f597
00002e9aede2
00002f0fe62d
00002f84de78
00002ff9d6c3
0000306ecf0e
000030e3c759
00003158bfa4
000031cdb7ef
00003242b03a
000032b7a885
0000332ca0d0
000033a1991b
000034169166
0000348b89b1
0000350081fc
000035757a47
000035ea7292
0000365f6add
000036d46328
000037495b73
000037be53be
000038334c09
000038a84454
0000391d3c9f
0000399234ea
00003a072d35
ffffc583da80
ffffc5f8d2cb
ffffc66dcb16
ffffc6e2c361
ffffc757bbac
ffffc7ccb3f7
ffffc841ac42
ffffc8b6a48d
ffffc92b9cd8
ffffc9a09523
ffffca158d6e
ffffca8a85b9
ffffcaff7e04
ffffcb74764f
ffffcbe96e9a
ffffcc5e66e5
ffffccd35f30
ffffcd48577b
ffffcdbd4fc6
ffffce324811
ffffcea7405c
ffffcf1c38a7
ffffcf9130f2
ffffd006293d
ffffd07b2188
ffffd0f019d3
ffffd165121e
ffffd1da0a69
ffffd24f02b4
ffffd2c3faff
ffffd338f34a
ffffd3adeb95
ffffd422e3e0
ffffd497dc2b
ffffd50cd476
ffffd581ccc1
ffffd5f6c50c
ffffd66bbd57
ffffd6e0b5a2
ffffd755aded
ffffd7caa638
ffffd83f9e83
ffffd8b496ce
ffffd9298f19
ffffd99e8764
ffffda137faf
ffffda8877fa
ffffdafd7045
ffffdb726890
ffffdbe760db
ffffdc5c5926
ffffdcd15171
ffffdd4649bc
ffffddbb4207
ffffde303a52
ffffdea5329d
ffffdf1a2ae8
ffffdf8f2333
ffffe0041b7e
ffffe07913c9
ffffe0ee0c14
ffffe163045f
ffffe1d7fcaa
ffffe24cf4f5
ffffe2c1ed40
ffffe336e58b
ffffe3abddd6
ffffe420d621
ffffe495ce6c
ffffe50ac6b7
ffffe57fbf02
ffffe5f4b74d
ffffe669af98
ffffe6dea7e3
ffffe753a02e
ffffe7c89879
ffffe83d90c4
ffffe8b2890f
ffffe927815a
ffffe99c79a5
ffffea1171f0
ffffea866a3b
ffffeafb6286
ffffeb705ad1
ffffebe5531c
ffffec5a4b67
ffffeccf43b2
ffffed443bfd
ffffedb93448
ffffee2e2c93
ffffeea324de
ffffef181d29
ffffef8d1574
fffff0020dbf
fffff077060a
fffff0ebfe55
fffff160f6a0
fffff1d5eeeb
fffff24ae736
fffff2bfdf81
fffff334d7cc
fffff3a9d017
fffff41ec862
fffff493c0ad
fffff508b8f8
fffff57db143
fffff5f2a98e
fffff667a1d9
fffff6dc9a24
fffff751926f
fffff7c68aba
fffff83b8305
fffff8b07b50
fffff925739b
fffff99a6be6
fffffa0f6431
fffffa845c7c
fffffaf954c7
fffffb6e4d12
fffffbe3455d
fffffc583da8
fffffccd35f3
fffffd422e3e
fffffdb72689
fffffe2c1ed4
fffffea1171f
ffffff160f6a
ffffff8b07b5
000000000000
000000617994
000000c2f328
000001246cbc
00000185e650
000001e75fe4
00000248d978
000002aa530c
0000030bcca0
0000036d4634
000003cebfc8
00000430395c
00000491b2f0
000004f32c84
00000554a618
000005b61fac
000006179940
0000067912d4
000006da8c68
0000073c05fc
0000079d7f90
000007fef924
0000086072b8
000008c1ec4c
0000092365e0
00000984df74
000009e65908
00000a47d29c
00000aa94c30
00000b0ac5c4
00000b6c3f58
00000bcdb8ec
00000c2f3280
00000c90ac14
00000cf225a8
00000d539f3c
00000db518d0
00000e169264
00000e780bf8
00000ed9858c
00000f3aff20
00000f9c78b4
00000ffdf248
0000105f6bdc
000010c0e570
000011225f04
00001183d898
000011e5522c
00001246cbc0
000012a84554
00001309bee8
0000136b387c
000013ccb210
0000142e2ba4
0000148fa538
000014f11ecc
000015529860
000015b411f4
000016158b88
00001677051c
000016d87eb0
00001739f844
0000179b71d8
000017fceb6c
0000185e6500
000018bfde94
000019215828
00001982d1bc
000019e44b50
00001a45c4e4
00001aa73e78
00001b08b80c
00001b6a31a0
00001bcbab34
00001c2d24c8
00001c8e9e5c
00001cf017f0
00001d519184
00001db30b18
00001e1484ac
00001e75fe40
00001ed777d4
00001f38f168
00001f9a6afc
00001ffbe490
0000205d5e24
000020bed7b8
00002120514c
00002181cae0
000021e34474
00002244be08
000022a6379c
00002307b130
000023692ac4
000023caa458
0000242c1dec
0000248d9780
000024ef1114
000025508aa8
000025b2043c
000026137dd0
00002674f764
000026d670f8
00002737ea8c
000027996420
000027faddb4
0000285c5748
000028bdd0dc
0000291f4a70
00002980c404
000029e23d98
00002a43b72c
00002aa530c0
00002b06aa54
00002b6823e8
00002bc99d7c
00002c2b1710
00002c8c90a4
00002cee0a38
00002d4f83cc
00002db0fd60
00002e1276f4
00002e73f088
00002ed56a1c
00002f36e3b0
00002f985d44
00002ff9d6d8
0000305b506c
ffffcf433600
ffffcfa4af94
ffffd0062928
ffffd067a2bc
ffffd0c91c50
ffffd12a95e4
ffffd18c0f78
ffffd1ed890c
ffffd24f02a0
ffffd2b07c34
ffffd311f5c8
ffffd3736f5c
ffffd3d4e8f0
ffffd4366284
ffffd497dc18
ffffd4f955ac
ffffd55acf40
ffffd5bc48d4
ffffd61dc268
ffffd67f3bfc
ffffd6e0b590
ffffd7422f24
ffffd7a3a8b8
ffffd805224c
ffffd8669be0
ffffd8c81574
ffffd9298f08
ffffd98b089c
ffffd9ec8230
ffffda4dfbc4
ffffdaaf7558
ffffdb10eeec
ffffdb726880
ffffdbd3e214
ffffdc355ba8
ffffdc96d53c
ffffdcf84ed0
ffffdd59c864
ffffddbb41f8
ffffde1cbb8c
ffffde7e3520
ffffdedfaeb4
ffffdf412848
ffffdfa2a1dc
ffffe0041b70
ffffe0659504
ffffe0c70e98
ffffe128882c
ffffe18a01c0
ffffe1eb7b54
ffffe24cf4e8
ffffe2ae6e7c
ffffe30fe810
ffffe37161a4
ffffe3d2db38
ffffe43454cc
ffffe495ce60
ffffe4f747f4
ffffe558c188
ffffe5ba3b1c
ffffe61bb4b0
ffffe67d2e44
ffffe6dea7d8
ffffe740216c
ffffe7a19b00
ffffe8031494
ffffe8648e28
ffffe8c607bc
ffffe9278150
ffffe988fae4
ffffe9ea7478
ffffea4bee0c
ffffeaad67a0
ffffeb0ee134
ffffeb705ac8
ffffebd1d45c
ffffec334df0
ffffec94c784
ffffecf64118
ffffed57baac
ffffedb93440
ffffee1aadd4
ffffee7c2768
ffffeedda0fc
ffffef3f1a90
ffffefa09424
fffff0020db8
fffff063874c
fffff0c500e0
fffff1267a74
fffff187f408
fffff1e96d9c
fffff24ae730
fffff2ac60c4
fffff30dda58
fffff36f53ec
fffff3d0cd80
fffff4324714
fffff493c0a8
fffff4f53a3c
fffff556b3d0
fffff5b82d64
fffff619a6f8
fffff67b208c
fffff6dc9a20
fffff73e13b4
fffff79f8d48
fffff80106dc
fffff8628070
fffff8c3fa04
fffff9257398
fffff986ed2c
fffff9e866c0
fffffa49e054
fffffaab59e8
fffffb0cd37c
fffffb6e4d10
fffffbcfc6a4
fffffc314038
fffffc92b9cc
fffffcf43360
fffffd55acf4
fffffdb72688
fffffe18a01c
fffffe7a19b0
fffffedb9344
ffffff3d0cd8
ffffff9e866c
000000000000
00000074f84b
000000e9f096
0000015ee8e1
000001d3e12c
00000248d977
000002bdd1c2
00000332ca0d
000003a7c258
0000041cbaa3
00000491b2ee
00000506ab39
0000057ba384
000005f09bcf
00000665941a
000006da8c65
0000074f84b0
000007c47cfb
000008397546
000008ae6d91
0000092365dc
000009985e27
00000a0d5672
00000a824ebd
00000af74708
00000b6c3f53
00000be1379e
00000c562fe9
00000ccb2834
00000d40207f
00000db518ca
00000e2a1115
00000e9f0960
00000f1401ab
00000f88f9f6
00000ffdf241
00001072ea8c
000010e7e2d7
0000115cdb22
000011d1d36d
00001246cbb8
000012bbc403
00001330bc4e
000013a5b499
0000141aace4
0000148fa52f
000015049d7a
0000157995c5
000015ee8e10
00001663865b
000016d87ea6
0000174d76f1
000017c26f3c
000018376787
000018ac5fd2
00001921581d
000019965068
00001a0b48b3
00001a8040fe
00001af53949
00001b6a3194
00001bdf29df
00001c54222a
00001cc91a75
00001d3e12c0
00001db30b0b
00001e280356
00001e9cfba1
00001f11f3ec
00001f86ec37
00001ffbe482
00002070dccd
000020e5d518
0000215acd63
000021cfc5ae
00002244bdf9
000022b9b644
0000232eae8f
000023a3a6da
000024189f25
0000248d9770
000025028fbb
000025778806
000025ec8051
00002661789c
000026d670e7
0000274b6932
000027c0617d
0000283559c8
000028aa5213
0000291f4a5e
0000299442a9
00002a093af4
00002a7e333f
00002af32b8a
00002b6823d5
00002bdd1c20
00002c52146b
00002cc70cb6
00002d3c0501
00002db0fd4c
00002e25f597
00002e9aede2
00002f0fe62d
00002f84de78
00002ff9d6c3
0000306ecf0e
000030e3c759
00003158bfa4
000031cdb7ef
00003242b03a
000032b7a885
0000332ca0d0
000033a1991b
000034169166
0000348b89b1
0000350081fc
000035757a47
000035ea7292
0000365f6add
000036d46328
000037495b73
000037be53be
000038334c09
000038a84454
0000391d3c9f
0000399234ea
00003a072d35
ffffc583da80
ffffc5f8d2cb
ffffc66dcb16
ffffc6e2c361
ffffc757bbac
ffffc7ccb3f7
ffffc841ac42
ffffc8b6a48d
ffffc92b9cd8
ffffc9a09523
ffffca158d6e
ffffca8a85b9
ffffcaff7e04
ffffcb74764f
ffffcbe96e9a
ffffcc5e66e5
ffffccd35f30
ffffcd48577b
ffffcdbd4fc6
ffffce324811
ffffcea7405c
ffffcf1c38a7
ffffcf9130f2
ffffd006293d
ffffd07b2188
ffffd0f019d3
ffffd165121e
ffffd1da0a69
ffffd24f02b4
ffffd2c3faff
ffffd338f34a
ffffd3adeb95
ffffd422e3e0
ffffd497dc2b
ffffd50cd476
ffffd581ccc1
ffffd5f6c50c
ffffd66bbd57
ffffd6e0b5a2
ffffd755aded
ffffd7caa638
ffffd83f9e83
ffffd8b496ce
ffffd9298f19
ffffd99e8764
ffffda137faf
ffffda8877fa
ffffdafd7045
ffffdb726890
ffffdbe760db
ffffdc5c5926
ffffdcd15171
ffffdd4649bc
ffffddbb4207
ffffde303a52
ffffdea5329d
ffffdf1a2ae8
ffffdf8f2333
ffffe0041b7e
ffffe07913c9
ffffe0ee0c14
ffffe163045f
ffffe1d7fcaa
ffffe24cf4f5
ffffe2c1ed40
ffffe336e58b
ffffe3abddd6
ffffe420d621
ffffe495ce6c
ffffe50ac6b7
ffffe57fbf02
ffffe5f4b74d
ffffe669af98
ffffe6dea7e3
ffffe753a02e
ffffe7c89879
ffffe83d90c4
ffffe8b2890f
ffffe927815a
ffffe99c79a5
ffffea1171f0
ffffea866a3b
ffffeafb6286
ffffeb705ad1
ffffebe5531c
ffffec5a4b67
ffffeccf43b2
ffffed443bfd
ffffedb93448
ffffee2e2c93
ffffeea324de
ffffef181d29
ffffef8d1574
fffff0020dbf
fffff077060a
fffff0ebfe55
fffff160f6a0
fffff1d5eeeb
fffff24ae736
fffff2bfdf81
fffff334d7cc
fffff3a9d017
fffff41ec862
fffff493c0ad
fffff508b8f8
fffff57db143
fffff5f2a98e
fffff667a1d9
fffff6dc9a24
fffff751926f
fffff7c68aba
fffff83b8305
fffff8b07b50
fffff925739b
fffff99a6be6
fffffa0f6431
fffffa845c7c
fffffaf954c7
fffffb6e4d12
fffffbe3455d
fffffc583da8
fffffccd35f3
fffffd422e3e
fffffdb72689
fffffe2c1ed4
fffffea1171f
ffffff160f6a
ffffff8b07b5
000000000000
00000074f84b
000000e9f096
0000015ee8e1
000001d3e12c
00000248d977
000002bdd1c2
00000332ca0d
000003a7c258
0000041cbaa3
00000491b2ee
00000506ab39
0000057ba384
000005f09bcf
00000665941a
000006da8c65
0000074f84b0
000007c47cfb
000008397546
000008ae6d91
0000092365dc
000009985e27
00000a0d5672
00000a824ebd
00000af74708
00000b6c3f53
00000be1379e
00000c562fe9
00000ccb2834
00000d40207f
00000db518ca
00000e2a1115
00000e9f0960
00000f1401ab
00000f88f9f6
00000ffdf241
00001072ea8c
000010e7e2d7
0000115cdb22
000011d1d36d
00001246cbb8
000012bbc403
00001330bc4e
000013a5b499
0000141aace4
0000148fa52f
000015049d7a
0000157995c5
000015ee8e10
00001663865b
000016d87ea6
0000174d76f1
000017c26f3c
000018376787
000018ac5fd2
00001921581d
000019965068
00001a0b48b3
00001a8040fe
00001af53949
00001b6a3194
00001bdf29df
00001c54222a
00001cc91a75
00001d3e12c0
00001db30b0b
00001e280356
00001e9cfba1
00001f11f3ec
00001f86ec37
00001ffbe482
00002070dccd
000020e5d518
0000215acd63
000021cfc5ae
00002244bdf9
000022b9b644
0000232eae8f
000023a3a6da
000024189f25
0000248d9770
000025028fbb
000025778806
000025ec8051
00002661789c
000026d670e7
0000274b6932
000027c0617d
0000283559c8
000028aa5213
0000291f4a5e
0000299442a9
00002a093af4
00002a7e333f
00002af32b8a
00002b6823d5
00002bdd1c20
00002c52146b
00002cc70cb6
00002d3c0501
00002db0fd4c
00002e25f597
00002e9aede2
00002f0fe62d
00002f84de78
00002ff9d6c3
0000306ecf0e
000030e3c759
00003158bfa4
000031cdb7ef
00003242b03a
000032b7a885
0000332ca0d0
000033a1991b
000034169166
0000348b89b1
0000350081fc
000035757a47
000035ea7292
0000365f6add
000036d46328
000037495b73
000037be53be
000038334c09
000038a84454
0000391d3c9f
0000399234ea
00003a072d35
ffffc583da80
ffffc5f8d2cb
ffffc66dcb16
ffffc6e2c361
ffffc757bbac
ffffc7ccb3f7
ffffc841ac42
ffffc8b6a48d
ffffc92b9cd8
ffffc9a09523
ffffca158d6e
ffffca8a85b9
ffffcaff7e04
ffffcb74764f
ffffcbe96e9a
ffffcc5e66e5
ffffccd35f30
ffffcd48577b
ffffcdbd4fc6
ffffce324811
ffffcea7405c
ffffcf1c38a7
ffffcf9130f2
ffffd006293d
ffffd07b2188
ffffd0f019d3
ffffd165121e
ffffd1da0a69
ffffd24f02b4
ffffd2c3faff
ffffd338f34a
ffffd3adeb95
ffffd422e3e0
ffffd497dc2b
ffffd50cd476
ffffd581ccc1
ffffd5f6c50c
ffffd66bbd57
ffffd6e0b5a2
ffffd755aded
ffffd7caa638
ffffd83f9e83
ffffd8b496ce
ffffd9298f19
ffffd99e8764
ffffda137faf
ffffda8877fa
ffffdafd7045
ffffdb726890
ffffdbe760db
ffffdc5c5926
ffffdcd15171
ffffdd4649bc
ffffddbb4207
ffffde303a52
ffffdea5329d
ffffdf1a2ae8
ffffdf8f2333
ffffe0041b7e
ffffe07913c9
ffffe0ee0c14
ffffe163045f
ffffe1d7fcaa
ffffe24cf4f5
ffffe2c1ed40
ffffe336e58b
ffffe3abddd6
ffffe420d621
ffffe495ce6c
ffffe50ac6b7
ffffe57fbf02
ffffe5f4b74d
ffffe669af98
ffffe6dea7e3
ffffe753a02e
ffffe7c89879
ffffe83d90c4
ffffe8b2890f
ffffe927815a
ffffe99c79a5
ffffea1171f0
ffffea866a3b
ffffeafb6286
ffffeb705ad1
ffffebe5531c
ffffec5a4b67
ffffeccf43b2
ffffed443bfd
ffffedb93448
ffffee2e2c93
ffffeea324de
ffffef181d29
ffffef8d1574
fffff0020dbf
fffff077060a
fffff0ebfe55
fffff160f6a0
fffff1d5eeeb
fffff24ae736
fffff2bfdf81
fffff334d7cc
fffff3a9d017
fffff41ec862
fffff493c0ad
fffff508b8f8
fffff57db143
fffff5f2a98e
fffff667a1d9
fffff6dc9a24
fffff751926f
fffff7c68aba
fffff83b8305
fffff8b07b50
fffff925739b
fffff99a6be6
fffffa0f6431
fffffa845c7c
fffffaf954c7
fffffb6e4d12
fffffbe3455d
fffffc583da8
fffffccd35f3
fffffd422e3e
fffffdb72689
fffffe2c1ed4
fffffea1171f
ffffff160f6a
ffffff8b07b5
000000000000
000000617994
000000c2f328
000001246cbc
00000185e650
000001e75fe4
00000248d978
000002aa530c
0000030bcca0
0000036d4634
000003cebfc8
00000430395c
00000491b2f0
000004f32c84
00000554a618
000005b61fac
000006179940
0000067912d4
000006da8c68
0000073c05fc
0000079d7f90
000007fef924
0000086072b8
000008c1ec4c
0000092365e0
00000984df74
000009e65908
00000a47d29c
00000aa94c30
00000b0ac5c4
00000b6c3f58
00000bcdb8ec
00000c2f3280
00000c90ac14
00000cf225a8
00000d539f3c
00000db518d0
00000e169264
00000e780bf8
00000ed9858c
00000f3aff20
00000f9c78b4
00000ffdf248
0000105f6bdc
000010c0e570
000011225f04
00001183d898
000011e5522c
00001246cbc0
000012a84554
00001309bee8
0000136b387c
000013ccb210
0000142e2ba4
0000148fa538
000014f11ecc
000015529860
000015b411f4
000016158b88
00001677051c
000016d87eb0
00001739f844
0000179b71d8
000017fceb6c
0000185e6500
000018bfde94
000019215828
00001982d1bc
000019e44b50
00001a45c4e4
00001aa73e78
00001b08b80c
00001b6a31a0
00001bcbab34
00001c2d24c8
00001c8e9e5c
00001cf017f0
00001d519184
00001db30b18
00001e1484ac
00001e75fe40
00001ed777d4
00001f38f168
00001f9a6afc
00001ffbe490
0000205d5e24
000020bed7b8
00002120514c
00002181cae0
000021e34474
00002244be08
000022a6379c
00002307b130
000023692ac4
000023caa458
0000242c1dec
0000248d9780
000024ef1114
000025508aa8
000025b2043c
000026137dd0
00002674f764
000026d670f8
00002737ea8c
000027996420
000027faddb4
0000285c5748
000028bdd0dc
0000291f4a70
00002980c404
000029e23d98
00002a43b72c
00002aa530c0
00002b06aa54
00002b6823e8
00002bc99d7c
00002c2b1710
00002c8c90a4
00002cee0a38
00002d4f83cc
00002db0fd60
00002e1276f4
00002e73f088
00002ed56a1c
00002f36e3b0
00002f985d44
00002ff9d6d8
0000305b506c
ffffcf433600
ffffcfa4af94
ffffd0062928
ffffd067a2bc
ffffd0c91c50
ffffd12a95e4
ffffd18c0f78
ffffd1ed890c
ffffd24f02a0
ffffd2b07c34
ffffd311f5c8
ffffd3736f5c
ffffd3d4e8f0
ffffd4366284
ffffd497dc18
ffffd4f955ac
ffffd55acf40
ffffd5bc48d4
ffffd61dc268
ffffd67f3bfc
ffffd6e0b590
ffffd7422f24
ffffd7a3a8b8
ffffd805224c
ffffd8669be0
ffffd8c81574
ffffd9298f08
ffffd98b089c
ffffd9ec8230
ffffda4dfbc4
ffffdaaf7558
ffffdb10eeec
ffffdb726880
ffffdbd3e214
ffffdc355ba8
ffffdc96d53c
ffffdcf84ed0
ffffdd59c864
ffffddbb41f8
ffffde1cbb8c
ffffde7e3520
ffffdedfaeb4
ffffdf412848
ffffdfa2a1dc
ffffe0041b70
ffffe0659504
ffffe0c70e98
ffffe128882c
ffffe18a01c0
ffffe1eb7b54
ffffe24cf4e8
ffffe2ae6e7c
ffffe30fe810
ffffe37161a4
ffffe3d2db38
ffffe43454cc
ffffe495ce60
ffffe4f747f4
ffffe558c188
ffffe5ba3b1c
ffffe61bb4b0
ffffe67d2e44
ffffe6dea7d8
ffffe740216c
ffffe7a19b00
ffffe8031494
ffffe8648e28
ffffe8c607bc
ffffe9278150
ffffe988fae4
ffffe9ea7478
ffffea4bee0c
ffffeaad67a0
ffffeb0ee134
ffffeb705ac8
ffffebd1d45c
ffffec334df0
ffffec94c784
ffffecf64118
ffffed57baac
ffffedb93440
ffffee1aadd4
ffffee7c2768
ffffeedda0fc
ffffef3f1a90
ffffefa09424
fffff0020db8
fffff063874c
fffff0c500e0
fffff1267a74
fffff187f408
fffff1e96d9c
fffff24ae730
fffff2ac60c4
fffff30dda58
fffff36f53ec
fffff3d0cd80
fffff4324714
fffff493c0a8
fffff4f53a3c
fffff556b3d0
fffff5b82d64
fffff619a6f8
fffff67b208c
fffff6dc9a20
fffff73e13b4
fffff79f8d48
fffff80106dc
fffff8628070
fffff8c3fa04
fffff9257398
fffff986ed2c
fffff9e866c0
fffffa49e054
fffffaab59e8
fffffb0cd37c
fffffb6e4d10
fffffbcfc6a4
fffffc314038
fffffc92b9cc
fffffcf43360
fffffd55acf4
fffffdb72688
fffffe18a01c
fffffe7a19b0
fffffedb9344
ffffff3d0cd8
ffffff9e866c
000000000000
00000074f84b
000000e9f096
0000015ee8e1
000001d3e12c
00000248d977
000002bdd1c2
00000332ca0d
000003a7c258
0000041cbaa3
00000491b2ee
00000506ab39
0000057ba384
000005f09bcf
00000665941a
000006da8c65
0000074f84b0
000007c47cfb
000008397546
000008ae6d91
0000092365dc
000009985e27
00000a0d5672
00000a824ebd
00000af74708
00000b6c3f53
00000be1379e
00000c562fe9
00000ccb2834
00000d40207f
00000db518ca
00000e2a1115
00000e9f0960
00000f1401ab
00000f88f9f6
00000ffdf241
00001072ea8c
000010e7e2d7
0000115cdb22
000011d1d36d
00001246cbb8
000012bbc403
00001330bc4e
000013a5b499
0000141aace4
0000148fa52f
000015049d7a
0000157995c5
000015ee8e10
00001663865b
000016d87ea6
0000174d76f1
000017c26f3c
000018376787
000018ac5fd2
00001921581d
000019965068
00001a0b48b3
00001a8040fe
00001af53949
00001b6a3194
00001bdf29df
00001c54222a
00001cc91a75
00001d3e12c0
00001db30b0b
00001e280356
00001e9cfba1
00001f11f3ec
00001f86ec37
00001ffbe482
00002070dccd
000020e5d518
0000215acd63
000021cfc5ae
00002244bdf9
000022b9b644
0000232eae8f
000023a3a6da
000024189f25
0000248d9770
000025028fbb
000025778806
000025ec8051
00002661789c
000026d670e7
0000274b6932
000027c0617d
0000283559c8
000028aa5213
0000291f4a5e
0000299442a9
00002a093af4
00002a7e333f
00002af32b8a
00002b6823d5
00002bdd1c20
00002c52146b
00002cc70cb6
00002d3c0501
00002db0fd4c
00002e25f597
00002e9aede2
00002f0fe62d
00002f84de78
00002ff9d6c3
0000306ecf0e
000030e3c759
00003158bfa4
000031cdb7ef
00003242b03a
000032b7a885
0000332ca0d0
000033a1991b
000034169166
0000348b89b1
0000350081fc
000035757a47
000035ea7292
0000365f6add
000036d46328
000037495b73
000037be53be
000038334c09
000038a84454
0000391d3c9f
0000399234ea
00003a072d35
ffffc583da80
ffffc5f8d2cb
ffffc66dcb16
ffffc6e2c361
ffffc757bbac
ffffc7ccb3f7
ffffc841ac42
ffffc8b6a48d
ffffc92b9cd8
ffffc9a09523
ffffca158d6e
ffffca8a85b9
ffffcaff7e04
ffffcb74764f
ffffcbe96e9a
ffffcc5e66e5
ffffccd35f30
ffffcd48577b
ffffcdbd4fc6
ffffce324811
ffffcea7405c
ffffcf1c38a7
ffffcf9130f2
ffffd006293d
ffffd07b2188
ffffd0f019d3
ffffd165121e
ffffd1da0a69
ffffd24f02b4
ffffd2c3faff
ffffd338f34a
ffffd3adeb95
ffffd422e3e0
ffffd497dc2b
ffffd50cd476
ffffd581ccc1
ffffd5f6c50c
ffffd66bbd57
ffffd6e0b5a2
ffffd755aded
ffffd7caa638
ffffd83f9e83
ffffd8b496ce
ffffd9298f19
ffffd99e8764
ffffda137faf
ffffda8877fa
ffffdafd7045
ffffdb726890
ffffdbe760db
ffffdc5c5926
ffffdcd15171
ffffdd4649bc
ffffddbb4207
ffffde303a52
ffffdea5329d
ffffdf1a2ae8
ffffdf8f2333
ffffe0041b7e
ffffe07913c9
ffffe0ee0c14
ffffe163045f
ffffe1d7fcaa
ffffe24cf4f5
ffffe2c1ed40
ffffe336e58b
ffffe3abddd6
ffffe420d621
ffffe495ce6c
ffffe50ac6b7
ffffe57fbf02
ffffe5f4b74d
ffffe669af98
ffffe6dea7e3
ffffe753a02e
ffffe7c89879
ffffe83d90c4
ffffe8b2890f
ffffe927815a
ffffe99c79a5
ffffea1171f0
ffffea866a3b
ffffeafb6286
ffffeb705ad1
ffffebe5531c
ffffec5a4b67
ffffeccf43b2
ffffed443bfd
ffffedb93448
ffffee2e2c93
ffffeea324de
ffffef181d29
ffffef8d1574
fffff0020dbf
fffff077060a
fffff0ebfe55
fffff160f6a0
fffff1d5eeeb
fffff24ae736
fffff2bfdf81
fffff334d7cc
fffff3a9d017
fffff41ec862
fffff493c0ad
fffff508b8f8
fffff57db143
fffff5f2a98e
fffff667a1d9
fffff6dc9a24
fffff751926f
fffff7c68aba
fffff83b8305
fffff8b07b50
fffff925739b
fffff99a6be6
fffffa0f6431
fffffa845c7c
fffffaf954c7
fffffb6e4d12
fffffbe3455d
fffffc583da8
fffffccd35f3
fffffd422e3e
fffffdb72689
fffffe2c1ed4
fffffea1171f
ffffff160f6a
ffffff8b07b5
000000000000
00000074f84b
000000e9f096
0000015ee8e1
000001d3e12c
00000248d977
000002bdd1c2
00000332ca0d
000003a7c258
0000041cbaa3
00000491b2ee
00000506ab39
0000057ba384
000005f09bcf
00000665941a
000006da8c65
0000074f84b0
000007c47cfb
000008397546
000008ae6d91
0000092365dc
000009985e27
00000a0d5672
00000a824ebd
00000af74708
00000b6c3f53
00000be1379e
00000c562fe9
00000ccb2834
00000d40207f
00000db518ca
00000e2a1115
00000e9f0960
00000f1401ab
00000f88f9f6
00000ffdf241
00001072ea8c
000010e7e2d7
0000115cdb22
000011d1d36d
00001246cbb8
000012bbc403
00001330bc4e
000013a5b499
0000141aace4
0000148fa52f
000015049d7a
0000157995c5
000015ee8e10
00001663865b
000016d87ea6
0000174d76f1
000017c26f3c
000018376787
000018ac5fd2
00001921581d
000019965068
00001a0b48b3
00001a8040fe
00001af53949
00001b6a3194
00001bdf29df
00001c54222a
00001cc91a75
00001d3e12c0
00001db30b0b
00001e280356
00001e9cfba1
00001f11f3ec
00001f86ec37
00001ffbe482
00002070dccd
000020e5d518
0000215acd63
000021cfc5ae
00002244bdf9
000022b9b644
0000232eae8f
000023a3a6da
000024189f25
0000248d9770
000025028fbb
000025778806
000025ec8051
00002661789c
000026d670e7
0000274b6932
000027c0617d
0000283559c8
000028aa5213
0000291f4a5e
0000299442a9
00002a093af4
00002a7e333f
00002af32b8a
00002b6823d5
00002bdd1c20
00002c52146b
00002cc70cb6
00002d3c0501
00002db0fd4c
00002e25f597
00002e9aede2
00002f0fe62d
00002f84de78
00002ff9d6c3
0000306ecf0e
000030e3c759
00003158bfa4
000031cdb7ef
00003242b03a
000032b7a885
0000332ca0d0
000033a1991b
000034169166
0000348b89b1
0000350081fc
000035757a47
000035ea7292
0000365f6add
000036d46328
000037495b73
000037be53be
000038334c09
000038a84454
0000391d3c9f
0000399234ea
00003a072d35
ffffc583da80
ffffc5f8d2cb
ffffc66dcb16
ffffc6e2c361
ffffc757bbac
ffffc7ccb3f7
ffffc841ac42
ffffc8b6a48d
ffffc92b9cd8
ffffc9a09523
ffffca158d6e
ffffca8a85b9
ffffcaff7e04
ffffcb74764f
ffffcbe96e9a
ffffcc5e66e5
ffffccd35f30
ffffcd48577b
ffffcdbd4fc6
ffffce324811
ffffcea7405c
ffffcf1c38a7
ffffcf9130f2
ffffd006293d
ffffd07b2188
ffffd0f019d3
ffffd165121e
ffffd1da0a69
ffffd24f02b4
ffffd2c3faff
ffffd338f34a
ffffd3adeb95
ffffd422e3e0
ffffd497dc2b
ffffd50cd476
ffffd581ccc1
ffffd5f6c50c
ffffd66bbd57
ffffd6e0b5a2
ffffd755aded
ffffd7caa638
ffffd83f9e83
ffffd8b496ce
ffffd9298f19
ffffd99e8764
ffffda137faf
ffffda8877fa
ffffdafd7045
ffffdb726890
ffffdbe760db
ffffdc5c5926
ffffdcd15171
ffffdd4649bc
ffffddbb4207
ffffde303a52
ffffdea5329d
ffffdf1a2ae8
ffffdf8f2333
ffffe0041b7e
ffffe07913c9
ffffe0ee0c14
ffffe163045f
ffffe1d7fcaa
ffffe24cf4f5
ffffe2c1ed40
ffffe336e58b
ffffe3abddd6
ffffe420d621
ffffe495ce6c
ffffe50ac6b7
ffffe57fbf02
ffffe5f4b74d
ffffe669af98
ffffe6dea7e3
ffffe753a02e
ffffe7c89879
ffffe83d90c4
ffffe8b2890f
ffffe927815a
ffffe99c79a5
ffffea1171f0
ffffea866a3b
ffffeafb6286
ffffeb705ad1
ffffebe5531c
ffffec5a4b67
ffffeccf43b2
ffffed443bfd
ffffedb93448
ffffee2e2c93
ffffeea324de
ffffef181d29
ffffef8d1574
fffff0020dbf
fffff077060a
fffff0ebfe55
fffff160f6a0
fffff1d5eeeb
fffff24ae736
fffff2bfdf81
fffff334d7cc
fffff3a9d017
fffff41ec862
fffff493c0ad
fffff508b8f8
fffff57db143
fffff5f2a98e
fffff667a1d9
fffff6dc9a24
fffff751926f
fffff7c68aba
fffff83b8305
fffff8b07b50
fffff925739b
fffff99a6be6
fffffa0f6431
fffffa845c7c
fffffaf954c7
fffffb6e4d12
fffffbe3455d
fffffc583da8
fffffccd35f3
fffffd422e3e
fffffdb72689
fffffe2c1ed4
fffffea1171f
ffffff160f6a
ffffff8b07b5
000000000000
00000074f84b
000000e9f096
0000015ee8e1
000001d3e12c
00000248d977
000002bdd1c2
00000332ca0d
000003a7c258
0000041cbaa3
00000491b2ee
00000506ab39
0000057ba384
000005f09bcf
00000665941a
000006da8c65
0000074f84b0
000007c47cfb
000008397546
000008ae6d91
0000092365dc
000009985e27
00000a0d5672
00000a824ebd
00000af74708
00000b6c3f53
00000be1379e
00000c562fe9
00000ccb2834
00000d40207f
00000db518ca
00000e2a1115
00000e9f0960
00000f1401ab
00000f88f9f6
00000ffdf241
00001072ea8c
000010e7e2d7
0000115cdb22
000011d1d36d
00001246cbb8
000012bbc403
00001330bc4e
000013a5b499
0000141aace4
0000148fa52f
000015049d7a
0000157995c5
000015ee8e10
00001663865b
000016d87ea6
0000174d76f1
000017c26f3c
000018376787
000018ac5fd2
00001921581d
000019965068
00001a0b48b3
00001a8040fe
00001af53949
00001b6a3194
00001bdf29df
00001c54222a
00001cc91a75
00001d3e12c0
00001db30b0b
00001e280356
00001e9cfba1
00001f11f3ec
00001f86ec37
00001ffbe482
00002070dccd
000020e5d518
0000215acd63
000021cfc5ae
00002244bdf9
000022b9b644
0000232eae8f
000023a3a6da
000024189f25
0000248d9770
000025028fbb
000025778806
000025ec8051
00002661789c
000026d670e7
0000274b6932
000027c0617d
0000283559c8
000028aa5213
0000291f4a5e
0000299442a9
00002a093af4
00002a7e333f
00002af32b8a
00002b6823d5
00002bdd1c20
00002c52146b
00002cc70cb6
00002d3c0501
00002db0fd4c
00002e25f597
00002e9aede2
00002f0fe62d
00002f84de78
00002ff9d6c3
0000306ecf0e
000030e3c759
00003158bfa4
000031cdb7ef
00003242b03a
000032b7a885
0000332ca0d0
000033a1991b
000034169166
0000348b89b1
0000350081fc
000035757a47
000035ea7292
0000365f6add
000036d46328
000037495b73
000037be53be
000038334c09
000038a84454
0000391d3c9f
0000399234ea
00003a072d35
ffffc583da80
ffffc5f8d2cb
ffffc66dcb16
ffffc6e2c361
ffffc757bbac
ffffc7ccb3f7
ffffc841ac42
ffffc8b6a48d
ffffc92b9cd8
ffffc9a09523
ffffca158d6e
ffffca8a85b9
ffffcaff7e04
ffffcb74764f
ffffcbe96e9a
ffffcc5e66e5
ffffccd35f30
ffffcd48577b
ffffcdbd4fc6
ffffce324811
ffffcea7405c
ffffcf1c38a7
ffffcf9130f2
ffffd006293d
ffffd07b2188
ffffd0f019d3
ffffd165121e
ffffd1da0a69
ffffd24f02b4
ffffd2c3faff
ffffd338f34a
ffffd3adeb95
ffffd422e3e0
ffffd497dc2b
ffffd50cd476
ffffd581ccc1
ffffd5f6c50c
ffffd66bbd57
ffffd6e0b5a2
ffffd755aded
ffffd7caa638
ffffd83f9e83
ffffd8b496ce
ffffd9298f19
ffffd99e8764
ffffda137faf
ffffda8877fa
ffffdafd7045
ffffdb726890
ffffdbe760db
ffffdc5c5926
ffffdcd15171
ffffdd4649bc
ffffddbb4207
ffffde303a52
ffffdea5329d
ffffdf1a2ae8
ffffdf8f2333
ffffe0041b7e
ffffe07913c9
ffffe0ee0c14
ffffe163045f
ffffe1d7fcaa
ffffe24cf4f5
ffffe2c1ed40
ffffe336e58b
ffffe3abddd6
ffffe420d621
ffffe495ce6c
ffffe50ac6b7
ffffe57fbf02
ffffe5f4b74d
ffffe669af98
ffffe6dea7e3
ffffe753a02e
ffffe7c89879
ffffe83d90c4
ffffe8b2890f
ffffe927815a
ffffe99c79a5
ffffea1171f0
ffffea866a3b
ffffeafb6286
ffffeb705ad1
ffffebe5531c
ffffec5a4b67
ffffeccf43b2
ffffed443bfd
ffffedb93448
ffffee2e2c93
ffffeea324de
ffffef181d29
ffffef8d1574
fffff0020dbf
fffff077060a
fffff0ebfe55
fffff160f6a0
fffff1d5eeeb
fffff24ae736
fffff2bfdf81
fffff334d7cc
fffff3a9d017
fffff41ec862
fffff493c0ad
fffff508b8f8
fffff57db143
fffff5f2a98e
fffff667a1d9
fffff6dc9a24
fffff751926f
fffff7c68aba
fffff83b8305
fffff8b07b50
fffff925739b
fffff99a6be6
fffffa0f6431
fffffa845c7c
fffffaf954c7
fffffb6e4d12
fffffbe3455d
fffffc583da8
fffffccd35f3
fffffd422e3e
fffffdb72689
fffffe2c1ed4
fffffea1171f
ffffff160f6a
ffffff8b07b5
000000000000
00000074f84b
000000e9f096
0000015ee8e1
000001d3e12c
00000248d977
000002bdd1c2
00000332ca0d
000003a7c258
0000041cbaa3
00000491b2ee
00000506ab39
0000057ba384
000005f09bcf
00000665941a
000006da8c65
0000074f84b0
000007c47cfb
000008397546
000008ae6d91
0000092365dc
000009985e27
00000a0d5672
00000a824ebd
00000af74708
00000b6c3f53
00000be1379e
00000c562fe9
00000ccb2834
00000d40207f
00000db518ca
00000e2a1115
00000e9f0960
00000f1401ab
00000f88f9f6
00000ffdf241
00001072ea8c
000010e7e2d7
0000115cdb22
000011d1d36d
00001246cbb8
000012bbc403
00001330bc4e
000013a5b499
0000141aace4
0000148fa52f
000015049d7a
0000157995c5
000015ee8e10
00001663865b
000016d87ea6
0000174d76f1
000017c26f3c
000018376787
000018ac5fd2
00001921581d
000019965068
00001a0b48b3
00001a8040fe
00001af53949
00001b6a3194
00001bdf29df
00001c54222a
00001cc91a75
00001d3e12c0
00001db30b0b
00001e280356
00001e9cfba1
00001f11f3ec
00001f86ec37
00001ffbe482
00002070dccd
000020e5d518
0000215acd63
000021cfc5ae
00002244bdf9
000022b9b644
0000232eae8f
000023a3a6da
000024189f25
0000248d9770
000025028fbb
000025778806
000025ec8051
00002661789c
000026d670e7
0000274b6932
000027c0617d
0000283559c8
000028aa5213
0000291f4a5e
0000299442a9
00002a093af4
00002a7e333f
00002af32b8a
00002b6823d5
00002bdd1c20
00002c52146b
00002cc70cb6
00002d3c0501
00002db0fd4c
00002e25f597
00002e9aede2
00002f0fe62d
00002f84de78
00002ff9d6c3
0000306ecf0e
000030e3c759
00003158bfa4
000031cdb7ef
00003242b03a
000032b7a885
0000332ca0d0
000033a1991b
000034169166
0000348b89b1
0000350081fc
000035757a47
000035ea7292
0000365f6add
000036d46328
000037495b73
000037be53be
000038334c09
000038a84454
0000391d3c9f
0000399234ea
00003a072d35
ffffc583da80
ffffc5f8d2cb
ffffc66dcb16
ffffc6e2c361
ffffc757bbac
ffffc7ccb3f7
ffffc841ac42
ffffc8b6a48d
ffffc92b9cd8
ffffc9a09523
ffffca158d6e
ffffca8a85b9
ffffcaff7e04
ffffcb74764f
ffffcbe96e9a
ffffcc5e66e5
ffffccd35f30
ffffcd48577b
ffffcdbd4fc6
ffffce324811
ffffcea7405c
ffffcf1c38a7
ffffcf9130f2
ffffd006293d
ffffd07b2188
ffffd0f019d3
ffffd165121e
ffffd1da0a69
ffffd24f02b4
ffffd2c3faff
ffffd338f34a
ffffd3adeb95
ffffd422e3e0
ffffd497dc2b
ffffd50cd476
ffffd581ccc1
ffffd5f6c50c
ffffd66bbd57
ffffd6e0b5a2
ffffd755aded
ffffd7caa638
ffffd83f9e83
ffffd8b496ce
ffffd9298f19
ffffd99e8764
ffffda137faf
ffffda8877fa
ffffdafd7045
ffffdb726890
ffffdbe760db
ffffdc5c5926
ffffdcd15171
ffffdd4649bc
ffffddbb4207
ffffde303a52
ffffdea5329d
ffffdf1a2ae8
ffffdf8f2333
ffffe0041b7e
ffffe07913c9
ffffe0ee0c14
ffffe163045f
ffffe1d7fcaa
ffffe24cf4f5
ffffe2c1ed40
ffffe336e58b
ffffe3abddd6
ffffe420d621
ffffe495ce6c
ffffe50ac6b7
ffffe57fbf02
ffffe5f4b74d
ffffe669af98
ffffe6dea7e3
ffffe753a02e
ffffe7c89879
ffffe83d90c4
ffffe8b2890f
ffffe927815a
ffffe99c79a5
ffffea1171f0
ffffea866a3b
ffffeafb6286
ffffeb705ad1
ffffebe5531c
ffffec5a4b67
ffffeccf43b2
ffffed443bfd
ffffedb93448
ffffee2e2c93
ffffeea324de
ffffef181d29
ffffef8d1574
fffff0020dbf
fffff077060a
fffff0ebfe55
fffff160f6a0
fffff1d5eeeb
fffff24ae736
fffff2bfdf81
fffff334d7cc
fffff3a9d017
fffff41ec862
fffff493c0ad
fffff508b8f8
fffff57db143
fffff5f2a98e
fffff667a1d9
fffff6dc9a24
fffff751926f
fffff7c68aba
fffff83b8305
fffff8b07b50
fffff925739b
fffff99a6be6
fffffa0f6431
fffffa845c7c
fffffaf954c7
fffffb6e4d12
fffffbe3455d
fffffc583da8
fffffccd35f3
fffffd422e3e
fffffdb72689
fffffe2c1ed4
fffffea1171f
ffffff160f6a
ffffff8b07b5
000000000000
00000074f84b
000000e9f096
0000015ee8e1
000001d3e12c
00000248d977
000002bdd1c2
00000332ca0d
000003a7c258
0000041cbaa3
00000491b2ee
00000506ab39
0000057ba384
000005f09bcf
00000665941a
000006da8c65
0000074f84b0
000007c47cfb
000008397546
000008ae6d91
0000092365dc
000009985e27
00000a0d5672
00000a824ebd
00000af74708
00000b6c3f53
00000be1379e
00000c562fe9
00000ccb2834
00000d40207f
00000db518ca
00000e2a1115
00000e9f0960
00000f1401ab
00000f88f9f6
00000ffdf241
00001072ea8c
000010e7e2d7
0000115cdb22
000011d1d36d
00001246cbb8
000012bbc403
00001330bc4e
000013a5b499
0000141aace4
0000148fa52f
000015049d7a
0000157995c5
000015ee8e10
00001663865b
000016d87ea6
0000174d76f1
000017c26f3c
000018376787
000018ac5fd2
00001921581d
000019965068
00001a0b48b3
00001a8040fe
00001af53949
00001b6a3194
00001bdf29df
00001c54222a
00001cc91a75
00001d3e12c0
00001db30b0b
00001e280356
00001e9cfba1
00001f11f3ec
00001f86ec37
00001ffbe482
00002070dccd
000020e5d518
0000215acd63
000021cfc5ae
00002244bdf9
000022b9b644
0000232eae8f
000023a3a6da
000024189f25
0000248d9770
000025028fbb
000025778806
000025ec8051
00002661789c
000026d670e7
0000274b6932
000027c0617d
0000283559c8
000028aa5213
0000291f4a5e
0000299442a9
00002a093af4
00002a7e333f
00002af32b8a
00002b6823d5
00002bdd1c20
00002c52146b
00002cc70cb6
00002d3c0501
00002db0fd4c
00002e25f597
00002e9aede2
00002f0fe62d
00002f84de78
00002ff9d6c3
0000306ecf0e
000030e3c759
00003158bfa4
000031cdb7ef
00003242b03a
000032b7a885
0000332ca0d0
000033a1991b
000034169166
0000348b89b1
0000350081fc
000035757a47
000035ea7292
0000365f6add
000036d46328
000037495b73
000037be53be
000038334c09
000038a84454
0000391d3c9f
0000399234ea
00003a072d35
ffffc583da80
ffffc5f8d2cb
ffffc66dcb16
ffffc6e2c361
ffffc757bbac
ffffc7ccb3f7
ffffc841ac42
ffffc8b6a48d
ffffc92b9cd8
ffffc9a09523
ffffca158d6e
ffffca8a85b9
ffffcaff7e04
ffffcb74764f
ffffcbe96e9a
ffffcc5e66e5
ffffccd35f30
ffffcd48577b
ffffcdbd4fc6
ffffce324811
ffffcea7405c
ffffcf1c38a7
ffffcf9130f2
ffffd006293d
ffffd07b2188
ffffd0f019d3
ffffd165121e
ffffd1da0a69
ffffd24f02b4
ffffd2c3faff
ffffd338f34a
ffffd3adeb95
ffffd422e3e0
ffffd497dc2b
ffffd50cd476
ffffd581ccc1
ffffd5f6c50c
ffffd66bbd57
ffffd6e0b5a2
ffffd755aded
ffffd7caa638
ffffd83f9e83
ffffd8b496ce
ffffd9298f19
ffffd99e8764
ffffda137faf
ffffda8877fa
ffffdafd7045
ffffdb726890
ffffdbe760db
ffffdc5c5926
ffffdcd15171
ffffdd4649bc
ffffddbb4207
ffffde303a52
ffffdea5329d
ffffdf1a2ae8
ffffdf8f2333
ffffe0041b7e
ffffe07913c9
ffffe0ee0c14
ffffe163045f
ffffe1d7fcaa
ffffe24cf4f5
ffffe2c1ed40
ffffe336e58b
ffffe3abddd6
ffffe420d621
ffffe495ce6c
ffffe50ac6b7
ffffe57fbf02
ffffe5f4b74d
ffffe669af98
ffffe6dea7e3
ffffe753a02e
ffffe7c89879
ffffe83d90c4
ffffe8b2890f
ffffe927815a
ffffe99c79a5
ffffea1171f0
ffffea866a3b
ffffeafb6286
ffffeb705ad1
ffffebe5531c
ffffec5a4b67
ffffeccf43b2
ffffed443bfd
ffffedb93448
ffffee2e2c93
ffffeea324de
ffffef181d29
ffffef8d1574
fffff0020dbf
fffff077060a
fffff0ebfe55
fffff160f6a0
fffff1d5eeeb
fffff24ae736
fffff2bfdf81
fffff334d7cc
fffff3a9d017
fffff41ec862
fffff493c0ad
fffff508b8f8
fffff57db143
fffff5f2a98e
fffff667a1d9
fffff6dc9a24
fffff751926f
fffff7c68aba
fffff83b8305
fffff8b07b50
fffff925739b
fffff99a6be6
fffffa0f6431
fffffa845c7c
fffffaf954c7
fffffb6e4d12
fffffbe3455d
fffffc583da8
fffffccd35f3
fffffd422e3e
fffffdb72689
fffffe2c1ed4
fffffea1171f
ffffff160f6a
ffffff8b07b5
000000000000
00000074f84b
000000e9f096
0000015ee8e1
000001d3e12c
00000248d977
000002bdd1c2
00000332ca0d
000003a7c258
0000041cbaa3
00000491b2ee
00000506ab39
0000057ba384
000005f09bcf
00000665941a
000006da8c65
0000074f84b0
000007c47cfb
000008397546
000008ae6d91
0000092365dc
000009985e27
00000a0d5672
00000a824ebd
00000af74708
00000b6c3f53
00000be1379e
00000c562fe9
00000ccb2834
00000d40207f
00000db518ca
00000e2a1115
00000e9f0960
00000f1401ab
00000f88f9f6
00000ffdf241
00001072ea8c
000010e7e2d7
0000115cdb22
000011d1d36d
00001246cbb8
000012bbc403
00001330bc4e
000013a5b499
0000141aace4
0000148fa52f
000015049d7a
0000157995c5
000015ee8e10
00001663865b
000016d87ea6
0000174d76f1
000017c26f3c
000018376787
000018ac5fd2
00001921581d
000019965068
00001a0b48b3
00001a8040fe
00001af53949
00001b6a3194
00001bdf29df
00001c54222a
00001cc91a75
00001d3e12c0
00001db30b0b
00001e280356
00001e9cfba1
00001f11f3ec
00001f86ec37
00001ffbe482
00002070dccd
000020e5d518
0000215acd63
000021cfc5ae
00002244bdf9
000022b9b644
0000232eae8f
000023a3a6da
000024189f25
0000248d9770
000025028fbb
000025778806
000025ec8051
00002661789c
000026d670e7
0000274b6932
000027c0617d
0000283559c8
000028aa5213
0000291f4a5e
0000299442a9
00002a093af4
00002a7e333f
00002af32b8a
00002b6823d5
00002bdd1c20
00002c52146b
00002cc70cb6
00002d3c0501
00002db0fd4c
00002e25f597
00002e9aede2
00002f0fe62d
00002f84de78
00002ff9d6c3
0000306ecf0e
000030e3c759
00003158bfa4
000031cdb7ef
00003242b03a
000032b7a885
0000332ca0d0
000033a1991b
000034169166
0000348b89b1
0000350081fc
000035757a47
000035ea7292
0000365f6add
000036d46328
000037495b73
000037be53be
000038334c09
000038a84454
0000391d3c9f
0000399234ea
00003a072d35
ffffc583da80
ffffc5f8d2cb
ffffc66dcb16
ffffc6e2c361
ffffc757bbac
ffffc7ccb3f7
ffffc841ac42
ffffc8b6a48d
ffffc92b9cd8
ffffc9a09523
ffffca158d6e
ffffca8a85b9
ffffcaff7e04
ffffcb74764f
ffffcbe96e9a
ffffcc5e66e5
ffffccd35f30
ffffcd48577b
ffffcdbd4fc6
ffffce324811
ffffcea7405c
ffffcf1c38a7
ffffcf9130f2
ffffd006293d
ffffd07b2188
ffffd0f019d3
ffffd165121e
ffffd1da0a69
ffffd24f02b4
ffffd2c3faff
ffffd338f34a
ffffd3adeb95
ffffd422e3e0
ffffd497dc2b
ffffd50cd476
ffffd581ccc1
ffffd5f6c50c
ffffd66bbd57
ffffd6e0b5a2
ffffd755aded
ffffd7caa638
ffffd83f9e83
ffffd8b496ce
ffffd9298f19
ffffd99e8764
ffffda137faf
ffffda8877fa
ffffdafd7045
ffffdb726890
ffffdbe760db
ffffdc5c5926
ffffdcd15171
ffffdd4649bc
ffffddbb4207
ffffde303a52
ffffdea5329d
ffffdf1a2ae8
ffffdf8f2333
ffffe0041b7e
ffffe07913c9
ffffe0ee0c14
ffffe163045f
ffffe1d7fcaa
ffffe24cf4f5
ffffe2c1ed40
ffffe336e58b
ffffe3abddd6
ffffe420d621
ffffe495ce6c
ffffe50ac6b7
ffffe57fbf02
ffffe5f4b74d
ffffe669af98
ffffe6dea7e3
ffffe753a02e
ffffe7c89879
ffffe83d90c4
ffffe8b2890f
ffffe927815a
ffffe99c79a5
ffffea1171f0
ffffea866a3b
ffffeafb6286
ffffeb705ad1
ffffebe5531c
ffffec5a4b67
ffffeccf43b2
ffffed443bfd
ffffedb93448
ffffee2e2c93
ffffeea324de
ffffef181d29
ffffef8d1574
fffff0020dbf
fffff077060a
fffff0ebfe55
fffff160f6a0
fffff1d5eeeb
fffff24ae736
fffff2bfdf81
fffff334d7cc
fffff3a9d017
fffff41ec862
fffff493c0ad
fffff508b8f8
fffff57db143
fffff5f2a98e
fffff667a1d9
fffff6dc9a24
fffff751926f
fffff7c68aba
fffff83b8305
fffff8b07b50
fffff925739b
fffff99a6be6
fffffa0f6431
fffffa845c7c
fffffaf954c7
fffffb6e4d12
fffffbe3455d
fffffc583da8
fffffccd35f3
fffffd422e3e
fffffdb72689
fffffe2c1ed4
fffffea1171f
ffffff160f6a
ffffff8b07b5
000000000000
00000074f84b
000000e9f096
0000015ee8e1
000001d3e12c
00000248d977
000002bdd1c2
00000332ca0d
000003a7c258
0000041cbaa3
00000491b2ee
00000506ab39
0000057ba384
000005f09bcf
00000665941a
000006da8c65
0000074f84b0
000007c47cfb
000008397546
000008ae6d91
0000092365dc
000009985e27
00000a0d5672
00000a824ebd
00000af74708
00000b6c3f53
00000be1379e
00000c562fe9
00000ccb2834
00000d40207f
00000db518ca
00000e2a1115
00000e9f0960
00000f1401ab
00000f88f9f6
00000ffdf241
00001072ea8c
000010e7e2d7
0000115cdb22
000011d1d36d
00001246cbb8
000012bbc403
00001330bc4e
000013a5b499
0000141aace4
0000148fa52f
000015049d7a
0000157995c5
000015ee8e10
00001663865b
000016d87ea6
0000174d76f1
000017c26f3c
000018376787
000018ac5fd2
00001921581d
000019965068
00001a0b48b3
00001a8040fe
00001af53949
00001b6a3194
00001bdf29df
00001c54222a
00001cc91a75
00001d3e12c0
00001db30b0b
00001e280356
00001e9cfba1
00001f11f3ec
00001f86ec37
00001ffbe482
00002070dccd
000020e5d518
0000215acd63
000021cfc5ae
00002244bdf9
000022b9b644
0000232eae8f
000023a3a6da
000024189f25
0000248d9770
000025028fbb
000025778806
000025ec8051
00002661789c
000026d670e7
0000274b6932
000027c0617d
0000283559c8
000028aa5213
0000291f4a5e
0000299442a9
00002a093af4
00002a7e333f
00002af32b8a
00002b6823d5
00002bdd1c20
00002c52146b
00002cc70cb6
00002d3c0501
00002db0fd4c
00002e25f597
00002e9aede2
00002f0fe62d
00002f84de78
00002ff9d6c3
0000306ecf0e
000030e3c759
00003158bfa4
000031cdb7ef
00003242b03a
000032b7a885
0000332ca0d0
000033a1991b
000034169166
0000348b89b1
0000350081fc
000035757a47
000035ea7292
0000365f6add
000036d46328
000037495b73
000037be53be
000038334c09
000038a84454
0000391d3c9f
0000399234ea
00003a072d35
ffffc583da80
ffffc5f8d2cb
ffffc66dcb16
ffffc6e2c361
ffffc757bbac
ffffc7ccb3f7
ffffc841ac42
ffffc8b6a48d
ffffc92b9cd8
ffffc9a09523
ffffca158d6e
ffffca8a85b9
ffffcaff7e04
ffffcb74764f
ffffcbe96e9a
ffffcc5e66e5
ffffccd35f30
ffffcd48577b
ffffcdbd4fc6
ffffce324811
ffffcea7405c
ffffcf1c38a7
ffffcf9130f2
ffffd006293d
ffffd07b2188
ffffd0f019d3
ffffd165121e
ffffd1da0a69
ffffd24f02b4
ffffd2c3faff
ffffd338f34a
ffffd3adeb95
ffffd422e3e0
ffffd497dc2b
ffffd50cd476
ffffd581ccc1
ffffd5f6c50c
ffffd66bbd57
ffffd6e0b5a2
ffffd755aded
ffffd7caa638
ffffd83f9e83
ffffd8b496ce
ffffd9298f19
ffffd99e8764
ffffda137faf
ffffda8877fa
ffffdafd7045
ffffdb726890
ffffdbe760db
ffffdc5c5926
ffffdcd15171
ffffdd4649bc
ffffddbb4207
ffffde303a52
ffffdea5329d
ffffdf1a2ae8
ffffdf8f2333
ffffe0041b7e
ffffe07913c9
ffffe0ee0c14
ffffe163045f
ffffe1d7fcaa
ffffe24cf4f5
ffffe2c1ed40
ffffe336e58b
ffffe3abddd6
ffffe420d621
ffffe495ce6c
ffffe50ac6b7
ffffe57fbf02
ffffe5f4b74d
ffffe669af98
ffffe6dea7e3
ffffe753a02e
ffffe7c89879
ffffe83d90c4
ffffe8b2890f
ffffe927815a
ffffe99c79a5
ffffea1171f0
ffffea866a3b
ffffeafb6286
ffffeb705ad1
ffffebe5531c
ffffec5a4b67
ffffeccf43b2
ffffed443bfd
ffffedb93448
ffffee2e2c93
ffffeea324de
ffffef181d29
ffffef8d1574
fffff0020dbf
fffff077060a
fffff0ebfe55
fffff160f6a0
fffff1d5eeeb
fffff24ae736
fffff2bfdf81
fffff334d7cc
fffff3a9d017
fffff41ec862
fffff493c0ad
fffff508b8f8
fffff57db143
fffff5f2a98e
fffff667a1d9
fffff6dc9a24
fffff751926f
fffff7c68aba
fffff83b8305
fffff8b07b50
fffff925739b
fffff99a6be6
fffffa0f6431
fffffa845c7c
fffffaf954c7
fffffb6e4d12
fffffbe3455d
fffffc583da8
fffffccd35f3
fffffd422e3e
fffffdb72689
fffffe2c1ed4
fffffea1171f
ffffff160f6a
ffffff8b07b5
000000000000
00000074f84b
000000e9f096
0000015ee8e1
000001d3e12c
00000248d977
000002bdd1c2
00000332ca0d
000003a7c258
0000041cbaa3
00000491b2ee
00000506ab39
0000057ba384
000005f09bcf
00000665941a
000006da8c65
0000074f84b0
000007c47cfb
000008397546
000008ae6d91
0000092365dc
000009985e27
00000a0d5672
00000a824ebd
00000af74708
00000b6c3f53
00000be1379e
00000c562fe9
00000ccb2834
00000d40207f
00000db518ca
00000e2a1115
00000e9f0960
00000f1401ab
00000f88f9f6
00000ffdf241
00001072ea8c
000010e7e2d7
0000115cdb22
000011d1d36d
00001246cbb8
000012bbc403
00001330bc4e
000013a5b499
0000141aace4
0000148fa52f
000015049d7a
0000157995c5
000015ee8e10
00001663865b
000016d87ea6
0000174d76f1
000017c26f3c
000018376787
000018ac5fd2
00001921581d
000019965068
00001a0b48b3
00001a8040fe
00001af53949
00001b6a3194
00001bdf29df
00001c54222a
00001cc91a75
00001d3e12c0
00001db30b0b
00001e280356
00001e9cfba1
00001f11f3ec
00001f86ec37
00001ffbe482
00002070dccd
000020e5d518
0000215acd63
000021cfc5ae
00002244bdf9
000022b9b644
0000232eae8f
000023a3a6da
000024189f25
0000248d9770
000025028fbb
000025778806
000025ec8051
00002661789c
000026d670e7
0000274b6932
000027c0617d
0000283559c8
000028aa5213
0000291f4a5e
0000299442a9
00002a093af4
00002a7e333f
00002af32b8a
00002b6823d5
00002bdd1c20
00002c52146b
00002cc70cb6
00002d3c0501
00002db0fd4c
00002e25f597
00002e9aede2
00002f0fe62d
00002f84de78
00002ff9d6c3
0000306ecf0e
000030e3c759
00003158bfa4
000031cdb7ef
00003242b03a
000032b7a885
0000332ca0d0
000033a1991b
000034169166
0000348b89b1
0000350081fc
000035757a47
000035ea7292
0000365f6add
000036d46328
000037495b73
000037be53be
000038334c09
000038a84454
0000391d3c9f
0000399234ea
00003a072d35
ffffc583da80
ffffc5f8d2cb
ffffc66dcb16
ffffc6e2c361
ffffc757bbac
ffffc7ccb3f7
ffffc841ac42
ffffc8b6a48d
ffffc92b9cd8
ffffc9a09523
ffffca158d6e
ffffca8a85b9
ffffcaff7e04
ffffcb74764f
ffffcbe96e9a
ffffcc5e66e5
ffffccd35f30
ffffcd48577b
ffffcdbd4fc6
ffffce324811
ffffcea7405c
ffffcf1c38a7
ffffcf9130f2
ffffd006293d
ffffd07b2188
ffffd0f019d3
ffffd165121e
ffffd1da0a69
ffffd24f02b4
ffffd2c3faff
ffffd338f34a
ffffd3adeb95
ffffd422e3e0
ffffd497dc2b
ffffd50cd476
ffffd581ccc1
ffffd5f6c50c
ffffd66bbd57
ffffd6e0b5a2
ffffd755aded
ffffd7caa638
ffffd83f9e83
ffffd8b496ce
ffffd9298f19
ffffd99e8764
ffffda137faf
ffffda8877fa
ffffdafd7045
ffffdb726890
ffffdbe760db
ffffdc5c5926
ffffdcd15171
ffffdd4649bc
ffffddbb4207
ffffde303a52
ffffdea5329d
ffffdf1a2ae8
ffffdf8f2333
ffffe0041b7e
ffffe07913c9
ffffe0ee0c14
ffffe163045f
ffffe1d7fcaa
ffffe24cf4f5
ffffe2c1ed40
ffffe336e58b
ffffe3abddd6
ffffe420d621
ffffe495ce6c
ffffe50ac6b7
ffffe57fbf02
ffffe5f4b74d
ffffe669af98
ffffe6dea7e3
ffffe753a02e
ffffe7c89879
ffffe83d90c4
ffffe8b2890f
ffffe927815a
ffffe99c79a5
ffffea1171f0
ffffea866a3b
ffffeafb6286
ffffeb705ad1
ffffebe5531c
ffffec5a4b67
ffffeccf43b2
ffffed443bfd
ffffedb93448
ffffee2e2c93
ffffeea324de
ffffef181d29
ffffef8d1574
fffff0020dbf
fffff077060a
fffff0ebfe55
fffff160f6a0
fffff1d5eeeb
fffff24ae736
fffff2bfdf81
fffff334d7cc
fffff3a9d017
fffff41ec862
fffff493c0ad
fffff508b8f8
fffff57db143
fffff5f2a98e
fffff667a1d9
fffff6dc9a24
fffff751926f
fffff7c68aba
fffff83b8305
fffff8b07b50
fffff925739b
fffff99a6be6
fffffa0f6431
fffffa845c7c
fffffaf954c7
fffffb6e4d12
fffffbe3455d
fffffc583da8
fffffccd35f3
fffffd422e3e
fffffdb72689
fffffe2c1ed4
fffffea1171f
ffffff160f6a
ffffff8b07b5
000000000000
00000074f84b
000000e9f096
0000015ee8e1
000001d3e12c
00000248d977
000002bdd1c2
00000332ca0d
000003a7c258
0000041cbaa3
00000491b2ee
00000506ab39
0000057ba384
000005f09bcf
00000665941a
000006da8c65
0000074f84b0
000007c47cfb
000008397546
000008ae6d91
0000092365dc
000009985e27
00000a0d5672
00000a824ebd
00000af74708
00000b6c3f53
00000be1379e
00000c562fe9
00000ccb2834
00000d40207f
00000db518ca
00000e2a1115
00000e9f0960
00000f1401ab
00000f88f9f6
00000ffdf241
00001072ea8c
000010e7e2d7
0000115cdb22
000011d1d36d
00001246cbb8
000012bbc403
00001330bc4e
000013a5b499
0000141aace4
0000148fa52f
000015049d7a
0000157995c5
000015ee8e10
00001663865b
000016d87ea6
0000174d76f1
000017c26f3c
000018376787
000018ac5fd2
00001921581d
000019965068
00001a0b48b3
00001a8040fe
00001af53949
00001b6a3194
00001bdf29df
00001c54222a
00001cc91a75
00001d3e12c0
00001db30b0b
00001e280356
00001e9cfba1
00001f11f3ec
00001f86ec37
00001ffbe482
00002070dccd
000020e5d518
0000215acd63
000021cfc5ae
00002244bdf9
000022b9b644
0000232eae8f
000023a3a6da
000024189f25
0000248d9770
000025028fbb
000025778806
000025ec8051
00002661789c
000026d670e7
0000274b6932
000027c0617d
0000283559c8
000028aa5213
0000291f4a5e
0000299442a9
00002a093af4
00002a7e333f
00002af32b8a
00002b6823d5
00002bdd1c20
00002c52146b
00002cc70cb6
00002d3c0501
00002db0fd4c
00002e25f597
00002e9aede2
00002f0fe62d
00002f84de78
00002ff9d6c3
0000306ecf0e
000030e3c759
00003158bfa4
000031cdb7ef
00003242b03a
000032b7a885
0000332ca0d0
000033a1991b
000034169166
0000348b89b1
0000350081fc
000035757a47
000035ea7292
0000365f6add
000036d46328
000037495b73
000037be53be
000038334c09
000038a84454
0000391d3c9f
0000399234ea
00003a072d35
ffffc583da80
ffffc5f8d2cb
ffffc66dcb16
ffffc6e2c361
ffffc757bbac
ffffc7ccb3f7
ffffc841ac42
ffffc8b6a48d
ffffc92b9cd8
ffffc9a09523
ffffca158d6e
ffffca8a85b9
ffffcaff7e04
ffffcb74764f
ffffcbe96e9a
ffffcc5e66e5
ffffccd35f30
ffffcd48577b
ffffcdbd4fc6
ffffce324811
ffffcea7405c
ffffcf1c38a7
ffffcf9130f2
ffffd006293d
ffffd07b2188
ffffd0f019d3
ffffd165121e
ffffd1da0a69
ffffd24f02b4
ffffd2c3faff
ffffd338f34a
ffffd3adeb95
ffffd422e3e0
ffffd497dc2b
ffffd50cd476
ffffd581ccc1
ffffd5f6c50c
ffffd66bbd57
ffffd6e0b5a2
ffffd755aded
ffffd7caa638
ffffd83f9e83
ffffd8b496ce
ffffd9298f19
ffffd99e8764
ffffda137faf
ffffda8877fa
ffffdafd7045
ffffdb726890
ffffdbe760db
ffffdc5c5926
ffffdcd15171
ffffdd4649bc
ffffddbb4207
ffffde303a52
ffffdea5329d
ffffdf1a2ae8
ffffdf8f2333
ffffe0041b7e
ffffe07913c9
ffffe0ee0c14
ffffe163045f
ffffe1d7fcaa
ffffe24cf4f5
ffffe2c1ed40
ffffe336e58b
ffffe3abddd6
ffffe420d621
ffffe495ce6c
ffffe50ac6b7
ffffe57fbf02
ffffe5f4b74d
ffffe669af98
ffffe6dea7e3
ffffe753a02e
ffffe7c89879
ffffe83d90c4
ffffe8b2890f
ffffe927815a
ffffe99c79a5
ffffea1171f0
ffffea866a3b
ffffeafb6286
ffffeb705ad1
ffffebe5531c
ffffec5a4b67
ffffeccf43b2
ffffed443bfd
ffffedb93448
ffffee2e2c93
ffffeea324de
ffffef181d29
ffffef8d1574
fffff0020dbf
fffff077060a
fffff0ebfe55
fffff160f6a0
fffff1d5eeeb
fffff24ae736
fffff2bfdf81
fffff334d7cc
fffff3a9d017
fffff41ec862
fffff493c0ad
fffff508b8f8
fffff57db143
fffff5f2a98e
fffff667a1d9
fffff6dc9a24
fffff751926f
fffff7c68aba
fffff83b8305
fffff8b07b50
fffff925739b
fffff99a6be6
fffffa0f6431
fffffa845c7c
fffffaf954c7
fffffb6e4d12
fffffbe3455d
fffffc583da8
fffffccd35f3
fffffd422e3e
fffffdb72689
fffffe2c1ed4
fffffea1171f
ffffff160f6a
ffffff8b07b5
000000000000
00000074f84b
000000e9f096
0000015ee8e1
000001d3e12c
00000248d977
000002bdd1c2
00000332ca0d
000003a7c258
0000041cbaa3
00000491b2ee
00000506ab39
0000057ba384
000005f09bcf
00000665941a
000006da8c65
0000074f84b0
000007c47cfb
000008397546
000008ae6d91
0000092365dc
000009985e27
00000a0d5672
00000a824ebd
00000af74708
00000b6c3f53
00000be1379e
00000c562fe9
00000ccb2834
00000d40207f
00000db518ca
00000e2a1115
00000e9f0960
00000f1401ab
00000f88f9f6
00000ffdf241
00001072ea8c
000010e7e2d7
0000115cdb22
000011d1d36d
00001246cbb8
000012bbc403
00001330bc4e
000013a5b499
0000141aace4
0000148fa52f
000015049d7a
0000157995c5
000015ee8e10
00001663865b
000016d87ea6
0000174d76f1
000017c26f3c
000018376787
000018ac5fd2
00001921581d
000019965068
00001a0b48b3
00001a8040fe
00001af53949
00001b6a3194
00001bdf29df
00001c54222a
00001cc91a75
00001d3e12c0
00001db30b0b
00001e280356
00001e9cfba1
00001f11f3ec
00001f86ec37
00001ffbe482
00002070dccd
000020e5d518
0000215acd63
000021cfc5ae
00002244bdf9
000022b9b644
0000232eae8f
000023a3a6da
000024189f25
0000248d9770
000025028fbb
000025778806
000025ec8051
00002661789c
000026d670e7
0000274b6932
000027c0617d
0000283559c8
000028aa5213
0000291f4a5e
0000299442a9
00002a093af4
00002a7e333f
00002af32b8a
00002b6823d5
00002bdd1c20
00002c52146b
00002cc70cb6
00002d3c0501
00002db0fd4c
00002e25f597
00002e9aede2
00002f0fe62d
00002f84de78
00002ff9d6c3
0000306ecf0e
000030e3c759
00003158bfa4
000031cdb7ef
00003242b03a
000032b7a885
0000332ca0d0
000033a1991b
000034169166
0000348b89b1
0000350081fc
000035757a47
000035ea7292
0000365f6add
000036d46328
000037495b73
000037be53be
000038334c09
000038a84454
0000391d3c9f
0000399234ea
00003a072d35
ffffc583da80
ffffc5f8d2cb
ffffc66dcb16
ffffc6e2c361
ffffc757bbac
ffffc7ccb3f7
ffffc841ac42
ffffc8b6a48d
ffffc92b9cd8
ffffc9a09523
ffffca158d6e
ffffca8a85b9
ffffcaff7e04
ffffcb74764f
ffffcbe96e9a
ffffcc5e66e5
ffffccd35f30
ffffcd48577b
ffffcdbd4fc6
ffffce324811
ffffcea7405c
ffffcf1c38a7
ffffcf9130f2
ffffd006293d
ffffd07b2188
ffffd0f019d3
ffffd165121e
ffffd1da0a69
ffffd24f02b4
ffffd2c3faff
ffffd338f34a
ffffd3adeb95
ffffd422e3e0
ffffd497dc2b
ffffd50cd476
ffffd581ccc1
ffffd5f6c50c
ffffd66bbd57
ffffd6e0b5a2
ffffd755aded
ffffd7caa638
ffffd83f9e83
ffffd8b496ce
ffffd9298f19
ffffd99e8764
ffffda137faf
ffffda8877fa
ffffdafd7045
ffffdb726890
ffffdbe760db
ffffdc5c5926
ffffdcd15171
ffffdd4649bc
ffffddbb4207
ffffde303a52
ffffdea5329d
ffffdf1a2ae8
ffffdf8f2333
ffffe0041b7e
ffffe07913c9
ffffe0ee0c14
ffffe163045f
ffffe1d7fcaa
ffffe24cf4f5
ffffe2c1ed40
ffffe336e58b
ffffe3abddd6
ffffe420d621
ffffe495ce6c
ffffe50ac6b7
ffffe57fbf02
ffffe5f4b74d
ffffe669af98
ffffe6dea7e3
ffffe753a02e
ffffe7c89879
ffffe83d90c4
ffffe8b2890f
ffffe927815a
ffffe99c79a5
ffffea1171f0
ffffea866a3b
ffffeafb6286
ffffeb705ad1
ffffebe5531c
ffffec5a4b67
ffffeccf43b2
ffffed443bfd
ffffedb93448
ffffee2e2c93
ffffeea324de
ffffef181d29
ffffef8d1574
fffff0020dbf
fffff077060a
fffff0ebfe55
fffff160f6a0
fffff1d5eeeb
fffff24ae736
fffff2bfdf81
fffff334d7cc
fffff3a9d017
fffff41ec862
fffff493c0ad
fffff508b8f8
fffff57db143
fffff5f2a98e
fffff667a1d9
fffff6dc9a24
fffff751926f
fffff7c68aba
fffff83b8305
fffff8b07b50
fffff925739b
fffff99a6be6
fffffa0f6431
fffffa845c7c
fffffaf954c7
fffffb6e4d12
fffffbe3455d
fffffc583da8
fffffccd35f3
fffffd422e3e
fffffdb72689
fffffe2c1ed4
fffffea1171f
ffffff160f6a
ffffff8b07b5
000000000000
00000074f84b
000000e9f096
0000015ee8e1
000001d3e12c
00000248d977
000002bdd1c2
00000332ca0d
000003a7c258
0000041cbaa3
00000491b2ee
00000506ab39
0000057ba384
000005f09bcf
00000665941a
000006da8c65
0000074f84b0
000007c47cfb
000008397546
000008ae6d91
0000092365dc
000009985e27
00000a0d5672
00000a824ebd
00000af74708
00000b6c3f53
00000be1379e
00000c562fe9
00000ccb2834
00000d40207f
00000db518ca
00000e2a1115
00000e9f0960
00000f1401ab
00000f88f9f6
00000ffdf241
00001072ea8c
000010e7e2d7
0000115cdb22
000011d1d36d
00001246cbb8
000012bbc403
00001330bc4e
000013a5b499
0000141aace4
0000148fa52f
000015049d7a
0000157995c5
000015ee8e10
00001663865b
000016d87ea6
0000174d76f1
000017c26f3c
000018376787
000018ac5fd2
00001921581d
000019965068
00001a0b48b3
00001a8040fe
00001af53949
00001b6a3194
00001bdf29df
00001c54222a
00001cc91a75
00001d3e12c0
00001db30b0b
00001e280356
00001e9cfba1
00001f11f3ec
00001f86ec37
00001ffbe482
00002070dccd
000020e5d518
0000215acd63
000021cfc5ae
00002244bdf9
000022b9b644
0000232eae8f
000023a3a6da
000024189f25
0000248d9770
000025028fbb
000025778806
000025ec8051
00002661789c
000026d670e7
0000274b6932
000027c0617d
0000283559c8
000028aa5213
0000291f4a5e
0000299442a9
00002a093af4
00002a7e333f
00002af32b8a
00002b6823d5
00002bdd1c20
00002c52146b
00002cc70cb6
00002d3c0501
00002db0fd4c
00002e25f597
00002e9aede2
00002f0fe62d
00002f84de78
00002ff9d6c3
0000306ecf0e
000030e3c759
00003158bfa4
000031cdb7ef
00003242b03a
000032b7a885
0000332ca0d0
000033a1991b
000034169166
0000348b89b1
0000350081fc
000035757a47
000035ea7292
0000365f6add
000036d46328
000037495b73
000037be53be
000038334c09
000038a84454
0000391d3c9f
0000399234ea
00003a072d35
ffffc583da80
ffffc5f8d2cb
ffffc66dcb16
ffffc6e2c361
ffffc757bbac
ffffc7ccb3f7
ffffc841ac42
ffffc8b6a48d
ffffc92b9cd8
ffffc9a09523
ffffca158d6e
ffffca8a85b9
ffffcaff7e04
ffffcb74764f
ffffcbe96e9a
ffffcc5e66e5
ffffccd35f30
ffffcd48577b
ffffcdbd4fc6
ffffce324811
ffffcea7405c
ffffcf1c38a7
ffffcf9130f2
ffffd006293d
ffffd07b2188
ffffd0f019d3
ffffd165121e
ffffd1da0a69
ffffd24f02b4
ffffd2c3faff
ffffd338f34a
ffffd3adeb95
ffffd422e3e0
ffffd497dc2b
ffffd50cd476
ffffd581ccc1
ffffd5f6c50c
ffffd66bbd57
ffffd6e0b5a2
ffffd755aded
ffffd7caa638
ffffd83f9e83
ffffd8b496ce
ffffd9298f19
ffffd99e8764
ffffda137faf
ffffda8877fa
ffffdafd7045
ffffdb726890
ffffdbe760db
ffffdc5c5926
ffffdcd15171
ffffdd4649bc
ffffddbb4207
ffffde303a52
ffffdea5329d
ffffdf1a2ae8
ffffdf8f2333
ffffe0041b7e
ffffe07913c9
ffffe0ee0c14
ffffe163045f
ffffe1d7fcaa
ffffe24cf4f5
ffffe2c1ed40
ffffe336e58b
ffffe3abddd6
ffffe420d621
ffffe495ce6c
ffffe50ac6b7
ffffe57fbf02
ffffe5f4b74d
ffffe669af98
ffffe6dea7e3
ffffe753a02e
ffffe7c89879
ffffe83d90c4
ffffe8b2890f
ffffe927815a
ffffe99c79a5
ffffea1171f0
ffffea866a3b
ffffeafb6286
ffffeb705ad1
ffffebe5531c
ffffec5a4b67
ffffeccf43b2
ffffed443bfd
ffffedb93448
ffffee2e2c93
ffffeea324de
ffffef181d29
ffffef8d1574
fffff0020dbf
fffff077060a
fffff0ebfe55
fffff160f6a0
fffff1d5eeeb
fffff24ae736
fffff2bfdf81
fffff334d7cc
fffff3a9d017
fffff41ec862
fffff493c0ad
fffff508b8f8
fffff57db143
fffff5f2a98e
fffff667a1d9
fffff6dc9a24
fffff751926f
fffff7c68aba
fffff83b8305
fffff8b07b50
fffff925739b
fffff99a6be6
fffffa0f6431
fffffa845c7c
fffffaf954c7
fffffb6e4d12
fffffbe3455d
fffffc583da8
fffffccd35f3
fffffd422e3e
fffffdb72689
fffffe2c1ed4
fffffea1171f
ffffff160f6a
ffffff8b07b5
000000000000
00000074f84b
000000e9f096
0000015ee8e1
000001d3e12c
00000248d977
000002bdd1c2
00000332ca0d
000003a7c258
0000041cbaa3
00000491b2ee
00000506ab39
0000057ba384
000005f09bcf
00000665941a
000006da8c65
0000074f84b0
000007c47cfb
000008397546
000008ae6d91
0000092365dc
000009985e27
00000a0d5672
00000a824ebd
00000af74708
00000b6c3f53
00000be1379e
00000c562fe9
00000ccb2834
00000d40207f
00000db518ca
00000e2a1115
00000e9f0960
00000f1401ab
00000f88f9f6
00000ffdf241
00001072ea8c
000010e7e2d7
0000115cdb22
000011d1d36d
00001246cbb8
000012bbc403
00001330bc4e
000013a5b499
0000141aace4
0000148fa52f
000015049d7a
0000157995c5
000015ee8e10
00001663865b
000016d87ea6
0000174d76f1
000017c26f3c
000018376787
000018ac5fd2
00001921581d
000019965068
00001a0b48b3
00001a8040fe
00001af53949
00001b6a3194
00001bdf29df
00001c54222a
00001cc91a75
00001d3e12c0
00001db30b0b
00001e280356
00001e9cfba1
00001f11f3ec
00001f86ec37
00001ffbe482
00002070dccd
000020e5d518
0000215acd63
000021cfc5ae
00002244bdf9
000022b9b644
0000232eae8f
000023a3a6da
000024189f25
0000248d9770
000025028fbb
000025778806
000025ec8051
00002661789c
000026d670e7
0000274b6932
000027c0617d
0000283559c8
000028aa5213
0000291f4a5e
0000299442a9
00002a093af4
00002a7e333f
00002af32b8a
00002b6823d5
00002bdd1c20
00002c52146b
00002cc70cb6
00002d3c0501
00002db0fd4c
00002e25f597
00002e9aede2
00002f0fe62d
00002f84de78
00002ff9d6c3
0000306ecf0e
000030e3c759
00003158bfa4
000031cdb7ef
00003242b03a
000032b7a885
0000332ca0d0
000033a1991b
000034169166
0000348b89b1
0000350081fc
000035757a47
000035ea7292
0000365f6add
000036d46328
000037495b73
000037be53be
000038334c09
000038a84454
0000391d3c9f
0000399234ea
00003a072d35
ffffc583da80
ffffc5f8d2cb
ffffc66dcb16
ffffc6e2c361
ffffc757bbac
ffffc7ccb3f7
ffffc841ac42
ffffc8b6a48d
ffffc92b9cd8
ffffc9a09523
ffffca158d6e
ffffca8a85b9
ffffcaff7e04
ffffcb74764f
ffffcbe96e9a
ffffcc5e66e5
ffffccd35f30
ffffcd48577b
ffffcdbd4fc6
ffffce324811
ffffcea7405c
ffffcf1c38a7
ffffcf9130f2
ffffd006293d
ffffd07b2188
ffffd0f019d3
ffffd165121e
ffffd1da0a69
ffffd24f02b4
ffffd2c3faff
ffffd338f34a
ffffd3adeb95
ffffd422e3e0
ffffd497dc2b
ffffd50cd476
ffffd581ccc1
ffffd5f6c50c
ffffd66bbd57
ffffd6e0b5a2
ffffd755aded
ffffd7caa638
ffffd83f9e83
ffffd8b496ce
ffffd9298f19
ffffd99e8764
ffffda137faf
ffffda8877fa
ffffdafd7045
ffffdb726890
ffffdbe760db
ffffdc5c5926
ffffdcd15171
ffffdd4649bc
ffffddbb4207
ffffde303a52
ffffdea5329d
ffffdf1a2ae8
ffffdf8f2333
ffffe0041b7e
ffffe07913c9
ffffe0ee0c14
ffffe163045f
ffffe1d7fcaa
ffffe24cf4f5
ffffe2c1ed40
ffffe336e58b
ffffe3abddd6
ffffe420d621
ffffe495ce6c
ffffe50ac6b7
ffffe57fbf02
ffffe5f4b74d
ffffe669af98
ffffe6dea7e3
ffffe753a02e
ffffe7c89879
ffffe83d90c4
ffffe8b2890f
ffffe927815a
ffffe99c79a5
ffffea1171f0
ffffea866a3b
ffffeafb6286
ffffeb705ad1
ffffebe5531c
ffffec5a4b67
ffffeccf43b2
ffffed443bfd
ffffedb93448
ffffee2e2c93
ffffeea324de
ffffef181d29
ffffef8d1574
fffff0020dbf
fffff077060a
fffff0ebfe55
fffff160f6a0
fffff1d5eeeb
fffff24ae736
fffff2bfdf81
fffff334d7cc
fffff3a9d017
fffff41ec862
fffff493c0ad
fffff508b8f8
fffff57db143
fffff5f2a98e
fffff667a1d9
fffff6dc9a24
fffff751926f
fffff7c68aba
fffff83b8305
fffff8b07b50
fffff925739b
fffff99a6be6
fffffa0f6431
fffffa845c7c
fffffaf954c7
fffffb6e4d12
fffffbe3455d
fffffc583da8
fffffccd35f3
fffffd422e3e
fffffdb72689
fffffe2c1ed4
fffffea1171f
ffffff160f6a
ffffff8b07b5
000000000000
000000617994
000000c2f328
000001246cbc
00000185e650
000001e75fe4
00000248d978
000002aa530c
0000030bcca0
0000036d4634
000003cebfc8
00000430395c
00000491b2f0
000004f32c84
00000554a618
000005b61fac
000006179940
0000067912d4
000006da8c68
0000073c05fc
0000079d7f90
000007fef924
0000086072b8
000008c1ec4c
0000092365e0
00000984df74
000009e65908
00000a47d29c
00000aa94c30
00000b0ac5c4
00000b6c3f58
00000bcdb8ec
00000c2f3280
00000c90ac14
00000cf225a8
00000d539f3c
00000db518d0
00000e169264
00000e780bf8
00000ed9858c
00000f3aff20
00000f9c78b4
00000ffdf248
0000105f6bdc
000010c0e570
000011225f04
00001183d898
000011e5522c
00001246cbc0
000012a84554
00001309bee8
0000136b387c
000013ccb210
0000142e2ba4
0000148fa538
000014f11ecc
000015529860
000015b411f4
000016158b88
00001677051c
000016d87eb0
00001739f844
0000179b71d8
000017fceb6c
0000185e6500
000018bfde94
000019215828
00001982d1bc
000019e44b50
00001a45c4e4
00001aa73e78
00001b08b80c
00001b6a31a0
00001bcbab34
00001c2d24c8
00001c8e9e5c
00001cf017f0
00001d519184
00001db30b18
00001e1484ac
00001e75fe40
00001ed777d4
00001f38f168
00001f9a6afc
00001ffbe490
0000205d5e24
000020bed7b8
00002120514c
00002181cae0
000021e34474
00002244be08
000022a6379c
00002307b130
000023692ac4
000023caa458
0000242c1dec
0000248d9780
000024ef1114
000025508aa8
000025b2043c
000026137dd0
00002674f764
000026d670f8
00002737ea8c
000027996420
000027faddb4
0000285c5748
000028bdd0dc
0000291f4a70
00002980c404
000029e23d98
00002a43b72c
00002aa530c0
00002b06aa54
00002b6823e8
00002bc99d7c
00002c2b1710
00002c8c90a4
00002cee0a38
00002d4f83cc
00002db0fd60
00002e1276f4
00002e73f088
00002ed56a1c
00002f36e3b0
00002f985d44
00002ff9d6d8
0000305b506c
ffffcf433600
ffffcfa4af94
ffffd0062928
ffffd067a2bc
ffffd0c91c50
ffffd12a95e4
ffffd18c0f78
ffffd1ed890c
ffffd24f02a0
ffffd2b07c34
ffffd311f5c8
ffffd3736f5c
ffffd3d4e8f0
ffffd4366284
ffffd497dc18
ffffd4f955ac
ffffd55acf40
ffffd5bc48d4
ffffd61dc268
ffffd67f3bfc
ffffd6e0b590
ffffd7422f24
ffffd7a3a8b8
ffffd805224c
ffffd8669be0
ffffd8c81574
ffffd9298f08
ffffd98b089c
ffffd9ec8230
ffffda4dfbc4
ffffdaaf7558
ffffdb10eeec
ffffdb726880
ffffdbd3e214
ffffdc355ba8
ffffdc96d53c
ffffdcf84ed0
ffffdd59c864
ffffddbb41f8
ffffde1cbb8c
ffffde7e3520
ffffdedfaeb4
ffffdf412848
ffffdfa2a1dc
ffffe0041b70
ffffe0659504
ffffe0c70e98
ffffe128882c
ffffe18a01c0
ffffe1eb7b54
ffffe24cf4e8
ffffe2ae6e7c
ffffe30fe810
ffffe37161a4
ffffe3d2db38
ffffe43454cc
ffffe495ce60
ffffe4f747f4
ffffe558c188
ffffe5ba3b1c
ffffe61bb4b0
ffffe67d2e44
ffffe6dea7d8
ffffe740216c
ffffe7a19b00
ffffe8031494
ffffe8648e28
ffffe8c607bc
ffffe9278150
ffffe988fae4
ffffe9ea7478
ffffea4bee0c
ffffeaad67a0
ffffeb0ee134
ffffeb705ac8
ffffebd1d45c
ffffec334df0
ffffec94c784
ffffecf64118
ffffed57baac
ffffedb93440
ffffee1aadd4
ffffee7c2768
ffffeedda0fc
ffffef3f1a90
ffffefa09424
fffff0020db8
fffff063874c
fffff0c500e0
fffff1267a74
fffff187f408
fffff1e96d9c
fffff24ae730
fffff2ac60c4
fffff30dda58
fffff36f53ec
fffff3d0cd80
fffff4324714
fffff493c0a8
fffff4f53a3c
fffff556b3d0
fffff5b82d64
fffff619a6f8
fffff67b208c
fffff6dc9a20
fffff73e13b4
fffff79f8d48
fffff80106dc
fffff8628070
fffff8c3fa04
fffff9257398
fffff986ed2c
fffff9e866c0
fffffa49e054
fffffaab59e8
fffffb0cd37c
fffffb6e4d10
fffffbcfc6a4
fffffc314038
fffffc92b9cc
fffffcf43360
fffffd55acf4
fffffdb72688
fffffe18a01c
fffffe7a19b0
fffffedb9344
ffffff3d0cd8
ffffff9e866c
000000000000
00000074f84b
000000e9f096
0000015ee8e1
000001d3e12c
00000248d977
000002bdd1c2
00000332ca0d
000003a7c258
0000041cbaa3
00000491b2ee
00000506ab39
0000057ba384
000005f09bcf
00000665941a
000006da8c65
0000074f84b0
000007c47cfb
000008397546
000008ae6d91
0000092365dc
000009985e27
00000a0d5672
00000a824ebd
00000af74708
00000b6c3f53
00000be1379e
00000c562fe9
00000ccb2834
00000d40207f
00000db518ca
00000e2a1115
00000e9f0960
00000f1401ab
00000f88f9f6
00000ffdf241
00001072ea8c
000010e7e2d7
0000115cdb22
000011d1d36d
00001246cbb8
000012bbc403
00001330bc4e
000013a5b499
0000141aace4
0000148fa52f
000015049d7a
0000157995c5
000015ee8e10
00001663865b
000016d87ea6
0000174d76f1
000017c26f3c
000018376787
000018ac5fd2
00001921581d
000019965068
00001a0b48b3
00001a8040fe
00001af53949
00001b6a3194
00001bdf29df
00001c54222a
00001cc91a75
00001d3e12c0
00001db30b0b
00001e280356
00001e9cfba1
00001f11f3ec
00001f86ec37
00001ffbe482
00002070dccd
000020e5d518
0000215acd63
000021cfc5ae
00002244bdf9
000022b9b644
0000232eae8f
000023a3a6da
000024189f25
0000248d9770
000025028fbb
000025778806
000025ec8051
00002661789c
000026d670e7
0000274b6932
000027c0617d
0000283559c8
000028aa5213
0000291f4a5e
0000299442a9
00002a093af4
00002a7e333f
00002af32b8a
00002b6823d5
00002bdd1c20
00002c52146b
00002cc70cb6
00002d3c0501
00002db0fd4c
00002e25f597
00002e9aede2
00002f0fe62d
00002f84de78
00002ff9d6c3
0000306ecf0e
000030e3c759
00003158bfa4
000031cdb7ef
00003242b03a
000032b7a885
0000332ca0d0
000033a1991b
000034169166
0000348b89b1
0000350081fc
000035757a47
000035ea7292
0000365f6add
000036d46328
000037495b73
000037be53be
000038334c09
000038a84454
0000391d3c9f
0000399234ea
00003a072d35
ffffc583da80
ffffc5f8d2cb
ffffc66dcb16
ffffc6e2c361
ffffc757bbac
ffffc7ccb3f7
ffffc841ac42
ffffc8b6a48d
ffffc92b9cd8
ffffc9a09523
ffffca158d6e
ffffca8a85b9
ffffcaff7e04
ffffcb74764f
ffffcbe96e9a
ffffcc5e66e5
ffffccd35f30
ffffcd48577b
ffffcdbd4fc6
ffffce324811
ffffcea7405c
ffffcf1c38a7
ffffcf9130f2
ffffd006293d
ffffd07b2188
ffffd0f019d3
ffffd165121e
ffffd1da0a69
ffffd24f02b4
ffffd2c3faff
ffffd338f34a
ffffd3adeb95
ffffd422e3e0
ffffd497dc2b
ffffd50cd476
ffffd581ccc1
ffffd5f6c50c
ffffd66bbd57
ffffd6e0b5a2
ffffd755aded
ffffd7caa638
ffffd83f9e83
ffffd8b496ce
ffffd9298f19
ffffd99e8764
ffffda137faf
ffffda8877fa
ffffdafd7045
ffffdb726890
ffffdbe760db
ffffdc5c5926
ffffdcd15171
ffffdd4649bc
ffffddbb4207
ffffde303a52
ffffdea5329d
ffffdf1a2ae8
ffffdf8f2333
ffffe0041b7e
ffffe07913c9
ffffe0ee0c14
ffffe163045f
ffffe1d7fcaa
ffffe24cf4f5
ffffe2c1ed40
ffffe336e58b
ffffe3abddd6
ffffe420d621
ffffe495ce6c
ffffe50ac6b7
ffffe57fbf02
ffffe5f4b74d
ffffe669af98
ffffe6dea7e3
ffffe753a02e
ffffe7c89879
ffffe83d90c4
ffffe8b2890f
ffffe927815a
ffffe99c79a5
ffffea1171f0
ffffea866a3b
ffffeafb6286
ffffeb705ad1
ffffebe5531c
ffffec5a4b67
ffffeccf43b2
ffffed443bfd
ffffedb93448
ffffee2e2c93
ffffeea324de
ffffef181d29
ffffef8d1574
fffff0020dbf
fffff077060a
fffff0ebfe55
fffff160f6a0
fffff1d5eeeb
fffff24ae736
fffff2bfdf81
fffff334d7cc
fffff3a9d017
fffff41ec862
fffff493c0ad
fffff508b8f8
fffff57db143
fffff5f2a98e
fffff667a1d9
fffff6dc9a24
fffff751926f
fffff7c68aba
fffff83b8305
fffff8b07b50
fffff925739b
fffff99a6be6
fffffa0f6431
fffffa845c7c
fffffaf954c7
fffffb6e4d12
fffffbe3455d
fffffc583da8
fffffccd35f3
fffffd422e3e
fffffdb72689
fffffe2c1ed4
fffffea1171f
ffffff160f6a
ffffff8b07b5
000000000000
00000074f84b
000000e9f096
0000015ee8e1
000001d3e12c
00000248d977
000002bdd1c2
00000332ca0d
000003a7c258
0000041cbaa3
00000491b2ee
00000506ab39
0000057ba384
000005f09bcf
00000665941a
000006da8c65
0000074f84b0
000007c47cfb
000008397546
000008ae6d91
0000092365dc
000009985e27
00000a0d5672
00000a824ebd
00000af74708
00000b6c3f53
00000be1379e
00000c562fe9
00000ccb2834
00000d40207f
00000db518ca
00000e2a1115
00000e9f0960
00000f1401ab
00000f88f9f6
00000ffdf241
00001072ea8c
000010e7e2d7
0000115cdb22
000011d1d36d
00001246cbb8
000012bbc403
00001330bc4e
000013a5b499
0000141aace4
0000148fa52f
000015049d7a
0000157995c5
000015ee8e10
00001663865b
000016d87ea6
0000174d76f1
000017c26f3c
000018376787
000018ac5fd2
00001921581d
000019965068
00001a0b48b3
00001a8040fe
00001af53949
00001b6a3194
00001bdf29df
00001c54222a
00001cc91a75
00001d3e12c0
00001db30b0b
00001e280356
00001e9cfba1
00001f11f3ec
00001f86ec37
00001ffbe482
00002070dccd
000020e5d518
0000215acd63
000021cfc5ae
00002244bdf9
000022b9b644
0000232eae8f
000023a3a6da
000024189f25
0000248d9770
000025028fbb
000025778806
000025ec8051
00002661789c
000026d670e7
0000274b6932
000027c0617d
0000283559c8
000028aa5213
0000291f4a5e
0000299442a9
00002a093af4
00002a7e333f
00002af32b8a
00002b6823d5
00002bdd1c20
00002c52146b
00002cc70cb6
00002d3c0501
00002db0fd4c
00002e25f597
00002e9aede2
00002f0fe62d
00002f84de78
00002ff9d6c3
0000306ecf0e
000030e3c759
00003158bfa4
000031cdb7ef
00003242b03a
000032b7a885
0000332ca0d0
000033a1991b
000034169166
0000348b89b1
0000350081fc
000035757a47
000035ea7292
0000365f6add
000036d46328
000037495b73
000037be53be
000038334c09
000038a84454
0000391d3c9f
0000399234ea
00003a072d35
ffffc583da80
ffffc5f8d2cb
ffffc66dcb16
ffffc6e2c361
ffffc757bbac
ffffc7ccb3f7
ffffc841ac42
ffffc8b6a48d
ffffc92b9cd8
ffffc9a09523
ffffca158d6e
ffffca8a85b9
ffffcaff7e04
ffffcb74764f
ffffcbe96e9a
ffffcc5e66e5
ffffccd35f30
ffffcd48577b
ffffcdbd4fc6
ffffce324811
ffffcea7405c
ffffcf1c38a7
ffffcf9130f2
ffffd006293d
ffffd07b2188
ffffd0f019d3
ffffd165121e
ffffd1da0a69
ffffd24f02b4
ffffd2c3faff
ffffd338f34a
ffffd3adeb95
ffffd422e3e0
ffffd497dc2b
ffffd50cd476
ffffd581ccc1
ffffd5f6c50c
ffffd66bbd57
ffffd6e0b5a2
ffffd755aded
ffffd7caa638
ffffd83f9e83
ffffd8b496ce
ffffd9298f19
ffffd99e8764
ffffda137faf
ffffda8877fa
ffffdafd7045
ffffdb726890
ffffdbe760db
ffffdc5c5926
ffffdcd15171
ffffdd4649bc
ffffddbb4207
ffffde303a52
ffffdea5329d
ffffdf1a2ae8
ffffdf8f2333
ffffe0041b7e
ffffe07913c9
ffffe0ee0c14
ffffe163045f
ffffe1d7fcaa
ffffe24cf4f5
ffffe2c1ed40
ffffe336e58b
ffffe3abddd6
ffffe420d621
ffffe495ce6c
ffffe50ac6b7
ffffe57fbf02
ffffe5f4b74d
ffffe669af98
ffffe6dea7e3
ffffe753a02e
ffffe7c89879
ffffe83d90c4
ffffe8b2890f
ffffe927815a
ffffe99c79a5
ffffea1171f0
ffffea866a3b
ffffeafb6286
ffffeb705ad1
ffffebe5531c
ffffec5a4b67
ffffeccf43b2
ffffed443bfd
ffffedb93448
ffffee2e2c93
ffffeea324de
ffffef181d29
ffffef8d1574
fffff0020dbf
fffff077060a
fffff0ebfe55
fffff160f6a0
fffff1d5eeeb
fffff24ae736
fffff2bfdf81
fffff334d7cc
fffff3a9d017
fffff41ec862
fffff493c0ad
fffff508b8f8
fffff57db143
fffff5f2a98e
fffff667a1d9
fffff6dc9a24
fffff751926f
fffff7c68aba
fffff83b8305
fffff8b07b50
fffff925739b
fffff99a6be6
fffffa0f6431
fffffa845c7c
fffffaf954c7
fffffb6e4d12
fffffbe3455d
fffffc583da8
fffffccd35f3
fffffd422e3e
fffffdb72689
fffffe2c1ed4
fffffea1171f
ffffff160f6a
ffffff8b07b5
000000000000
00000074f84b
000000e9f096
0000015ee8e1
000001d3e12c
00000248d977
000002bdd1c2
00000332ca0d
000003a7c258
0000041cbaa3
00000491b2ee
00000506ab39
0000057ba384
000005f09bcf
00000665941a
000006da8c65
0000074f84b0
000007c47cfb
000008397546
000008ae6d91
0000092365dc
000009985e27
00000a0d5672
00000a824ebd
00000af74708
00000b6c3f53
00000be1379e
00000c562fe9
00000ccb2834
00000d40207f
00000db518ca
00000e2a1115
00000e9f0960
00000f1401ab
00000f88f9f6
00000ffdf241
00001072ea8c
000010e7e2d7
0000115cdb22
000011d1d36d
00001246cbb8
000012bbc403
00001330bc4e
000013a5b499
0000141aace4
0000148fa52f
000015049d7a
0000157995c5
000015ee8e10
00001663865b
000016d87ea6
0000174d76f1
000017c26f3c
000018376787
000018ac5fd2
00001921581d
000019965068
00001a0b48b3
00001a8040fe
00001af53949
00001b6a3194
00001bdf29df
00001c54222a
00001cc91a75
00001d3e12c0
00001db30b0b
00001e280356
00001e9cfba1
00001f11f3ec
00001f86ec37
00001ffbe482
00002070dccd
000020e5d518
0000215acd63
000021cfc5ae
00002244bdf9
000022b9b644
0000232eae8f
000023a3a6da
000024189f25
0000248d9770
000025028fbb
000025778806
000025ec8051
00002661789c
000026d670e7
0000274b6932
000027c0617d
0000283559c8
000028aa5213
0000291f4a5e
0000299442a9
00002a093af4
00002a7e333f
00002af32b8a
00002b6823d5
00002bdd1c20
00002c52146b
00002cc70cb6
00002d3c0501
00002db0fd4c
00002e25f597
00002e9aede2
00002f0fe62d
00002f84de78
00002ff9d6c3
0000306ecf0e
000030e3c759
00003158bfa4
000031cdb7ef
00003242b03a
000032b7a885
0000332ca0d0
000033a1991b
000034169166
0000348b89b1
0000350081fc
000035757a47
000035ea7292
0000365f6add
000036d46328
000037495b73
000037be53be
000038334c09
000038a84454
0000391d3c9f
0000399234ea
00003a072d35
ffffc583da80
ffffc5f8d2cb
ffffc66dcb16
ffffc6e2c361
ffffc757bbac
ffffc7ccb3f7
ffffc841ac42
ffffc8b6a48d
ffffc92b9cd8
ffffc9a09523
ffffca158d6e
ffffca8a85b9
ffffcaff7e04
ffffcb74764f
ffffcbe96e9a
ffffcc5e66e5
ffffccd35f30
ffffcd48577b
ffffcdbd4fc6
ffffce324811
ffffcea7405c
ffffcf1c38a7
ffffcf9130f2
ffffd006293d
ffffd07b2188
ffffd0f019d3
ffffd165121e
ffffd1da0a69
ffffd24f02b4
ffffd2c3faff
ffffd338f34a
ffffd3adeb95
ffffd422e3e0
ffffd497dc2b
ffffd50cd476
ffffd581ccc1
ffffd5f6c50c
ffffd66bbd57
ffffd6e0b5a2
ffffd755aded
ffffd7caa638
ffffd83f9e83
ffffd8b496ce
ffffd9298f19
ffffd99e8764
ffffda137faf
ffffda8877fa
ffffdafd7045
ffffdb726890
ffffdbe760db
ffffdc5c5926
ffffdcd15171
ffffdd4649bc
ffffddbb4207
ffffde303a52
ffffdea5329d
ffffdf1a2ae8
ffffdf8f2333
ffffe0041b7e
ffffe07913c9
ffffe0ee0c14
ffffe163045f
ffffe1d7fcaa
ffffe24cf4f5
ffffe2c1ed40
ffffe336e58b
ffffe3abddd6
ffffe420d621
ffffe495ce6c
ffffe50ac6b7
ffffe57fbf02
ffffe5f4b74d
ffffe669af98
ffffe6dea7e3
ffffe753a02e
ffffe7c89879
ffffe83d90c4
ffffe8b2890f
ffffe927815a
ffffe99c79a5
ffffea1171f0
ffffea866a3b
ffffeafb6286
ffffeb705ad1
ffffebe5531c
ffffec5a4b67
ffffeccf43b2
ffffed443bfd
ffffedb93448
ffffee2e2c93
ffffeea324de
ffffef181d29
ffffef8d1574
fffff0020dbf
fffff077060a
fffff0ebfe55
fffff160f6a0
fffff1d5eeeb
fffff24ae736
fffff2bfdf81
fffff334d7cc
fffff3a9d017
fffff41ec862
fffff493c0ad
fffff508b8f8
fffff57db143
fffff5f2a98e
fffff667a1d9
fffff6dc9a24
fffff751926f
fffff7c68aba
fffff83b8305
fffff8b07b50
fffff925739b
fffff99a6be6
fffffa0f6431
fffffa845c7c
fffffaf954c7
fffffb6e4d12
fffffbe3455d
fffffc583da8
fffffccd35f3
fffffd422e3e
fffffdb72689
fffffe2c1ed4
fffffea1171f
ffffff160f6a
ffffff8b07b5
000000000000
00000074f84b
000000e9f096
0000015ee8e1
000001d3e12c
00000248d977
000002bdd1c2
00000332ca0d
000003a7c258
0000041cbaa3
00000491b2ee
00000506ab39
0000057ba384
000005f09bcf
00000665941a
000006da8c65
0000074f84b0
000007c47cfb
000008397546
000008ae6d91
0000092365dc
000009985e27
00000a0d5672
00000a824ebd
00000af74708
00000b6c3f53
00000be1379e
00000c562fe9
00000ccb2834
00000d40207f
00000db518ca
00000e2a1115
00000e9f0960
00000f1401ab
00000f88f9f6
00000ffdf241
00001072ea8c
000010e7e2d7
0000115cdb22
000011d1d36d
00001246cbb8
000012bbc403
00001330bc4e
000013a5b499
0000141aace4
0000148fa52f
000015049d7a
0000157995c5
000015ee8e10
00001663865b
000016d87ea6
0000174d76f1
000017c26f3c
000018376787
000018ac5fd2
00001921581d
000019965068
00001a0b48b3
00001a8040fe
00001af53949
00001b6a3194
00001bdf29df
00001c54222a
00001cc91a75
00001d3e12c0
00001db30b0b
00001e280356
00001e9cfba1
00001f11f3ec
00001f86ec37
00001ffbe482
00002070dccd
000020e5d518
0000215acd63
000021cfc5ae
00002244bdf9
000022b9b644
0000232eae8f
000023a3a6da
000024189f25
0000248d9770
000025028fbb
000025778806
000025ec8051
00002661789c
000026d670e7
0000274b6932
000027c0617d
0000283559c8
000028aa5213
0000291f4a5e
0000299442a9
00002a093af4
00002a7e333f
00002af32b8a
00002b6823d5
00002bdd1c20
00002c52146b
00002cc70cb6
00002d3c0501
00002db0fd4c
00002e25f597
00002e9aede2
00002f0fe62d
00002f84de78
00002ff9d6c3
0000306ecf0e
000030e3c759
00003158bfa4
000031cdb7ef
00003242b03a
000032b7a885
0000332ca0d0
000033a1991b
000034169166
0000348b89b1
0000350081fc
000035757a47
000035ea7292
0000365f6add
000036d46328
000037495b73
000037be53be
000038334c09
000038a84454
0000391d3c9f
0000399234ea
00003a072d35
ffffc583da80
ffffc5f8d2cb
ffffc66dcb16
ffffc6e2c361
ffffc757bbac
ffffc7ccb3f7
ffffc841ac42
ffffc8b6a48d
ffffc92b9cd8
ffffc9a09523
ffffca158d6e
ffffca8a85b9
ffffcaff7e04
ffffcb74764f
ffffcbe96e9a
ffffcc5e66e5
ffffccd35f30
ffffcd48577b
ffffcdbd4fc6
ffffce324811
ffffcea7405c
ffffcf1c38a7
ffffcf9130f2
ffffd006293d
ffffd07b2188
ffffd0f019d3
ffffd165121e
ffffd1da0a69
ffffd24f02b4
ffffd2c3faff
ffffd338f34a
ffffd3adeb95
ffffd422e3e0
ffffd497dc2b
ffffd50cd476
ffffd581ccc1
ffffd5f6c50c
ffffd66bbd57
ffffd6e0b5a2
ffffd755aded
ffffd7caa638
ffffd83f9e83
ffffd8b496ce
ffffd9298f19
ffffd99e8764
ffffda137faf
ffffda8877fa
ffffdafd7045
ffffdb726890
ffffdbe760db
ffffdc5c5926
ffffdcd15171
ffffdd4649bc
ffffddbb4207
ffffde303a52
ffffdea5329d
ffffdf1a2ae8
ffffdf8f2333
ffffe0041b7e
ffffe07913c9
ffffe0ee0c14
ffffe163045f
ffffe1d7fcaa
ffffe24cf4f5
ffffe2c1ed40
ffffe336e58b
ffffe3abddd6
ffffe420d621
ffffe495ce6c
ffffe50ac6b7
ffffe57fbf02
ffffe5f4b74d
ffffe669af98
ffffe6dea7e3
ffffe753a02e
ffffe7c89879
ffffe83d90c4
ffffe8b2890f
ffffe927815a
ffffe99c79a5
ffffea1171f0
ffffea866a3b
ffffeafb6286
ffffeb705ad1
ffffebe5531c
ffffec5a4b67
ffffeccf43b2
ffffed443bfd
ffffedb93448
ffffee2e2c93
ffffeea324de
ffffef181d29
ffffef8d1574
fffff0020dbf
fffff077060a
fffff0ebfe55
fffff160f6a0
fffff1d5eeeb
fffff24ae736
fffff2bfdf81
fffff334d7cc
fffff3a9d017
fffff41ec862
fffff493c0ad
fffff508b8f8
fffff57db143
fffff5f2a98e
fffff667a1d9
fffff6dc9a24
fffff751926f
fffff7c68aba
fffff83b8305
fffff8b07b50
fffff925739b
fffff99a6be6
fffffa0f6431
fffffa845c7c
fffffaf954c7
fffffb6e4d12
fffffbe3455d
fffffc583da8
fffffccd35f3
fffffd422e3e
fffffdb72689
fffffe2c1ed4
fffffea1171f
ffffff160f6a
ffffff8b07b5
000000000000
00000074f84b
000000e9f096
0000015ee8e1
000001d3e12c
00000248d977
000002bdd1c2
00000332ca0d
000003a7c258
0000041cbaa3
00000491b2ee
00000506ab39
0000057ba384
000005f09bcf
00000665941a
000006da8c65
0000074f84b0
000007c47cfb
000008397546
000008ae6d91
0000092365dc
000009985e27
00000a0d5672
00000a824ebd
00000af74708
00000b6c3f53
00000be1379e
00000c562fe9
00000ccb2834
00000d40207f
00000db518ca
00000e2a1115
00000e9f0960
00000f1401ab
00000f88f9f6
00000ffdf241
00001072ea8c
000010e7e2d7
0000115cdb22
000011d1d36d
00001246cbb8
000012bbc403
00001330bc4e
000013a5b499
0000141aace4
0000148fa52f
000015049d7a
0000157995c5
000015ee8e10
00001663865b
000016d87ea6
0000174d76f1
000017c26f3c
000018376787
000018ac5fd2
00001921581d
000019965068
00001a0b48b3
00001a8040fe
00001af53949
00001b6a3194
00001bdf29df
00001c54222a
00001cc91a75
00001d3e12c0
00001db30b0b
00001e280356
00001e9cfba1
00001f11f3ec
00001f86ec37
00001ffbe482
00002070dccd
000020e5d518
0000215acd63
000021cfc5ae
00002244bdf9
000022b9b644
0000232eae8f
000023a3a6da
000024189f25
0000248d9770
000025028fbb
000025778806
000025ec8051
00002661789c
000026d670e7
0000274b6932
000027c0617d
0000283559c8
000028aa5213
0000291f4a5e
0000299442a9
00002a093af4
00002a7e333f
00002af32b8a
00002b6823d5
00002bdd1c20
00002c52146b
00002cc70cb6
00002d3c0501
00002db0fd4c
00002e25f597
00002e9aede2
00002f0fe62d
00002f84de78
00002ff9d6c3
0000306ecf0e
000030e3c759
00003158bfa4
000031cdb7ef
00003242b03a
000032b7a885
0000332ca0d0
000033a1991b
000034169166
0000348b89b1
0000350081fc
000035757a47
000035ea7292
0000365f6add
000036d46328
000037495b73
000037be53be
000038334c09
000038a84454
0000391d3c9f
0000399234ea
00003a072d35
ffffc583da80
ffffc5f8d2cb
ffffc66dcb16
ffffc6e2c361
ffffc757bbac
ffffc7ccb3f7
ffffc841ac42
ffffc8b6a48d
ffffc92b9cd8
ffffc9a09523
ffffca158d6e
ffffca8a85b9
ffffcaff7e04
ffffcb74764f
ffffcbe96e9a
ffffcc5e66e5
ffffccd35f30
ffffcd48577b
ffffcdbd4fc6
ffffce324811
ffffcea7405c
ffffcf1c38a7
ffffcf9130f2
ffffd006293d
ffffd07b2188
ffffd0f019d3
ffffd165121e
ffffd1da0a69
ffffd24f02b4
ffffd2c3faff
ffffd338f34a
ffffd3adeb95
ffffd422e3e0
ffffd497dc2b
ffffd50cd476
ffffd581ccc1
ffffd5f6c50c
ffffd66bbd57
ffffd6e0b5a2
ffffd755aded
ffffd7caa638
ffffd83f9e83
ffffd8b496ce
ffffd9298f19
ffffd99e8764
ffffda137faf
ffffda8877fa
ffffdafd7045
ffffdb726890
ffffdbe760db
ffffdc5c5926
ffffdcd15171
ffffdd4649bc
ffffddbb4207
ffffde303a52
ffffdea5329d
ffffdf1a2ae8
ffffdf8f2333
ffffe0041b7e
ffffe07913c9
ffffe0ee0c14
ffffe163045f
ffffe1d7fcaa
ffffe24cf4f5
ffffe2c1ed40
ffffe336e58b
ffffe3abddd6
ffffe420d621
ffffe495ce6c
ffffe50ac6b7
ffffe57fbf02
ffffe5f4b74d
ffffe669af98
ffffe6dea7e3
ffffe753a02e
ffffe7c89879
ffffe83d90c4
ffffe8b2890f
ffffe927815a
ffffe99c79a5
ffffea1171f0
ffffea866a3b
ffffeafb6286
ffffeb705ad1
ffffebe5531c
ffffec5a4b67
ffffeccf43b2
ffffed443bfd
ffffedb93448
ffffee2e2c93
ffffeea324de
ffffef181d29
ffffef8d1574
fffff0020dbf
fffff077060a
fffff0ebfe55
fffff160f6a0
fffff1d5eeeb
fffff24ae736
fffff2bfdf81
fffff334d7cc
fffff3a9d017
fffff41ec862
fffff493c0ad
fffff508b8f8
fffff57db143
fffff5f2a98e
fffff667a1d9
fffff6dc9a24
fffff751926f
fffff7c68aba
fffff83b8305
fffff8b07b50
fffff925739b
fffff99a6be6
fffffa0f6431
fffffa845c7c
fffffaf954c7
fffffb6e4d12
fffffbe3455d
fffffc583da8
fffffccd35f3
fffffd422e3e
fffffdb72689
fffffe2c1ed4
fffffea1171f
ffffff160f6a
ffffff8b07b5
000000000000
00000074f84b
000000e9f096
0000015ee8e1
000001d3e12c
00000248d977
000002bdd1c2
00000332ca0d
000003a7c258
0000041cbaa3
00000491b2ee
00000506ab39
0000057ba384
000005f09bcf
00000665941a
000006da8c65
0000074f84b0
000007c47cfb
000008397546
000008ae6d91
0000092365dc
000009985e27
00000a0d5672
00000a824ebd
00000af74708
00000b6c3f53
00000be1379e
00000c562fe9
00000ccb2834
00000d40207f
00000db518ca
00000e2a1115
00000e9f0960
00000f1401ab
00000f88f9f6
00000ffdf241
00001072ea8c
000010e7e2d7
0000115cdb22
000011d1d36d
00001246cbb8
000012bbc403
00001330bc4e
000013a5b499
0000141aace4
0000148fa52f
000015049d7a
0000157995c5
000015ee8e10
00001663865b
000016d87ea6
0000174d76f1
000017c26f3c
000018376787
000018ac5fd2
00001921581d
000019965068
00001a0b48b3
00001a8040fe
00001af53949
00001b6a3194
00001bdf29df
00001c54222a
00001cc91a75
00001d3e12c0
00001db30b0b
00001e280356
00001e9cfba1
00001f11f3ec
00001f86ec37
00001ffbe482
00002070dccd
000020e5d518
0000215acd63
000021cfc5ae
00002244bdf9
000022b9b644
0000232eae8f
000023a3a6da
000024189f25
0000248d9770
000025028fbb
000025778806
000025ec8051
00002661789c
000026d670e7
0000274b6932
000027c0617d
0000283559c8
000028aa5213
0000291f4a5e
0000299442a9
00002a093af4
00002a7e333f
00002af32b8a
00002b6823d5
00002bdd1c20
00002c52146b
00002cc70cb6
00002d3c0501
00002db0fd4c
00002e25f597
00002e9aede2
00002f0fe62d
00002f84de78
00002ff9d6c3
0000306ecf0e
000030e3c759
00003158bfa4
000031cdb7ef
00003242b03a
000032b7a885
0000332ca0d0
000033a1991b
000034169166
0000348b89b1
0000350081fc
000035757a47
000035ea7292
0000365f6add
000036d46328
000037495b73
000037be53be
000038334c09
000038a84454
0000391d3c9f
0000399234ea
00003a072d35
ffffc583da80
ffffc5f8d2cb
ffffc66dcb16
ffffc6e2c361
ffffc757bbac
ffffc7ccb3f7
ffffc841ac42
ffffc8b6a48d
ffffc92b9cd8
ffffc9a09523
ffffca158d6e
ffffca8a85b9
ffffcaff7e04
ffffcb74764f
ffffcbe96e9a
ffffcc5e66e5
ffffccd35f30
ffffcd48577b
ffffcdbd4fc6
ffffce324811
ffffcea7405c
ffffcf1c38a7
ffffcf9130f2
ffffd006293d
ffffd07b2188
ffffd0f019d3
ffffd165121e
ffffd1da0a69
ffffd24f02b4
ffffd2c3faff
ffffd338f34a
ffffd3adeb95
ffffd422e3e0
ffffd497dc2b
ffffd50cd476
ffffd581ccc1
ffffd5f6c50c
ffffd66bbd57
ffffd6e0b5a2
ffffd755aded
ffffd7caa638
ffffd83f9e83
ffffd8b496ce
ffffd9298f19
ffffd99e8764
ffffda137faf
ffffda8877fa
ffffdafd7045
ffffdb726890
ffffdbe760db
ffffdc5c5926
ffffdcd15171
ffffdd4649bc
ffffddbb4207
ffffde303a52
ffffdea5329d
ffffdf1a2ae8
ffffdf8f2333
ffffe0041b7e
ffffe07913c9
ffffe0ee0c14
ffffe163045f
ffffe1d7fcaa
ffffe24cf4f5
ffffe2c1ed40
ffffe336e58b
ffffe3abddd6
ffffe420d621
ffffe495ce6c
ffffe50ac6b7
ffffe57fbf02
ffffe5f4b74d
ffffe669af98
ffffe6dea7e3
ffffe753a02e
ffffe7c89879
ffffe83d90c4
ffffe8b2890f
ffffe927815a
ffffe99c79a5
ffffea1171f0
ffffea866a3b
ffffeafb6286
ffffeb705ad1
ffffebe5531c
ffffec5a4b67
ffffeccf43b2
ffffed443bfd
ffffedb93448
ffffee2e2c93
ffffeea324de
ffffef181d29
ffffef8d1574
fffff0020dbf
fffff077060a
fffff0ebfe55
fffff160f6a0
fffff1d5eeeb
fffff24ae736
fffff2bfdf81
fffff334d7cc
fffff3a9d017
fffff41ec862
fffff493c0ad
fffff508b8f8
fffff57db143
fffff5f2a98e
fffff667a1d9
fffff6dc9a24
fffff751926f
fffff7c68aba
fffff83b8305
fffff8b07b50
fffff925739b
fffff99a6be6
fffffa0f6431
fffffa845c7c
fffffaf954c7
fffffb6e4d12
fffffbe3455d
fffffc583da8
fffffccd35f3
fffffd422e3e
fffffdb72689
fffffe2c1ed4
fffffea1171f
ffffff160f6a
ffffff8b07b5
000000000000
00000074f84b
000000e9f096
0000015ee8e1
000001d3e12c
00000248d977
000002bdd1c2
00000332ca0d
000003a7c258
0000041cbaa3
00000491b2ee
00000506ab39
0000057ba384
000005f09bcf
00000665941a
000006da8c65
0000074f84b0
000007c47cfb
000008397546
000008ae6d91
0000092365dc
000009985e27
00000a0d5672
00000a824ebd
00000af74708
00000b6c3f53
00000be1379e
00000c562fe9
00000ccb2834
00000d40207f
00000db518ca
00000e2a1115
00000e9f0960
00000f1401ab
00000f88f9f6
00000ffdf241
00001072ea8c
000010e7e2d7
0000115cdb22
000011d1d36d
00001246cbb8
000012bbc403
00001330bc4e
000013a5b499
0000141aace4
0000148fa52f
000015049d7a
0000157995c5
000015ee8e10
00001663865b
000016d87ea6
0000174d76f1
000017c26f3c
000018376787
000018ac5fd2
00001921581d
000019965068
00001a0b48b3
00001a8040fe
00001af53949
00001b6a3194
00001bdf29df
00001c54222a
00001cc91a75
00001d3e12c0
00001db30b0b
00001e280356
00001e9cfba1
00001f11f3ec
00001f86ec37
00001ffbe482
00002070dccd
000020e5d518
0000215acd63
000021cfc5ae
00002244bdf9
000022b9b644
0000232eae8f
000023a3a6da
000024189f25
0000248d9770
000025028fbb
000025778806
000025ec8051
00002661789c
000026d670e7
0000274b6932
000027c0617d
0000283559c8
000028aa5213
0000291f4a5e
0000299442a9
00002a093af4
00002a7e333f
00002af32b8a
00002b6823d5
00002bdd1c20
00002c52146b
00002cc70cb6
00002d3c0501
00002db0fd4c
00002e25f597
00002e9aede2
00002f0fe62d
00002f84de78
00002ff9d6c3
0000306ecf0e
000030e3c759
00003158bfa4
000031cdb7ef
00003242b03a
000032b7a885
0000332ca0d0
000033a1991b
000034169166
0000348b89b1
0000350081fc
000035757a47
000035ea7292
0000365f6add
000036d46328
000037495b73
000037be53be
000038334c09
000038a84454
0000391d3c9f
0000399234ea
00003a072d35
ffffc583da80
ffffc5f8d2cb
ffffc66dcb16
ffffc6e2c361
ffffc757bbac
ffffc7ccb3f7
ffffc841ac42
ffffc8b6a48d
ffffc92b9cd8
ffffc9a09523
ffffca158d6e
ffffca8a85b9
ffffcaff7e04
ffffcb74764f
ffffcbe96e9a
ffffcc5e66e5
ffffccd35f30
ffffcd48577b
ffffcdbd4fc6
ffffce324811
ffffcea7405c
ffffcf1c38a7
ffffcf9130f2
ffffd006293d
ffffd07b2188
ffffd0f019d3
ffffd165121e
ffffd1da0a69
ffffd24f02b4
ffffd2c3faff
ffffd338f34a
ffffd3adeb95
ffffd422e3e0
ffffd497dc2b
ffffd50cd476
ffffd581ccc1
ffffd5f6c50c
ffffd66bbd57
ffffd6e0b5a2
ffffd755aded
ffffd7caa638
ffffd83f9e83
ffffd8b496ce
ffffd9298f19
ffffd99e8764
ffffda137faf
ffffda8877fa
ffffdafd7045
ffffdb726890
ffffdbe760db
ffffdc5c5926
ffffdcd15171
ffffdd4649bc
ffffddbb4207
ffffde303a52
ffffdea5329d
ffffdf1a2ae8
ffffdf8f2333
ffffe0041b7e
ffffe07913c9
ffffe0ee0c14
ffffe163045f
ffffe1d7fcaa
ffffe24cf4f5
ffffe2c1ed40
ffffe336e58b
ffffe3abddd6
ffffe420d621
ffffe495ce6c
ffffe50ac6b7
ffffe57fbf02
ffffe5f4b74d
ffffe669af98
ffffe6dea7e3
ffffe753a02e
ffffe7c89879
ffffe83d90c4
ffffe8b2890f
ffffe927815a
ffffe99c79a5
ffffea1171f0
ffffea866a3b
ffffeafb6286
ffffeb705ad1
ffffebe5531c
ffffec5a4b67
ffffeccf43b2
ffffed443bfd
ffffedb93448
ffffee2e2c93
ffffeea324de
ffffef181d29
ffffef8d1574
fffff0020dbf
fffff077060a
fffff0ebfe55
fffff160f6a0
fffff1d5eeeb
fffff24ae736
fffff2bfdf81
fffff334d7cc
fffff3a9d017
fffff41ec862
fffff493c0ad
fffff508b8f8
fffff57db143
fffff5f2a98e
fffff667a1d9
fffff6dc9a24
fffff751926f
fffff7c68aba
fffff83b8305
fffff8b07b50
fffff925739b
fffff99a6be6
fffffa0f6431
fffffa845c7c
fffffaf954c7
fffffb6e4d12
fffffbe3455d
fffffc583da8
fffffccd35f3
fffffd422e3e
fffffdb72689
fffffe2c1ed4
fffffea1171f
ffffff160f6a
ffffff8b07b5
000000000000
00000074f84b
000000e9f096
0000015ee8e1
000001d3e12c
00000248d977
000002bdd1c2
00000332ca0d
000003a7c258
0000041cbaa3
00000491b2ee
00000506ab39
0000057ba384
000005f09bcf
00000665941a
000006da8c65
0000074f84b0
000007c47cfb
000008397546
000008ae6d91
0000092365dc
000009985e27
00000a0d5672
00000a824ebd
00000af74708
00000b6c3f53
00000be1379e
00000c562fe9
00000ccb2834
00000d40207f
00000db518ca
00000e2a1115
00000e9f0960
00000f1401ab
00000f88f9f6
00000ffdf241
00001072ea8c
000010e7e2d7
0000115cdb22
000011d1d36d
00001246cbb8
000012bbc403
00001330bc4e
000013a5b499
0000141aace4
0000148fa52f
000015049d7a
0000157995c5
000015ee8e10
00001663865b
000016d87ea6
0000174d76f1
000017c26f3c
000018376787
000018ac5fd2
00001921581d
000019965068
00001a0b48b3
00001a8040fe
00001af53949
00001b6a3194
00001bdf29df
00001c54222a
00001cc91a75
00001d3e12c0
00001db30b0b
00001e280356
00001e9cfba1
00001f11f3ec
00001f86ec37
00001ffbe482
00002070dccd
000020e5d518
0000215acd63
000021cfc5ae
00002244bdf9
000022b9b644
0000232eae8f
000023a3a6da
000024189f25
0000248d9770
000025028fbb
000025778806
000025ec8051
00002661789c
000026d670e7
0000274b6932
000027c0617d
0000283559c8
000028aa5213
0000291f4a5e
0000299442a9
00002a093af4
00002a7e333f
00002af32b8a
00002b6823d5
00002bdd1c20
00002c52146b
00002cc70cb6
00002d3c0501
00002db0fd4c
00002e25f597
00002e9aede2
00002f0fe62d
00002f84de78
00002ff9d6c3
0000306ecf0e
000030e3c759
00003158bfa4
000031cdb7ef
00003242b03a
000032b7a885
0000332ca0d0
000033a1991b
000034169166
0000348b89b1
0000350081fc
000035757a47
000035ea7292
0000365f6add
000036d46328
000037495b73
000037be53be
000038334c09
000038a84454
0000391d3c9f
0000399234ea
00003a072d35
ffffc583da80
ffffc5f8d2cb
ffffc66dcb16
ffffc6e2c361
ffffc757bbac
ffffc7ccb3f7
ffffc841ac42
ffffc8b6a48d
ffffc92b9cd8
ffffc9a09523
ffffca158d6e
ffffca8a85b9
ffffcaff7e04
ffffcb74764f
ffffcbe96e9a
ffffcc5e66e5
ffffccd35f30
ffffcd48577b
ffffcdbd4fc6
ffffce324811
ffffcea7405c
ffffcf1c38a7
ffffcf9130f2
ffffd006293d
ffffd07b2188
ffffd0f019d3
ffffd165121e
ffffd1da0a69
ffffd24f02b4
ffffd2c3faff
ffffd338f34a
ffffd3adeb95
ffffd422e3e0
ffffd497dc2b
ffffd50cd476
ffffd581ccc1
ffffd5f6c50c
ffffd66bbd57
ffffd6e0b5a2
ffffd755aded
ffffd7caa638
ffffd83f9e83
ffffd8b496ce
ffffd9298f19
ffffd99e8764
ffffda137faf
ffffda8877fa
ffffdafd7045
ffffdb726890
ffffdbe760db
ffffdc5c5926
ffffdcd15171
ffffdd4649bc
ffffddbb4207
ffffde303a52
ffffdea5329d
ffffdf1a2ae8
ffffdf8f2333
ffffe0041b7e
ffffe07913c9
ffffe0ee0c14
ffffe163045f
ffffe1d7fcaa
ffffe24cf4f5
ffffe2c1ed40
ffffe336e58b
ffffe3abddd6
ffffe420d621
ffffe495ce6c
ffffe50ac6b7
ffffe57fbf02
ffffe5f4b74d
ffffe669af98
ffffe6dea7e3
ffffe753a02e
ffffe7c89879
ffffe83d90c4
ffffe8b2890f
ffffe927815a
ffffe99c79a5
ffffea1171f0
ffffea866a3b
ffffeafb6286
ffffeb705ad1
ffffebe5531c
ffffec5a4b67
ffffeccf43b2
ffffed443bfd
ffffedb93448
ffffee2e2c93
ffffeea324de
ffffef181d29
ffffef8d1574
fffff0020dbf
fffff077060a
fffff0ebfe55
fffff160f6a0
fffff1d5eeeb
fffff24ae736
fffff2bfdf81
fffff334d7cc
fffff3a9d017
fffff41ec862
fffff493c0ad
fffff508b8f8
fffff57db143
fffff5f2a98e
fffff667a1d9
fffff6dc9a24
fffff751926f
fffff7c68aba
fffff83b8305
fffff8b07b50
fffff925739b
fffff99a6be6
fffffa0f6431
fffffa845c7c
fffffaf954c7
fffffb6e4d12
fffffbe3455d
fffffc583da8
fffffccd35f3
fffffd422e3e
fffffdb72689
fffffe2c1ed4
fffffea1171f
ffffff160f6a
ffffff8b07b5
000000000000
000000617994
000000c2f328
000001246cbc
00000185e650
000001e75fe4
00000248d978
000002aa530c
0000030bcca0
0000036d4634
000003cebfc8
00000430395c
00000491b2f0
000004f32c84
00000554a618
000005b61fac
000006179940
0000067912d4
000006da8c68
0000073c05fc
0000079d7f90
000007fef924
0000086072b8
000008c1ec4c
0000092365e0
00000984df74
000009e65908
00000a47d29c
00000aa94c30
00000b0ac5c4
00000b6c3f58
00000bcdb8ec
00000c2f3280
00000c90ac14
00000cf225a8
00000d539f3c
00000db518d0
00000e169264
00000e780bf8
00000ed9858c
00000f3aff20
00000f9c78b4
00000ffdf248
0000105f6bdc
000010c0e570
000011225f04
00001183d898
000011e5522c
00001246cbc0
000012a84554
00001309bee8
0000136b387c
000013ccb210
0000142e2ba4
0000148fa538
000014f11ecc
000015529860
000015b411f4
000016158b88
00001677051c
000016d87eb0
00001739f844
0000179b71d8
000017fceb6c
0000185e6500
000018bfde94
000019215828
00001982d1bc
000019e44b50
00001a45c4e4
00001aa73e78
00001b08b80c
00001b6a31a0
00001bcbab34
00001c2d24c8
00001c8e9e5c
00001cf017f0
00001d519184
00001db30b18
00001e1484ac
00001e75fe40
00001ed777d4
00001f38f168
00001f9a6afc
00001ffbe490
0000205d5e24
000020bed7b8
00002120514c
00002181cae0
000021e34474
00002244be08
000022a6379c
00002307b130
000023692ac4
000023caa458
0000242c1dec
0000248d9780
000024ef1114
000025508aa8
000025b2043c
000026137dd0
00002674f764
000026d670f8
00002737ea8c
000027996420
000027faddb4
0000285c5748
000028bdd0dc
0000291f4a70
00002980c404
000029e23d98
00002a43b72c
00002aa530c0
00002b06aa54
00002b6823e8
00002bc99d7c
00002c2b1710
00002c8c90a4
00002cee0a38
00002d4f83cc
00002db0fd60
00002e1276f4
00002e73f088
00002ed56a1c
00002f36e3b0
00002f985d44
00002ff9d6d8
0000305b506c
ffffcf433600
ffffcfa4af94
ffffd0062928
ffffd067a2bc
ffffd0c91c50
ffffd12a95e4
ffffd18c0f78
ffffd1ed890c
ffffd24f02a0
ffffd2b07c34
ffffd311f5c8
ffffd3736f5c
ffffd3d4e8f0
ffffd4366284
ffffd497dc18
ffffd4f955ac
ffffd55acf40
ffffd5bc48d4
ffffd61dc268
ffffd67f3bfc
ffffd6e0b590
ffffd7422f24
ffffd7a3a8b8
ffffd805224c
ffffd8669be0
ffffd8c81574
ffffd9298f08
ffffd98b089c
ffffd9ec8230
ffffda4dfbc4
ffffdaaf7558
ffffdb10eeec
ffffdb726880
ffffdbd3e214
ffffdc355ba8
ffffdc96d53c
ffffdcf84ed0
ffffdd59c864
ffffddbb41f8
ffffde1cbb8c
ffffde7e3520
ffffdedfaeb4
ffffdf412848
ffffdfa2a1dc
ffffe0041b70
ffffe0659504
ffffe0c70e98
ffffe128882c
ffffe18a01c0
ffffe1eb7b54
ffffe24cf4e8
ffffe2ae6e7c
ffffe30fe810
ffffe37161a4
ffffe3d2db38
ffffe43454cc
ffffe495ce60
ffffe4f747f4
ffffe558c188
ffffe5ba3b1c
ffffe61bb4b0
ffffe67d2e44
ffffe6dea7d8
ffffe740216c
ffffe7a19b00
ffffe8031494
ffffe8648e28
ffffe8c607bc
ffffe9278150
ffffe988fae4
ffffe9ea7478
ffffea4bee0c
ffffeaad67a0
ffffeb0ee134
ffffeb705ac8
ffffebd1d45c
ffffec334df0
ffffec94c784
ffffecf64118
ffffed57baac
ffffedb93440
ffffee1aadd4
ffffee7c2768
ffffeedda0fc
ffffef3f1a90
ffffefa09424
fffff0020db8
fffff063874c
fffff0c500e0
fffff1267a74
fffff187f408
fffff1e96d9c
fffff24ae730
fffff2ac60c4
fffff30dda58
fffff36f53ec
fffff3d0cd80
fffff4324714
fffff493c0a8
fffff4f53a3c
fffff556b3d0
fffff5b82d64
fffff619a6f8
fffff67b208c
fffff6dc9a20
fffff73e13b4
fffff79f8d48
fffff80106dc
fffff8628070
fffff8c3fa04
fffff9257398
fffff986ed2c
fffff9e866c0
fffffa49e054
fffffaab59e8
fffffb0cd37c
fffffb6e4d10
fffffbcfc6a4
fffffc314038
fffffc92b9cc
fffffcf43360
fffffd55acf4
fffffdb72688
fffffe18a01c
fffffe7a19b0
fffffedb9344
ffffff3d0cd8
ffffff9e866c
000000000000
000000617994
000000c2f328
000001246cbc
00000185e650
000001e75fe4
00000248d978
000002aa530c
0000030bcca0
0000036d4634
000003cebfc8
00000430395c
00000491b2f0
000004f32c84
00000554a618
000005b61fac
000006179940
0000067912d4
000006da8c68
0000073c05fc
0000079d7f90
000007fef924
0000086072b8
000008c1ec4c
0000092365e0
00000984df74
000009e65908
00000a47d29c
00000aa94c30
00000b0ac5c4
00000b6c3f58
00000bcdb8ec
00000c2f3280
00000c90ac14
00000cf225a8
00000d539f3c
00000db518d0
00000e169264
00000e780bf8
00000ed9858c
00000f3aff20
00000f9c78b4
00000ffdf248
0000105f6bdc
000010c0e570
000011225f04
00001183d898
000011e5522c
00001246cbc0
000012a84554
00001309bee8
0000136b387c
000013ccb210
0000142e2ba4
0000148fa538
000014f11ecc
000015529860
000015b411f4
000016158b88
00001677051c
000016d87eb0
00001739f844
0000179b71d8
000017fceb6c
0000185e6500
000018bfde94
000019215828
00001982d1bc
000019e44b50
00001a45c4e4
00001aa73e78
00001b08b80c
00001b6a31a0
00001bcbab34
00001c2d24c8
00001c8e9e5c
00001cf017f0
00001d519184
00001db30b18
00001e1484ac
00001e75fe40
00001ed777d4
00001f38f168
00001f9a6afc
00001ffbe490
0000205d5e24
000020bed7b8
00002120514c
00002181cae0
000021e34474
00002244be08
000022a6379c
00002307b130
000023692ac4
000023caa458
0000242c1dec
0000248d9780
000024ef1114
000025508aa8
000025b2043c
000026137dd0
00002674f764
000026d670f8
00002737ea8c
000027996420
000027faddb4
0000285c5748
000028bdd0dc
0000291f4a70
00002980c404
000029e23d98
00002a43b72c
00002aa530c0
00002b06aa54
00002b6823e8
00002bc99d7c
00002c2b1710
00002c8c90a4
00002cee0a38
00002d4f83cc
00002db0fd60
00002e1276f4
00002e73f088
00002ed56a1c
00002f36e3b0
00002f985d44
00002ff9d6d8
0000305b506c
ffffcf433600
ffffcfa4af94
ffffd0062928
ffffd067a2bc
ffffd0c91c50
ffffd12a95e4
ffffd18c0f78
ffffd1ed890c
ffffd24f02a0
ffffd2b07c34
ffffd311f5c8
ffffd3736f5c
ffffd3d4e8f0
ffffd4366284
ffffd497dc18
ffffd4f955ac
ffffd55acf40
ffffd5bc48d4
ffffd61dc268
ffffd67f3bfc
ffffd6e0b590
ffffd7422f24
ffffd7a3a8b8
ffffd805224c
ffffd8669be0
ffffd8c81574
ffffd9298f08
ffffd98b089c
ffffd9ec8230
ffffda4dfbc4
ffffdaaf7558
ffffdb10eeec
ffffdb726880
ffffdbd3e214
ffffdc355ba8
ffffdc96d53c
ffffdcf84ed0
ffffdd59c864
ffffddbb41f8
ffffde1cbb8c
ffffde7e3520
ffffdedfaeb4
ffffdf412848
ffffdfa2a1dc
ffffe0041b70
ffffe0659504
ffffe0c70e98
ffffe128882c
ffffe18a01c0
ffffe1eb7b54
ffffe24cf4e8
ffffe2ae6e7c
ffffe30fe810
ffffe37161a4
ffffe3d2db38
ffffe43454cc
ffffe495ce60
ffffe4f747f4
ffffe558c188
ffffe5ba3b1c
ffffe61bb4b0
ffffe67d2e44
ffffe6dea7d8
ffffe740216c
ffffe7a19b00
ffffe8031494
ffffe8648e28
ffffe8c607bc
ffffe9278150
ffffe988fae4
ffffe9ea7478
ffffea4bee0c
ffffeaad67a0
ffffeb0ee134
ffffeb705ac8
ffffebd1d45c
ffffec334df0
ffffec94c784
ffffecf64118
ffffed57baac
ffffedb93440
ffffee1aadd4
ffffee7c2768
ffffeedda0fc
ffffef3f1a90
ffffefa09424
fffff0020db8
fffff063874c
fffff0c500e0
fffff1267a74
fffff187f408
fffff1e96d9c
fffff24ae730
fffff2ac60c4
fffff30dda58
fffff36f53ec
fffff3d0cd80
fffff4324714
fffff493c0a8
fffff4f53a3c
fffff556b3d0
fffff5b82d64
fffff619a6f8
fffff67b208c
fffff6dc9a20
fffff73e13b4
fffff79f8d48
fffff80106dc
fffff8628070
fffff8c3fa04
fffff9257398
fffff986ed2c
fffff9e866c0
fffffa49e054
fffffaab59e8
fffffb0cd37c
fffffb6e4d10
fffffbcfc6a4
fffffc314038
fffffc92b9cc
fffffcf43360
fffffd55acf4
fffffdb72688
fffffe18a01c
fffffe7a19b0
fffffedb9344
ffffff3d0cd8
ffffff9e866c
000000000000
00000074f84b
000000e9f096
0000015ee8e1
000001d3e12c
00000248d977
000002bdd1c2
00000332ca0d
000003a7c258
0000041cbaa3
00000491b2ee
00000506ab39
0000057ba384
000005f09bcf
00000665941a
000006da8c65
0000074f84b0
000007c47cfb
000008397546
000008ae6d91
0000092365dc
000009985e27
00000a0d5672
00000a824ebd
00000af74708
00000b6c3f53
00000be1379e
00000c562fe9
00000ccb2834
00000d40207f
00000db518ca
00000e2a1115
00000e9f0960
00000f1401ab
00000f88f9f6
00000ffdf241
00001072ea8c
000010e7e2d7
0000115cdb22
000011d1d36d
00001246cbb8
000012bbc403
00001330bc4e
000013a5b499
0000141aace4
0000148fa52f
000015049d7a
0000157995c5
000015ee8e10
00001663865b
000016d87ea6
0000174d76f1
000017c26f3c
000018376787
000018ac5fd2
00001921581d
000019965068
00001a0b48b3
00001a8040fe
00001af53949
00001b6a3194
00001bdf29df
00001c54222a
00001cc91a75
00001d3e12c0
00001db30b0b
00001e280356
00001e9cfba1
00001f11f3ec
00001f86ec37
00001ffbe482
00002070dccd
000020e5d518
0000215acd63
000021cfc5ae
00002244bdf9
000022b9b644
0000232eae8f
000023a3a6da
000024189f25
0000248d9770
000025028fbb
000025778806
000025ec8051
00002661789c
000026d670e7
0000274b6932
000027c0617d
0000283559c8
000028aa5213
0000291f4a5e
0000299442a9
00002a093af4
00002a7e333f
00002af32b8a
00002b6823d5
00002bdd1c20
00002c52146b
00002cc70cb6
00002d3c0501
00002db0fd4c
00002e25f597
00002e9aede2
00002f0fe62d
00002f84de78
00002ff9d6c3
0000306ecf0e
000030e3c759
00003158bfa4
000031cdb7ef
00003242b03a
000032b7a885
0000332ca0d0
000033a1991b
000034169166
0000348b89b1
0000350081fc
000035757a47
000035ea7292
0000365f6add
000036d46328
000037495b73
000037be53be
000038334c09
000038a84454
0000391d3c9f
0000399234ea
00003a072d35
ffffc583da80
ffffc5f8d2cb
ffffc66dcb16
ffffc6e2c361
ffffc757bbac
ffffc7ccb3f7
ffffc841ac42
ffffc8b6a48d
ffffc92b9cd8
ffffc9a09523
ffffca158d6e
ffffca8a85b9
ffffcaff7e04
ffffcb74764f
ffffcbe96e9a
ffffcc5e66e5
ffffccd35f30
ffffcd48577b
ffffcdbd4fc6
ffffce324811
ffffcea7405c
ffffcf1c38a7
ffffcf9130f2
ffffd006293d
ffffd07b2188
ffffd0f019d3
ffffd165121e
ffffd1da0a69
ffffd24f02b4
ffffd2c3faff
ffffd338f34a
ffffd3adeb95
ffffd422e3e0
ffffd497dc2b
ffffd50cd476
ffffd581ccc1
ffffd5f6c50c
ffffd66bbd57
ffffd6e0b5a2
ffffd755aded
ffffd7caa638
ffffd83f9e83
ffffd8b496ce
ffffd9298f19
ffffd99e8764
ffffda137faf
ffffda8877fa
ffffdafd7045
ffffdb726890
ffffdbe760db
ffffdc5c5926
ffffdcd15171
ffffdd4649bc
ffffddbb4207
ffffde303a52
ffffdea5329d
ffffdf1a2ae8
ffffdf8f2333
ffffe0041b7e
ffffe07913c9
ffffe0ee0c14
ffffe163045f
ffffe1d7fcaa
ffffe24cf4f5
ffffe2c1ed40
ffffe336e58b
ffffe3abddd6
ffffe420d621
ffffe495ce6c
ffffe50ac6b7
ffffe57fbf02
ffffe5f4b74d
ffffe669af98
ffffe6dea7e3
ffffe753a02e
ffffe7c89879
ffffe83d90c4
ffffe8b2890f
ffffe927815a
ffffe99c79a5
ffffea1171f0
ffffea866a3b
ffffeafb6286
ffffeb705ad1
ffffebe5531c
ffffec5a4b67
ffffeccf43b2
ffffed443bfd
ffffedb93448
ffffee2e2c93
ffffeea324de
ffffef181d29
ffffef8d1574
fffff0020dbf
fffff077060a
fffff0ebfe55
fffff160f6a0
fffff1d5eeeb
fffff24ae736
fffff2bfdf81
fffff334d7cc
fffff3a9d017
fffff41ec862
fffff493c0ad
fffff508b8f8
fffff57db143
fffff5f2a98e
fffff667a1d9
fffff6dc9a24
fffff751926f
fffff7c68aba
fffff83b8305
fffff8b07b50
fffff925739b
fffff99a6be6
fffffa0f6431
fffffa845c7c
fffffaf954c7
fffffb6e4d12
fffffbe3455d
fffffc583da8
fffffccd35f3
fffffd422e3e
fffffdb72689
fffffe2c1ed4
fffffea1171f
ffffff160f6a
ffffff8b07b5
