000000000000
000000f8152b
000001f02a56
000002e83f81
000003e054ac
000004d869d7
000005d07f02
000006c8942d
000007c0a958
000008b8be83
000009b0d3ae
00000aa8e8d9
00000ba0fe04
00000c99132f
00000d91285a
00000e893d85
00000f8152b0
0000107967db
000011717d06
000012699231
00001361a75c
00001459bc87
00001551d1b2
00001649e6dd
00001741fc08
0000183a1133
00001932265e
00001a2a3b89
00001b2250b4
00001c1a65df
00001d127b0a
00001e0a9035
00001f02a560
00001ffaba8b
000020f2cfb6
000021eae4e1
000022e2fa0c
000023db0f37
000024d32462
000025cb398d
000026c34eb8
000027bb63e3
000028b3790e
000029ab8e39
00002aa3a364
00002b9bb88f
00002c93cdba
00002d8be2e5
00002e83f810
00002f7c0d3b
000030742266
0000316c3791
000032644cbc
0000335c61e7
000034547712
0000354c8c3d
00003644a168
0000373cb693
00003834cbbe
0000392ce0e9
00003a24f614
00003b1d0b3f
00003c15206a
00003d0d3595
00003e054ac0
00003efd5feb
00003ff57516
000040ed8a41
000041e59f6c
000042ddb497
000043d5c9c2
000044cddeed
000045c5f418
000046be0943
000047b61e6e
000048ae3399
000049a648c4
00004a9e5def
00004b96731a
00004c8e8845
00004d869d70
00004e7eb29b
00004f76c7c6
0000506edcf1
00005166f21c
0000525f0747
000053571c72
0000544f319d
0000554746c8
0000563f5bf3
00005737711e
0000582f8649
000059279b74
00005a1fb09f
00005b17c5ca
00005c0fdaf5
00005d07f020
00005e00054b
00005ef81a76
00005ff02fa1
000060e844cc
000061e059f7
000062d86f22
000063d0844d
000064c89978
000065c0aea3
000066b8c3ce
000067b0d8f9
000068a8ee24
000069a1034f
00006a99187a
00006b912da5
00006c8942d0
00006d8157fb
00006e796d26
00006f718251
00007069977c
00007161aca7
00007259c1d2
00007351d6fd
00007449ec28
000075420153
0000763a167e
000077322ba9
0000782a40d4
0000792255ff
00007a1a6b2a
00007b128055
ffff83f56a80
ffff84ed7fab
ffff85e594d6
ffff86ddaa01
ffff87d5bf2c
ffff88cdd457
ffff89c5e982
ffff8abdfead
ffff8bb613d8
ffff8cae2903
ffff8da63e2e
ffff8e9e5359
ffff8f966884
ffff908e7daf
ffff918692da
ffff927ea805
ffff9376bd30
ffff946ed25b
ffff9566e786
ffff965efcb1
ffff975711dc
ffff984f2707
ffff99473c32
ffff9a3f515d
ffff9b376688
ffff9c2f7bb3
ffff9d2790de
ffff9e1fa609
ffff9f17bb34
ffffa00fd05f
ffffa107e58a
ffffa1fffab5
ffffa2f80fe0
ffffa3f0250b
ffffa4e83a36
ffffa5e04f61
ffffa6d8648c
ffffa7d079b7
ffffa8c88ee2
ffffa9c0a40d
ffffaab8b938
ffffabb0ce63
ffffaca8e38e
ffffada0f8b9
ffffae990de4
ffffaf91230f
ffffb089383a
ffffb1814d65
ffffb2796290
ffffb37177bb
ffffb4698ce6
ffffb561a211
ffffb659b73c
ffffb751cc67
ffffb849e192
ffffb941f6bd
ffffba3a0be8
ffffbb322113
ffffbc2a363e
ffffbd224b69
ffffbe1a6094
ffffbf1275bf
ffffc00a8aea
ffffc102a015
ffffc1fab540
ffffc2f2ca6b
ffffc3eadf96
ffffc4e2f4c1
ffffc5db09ec
ffffc6d31f17
ffffc7cb3442
ffffc8c3496d
ffffc9bb5e98
ffffcab373c3
ffffcbab88ee
ffffcca39e19
ffffcd9bb344
ffffce93c86f
ffffcf8bdd9a
ffffd083f2c5
ffffd17c07f0
ffffd2741d1b
ffffd36c3246
ffffd4644771
ffffd55c5c9c
ffffd65471c7
ffffd74c86f2
ffffd8449c1d
ffffd93cb148
ffffda34c673
ffffdb2cdb9e
ffffdc24f0c9
ffffdd1d05f4
ffffde151b1f
ffffdf0d304a
ffffe0054575
ffffe0fd5aa0
ffffe1f56fcb
ffffe2ed84f6
ffffe3e59a21
ffffe4ddaf4c
ffffe5d5c477
ffffe6cdd9a2
ffffe7c5eecd
ffffe8be03f8
ffffe9b61923
ffffeaae2e4e
ffffeba64379
ffffec9e58a4
ffffed966dcf
ffffee8e82fa
ffffef869825
fffff07ead50
fffff176c27b
fffff26ed7a6
fffff366ecd1
fffff45f01fc
fffff5571727
fffff64f2c52
fffff747417d
fffff83f56a8
fffff9376bd3
fffffa2f80fe
fffffb279629
fffffc1fab54
fffffd17c07f
fffffe0fd5aa
ffffff07ead5
000000000000
000000f8152b
000001f02a56
000002e83f81
000003e054ac
000004d869d7
000005d07f02
000006c8942d
000007c0a958
000008b8be83
000009b0d3ae
00000aa8e8d9
00000ba0fe04
00000c99132f
00000d91285a
00000e893d85
00000f8152b0
0000107967db
000011717d06
000012699231
00001361a75c
00001459bc87
00001551d1b2
00001649e6dd
00001741fc08
0000183a1133
00001932265e
00001a2a3b89
00001b2250b4
00001c1a65df
00001d127b0a
00001e0a9035
00001f02a560
00001ffaba8b
000020f2cfb6
000021eae4e1
000022e2fa0c
000023db0f37
000024d32462
000025cb398d
000026c34eb8
000027bb63e3
000028b3790e
000029ab8e39
00002aa3a364
00002b9bb88f
00002c93cdba
00002d8be2e5
00002e83f810
00002f7c0d3b
000030742266
0000316c3791
000032644cbc
0000335c61e7
000034547712
0000354c8c3d
00003644a168
0000373cb693
00003834cbbe
0000392ce0e9
00003a24f614
00003b1d0b3f
00003c15206a
00003d0d3595
00003e054ac0
00003efd5feb
00003ff57516
000040ed8a41
000041e59f6c
000042ddb497
000043d5c9c2
000044cddeed
000045c5f418
000046be0943
000047b61e6e
000048ae3399
000049a648c4
00004a9e5def
00004b96731a
00004c8e8845
00004d869d70
00004e7eb29b
00004f76c7c6
0000506edcf1
00005166f21c
0000525f0747
000053571c72
0000544f319d
0000554746c8
0000563f5bf3
00005737711e
0000582f8649
000059279b74
00005a1fb09f
00005b17c5ca
00005c0fdaf5
00005d07f020
00005e00054b
00005ef81a76
00005ff02fa1
000060e844cc
000061e059f7
000062d86f22
000063d0844d
000064c89978
000065c0aea3
000066b8c3ce
000067b0d8f9
000068a8ee24
000069a1034f
00006a99187a
00006b912da5
00006c8942d0
00006d8157fb
00006e796d26
00006f718251
00007069977c
00007161aca7
00007259c1d2
00007351d6fd
00007449ec28
000075420153
0000763a167e
000077322ba9
0000782a40d4
0000792255ff
00007a1a6b2a
00007b128055
ffff83f56a80
ffff84ed7fab
ffff85e594d6
ffff86ddaa01
ffff87d5bf2c
ffff88cdd457
ffff89c5e982
ffff8abdfead
ffff8bb613d8
ffff8cae2903
ffff8da63e2e
ffff8e9e5359
ffff8f966884
ffff908e7daf
ffff918692da
ffff927ea805
ffff9376bd30
ffff946ed25b
ffff9566e786
ffff965efcb1
ffff975711dc
ffff984f2707
ffff99473c32
ffff9a3f515d
ffff9b376688
ffff9c2f7bb3
ffff9d2790de
ffff9e1fa609
ffff9f17bb34
ffffa00fd05f
ffffa107e58a
ffffa1fffab5
ffffa2f80fe0
ffffa3f0250b
ffffa4e83a36
ffffa5e04f61
ffffa6d8648c
ffffa7d079b7
ffffa8c88ee2
ffffa9c0a40d
ffffaab8b938
ffffabb0ce63
ffffaca8e38e
ffffada0f8b9
ffffae990de4
ffffaf91230f
ffffb089383a
ffffb1814d65
ffffb2796290
ffffb37177bb
ffffb4698ce6
ffffb561a211
ffffb659b73c
ffffb751cc67
ffffb849e192
ffffb941f6bd
ffffba3a0be8
ffffbb322113
ffffbc2a363e
ffffbd224b69
ffffbe1a6094
ffffbf1275bf
ffffc00a8aea
ffffc102a015
ffffc1fab540
ffffc2f2ca6b
ffffc3eadf96
ffffc4e2f4c1
ffffc5db09ec
ffffc6d31f17
ffffc7cb3442
ffffc8c3496d
ffffc9bb5e98
ffffcab373c3
ffffcbab88ee
ffffcca39e19
ffffcd9bb344
ffffce93c86f
ffffcf8bdd9a
ffffd083f2c5
ffffd17c07f0
ffffd2741d1b
ffffd36c3246
ffffd4644771
ffffd55c5c9c
ffffd65471c7
ffffd74c86f2
ffffd8449c1d
ffffd93cb148
ffffda34c673
ffffdb2cdb9e
ffffdc24f0c9
ffffdd1d05f4
ffffde151b1f
ffffdf0d304a
ffffe0054575
ffffe0fd5aa0
ffffe1f56fcb
ffffe2ed84f6
ffffe3e59a21
ffffe4ddaf4c
ffffe5d5c477
ffffe6cdd9a2
ffffe7c5eecd
ffffe8be03f8
ffffe9b61923
ffffeaae2e4e
ffffeba64379
ffffec9e58a4
ffffed966dcf
ffffee8e82fa
ffffef869825
fffff07ead50
fffff176c27b
fffff26ed7a6
fffff366ecd1
fffff45f01fc
fffff5571727
fffff64f2c52
fffff747417d
fffff83f56a8
fffff9376bd3
fffffa2f80fe
fffffb279629
fffffc1fab54
fffffd17c07f
fffffe0fd5aa
ffffff07ead5
000000000000
000000f8152b
000001f02a56
000002e83f81
000003e054ac
000004d869d7
000005d07f02
000006c8942d
000007c0a958
000008b8be83
000009b0d3ae
00000aa8e8d9
00000ba0fe04
00000c99132f
00000d91285a
00000e893d85
00000f8152b0
0000107967db
000011717d06
000012699231
00001361a75c
00001459bc87
00001551d1b2
00001649e6dd
00001741fc08
0000183a1133
00001932265e
00001a2a3b89
00001b2250b4
00001c1a65df
00001d127b0a
00001e0a9035
00001f02a560
00001ffaba8b
000020f2cfb6
000021eae4e1
000022e2fa0c
000023db0f37
000024d32462
000025cb398d
000026c34eb8
000027bb63e3
000028b3790e
000029ab8e39
00002aa3a364
00002b9bb88f
00002c93cdba
00002d8be2e5
00002e83f810
00002f7c0d3b
000030742266
0000316c3791
000032644cbc
0000335c61e7
000034547712
0000354c8c3d
00003644a168
0000373cb693
00003834cbbe
0000392ce0e9
00003a24f614
00003b1d0b3f
00003c15206a
00003d0d3595
00003e054ac0
00003efd5feb
00003ff57516
000040ed8a41
000041e59f6c
000042ddb497
000043d5c9c2
000044cddeed
000045c5f418
000046be0943
000047b61e6e
000048ae3399
000049a648c4
00004a9e5def
00004b96731a
00004c8e8845
00004d869d70
00004e7eb29b
00004f76c7c6
0000506edcf1
00005166f21c
0000525f0747
000053571c72
0000544f319d
0000554746c8
0000563f5bf3
00005737711e
0000582f8649
000059279b74
00005a1fb09f
00005b17c5ca
00005c0fdaf5
00005d07f020
00005e00054b
00005ef81a76
00005ff02fa1
000060e844cc
000061e059f7
000062d86f22
000063d0844d
000064c89978
000065c0aea3
000066b8c3ce
000067b0d8f9
000068a8ee24
000069a1034f
00006a99187a
00006b912da5
00006c8942d0
00006d8157fb
00006e796d26
00006f718251
00007069977c
00007161aca7
00007259c1d2
00007351d6fd
00007449ec28
000075420153
0000763a167e
000077322ba9
0000782a40d4
0000792255ff
00007a1a6b2a
00007b128055
ffff83f56a80
ffff84ed7fab
ffff85e594d6
ffff86ddaa01
ffff87d5bf2c
ffff88cdd457
ffff89c5e982
ffff8abdfead
ffff8bb613d8
ffff8cae2903
ffff8da63e2e
ffff8e9e5359
ffff8f966884
ffff908e7daf
ffff918692da
ffff927ea805
ffff9376bd30
ffff946ed25b
ffff9566e786
ffff965efcb1
ffff975711dc
ffff984f2707
ffff99473c32
ffff9a3f515d
ffff9b376688
ffff9c2f7bb3
ffff9d2790de
ffff9e1fa609
ffff9f17bb34
ffffa00fd05f
ffffa107e58a
ffffa1fffab5
ffffa2f80fe0
ffffa3f0250b
ffffa4e83a36
ffffa5e04f61
ffffa6d8648c
ffffa7d079b7
ffffa8c88ee2
ffffa9c0a40d
ffffaab8b938
ffffabb0ce63
ffffaca8e38e
ffffada0f8b9
ffffae990de4
ffffaf91230f
ffffb089383a
ffffb1814d65
ffffb2796290
ffffb37177bb
ffffb4698ce6
ffffb561a211
ffffb659b73c
ffffb751cc67
ffffb849e192
ffffb941f6bd
ffffba3a0be8
ffffbb322113
ffffbc2a363e
ffffbd224b69
ffffbe1a6094
ffffbf1275bf
ffffc00a8aea
ffffc102a015
ffffc1fab540
ffffc2f2ca6b
ffffc3eadf96
ffffc4e2f4c1
ffffc5db09ec
ffffc6d31f17
ffffc7cb3442
ffffc8c3496d
ffffc9bb5e98
ffffcab373c3
ffffcbab88ee
ffffcca39e19
ffffcd9bb344
ffffce93c86f
ffffcf8bdd9a
ffffd083f2c5
ffffd17c07f0
ffffd2741d1b
ffffd36c3246
ffffd4644771
ffffd55c5c9c
ffffd65471c7
ffffd74c86f2
ffffd8449c1d
ffffd93cb148
ffffda34c673
ffffdb2cdb9e
ffffdc24f0c9
ffffdd1d05f4
ffffde151b1f
ffffdf0d304a
ffffe0054575
ffffe0fd5aa0
ffffe1f56fcb
ffffe2ed84f6
ffffe3e59a21
ffffe4ddaf4c
ffffe5d5c477
ffffe6cdd9a2
ffffe7c5eecd
ffffe8be03f8
ffffe9b61923
ffffeaae2e4e
ffffeba64379
ffffec9e58a4
ffffed966dcf
ffffee8e82fa
ffffef869825
fffff07ead50
fffff176c27b
fffff26ed7a6
fffff366ecd1
fffff45f01fc
fffff5571727
fffff64f2c52
fffff747417d
fffff83f56a8
fffff9376bd3
fffffa2f80fe
fffffb279629
fffffc1fab54
fffffd17c07f
fffffe0fd5aa
ffffff07ead5
000000000000
000000cebc4e
0000019d789c
0000026c34ea
0000033af138
00000409ad86
000004d869d4
000005a72622
00000675e270
000007449ebe
000008135b0c
000008e2175a
000009b0d3a8
00000a7f8ff6
00000b4e4c44
00000c1d0892
00000cebc4e0
00000dba812e
00000e893d7c
00000f57f9ca
00001026b618
000010f57266
000011c42eb4
00001292eb02
00001361a750
00001430639e
000014ff1fec
000015cddc3a
0000169c9888
0000176b54d6
0000183a1124
00001908cd72
000019d789c0
00001aa6460e
00001b75025c
00001c43beaa
00001d127af8
00001de13746
00001eaff394
00001f7eafe2
0000204d6c30
0000211c287e
000021eae4cc
000022b9a11a
000023885d68
0000245719b6
00002525d604
000025f49252
000026c34ea0
000027920aee
00002860c73c
0000292f838a
000029fe3fd8
00002accfc26
00002b9bb874
00002c6a74c2
00002d393110
00002e07ed5e
00002ed6a9ac
00002fa565fa
000030742248
00003142de96
000032119ae4
000032e05732
000033af1380
0000347dcfce
0000354c8c1c
0000361b486a
000036ea04b8
000037b8c106
000038877d54
0000395639a2
00003a24f5f0
00003af3b23e
00003bc26e8c
00003c912ada
00003d5fe728
00003e2ea376
00003efd5fc4
00003fcc1c12
0000409ad860
0000416994ae
0000423850fc
000043070d4a
000043d5c998
000044a485e6
000045734234
00004641fe82
00004710bad0
000047df771e
000048ae336c
0000497cefba
00004a4bac08
00004b1a6856
00004be924a4
00004cb7e0f2
00004d869d40
00004e55598e
00004f2415dc
00004ff2d22a
000050c18e78
000051904ac6
0000525f0714
0000532dc362
000053fc7fb0
000054cb3bfe
00005599f84c
00005668b49a
0000573770e8
000058062d36
000058d4e984
000059a3a5d2
00005a726220
00005b411e6e
00005c0fdabc
00005cde970a
00005dad5358
00005e7c0fa6
00005f4acbf4
000060198842
000060e84490
000061b700de
00006285bd2c
00006354797a
0000642335c8
000064f1f216
000065c0ae64
0000668f6ab2
ffff98a1d900
ffff9970954e
ffff9a3f519c
ffff9b0e0dea
ffff9bdcca38
ffff9cab8686
ffff9d7a42d4
ffff9e48ff22
ffff9f17bb70
ffff9fe677be
ffffa0b5340c
ffffa183f05a
ffffa252aca8
ffffa32168f6
ffffa3f02544
ffffa4bee192
ffffa58d9de0
ffffa65c5a2e
ffffa72b167c
ffffa7f9d2ca
ffffa8c88f18
ffffa9974b66
ffffaa6607b4
ffffab34c402
ffffac038050
ffffacd23c9e
ffffada0f8ec
ffffae6fb53a
ffffaf3e7188
ffffb00d2dd6
ffffb0dbea24
ffffb1aaa672
ffffb27962c0
ffffb3481f0e
ffffb416db5c
ffffb4e597aa
ffffb5b453f8
ffffb6831046
ffffb751cc94
ffffb82088e2
ffffb8ef4530
ffffb9be017e
ffffba8cbdcc
ffffbb5b7a1a
ffffbc2a3668
ffffbcf8f2b6
ffffbdc7af04
ffffbe966b52
ffffbf6527a0
ffffc033e3ee
ffffc102a03c
ffffc1d15c8a
ffffc2a018d8
ffffc36ed526
ffffc43d9174
ffffc50c4dc2
ffffc5db0a10
ffffc6a9c65e
ffffc77882ac
ffffc8473efa
ffffc915fb48
ffffc9e4b796
ffffcab373e4
ffffcb823032
ffffcc50ec80
ffffcd1fa8ce
ffffcdee651c
ffffcebd216a
ffffcf8bddb8
ffffd05a9a06
ffffd1295654
ffffd1f812a2
ffffd2c6cef0
ffffd3958b3e
ffffd464478c
ffffd53303da
ffffd601c028
ffffd6d07c76
ffffd79f38c4
ffffd86df512
ffffd93cb160
ffffda0b6dae
ffffdada29fc
ffffdba8e64a
ffffdc77a298
ffffdd465ee6
ffffde151b34
ffffdee3d782
ffffdfb293d0
ffffe081501e
ffffe1500c6c
ffffe21ec8ba
ffffe2ed8508
ffffe3bc4156
ffffe48afda4
ffffe559b9f2
ffffe6287640
ffffe6f7328e
ffffe7c5eedc
ffffe894ab2a
ffffe9636778
ffffea3223c6
ffffeb00e014
ffffebcf9c62
ffffec9e58b0
ffffed6d14fe
ffffee3bd14c
ffffef0a8d9a
ffffefd949e8
fffff0a80636
fffff176c284
fffff2457ed2
fffff3143b20
fffff3e2f76e
fffff4b1b3bc
fffff580700a
fffff64f2c58
fffff71de8a6
fffff7eca4f4
fffff8bb6142
fffff98a1d90
fffffa58d9de
fffffb27962c
fffffbf6527a
fffffcc50ec8
fffffd93cb16
fffffe628764
ffffff3143b2
000000000000
000000f8152b
000001f02a56
000002e83f81
000003e054ac
000004d869d7
000005d07f02
000006c8942d
000007c0a958
000008b8be83
000009b0d3ae
00000aa8e8d9
00000ba0fe04
00000c99132f
00000d91285a
00000e893d85
00000f8152b0
0000107967db
000011717d06
000012699231
00001361a75c
00001459bc87
00001551d1b2
00001649e6dd
00001741fc08
0000183a1133
00001932265e
00001a2a3b89
00001b2250b4
00001c1a65df
00001d127b0a
00001e0a9035
00001f02a560
00001ffaba8b
000020f2cfb6
000021eae4e1
000022e2fa0c
000023db0f37
000024d32462
000025cb398d
000026c34eb8
000027bb63e3
000028b3790e
000029ab8e39
00002aa3a364
00002b9bb88f
00002c93cdba
00002d8be2e5
00002e83f810
00002f7c0d3b
000030742266
0000316c3791
000032644cbc
0000335c61e7
000034547712
0000354c8c3d
00003644a168
0000373cb693
00003834cbbe
0000392ce0e9
00003a24f614
00003b1d0b3f
00003c15206a
00003d0d3595
00003e054ac0
00003efd5feb
00003ff57516
000040ed8a41
000041e59f6c
000042ddb497
000043d5c9c2
000044cddeed
000045c5f418
000046be0943
000047b61e6e
000048ae3399
000049a648c4
00004a9e5def
00004b96731a
00004c8e8845
00004d869d70
00004e7eb29b
00004f76c7c6
0000506edcf1
00005166f21c
0000525f0747
000053571c72
0000544f319d
0000554746c8
0000563f5bf3
00005737711e
0000582f8649
000059279b74
00005a1fb09f
00005b17c5ca
00005c0fdaf5
00005d07f020
00005e00054b
00005ef81a76
00005ff02fa1
000060e844cc
000061e059f7
000062d86f22
000063d0844d
000064c89978
000065c0aea3
000066b8c3ce
000067b0d8f9
000068a8ee24
000069a1034f
00006a99187a
00006b912da5
00006c8942d0
00006d8157fb
00006e796d26
00006f718251
00007069977c
00007161aca7
00007259c1d2
00007351d6fd
00007449ec28
000075420153
0000763a167e
000077322ba9
0000782a40d4
0000792255ff
00007a1a6b2a
00007b128055
ffff83f56a80
ffff84ed7fab
ffff85e594d6
ffff86ddaa01
ffff87d5bf2c
ffff88cdd457
ffff89c5e982
ffff8abdfead
ffff8bb613d8
ffff8cae2903
ffff8da63e2e
ffff8e9e5359
ffff8f966884
ffff908e7daf
ffff918692da
ffff927ea805
ffff9376bd30
ffff946ed25b
ffff9566e786
ffff965efcb1
ffff975711dc
ffff984f2707
ffff99473c32
ffff9a3f515d
ffff9b376688
ffff9c2f7bb3
ffff9d2790de
ffff9e1fa609
ffff9f17bb34
ffffa00fd05f
ffffa107e58a
ffffa1fffab5
ffffa2f80fe0
ffffa3f0250b
ffffa4e83a36
ffffa5e04f61
ffffa6d8648c
ffffa7d079b7
ffffa8c88ee2
ffffa9c0a40d
ffffaab8b938
ffffabb0ce63
ffffaca8e38e
ffffada0f8b9
ffffae990de4
ffffaf91230f
ffffb089383a
ffffb1814d65
ffffb2796290
ffffb37177bb
ffffb4698ce6
ffffb561a211
ffffb659b73c
ffffb751cc67
ffffb849e192
ffffb941f6bd
ffffba3a0be8
ffffbb322113
ffffbc2a363e
ffffbd224b69
ffffbe1a6094
ffffbf1275bf
ffffc00a8aea
ffffc102a015
ffffc1fab540
ffffc2f2ca6b
ffffc3eadf96
ffffc4e2f4c1
ffffc5db09ec
ffffc6d31f17
ffffc7cb3442
ffffc8c3496d
ffffc9bb5e98
ffffcab373c3
ffffcbab88ee
ffffcca39e19
ffffcd9bb344
ffffce93c86f
ffffcf8bdd9a
ffffd083f2c5
ffffd17c07f0
ffffd2741d1b
ffffd36c3246
ffffd4644771
ffffd55c5c9c
ffffd65471c7
ffffd74c86f2
ffffd8449c1d
ffffd93cb148
ffffda34c673
ffffdb2cdb9e
ffffdc24f0c9
ffffdd1d05f4
ffffde151b1f
ffffdf0d304a
ffffe0054575
ffffe0fd5aa0
ffffe1f56fcb
ffffe2ed84f6
ffffe3e59a21
ffffe4ddaf4c
ffffe5d5c477
ffffe6cdd9a2
ffffe7c5eecd
ffffe8be03f8
ffffe9b61923
ffffeaae2e4e
ffffeba64379
ffffec9e58a4
ffffed966dcf
ffffee8e82fa
ffffef869825
fffff07ead50
fffff176c27b
fffff26ed7a6
fffff366ecd1
fffff45f01fc
fffff5571727
fffff64f2c52
fffff747417d
fffff83f56a8
fffff9376bd3
fffffa2f80fe
fffffb279629
fffffc1fab54
fffffd17c07f
fffffe0fd5aa
ffffff07ead5
000000000000
000000f8152b
000001f02a56
000002e83f81
000003e054ac
000004d869d7
000005d07f02
000006c8942d
000007c0a958
000008b8be83
000009b0d3ae
00000aa8e8d9
00000ba0fe04
00000c99132f
00000d91285a
00000e893d85
00000f8152b0
0000107967db
000011717d06
000012699231
00001361a75c
00001459bc87
00001551d1b2
00001649e6dd
00001741fc08
0000183a1133
00001932265e
00001a2a3b89
00001b2250b4
00001c1a65df
00001d127b0a
00001e0a9035
00001f02a560
00001ffaba8b
000020f2cfb6
000021eae4e1
000022e2fa0c
000023db0f37
000024d32462
000025cb398d
000026c34eb8
000027bb63e3
000028b3790e
000029ab8e39
00002aa3a364
00002b9bb88f
00002c93cdba
00002d8be2e5
00002e83f810
00002f7c0d3b
000030742266
0000316c3791
000032644cbc
0000335c61e7
000034547712
0000354c8c3d
00003644a168
0000373cb693
00003834cbbe
0000392ce0e9
00003a24f614
00003b1d0b3f
00003c15206a
00003d0d3595
00003e054ac0
00003efd5feb
00003ff57516
000040ed8a41
000041e59f6c
000042ddb497
000043d5c9c2
000044cddeed
000045c5f418
000046be0943
000047b61e6e
000048ae3399
000049a648c4
00004a9e5def
00004b96731a
00004c8e8845
00004d869d70
00004e7eb29b
00004f76c7c6
0000506edcf1
00005166f21c
0000525f0747
000053571c72
0000544f319d
0000554746c8
0000563f5bf3
00005737711e
0000582f8649
000059279b74
00005a1fb09f
00005b17c5ca
00005c0fdaf5
00005d07f020
00005e00054b
00005ef81a76
00005ff02fa1
000060e844cc
000061e059f7
000062d86f22
000063d0844d
000064c89978
000065c0aea3
000066b8c3ce
000067b0d8f9
000068a8ee24
000069a1034f
00006a99187a
00006b912da5
00006c8942d0
00006d8157fb
00006e796d26
00006f718251
00007069977c
00007161aca7
00007259c1d2
00007351d6fd
00007449ec28
000075420153
0000763a167e
000077322ba9
0000782a40d4
0000792255ff
00007a1a6b2a
00007b128055
ffff83f56a80
ffff84ed7fab
ffff85e594d6
ffff86ddaa01
ffff87d5bf2c
ffff88cdd457
ffff89c5e982
ffff8abdfead
ffff8bb613d8
ffff8cae2903
ffff8da63e2e
ffff8e9e5359
ffff8f966884
ffff908e7daf
ffff918692da
ffff927ea805
ffff9376bd30
ffff946ed25b
ffff9566e786
ffff965efcb1
ffff975711dc
ffff984f2707
ffff99473c32
ffff9a3f515d
ffff9b376688
ffff9c2f7bb3
ffff9d2790de
ffff9e1fa609
ffff9f17bb34
ffffa00fd05f
ffffa107e58a
ffffa1fffab5
ffffa2f80fe0
ffffa3f0250b
ffffa4e83a36
ffffa5e04f61
ffffa6d8648c
ffffa7d079b7
ffffa8c88ee2
ffffa9c0a40d
ffffaab8b938
ffffabb0ce63
ffffaca8e38e
ffffada0f8b9
ffffae990de4
ffffaf91230f
ffffb089383a
ffffb1814d65
ffffb2796290
ffffb37177bb
ffffb4698ce6
ffffb561a211
ffffb659b73c
ffffb751cc67
ffffb849e192
ffffb941f6bd
ffffba3a0be8
ffffbb322113
ffffbc2a363e
ffffbd224b69
ffffbe1a6094
ffffbf1275bf
ffffc00a8aea
ffffc102a015
ffffc1fab540
ffffc2f2ca6b
ffffc3eadf96
ffffc4e2f4c1
ffffc5db09ec
ffffc6d31f17
ffffc7cb3442
ffffc8c3496d
ffffc9bb5e98
ffffcab373c3
ffffcbab88ee
ffffcca39e19
ffffcd9bb344
ffffce93c86f
ffffcf8bdd9a
ffffd083f2c5
ffffd17c07f0
ffffd2741d1b
ffffd36c3246
ffffd4644771
ffffd55c5c9c
ffffd65471c7
ffffd74c86f2
ffffd8449c1d
ffffd93cb148
ffffda34c673
ffffdb2cdb9e
ffffdc24f0c9
ffffdd1d05f4
ffffde151b1f
ffffdf0d304a
ffffe0054575
ffffe0fd5aa0
ffffe1f56fcb
ffffe2ed84f6
ffffe3e59a21
ffffe4ddaf4c
ffffe5d5c477
ffffe6cdd9a2
ffffe7c5eecd
ffffe8be03f8
ffffe9b61923
ffffeaae2e4e
ffffeba64379
ffffec9e58a4
ffffed966dcf
ffffee8e82fa
ffffef869825
fffff07ead50
fffff176c27b
fffff26ed7a6
fffff366ecd1
fffff45f01fc
fffff5571727
fffff64f2c52
fffff747417d
fffff83f56a8
fffff9376bd3
fffffa2f80fe
fffffb279629
fffffc1fab54
fffffd17c07f
fffffe0fd5aa
ffffff07ead5
000000000000
000000f8152b
000001f02a56
000002e83f81
000003e054ac
000004d869d7
000005d07f02
000006c8942d
000007c0a958
000008b8be83
000009b0d3ae
00000aa8e8d9
00000ba0fe04
00000c99132f
00000d91285a
00000e893d85
00000f8152b0
0000107967db
000011717d06
000012699231
00001361a75c
00001459bc87
00001551d1b2
00001649e6dd
00001741fc08
0000183a1133
00001932265e
00001a2a3b89
00001b2250b4
00001c1a65df
00001d127b0a
00001e0a9035
00001f02a560
00001ffaba8b
000020f2cfb6
000021eae4e1
000022e2fa0c
000023db0f37
000024d32462
000025cb398d
000026c34eb8
000027bb63e3
000028b3790e
000029ab8e39
00002aa3a364
00002b9bb88f
00002c93cdba
00002d8be2e5
00002e83f810
00002f7c0d3b
000030742266
0000316c3791
000032644cbc
0000335c61e7
000034547712
0000354c8c3d
00003644a168
0000373cb693
00003834cbbe
0000392ce0e9
00003a24f614
00003b1d0b3f
00003c15206a
00003d0d3595
00003e054ac0
00003efd5feb
00003ff57516
000040ed8a41
000041e59f6c
000042ddb497
000043d5c9c2
000044cddeed
000045c5f418
000046be0943
000047b61e6e
000048ae3399
000049a648c4
00004a9e5def
00004b96731a
00004c8e8845
00004d869d70
00004e7eb29b
00004f76c7c6
0000506edcf1
00005166f21c
0000525f0747
000053571c72
0000544f319d
0000554746c8
0000563f5bf3
00005737711e
0000582f8649
000059279b74
00005a1fb09f
00005b17c5ca
00005c0fdaf5
00005d07f020
00005e00054b
00005ef81a76
00005ff02fa1
000060e844cc
000061e059f7
000062d86f22
000063d0844d
000064c89978
000065c0aea3
000066b8c3ce
000067b0d8f9
000068a8ee24
000069a1034f
00006a99187a
00006b912da5
00006c8942d0
00006d8157fb
00006e796d26
00006f718251
00007069977c
00007161aca7
00007259c1d2
00007351d6fd
00007449ec28
000075420153
0000763a167e
000077322ba9
0000782a40d4
0000792255ff
00007a1a6b2a
00007b128055
ffff83f56a80
ffff84ed7fab
ffff85e594d6
ffff86ddaa01
ffff87d5bf2c
ffff88cdd457
ffff89c5e982
ffff8abdfead
ffff8bb613d8
ffff8cae2903
ffff8da63e2e
ffff8e9e5359
ffff8f966884
ffff908e7daf
ffff918692da
ffff927ea805
ffff9376bd30
ffff946ed25b
ffff9566e786
ffff965efcb1
ffff975711dc
ffff984f2707
ffff99473c32
ffff9a3f515d
ffff9b376688
ffff9c2f7bb3
ffff9d2790de
ffff9e1fa609
ffff9f17bb34
ffffa00fd05f
ffffa107e58a
ffffa1fffab5
ffffa2f80fe0
ffffa3f0250b
ffffa4e83a36
ffffa5e04f61
ffffa6d8648c
ffffa7d079b7
ffffa8c88ee2
ffffa9c0a40d
ffffaab8b938
ffffabb0ce63
ffffaca8e38e
ffffada0f8b9
ffffae990de4
ffffaf91230f
ffffb089383a
ffffb1814d65
ffffb2796290
ffffb37177bb
ffffb4698ce6
ffffb561a211
ffffb659b73c
ffffb751cc67
ffffb849e192
ffffb941f6bd
ffffba3a0be8
ffffbb322113
ffffbc2a363e
ffffbd224b69
ffffbe1a6094
ffffbf1275bf
ffffc00a8aea
ffffc102a015
ffffc1fab540
ffffc2f2ca6b
ffffc3eadf96
ffffc4e2f4c1
ffffc5db09ec
ffffc6d31f17
ffffc7cb3442
ffffc8c3496d
ffffc9bb5e98
ffffcab373c3
ffffcbab88ee
ffffcca39e19
ffffcd9bb344
ffffce93c86f
ffffcf8bdd9a
ffffd083f2c5
ffffd17c07f0
ffffd2741d1b
ffffd36c3246
ffffd4644771
ffffd55c5c9c
ffffd65471c7
ffffd74c86f2
ffffd8449c1d
ffffd93cb148
ffffda34c673
ffffdb2cdb9e
ffffdc24f0c9
ffffdd1d05f4
ffffde151b1f
ffffdf0d304a
ffffe0054575
ffffe0fd5aa0
ffffe1f56fcb
ffffe2ed84f6
ffffe3e59a21
ffffe4ddaf4c
ffffe5d5c477
ffffe6cdd9a2
ffffe7c5eecd
ffffe8be03f8
ffffe9b61923
ffffeaae2e4e
ffffeba64379
ffffec9e58a4
ffffed966dcf
ffffee8e82fa
ffffef869825
fffff07ead50
fffff176c27b
fffff26ed7a6
fffff366ecd1
fffff45f01fc
fffff5571727
fffff64f2c52
fffff747417d
fffff83f56a8
fffff9376bd3
fffffa2f80fe
fffffb279629
fffffc1fab54
fffffd17c07f
fffffe0fd5aa
ffffff07ead5
000000000000
000000f8152b
000001f02a56
000002e83f81
000003e054ac
000004d869d7
000005d07f02
000006c8942d
000007c0a958
000008b8be83
000009b0d3ae
00000aa8e8d9
00000ba0fe04
00000c99132f
00000d91285a
00000e893d85
00000f8152b0
0000107967db
000011717d06
000012699231
00001361a75c
00001459bc87
00001551d1b2
00001649e6dd
00001741fc08
0000183a1133
00001932265e
00001a2a3b89
00001b2250b4
00001c1a65df
00001d127b0a
00001e0a9035
00001f02a560
00001ffaba8b
000020f2cfb6
000021eae4e1
000022e2fa0c
000023db0f37
000024d32462
000025cb398d
000026c34eb8
000027bb63e3
000028b3790e
000029ab8e39
00002aa3a364
00002b9bb88f
00002c93cdba
00002d8be2e5
00002e83f810
00002f7c0d3b
000030742266
0000316c3791
000032644cbc
0000335c61e7
000034547712
0000354c8c3d
00003644a168
0000373cb693
00003834cbbe
0000392ce0e9
00003a24f614
00003b1d0b3f
00003c15206a
00003d0d3595
00003e054ac0
00003efd5feb
00003ff57516
000040ed8a41
000041e59f6c
000042ddb497
000043d5c9c2
000044cddeed
000045c5f418
000046be0943
000047b61e6e
000048ae3399
000049a648c4
00004a9e5def
00004b96731a
00004c8e8845
00004d869d70
00004e7eb29b
00004f76c7c6
0000506edcf1
00005166f21c
0000525f0747
000053571c72
0000544f319d
0000554746c8
0000563f5bf3
00005737711e
0000582f8649
000059279b74
00005a1fb09f
00005b17c5ca
00005c0fdaf5
00005d07f020
00005e00054b
00005ef81a76
00005ff02fa1
000060e844cc
000061e059f7
000062d86f22
000063d0844d
000064c89978
000065c0aea3
000066b8c3ce
000067b0d8f9
000068a8ee24
000069a1034f
00006a99187a
00006b912da5
00006c8942d0
00006d8157fb
00006e796d26
00006f718251
00007069977c
00007161aca7
00007259c1d2
00007351d6fd
00007449ec28
000075420153
0000763a167e
000077322ba9
0000782a40d4
0000792255ff
00007a1a6b2a
00007b128055
ffff83f56a80
ffff84ed7fab
ffff85e594d6
ffff86ddaa01
ffff87d5bf2c
ffff88cdd457
ffff89c5e982
ffff8abdfead
ffff8bb613d8
ffff8cae2903
ffff8da63e2e
ffff8e9e5359
ffff8f966884
ffff908e7daf
ffff918692da
ffff927ea805
ffff9376bd30
ffff946ed25b
ffff9566e786
ffff965efcb1
ffff975711dc
ffff984f2707
ffff99473c32
ffff9a3f515d
ffff9b376688
ffff9c2f7bb3
ffff9d2790de
ffff9e1fa609
ffff9f17bb34
ffffa00fd05f
ffffa107e58a
ffffa1fffab5
ffffa2f80fe0
ffffa3f0250b
ffffa4e83a36
ffffa5e04f61
ffffa6d8648c
ffffa7d079b7
ffffa8c88ee2
ffffa9c0a40d
ffffaab8b938
ffffabb0ce63
ffffaca8e38e
ffffada0f8b9
ffffae990de4
ffffaf91230f
ffffb089383a
ffffb1814d65
ffffb2796290
ffffb37177bb
ffffb4698ce6
ffffb561a211
ffffb659b73c
ffffb751cc67
ffffb849e192
ffffb941f6bd
ffffba3a0be8
ffffbb322113
ffffbc2a363e
ffffbd224b69
ffffbe1a6094
ffffbf1275bf
ffffc00a8aea
ffffc102a015
ffffc1fab540
ffffc2f2ca6b
ffffc3eadf96
ffffc4e2f4c1
ffffc5db09ec
ffffc6d31f17
ffffc7cb3442
ffffc8c3496d
ffffc9bb5e98
ffffcab373c3
ffffcbab88ee
ffffcca39e19
ffffcd9bb344
ffffce93c86f
ffffcf8bdd9a
ffffd083f2c5
ffffd17c07f0
ffffd2741d1b
ffffd36c3246
ffffd4644771
ffffd55c5c9c
ffffd65471c7
ffffd74c86f2
ffffd8449c1d
ffffd93cb148
ffffda34c673
ffffdb2cdb9e
ffffdc24f0c9
ffffdd1d05f4
ffffde151b1f
ffffdf0d304a
ffffe0054575
ffffe0fd5aa0
ffffe1f56fcb
ffffe2ed84f6
ffffe3e59a21
ffffe4ddaf4c
ffffe5d5c477
ffffe6cdd9a2
ffffe7c5eecd
ffffe8be03f8
ffffe9b61923
ffffeaae2e4e
ffffeba64379
ffffec9e58a4
ffffed966dcf
ffffee8e82fa
ffffef869825
fffff07ead50
fffff176c27b
fffff26ed7a6
fffff366ecd1
fffff45f01fc
fffff5571727
fffff64f2c52
fffff747417d
fffff83f56a8
fffff9376bd3
fffffa2f80fe
fffffb279629
fffffc1fab54
fffffd17c07f
fffffe0fd5aa
ffffff07ead5
000000000000
000000f8152b
000001f02a56
000002e83f81
000003e054ac
000004d869d7
000005d07f02
000006c8942d
000007c0a958
000008b8be83
000009b0d3ae
00000aa8e8d9
00000ba0fe04
00000c99132f
00000d91285a
00000e893d85
00000f8152b0
0000107967db
000011717d06
000012699231
00001361a75c
00001459bc87
00001551d1b2
00001649e6dd
00001741fc08
0000183a1133
00001932265e
00001a2a3b89
00001b2250b4
00001c1a65df
00001d127b0a
00001e0a9035
00001f02a560
00001ffaba8b
000020f2cfb6
000021eae4e1
000022e2fa0c
000023db0f37
000024d32462
000025cb398d
000026c34eb8
000027bb63e3
000028b3790e
000029ab8e39
00002aa3a364
00002b9bb88f
00002c93cdba
00002d8be2e5
00002e83f810
00002f7c0d3b
000030742266
0000316c3791
000032644cbc
0000335c61e7
000034547712
0000354c8c3d
00003644a168
0000373cb693
00003834cbbe
0000392ce0e9
00003a24f614
00003b1d0b3f
00003c15206a
00003d0d3595
00003e054ac0
00003efd5feb
00003ff57516
000040ed8a41
000041e59f6c
000042ddb497
000043d5c9c2
000044cddeed
000045c5f418
000046be0943
000047b61e6e
000048ae3399
000049a648c4
00004a9e5def
00004b96731a
00004c8e8845
00004d869d70
00004e7eb29b
00004f76c7c6
0000506edcf1
00005166f21c
0000525f0747
000053571c72
0000544f319d
0000554746c8
0000563f5bf3
00005737711e
0000582f8649
000059279b74
00005a1fb09f
00005b17c5ca
00005c0fdaf5
00005d07f020
00005e00054b
00005ef81a76
00005ff02fa1
000060e844cc
000061e059f7
000062d86f22
000063d0844d
000064c89978
000065c0aea3
000066b8c3ce
000067b0d8f9
000068a8ee24
000069a1034f
00006a99187a
00006b912da5
00006c8942d0
00006d8157fb
00006e796d26
00006f718251
00007069977c
00007161aca7
00007259c1d2
00007351d6fd
00007449ec28
000075420153
0000763a167e
000077322ba9
0000782a40d4
0000792255ff
00007a1a6b2a
00007b128055
ffff83f56a80
ffff84ed7fab
ffff85e594d6
ffff86ddaa01
ffff87d5bf2c
ffff88cdd457
ffff89c5e982
ffff8abdfead
ffff8bb613d8
ffff8cae2903
ffff8da63e2e
ffff8e9e5359
ffff8f966884
ffff908e7daf
ffff918692da
ffff927ea805
ffff9376bd30
ffff946ed25b
ffff9566e786
ffff965efcb1
ffff975711dc
ffff984f2707
ffff99473c32
ffff9a3f515d
ffff9b376688
ffff9c2f7bb3
ffff9d2790de
ffff9e1fa609
ffff9f17bb34
ffffa00fd05f
ffffa107e58a
ffffa1fffab5
ffffa2f80fe0
ffffa3f0250b
ffffa4e83a36
ffffa5e04f61
ffffa6d8648c
ffffa7d079b7
ffffa8c88ee2
ffffa9c0a40d
ffffaab8b938
ffffabb0ce63
ffffaca8e38e
ffffada0f8b9
ffffae990de4
ffffaf91230f
ffffb089383a
ffffb1814d65
ffffb2796290
ffffb37177bb
ffffb4698ce6
ffffb561a211
ffffb659b73c
ffffb751cc67
ffffb849e192
ffffb941f6bd
ffffba3a0be8
ffffbb322113
ffffbc2a363e
ffffbd224b69
ffffbe1a6094
ffffbf1275bf
ffffc00a8aea
ffffc102a015
ffffc1fab540
ffffc2f2ca6b
ffffc3eadf96
ffffc4e2f4c1
ffffc5db09ec
ffffc6d31f17
ffffc7cb3442
ffffc8c3496d
ffffc9bb5e98
ffffcab373c3
ffffcbab88ee
ffffcca39e19
ffffcd9bb344
ffffce93c86f
ffffcf8bdd9a
ffffd083f2c5
ffffd17c07f0
ffffd2741d1b
ffffd36c3246
ffffd4644771
ffffd55c5c9c
ffffd65471c7
ffffd74c86f2
ffffd8449c1d
ffffd93cb148
ffffda34c673
ffffdb2cdb9e
ffffdc24f0c9
ffffdd1d05f4
ffffde151b1f
ffffdf0d304a
ffffe0054575
ffffe0fd5aa0
ffffe1f56fcb
ffffe2ed84f6
ffffe3e59a21
ffffe4ddaf4c
ffffe5d5c477
ffffe6cdd9a2
ffffe7c5eecd
ffffe8be03f8
ffffe9b61923
ffffeaae2e4e
ffffeba64379
ffffec9e58a4
ffffed966dcf
ffffee8e82fa
ffffef869825
fffff07ead50
fffff176c27b
fffff26ed7a6
fffff366ecd1
fffff45f01fc
fffff5571727
fffff64f2c52
fffff747417d
fffff83f56a8
fffff9376bd3
fffffa2f80fe
fffffb279629
fffffc1fab54
fffffd17c07f
fffffe0fd5aa
ffffff07ead5
000000000000
000000f8152b
000001f02a56
000002e83f81
000003e054ac
000004d869d7
000005d07f02
000006c8942d
000007c0a958
000008b8be83
000009b0d3ae
00000aa8e8d9
00000ba0fe04
00000c99132f
00000d91285a
00000e893d85
00000f8152b0
0000107967db
000011717d06
000012699231
00001361a75c
00001459bc87
00001551d1b2
00001649e6dd
00001741fc08
0000183a1133
00001932265e
00001a2a3b89
00001b2250b4
00001c1a65df
00001d127b0a
00001e0a9035
00001f02a560
00001ffaba8b
000020f2cfb6
000021eae4e1
000022e2fa0c
000023db0f37
000024d32462
000025cb398d
000026c34eb8
000027bb63e3
000028b3790e
000029ab8e39
00002aa3a364
00002b9bb88f
00002c93cdba
00002d8be2e5
00002e83f810
00002f7c0d3b
000030742266
0000316c3791
000032644cbc
0000335c61e7
000034547712
0000354c8c3d
00003644a168
0000373cb693
00003834cbbe
0000392ce0e9
00003a24f614
00003b1d0b3f
00003c15206a
00003d0d3595
00003e054ac0
00003efd5feb
00003ff57516
000040ed8a41
000041e59f6c
000042ddb497
000043d5c9c2
000044cddeed
000045c5f418
000046be0943
000047b61e6e
000048ae3399
000049a648c4
00004a9e5def
00004b96731a
00004c8e8845
00004d869d70
00004e7eb29b
00004f76c7c6
0000506edcf1
00005166f21c
0000525f0747
000053571c72
0000544f319d
0000554746c8
0000563f5bf3
00005737711e
0000582f8649
000059279b74
00005a1fb09f
00005b17c5ca
00005c0fdaf5
00005d07f020
00005e00054b
00005ef81a76
00005ff02fa1
000060e844cc
000061e059f7
000062d86f22
000063d0844d
000064c89978
000065c0aea3
000066b8c3ce
000067b0d8f9
000068a8ee24
000069a1034f
00006a99187a
00006b912da5
00006c8942d0
00006d8157fb
00006e796d26
00006f718251
00007069977c
00007161aca7
00007259c1d2
00007351d6fd
00007449ec28
000075420153
0000763a167e
000077322ba9
0000782a40d4
0000792255ff
00007a1a6b2a
00007b128055
ffff83f56a80
ffff84ed7fab
ffff85e594d6
ffff86ddaa01
ffff87d5bf2c
ffff88cdd457
ffff89c5e982
ffff8abdfead
ffff8bb613d8
ffff8cae2903
ffff8da63e2e
ffff8e9e5359
ffff8f966884
ffff908e7daf
ffff918692da
ffff927ea805
ffff9376bd30
ffff946ed25b
ffff9566e786
ffff965efcb1
ffff975711dc
ffff984f2707
ffff99473c32
ffff9a3f515d
ffff9b376688
ffff9c2f7bb3
ffff9d2790de
ffff9e1fa609
ffff9f17bb34
ffffa00fd05f
ffffa107e58a
ffffa1fffab5
ffffa2f80fe0
ffffa3f0250b
ffffa4e83a36
ffffa5e04f61
ffffa6d8648c
ffffa7d079b7
ffffa8c88ee2
ffffa9c0a40d
ffffaab8b938
ffffabb0ce63
ffffaca8e38e
ffffada0f8b9
ffffae990de4
ffffaf91230f
ffffb089383a
ffffb1814d65
ffffb2796290
ffffb37177bb
ffffb4698ce6
ffffb561a211
ffffb659b73c
ffffb751cc67
ffffb849e192
ffffb941f6bd
ffffba3a0be8
ffffbb322113
ffffbc2a363e
ffffbd224b69
ffffbe1a6094
ffffbf1275bf
ffffc00a8aea
ffffc102a015
ffffc1fab540
ffffc2f2ca6b
ffffc3eadf96
ffffc4e2f4c1
ffffc5db09ec
ffffc6d31f17
ffffc7cb3442
ffffc8c3496d
ffffc9bb5e98
ffffcab373c3
ffffcbab88ee
ffffcca39e19
ffffcd9bb344
ffffce93c86f
ffffcf8bdd9a
ffffd083f2c5
ffffd17c07f0
ffffd2741d1b
ffffd36c3246
ffffd4644771
ffffd55c5c9c
ffffd65471c7
ffffd74c86f2
ffffd8449c1d
ffffd93cb148
ffffda34c673
ffffdb2cdb9e
ffffdc24f0c9
ffffdd1d05f4
ffffde151b1f
ffffdf0d304a
ffffe0054575
ffffe0fd5aa0
ffffe1f56fcb
ffffe2ed84f6
ffffe3e59a21
ffffe4ddaf4c
ffffe5d5c477
ffffe6cdd9a2
ffffe7c5eecd
ffffe8be03f8
ffffe9b61923
ffffeaae2e4e
ffffeba64379
ffffec9e58a4
ffffed966dcf
ffffee8e82fa
ffffef869825
fffff07ead50
fffff176c27b
fffff26ed7a6
fffff366ecd1
fffff45f01fc
fffff5571727
fffff64f2c52
fffff747417d
fffff83f56a8
fffff9376bd3
fffffa2f80fe
fffffb279629
fffffc1fab54
fffffd17c07f
fffffe0fd5aa
ffffff07ead5
000000000000
000000f8152b
000001f02a56
000002e83f81
000003e054ac
000004d869d7
000005d07f02
000006c8942d
000007c0a958
000008b8be83
000009b0d3ae
00000aa8e8d9
00000ba0fe04
00000c99132f
00000d91285a
00000e893d85
00000f8152b0
0000107967db
000011717d06
000012699231
00001361a75c
00001459bc87
00001551d1b2
00001649e6dd
00001741fc08
0000183a1133
00001932265e
00001a2a3b89
00001b2250b4
00001c1a65df
00001d127b0a
00001e0a9035
00001f02a560
00001ffaba8b
000020f2cfb6
000021eae4e1
000022e2fa0c
000023db0f37
000024d32462
000025cb398d
000026c34eb8
000027bb63e3
000028b3790e
000029ab8e39
00002aa3a364
00002b9bb88f
00002c93cdba
00002d8be2e5
00002e83f810
00002f7c0d3b
000030742266
0000316c3791
000032644cbc
0000335c61e7
000034547712
0000354c8c3d
00003644a168
0000373cb693
00003834cbbe
0000392ce0e9
00003a24f614
00003b1d0b3f
00003c15206a
00003d0d3595
00003e054ac0
00003efd5feb
00003ff57516
000040ed8a41
000041e59f6c
000042ddb497
000043d5c9c2
000044cddeed
000045c5f418
000046be0943
000047b61e6e
000048ae3399
000049a648c4
00004a9e5def
00004b96731a
00004c8e8845
00004d869d70
00004e7eb29b
00004f76c7c6
0000506edcf1
00005166f21c
0000525f0747
000053571c72
0000544f319d
0000554746c8
0000563f5bf3
00005737711e
0000582f8649
000059279b74
00005a1fb09f
00005b17c5ca
00005c0fdaf5
00005d07f020
00005e00054b
00005ef81a76
00005ff02fa1
000060e844cc
000061e059f7
000062d86f22
000063d0844d
000064c89978
000065c0aea3
000066b8c3ce
000067b0d8f9
000068a8ee24
000069a1034f
00006a99187a
00006b912da5
00006c8942d0
00006d8157fb
00006e796d26
00006f718251
00007069977c
00007161aca7
00007259c1d2
00007351d6fd
00007449ec28
000075420153
0000763a167e
000077322ba9
0000782a40d4
0000792255ff
00007a1a6b2a
00007b128055
ffff83f56a80
ffff84ed7fab
ffff85e594d6
ffff86ddaa01
ffff87d5bf2c
ffff88cdd457
ffff89c5e982
ffff8abdfead
ffff8bb613d8
ffff8cae2903
ffff8da63e2e
ffff8e9e5359
ffff8f966884
ffff908e7daf
ffff918692da
ffff927ea805
ffff9376bd30
ffff946ed25b
ffff9566e786
ffff965efcb1
ffff975711dc
ffff984f2707
ffff99473c32
ffff9a3f515d
ffff9b376688
ffff9c2f7bb3
ffff9d2790de
ffff9e1fa609
ffff9f17bb34
ffffa00fd05f
ffffa107e58a
ffffa1fffab5
ffffa2f80fe0
ffffa3f0250b
ffffa4e83a36
ffffa5e04f61
ffffa6d8648c
ffffa7d079b7
ffffa8c88ee2
ffffa9c0a40d
ffffaab8b938
ffffabb0ce63
ffffaca8e38e
ffffada0f8b9
ffffae990de4
ffffaf91230f
ffffb089383a
ffffb1814d65
ffffb2796290
ffffb37177bb
ffffb4698ce6
ffffb561a211
ffffb659b73c
ffffb751cc67
ffffb849e192
ffffb941f6bd
ffffba3a0be8
ffffbb322113
ffffbc2a363e
ffffbd224b69
ffffbe1a6094
ffffbf1275bf
ffffc00a8aea
ffffc102a015
ffffc1fab540
ffffc2f2ca6b
ffffc3eadf96
ffffc4e2f4c1
ffffc5db09ec
ffffc6d31f17
ffffc7cb3442
ffffc8c3496d
ffffc9bb5e98
ffffcab373c3
ffffcbab88ee
ffffcca39e19
ffffcd9bb344
ffffce93c86f
ffffcf8bdd9a
ffffd083f2c5
ffffd17c07f0
ffffd2741d1b
ffffd36c3246
ffffd4644771
ffffd55c5c9c
ffffd65471c7
ffffd74c86f2
ffffd8449c1d
ffffd93cb148
ffffda34c673
ffffdb2cdb9e
ffffdc24f0c9
ffffdd1d05f4
ffffde151b1f
ffffdf0d304a
ffffe0054575
ffffe0fd5aa0
ffffe1f56fcb
ffffe2ed84f6
ffffe3e59a21
ffffe4ddaf4c
ffffe5d5c477
ffffe6cdd9a2
ffffe7c5eecd
ffffe8be03f8
ffffe9b61923
ffffeaae2e4e
ffffeba64379
ffffec9e58a4
ffffed966dcf
ffffee8e82fa
ffffef869825
fffff07ead50
fffff176c27b
fffff26ed7a6
fffff366ecd1
fffff45f01fc
fffff5571727
fffff64f2c52
fffff747417d
fffff83f56a8
fffff9376bd3
fffffa2f80fe
fffffb279629
fffffc1fab54
fffffd17c07f
fffffe0fd5aa
ffffff07ead5
000000000000
000000f8152b
000001f02a56
000002e83f81
000003e054ac
000004d869d7
000005d07f02
000006c8942d
000007c0a958
000008b8be83
000009b0d3ae
00000aa8e8d9
00000ba0fe04
00000c99132f
00000d91285a
00000e893d85
00000f8152b0
0000107967db
000011717d06
000012699231
00001361a75c
00001459bc87
00001551d1b2
00001649e6dd
00001741fc08
0000183a1133
00001932265e
00001a2a3b89
00001b2250b4
00001c1a65df
00001d127b0a
00001e0a9035
00001f02a560
00001ffaba8b
000020f2cfb6
000021eae4e1
000022e2fa0c
000023db0f37
000024d32462
000025cb398d
000026c34eb8
000027bb63e3
000028b3790e
000029ab8e39
00002aa3a364
00002b9bb88f
00002c93cdba
00002d8be2e5
00002e83f810
00002f7c0d3b
000030742266
0000316c3791
000032644cbc
0000335c61e7
000034547712
0000354c8c3d
00003644a168
0000373cb693
00003834cbbe
0000392ce0e9
00003a24f614
00003b1d0b3f
00003c15206a
00003d0d3595
00003e054ac0
00003efd5feb
00003ff57516
000040ed8a41
000041e59f6c
000042ddb497
000043d5c9c2
000044cddeed
000045c5f418
000046be0943
000047b61e6e
000048ae3399
000049a648c4
00004a9e5def
00004b96731a
00004c8e8845
00004d869d70
00004e7eb29b
00004f76c7c6
0000506edcf1
00005166f21c
0000525f0747
000053571c72
0000544f319d
0000554746c8
0000563f5bf3
00005737711e
0000582f8649
000059279b74
00005a1fb09f
00005b17c5ca
00005c0fdaf5
00005d07f020
00005e00054b
00005ef81a76
00005ff02fa1
000060e844cc
000061e059f7
000062d86f22
000063d0844d
000064c89978
000065c0aea3
000066b8c3ce
000067b0d8f9
000068a8ee24
000069a1034f
00006a99187a
00006b912da5
00006c8942d0
00006d8157fb
00006e796d26
00006f718251
00007069977c
00007161aca7
00007259c1d2
00007351d6fd
00007449ec28
000075420153
0000763a167e
000077322ba9
0000782a40d4
0000792255ff
00007a1a6b2a
00007b128055
ffff83f56a80
ffff84ed7fab
ffff85e594d6
ffff86ddaa01
ffff87d5bf2c
ffff88cdd457
ffff89c5e982
ffff8abdfead
ffff8bb613d8
ffff8cae2903
ffff8da63e2e
ffff8e9e5359
ffff8f966884
ffff908e7daf
ffff918692da
ffff927ea805
ffff9376bd30
ffff946ed25b
ffff9566e786
ffff965efcb1
ffff975711dc
ffff984f2707
ffff99473c32
ffff9a3f515d
ffff9b376688
ffff9c2f7bb3
ffff9d2790de
ffff9e1fa609
ffff9f17bb34
ffffa00fd05f
ffffa107e58a
ffffa1fffab5
ffffa2f80fe0
ffffa3f0250b
ffffa4e83a36
ffffa5e04f61
ffffa6d8648c
ffffa7d079b7
ffffa8c88ee2
ffffa9c0a40d
ffffaab8b938
ffffabb0ce63
ffffaca8e38e
ffffada0f8b9
ffffae990de4
ffffaf91230f
ffffb089383a
ffffb1814d65
ffffb2796290
ffffb37177bb
ffffb4698ce6
ffffb561a211
ffffb659b73c
ffffb751cc67
ffffb849e192
ffffb941f6bd
ffffba3a0be8
ffffbb322113
ffffbc2a363e
ffffbd224b69
ffffbe1a6094
ffffbf1275bf
ffffc00a8aea
ffffc102a015
ffffc1fab540
ffffc2f2ca6b
ffffc3eadf96
ffffc4e2f4c1
ffffc5db09ec
ffffc6d31f17
ffffc7cb3442
ffffc8c3496d
ffffc9bb5e98
ffffcab373c3
ffffcbab88ee
ffffcca39e19
ffffcd9bb344
ffffce93c86f
ffffcf8bdd9a
ffffd083f2c5
ffffd17c07f0
ffffd2741d1b
ffffd36c3246
ffffd4644771
ffffd55c5c9c
ffffd65471c7
ffffd74c86f2
ffffd8449c1d
ffffd93cb148
ffffda34c673
ffffdb2cdb9e
ffffdc24f0c9
ffffdd1d05f4
ffffde151b1f
ffffdf0d304a
ffffe0054575
ffffe0fd5aa0
ffffe1f56fcb
ffffe2ed84f6
ffffe3e59a21
ffffe4ddaf4c
ffffe5d5c477
ffffe6cdd9a2
ffffe7c5eecd
ffffe8be03f8
ffffe9b61923
ffffeaae2e4e
ffffeba64379
ffffec9e58a4
ffffed966dcf
ffffee8e82fa
ffffef869825
fffff07ead50
fffff176c27b
fffff26ed7a6
fffff366ecd1
fffff45f01fc
fffff5571727
fffff64f2c52
fffff747417d
fffff83f56a8
fffff9376bd3
fffffa2f80fe
fffffb279629
fffffc1fab54
fffffd17c07f
fffffe0fd5aa
ffffff07ead5
000000000000
000000f8152b
000001f02a56
000002e83f81
000003e054ac
000004d869d7
000005d07f02
000006c8942d
000007c0a958
000008b8be83
000009b0d3ae
00000aa8e8d9
00000ba0fe04
00000c99132f
00000d91285a
00000e893d85
00000f8152b0
0000107967db
000011717d06
000012699231
00001361a75c
00001459bc87
00001551d1b2
00001649e6dd
00001741fc08
0000183a1133
00001932265e
00001a2a3b89
00001b2250b4
00001c1a65df
00001d127b0a
00001e0a9035
00001f02a560
00001ffaba8b
000020f2cfb6
000021eae4e1
000022e2fa0c
000023db0f37
000024d32462
000025cb398d
000026c34eb8
000027bb63e3
000028b3790e
000029ab8e39
00002aa3a364
00002b9bb88f
00002c93cdba
00002d8be2e5
00002e83f810
00002f7c0d3b
000030742266
0000316c3791
000032644cbc
0000335c61e7
000034547712
0000354c8c3d
00003644a168
0000373cb693
00003834cbbe
0000392ce0e9
00003a24f614
00003b1d0b3f
00003c15206a
00003d0d3595
00003e054ac0
00003efd5feb
00003ff57516
000040ed8a41
000041e59f6c
000042ddb497
000043d5c9c2
000044cddeed
000045c5f418
000046be0943
000047b61e6e
000048ae3399
000049a648c4
00004a9e5def
00004b96731a
00004c8e8845
00004d869d70
00004e7eb29b
00004f76c7c6
0000506edcf1
00005166f21c
0000525f0747
000053571c72
0000544f319d
0000554746c8
0000563f5bf3
00005737711e
0000582f8649
000059279b74
00005a1fb09f
00005b17c5ca
00005c0fdaf5
00005d07f020
00005e00054b
00005ef81a76
00005ff02fa1
000060e844cc
000061e059f7
000062d86f22
000063d0844d
000064c89978
000065c0aea3
000066b8c3ce
000067b0d8f9
000068a8ee24
000069a1034f
00006a99187a
00006b912da5
00006c8942d0
00006d8157fb
00006e796d26
00006f718251
00007069977c
00007161aca7
00007259c1d2
00007351d6fd
00007449ec28
000075420153
0000763a167e
000077322ba9
0000782a40d4
0000792255ff
00007a1a6b2a
00007b128055
ffff83f56a80
ffff84ed7fab
ffff85e594d6
ffff86ddaa01
ffff87d5bf2c
ffff88cdd457
ffff89c5e982
ffff8abdfead
ffff8bb613d8
ffff8cae2903
ffff8da63e2e
ffff8e9e5359
ffff8f966884
ffff908e7daf
ffff918692da
ffff927ea805
ffff9376bd30
ffff946ed25b
ffff9566e786
ffff965efcb1
ffff975711dc
ffff984f2707
ffff99473c32
ffff9a3f515d
ffff9b376688
ffff9c2f7bb3
ffff9d2790de
ffff9e1fa609
ffff9f17bb34
ffffa00fd05f
ffffa107e58a
ffffa1fffab5
ffffa2f80fe0
ffffa3f0250b
ffffa4e83a36
ffffa5e04f61
ffffa6d8648c
ffffa7d079b7
ffffa8c88ee2
ffffa9c0a40d
ffffaab8b938
ffffabb0ce63
ffffaca8e38e
ffffada0f8b9
ffffae990de4
ffffaf91230f
ffffb089383a
ffffb1814d65
ffffb2796290
ffffb37177bb
ffffb4698ce6
ffffb561a211
ffffb659b73c
ffffb751cc67
ffffb849e192
ffffb941f6bd
ffffba3a0be8
ffffbb322113
ffffbc2a363e
ffffbd224b69
ffffbe1a6094
ffffbf1275bf
ffffc00a8aea
ffffc102a015
ffffc1fab540
ffffc2f2ca6b
ffffc3eadf96
ffffc4e2f4c1
ffffc5db09ec
ffffc6d31f17
ffffc7cb3442
ffffc8c3496d
ffffc9bb5e98
ffffcab373c3
ffffcbab88ee
ffffcca39e19
ffffcd9bb344
ffffce93c86f
ffffcf8bdd9a
ffffd083f2c5
ffffd17c07f0
ffffd2741d1b
ffffd36c3246
ffffd4644771
ffffd55c5c9c
ffffd65471c7
ffffd74c86f2
ffffd8449c1d
ffffd93cb148
ffffda34c673
ffffdb2cdb9e
ffffdc24f0c9
ffffdd1d05f4
ffffde151b1f
ffffdf0d304a
ffffe0054575
ffffe0fd5aa0
ffffe1f56fcb
ffffe2ed84f6
ffffe3e59a21
ffffe4ddaf4c
ffffe5d5c477
ffffe6cdd9a2
ffffe7c5eecd
ffffe8be03f8
ffffe9b61923
ffffeaae2e4e
ffffeba64379
ffffec9e58a4
ffffed966dcf
ffffee8e82fa
ffffef869825
fffff07ead50
fffff176c27b
fffff26ed7a6
fffff366ecd1
fffff45f01fc
fffff5571727
fffff64f2c52
fffff747417d
fffff83f56a8
fffff9376bd3
fffffa2f80fe
fffffb279629
fffffc1fab54
fffffd17c07f
fffffe0fd5aa
ffffff07ead5
000000000000
000000f8152b
000001f02a56
000002e83f81
000003e054ac
000004d869d7
000005d07f02
000006c8942d
000007c0a958
000008b8be83
000009b0d3ae
00000aa8e8d9
00000ba0fe04
00000c99132f
00000d91285a
00000e893d85
00000f8152b0
0000107967db
000011717d06
000012699231
00001361a75c
00001459bc87
00001551d1b2
00001649e6dd
00001741fc08
0000183a1133
00001932265e
00001a2a3b89
00001b2250b4
00001c1a65df
00001d127b0a
00001e0a9035
00001f02a560
00001ffaba8b
000020f2cfb6
000021eae4e1
000022e2fa0c
000023db0f37
000024d32462
000025cb398d
000026c34eb8
000027bb63e3
000028b3790e
000029ab8e39
00002aa3a364
00002b9bb88f
00002c93cdba
00002d8be2e5
00002e83f810
00002f7c0d3b
000030742266
0000316c3791
000032644cbc
0000335c61e7
000034547712
0000354c8c3d
00003644a168
0000373cb693
00003834cbbe
0000392ce0e9
00003a24f614
00003b1d0b3f
00003c15206a
00003d0d3595
00003e054ac0
00003efd5feb
00003ff57516
000040ed8a41
000041e59f6c
000042ddb497
000043d5c9c2
000044cddeed
000045c5f418
000046be0943
000047b61e6e
000048ae3399
000049a648c4
00004a9e5def
00004b96731a
00004c8e8845
00004d869d70
00004e7eb29b
00004f76c7c6
0000506edcf1
00005166f21c
0000525f0747
000053571c72
0000544f319d
0000554746c8
0000563f5bf3
00005737711e
0000582f8649
000059279b74
00005a1fb09f
00005b17c5ca
00005c0fdaf5
00005d07f020
00005e00054b
00005ef81a76
00005ff02fa1
000060e844cc
000061e059f7
000062d86f22
000063d0844d
000064c89978
000065c0aea3
000066b8c3ce
000067b0d8f9
000068a8ee24
000069a1034f
00006a99187a
00006b912da5
00006c8942d0
00006d8157fb
00006e796d26
00006f718251
00007069977c
00007161aca7
00007259c1d2
00007351d6fd
00007449ec28
000075420153
0000763a167e
000077322ba9
0000782a40d4
0000792255ff
00007a1a6b2a
00007b128055
ffff83f56a80
ffff84ed7fab
ffff85e594d6
ffff86ddaa01
ffff87d5bf2c
ffff88cdd457
ffff89c5e982
ffff8abdfead
ffff8bb613d8
ffff8cae2903
ffff8da63e2e
ffff8e9e5359
ffff8f966884
ffff908e7daf
ffff918692da
ffff927ea805
ffff9376bd30
ffff946ed25b
ffff9566e786
ffff965efcb1
ffff975711dc
ffff984f2707
ffff99473c32
ffff9a3f515d
ffff9b376688
ffff9c2f7bb3
ffff9d2790de
ffff9e1fa609
ffff9f17bb34
ffffa00fd05f
ffffa107e58a
ffffa1fffab5
ffffa2f80fe0
ffffa3f0250b
ffffa4e83a36
ffffa5e04f61
ffffa6d8648c
ffffa7d079b7
ffffa8c88ee2
ffffa9c0a40d
ffffaab8b938
ffffabb0ce63
ffffaca8e38e
ffffada0f8b9
ffffae990de4
ffffaf91230f
ffffb089383a
ffffb1814d65
ffffb2796290
ffffb37177bb
ffffb4698ce6
ffffb561a211
ffffb659b73c
ffffb751cc67
ffffb849e192
ffffb941f6bd
ffffba3a0be8
ffffbb322113
ffffbc2a363e
ffffbd224b69
ffffbe1a6094
ffffbf1275bf
ffffc00a8aea
ffffc102a015
ffffc1fab540
ffffc2f2ca6b
ffffc3eadf96
ffffc4e2f4c1
ffffc5db09ec
ffffc6d31f17
ffffc7cb3442
ffffc8c3496d
ffffc9bb5e98
ffffcab373c3
ffffcbab88ee
ffffcca39e19
ffffcd9bb344
ffffce93c86f
ffffcf8bdd9a
ffffd083f2c5
ffffd17c07f0
ffffd2741d1b
ffffd36c3246
ffffd4644771
ffffd55c5c9c
ffffd65471c7
ffffd74c86f2
ffffd8449c1d
ffffd93cb148
ffffda34c673
ffffdb2cdb9e
ffffdc24f0c9
ffffdd1d05f4
ffffde151b1f
ffffdf0d304a
ffffe0054575
ffffe0fd5aa0
ffffe1f56fcb
ffffe2ed84f6
ffffe3e59a21
ffffe4ddaf4c
ffffe5d5c477
ffffe6cdd9a2
ffffe7c5eecd
ffffe8be03f8
ffffe9b61923
ffffeaae2e4e
ffffeba64379
ffffec9e58a4
ffffed966dcf
ffffee8e82fa
ffffef869825
fffff07ead50
fffff176c27b
fffff26ed7a6
fffff366ecd1
fffff45f01fc
fffff5571727
fffff64f2c52
fffff747417d
fffff83f56a8
fffff9376bd3
fffffa2f80fe
fffffb279629
fffffc1fab54
fffffd17c07f
fffffe0fd5aa
ffffff07ead5
000000000000
000000f8152b
000001f02a56
000002e83f81
000003e054ac
000004d869d7
000005d07f02
000006c8942d
000007c0a958
000008b8be83
000009b0d3ae
00000aa8e8d9
00000ba0fe04
00000c99132f
00000d91285a
00000e893d85
00000f8152b0
0000107967db
000011717d06
000012699231
00001361a75c
00001459bc87
00001551d1b2
00001649e6dd
00001741fc08
0000183a1133
00001932265e
00001a2a3b89
00001b2250b4
00001c1a65df
00001d127b0a
00001e0a9035
00001f02a560
00001ffaba8b
000020f2cfb6
000021eae4e1
000022e2fa0c
000023db0f37
000024d32462
000025cb398d
000026c34eb8
000027bb63e3
000028b3790e
000029ab8e39
00002aa3a364
00002b9bb88f
00002c93cdba
00002d8be2e5
00002e83f810
00002f7c0d3b
000030742266
0000316c3791
000032644cbc
0000335c61e7
000034547712
0000354c8c3d
00003644a168
0000373cb693
00003834cbbe
0000392ce0e9
00003a24f614
00003b1d0b3f
00003c15206a
00003d0d3595
00003e054ac0
00003efd5feb
00003ff57516
000040ed8a41
000041e59f6c
000042ddb497
000043d5c9c2
000044cddeed
000045c5f418
000046be0943
000047b61e6e
000048ae3399
000049a648c4
00004a9e5def
00004b96731a
00004c8e8845
00004d869d70
00004e7eb29b
00004f76c7c6
0000506edcf1
00005166f21c
0000525f0747
000053571c72
0000544f319d
0000554746c8
0000563f5bf3
00005737711e
0000582f8649
000059279b74
00005a1fb09f
00005b17c5ca
00005c0fdaf5
00005d07f020
00005e00054b
00005ef81a76
00005ff02fa1
000060e844cc
000061e059f7
000062d86f22
000063d0844d
000064c89978
000065c0aea3
000066b8c3ce
000067b0d8f9
000068a8ee24
000069a1034f
00006a99187a
00006b912da5
00006c8942d0
00006d8157fb
00006e796d26
00006f718251
00007069977c
00007161aca7
00007259c1d2
00007351d6fd
00007449ec28
000075420153
0000763a167e
000077322ba9
0000782a40d4
0000792255ff
00007a1a6b2a
00007b128055
ffff83f56a80
ffff84ed7fab
ffff85e594d6
ffff86ddaa01
ffff87d5bf2c
ffff88cdd457
ffff89c5e982
ffff8abdfead
ffff8bb613d8
ffff8cae2903
ffff8da63e2e
ffff8e9e5359
ffff8f966884
ffff908e7daf
ffff918692da
ffff927ea805
ffff9376bd30
ffff946ed25b
ffff9566e786
ffff965efcb1
ffff975711dc
ffff984f2707
ffff99473c32
ffff9a3f515d
ffff9b376688
ffff9c2f7bb3
ffff9d2790de
ffff9e1fa609
ffff9f17bb34
ffffa00fd05f
ffffa107e58a
ffffa1fffab5
ffffa2f80fe0
ffffa3f0250b
ffffa4e83a36
ffffa5e04f61
ffffa6d8648c
ffffa7d079b7
ffffa8c88ee2
ffffa9c0a40d
ffffaab8b938
ffffabb0ce63
ffffaca8e38e
ffffada0f8b9
ffffae990de4
ffffaf91230f
ffffb089383a
ffffb1814d65
ffffb2796290
ffffb37177bb
ffffb4698ce6
ffffb561a211
ffffb659b73c
ffffb751cc67
ffffb849e192
ffffb941f6bd
ffffba3a0be8
ffffbb322113
ffffbc2a363e
ffffbd224b69
ffffbe1a6094
ffffbf1275bf
ffffc00a8aea
ffffc102a015
ffffc1fab540
ffffc2f2ca6b
ffffc3eadf96
ffffc4e2f4c1
ffffc5db09ec
ffffc6d31f17
ffffc7cb3442
ffffc8c3496d
ffffc9bb5e98
ffffcab373c3
ffffcbab88ee
ffffcca39e19
ffffcd9bb344
ffffce93c86f
ffffcf8bdd9a
ffffd083f2c5
ffffd17c07f0
ffffd2741d1b
ffffd36c3246
ffffd4644771
ffffd55c5c9c
ffffd65471c7
ffffd74c86f2
ffffd8449c1d
ffffd93cb148
ffffda34c673
ffffdb2cdb9e
ffffdc24f0c9
ffffdd1d05f4
ffffde151b1f
ffffdf0d304a
ffffe0054575
ffffe0fd5aa0
ffffe1f56fcb
ffffe2ed84f6
ffffe3e59a21
ffffe4ddaf4c
ffffe5d5c477
ffffe6cdd9a2
ffffe7c5eecd
ffffe8be03f8
ffffe9b61923
ffffeaae2e4e
ffffeba64379
ffffec9e58a4
ffffed966dcf
ffffee8e82fa
ffffef869825
fffff07ead50
fffff176c27b
fffff26ed7a6
fffff366ecd1
fffff45f01fc
fffff5571727
fffff64f2c52
fffff747417d
fffff83f56a8
fffff9376bd3
fffffa2f80fe
fffffb279629
fffffc1fab54
fffffd17c07f
fffffe0fd5aa
ffffff07ead5
000000000000
000000f8152b
000001f02a56
000002e83f81
000003e054ac
000004d869d7
000005d07f02
000006c8942d
000007c0a958
000008b8be83
000009b0d3ae
00000aa8e8d9
00000ba0fe04
00000c99132f
00000d91285a
00000e893d85
00000f8152b0
0000107967db
000011717d06
000012699231
00001361a75c
00001459bc87
00001551d1b2
00001649e6dd
00001741fc08
0000183a1133
00001932265e
00001a2a3b89
00001b2250b4
00001c1a65df
00001d127b0a
00001e0a9035
00001f02a560
00001ffaba8b
000020f2cfb6
000021eae4e1
000022e2fa0c
000023db0f37
000024d32462
000025cb398d
000026c34eb8
000027bb63e3
000028b3790e
000029ab8e39
00002aa3a364
00002b9bb88f
00002c93cdba
00002d8be2e5
00002e83f810
00002f7c0d3b
000030742266
0000316c3791
000032644cbc
0000335c61e7
000034547712
0000354c8c3d
00003644a168
0000373cb693
00003834cbbe
0000392ce0e9
00003a24f614
00003b1d0b3f
00003c15206a
00003d0d3595
00003e054ac0
00003efd5feb
00003ff57516
000040ed8a41
000041e59f6c
000042ddb497
000043d5c9c2
000044cddeed
000045c5f418
000046be0943
000047b61e6e
000048ae3399
000049a648c4
00004a9e5def
00004b96731a
00004c8e8845
00004d869d70
00004e7eb29b
00004f76c7c6
0000506edcf1
00005166f21c
0000525f0747
000053571c72
0000544f319d
0000554746c8
0000563f5bf3
00005737711e
0000582f8649
000059279b74
00005a1fb09f
00005b17c5ca
00005c0fdaf5
00005d07f020
00005e00054b
00005ef81a76
00005ff02fa1
000060e844cc
000061e059f7
000062d86f22
000063d0844d
000064c89978
000065c0aea3
000066b8c3ce
000067b0d8f9
000068a8ee24
000069a1034f
00006a99187a
00006b912da5
00006c8942d0
00006d8157fb
00006e796d26
00006f718251
00007069977c
00007161aca7
00007259c1d2
00007351d6fd
00007449ec28
000075420153
0000763a167e
000077322ba9
0000782a40d4
0000792255ff
00007a1a6b2a
00007b128055
ffff83f56a80
ffff84ed7fab
ffff85e594d6
ffff86ddaa01
ffff87d5bf2c
ffff88cdd457
ffff89c5e982
ffff8abdfead
ffff8bb613d8
ffff8cae2903
ffff8da63e2e
ffff8e9e5359
ffff8f966884
ffff908e7daf
ffff918692da
ffff927ea805
ffff9376bd30
ffff946ed25b
ffff9566e786
ffff965efcb1
ffff975711dc
ffff984f2707
ffff99473c32
ffff9a3f515d
ffff9b376688
ffff9c2f7bb3
ffff9d2790de
ffff9e1fa609
ffff9f17bb34
ffffa00fd05f
ffffa107e58a
ffffa1fffab5
ffffa2f80fe0
ffffa3f0250b
ffffa4e83a36
ffffa5e04f61
ffffa6d8648c
ffffa7d079b7
ffffa8c88ee2
ffffa9c0a40d
ffffaab8b938
ffffabb0ce63
ffffaca8e38e
ffffada0f8b9
ffffae990de4
ffffaf91230f
ffffb089383a
ffffb1814d65
ffffb2796290
ffffb37177bb
ffffb4698ce6
ffffb561a211
ffffb659b73c
ffffb751cc67
ffffb849e192
ffffb941f6bd
ffffba3a0be8
ffffbb322113
ffffbc2a363e
ffffbd224b69
ffffbe1a6094
ffffbf1275bf
ffffc00a8aea
ffffc102a015
ffffc1fab540
ffffc2f2ca6b
ffffc3eadf96
ffffc4e2f4c1
ffffc5db09ec
ffffc6d31f17
ffffc7cb3442
ffffc8c3496d
ffffc9bb5e98
ffffcab373c3
ffffcbab88ee
ffffcca39e19
ffffcd9bb344
ffffce93c86f
ffffcf8bdd9a
ffffd083f2c5
ffffd17c07f0
ffffd2741d1b
ffffd36c3246
ffffd4644771
ffffd55c5c9c
ffffd65471c7
ffffd74c86f2
ffffd8449c1d
ffffd93cb148
ffffda34c673
ffffdb2cdb9e
ffffdc24f0c9
ffffdd1d05f4
ffffde151b1f
ffffdf0d304a
ffffe0054575
ffffe0fd5aa0
ffffe1f56fcb
ffffe2ed84f6
ffffe3e59a21
ffffe4ddaf4c
ffffe5d5c477
ffffe6cdd9a2
ffffe7c5eecd
ffffe8be03f8
ffffe9b61923
ffffeaae2e4e
ffffeba64379
ffffec9e58a4
ffffed966dcf
ffffee8e82fa
ffffef869825
fffff07ead50
fffff176c27b
fffff26ed7a6
fffff366ecd1
fffff45f01fc
fffff5571727
fffff64f2c52
fffff747417d
fffff83f56a8
fffff9376bd3
fffffa2f80fe
fffffb279629
fffffc1fab54
fffffd17c07f
fffffe0fd5aa
ffffff07ead5
000000000000
000000f8152b
000001f02a56
000002e83f81
000003e054ac
000004d869d7
000005d07f02
000006c8942d
000007c0a958
000008b8be83
000009b0d3ae
00000aa8e8d9
00000ba0fe04
00000c99132f
00000d91285a
00000e893d85
00000f8152b0
0000107967db
000011717d06
000012699231
00001361a75c
00001459bc87
00001551d1b2
00001649e6dd
00001741fc08
0000183a1133
00001932265e
00001a2a3b89
00001b2250b4
00001c1a65df
00001d127b0a
00001e0a9035
00001f02a560
00001ffaba8b
000020f2cfb6
000021eae4e1
000022e2fa0c
000023db0f37
000024d32462
000025cb398d
000026c34eb8
000027bb63e3
000028b3790e
000029ab8e39
00002aa3a364
00002b9bb88f
00002c93cdba
00002d8be2e5
00002e83f810
00002f7c0d3b
000030742266
0000316c3791
000032644cbc
0000335c61e7
000034547712
0000354c8c3d
00003644a168
0000373cb693
00003834cbbe
0000392ce0e9
00003a24f614
00003b1d0b3f
00003c15206a
00003d0d3595
00003e054ac0
00003efd5feb
00003ff57516
000040ed8a41
000041e59f6c
000042ddb497
000043d5c9c2
000044cddeed
000045c5f418
000046be0943
000047b61e6e
000048ae3399
000049a648c4
00004a9e5def
00004b96731a
00004c8e8845
00004d869d70
00004e7eb29b
00004f76c7c6
0000506edcf1
00005166f21c
0000525f0747
000053571c72
0000544f319d
0000554746c8
0000563f5bf3
00005737711e
0000582f8649
000059279b74
00005a1fb09f
00005b17c5ca
00005c0fdaf5
00005d07f020
00005e00054b
00005ef81a76
00005ff02fa1
000060e844cc
000061e059f7
000062d86f22
000063d0844d
000064c89978
000065c0aea3
000066b8c3ce
000067b0d8f9
000068a8ee24
000069a1034f
00006a99187a
00006b912da5
00006c8942d0
00006d8157fb
00006e796d26
00006f718251
00007069977c
00007161aca7
00007259c1d2
00007351d6fd
00007449ec28
000075420153
0000763a167e
000077322ba9
0000782a40d4
0000792255ff
00007a1a6b2a
00007b128055
ffff83f56a80
ffff84ed7fab
ffff85e594d6
ffff86ddaa01
ffff87d5bf2c
ffff88cdd457
ffff89c5e982
ffff8abdfead
ffff8bb613d8
ffff8cae2903
ffff8da63e2e
ffff8e9e5359
ffff8f966884
ffff908e7daf
ffff918692da
ffff927ea805
ffff9376bd30
ffff946ed25b
ffff9566e786
ffff965efcb1
ffff975711dc
ffff984f2707
ffff99473c32
ffff9a3f515d
ffff9b376688
ffff9c2f7bb3
ffff9d2790de
ffff9e1fa609
ffff9f17bb34
ffffa00fd05f
ffffa107e58a
ffffa1fffab5
ffffa2f80fe0
ffffa3f0250b
ffffa4e83a36
ffffa5e04f61
ffffa6d8648c
ffffa7d079b7
ffffa8c88ee2
ffffa9c0a40d
ffffaab8b938
ffffabb0ce63
ffffaca8e38e
ffffada0f8b9
ffffae990de4
ffffaf91230f
ffffb089383a
ffffb1814d65
ffffb2796290
ffffb37177bb
ffffb4698ce6
ffffb561a211
ffffb659b73c
ffffb751cc67
ffffb849e192
ffffb941f6bd
ffffba3a0be8
ffffbb322113
ffffbc2a363e
ffffbd224b69
ffffbe1a6094
ffffbf1275bf
ffffc00a8aea
ffffc102a015
ffffc1fab540
ffffc2f2ca6b
ffffc3eadf96
ffffc4e2f4c1
ffffc5db09ec
ffffc6d31f17
ffffc7cb3442
ffffc8c3496d
ffffc9bb5e98
ffffcab373c3
ffffcbab88ee
ffffcca39e19
ffffcd9bb344
ffffce93c86f
ffffcf8bdd9a
ffffd083f2c5
ffffd17c07f0
ffffd2741d1b
ffffd36c3246
ffffd4644771
ffffd55c5c9c
ffffd65471c7
ffffd74c86f2
ffffd8449c1d
ffffd93cb148
ffffda34c673
ffffdb2cdb9e
ffffdc24f0c9
ffffdd1d05f4
ffffde151b1f
ffffdf0d304a
ffffe0054575
ffffe0fd5aa0
ffffe1f56fcb
ffffe2ed84f6
ffffe3e59a21
ffffe4ddaf4c
ffffe5d5c477
ffffe6cdd9a2
ffffe7c5eecd
ffffe8be03f8
ffffe9b61923
ffffeaae2e4e
ffffeba64379
ffffec9e58a4
ffffed966dcf
ffffee8e82fa
ffffef869825
fffff07ead50
fffff176c27b
fffff26ed7a6
fffff366ecd1
fffff45f01fc
fffff5571727
fffff64f2c52
fffff747417d
fffff83f56a8
fffff9376bd3
fffffa2f80fe
fffffb279629
fffffc1fab54
fffffd17c07f
fffffe0fd5aa
ffffff07ead5
000000000000
000000cebc4e
0000019d789c
0000026c34ea
0000033af138
00000409ad86
000004d869d4
000005a72622
00000675e270
000007449ebe
000008135b0c
000008e2175a
000009b0d3a8
00000a7f8ff6
00000b4e4c44
00000c1d0892
00000cebc4e0
00000dba812e
00000e893d7c
00000f57f9ca
00001026b618
000010f57266
000011c42eb4
00001292eb02
00001361a750
00001430639e
000014ff1fec
000015cddc3a
0000169c9888
0000176b54d6
0000183a1124
00001908cd72
000019d789c0
00001aa6460e
00001b75025c
00001c43beaa
00001d127af8
00001de13746
00001eaff394
00001f7eafe2
0000204d6c30
0000211c287e
000021eae4cc
000022b9a11a
000023885d68
0000245719b6
00002525d604
000025f49252
000026c34ea0
000027920aee
00002860c73c
0000292f838a
000029fe3fd8
00002accfc26
00002b9bb874
00002c6a74c2
00002d393110
00002e07ed5e
00002ed6a9ac
00002fa565fa
000030742248
00003142de96
000032119ae4
000032e05732
000033af1380
0000347dcfce
0000354c8c1c
0000361b486a
000036ea04b8
000037b8c106
000038877d54
0000395639a2
00003a24f5f0
00003af3b23e
00003bc26e8c
00003c912ada
00003d5fe728
00003e2ea376
00003efd5fc4
00003fcc1c12
0000409ad860
0000416994ae
0000423850fc
000043070d4a
000043d5c998
000044a485e6
000045734234
00004641fe82
00004710bad0
000047df771e
000048ae336c
0000497cefba
00004a4bac08
00004b1a6856
00004be924a4
00004cb7e0f2
00004d869d40
00004e55598e
00004f2415dc
00004ff2d22a
000050c18e78
000051904ac6
0000525f0714
0000532dc362
000053fc7fb0
000054cb3bfe
00005599f84c
00005668b49a
0000573770e8
000058062d36
000058d4e984
000059a3a5d2
00005a726220
00005b411e6e
00005c0fdabc
00005cde970a
00005dad5358
00005e7c0fa6
00005f4acbf4
000060198842
000060e84490
000061b700de
00006285bd2c
00006354797a
0000642335c8
000064f1f216
000065c0ae64
0000668f6ab2
ffff98a1d900
ffff9970954e
ffff9a3f519c
ffff9b0e0dea
ffff9bdcca38
ffff9cab8686
ffff9d7a42d4
ffff9e48ff22
ffff9f17bb70
ffff9fe677be
ffffa0b5340c
ffffa183f05a
ffffa252aca8
ffffa32168f6
ffffa3f02544
ffffa4bee192
ffffa58d9de0
ffffa65c5a2e
ffffa72b167c
ffffa7f9d2ca
ffffa8c88f18
ffffa9974b66
ffffaa6607b4
ffffab34c402
ffffac038050
ffffacd23c9e
ffffada0f8ec
ffffae6fb53a
ffffaf3e7188
ffffb00d2dd6
ffffb0dbea24
ffffb1aaa672
ffffb27962c0
ffffb3481f0e
ffffb416db5c
ffffb4e597aa
ffffb5b453f8
ffffb6831046
ffffb751cc94
ffffb82088e2
ffffb8ef4530
ffffb9be017e
ffffba8cbdcc
ffffbb5b7a1a
ffffbc2a3668
ffffbcf8f2b6
ffffbdc7af04
ffffbe966b52
ffffbf6527a0
ffffc033e3ee
ffffc102a03c
ffffc1d15c8a
ffffc2a018d8
ffffc36ed526
ffffc43d9174
ffffc50c4dc2
ffffc5db0a10
ffffc6a9c65e
ffffc77882ac
ffffc8473efa
ffffc915fb48
ffffc9e4b796
ffffcab373e4
ffffcb823032
ffffcc50ec80
ffffcd1fa8ce
ffffcdee651c
ffffcebd216a
ffffcf8bddb8
ffffd05a9a06
ffffd1295654
ffffd1f812a2
ffffd2c6cef0
ffffd3958b3e
ffffd464478c
ffffd53303da
ffffd601c028
ffffd6d07c76
ffffd79f38c4
ffffd86df512
ffffd93cb160
ffffda0b6dae
ffffdada29fc
ffffdba8e64a
ffffdc77a298
ffffdd465ee6
ffffde151b34
ffffdee3d782
ffffdfb293d0
ffffe081501e
ffffe1500c6c
ffffe21ec8ba
ffffe2ed8508
ffffe3bc4156
ffffe48afda4
ffffe559b9f2
ffffe6287640
ffffe6f7328e
ffffe7c5eedc
ffffe894ab2a
ffffe9636778
ffffea3223c6
ffffeb00e014
ffffebcf9c62
ffffec9e58b0
ffffed6d14fe
ffffee3bd14c
ffffef0a8d9a
ffffefd949e8
fffff0a80636
fffff176c284
fffff2457ed2
fffff3143b20
fffff3e2f76e
fffff4b1b3bc
fffff580700a
fffff64f2c58
fffff71de8a6
fffff7eca4f4
fffff8bb6142
fffff98a1d90
fffffa58d9de
fffffb27962c
fffffbf6527a
fffffcc50ec8
fffffd93cb16
fffffe628764
ffffff3143b2
000000000000
000000f8152b
000001f02a56
000002e83f81
000003e054ac
000004d869d7
000005d07f02
000006c8942d
000007c0a958
000008b8be83
000009b0d3ae
00000aa8e8d9
00000ba0fe04
00000c99132f
00000d91285a
00000e893d85
00000f8152b0
0000107967db
000011717d06
000012699231
00001361a75c
00001459bc87
00001551d1b2
00001649e6dd
00001741fc08
0000183a1133
00001932265e
00001a2a3b89
00001b2250b4
00001c1a65df
00001d127b0a
00001e0a9035
00001f02a560
00001ffaba8b
000020f2cfb6
000021eae4e1
000022e2fa0c
000023db0f37
000024d32462
000025cb398d
000026c34eb8
000027bb63e3
000028b3790e
000029ab8e39
00002aa3a364
00002b9bb88f
00002c93cdba
00002d8be2e5
00002e83f810
00002f7c0d3b
000030742266
0000316c3791
000032644cbc
0000335c61e7
000034547712
0000354c8c3d
00003644a168
0000373cb693
00003834cbbe
0000392ce0e9
00003a24f614
00003b1d0b3f
00003c15206a
00003d0d3595
00003e054ac0
00003efd5feb
00003ff57516
000040ed8a41
000041e59f6c
000042ddb497
000043d5c9c2
000044cddeed
000045c5f418
000046be0943
000047b61e6e
000048ae3399
000049a648c4
00004a9e5def
00004b96731a
00004c8e8845
00004d869d70
00004e7eb29b
00004f76c7c6
0000506edcf1
00005166f21c
0000525f0747
000053571c72
0000544f319d
0000554746c8
0000563f5bf3
00005737711e
0000582f8649
000059279b74
00005a1fb09f
00005b17c5ca
00005c0fdaf5
00005d07f020
00005e00054b
00005ef81a76
00005ff02fa1
000060e844cc
000061e059f7
000062d86f22
000063d0844d
000064c89978
000065c0aea3
000066b8c3ce
000067b0d8f9
000068a8ee24
000069a1034f
00006a99187a
00006b912da5
00006c8942d0
00006d8157fb
00006e796d26
00006f718251
00007069977c
00007161aca7
00007259c1d2
00007351d6fd
00007449ec28
000075420153
0000763a167e
000077322ba9
0000782a40d4
0000792255ff
00007a1a6b2a
00007b128055
ffff83f56a80
ffff84ed7fab
ffff85e594d6
ffff86ddaa01
ffff87d5bf2c
ffff88cdd457
ffff89c5e982
ffff8abdfead
ffff8bb613d8
ffff8cae2903
ffff8da63e2e
ffff8e9e5359
ffff8f966884
ffff908e7daf
ffff918692da
ffff927ea805
ffff9376bd30
ffff946ed25b
ffff9566e786
ffff965efcb1
ffff975711dc
ffff984f2707
ffff99473c32
ffff9a3f515d
ffff9b376688
ffff9c2f7bb3
ffff9d2790de
ffff9e1fa609
ffff9f17bb34
ffffa00fd05f
ffffa107e58a
ffffa1fffab5
ffffa2f80fe0
ffffa3f0250b
ffffa4e83a36
ffffa5e04f61
ffffa6d8648c
ffffa7d079b7
ffffa8c88ee2
ffffa9c0a40d
ffffaab8b938
ffffabb0ce63
ffffaca8e38e
ffffada0f8b9
ffffae990de4
ffffaf91230f
ffffb089383a
ffffb1814d65
ffffb2796290
ffffb37177bb
ffffb4698ce6
ffffb561a211
ffffb659b73c
ffffb751cc67
ffffb849e192
ffffb941f6bd
ffffba3a0be8
ffffbb322113
ffffbc2a363e
ffffbd224b69
ffffbe1a6094
ffffbf1275bf
ffffc00a8aea
ffffc102a015
ffffc1fab540
ffffc2f2ca6b
ffffc3eadf96
ffffc4e2f4c1
ffffc5db09ec
ffffc6d31f17
ffffc7cb3442
ffffc8c3496d
ffffc9bb5e98
ffffcab373c3
ffffcbab88ee
ffffcca39e19
ffffcd9bb344
ffffce93c86f
ffffcf8bdd9a
ffffd083f2c5
ffffd17c07f0
ffffd2741d1b
ffffd36c3246
ffffd4644771
ffffd55c5c9c
ffffd65471c7
ffffd74c86f2
ffffd8449c1d
ffffd93cb148
ffffda34c673
ffffdb2cdb9e
ffffdc24f0c9
ffffdd1d05f4
ffffde151b1f
ffffdf0d304a
ffffe0054575
ffffe0fd5aa0
ffffe1f56fcb
ffffe2ed84f6
ffffe3e59a21
ffffe4ddaf4c
ffffe5d5c477
ffffe6cdd9a2
ffffe7c5eecd
ffffe8be03f8
ffffe9b61923
ffffeaae2e4e
ffffeba64379
ffffec9e58a4
ffffed966dcf
ffffee8e82fa
ffffef869825
fffff07ead50
fffff176c27b
fffff26ed7a6
fffff366ecd1
fffff45f01fc
fffff5571727
fffff64f2c52
fffff747417d
fffff83f56a8
fffff9376bd3
fffffa2f80fe
fffffb279629
fffffc1fab54
fffffd17c07f
fffffe0fd5aa
ffffff07ead5
000000000000
000000f8152b
000001f02a56
000002e83f81
000003e054ac
000004d869d7
000005d07f02
000006c8942d
000007c0a958
000008b8be83
000009b0d3ae
00000aa8e8d9
00000ba0fe04
00000c99132f
00000d91285a
00000e893d85
00000f8152b0
0000107967db
000011717d06
000012699231
00001361a75c
00001459bc87
00001551d1b2
00001649e6dd
00001741fc08
0000183a1133
00001932265e
00001a2a3b89
00001b2250b4
00001c1a65df
00001d127b0a
00001e0a9035
00001f02a560
00001ffaba8b
000020f2cfb6
000021eae4e1
000022e2fa0c
000023db0f37
000024d32462
000025cb398d
000026c34eb8
000027bb63e3
000028b3790e
000029ab8e39
00002aa3a364
00002b9bb88f
00002c93cdba
00002d8be2e5
00002e83f810
00002f7c0d3b
000030742266
0000316c3791
000032644cbc
0000335c61e7
000034547712
0000354c8c3d
00003644a168
0000373cb693
00003834cbbe
0000392ce0e9
00003a24f614
00003b1d0b3f
00003c15206a
00003d0d3595
00003e054ac0
00003efd5feb
00003ff57516
000040ed8a41
000041e59f6c
000042ddb497
000043d5c9c2
000044cddeed
000045c5f418
000046be0943
000047b61e6e
000048ae3399
000049a648c4
00004a9e5def
00004b96731a
00004c8e8845
00004d869d70
00004e7eb29b
00004f76c7c6
0000506edcf1
00005166f21c
0000525f0747
000053571c72
0000544f319d
0000554746c8
0000563f5bf3
00005737711e
0000582f8649
000059279b74
00005a1fb09f
00005b17c5ca
00005c0fdaf5
00005d07f020
00005e00054b
00005ef81a76
00005ff02fa1
000060e844cc
000061e059f7
000062d86f22
000063d0844d
000064c89978
000065c0aea3
000066b8c3ce
000067b0d8f9
000068a8ee24
000069a1034f
00006a99187a
00006b912da5
00006c8942d0
00006d8157fb
00006e796d26
00006f718251
00007069977c
00007161aca7
00007259c1d2
00007351d6fd
00007449ec28
000075420153
0000763a167e
000077322ba9
0000782a40d4
0000792255ff
00007a1a6b2a
00007b128055
ffff83f56a80
ffff84ed7fab
ffff85e594d6
ffff86ddaa01
ffff87d5bf2c
ffff88cdd457
ffff89c5e982
ffff8abdfead
ffff8bb613d8
ffff8cae2903
ffff8da63e2e
ffff8e9e5359
ffff8f966884
ffff908e7daf
ffff918692da
ffff927ea805
ffff9376bd30
ffff946ed25b
ffff9566e786
ffff965efcb1
ffff975711dc
ffff984f2707
ffff99473c32
ffff9a3f515d
ffff9b376688
ffff9c2f7bb3
ffff9d2790de
ffff9e1fa609
ffff9f17bb34
ffffa00fd05f
ffffa107e58a
ffffa1fffab5
ffffa2f80fe0
ffffa3f0250b
ffffa4e83a36
ffffa5e04f61
ffffa6d8648c
ffffa7d079b7
ffffa8c88ee2
ffffa9c0a40d
ffffaab8b938
ffffabb0ce63
ffffaca8e38e
ffffada0f8b9
ffffae990de4
ffffaf91230f
ffffb089383a
ffffb1814d65
ffffb2796290
ffffb37177bb
ffffb4698ce6
ffffb561a211
ffffb659b73c
ffffb751cc67
ffffb849e192
ffffb941f6bd
ffffba3a0be8
ffffbb322113
ffffbc2a363e
ffffbd224b69
ffffbe1a6094
ffffbf1275bf
ffffc00a8aea
ffffc102a015
ffffc1fab540
ffffc2f2ca6b
ffffc3eadf96
ffffc4e2f4c1
ffffc5db09ec
ffffc6d31f17
ffffc7cb3442
ffffc8c3496d
ffffc9bb5e98
ffffcab373c3
ffffcbab88ee
ffffcca39e19
ffffcd9bb344
ffffce93c86f
ffffcf8bdd9a
ffffd083f2c5
ffffd17c07f0
ffffd2741d1b
ffffd36c3246
ffffd4644771
ffffd55c5c9c
ffffd65471c7
ffffd74c86f2
ffffd8449c1d
ffffd93cb148
ffffda34c673
ffffdb2cdb9e
ffffdc24f0c9
ffffdd1d05f4
ffffde151b1f
ffffdf0d304a
ffffe0054575
ffffe0fd5aa0
ffffe1f56fcb
ffffe2ed84f6
ffffe3e59a21
ffffe4ddaf4c
ffffe5d5c477
ffffe6cdd9a2
ffffe7c5eecd
ffffe8be03f8
ffffe9b61923
ffffeaae2e4e
ffffeba64379
ffffec9e58a4
ffffed966dcf
ffffee8e82fa
ffffef869825
fffff07ead50
fffff176c27b
fffff26ed7a6
fffff366ecd1
fffff45f01fc
fffff5571727
fffff64f2c52
fffff747417d
fffff83f56a8
fffff9376bd3
fffffa2f80fe
fffffb279629
fffffc1fab54
fffffd17c07f
fffffe0fd5aa
ffffff07ead5
000000000000
000000f8152b
000001f02a56
000002e83f81
000003e054ac
000004d869d7
000005d07f02
000006c8942d
000007c0a958
000008b8be83
000009b0d3ae
00000aa8e8d9
00000ba0fe04
00000c99132f
00000d91285a
00000e893d85
00000f8152b0
0000107967db
000011717d06
000012699231
00001361a75c
00001459bc87
00001551d1b2
00001649e6dd
00001741fc08
0000183a1133
00001932265e
00001a2a3b89
00001b2250b4
00001c1a65df
00001d127b0a
00001e0a9035
00001f02a560
00001ffaba8b
000020f2cfb6
000021eae4e1
000022e2fa0c
000023db0f37
000024d32462
000025cb398d
000026c34eb8
000027bb63e3
000028b3790e
000029ab8e39
00002aa3a364
00002b9bb88f
00002c93cdba
00002d8be2e5
00002e83f810
00002f7c0d3b
000030742266
0000316c3791
000032644cbc
0000335c61e7
000034547712
0000354c8c3d
00003644a168
0000373cb693
00003834cbbe
0000392ce0e9
00003a24f614
00003b1d0b3f
00003c15206a
00003d0d3595
00003e054ac0
00003efd5feb
00003ff57516
000040ed8a41
000041e59f6c
000042ddb497
000043d5c9c2
000044cddeed
000045c5f418
000046be0943
000047b61e6e
000048ae3399
000049a648c4
00004a9e5def
00004b96731a
00004c8e8845
00004d869d70
00004e7eb29b
00004f76c7c6
0000506edcf1
00005166f21c
0000525f0747
000053571c72
0000544f319d
0000554746c8
0000563f5bf3
00005737711e
0000582f8649
000059279b74
00005a1fb09f
00005b17c5ca
00005c0fdaf5
00005d07f020
00005e00054b
00005ef81a76
00005ff02fa1
000060e844cc
000061e059f7
000062d86f22
000063d0844d
000064c89978
000065c0aea3
000066b8c3ce
000067b0d8f9
000068a8ee24
000069a1034f
00006a99187a
00006b912da5
00006c8942d0
00006d8157fb
00006e796d26
00006f718251
00007069977c
00007161aca7
00007259c1d2
00007351d6fd
00007449ec28
000075420153
0000763a167e
000077322ba9
0000782a40d4
0000792255ff
00007a1a6b2a
00007b128055
ffff83f56a80
ffff84ed7fab
ffff85e594d6
ffff86ddaa01
ffff87d5bf2c
ffff88cdd457
ffff89c5e982
ffff8abdfead
ffff8bb613d8
ffff8cae2903
ffff8da63e2e
ffff8e9e5359
ffff8f966884
ffff908e7daf
ffff918692da
ffff927ea805
ffff9376bd30
ffff946ed25b
ffff9566e786
ffff965efcb1
ffff975711dc
ffff984f2707
ffff99473c32
ffff9a3f515d
ffff9b376688
ffff9c2f7bb3
ffff9d2790de
ffff9e1fa609
ffff9f17bb34
ffffa00fd05f
ffffa107e58a
ffffa1fffab5
ffffa2f80fe0
ffffa3f0250b
ffffa4e83a36
ffffa5e04f61
ffffa6d8648c
ffffa7d079b7
ffffa8c88ee2
ffffa9c0a40d
ffffaab8b938
ffffabb0ce63
ffffaca8e38e
ffffada0f8b9
ffffae990de4
ffffaf91230f
ffffb089383a
ffffb1814d65
ffffb2796290
ffffb37177bb
ffffb4698ce6
ffffb561a211
ffffb659b73c
ffffb751cc67
ffffb849e192
ffffb941f6bd
ffffba3a0be8
ffffbb322113
ffffbc2a363e
ffffbd224b69
ffffbe1a6094
ffffbf1275bf
ffffc00a8aea
ffffc102a015
ffffc1fab540
ffffc2f2ca6b
ffffc3eadf96
ffffc4e2f4c1
ffffc5db09ec
ffffc6d31f17
ffffc7cb3442
ffffc8c3496d
ffffc9bb5e98
ffffcab373c3
ffffcbab88ee
ffffcca39e19
ffffcd9bb344
ffffce93c86f
ffffcf8bdd9a
ffffd083f2c5
ffffd17c07f0
ffffd2741d1b
ffffd36c3246
ffffd4644771
ffffd55c5c9c
ffffd65471c7
ffffd74c86f2
ffffd8449c1d
ffffd93cb148
ffffda34c673
ffffdb2cdb9e
ffffdc24f0c9
ffffdd1d05f4
ffffde151b1f
ffffdf0d304a
ffffe0054575
ffffe0fd5aa0
ffffe1f56fcb
ffffe2ed84f6
ffffe3e59a21
ffffe4ddaf4c
ffffe5d5c477
ffffe6cdd9a2
ffffe7c5eecd
ffffe8be03f8
ffffe9b61923
ffffeaae2e4e
ffffeba64379
ffffec9e58a4
ffffed966dcf
ffffee8e82fa
ffffef869825
fffff07ead50
fffff176c27b
fffff26ed7a6
fffff366ecd1
fffff45f01fc
fffff5571727
fffff64f2c52
fffff747417d
fffff83f56a8
fffff9376bd3
fffffa2f80fe
fffffb279629
fffffc1fab54
fffffd17c07f
fffffe0fd5aa
ffffff07ead5
000000000000
000000f8152b
000001f02a56
000002e83f81
000003e054ac
000004d869d7
000005d07f02
000006c8942d
000007c0a958
000008b8be83
000009b0d3ae
00000aa8e8d9
00000ba0fe04
00000c99132f
00000d91285a
00000e893d85
00000f8152b0
0000107967db
000011717d06
000012699231
00001361a75c
00001459bc87
00001551d1b2
00001649e6dd
00001741fc08
0000183a1133
00001932265e
00001a2a3b89
00001b2250b4
00001c1a65df
00001d127b0a
00001e0a9035
00001f02a560
00001ffaba8b
000020f2cfb6
000021eae4e1
000022e2fa0c
000023db0f37
000024d32462
000025cb398d
000026c34eb8
000027bb63e3
000028b3790e
000029ab8e39
00002aa3a364
00002b9bb88f
00002c93cdba
00002d8be2e5
00002e83f810
00002f7c0d3b
000030742266
0000316c3791
000032644cbc
0000335c61e7
000034547712
0000354c8c3d
00003644a168
0000373cb693
00003834cbbe
0000392ce0e9
00003a24f614
00003b1d0b3f
00003c15206a
00003d0d3595
00003e054ac0
00003efd5feb
00003ff57516
000040ed8a41
000041e59f6c
000042ddb497
000043d5c9c2
000044cddeed
000045c5f418
000046be0943
000047b61e6e
000048ae3399
000049a648c4
00004a9e5def
00004b96731a
00004c8e8845
00004d869d70
00004e7eb29b
00004f76c7c6
0000506edcf1
00005166f21c
0000525f0747
000053571c72
0000544f319d
0000554746c8
0000563f5bf3
00005737711e
0000582f8649
000059279b74
00005a1fb09f
00005b17c5ca
00005c0fdaf5
00005d07f020
00005e00054b
00005ef81a76
00005ff02fa1
000060e844cc
000061e059f7
000062d86f22
000063d0844d
000064c89978
000065c0aea3
000066b8c3ce
000067b0d8f9
000068a8ee24
000069a1034f
00006a99187a
00006b912da5
00006c8942d0
00006d8157fb
00006e796d26
00006f718251
00007069977c
00007161aca7
00007259c1d2
00007351d6fd
00007449ec28
000075420153
0000763a167e
000077322ba9
0000782a40d4
0000792255ff
00007a1a6b2a
00007b128055
ffff83f56a80
ffff84ed7fab
ffff85e594d6
ffff86ddaa01
ffff87d5bf2c
ffff88cdd457
ffff89c5e982
ffff8abdfead
ffff8bb613d8
ffff8cae2903
ffff8da63e2e
ffff8e9e5359
ffff8f966884
ffff908e7daf
ffff918692da
ffff927ea805
ffff9376bd30
ffff946ed25b
ffff9566e786
ffff965efcb1
ffff975711dc
ffff984f2707
ffff99473c32
ffff9a3f515d
ffff9b376688
ffff9c2f7bb3
ffff9d2790de
ffff9e1fa609
ffff9f17bb34
ffffa00fd05f
ffffa107e58a
ffffa1fffab5
ffffa2f80fe0
ffffa3f0250b
ffffa4e83a36
ffffa5e04f61
ffffa6d8648c
ffffa7d079b7
ffffa8c88ee2
ffffa9c0a40d
ffffaab8b938
ffffabb0ce63
ffffaca8e38e
ffffada0f8b9
ffffae990de4
ffffaf91230f
ffffb089383a
ffffb1814d65
ffffb2796290
ffffb37177bb
ffffb4698ce6
ffffb561a211
ffffb659b73c
ffffb751cc67
ffffb849e192
ffffb941f6bd
ffffba3a0be8
ffffbb322113
ffffbc2a363e
ffffbd224b69
ffffbe1a6094
ffffbf1275bf
ffffc00a8aea
ffffc102a015
ffffc1fab540
ffffc2f2ca6b
ffffc3eadf96
ffffc4e2f4c1
ffffc5db09ec
ffffc6d31f17
ffffc7cb3442
ffffc8c3496d
ffffc9bb5e98
ffffcab373c3
ffffcbab88ee
ffffcca39e19
ffffcd9bb344
ffffce93c86f
ffffcf8bdd9a
ffffd083f2c5
ffffd17c07f0
ffffd2741d1b
ffffd36c3246
ffffd4644771
ffffd55c5c9c
ffffd65471c7
ffffd74c86f2
ffffd8449c1d
ffffd93cb148
ffffda34c673
ffffdb2cdb9e
ffffdc24f0c9
ffffdd1d05f4
ffffde151b1f
ffffdf0d304a
ffffe0054575
ffffe0fd5aa0
ffffe1f56fcb
ffffe2ed84f6
ffffe3e59a21
ffffe4ddaf4c
ffffe5d5c477
ffffe6cdd9a2
ffffe7c5eecd
ffffe8be03f8
ffffe9b61923
ffffeaae2e4e
ffffeba64379
ffffec9e58a4
ffffed966dcf
ffffee8e82fa
ffffef869825
fffff07ead50
fffff176c27b
fffff26ed7a6
fffff366ecd1
fffff45f01fc
fffff5571727
fffff64f2c52
fffff747417d
fffff83f56a8
fffff9376bd3
fffffa2f80fe
fffffb279629
fffffc1fab54
fffffd17c07f
fffffe0fd5aa
ffffff07ead5
000000000000
000000f8152b
000001f02a56
000002e83f81
000003e054ac
000004d869d7
000005d07f02
000006c8942d
000007c0a958
000008b8be83
000009b0d3ae
00000aa8e8d9
00000ba0fe04
00000c99132f
00000d91285a
00000e893d85
00000f8152b0
0000107967db
000011717d06
000012699231
00001361a75c
00001459bc87
00001551d1b2
00001649e6dd
00001741fc08
0000183a1133
00001932265e
00001a2a3b89
00001b2250b4
00001c1a65df
00001d127b0a
00001e0a9035
00001f02a560
00001ffaba8b
000020f2cfb6
000021eae4e1
000022e2fa0c
000023db0f37
000024d32462
000025cb398d
000026c34eb8
000027bb63e3
000028b3790e
000029ab8e39
00002aa3a364
00002b9bb88f
00002c93cdba
00002d8be2e5
00002e83f810
00002f7c0d3b
000030742266
0000316c3791
000032644cbc
0000335c61e7
000034547712
0000354c8c3d
00003644a168
0000373cb693
00003834cbbe
0000392ce0e9
00003a24f614
00003b1d0b3f
00003c15206a
00003d0d3595
00003e054ac0
00003efd5feb
00003ff57516
000040ed8a41
000041e59f6c
000042ddb497
000043d5c9c2
000044cddeed
000045c5f418
000046be0943
000047b61e6e
000048ae3399
000049a648c4
00004a9e5def
00004b96731a
00004c8e8845
00004d869d70
00004e7eb29b
00004f76c7c6
0000506edcf1
00005166f21c
0000525f0747
000053571c72
0000544f319d
0000554746c8
0000563f5bf3
00005737711e
0000582f8649
000059279b74
00005a1fb09f
00005b17c5ca
00005c0fdaf5
00005d07f020
00005e00054b
00005ef81a76
00005ff02fa1
000060e844cc
000061e059f7
000062d86f22
000063d0844d
000064c89978
000065c0aea3
000066b8c3ce
000067b0d8f9
000068a8ee24
000069a1034f
00006a99187a
00006b912da5
00006c8942d0
00006d8157fb
00006e796d26
00006f718251
00007069977c
00007161aca7
00007259c1d2
00007351d6fd
00007449ec28
000075420153
0000763a167e
000077322ba9
0000782a40d4
0000792255ff
00007a1a6b2a
00007b128055
ffff83f56a80
ffff84ed7fab
ffff85e594d6
ffff86ddaa01
ffff87d5bf2c
ffff88cdd457
ffff89c5e982
ffff8abdfead
ffff8bb613d8
ffff8cae2903
ffff8da63e2e
ffff8e9e5359
ffff8f966884
ffff908e7daf
ffff918692da
ffff927ea805
ffff9376bd30
ffff946ed25b
ffff9566e786
ffff965efcb1
ffff975711dc
ffff984f2707
ffff99473c32
ffff9a3f515d
ffff9b376688
ffff9c2f7bb3
ffff9d2790de
ffff9e1fa609
ffff9f17bb34
ffffa00fd05f
ffffa107e58a
ffffa1fffab5
ffffa2f80fe0
ffffa3f0250b
ffffa4e83a36
ffffa5e04f61
ffffa6d8648c
ffffa7d079b7
ffffa8c88ee2
ffffa9c0a40d
ffffaab8b938
ffffabb0ce63
ffffaca8e38e
ffffada0f8b9
ffffae990de4
ffffaf91230f
ffffb089383a
ffffb1814d65
ffffb2796290
ffffb37177bb
ffffb4698ce6
ffffb561a211
ffffb659b73c
ffffb751cc67
ffffb849e192
ffffb941f6bd
ffffba3a0be8
ffffbb322113
ffffbc2a363e
ffffbd224b69
ffffbe1a6094
ffffbf1275bf
ffffc00a8aea
ffffc102a015
ffffc1fab540
ffffc2f2ca6b
ffffc3eadf96
ffffc4e2f4c1
ffffc5db09ec
ffffc6d31f17
ffffc7cb3442
ffffc8c3496d
ffffc9bb5e98
ffffcab373c3
ffffcbab88ee
ffffcca39e19
ffffcd9bb344
ffffce93c86f
ffffcf8bdd9a
ffffd083f2c5
ffffd17c07f0
ffffd2741d1b
ffffd36c3246
ffffd4644771
ffffd55c5c9c
ffffd65471c7
ffffd74c86f2
ffffd8449c1d
ffffd93cb148
ffffda34c673
ffffdb2cdb9e
ffffdc24f0c9
ffffdd1d05f4
ffffde151b1f
ffffdf0d304a
ffffe0054575
ffffe0fd5aa0
ffffe1f56fcb
ffffe2ed84f6
ffffe3e59a21
ffffe4ddaf4c
ffffe5d5c477
ffffe6cdd9a2
ffffe7c5eecd
ffffe8be03f8
ffffe9b61923
ffffeaae2e4e
ffffeba64379
ffffec9e58a4
ffffed966dcf
ffffee8e82fa
ffffef869825
fffff07ead50
fffff176c27b
fffff26ed7a6
fffff366ecd1
fffff45f01fc
fffff5571727
fffff64f2c52
fffff747417d
fffff83f56a8
fffff9376bd3
fffffa2f80fe
fffffb279629
fffffc1fab54
fffffd17c07f
fffffe0fd5aa
ffffff07ead5
000000000000
000000f8152b
000001f02a56
000002e83f81
000003e054ac
000004d869d7
000005d07f02
000006c8942d
000007c0a958
000008b8be83
000009b0d3ae
00000aa8e8d9
00000ba0fe04
00000c99132f
00000d91285a
00000e893d85
00000f8152b0
0000107967db
000011717d06
000012699231
00001361a75c
00001459bc87
00001551d1b2
00001649e6dd
00001741fc08
0000183a1133
00001932265e
00001a2a3b89
00001b2250b4
00001c1a65df
00001d127b0a
00001e0a9035
00001f02a560
00001ffaba8b
000020f2cfb6
000021eae4e1
000022e2fa0c
000023db0f37
000024d32462
000025cb398d
000026c34eb8
000027bb63e3
000028b3790e
000029ab8e39
00002aa3a364
00002b9bb88f
00002c93cdba
00002d8be2e5
00002e83f810
00002f7c0d3b
000030742266
0000316c3791
000032644cbc
0000335c61e7
000034547712
0000354c8c3d
00003644a168
0000373cb693
00003834cbbe
0000392ce0e9
00003a24f614
00003b1d0b3f
00003c15206a
00003d0d3595
00003e054ac0
00003efd5feb
00003ff57516
000040ed8a41
000041e59f6c
000042ddb497
000043d5c9c2
000044cddeed
000045c5f418
000046be0943
000047b61e6e
000048ae3399
000049a648c4
00004a9e5def
00004b96731a
00004c8e8845
00004d869d70
00004e7eb29b
00004f76c7c6
0000506edcf1
00005166f21c
0000525f0747
000053571c72
0000544f319d
0000554746c8
0000563f5bf3
00005737711e
0000582f8649
000059279b74
00005a1fb09f
00005b17c5ca
00005c0fdaf5
00005d07f020
00005e00054b
00005ef81a76
00005ff02fa1
000060e844cc
000061e059f7
000062d86f22
000063d0844d
000064c89978
000065c0aea3
000066b8c3ce
000067b0d8f9
000068a8ee24
000069a1034f
00006a99187a
00006b912da5
00006c8942d0
00006d8157fb
00006e796d26
00006f718251
00007069977c
00007161aca7
00007259c1d2
00007351d6fd
00007449ec28
000075420153
0000763a167e
000077322ba9
0000782a40d4
0000792255ff
00007a1a6b2a
00007b128055
ffff83f56a80
ffff84ed7fab
ffff85e594d6
ffff86ddaa01
ffff87d5bf2c
ffff88cdd457
ffff89c5e982
ffff8abdfead
ffff8bb613d8
ffff8cae2903
ffff8da63e2e
ffff8e9e5359
ffff8f966884
ffff908e7daf
ffff918692da
ffff927ea805
ffff9376bd30
ffff946ed25b
ffff9566e786
ffff965efcb1
ffff975711dc
ffff984f2707
ffff99473c32
ffff9a3f515d
ffff9b376688
ffff9c2f7bb3
ffff9d2790de
ffff9e1fa609
ffff9f17bb34
ffffa00fd05f
ffffa107e58a
ffffa1fffab5
ffffa2f80fe0
ffffa3f0250b
ffffa4e83a36
ffffa5e04f61
ffffa6d8648c
ffffa7d079b7
ffffa8c88ee2
ffffa9c0a40d
ffffaab8b938
ffffabb0ce63
ffffaca8e38e
ffffada0f8b9
ffffae990de4
ffffaf91230f
ffffb089383a
ffffb1814d65
ffffb2796290
ffffb37177bb
ffffb4698ce6
ffffb561a211
ffffb659b73c
ffffb751cc67
ffffb849e192
ffffb941f6bd
ffffba3a0be8
ffffbb322113
ffffbc2a363e
ffffbd224b69
ffffbe1a6094
ffffbf1275bf
ffffc00a8aea
ffffc102a015
ffffc1fab540
ffffc2f2ca6b
ffffc3eadf96
ffffc4e2f4c1
ffffc5db09ec
ffffc6d31f17
ffffc7cb3442
ffffc8c3496d
ffffc9bb5e98
ffffcab373c3
ffffcbab88ee
ffffcca39e19
ffffcd9bb344
ffffce93c86f
ffffcf8bdd9a
ffffd083f2c5
ffffd17c07f0
ffffd2741d1b
ffffd36c3246
ffffd4644771
ffffd55c5c9c
ffffd65471c7
ffffd74c86f2
ffffd8449c1d
ffffd93cb148
ffffda34c673
ffffdb2cdb9e
ffffdc24f0c9
ffffdd1d05f4
ffffde151b1f
ffffdf0d304a
ffffe0054575
ffffe0fd5aa0
ffffe1f56fcb
ffffe2ed84f6
ffffe3e59a21
ffffe4ddaf4c
ffffe5d5c477
ffffe6cdd9a2
ffffe7c5eecd
ffffe8be03f8
ffffe9b61923
ffffeaae2e4e
ffffeba64379
ffffec9e58a4
ffffed966dcf
ffffee8e82fa
ffffef869825
fffff07ead50
fffff176c27b
fffff26ed7a6
fffff366ecd1
fffff45f01fc
fffff5571727
fffff64f2c52
fffff747417d
fffff83f56a8
fffff9376bd3
fffffa2f80fe
fffffb279629
fffffc1fab54
fffffd17c07f
fffffe0fd5aa
ffffff07ead5
000000000000
000000f8152b
000001f02a56
000002e83f81
000003e054ac
000004d869d7
000005d07f02
000006c8942d
000007c0a958
000008b8be83
000009b0d3ae
00000aa8e8d9
00000ba0fe04
00000c99132f
00000d91285a
00000e893d85
00000f8152b0
0000107967db
000011717d06
000012699231
00001361a75c
00001459bc87
00001551d1b2
00001649e6dd
00001741fc08
0000183a1133
00001932265e
00001a2a3b89
00001b2250b4
00001c1a65df
00001d127b0a
00001e0a9035
00001f02a560
00001ffaba8b
000020f2cfb6
000021eae4e1
000022e2fa0c
000023db0f37
000024d32462
000025cb398d
000026c34eb8
000027bb63e3
000028b3790e
000029ab8e39
00002aa3a364
00002b9bb88f
00002c93cdba
00002d8be2e5
00002e83f810
00002f7c0d3b
000030742266
0000316c3791
000032644cbc
0000335c61e7
000034547712
0000354c8c3d
00003644a168
0000373cb693
00003834cbbe
0000392ce0e9
00003a24f614
00003b1d0b3f
00003c15206a
00003d0d3595
00003e054ac0
00003efd5feb
00003ff57516
000040ed8a41
000041e59f6c
000042ddb497
000043d5c9c2
000044cddeed
000045c5f418
000046be0943
000047b61e6e
000048ae3399
000049a648c4
00004a9e5def
00004b96731a
00004c8e8845
00004d869d70
00004e7eb29b
00004f76c7c6
0000506edcf1
00005166f21c
0000525f0747
000053571c72
0000544f319d
0000554746c8
0000563f5bf3
00005737711e
0000582f8649
000059279b74
00005a1fb09f
00005b17c5ca
00005c0fdaf5
00005d07f020
00005e00054b
00005ef81a76
00005ff02fa1
000060e844cc
000061e059f7
000062d86f22
000063d0844d
000064c89978
000065c0aea3
000066b8c3ce
000067b0d8f9
000068a8ee24
000069a1034f
00006a99187a
00006b912da5
00006c8942d0
00006d8157fb
00006e796d26
00006f718251
00007069977c
00007161aca7
00007259c1d2
00007351d6fd
00007449ec28
000075420153
0000763a167e
000077322ba9
0000782a40d4
0000792255ff
00007a1a6b2a
00007b128055
ffff83f56a80
ffff84ed7fab
ffff85e594d6
ffff86ddaa01
ffff87d5bf2c
ffff88cdd457
ffff89c5e982
ffff8abdfead
ffff8bb613d8
ffff8cae2903
ffff8da63e2e
ffff8e9e5359
ffff8f966884
ffff908e7daf
ffff918692da
ffff927ea805
ffff9376bd30
ffff946ed25b
ffff9566e786
ffff965efcb1
ffff975711dc
ffff984f2707
ffff99473c32
ffff9a3f515d
ffff9b376688
ffff9c2f7bb3
ffff9d2790de
ffff9e1fa609
ffff9f17bb34
ffffa00fd05f
ffffa107e58a
ffffa1fffab5
ffffa2f80fe0
ffffa3f0250b
ffffa4e83a36
ffffa5e04f61
ffffa6d8648c
ffffa7d079b7
ffffa8c88ee2
ffffa9c0a40d
ffffaab8b938
ffffabb0ce63
ffffaca8e38e
ffffada0f8b9
ffffae990de4
ffffaf91230f
ffffb089383a
ffffb1814d65
ffffb2796290
ffffb37177bb
ffffb4698ce6
ffffb561a211
ffffb659b73c
ffffb751cc67
ffffb849e192
ffffb941f6bd
ffffba3a0be8
ffffbb322113
ffffbc2a363e
ffffbd224b69
ffffbe1a6094
ffffbf1275bf
ffffc00a8aea
ffffc102a015
ffffc1fab540
ffffc2f2ca6b
ffffc3eadf96
ffffc4e2f4c1
ffffc5db09ec
ffffc6d31f17
ffffc7cb3442
ffffc8c3496d
ffffc9bb5e98
ffffcab373c3
ffffcbab88ee
ffffcca39e19
ffffcd9bb344
ffffce93c86f
ffffcf8bdd9a
ffffd083f2c5
ffffd17c07f0
ffffd2741d1b
ffffd36c3246
ffffd4644771
ffffd55c5c9c
ffffd65471c7
ffffd74c86f2
ffffd8449c1d
ffffd93cb148
ffffda34c673
ffffdb2cdb9e
ffffdc24f0c9
ffffdd1d05f4
ffffde151b1f
ffffdf0d304a
ffffe0054575
ffffe0fd5aa0
ffffe1f56fcb
ffffe2ed84f6
ffffe3e59a21
ffffe4ddaf4c
ffffe5d5c477
ffffe6cdd9a2
ffffe7c5eecd
ffffe8be03f8
ffffe9b61923
ffffeaae2e4e
ffffeba64379
ffffec9e58a4
ffffed966dcf
ffffee8e82fa
ffffef869825
fffff07ead50
fffff176c27b
fffff26ed7a6
fffff366ecd1
fffff45f01fc
fffff5571727
fffff64f2c52
fffff747417d
fffff83f56a8
fffff9376bd3
fffffa2f80fe
fffffb279629
fffffc1fab54
fffffd17c07f
fffffe0fd5aa
ffffff07ead5
000000000000
000000cebc4e
0000019d789c
0000026c34ea
0000033af138
00000409ad86
000004d869d4
000005a72622
00000675e270
000007449ebe
000008135b0c
000008e2175a
000009b0d3a8
00000a7f8ff6
00000b4e4c44
00000c1d0892
00000cebc4e0
00000dba812e
00000e893d7c
00000f57f9ca
00001026b618
000010f57266
000011c42eb4
00001292eb02
00001361a750
00001430639e
000014ff1fec
000015cddc3a
0000169c9888
0000176b54d6
0000183a1124
00001908cd72
000019d789c0
00001aa6460e
00001b75025c
00001c43beaa
00001d127af8
00001de13746
00001eaff394
00001f7eafe2
0000204d6c30
0000211c287e
000021eae4cc
000022b9a11a
000023885d68
0000245719b6
00002525d604
000025f49252
000026c34ea0
000027920aee
00002860c73c
0000292f838a
000029fe3fd8
00002accfc26
00002b9bb874
00002c6a74c2
00002d393110
00002e07ed5e
00002ed6a9ac
00002fa565fa
000030742248
00003142de96
000032119ae4
000032e05732
000033af1380
0000347dcfce
0000354c8c1c
0000361b486a
000036ea04b8
000037b8c106
000038877d54
0000395639a2
00003a24f5f0
00003af3b23e
00003bc26e8c
00003c912ada
00003d5fe728
00003e2ea376
00003efd5fc4
00003fcc1c12
0000409ad860
0000416994ae
0000423850fc
000043070d4a
000043d5c998
000044a485e6
000045734234
00004641fe82
00004710bad0
000047df771e
000048ae336c
0000497cefba
00004a4bac08
00004b1a6856
00004be924a4
00004cb7e0f2
00004d869d40
00004e55598e
00004f2415dc
00004ff2d22a
000050c18e78
000051904ac6
0000525f0714
0000532dc362
000053fc7fb0
000054cb3bfe
00005599f84c
00005668b49a
0000573770e8
000058062d36
000058d4e984
000059a3a5d2
00005a726220
00005b411e6e
00005c0fdabc
00005cde970a
00005dad5358
00005e7c0fa6
00005f4acbf4
000060198842
000060e84490
000061b700de
00006285bd2c
00006354797a
0000642335c8
000064f1f216
000065c0ae64
0000668f6ab2
ffff98a1d900
ffff9970954e
ffff9a3f519c
ffff9b0e0dea
ffff9bdcca38
ffff9cab8686
ffff9d7a42d4
ffff9e48ff22
ffff9f17bb70
ffff9fe677be
ffffa0b5340c
ffffa183f05a
ffffa252aca8
ffffa32168f6
ffffa3f02544
ffffa4bee192
ffffa58d9de0
ffffa65c5a2e
ffffa72b167c
ffffa7f9d2ca
ffffa8c88f18
ffffa9974b66
ffffaa6607b4
ffffab34c402
ffffac038050
ffffacd23c9e
ffffada0f8ec
ffffae6fb53a
ffffaf3e7188
ffffb00d2dd6
ffffb0dbea24
ffffb1aaa672
ffffb27962c0
ffffb3481f0e
ffffb416db5c
ffffb4e597aa
ffffb5b453f8
ffffb6831046
ffffb751cc94
ffffb82088e2
ffffb8ef4530
ffffb9be017e
ffffba8cbdcc
ffffbb5b7a1a
ffffbc2a3668
ffffbcf8f2b6
ffffbdc7af04
ffffbe966b52
ffffbf6527a0
ffffc033e3ee
ffffc102a03c
ffffc1d15c8a
ffffc2a018d8
ffffc36ed526
ffffc43d9174
ffffc50c4dc2
ffffc5db0a10
ffffc6a9c65e
ffffc77882ac
ffffc8473efa
ffffc915fb48
ffffc9e4b796
ffffcab373e4
ffffcb823032
ffffcc50ec80
ffffcd1fa8ce
ffffcdee651c
ffffcebd216a
ffffcf8bddb8
ffffd05a9a06
ffffd1295654
ffffd1f812a2
ffffd2c6cef0
ffffd3958b3e
ffffd464478c
ffffd53303da
ffffd601c028
ffffd6d07c76
ffffd79f38c4
ffffd86df512
ffffd93cb160
ffffda0b6dae
ffffdada29fc
ffffdba8e64a
ffffdc77a298
ffffdd465ee6
ffffde151b34
ffffdee3d782
ffffdfb293d0
ffffe081501e
ffffe1500c6c
ffffe21ec8ba
ffffe2ed8508
ffffe3bc4156
ffffe48afda4
ffffe559b9f2
ffffe6287640
ffffe6f7328e
ffffe7c5eedc
ffffe894ab2a
ffffe9636778
ffffea3223c6
ffffeb00e014
ffffebcf9c62
ffffec9e58b0
ffffed6d14fe
ffffee3bd14c
ffffef0a8d9a
ffffefd949e8
fffff0a80636
fffff176c284
fffff2457ed2
fffff3143b20
fffff3e2f76e
fffff4b1b3bc
fffff580700a
fffff64f2c58
fffff71de8a6
fffff7eca4f4
fffff8bb6142
fffff98a1d90
fffffa58d9de
fffffb27962c
fffffbf6527a
fffffcc50ec8
fffffd93cb16
fffffe628764
ffffff3143b2
000000000000
000000f8152b
000001f02a56
000002e83f81
000003e054ac
000004d869d7
000005d07f02
000006c8942d
000007c0a958
000008b8be83
000009b0d3ae
00000aa8e8d9
00000ba0fe04
00000c99132f
00000d91285a
00000e893d85
00000f8152b0
0000107967db
000011717d06
000012699231
00001361a75c
00001459bc87
00001551d1b2
00001649e6dd
00001741fc08
0000183a1133
00001932265e
00001a2a3b89
00001b2250b4
00001c1a65df
00001d127b0a
00001e0a9035
00001f02a560
00001ffaba8b
000020f2cfb6
000021eae4e1
000022e2fa0c
000023db0f37
000024d32462
000025cb398d
000026c34eb8
000027bb63e3
000028b3790e
000029ab8e39
00002aa3a364
00002b9bb88f
00002c93cdba
00002d8be2e5
00002e83f810
00002f7c0d3b
000030742266
0000316c3791
000032644cbc
0000335c61e7
000034547712
0000354c8c3d
00003644a168
0000373cb693
00003834cbbe
0000392ce0e9
00003a24f614
00003b1d0b3f
00003c15206a
00003d0d3595
00003e054ac0
00003efd5feb
00003ff57516
000040ed8a41
000041e59f6c
000042ddb497
000043d5c9c2
000044cddeed
000045c5f418
000046be0943
000047b61e6e
000048ae3399
000049a648c4
00004a9e5def
00004b96731a
00004c8e8845
00004d869d70
00004e7eb29b
00004f76c7c6
0000506edcf1
00005166f21c
0000525f0747
000053571c72
0000544f319d
0000554746c8
0000563f5bf3
00005737711e
0000582f8649
000059279b74
00005a1fb09f
00005b17c5ca
00005c0fdaf5
00005d07f020
00005e00054b
00005ef81a76
00005ff02fa1
000060e844cc
000061e059f7
000062d86f22
000063d0844d
000064c89978
000065c0aea3
000066b8c3ce
000067b0d8f9
000068a8ee24
000069a1034f
00006a99187a
00006b912da5
00006c8942d0
00006d8157fb
00006e796d26
00006f718251
00007069977c
00007161aca7
00007259c1d2
00007351d6fd
00007449ec28
000075420153
0000763a167e
000077322ba9
0000782a40d4
0000792255ff
00007a1a6b2a
00007b128055
ffff83f56a80
ffff84ed7fab
ffff85e594d6
ffff86ddaa01
ffff87d5bf2c
ffff88cdd457
ffff89c5e982
ffff8abdfead
ffff8bb613d8
ffff8cae2903
ffff8da63e2e
ffff8e9e5359
ffff8f966884
ffff908e7daf
ffff918692da
ffff927ea805
ffff9376bd30
ffff946ed25b
ffff9566e786
ffff965efcb1
ffff975711dc
ffff984f2707
ffff99473c32
ffff9a3f515d
ffff9b376688
ffff9c2f7bb3
ffff9d2790de
ffff9e1fa609
ffff9f17bb34
ffffa00fd05f
ffffa107e58a
ffffa1fffab5
ffffa2f80fe0
ffffa3f0250b
ffffa4e83a36
ffffa5e04f61
ffffa6d8648c
ffffa7d079b7
ffffa8c88ee2
ffffa9c0a40d
ffffaab8b938
ffffabb0ce63
ffffaca8e38e
ffffada0f8b9
ffffae990de4
ffffaf91230f
ffffb089383a
ffffb1814d65
ffffb2796290
ffffb37177bb
ffffb4698ce6
ffffb561a211
ffffb659b73c
ffffb751cc67
ffffb849e192
ffffb941f6bd
ffffba3a0be8
ffffbb322113
ffffbc2a363e
ffffbd224b69
ffffbe1a6094
ffffbf1275bf
ffffc00a8aea
ffffc102a015
ffffc1fab540
ffffc2f2ca6b
ffffc3eadf96
ffffc4e2f4c1
ffffc5db09ec
ffffc6d31f17
ffffc7cb3442
ffffc8c3496d
ffffc9bb5e98
ffffcab373c3
ffffcbab88ee
ffffcca39e19
ffffcd9bb344
ffffce93c86f
ffffcf8bdd9a
ffffd083f2c5
ffffd17c07f0
ffffd2741d1b
ffffd36c3246
ffffd4644771
ffffd55c5c9c
ffffd65471c7
ffffd74c86f2
ffffd8449c1d
ffffd93cb148
ffffda34c673
ffffdb2cdb9e
ffffdc24f0c9
ffffdd1d05f4
ffffde151b1f
ffffdf0d304a
ffffe0054575
ffffe0fd5aa0
ffffe1f56fcb
ffffe2ed84f6
ffffe3e59a21
ffffe4ddaf4c
ffffe5d5c477
ffffe6cdd9a2
ffffe7c5eecd
ffffe8be03f8
ffffe9b61923
ffffeaae2e4e
ffffeba64379
ffffec9e58a4
ffffed966dcf
ffffee8e82fa
ffffef869825
fffff07ead50
fffff176c27b
fffff26ed7a6
fffff366ecd1
fffff45f01fc
fffff5571727
fffff64f2c52
fffff747417d
fffff83f56a8
fffff9376bd3
fffffa2f80fe
fffffb279629
fffffc1fab54
fffffd17c07f
fffffe0fd5aa
ffffff07ead5
000000000000
000000cebc4e
0000019d789c
0000026c34ea
0000033af138
00000409ad86
000004d869d4
000005a72622
00000675e270
000007449ebe
000008135b0c
000008e2175a
000009b0d3a8
00000a7f8ff6
00000b4e4c44
00000c1d0892
00000cebc4e0
00000dba812e
00000e893d7c
00000f57f9ca
00001026b618
000010f57266
000011c42eb4
00001292eb02
00001361a750
00001430639e
000014ff1fec
000015cddc3a
0000169c9888
0000176b54d6
0000183a1124
00001908cd72
000019d789c0
00001aa6460e
00001b75025c
00001c43beaa
00001d127af8
00001de13746
00001eaff394
00001f7eafe2
0000204d6c30
0000211c287e
000021eae4cc
000022b9a11a
000023885d68
0000245719b6
00002525d604
000025f49252
000026c34ea0
000027920aee
00002860c73c
0000292f838a
000029fe3fd8
00002accfc26
00002b9bb874
00002c6a74c2
00002d393110
00002e07ed5e
00002ed6a9ac
00002fa565fa
000030742248
00003142de96
000032119ae4
000032e05732
000033af1380
0000347dcfce
0000354c8c1c
0000361b486a
000036ea04b8
000037b8c106
000038877d54
0000395639a2
00003a24f5f0
00003af3b23e
00003bc26e8c
00003c912ada
00003d5fe728
00003e2ea376
00003efd5fc4
00003fcc1c12
0000409ad860
0000416994ae
0000423850fc
000043070d4a
000043d5c998
000044a485e6
000045734234
00004641fe82
00004710bad0
000047df771e
000048ae336c
0000497cefba
00004a4bac08
00004b1a6856
00004be924a4
00004cb7e0f2
00004d869d40
00004e55598e
00004f2415dc
00004ff2d22a
000050c18e78
000051904ac6
0000525f0714
0000532dc362
000053fc7fb0
000054cb3bfe
00005599f84c
00005668b49a
0000573770e8
000058062d36
000058d4e984
000059a3a5d2
00005a726220
00005b411e6e
00005c0fdabc
00005cde970a
00005dad5358
00005e7c0fa6
00005f4acbf4
000060198842
000060e84490
000061b700de
00006285bd2c
00006354797a
0000642335c8
000064f1f216
000065c0ae64
0000668f6ab2
ffff98a1d900
ffff9970954e
ffff9a3f519c
ffff9b0e0dea
ffff9bdcca38
ffff9cab8686
ffff9d7a42d4
ffff9e48ff22
ffff9f17bb70
ffff9fe677be
ffffa0b5340c
ffffa183f05a
ffffa252aca8
ffffa32168f6
ffffa3f02544
ffffa4bee192
ffffa58d9de0
ffffa65c5a2e
ffffa72b167c
ffffa7f9d2ca
ffffa8c88f18
ffffa9974b66
ffffaa6607b4
ffffab34c402
ffffac038050
ffffacd23c9e
ffffada0f8ec
ffffae6fb53a
ffffaf3e7188
ffffb00d2dd6
ffffb0dbea24
ffffb1aaa672
ffffb27962c0
ffffb3481f0e
ffffb416db5c
ffffb4e597aa
ffffb5b453f8
ffffb6831046
ffffb751cc94
ffffb82088e2
ffffb8ef4530
ffffb9be017e
ffffba8cbdcc
ffffbb5b7a1a
ffffbc2a3668
ffffbcf8f2b6
ffffbdc7af04
ffffbe966b52
ffffbf6527a0
ffffc033e3ee
ffffc102a03c
ffffc1d15c8a
ffffc2a018d8
ffffc36ed526
ffffc43d9174
ffffc50c4dc2
ffffc5db0a10
ffffc6a9c65e
ffffc77882ac
ffffc8473efa
ffffc915fb48
ffffc9e4b796
ffffcab373e4
ffffcb823032
ffffcc50ec80
ffffcd1fa8ce
ffffcdee651c
ffffcebd216a
ffffcf8bddb8
ffffd05a9a06
ffffd1295654
ffffd1f812a2
ffffd2c6cef0
ffffd3958b3e
ffffd464478c
ffffd53303da
ffffd601c028
ffffd6d07c76
ffffd79f38c4
ffffd86df512
ffffd93cb160
ffffda0b6dae
ffffdada29fc
ffffdba8e64a
ffffdc77a298
ffffdd465ee6
ffffde151b34
ffffdee3d782
ffffdfb293d0
ffffe081501e
ffffe1500c6c
ffffe21ec8ba
ffffe2ed8508
ffffe3bc4156
ffffe48afda4
ffffe559b9f2
ffffe6287640
ffffe6f7328e
ffffe7c5eedc
ffffe894ab2a
ffffe9636778
ffffea3223c6
ffffeb00e014
ffffebcf9c62
ffffec9e58b0
ffffed6d14fe
ffffee3bd14c
ffffef0a8d9a
ffffefd949e8
fffff0a80636
fffff176c284
fffff2457ed2
fffff3143b20
fffff3e2f76e
fffff4b1b3bc
fffff580700a
fffff64f2c58
fffff71de8a6
fffff7eca4f4
fffff8bb6142
fffff98a1d90
fffffa58d9de
fffffb27962c
fffffbf6527a
fffffcc50ec8
fffffd93cb16
fffffe628764
ffffff3143b2
000000000000
000000f8152b
000001f02a56
000002e83f81
000003e054ac
000004d869d7
000005d07f02
000006c8942d
000007c0a958
000008b8be83
000009b0d3ae
00000aa8e8d9
00000ba0fe04
00000c99132f
00000d91285a
00000e893d85
00000f8152b0
0000107967db
000011717d06
000012699231
00001361a75c
00001459bc87
00001551d1b2
00001649e6dd
00001741fc08
0000183a1133
00001932265e
00001a2a3b89
00001b2250b4
00001c1a65df
00001d127b0a
00001e0a9035
00001f02a560
00001ffaba8b
000020f2cfb6
000021eae4e1
000022e2fa0c
000023db0f37
000024d32462
000025cb398d
000026c34eb8
000027bb63e3
000028b3790e
000029ab8e39
00002aa3a364
00002b9bb88f
00002c93cdba
00002d8be2e5
00002e83f810
00002f7c0d3b
000030742266
0000316c3791
000032644cbc
0000335c61e7
000034547712
0000354c8c3d
00003644a168
0000373cb693
00003834cbbe
0000392ce0e9
00003a24f614
00003b1d0b3f
00003c15206a
00003d0d3595
00003e054ac0
00003efd5feb
00003ff57516
000040ed8a41
000041e59f6c
000042ddb497
000043d5c9c2
000044cddeed
000045c5f418
000046be0943
000047b61e6e
000048ae3399
000049a648c4
00004a9e5def
00004b96731a
00004c8e8845
00004d869d70
00004e7eb29b
00004f76c7c6
0000506edcf1
00005166f21c
0000525f0747
000053571c72
0000544f319d
0000554746c8
0000563f5bf3
00005737711e
0000582f8649
000059279b74
00005a1fb09f
00005b17c5ca
00005c0fdaf5
00005d07f020
00005e00054b
00005ef81a76
00005ff02fa1
000060e844cc
000061e059f7
000062d86f22
000063d0844d
000064c89978
000065c0aea3
000066b8c3ce
000067b0d8f9
000068a8ee24
000069a1034f
00006a99187a
00006b912da5
00006c8942d0
00006d8157fb
00006e796d26
00006f718251
00007069977c
00007161aca7
00007259c1d2
00007351d6fd
00007449ec28
000075420153
0000763a167e
000077322ba9
0000782a40d4
0000792255ff
00007a1a6b2a
00007b128055
ffff83f56a80
ffff84ed7fab
ffff85e594d6
ffff86ddaa01
ffff87d5bf2c
ffff88cdd457
ffff89c5e982
ffff8abdfead
ffff8bb613d8
ffff8cae2903
ffff8da63e2e
ffff8e9e5359
ffff8f966884
ffff908e7daf
ffff918692da
ffff927ea805
ffff9376bd30
ffff946ed25b
ffff9566e786
ffff965efcb1
ffff975711dc
ffff984f2707
ffff99473c32
ffff9a3f515d
ffff9b376688
ffff9c2f7bb3
ffff9d2790de
ffff9e1fa609
ffff9f17bb34
ffffa00fd05f
ffffa107e58a
ffffa1fffab5
ffffa2f80fe0
ffffa3f0250b
ffffa4e83a36
ffffa5e04f61
ffffa6d8648c
ffffa7d079b7
ffffa8c88ee2
ffffa9c0a40d
ffffaab8b938
ffffabb0ce63
ffffaca8e38e
ffffada0f8b9
ffffae990de4
ffffaf91230f
ffffb089383a
ffffb1814d65
ffffb2796290
ffffb37177bb
ffffb4698ce6
ffffb561a211
ffffb659b73c
ffffb751cc67
ffffb849e192
ffffb941f6bd
ffffba3a0be8
ffffbb322113
ffffbc2a363e
ffffbd224b69
ffffbe1a6094
ffffbf1275bf
ffffc00a8aea
ffffc102a015
ffffc1fab540
ffffc2f2ca6b
ffffc3eadf96
ffffc4e2f4c1
ffffc5db09ec
ffffc6d31f17
ffffc7cb3442
ffffc8c3496d
ffffc9bb5e98
ffffcab373c3
ffffcbab88ee
ffffcca39e19
ffffcd9bb344
ffffce93c86f
ffffcf8bdd9a
ffffd083f2c5
ffffd17c07f0
ffffd2741d1b
ffffd36c3246
ffffd4644771
ffffd55c5c9c
ffffd65471c7
ffffd74c86f2
ffffd8449c1d
ffffd93cb148
ffffda34c673
ffffdb2cdb9e
ffffdc24f0c9
ffffdd1d05f4
ffffde151b1f
ffffdf0d304a
ffffe0054575
ffffe0fd5aa0
ffffe1f56fcb
ffffe2ed84f6
ffffe3e59a21
ffffe4ddaf4c
ffffe5d5c477
ffffe6cdd9a2
ffffe7c5eecd
ffffe8be03f8
ffffe9b61923
ffffeaae2e4e
ffffeba64379
ffffec9e58a4
ffffed966dcf
ffffee8e82fa
ffffef869825
fffff07ead50
fffff176c27b
fffff26ed7a6
fffff366ecd1
fffff45f01fc
fffff5571727
fffff64f2c52
fffff747417d
fffff83f56a8
fffff9376bd3
fffffa2f80fe
fffffb279629
fffffc1fab54
fffffd17c07f
fffffe0fd5aa
ffffff07ead5
000000000000
000000cebc4e
0000019d789c
0000026c34ea
0000033af138
00000409ad86
000004d869d4
000005a72622
00000675e270
000007449ebe
000008135b0c
000008e2175a
000009b0d3a8
00000a7f8ff6
00000b4e4c44
00000c1d0892
00000cebc4e0
00000dba812e
00000e893d7c
00000f57f9ca
00001026b618
000010f57266
000011c42eb4
00001292eb02
00001361a750
00001430639e
000014ff1fec
000015cddc3a
0000169c9888
0000176b54d6
0000183a1124
00001908cd72
000019d789c0
00001aa6460e
00001b75025c
00001c43beaa
00001d127af8
00001de13746
00001eaff394
00001f7eafe2
0000204d6c30
0000211c287e
000021eae4cc
000022b9a11a
000023885d68
0000245719b6
00002525d604
000025f49252
000026c34ea0
000027920aee
00002860c73c
0000292f838a
000029fe3fd8
00002accfc26
00002b9bb874
00002c6a74c2
00002d393110
00002e07ed5e
00002ed6a9ac
00002fa565fa
000030742248
00003142de96
000032119ae4
000032e05732
000033af1380
0000347dcfce
0000354c8c1c
0000361b486a
000036ea04b8
000037b8c106
000038877d54
0000395639a2
00003a24f5f0
00003af3b23e
00003bc26e8c
00003c912ada
00003d5fe728
00003e2ea376
00003efd5fc4
00003fcc1c12
0000409ad860
0000416994ae
0000423850fc
000043070d4a
000043d5c998
000044a485e6
000045734234
00004641fe82
00004710bad0
000047df771e
000048ae336c
0000497cefba
00004a4bac08
00004b1a6856
00004be924a4
00004cb7e0f2
00004d869d40
00004e55598e
00004f2415dc
00004ff2d22a
000050c18e78
000051904ac6
0000525f0714
0000532dc362
000053fc7fb0
000054cb3bfe
00005599f84c
00005668b49a
0000573770e8
000058062d36
000058d4e984
000059a3a5d2
00005a726220
00005b411e6e
00005c0fdabc
00005cde970a
00005dad5358
00005e7c0fa6
00005f4acbf4
000060198842
000060e84490
000061b700de
00006285bd2c
00006354797a
0000642335c8
000064f1f216
000065c0ae64
0000668f6ab2
ffff98a1d900
ffff9970954e
ffff9a3f519c
ffff9b0e0dea
ffff9bdcca38
ffff9cab8686
ffff9d7a42d4
ffff9e48ff22
ffff9f17bb70
ffff9fe677be
ffffa0b5340c
ffffa183f05a
ffffa252aca8
ffffa32168f6
ffffa3f02544
ffffa4bee192
ffffa58d9de0
ffffa65c5a2e
ffffa72b167c
ffffa7f9d2ca
ffffa8c88f18
ffffa9974b66
ffffaa6607b4
ffffab34c402
ffffac038050
ffffacd23c9e
ffffada0f8ec
ffffae6fb53a
ffffaf3e7188
ffffb00d2dd6
ffffb0dbea24
ffffb1aaa672
ffffb27962c0
ffffb3481f0e
ffffb416db5c
ffffb4e597aa
ffffb5b453f8
ffffb6831046
ffffb751cc94
ffffb82088e2
ffffb8ef4530
ffffb9be017e
ffffba8cbdcc
ffffbb5b7a1a
ffffbc2a3668
ffffbcf8f2b6
ffffbdc7af04
ffffbe966b52
ffffbf6527a0
ffffc033e3ee
ffffc102a03c
ffffc1d15c8a
ffffc2a018d8
ffffc36ed526
ffffc43d9174
ffffc50c4dc2
ffffc5db0a10
ffffc6a9c65e
ffffc77882ac
ffffc8473efa
ffffc915fb48
ffffc9e4b796
ffffcab373e4
ffffcb823032
ffffcc50ec80
ffffcd1fa8ce
ffffcdee651c
ffffcebd216a
ffffcf8bddb8
ffffd05a9a06
ffffd1295654
ffffd1f812a2
ffffd2c6cef0
ffffd3958b3e
ffffd464478c
ffffd53303da
ffffd601c028
ffffd6d07c76
ffffd79f38c4
ffffd86df512
ffffd93cb160
ffffda0b6dae
ffffdada29fc
ffffdba8e64a
ffffdc77a298
ffffdd465ee6
ffffde151b34
ffffdee3d782
ffffdfb293d0
ffffe081501e
ffffe1500c6c
ffffe21ec8ba
ffffe2ed8508
ffffe3bc4156
ffffe48afda4
ffffe559b9f2
ffffe6287640
ffffe6f7328e
ffffe7c5eedc
ffffe894ab2a
ffffe9636778
ffffea3223c6
ffffeb00e014
ffffebcf9c62
ffffec9e58b0
ffffed6d14fe
ffffee3bd14c
ffffef0a8d9a
ffffefd949e8
fffff0a80636
fffff176c284
fffff2457ed2
fffff3143b20
fffff3e2f76e
fffff4b1b3bc
fffff580700a
fffff64f2c58
fffff71de8a6
fffff7eca4f4
fffff8bb6142
fffff98a1d90
fffffa58d9de
fffffb27962c
fffffbf6527a
fffffcc50ec8
fffffd93cb16
fffffe628764
ffffff3143b2
000000000000
000000f8152b
000001f02a56
000002e83f81
000003e054ac
000004d869d7
000005d07f02
000006c8942d
000007c0a958
000008b8be83
000009b0d3ae
00000aa8e8d9
00000ba0fe04
00000c99132f
00000d91285a
00000e893d85
00000f8152b0
0000107967db
000011717d06
000012699231
00001361a75c
00001459bc87
00001551d1b2
00001649e6dd
00001741fc08
0000183a1133
00001932265e
00001a2a3b89
00001b2250b4
00001c1a65df
00001d127b0a
00001e0a9035
00001f02a560
00001ffaba8b
000020f2cfb6
000021eae4e1
000022e2fa0c
000023db0f37
000024d32462
000025cb398d
000026c34eb8
000027bb63e3
000028b3790e
000029ab8e39
00002aa3a364
00002b9bb88f
00002c93cdba
00002d8be2e5
00002e83f810
00002f7c0d3b
000030742266
0000316c3791
000032644cbc
0000335c61e7
000034547712
0000354c8c3d
00003644a168
0000373cb693
00003834cbbe
0000392ce0e9
00003a24f614
00003b1d0b3f
00003c15206a
00003d0d3595
00003e054ac0
00003efd5feb
00003ff57516
000040ed8a41
000041e59f6c
000042ddb497
000043d5c9c2
000044cddeed
000045c5f418
000046be0943
000047b61e6e
000048ae3399
000049a648c4
00004a9e5def
00004b96731a
00004c8e8845
00004d869d70
00004e7eb29b
00004f76c7c6
0000506edcf1
00005166f21c
0000525f0747
000053571c72
0000544f319d
0000554746c8
0000563f5bf3
00005737711e
0000582f8649
000059279b74
00005a1fb09f
00005b17c5ca
00005c0fdaf5
00005d07f020
00005e00054b
00005ef81a76
00005ff02fa1
000060e844cc
000061e059f7
000062d86f22
000063d0844d
000064c89978
000065c0aea3
000066b8c3ce
000067b0d8f9
000068a8ee24
000069a1034f
00006a99187a
00006b912da5
00006c8942d0
00006d8157fb
00006e796d26
00006f718251
00007069977c
00007161aca7
00007259c1d2
00007351d6fd
00007449ec28
000075420153
0000763a167e
000077322ba9
0000782a40d4
0000792255ff
00007a1a6b2a
00007b128055
ffff83f56a80
ffff84ed7fab
ffff85e594d6
ffff86ddaa01
ffff87d5bf2c
ffff88cdd457
ffff89c5e982
ffff8abdfead
ffff8bb613d8
ffff8cae2903
ffff8da63e2e
ffff8e9e5359
ffff8f966884
ffff908e7daf
ffff918692da
ffff927ea805
ffff9376bd30
ffff946ed25b
ffff9566e786
ffff965efcb1
ffff975711dc
ffff984f2707
ffff99473c32
ffff9a3f515d
ffff9b376688
ffff9c2f7bb3
ffff9d2790de
ffff9e1fa609
ffff9f17bb34
ffffa00fd05f
ffffa107e58a
ffffa1fffab5
ffffa2f80fe0
ffffa3f0250b
ffffa4e83a36
ffffa5e04f61
ffffa6d8648c
ffffa7d079b7
ffffa8c88ee2
ffffa9c0a40d
ffffaab8b938
ffffabb0ce63
ffffaca8e38e
ffffada0f8b9
ffffae990de4
ffffaf91230f
ffffb089383a
ffffb1814d65
ffffb2796290
ffffb37177bb
ffffb4698ce6
ffffb561a211
ffffb659b73c
ffffb751cc67
ffffb849e192
ffffb941f6bd
ffffba3a0be8
ffffbb322113
ffffbc2a363e
ffffbd224b69
ffffbe1a6094
ffffbf1275bf
ffffc00a8aea
ffffc102a015
ffffc1fab540
ffffc2f2ca6b
ffffc3eadf96
ffffc4e2f4c1
ffffc5db09ec
ffffc6d31f17
ffffc7cb3442
ffffc8c3496d
ffffc9bb5e98
ffffcab373c3
ffffcbab88ee
ffffcca39e19
ffffcd9bb344
ffffce93c86f
ffffcf8bdd9a
ffffd083f2c5
ffffd17c07f0
ffffd2741d1b
ffffd36c3246
ffffd4644771
ffffd55c5c9c
ffffd65471c7
ffffd74c86f2
ffffd8449c1d
ffffd93cb148
ffffda34c673
ffffdb2cdb9e
ffffdc24f0c9
ffffdd1d05f4
ffffde151b1f
ffffdf0d304a
ffffe0054575
ffffe0fd5aa0
ffffe1f56fcb
ffffe2ed84f6
ffffe3e59a21
ffffe4ddaf4c
ffffe5d5c477
ffffe6cdd9a2
ffffe7c5eecd
ffffe8be03f8
ffffe9b61923
ffffeaae2e4e
ffffeba64379
ffffec9e58a4
ffffed966dcf
ffffee8e82fa
ffffef869825
fffff07ead50
fffff176c27b
fffff26ed7a6
fffff366ecd1
fffff45f01fc
fffff5571727
fffff64f2c52
fffff747417d
fffff83f56a8
fffff9376bd3
fffffa2f80fe
fffffb279629
fffffc1fab54
fffffd17c07f
fffffe0fd5aa
ffffff07ead5
000000000000
000000cebc4e
0000019d789c
0000026c34ea
0000033af138
00000409ad86
000004d869d4
000005a72622
00000675e270
000007449ebe
000008135b0c
000008e2175a
000009b0d3a8
00000a7f8ff6
00000b4e4c44
00000c1d0892
00000cebc4e0
00000dba812e
00000e893d7c
00000f57f9ca
00001026b618
000010f57266
000011c42eb4
00001292eb02
00001361a750
00001430639e
000014ff1fec
000015cddc3a
0000169c9888
0000176b54d6
0000183a1124
00001908cd72
000019d789c0
00001aa6460e
00001b75025c
00001c43beaa
00001d127af8
00001de13746
00001eaff394
00001f7eafe2
0000204d6c30
0000211c287e
000021eae4cc
000022b9a11a
000023885d68
0000245719b6
00002525d604
000025f49252
000026c34ea0
000027920aee
00002860c73c
0000292f838a
000029fe3fd8
00002accfc26
00002b9bb874
00002c6a74c2
00002d393110
00002e07ed5e
00002ed6a9ac
00002fa565fa
000030742248
00003142de96
000032119ae4
000032e05732
000033af1380
0000347dcfce
0000354c8c1c
0000361b486a
000036ea04b8
000037b8c106
000038877d54
0000395639a2
00003a24f5f0
00003af3b23e
00003bc26e8c
00003c912ada
00003d5fe728
00003e2ea376
00003efd5fc4
00003fcc1c12
0000409ad860
0000416994ae
0000423850fc
000043070d4a
000043d5c998
000044a485e6
000045734234
00004641fe82
00004710bad0
000047df771e
000048ae336c
0000497cefba
00004a4bac08
00004b1a6856
00004be924a4
00004cb7e0f2
00004d869d40
00004e55598e
00004f2415dc
00004ff2d22a
000050c18e78
000051904ac6
0000525f0714
0000532dc362
000053fc7fb0
000054cb3bfe
00005599f84c
00005668b49a
0000573770e8
000058062d36
000058d4e984
000059a3a5d2
00005a726220
00005b411e6e
00005c0fdabc
00005cde970a
00005dad5358
00005e7c0fa6
00005f4acbf4
000060198842
000060e84490
000061b700de
00006285bd2c
00006354797a
0000642335c8
000064f1f216
000065c0ae64
0000668f6ab2
ffff98a1d900
ffff9970954e
ffff9a3f519c
ffff9b0e0dea
ffff9bdcca38
ffff9cab8686
ffff9d7a42d4
ffff9e48ff22
ffff9f17bb70
ffff9fe677be
ffffa0b5340c
ffffa183f05a
ffffa252aca8
ffffa32168f6
ffffa3f02544
ffffa4bee192
ffffa58d9de0
ffffa65c5a2e
ffffa72b167c
ffffa7f9d2ca
ffffa8c88f18
ffffa9974b66
ffffaa6607b4
ffffab34c402
ffffac038050
ffffacd23c9e
ffffada0f8ec
ffffae6fb53a
ffffaf3e7188
ffffb00d2dd6
ffffb0dbea24
ffffb1aaa672
ffffb27962c0
ffffb3481f0e
ffffb416db5c
ffffb4e597aa
ffffb5b453f8
ffffb6831046
ffffb751cc94
ffffb82088e2
ffffb8ef4530
ffffb9be017e
ffffba8cbdcc
ffffbb5b7a1a
ffffbc2a3668
ffffbcf8f2b6
ffffbdc7af04
ffffbe966b52
ffffbf6527a0
ffffc033e3ee
ffffc102a03c
ffffc1d15c8a
ffffc2a018d8
ffffc36ed526
ffffc43d9174
ffffc50c4dc2
ffffc5db0a10
ffffc6a9c65e
ffffc77882ac
ffffc8473efa
ffffc915fb48
ffffc9e4b796
ffffcab373e4
ffffcb823032
ffffcc50ec80
ffffcd1fa8ce
ffffcdee651c
ffffcebd216a
ffffcf8bddb8
ffffd05a9a06
ffffd1295654
ffffd1f812a2
ffffd2c6cef0
ffffd3958b3e
ffffd464478c
ffffd53303da
ffffd601c028
ffffd6d07c76
ffffd79f38c4
ffffd86df512
ffffd93cb160
ffffda0b6dae
ffffdada29fc
ffffdba8e64a
ffffdc77a298
ffffdd465ee6
ffffde151b34
ffffdee3d782
ffffdfb293d0
ffffe081501e
ffffe1500c6c
ffffe21ec8ba
ffffe2ed8508
ffffe3bc4156
ffffe48afda4
ffffe559b9f2
ffffe6287640
ffffe6f7328e
ffffe7c5eedc
ffffe894ab2a
ffffe9636778
ffffea3223c6
ffffeb00e014
ffffebcf9c62
ffffec9e58b0
ffffed6d14fe
ffffee3bd14c
ffffef0a8d9a
ffffefd949e8
fffff0a80636
fffff176c284
fffff2457ed2
fffff3143b20
fffff3e2f76e
fffff4b1b3bc
fffff580700a
fffff64f2c58
fffff71de8a6
fffff7eca4f4
fffff8bb6142
fffff98a1d90
fffffa58d9de
fffffb27962c
fffffbf6527a
fffffcc50ec8
fffffd93cb16
fffffe628764
ffffff3143b2
000000000000
000000f8152b
000001f02a56
000002e83f81
000003e054ac
000004d869d7
000005d07f02
000006c8942d
000007c0a958
000008b8be83
000009b0d3ae
00000aa8e8d9
00000ba0fe04
00000c99132f
00000d91285a
00000e893d85
00000f8152b0
0000107967db
000011717d06
000012699231
00001361a75c
00001459bc87
00001551d1b2
00001649e6dd
00001741fc08
0000183a1133
00001932265e
00001a2a3b89
00001b2250b4
00001c1a65df
00001d127b0a
00001e0a9035
00001f02a560
00001ffaba8b
000020f2cfb6
000021eae4e1
000022e2fa0c
000023db0f37
000024d32462
000025cb398d
000026c34eb8
000027bb63e3
000028b3790e
000029ab8e39
00002aa3a364
00002b9bb88f
00002c93cdba
00002d8be2e5
00002e83f810
00002f7c0d3b
000030742266
0000316c3791
000032644cbc
0000335c61e7
000034547712
0000354c8c3d
00003644a168
0000373cb693
00003834cbbe
0000392ce0e9
00003a24f614
00003b1d0b3f
00003c15206a
00003d0d3595
00003e054ac0
00003efd5feb
00003ff57516
000040ed8a41
000041e59f6c
000042ddb497
000043d5c9c2
000044cddeed
000045c5f418
000046be0943
000047b61e6e
000048ae3399
000049a648c4
00004a9e5def
00004b96731a
00004c8e8845
00004d869d70
00004e7eb29b
00004f76c7c6
0000506edcf1
00005166f21c
0000525f0747
000053571c72
0000544f319d
0000554746c8
0000563f5bf3
00005737711e
0000582f8649
000059279b74
00005a1fb09f
00005b17c5ca
00005c0fdaf5
00005d07f020
00005e00054b
00005ef81a76
00005ff02fa1
000060e844cc
000061e059f7
000062d86f22
000063d0844d
000064c89978
000065c0aea3
000066b8c3ce
000067b0d8f9
000068a8ee24
000069a1034f
00006a99187a
00006b912da5
00006c8942d0
00006d8157fb
00006e796d26
00006f718251
00007069977c
00007161aca7
00007259c1d2
00007351d6fd
00007449ec28
000075420153
0000763a167e
000077322ba9
0000782a40d4
0000792255ff
00007a1a6b2a
00007b128055
ffff83f56a80
ffff84ed7fab
ffff85e594d6
ffff86ddaa01
ffff87d5bf2c
ffff88cdd457
ffff89c5e982
ffff8abdfead
ffff8bb613d8
ffff8cae2903
ffff8da63e2e
ffff8e9e5359
ffff8f966884
ffff908e7daf
ffff918692da
ffff927ea805
ffff9376bd30
ffff946ed25b
ffff9566e786
ffff965efcb1
ffff975711dc
ffff984f2707
ffff99473c32
ffff9a3f515d
ffff9b376688
ffff9c2f7bb3
ffff9d2790de
ffff9e1fa609
ffff9f17bb34
ffffa00fd05f
ffffa107e58a
ffffa1fffab5
ffffa2f80fe0
ffffa3f0250b
ffffa4e83a36
ffffa5e04f61
ffffa6d8648c
ffffa7d079b7
ffffa8c88ee2
ffffa9c0a40d
ffffaab8b938
ffffabb0ce63
ffffaca8e38e
ffffada0f8b9
ffffae990de4
ffffaf91230f
ffffb089383a
ffffb1814d65
ffffb2796290
ffffb37177bb
ffffb4698ce6
ffffb561a211
ffffb659b73c
ffffb751cc67
ffffb849e192
ffffb941f6bd
ffffba3a0be8
ffffbb322113
ffffbc2a363e
ffffbd224b69
ffffbe1a6094
ffffbf1275bf
ffffc00a8aea
ffffc102a015
ffffc1fab540
ffffc2f2ca6b
ffffc3eadf96
ffffc4e2f4c1
ffffc5db09ec
ffffc6d31f17
ffffc7cb3442
ffffc8c3496d
ffffc9bb5e98
ffffcab373c3
ffffcbab88ee
ffffcca39e19
ffffcd9bb344
ffffce93c86f
ffffcf8bdd9a
ffffd083f2c5
ffffd17c07f0
ffffd2741d1b
ffffd36c3246
ffffd4644771
ffffd55c5c9c
ffffd65471c7
ffffd74c86f2
ffffd8449c1d
ffffd93cb148
ffffda34c673
ffffdb2cdb9e
ffffdc24f0c9
ffffdd1d05f4
ffffde151b1f
ffffdf0d304a
ffffe0054575
ffffe0fd5aa0
ffffe1f56fcb
ffffe2ed84f6
ffffe3e59a21
ffffe4ddaf4c
ffffe5d5c477
ffffe6cdd9a2
ffffe7c5eecd
ffffe8be03f8
ffffe9b61923
ffffeaae2e4e
ffffeba64379
ffffec9e58a4
ffffed966dcf
ffffee8e82fa
ffffef869825
fffff07ead50
fffff176c27b
fffff26ed7a6
fffff366ecd1
fffff45f01fc
fffff5571727
fffff64f2c52
fffff747417d
fffff83f56a8
fffff9376bd3
fffffa2f80fe
fffffb279629
fffffc1fab54
fffffd17c07f
fffffe0fd5aa
ffffff07ead5
000000000000
000000f8152b
000001f02a56
000002e83f81
000003e054ac
000004d869d7
000005d07f02
000006c8942d
000007c0a958
000008b8be83
000009b0d3ae
00000aa8e8d9
00000ba0fe04
00000c99132f
00000d91285a
00000e893d85
00000f8152b0
0000107967db
000011717d06
000012699231
00001361a75c
00001459bc87
00001551d1b2
00001649e6dd
00001741fc08
0000183a1133
00001932265e
00001a2a3b89
00001b2250b4
00001c1a65df
00001d127b0a
00001e0a9035
00001f02a560
00001ffaba8b
000020f2cfb6
000021eae4e1
000022e2fa0c
000023db0f37
000024d32462
000025cb398d
000026c34eb8
000027bb63e3
000028b3790e
000029ab8e39
00002aa3a364
00002b9bb88f
00002c93cdba
00002d8be2e5
00002e83f810
00002f7c0d3b
000030742266
0000316c3791
000032644cbc
0000335c61e7
000034547712
0000354c8c3d
00003644a168
0000373cb693
00003834cbbe
0000392ce0e9
00003a24f614
00003b1d0b3f
00003c15206a
00003d0d3595
00003e054ac0
00003efd5feb
00003ff57516
000040ed8a41
000041e59f6c
000042ddb497
000043d5c9c2
000044cddeed
000045c5f418
000046be0943
000047b61e6e
000048ae3399
000049a648c4
00004a9e5def
00004b96731a
00004c8e8845
00004d869d70
00004e7eb29b
00004f76c7c6
0000506edcf1
00005166f21c
0000525f0747
000053571c72
0000544f319d
0000554746c8
0000563f5bf3
00005737711e
0000582f8649
000059279b74
00005a1fb09f
00005b17c5ca
00005c0fdaf5
00005d07f020
00005e00054b
00005ef81a76
00005ff02fa1
000060e844cc
000061e059f7
000062d86f22
000063d0844d
000064c89978
000065c0aea3
000066b8c3ce
000067b0d8f9
000068a8ee24
000069a1034f
00006a99187a
00006b912da5
00006c8942d0
00006d8157fb
00006e796d26
00006f718251
00007069977c
00007161aca7
00007259c1d2
00007351d6fd
00007449ec28
000075420153
0000763a167e
000077322ba9
0000782a40d4
0000792255ff
00007a1a6b2a
00007b128055
ffff83f56a80
ffff84ed7fab
ffff85e594d6
ffff86ddaa01
ffff87d5bf2c
ffff88cdd457
ffff89c5e982
ffff8abdfead
ffff8bb613d8
ffff8cae2903
ffff8da63e2e
ffff8e9e5359
ffff8f966884
ffff908e7daf
ffff918692da
ffff927ea805
ffff9376bd30
ffff946ed25b
ffff9566e786
ffff965efcb1
ffff975711dc
ffff984f2707
ffff99473c32
ffff9a3f515d
ffff9b376688
ffff9c2f7bb3
ffff9d2790de
ffff9e1fa609
ffff9f17bb34
ffffa00fd05f
ffffa107e58a
ffffa1fffab5
ffffa2f80fe0
ffffa3f0250b
ffffa4e83a36
ffffa5e04f61
ffffa6d8648c
ffffa7d079b7
ffffa8c88ee2
ffffa9c0a40d
ffffaab8b938
ffffabb0ce63
ffffaca8e38e
ffffada0f8b9
ffffae990de4
ffffaf91230f
ffffb089383a
ffffb1814d65
ffffb2796290
ffffb37177bb
ffffb4698ce6
ffffb561a211
ffffb659b73c
ffffb751cc67
ffffb849e192
ffffb941f6bd
ffffba3a0be8
ffffbb322113
ffffbc2a363e
ffffbd224b69
ffffbe1a6094
ffffbf1275bf
ffffc00a8aea
ffffc102a015
ffffc1fab540
ffffc2f2ca6b
ffffc3eadf96
ffffc4e2f4c1
ffffc5db09ec
ffffc6d31f17
ffffc7cb3442
ffffc8c3496d
ffffc9bb5e98
ffffcab373c3
ffffcbab88ee
ffffcca39e19
ffffcd9bb344
ffffce93c86f
ffffcf8bdd9a
ffffd083f2c5
ffffd17c07f0
ffffd2741d1b
ffffd36c3246
ffffd4644771
ffffd55c5c9c
ffffd65471c7
ffffd74c86f2
ffffd8449c1d
ffffd93cb148
ffffda34c673
ffffdb2cdb9e
ffffdc24f0c9
ffffdd1d05f4
ffffde151b1f
ffffdf0d304a
ffffe0054575
ffffe0fd5aa0
ffffe1f56fcb
ffffe2ed84f6
ffffe3e59a21
ffffe4ddaf4c
ffffe5d5c477
ffffe6cdd9a2
ffffe7c5eecd
ffffe8be03f8
ffffe9b61923
ffffeaae2e4e
ffffeba64379
ffffec9e58a4
ffffed966dcf
ffffee8e82fa
ffffef869825
fffff07ead50
fffff176c27b
fffff26ed7a6
fffff366ecd1
fffff45f01fc
fffff5571727
fffff64f2c52
fffff747417d
fffff83f56a8
fffff9376bd3
fffffa2f80fe
fffffb279629
fffffc1fab54
fffffd17c07f
fffffe0fd5aa
ffffff07ead5
000000000000
000000cebc4e
0000019d789c
0000026c34ea
0000033af138
00000409ad86
000004d869d4
000005a72622
00000675e270
000007449ebe
000008135b0c
000008e2175a
000009b0d3a8
00000a7f8ff6
00000b4e4c44
00000c1d0892
00000cebc4e0
00000dba812e
00000e893d7c
00000f57f9ca
00001026b618
000010f57266
000011c42eb4
00001292eb02
00001361a750
00001430639e
000014ff1fec
000015cddc3a
0000169c9888
0000176b54d6
0000183a1124
00001908cd72
000019d789c0
00001aa6460e
00001b75025c
00001c43beaa
00001d127af8
00001de13746
00001eaff394
00001f7eafe2
0000204d6c30
0000211c287e
000021eae4cc
000022b9a11a
000023885d68
0000245719b6
00002525d604
000025f49252
000026c34ea0
000027920aee
00002860c73c
0000292f838a
000029fe3fd8
00002accfc26
00002b9bb874
00002c6a74c2
00002d393110
00002e07ed5e
00002ed6a9ac
00002fa565fa
000030742248
00003142de96
000032119ae4
000032e05732
000033af1380
0000347dcfce
0000354c8c1c
0000361b486a
000036ea04b8
000037b8c106
000038877d54
0000395639a2
00003a24f5f0
00003af3b23e
00003bc26e8c
00003c912ada
00003d5fe728
00003e2ea376
00003efd5fc4
00003fcc1c12
0000409ad860
0000416994ae
0000423850fc
000043070d4a
000043d5c998
000044a485e6
000045734234
00004641fe82
00004710bad0
000047df771e
000048ae336c
0000497cefba
00004a4bac08
00004b1a6856
00004be924a4
00004cb7e0f2
00004d869d40
00004e55598e
00004f2415dc
00004ff2d22a
000050c18e78
000051904ac6
0000525f0714
0000532dc362
000053fc7fb0
000054cb3bfe
00005599f84c
00005668b49a
0000573770e8
000058062d36
000058d4e984
000059a3a5d2
00005a726220
00005b411e6e
00005c0fdabc
00005cde970a
00005dad5358
00005e7c0fa6
00005f4acbf4
000060198842
000060e84490
000061b700de
00006285bd2c
00006354797a
0000642335c8
000064f1f216
000065c0ae64
0000668f6ab2
ffff98a1d900
ffff9970954e
ffff9a3f519c
ffff9b0e0dea
ffff9bdcca38
ffff9cab8686
ffff9d7a42d4
ffff9e48ff22
ffff9f17bb70
ffff9fe677be
ffffa0b5340c
ffffa183f05a
ffffa252aca8
ffffa32168f6
ffffa3f02544
ffffa4bee192
ffffa58d9de0
ffffa65c5a2e
ffffa72b167c
ffffa7f9d2ca
ffffa8c88f18
ffffa9974b66
ffffaa6607b4
ffffab34c402
ffffac038050
ffffacd23c9e
ffffada0f8ec
ffffae6fb53a
ffffaf3e7188
ffffb00d2dd6
ffffb0dbea24
ffffb1aaa672
ffffb27962c0
ffffb3481f0e
ffffb416db5c
ffffb4e597aa
ffffb5b453f8
ffffb6831046
ffffb751cc94
ffffb82088e2
ffffb8ef4530
ffffb9be017e
ffffba8cbdcc
ffffbb5b7a1a
ffffbc2a3668
ffffbcf8f2b6
ffffbdc7af04
ffffbe966b52
ffffbf6527a0
ffffc033e3ee
ffffc102a03c
ffffc1d15c8a
ffffc2a018d8
ffffc36ed526
ffffc43d9174
ffffc50c4dc2
ffffc5db0a10
ffffc6a9c65e
ffffc77882ac
ffffc8473efa
ffffc915fb48
ffffc9e4b796
ffffcab373e4
ffffcb823032
ffffcc50ec80
ffffcd1fa8ce
ffffcdee651c
ffffcebd216a
ffffcf8bddb8
ffffd05a9a06
ffffd1295654
ffffd1f812a2
ffffd2c6cef0
ffffd3958b3e
ffffd464478c
ffffd53303da
ffffd601c028
ffffd6d07c76
ffffd79f38c4
ffffd86df512
ffffd93cb160
ffffda0b6dae
ffffdada29fc
ffffdba8e64a
ffffdc77a298
ffffdd465ee6
ffffde151b34
ffffdee3d782
ffffdfb293d0
ffffe081501e
ffffe1500c6c
ffffe21ec8ba
ffffe2ed8508
ffffe3bc4156
ffffe48afda4
ffffe559b9f2
ffffe6287640
ffffe6f7328e
ffffe7c5eedc
ffffe894ab2a
ffffe9636778
ffffea3223c6
ffffeb00e014
ffffebcf9c62
ffffec9e58b0
ffffed6d14fe
ffffee3bd14c
ffffef0a8d9a
ffffefd949e8
fffff0a80636
fffff176c284
fffff2457ed2
fffff3143b20
fffff3e2f76e
fffff4b1b3bc
fffff580700a
fffff64f2c58
fffff71de8a6
fffff7eca4f4
fffff8bb6142
fffff98a1d90
fffffa58d9de
fffffb27962c
fffffbf6527a
fffffcc50ec8
fffffd93cb16
fffffe628764
ffffff3143b2
000000000000
000000f8152b
000001f02a56
000002e83f81
000003e054ac
000004d869d7
000005d07f02
000006c8942d
000007c0a958
000008b8be83
000009b0d3ae
00000aa8e8d9
00000ba0fe04
00000c99132f
00000d91285a
00000e893d85
00000f8152b0
0000107967db
000011717d06
000012699231
00001361a75c
00001459bc87
00001551d1b2
00001649e6dd
00001741fc08
0000183a1133
00001932265e
00001a2a3b89
00001b2250b4
00001c1a65df
00001d127b0a
00001e0a9035
00001f02a560
00001ffaba8b
000020f2cfb6
000021eae4e1
000022e2fa0c
000023db0f37
000024d32462
000025cb398d
000026c34eb8
000027bb63e3
000028b3790e
000029ab8e39
00002aa3a364
00002b9bb88f
00002c93cdba
00002d8be2e5
00002e83f810
00002f7c0d3b
000030742266
0000316c3791
000032644cbc
0000335c61e7
000034547712
0000354c8c3d
00003644a168
0000373cb693
00003834cbbe
0000392ce0e9
00003a24f614
00003b1d0b3f
00003c15206a
00003d0d3595
00003e054ac0
00003efd5feb
00003ff57516
000040ed8a41
000041e59f6c
000042ddb497
000043d5c9c2
000044cddeed
000045c5f418
000046be0943
000047b61e6e
000048ae3399
000049a648c4
00004a9e5def
00004b96731a
00004c8e8845
00004d869d70
00004e7eb29b
00004f76c7c6
0000506edcf1
00005166f21c
0000525f0747
000053571c72
0000544f319d
0000554746c8
0000563f5bf3
00005737711e
0000582f8649
000059279b74
00005a1fb09f
00005b17c5ca
00005c0fdaf5
00005d07f020
00005e00054b
00005ef81a76
00005ff02fa1
000060e844cc
000061e059f7
000062d86f22
000063d0844d
000064c89978
000065c0aea3
000066b8c3ce
000067b0d8f9
000068a8ee24
000069a1034f
00006a99187a
00006b912da5
00006c8942d0
00006d8157fb
00006e796d26
00006f718251
00007069977c
00007161aca7
00007259c1d2
00007351d6fd
00007449ec28
000075420153
0000763a167e
000077322ba9
0000782a40d4
0000792255ff
00007a1a6b2a
00007b128055
ffff83f56a80
ffff84ed7fab
ffff85e594d6
ffff86ddaa01
ffff87d5bf2c
ffff88cdd457
ffff89c5e982
ffff8abdfead
ffff8bb613d8
ffff8cae2903
ffff8da63e2e
ffff8e9e5359
ffff8f966884
ffff908e7daf
ffff918692da
ffff927ea805
ffff9376bd30
ffff946ed25b
ffff9566e786
ffff965efcb1
ffff975711dc
ffff984f2707
ffff99473c32
ffff9a3f515d
ffff9b376688
ffff9c2f7bb3
ffff9d2790de
ffff9e1fa609
ffff9f17bb34
ffffa00fd05f
ffffa107e58a
ffffa1fffab5
ffffa2f80fe0
ffffa3f0250b
ffffa4e83a36
ffffa5e04f61
ffffa6d8648c
ffffa7d079b7
ffffa8c88ee2
ffffa9c0a40d
ffffaab8b938
ffffabb0ce63
ffffaca8e38e
ffffada0f8b9
ffffae990de4
ffffaf91230f
ffffb089383a
ffffb1814d65
ffffb2796290
ffffb37177bb
ffffb4698ce6
ffffb561a211
ffffb659b73c
ffffb751cc67
ffffb849e192
ffffb941f6bd
ffffba3a0be8
ffffbb322113
ffffbc2a363e
ffffbd224b69
ffffbe1a6094
ffffbf1275bf
ffffc00a8aea
ffffc102a015
ffffc1fab540
ffffc2f2ca6b
ffffc3eadf96
ffffc4e2f4c1
ffffc5db09ec
ffffc6d31f17
ffffc7cb3442
ffffc8c3496d
ffffc9bb5e98
ffffcab373c3
ffffcbab88ee
ffffcca39e19
ffffcd9bb344
ffffce93c86f
ffffcf8bdd9a
ffffd083f2c5
ffffd17c07f0
ffffd2741d1b
ffffd36c3246
ffffd4644771
ffffd55c5c9c
ffffd65471c7
ffffd74c86f2
ffffd8449c1d
ffffd93cb148
ffffda34c673
ffffdb2cdb9e
ffffdc24f0c9
ffffdd1d05f4
ffffde151b1f
ffffdf0d304a
ffffe0054575
ffffe0fd5aa0
ffffe1f56fcb
ffffe2ed84f6
ffffe3e59a21
ffffe4ddaf4c
ffffe5d5c477
ffffe6cdd9a2
ffffe7c5eecd
ffffe8be03f8
ffffe9b61923
ffffeaae2e4e
ffffeba64379
ffffec9e58a4
ffffed966dcf
ffffee8e82fa
ffffef869825
fffff07ead50
fffff176c27b
fffff26ed7a6
fffff366ecd1
fffff45f01fc
fffff5571727
fffff64f2c52
fffff747417d
fffff83f56a8
fffff9376bd3
fffffa2f80fe
fffffb279629
fffffc1fab54
fffffd17c07f
fffffe0fd5aa
ffffff07ead5
000000000000
000000cebc4e
0000019d789c
0000026c34ea
0000033af138
00000409ad86
000004d869d4
000005a72622
00000675e270
000007449ebe
000008135b0c
000008e2175a
000009b0d3a8
00000a7f8ff6
00000b4e4c44
00000c1d0892
00000cebc4e0
00000dba812e
00000e893d7c
00000f57f9ca
00001026b618
000010f57266
000011c42eb4
00001292eb02
00001361a750
00001430639e
000014ff1fec
000015cddc3a
0000169c9888
0000176b54d6
0000183a1124
00001908cd72
000019d789c0
00001aa6460e
00001b75025c
00001c43beaa
00001d127af8
00001de13746
00001eaff394
00001f7eafe2
0000204d6c30
0000211c287e
000021eae4cc
000022b9a11a
000023885d68
0000245719b6
00002525d604
000025f49252
000026c34ea0
000027920aee
00002860c73c
0000292f838a
000029fe3fd8
00002accfc26
00002b9bb874
00002c6a74c2
00002d393110
00002e07ed5e
00002ed6a9ac
00002fa565fa
000030742248
00003142de96
000032119ae4
000032e05732
000033af1380
0000347dcfce
0000354c8c1c
0000361b486a
000036ea04b8
000037b8c106
000038877d54
0000395639a2
00003a24f5f0
00003af3b23e
00003bc26e8c
00003c912ada
00003d5fe728
00003e2ea376
00003efd5fc4
00003fcc1c12
0000409ad860
0000416994ae
0000423850fc
000043070d4a
000043d5c998
000044a485e6
000045734234
00004641fe82
00004710bad0
000047df771e
000048ae336c
0000497cefba
00004a4bac08
00004b1a6856
00004be924a4
00004cb7e0f2
00004d869d40
00004e55598e
00004f2415dc
00004ff2d22a
000050c18e78
000051904ac6
0000525f0714
0000532dc362
000053fc7fb0
000054cb3bfe
00005599f84c
00005668b49a
0000573770e8
000058062d36
000058d4e984
000059a3a5d2
00005a726220
00005b411e6e
00005c0fdabc
00005cde970a
00005dad5358
00005e7c0fa6
00005f4acbf4
000060198842
000060e84490
000061b700de
00006285bd2c
00006354797a
0000642335c8
000064f1f216
000065c0ae64
0000668f6ab2
ffff98a1d900
ffff9970954e
ffff9a3f519c
ffff9b0e0dea
ffff9bdcca38
ffff9cab8686
ffff9d7a42d4
ffff9e48ff22
ffff9f17bb70
ffff9fe677be
ffffa0b5340c
ffffa183f05a
ffffa252aca8
ffffa32168f6
ffffa3f02544
ffffa4bee192
ffffa58d9de0
ffffa65c5a2e
ffffa72b167c
ffffa7f9d2ca
ffffa8c88f18
ffffa9974b66
ffffaa6607b4
ffffab34c402
ffffac038050
ffffacd23c9e
ffffada0f8ec
ffffae6fb53a
ffffaf3e7188
ffffb00d2dd6
ffffb0dbea24
ffffb1aaa672
ffffb27962c0
ffffb3481f0e
ffffb416db5c
ffffb4e597aa
ffffb5b453f8
ffffb6831046
ffffb751cc94
ffffb82088e2
ffffb8ef4530
ffffb9be017e
ffffba8cbdcc
ffffbb5b7a1a
ffffbc2a3668
ffffbcf8f2b6
ffffbdc7af04
ffffbe966b52
ffffbf6527a0
ffffc033e3ee
ffffc102a03c
ffffc1d15c8a
ffffc2a018d8
ffffc36ed526
ffffc43d9174
ffffc50c4dc2
ffffc5db0a10
ffffc6a9c65e
ffffc77882ac
ffffc8473efa
ffffc915fb48
ffffc9e4b796
ffffcab373e4
ffffcb823032
ffffcc50ec80
ffffcd1fa8ce
ffffcdee651c
ffffcebd216a
ffffcf8bddb8
ffffd05a9a06
ffffd1295654
ffffd1f812a2
ffffd2c6cef0
ffffd3958b3e
ffffd464478c
ffffd53303da
ffffd601c028
ffffd6d07c76
ffffd79f38c4
ffffd86df512
ffffd93cb160
ffffda0b6dae
ffffdada29fc
ffffdba8e64a
ffffdc77a298
ffffdd465ee6
ffffde151b34
ffffdee3d782
ffffdfb293d0
ffffe081501e
ffffe1500c6c
ffffe21ec8ba
ffffe2ed8508
ffffe3bc4156
ffffe48afda4
ffffe559b9f2
ffffe6287640
ffffe6f7328e
ffffe7c5eedc
ffffe894ab2a
ffffe9636778
ffffea3223c6
ffffeb00e014
ffffebcf9c62
ffffec9e58b0
ffffed6d14fe
ffffee3bd14c
ffffef0a8d9a
ffffefd949e8
fffff0a80636
fffff176c284
fffff2457ed2
fffff3143b20
fffff3e2f76e
fffff4b1b3bc
fffff580700a
fffff64f2c58
fffff71de8a6
fffff7eca4f4
fffff8bb6142
fffff98a1d90
fffffa58d9de
fffffb27962c
fffffbf6527a
fffffcc50ec8
fffffd93cb16
fffffe628764
ffffff3143b2
000000000000
000000cebc4e
0000019d789c
0000026c34ea
0000033af138
00000409ad86
000004d869d4
000005a72622
00000675e270
000007449ebe
000008135b0c
000008e2175a
000009b0d3a8
00000a7f8ff6
00000b4e4c44
00000c1d0892
00000cebc4e0
00000dba812e
00000e893d7c
00000f57f9ca
00001026b618
000010f57266
000011c42eb4
00001292eb02
00001361a750
00001430639e
000014ff1fec
000015cddc3a
0000169c9888
0000176b54d6
0000183a1124
00001908cd72
000019d789c0
00001aa6460e
00001b75025c
00001c43beaa
00001d127af8
00001de13746
00001eaff394
00001f7eafe2
0000204d6c30
0000211c287e
000021eae4cc
000022b9a11a
000023885d68
0000245719b6
00002525d604
000025f49252
000026c34ea0
000027920aee
00002860c73c
0000292f838a
000029fe3fd8
00002accfc26
00002b9bb874
00002c6a74c2
00002d393110
00002e07ed5e
00002ed6a9ac
00002fa565fa
000030742248
00003142de96
000032119ae4
000032e05732
000033af1380
0000347dcfce
0000354c8c1c
0000361b486a
000036ea04b8
000037b8c106
000038877d54
0000395639a2
00003a24f5f0
00003af3b23e
00003bc26e8c
00003c912ada
00003d5fe728
00003e2ea376
00003efd5fc4
00003fcc1c12
0000409ad860
0000416994ae
0000423850fc
000043070d4a
000043d5c998
000044a485e6
000045734234
00004641fe82
00004710bad0
000047df771e
000048ae336c
0000497cefba
00004a4bac08
00004b1a6856
00004be924a4
00004cb7e0f2
00004d869d40
00004e55598e
00004f2415dc
00004ff2d22a
000050c18e78
000051904ac6
0000525f0714
0000532dc362
000053fc7fb0
000054cb3bfe
00005599f84c
00005668b49a
0000573770e8
000058062d36
000058d4e984
000059a3a5d2
00005a726220
00005b411e6e
00005c0fdabc
00005cde970a
00005dad5358
00005e7c0fa6
00005f4acbf4
000060198842
000060e84490
000061b700de
00006285bd2c
00006354797a
0000642335c8
000064f1f216
000065c0ae64
0000668f6ab2
ffff98a1d900
ffff9970954e
ffff9a3f519c
ffff9b0e0dea
ffff9bdcca38
ffff9cab8686
ffff9d7a42d4
ffff9e48ff22
ffff9f17bb70
ffff9fe677be
ffffa0b5340c
ffffa183f05a
ffffa252aca8
ffffa32168f6
ffffa3f02544
ffffa4bee192
ffffa58d9de0
ffffa65c5a2e
ffffa72b167c
ffffa7f9d2ca
ffffa8c88f18
ffffa9974b66
ffffaa6607b4
ffffab34c402
ffffac038050
ffffacd23c9e
ffffada0f8ec
ffffae6fb53a
ffffaf3e7188
ffffb00d2dd6
ffffb0dbea24
ffffb1aaa672
ffffb27962c0
ffffb3481f0e
ffffb416db5c
ffffb4e597aa
ffffb5b453f8
ffffb6831046
ffffb751cc94
ffffb82088e2
ffffb8ef4530
ffffb9be017e
ffffba8cbdcc
ffffbb5b7a1a
ffffbc2a3668
ffffbcf8f2b6
ffffbdc7af04
ffffbe966b52
ffffbf6527a0
ffffc033e3ee
ffffc102a03c
ffffc1d15c8a
ffffc2a018d8
ffffc36ed526
ffffc43d9174
ffffc50c4dc2
ffffc5db0a10
ffffc6a9c65e
ffffc77882ac
ffffc8473efa
ffffc915fb48
ffffc9e4b796
ffffcab373e4
ffffcb823032
ffffcc50ec80
ffffcd1fa8ce
ffffcdee651c
ffffcebd216a
ffffcf8bddb8
ffffd05a9a06
ffffd1295654
ffffd1f812a2
ffffd2c6cef0
ffffd3958b3e
ffffd464478c
ffffd53303da
ffffd601c028
ffffd6d07c76
ffffd79f38c4
ffffd86df512
ffffd93cb160
ffffda0b6dae
ffffdada29fc
ffffdba8e64a
ffffdc77a298
ffffdd465ee6
ffffde151b34
ffffdee3d782
ffffdfb293d0
ffffe081501e
ffffe1500c6c
ffffe21ec8ba
ffffe2ed8508
ffffe3bc4156
ffffe48afda4
ffffe559b9f2
ffffe6287640
ffffe6f7328e
ffffe7c5eedc
ffffe894ab2a
ffffe9636778
ffffea3223c6
ffffeb00e014
ffffebcf9c62
ffffec9e58b0
ffffed6d14fe
ffffee3bd14c
ffffef0a8d9a
ffffefd949e8
fffff0a80636
fffff176c284
fffff2457ed2
fffff3143b20
fffff3e2f76e
fffff4b1b3bc
fffff580700a
fffff64f2c58
fffff71de8a6
fffff7eca4f4
fffff8bb6142
fffff98a1d90
fffffa58d9de
fffffb27962c
fffffbf6527a
fffffcc50ec8
fffffd93cb16
fffffe628764
ffffff3143b2
000000000000
000000f8152b
000001f02a56
000002e83f81
000003e054ac
000004d869d7
000005d07f02
000006c8942d
000007c0a958
000008b8be83
000009b0d3ae
00000aa8e8d9
00000ba0fe04
00000c99132f
00000d91285a
00000e893d85
00000f8152b0
0000107967db
000011717d06
000012699231
00001361a75c
00001459bc87
00001551d1b2
00001649e6dd
00001741fc08
0000183a1133
00001932265e
00001a2a3b89
00001b2250b4
00001c1a65df
00001d127b0a
00001e0a9035
00001f02a560
00001ffaba8b
000020f2cfb6
000021eae4e1
000022e2fa0c
000023db0f37
000024d32462
000025cb398d
000026c34eb8
000027bb63e3
000028b3790e
000029ab8e39
00002aa3a364
00002b9bb88f
00002c93cdba
00002d8be2e5
00002e83f810
00002f7c0d3b
000030742266
0000316c3791
000032644cbc
0000335c61e7
000034547712
0000354c8c3d
00003644a168
0000373cb693
00003834cbbe
0000392ce0e9
00003a24f614
00003b1d0b3f
00003c15206a
00003d0d3595
00003e054ac0
00003efd5feb
00003ff57516
000040ed8a41
000041e59f6c
000042ddb497
000043d5c9c2
000044cddeed
000045c5f418
000046be0943
000047b61e6e
000048ae3399
000049a648c4
00004a9e5def
00004b96731a
00004c8e8845
00004d869d70
00004e7eb29b
00004f76c7c6
0000506edcf1
00005166f21c
0000525f0747
000053571c72
0000544f319d
0000554746c8
0000563f5bf3
00005737711e
0000582f8649
000059279b74
00005a1fb09f
00005b17c5ca
00005c0fdaf5
00005d07f020
00005e00054b
00005ef81a76
00005ff02fa1
000060e844cc
000061e059f7
000062d86f22
000063d0844d
000064c89978
000065c0aea3
000066b8c3ce
000067b0d8f9
000068a8ee24
000069a1034f
00006a99187a
00006b912da5
00006c8942d0
00006d8157fb
00006e796d26
00006f718251
00007069977c
00007161aca7
00007259c1d2
00007351d6fd
00007449ec28
000075420153
0000763a167e
000077322ba9
0000782a40d4
0000792255ff
00007a1a6b2a
00007b128055
ffff83f56a80
ffff84ed7fab
ffff85e594d6
ffff86ddaa01
ffff87d5bf2c
ffff88cdd457
ffff89c5e982
ffff8abdfead
ffff8bb613d8
ffff8cae2903
ffff8da63e2e
ffff8e9e5359
ffff8f966884
ffff908e7daf
ffff918692da
ffff927ea805
ffff9376bd30
ffff946ed25b
ffff9566e786
ffff965efcb1
ffff975711dc
ffff984f2707
ffff99473c32
ffff9a3f515d
ffff9b376688
ffff9c2f7bb3
ffff9d2790de
ffff9e1fa609
ffff9f17bb34
ffffa00fd05f
ffffa107e58a
ffffa1fffab5
ffffa2f80fe0
ffffa3f0250b
ffffa4e83a36
ffffa5e04f61
ffffa6d8648c
ffffa7d079b7
ffffa8c88ee2
ffffa9c0a40d
ffffaab8b938
ffffabb0ce63
ffffaca8e38e
ffffada0f8b9
ffffae990de4
ffffaf91230f
ffffb089383a
ffffb1814d65
ffffb2796290
ffffb37177bb
ffffb4698ce6
ffffb561a211
ffffb659b73c
ffffb751cc67
ffffb849e192
ffffb941f6bd
ffffba3a0be8
ffffbb322113
ffffbc2a363e
ffffbd224b69
ffffbe1a6094
ffffbf1275bf
ffffc00a8aea
ffffc102a015
ffffc1fab540
ffffc2f2ca6b
ffffc3eadf96
ffffc4e2f4c1
ffffc5db09ec
ffffc6d31f17
ffffc7cb3442
ffffc8c3496d
ffffc9bb5e98
ffffcab373c3
ffffcbab88ee
ffffcca39e19
ffffcd9bb344
ffffce93c86f
ffffcf8bdd9a
ffffd083f2c5
ffffd17c07f0
ffffd2741d1b
ffffd36c3246
ffffd4644771
ffffd55c5c9c
ffffd65471c7
ffffd74c86f2
ffffd8449c1d
ffffd93cb148
ffffda34c673
ffffdb2cdb9e
ffffdc24f0c9
ffffdd1d05f4
ffffde151b1f
ffffdf0d304a
ffffe0054575
ffffe0fd5aa0
ffffe1f56fcb
ffffe2ed84f6
ffffe3e59a21
ffffe4ddaf4c
ffffe5d5c477
ffffe6cdd9a2
ffffe7c5eecd
ffffe8be03f8
ffffe9b61923
ffffeaae2e4e
ffffeba64379
ffffec9e58a4
ffffed966dcf
ffffee8e82fa
ffffef869825
fffff07ead50
fffff176c27b
fffff26ed7a6
fffff366ecd1
fffff45f01fc
fffff5571727
fffff64f2c52
fffff747417d
fffff83f56a8
fffff9376bd3
fffffa2f80fe
fffffb279629
fffffc1fab54
fffffd17c07f
fffffe0fd5aa
ffffff07ead5
000000000000
000000f8152b
000001f02a56
000002e83f81
000003e054ac
000004d869d7
000005d07f02
000006c8942d
000007c0a958
000008b8be83
000009b0d3ae
00000aa8e8d9
00000ba0fe04
00000c99132f
00000d91285a
00000e893d85
00000f8152b0
0000107967db
000011717d06
000012699231
00001361a75c
00001459bc87
00001551d1b2
00001649e6dd
00001741fc08
0000183a1133
00001932265e
00001a2a3b89
00001b2250b4
00001c1a65df
00001d127b0a
00001e0a9035
00001f02a560
00001ffaba8b
000020f2cfb6
000021eae4e1
000022e2fa0c
000023db0f37
000024d32462
000025cb398d
000026c34eb8
000027bb63e3
000028b3790e
000029ab8e39
00002aa3a364
00002b9bb88f
00002c93cdba
00002d8be2e5
00002e83f810
00002f7c0d3b
000030742266
0000316c3791
000032644cbc
0000335c61e7
000034547712
0000354c8c3d
00003644a168
0000373cb693
00003834cbbe
0000392ce0e9
00003a24f614
00003b1d0b3f
00003c15206a
00003d0d3595
00003e054ac0
00003efd5feb
00003ff57516
000040ed8a41
000041e59f6c
000042ddb497
000043d5c9c2
000044cddeed
000045c5f418
000046be0943
000047b61e6e
000048ae3399
000049a648c4
00004a9e5def
00004b96731a
00004c8e8845
00004d869d70
00004e7eb29b
00004f76c7c6
0000506edcf1
00005166f21c
0000525f0747
000053571c72
0000544f319d
0000554746c8
0000563f5bf3
00005737711e
0000582f8649
000059279b74
00005a1fb09f
00005b17c5ca
00005c0fdaf5
00005d07f020
00005e00054b
00005ef81a76
00005ff02fa1
000060e844cc
000061e059f7
000062d86f22
000063d0844d
000064c89978
000065c0aea3
000066b8c3ce
000067b0d8f9
000068a8ee24
000069a1034f
00006a99187a
00006b912da5
00006c8942d0
00006d8157fb
00006e796d26
00006f718251
00007069977c
00007161aca7
00007259c1d2
00007351d6fd
00007449ec28
000075420153
0000763a167e
000077322ba9
0000782a40d4
0000792255ff
00007a1a6b2a
00007b128055
ffff83f56a80
ffff84ed7fab
ffff85e594d6
ffff86ddaa01
ffff87d5bf2c
ffff88cdd457
ffff89c5e982
ffff8abdfead
ffff8bb613d8
ffff8cae2903
ffff8da63e2e
ffff8e9e5359
ffff8f966884
ffff908e7daf
ffff918692da
ffff927ea805
ffff9376bd30
ffff946ed25b
ffff9566e786
ffff965efcb1
ffff975711dc
ffff984f2707
ffff99473c32
ffff9a3f515d
ffff9b376688
ffff9c2f7bb3
ffff9d2790de
ffff9e1fa609
ffff9f17bb34
ffffa00fd05f
ffffa107e58a
ffffa1fffab5
ffffa2f80fe0
ffffa3f0250b
ffffa4e83a36
ffffa5e04f61
ffffa6d8648c
ffffa7d079b7
ffffa8c88ee2
ffffa9c0a40d
ffffaab8b938
ffffabb0ce63
ffffaca8e38e
ffffada0f8b9
ffffae990de4
ffffaf91230f
ffffb089383a
ffffb1814d65
ffffb2796290
ffffb37177bb
ffffb4698ce6
ffffb561a211
ffffb659b73c
ffffb751cc67
ffffb849e192
ffffb941f6bd
ffffba3a0be8
ffffbb322113
ffffbc2a363e
ffffbd224b69
ffffbe1a6094
ffffbf1275bf
ffffc00a8aea
ffffc102a015
ffffc1fab540
ffffc2f2ca6b
ffffc3eadf96
ffffc4e2f4c1
ffffc5db09ec
ffffc6d31f17
ffffc7cb3442
ffffc8c3496d
ffffc9bb5e98
ffffcab373c3
ffffcbab88ee
ffffcca39e19
ffffcd9bb344
ffffce93c86f
ffffcf8bdd9a
ffffd083f2c5
ffffd17c07f0
ffffd2741d1b
ffffd36c3246
ffffd4644771
ffffd55c5c9c
ffffd65471c7
ffffd74c86f2
ffffd8449c1d
ffffd93cb148
ffffda34c673
ffffdb2cdb9e
ffffdc24f0c9
ffffdd1d05f4
ffffde151b1f
ffffdf0d304a
ffffe0054575
ffffe0fd5aa0
ffffe1f56fcb
ffffe2ed84f6
ffffe3e59a21
ffffe4ddaf4c
ffffe5d5c477
ffffe6cdd9a2
ffffe7c5eecd
ffffe8be03f8
ffffe9b61923
ffffeaae2e4e
ffffeba64379
ffffec9e58a4
ffffed966dcf
ffffee8e82fa
ffffef869825
fffff07ead50
fffff176c27b
fffff26ed7a6
fffff366ecd1
fffff45f01fc
fffff5571727
fffff64f2c52
fffff747417d
fffff83f56a8
fffff9376bd3
fffffa2f80fe
fffffb279629
fffffc1fab54
fffffd17c07f
fffffe0fd5aa
ffffff07ead5
000000000000
000000f8152b
000001f02a56
000002e83f81
000003e054ac
000004d869d7
000005d07f02
000006c8942d
000007c0a958
000008b8be83
000009b0d3ae
00000aa8e8d9
00000ba0fe04
00000c99132f
00000d91285a
00000e893d85
00000f8152b0
0000107967db
000011717d06
000012699231
00001361a75c
00001459bc87
00001551d1b2
00001649e6dd
00001741fc08
0000183a1133
00001932265e
00001a2a3b89
00001b2250b4
00001c1a65df
00001d127b0a
00001e0a9035
00001f02a560
00001ffaba8b
000020f2cfb6
000021eae4e1
000022e2fa0c
000023db0f37
000024d32462
000025cb398d
000026c34eb8
000027bb63e3
000028b3790e
000029ab8e39
00002aa3a364
00002b9bb88f
00002c93cdba
00002d8be2e5
00002e83f810
00002f7c0d3b
000030742266
0000316c3791
000032644cbc
0000335c61e7
000034547712
0000354c8c3d
00003644a168
0000373cb693
00003834cbbe
0000392ce0e9
00003a24f614
00003b1d0b3f
00003c15206a
00003d0d3595
00003e054ac0
00003efd5feb
00003ff57516
000040ed8a41
000041e59f6c
000042ddb497
000043d5c9c2
000044cddeed
000045c5f418
000046be0943
000047b61e6e
000048ae3399
000049a648c4
00004a9e5def
00004b96731a
00004c8e8845
00004d869d70
00004e7eb29b
00004f76c7c6
0000506edcf1
00005166f21c
0000525f0747
000053571c72
0000544f319d
0000554746c8
0000563f5bf3
00005737711e
0000582f8649
000059279b74
00005a1fb09f
00005b17c5ca
00005c0fdaf5
00005d07f020
00005e00054b
00005ef81a76
00005ff02fa1
000060e844cc
000061e059f7
000062d86f22
000063d0844d
000064c89978
000065c0aea3
000066b8c3ce
000067b0d8f9
000068a8ee24
000069a1034f
00006a99187a
00006b912da5
00006c8942d0
00006d8157fb
00006e796d26
00006f718251
00007069977c
00007161aca7
00007259c1d2
00007351d6fd
00007449ec28
000075420153
0000763a167e
000077322ba9
0000782a40d4
0000792255ff
00007a1a6b2a
00007b128055
ffff83f56a80
ffff84ed7fab
ffff85e594d6
ffff86ddaa01
ffff87d5bf2c
ffff88cdd457
ffff89c5e982
ffff8abdfead
ffff8bb613d8
ffff8cae2903
ffff8da63e2e
ffff8e9e5359
ffff8f966884
ffff908e7daf
ffff918692da
ffff927ea805
ffff9376bd30
ffff946ed25b
ffff9566e786
ffff965efcb1
ffff975711dc
ffff984f2707
ffff99473c32
ffff9a3f515d
ffff9b376688
ffff9c2f7bb3
ffff9d2790de
ffff9e1fa609
ffff9f17bb34
ffffa00fd05f
ffffa107e58a
ffffa1fffab5
ffffa2f80fe0
ffffa3f0250b
ffffa4e83a36
ffffa5e04f61
ffffa6d8648c
ffffa7d079b7
ffffa8c88ee2
ffffa9c0a40d
ffffaab8b938
ffffabb0ce63
ffffaca8e38e
ffffada0f8b9
ffffae990de4
ffffaf91230f
ffffb089383a
ffffb1814d65
ffffb2796290
ffffb37177bb
ffffb4698ce6
ffffb561a211
ffffb659b73c
ffffb751cc67
ffffb849e192
ffffb941f6bd
ffffba3a0be8
ffffbb322113
ffffbc2a363e
ffffbd224b69
ffffbe1a6094
ffffbf1275bf
ffffc00a8aea
ffffc102a015
ffffc1fab540
ffffc2f2ca6b
ffffc3eadf96
ffffc4e2f4c1
ffffc5db09ec
ffffc6d31f17
ffffc7cb3442
ffffc8c3496d
ffffc9bb5e98
ffffcab373c3
ffffcbab88ee
ffffcca39e19
ffffcd9bb344
ffffce93c86f
ffffcf8bdd9a
ffffd083f2c5
ffffd17c07f0
ffffd2741d1b
ffffd36c3246
ffffd4644771
ffffd55c5c9c
ffffd65471c7
ffffd74c86f2
ffffd8449c1d
ffffd93cb148
ffffda34c673
ffffdb2cdb9e
ffffdc24f0c9
ffffdd1d05f4
ffffde151b1f
ffffdf0d304a
ffffe0054575
ffffe0fd5aa0
ffffe1f56fcb
ffffe2ed84f6
ffffe3e59a21
ffffe4ddaf4c
ffffe5d5c477
ffffe6cdd9a2
ffffe7c5eecd
ffffe8be03f8
ffffe9b61923
ffffeaae2e4e
ffffeba64379
ffffec9e58a4
ffffed966dcf
ffffee8e82fa
ffffef869825
fffff07ead50
fffff176c27b
fffff26ed7a6
fffff366ecd1
fffff45f01fc
fffff5571727
fffff64f2c52
fffff747417d
fffff83f56a8
fffff9376bd3
fffffa2f80fe
fffffb279629
fffffc1fab54
fffffd17c07f
fffffe0fd5aa
ffffff07ead5
000000000000
000000cebc4e
0000019d789c
0000026c34ea
0000033af138
00000409ad86
000004d869d4
000005a72622
00000675e270
000007449ebe
000008135b0c
000008e2175a
000009b0d3a8
00000a7f8ff6
00000b4e4c44
00000c1d0892
00000cebc4e0
00000dba812e
00000e893d7c
00000f57f9ca
00001026b618
000010f57266
000011c42eb4
00001292eb02
00001361a750
00001430639e
000014ff1fec
000015cddc3a
0000169c9888
0000176b54d6
0000183a1124
00001908cd72
000019d789c0
00001aa6460e
00001b75025c
00001c43beaa
00001d127af8
00001de13746
00001eaff394
00001f7eafe2
0000204d6c30
0000211c287e
000021eae4cc
000022b9a11a
000023885d68
0000245719b6
00002525d604
000025f49252
000026c34ea0
000027920aee
00002860c73c
0000292f838a
000029fe3fd8
00002accfc26
00002b9bb874
00002c6a74c2
00002d393110
00002e07ed5e
00002ed6a9ac
00002fa565fa
000030742248
00003142de96
000032119ae4
000032e05732
000033af1380
0000347dcfce
0000354c8c1c
0000361b486a
000036ea04b8
000037b8c106
000038877d54
0000395639a2
00003a24f5f0
00003af3b23e
00003bc26e8c
00003c912ada
00003d5fe728
00003e2ea376
00003efd5fc4
00003fcc1c12
0000409ad860
0000416994ae
0000423850fc
000043070d4a
000043d5c998
000044a485e6
000045734234
00004641fe82
00004710bad0
000047df771e
000048ae336c
0000497cefba
00004a4bac08
00004b1a6856
00004be924a4
00004cb7e0f2
00004d869d40
00004e55598e
00004f2415dc
00004ff2d22a
000050c18e78
000051904ac6
0000525f0714
0000532dc362
000053fc7fb0
000054cb3bfe
00005599f84c
00005668b49a
0000573770e8
000058062d36
000058d4e984
000059a3a5d2
00005a726220
00005b411e6e
00005c0fdabc
00005cde970a
00005dad5358
00005e7c0fa6
00005f4acbf4
000060198842
000060e84490
000061b700de
00006285bd2c
00006354797a
0000642335c8
000064f1f216
000065c0ae64
0000668f6ab2
ffff98a1d900
ffff9970954e
ffff9a3f519c
ffff9b0e0dea
ffff9bdcca38
ffff9cab8686
ffff9d7a42d4
ffff9e48ff22
ffff9f17bb70
ffff9fe677be
ffffa0b5340c
ffffa183f05a
ffffa252aca8
ffffa32168f6
ffffa3f02544
ffffa4bee192
ffffa58d9de0
ffffa65c5a2e
ffffa72b167c
ffffa7f9d2ca
ffffa8c88f18
ffffa9974b66
ffffaa6607b4
ffffab34c402
ffffac038050
ffffacd23c9e
ffffada0f8ec
ffffae6fb53a
ffffaf3e7188
ffffb00d2dd6
ffffb0dbea24
ffffb1aaa672
ffffb27962c0
ffffb3481f0e
ffffb416db5c
ffffb4e597aa
ffffb5b453f8
ffffb6831046
ffffb751cc94
ffffb82088e2
ffffb8ef4530
ffffb9be017e
ffffba8cbdcc
ffffbb5b7a1a
ffffbc2a3668
ffffbcf8f2b6
ffffbdc7af04
ffffbe966b52
ffffbf6527a0
ffffc033e3ee
ffffc102a03c
ffffc1d15c8a
ffffc2a018d8
ffffc36ed526
ffffc43d9174
ffffc50c4dc2
ffffc5db0a10
ffffc6a9c65e
ffffc77882ac
ffffc8473efa
ffffc915fb48
ffffc9e4b796
ffffcab373e4
ffffcb823032
ffffcc50ec80
ffffcd1fa8ce
ffffcdee651c
ffffcebd216a
ffffcf8bddb8
ffffd05a9a06
ffffd1295654
ffffd1f812a2
ffffd2c6cef0
ffffd3958b3e
ffffd464478c
ffffd53303da
ffffd601c028
ffffd6d07c76
ffffd79f38c4
ffffd86df512
ffffd93cb160
ffffda0b6dae
ffffdada29fc
ffffdba8e64a
ffffdc77a298
ffffdd465ee6
ffffde151b34
ffffdee3d782
ffffdfb293d0
ffffe081501e
ffffe1500c6c
ffffe21ec8ba
ffffe2ed8508
ffffe3bc4156
ffffe48afda4
ffffe559b9f2
ffffe6287640
ffffe6f7328e
ffffe7c5eedc
ffffe894ab2a
ffffe9636778
ffffea3223c6
ffffeb00e014
ffffebcf9c62
ffffec9e58b0
ffffed6d14fe
ffffee3bd14c
ffffef0a8d9a
ffffefd949e8
fffff0a80636
fffff176c284
fffff2457ed2
fffff3143b20
fffff3e2f76e
fffff4b1b3bc
fffff580700a
fffff64f2c58
fffff71de8a6
fffff7eca4f4
fffff8bb6142
fffff98a1d90
fffffa58d9de
fffffb27962c
fffffbf6527a
fffffcc50ec8
fffffd93cb16
fffffe628764
ffffff3143b2
000000000000
000000cebc4e
0000019d789c
0000026c34ea
0000033af138
00000409ad86
000004d869d4
000005a72622
00000675e270
000007449ebe
000008135b0c
000008e2175a
000009b0d3a8
00000a7f8ff6
00000b4e4c44
00000c1d0892
00000cebc4e0
00000dba812e
00000e893d7c
00000f57f9ca
00001026b618
000010f57266
000011c42eb4
00001292eb02
00001361a750
00001430639e
000014ff1fec
000015cddc3a
0000169c9888
0000176b54d6
0000183a1124
00001908cd72
000019d789c0
00001aa6460e
00001b75025c
00001c43beaa
00001d127af8
00001de13746
00001eaff394
00001f7eafe2
0000204d6c30
0000211c287e
000021eae4cc
000022b9a11a
000023885d68
0000245719b6
00002525d604
000025f49252
000026c34ea0
000027920aee
00002860c73c
0000292f838a
000029fe3fd8
00002accfc26
00002b9bb874
00002c6a74c2
00002d393110
00002e07ed5e
00002ed6a9ac
00002fa565fa
000030742248
00003142de96
000032119ae4
000032e05732
000033af1380
0000347dcfce
0000354c8c1c
0000361b486a
000036ea04b8
000037b8c106
000038877d54
0000395639a2
00003a24f5f0
00003af3b23e
00003bc26e8c
00003c912ada
00003d5fe728
00003e2ea376
00003efd5fc4
00003fcc1c12
0000409ad860
0000416994ae
0000423850fc
000043070d4a
000043d5c998
000044a485e6
000045734234
00004641fe82
00004710bad0
000047df771e
000048ae336c
0000497cefba
00004a4bac08
00004b1a6856
00004be924a4
00004cb7e0f2
00004d869d40
00004e55598e
00004f2415dc
00004ff2d22a
000050c18e78
000051904ac6
0000525f0714
0000532dc362
000053fc7fb0
000054cb3bfe
00005599f84c
00005668b49a
0000573770e8
000058062d36
000058d4e984
000059a3a5d2
00005a726220
00005b411e6e
00005c0fdabc
00005cde970a
00005dad5358
00005e7c0fa6
00005f4acbf4
000060198842
000060e84490
000061b700de
00006285bd2c
00006354797a
0000642335c8
000064f1f216
000065c0ae64
0000668f6ab2
ffff98a1d900
ffff9970954e
ffff9a3f519c
ffff9b0e0dea
ffff9bdcca38
ffff9cab8686
ffff9d7a42d4
ffff9e48ff22
ffff9f17bb70
ffff9fe677be
ffffa0b5340c
ffffa183f05a
ffffa252aca8
ffffa32168f6
ffffa3f02544
ffffa4bee192
ffffa58d9de0
ffffa65c5a2e
ffffa72b167c
ffffa7f9d2ca
ffffa8c88f18
ffffa9974b66
ffffaa6607b4
ffffab34c402
ffffac038050
ffffacd23c9e
ffffada0f8ec
ffffae6fb53a
ffffaf3e7188
ffffb00d2dd6
ffffb0dbea24
ffffb1aaa672
ffffb27962c0
ffffb3481f0e
ffffb416db5c
ffffb4e597aa
ffffb5b453f8
ffffb6831046
ffffb751cc94
ffffb82088e2
ffffb8ef4530
ffffb9be017e
ffffba8cbdcc
ffffbb5b7a1a
ffffbc2a3668
ffffbcf8f2b6
ffffbdc7af04
ffffbe966b52
ffffbf6527a0
ffffc033e3ee
ffffc102a03c
ffffc1d15c8a
ffffc2a018d8
ffffc36ed526
ffffc43d9174
ffffc50c4dc2
ffffc5db0a10
ffffc6a9c65e
ffffc77882ac
ffffc8473efa
ffffc915fb48
ffffc9e4b796
ffffcab373e4
ffffcb823032
ffffcc50ec80
ffffcd1fa8ce
ffffcdee651c
ffffcebd216a
ffffcf8bddb8
ffffd05a9a06
ffffd1295654
ffffd1f812a2
ffffd2c6cef0
ffffd3958b3e
ffffd464478c
ffffd53303da
ffffd601c028
ffffd6d07c76
ffffd79f38c4
ffffd86df512
ffffd93cb160
ffffda0b6dae
ffffdada29fc
ffffdba8e64a
ffffdc77a298
ffffdd465ee6
ffffde151b34
ffffdee3d782
ffffdfb293d0
ffffe081501e
ffffe1500c6c
ffffe21ec8ba
ffffe2ed8508
ffffe3bc4156
ffffe48afda4
ffffe559b9f2
ffffe6287640
ffffe6f7328e
ffffe7c5eedc
ffffe894ab2a
ffffe9636778
ffffea3223c6
ffffeb00e014
ffffebcf9c62
ffffec9e58b0
ffffed6d14fe
ffffee3bd14c
ffffef0a8d9a
ffffefd949e8
fffff0a80636
fffff176c284
fffff2457ed2
fffff3143b20
fffff3e2f76e
fffff4b1b3bc
fffff580700a
fffff64f2c58
fffff71de8a6
fffff7eca4f4
fffff8bb6142
fffff98a1d90
fffffa58d9de
fffffb27962c
fffffbf6527a
fffffcc50ec8
fffffd93cb16
fffffe628764
ffffff3143b2
000000000000
000000f8152b
000001f02a56
000002e83f81
000003e054ac
000004d869d7
000005d07f02
000006c8942d
000007c0a958
000008b8be83
000009b0d3ae
00000aa8e8d9
00000ba0fe04
00000c99132f
00000d91285a
00000e893d85
00000f8152b0
0000107967db
000011717d06
000012699231
00001361a75c
00001459bc87
00001551d1b2
00001649e6dd
00001741fc08
0000183a1133
00001932265e
00001a2a3b89
00001b2250b4
00001c1a65df
00001d127b0a
00001e0a9035
00001f02a560
00001ffaba8b
000020f2cfb6
000021eae4e1
000022e2fa0c
000023db0f37
000024d32462
000025cb398d
000026c34eb8
000027bb63e3
000028b3790e
000029ab8e39
00002aa3a364
00002b9bb88f
00002c93cdba
00002d8be2e5
00002e83f810
00002f7c0d3b
000030742266
0000316c3791
000032644cbc
0000335c61e7
000034547712
0000354c8c3d
00003644a168
0000373cb693
00003834cbbe
0000392ce0e9
00003a24f614
00003b1d0b3f
00003c15206a
00003d0d3595
00003e054ac0
00003efd5feb
00003ff57516
000040ed8a41
000041e59f6c
000042ddb497
000043d5c9c2
000044cddeed
000045c5f418
000046be0943
000047b61e6e
000048ae3399
000049a648c4
00004a9e5def
00004b96731a
00004c8e8845
00004d869d70
00004e7eb29b
00004f76c7c6
0000506edcf1
00005166f21c
0000525f0747
000053571c72
0000544f319d
0000554746c8
0000563f5bf3
00005737711e
0000582f8649
000059279b74
00005a1fb09f
00005b17c5ca
00005c0fdaf5
00005d07f020
00005e00054b
00005ef81a76
00005ff02fa1
000060e844cc
000061e059f7
000062d86f22
000063d0844d
000064c89978
000065c0aea3
000066b8c3ce
000067b0d8f9
000068a8ee24
000069a1034f
00006a99187a
00006b912da5
00006c8942d0
00006d8157fb
00006e796d26
00006f718251
00007069977c
00007161aca7
00007259c1d2
00007351d6fd
00007449ec28
000075420153
0000763a167e
000077322ba9
0000782a40d4
0000792255ff
00007a1a6b2a
00007b128055
ffff83f56a80
ffff84ed7fab
ffff85e594d6
ffff86ddaa01
ffff87d5bf2c
ffff88cdd457
ffff89c5e982
ffff8abdfead
ffff8bb613d8
ffff8cae2903
ffff8da63e2e
ffff8e9e5359
ffff8f966884
ffff908e7daf
ffff918692da
ffff927ea805
ffff9376bd30
ffff946ed25b
ffff9566e786
ffff965efcb1
ffff975711dc
ffff984f2707
ffff99473c32
ffff9a3f515d
ffff9b376688
ffff9c2f7bb3
ffff9d2790de
ffff9e1fa609
ffff9f17bb34
ffffa00fd05f
ffffa107e58a
ffffa1fffab5
ffffa2f80fe0
ffffa3f0250b
ffffa4e83a36
ffffa5e04f61
ffffa6d8648c
ffffa7d079b7
ffffa8c88ee2
ffffa9c0a40d
ffffaab8b938
ffffabb0ce63
ffffaca8e38e
ffffada0f8b9
ffffae990de4
ffffaf91230f
ffffb089383a
ffffb1814d65
ffffb2796290
ffffb37177bb
ffffb4698ce6
ffffb561a211
ffffb659b73c
ffffb751cc67
ffffb849e192
ffffb941f6bd
ffffba3a0be8
ffffbb322113
ffffbc2a363e
ffffbd224b69
ffffbe1a6094
ffffbf1275bf
ffffc00a8aea
ffffc102a015
ffffc1fab540
ffffc2f2ca6b
ffffc3eadf96
ffffc4e2f4c1
ffffc5db09ec
ffffc6d31f17
ffffc7cb3442
ffffc8c3496d
ffffc9bb5e98
ffffcab373c3
ffffcbab88ee
ffffcca39e19
ffffcd9bb344
ffffce93c86f
ffffcf8bdd9a
ffffd083f2c5
ffffd17c07f0
ffffd2741d1b
ffffd36c3246
ffffd4644771
ffffd55c5c9c
ffffd65471c7
ffffd74c86f2
ffffd8449c1d
ffffd93cb148
ffffda34c673
ffffdb2cdb9e
ffffdc24f0c9
ffffdd1d05f4
ffffde151b1f
ffffdf0d304a
ffffe0054575
ffffe0fd5aa0
ffffe1f56fcb
ffffe2ed84f6
ffffe3e59a21
ffffe4ddaf4c
ffffe5d5c477
ffffe6cdd9a2
ffffe7c5eecd
ffffe8be03f8
ffffe9b61923
ffffeaae2e4e
ffffeba64379
ffffec9e58a4
ffffed966dcf
ffffee8e82fa
ffffef869825
fffff07ead50
fffff176c27b
fffff26ed7a6
fffff366ecd1
fffff45f01fc
fffff5571727
fffff64f2c52
fffff747417d
fffff83f56a8
fffff9376bd3
fffffa2f80fe
fffffb279629
fffffc1fab54
fffffd17c07f
fffffe0fd5aa
ffffff07ead5
000000000000
000000f8152b
000001f02a56
000002e83f81
000003e054ac
000004d869d7
000005d07f02
000006c8942d
000007c0a958
000008b8be83
000009b0d3ae
00000aa8e8d9
00000ba0fe04
00000c99132f
00000d91285a
00000e893d85
00000f8152b0
0000107967db
000011717d06
000012699231
00001361a75c
00001459bc87
00001551d1b2
00001649e6dd
00001741fc08
0000183a1133
00001932265e
00001a2a3b89
00001b2250b4
00001c1a65df
00001d127b0a
00001e0a9035
00001f02a560
00001ffaba8b
000020f2cfb6
000021eae4e1
000022e2fa0c
000023db0f37
000024d32462
000025cb398d
000026c34eb8
000027bb63e3
000028b3790e
000029ab8e39
00002aa3a364
00002b9bb88f
00002c93cdba
00002d8be2e5
00002e83f810
00002f7c0d3b
000030742266
0000316c3791
000032644cbc
0000335c61e7
000034547712
0000354c8c3d
00003644a168
0000373cb693
00003834cbbe
0000392ce0e9
00003a24f614
00003b1d0b3f
00003c15206a
00003d0d3595
00003e054ac0
00003efd5feb
00003ff57516
000040ed8a41
000041e59f6c
000042ddb497
000043d5c9c2
000044cddeed
000045c5f418
000046be0943
000047b61e6e
000048ae3399
000049a648c4
00004a9e5def
00004b96731a
00004c8e8845
00004d869d70
00004e7eb29b
00004f76c7c6
0000506edcf1
00005166f21c
0000525f0747
000053571c72
0000544f319d
0000554746c8
0000563f5bf3
00005737711e
0000582f8649
000059279b74
00005a1fb09f
00005b17c5ca
00005c0fdaf5
00005d07f020
00005e00054b
00005ef81a76
00005ff02fa1
000060e844cc
000061e059f7
000062d86f22
000063d0844d
000064c89978
000065c0aea3
000066b8c3ce
000067b0d8f9
000068a8ee24
000069a1034f
00006a99187a
00006b912da5
00006c8942d0
00006d8157fb
00006e796d26
00006f718251
00007069977c
00007161aca7
00007259c1d2
00007351d6fd
00007449ec28
000075420153
0000763a167e
000077322ba9
0000782a40d4
0000792255ff
00007a1a6b2a
00007b128055
ffff83f56a80
ffff84ed7fab
ffff85e594d6
ffff86ddaa01
ffff87d5bf2c
ffff88cdd457
ffff89c5e982
ffff8abdfead
ffff8bb613d8
ffff8cae2903
ffff8da63e2e
ffff8e9e5359
ffff8f966884
ffff908e7daf
ffff918692da
ffff927ea805
ffff9376bd30
ffff946ed25b
ffff9566e786
ffff965efcb1
ffff975711dc
ffff984f2707
ffff99473c32
ffff9a3f515d
ffff9b376688
ffff9c2f7bb3
ffff9d2790de
ffff9e1fa609
ffff9f17bb34
ffffa00fd05f
ffffa107e58a
ffffa1fffab5
ffffa2f80fe0
ffffa3f0250b
ffffa4e83a36
ffffa5e04f61
ffffa6d8648c
ffffa7d079b7
ffffa8c88ee2
ffffa9c0a40d
ffffaab8b938
ffffabb0ce63
ffffaca8e38e
ffffada0f8b9
ffffae990de4
ffffaf91230f
ffffb089383a
ffffb1814d65
ffffb2796290
ffffb37177bb
ffffb4698ce6
ffffb561a211
ffffb659b73c
ffffb751cc67
ffffb849e192
ffffb941f6bd
ffffba3a0be8
ffffbb322113
ffffbc2a363e
ffffbd224b69
ffffbe1a6094
ffffbf1275bf
ffffc00a8aea
ffffc102a015
ffffc1fab540
ffffc2f2ca6b
ffffc3eadf96
ffffc4e2f4c1
ffffc5db09ec
ffffc6d31f17
ffffc7cb3442
ffffc8c3496d
ffffc9bb5e98
ffffcab373c3
ffffcbab88ee
ffffcca39e19
ffffcd9bb344
ffffce93c86f
ffffcf8bdd9a
ffffd083f2c5
ffffd17c07f0
ffffd2741d1b
ffffd36c3246
ffffd4644771
ffffd55c5c9c
ffffd65471c7
ffffd74c86f2
ffffd8449c1d
ffffd93cb148
ffffda34c673
ffffdb2cdb9e
ffffdc24f0c9
ffffdd1d05f4
ffffde151b1f
ffffdf0d304a
ffffe0054575
ffffe0fd5aa0
ffffe1f56fcb
ffffe2ed84f6
ffffe3e59a21
ffffe4ddaf4c
ffffe5d5c477
ffffe6cdd9a2
ffffe7c5eecd
ffffe8be03f8
ffffe9b61923
ffffeaae2e4e
ffffeba64379
ffffec9e58a4
ffffed966dcf
ffffee8e82fa
ffffef869825
fffff07ead50
fffff176c27b
fffff26ed7a6
fffff366ecd1
fffff45f01fc
fffff5571727
fffff64f2c52
fffff747417d
fffff83f56a8
fffff9376bd3
fffffa2f80fe
fffffb279629
fffffc1fab54
fffffd17c07f
fffffe0fd5aa
ffffff07ead5
000000000000
000000cebc4e
0000019d789c
0000026c34ea
0000033af138
00000409ad86
000004d869d4
000005a72622
00000675e270
000007449ebe
000008135b0c
000008e2175a
000009b0d3a8
00000a7f8ff6
00000b4e4c44
00000c1d0892
00000cebc4e0
00000dba812e
00000e893d7c
00000f57f9ca
00001026b618
000010f57266
000011c42eb4
00001292eb02
00001361a750
00001430639e
000014ff1fec
000015cddc3a
0000169c9888
0000176b54d6
0000183a1124
00001908cd72
000019d789c0
00001aa6460e
00001b75025c
00001c43beaa
00001d127af8
00001de13746
00001eaff394
00001f7eafe2
0000204d6c30
0000211c287e
000021eae4cc
000022b9a11a
000023885d68
0000245719b6
00002525d604
000025f49252
000026c34ea0
000027920aee
00002860c73c
0000292f838a
000029fe3fd8
00002accfc26
00002b9bb874
00002c6a74c2
00002d393110
00002e07ed5e
00002ed6a9ac
00002fa565fa
000030742248
00003142de96
000032119ae4
000032e05732
000033af1380
0000347dcfce
0000354c8c1c
0000361b486a
000036ea04b8
000037b8c106
000038877d54
0000395639a2
00003a24f5f0
00003af3b23e
00003bc26e8c
00003c912ada
00003d5fe728
00003e2ea376
00003efd5fc4
00003fcc1c12
0000409ad860
0000416994ae
0000423850fc
000043070d4a
000043d5c998
000044a485e6
000045734234
00004641fe82
00004710bad0
000047df771e
000048ae336c
0000497cefba
00004a4bac08
00004b1a6856
00004be924a4
00004cb7e0f2
00004d869d40
00004e55598e
00004f2415dc
00004ff2d22a
000050c18e78
000051904ac6
0000525f0714
0000532dc362
000053fc7fb0
000054cb3bfe
00005599f84c
00005668b49a
0000573770e8
000058062d36
000058d4e984
000059a3a5d2
00005a726220
00005b411e6e
00005c0fdabc
00005cde970a
00005dad5358
00005e7c0fa6
00005f4acbf4
000060198842
000060e84490
000061b700de
00006285bd2c
00006354797a
0000642335c8
000064f1f216
000065c0ae64
0000668f6ab2
ffff98a1d900
ffff9970954e
ffff9a3f519c
ffff9b0e0dea
ffff9bdcca38
ffff9cab8686
ffff9d7a42d4
ffff9e48ff22
ffff9f17bb70
ffff9fe677be
ffffa0b5340c
ffffa183f05a
ffffa252aca8
ffffa32168f6
ffffa3f02544
ffffa4bee192
ffffa58d9de0
ffffa65c5a2e
ffffa72b167c
ffffa7f9d2ca
ffffa8c88f18
ffffa9974b66
ffffaa6607b4
ffffab34c402
ffffac038050
ffffacd23c9e
ffffada0f8ec
ffffae6fb53a
ffffaf3e7188
ffffb00d2dd6
ffffb0dbea24
ffffb1aaa672
ffffb27962c0
ffffb3481f0e
ffffb416db5c
ffffb4e597aa
ffffb5b453f8
ffffb6831046
ffffb751cc94
ffffb82088e2
ffffb8ef4530
ffffb9be017e
ffffba8cbdcc
ffffbb5b7a1a
ffffbc2a3668
ffffbcf8f2b6
ffffbdc7af04
ffffbe966b52
ffffbf6527a0
ffffc033e3ee
ffffc102a03c
ffffc1d15c8a
ffffc2a018d8
ffffc36ed526
ffffc43d9174
ffffc50c4dc2
ffffc5db0a10
ffffc6a9c65e
ffffc77882ac
ffffc8473efa
ffffc915fb48
ffffc9e4b796
ffffcab373e4
ffffcb823032
ffffcc50ec80
ffffcd1fa8ce
ffffcdee651c
ffffcebd216a
ffffcf8bddb8
ffffd05a9a06
ffffd1295654
ffffd1f812a2
ffffd2c6cef0
ffffd3958b3e
ffffd464478c
ffffd53303da
ffffd601c028
ffffd6d07c76
ffffd79f38c4
ffffd86df512
ffffd93cb160
ffffda0b6dae
ffffdada29fc
ffffdba8e64a
ffffdc77a298
ffffdd465ee6
ffffde151b34
ffffdee3d782
ffffdfb293d0
ffffe081501e
ffffe1500c6c
ffffe21ec8ba
ffffe2ed8508
ffffe3bc4156
ffffe48afda4
ffffe559b9f2
ffffe6287640
ffffe6f7328e
ffffe7c5eedc
ffffe894ab2a
ffffe9636778
ffffea3223c6
ffffeb00e014
ffffebcf9c62
ffffec9e58b0
ffffed6d14fe
ffffee3bd14c
ffffef0a8d9a
ffffefd949e8
fffff0a80636
fffff176c284
fffff2457ed2
fffff3143b20
fffff3e2f76e
fffff4b1b3bc
fffff580700a
fffff64f2c58
fffff71de8a6
fffff7eca4f4
fffff8bb6142
fffff98a1d90
fffffa58d9de
fffffb27962c
fffffbf6527a
fffffcc50ec8
fffffd93cb16
fffffe628764
ffffff3143b2
000000000000
000000f8152b
000001f02a56
000002e83f81
000003e054ac
000004d869d7
000005d07f02
000006c8942d
000007c0a958
000008b8be83
000009b0d3ae
00000aa8e8d9
00000ba0fe04
00000c99132f
00000d91285a
00000e893d85
00000f8152b0
0000107967db
000011717d06
000012699231
00001361a75c
00001459bc87
00001551d1b2
00001649e6dd
00001741fc08
0000183a1133
00001932265e
00001a2a3b89
00001b2250b4
00001c1a65df
00001d127b0a
00001e0a9035
00001f02a560
00001ffaba8b
000020f2cfb6
000021eae4e1
000022e2fa0c
000023db0f37
000024d32462
000025cb398d
000026c34eb8
000027bb63e3
000028b3790e
000029ab8e39
00002aa3a364
00002b9bb88f
00002c93cdba
00002d8be2e5
00002e83f810
00002f7c0d3b
000030742266
0000316c3791
000032644cbc
0000335c61e7
000034547712
0000354c8c3d
00003644a168
0000373cb693
00003834cbbe
0000392ce0e9
00003a24f614
00003b1d0b3f
00003c15206a
00003d0d3595
00003e054ac0
00003efd5feb
00003ff57516
000040ed8a41
000041e59f6c
000042ddb497
000043d5c9c2
000044cddeed
000045c5f418
000046be0943
000047b61e6e
000048ae3399
000049a648c4
00004a9e5def
00004b96731a
00004c8e8845
00004d869d70
00004e7eb29b
00004f76c7c6
0000506edcf1
00005166f21c
0000525f0747
000053571c72
0000544f319d
0000554746c8
0000563f5bf3
00005737711e
0000582f8649
000059279b74
00005a1fb09f
00005b17c5ca
00005c0fdaf5
00005d07f020
00005e00054b
00005ef81a76
00005ff02fa1
000060e844cc
000061e059f7
000062d86f22
000063d0844d
000064c89978
000065c0aea3
000066b8c3ce
000067b0d8f9
000068a8ee24
000069a1034f
00006a99187a
00006b912da5
00006c8942d0
00006d8157fb
00006e796d26
00006f718251
00007069977c
00007161aca7
00007259c1d2
00007351d6fd
00007449ec28
000075420153
0000763a167e
000077322ba9
0000782a40d4
0000792255ff
00007a1a6b2a
00007b128055
ffff83f56a80
ffff84ed7fab
ffff85e594d6
ffff86ddaa01
ffff87d5bf2c
ffff88cdd457
ffff89c5e982
ffff8abdfead
ffff8bb613d8
ffff8cae2903
ffff8da63e2e
ffff8e9e5359
ffff8f966884
ffff908e7daf
ffff918692da
ffff927ea805
ffff9376bd30
ffff946ed25b
ffff9566e786
ffff965efcb1
ffff975711dc
ffff984f2707
ffff99473c32
ffff9a3f515d
ffff9b376688
ffff9c2f7bb3
ffff9d2790de
ffff9e1fa609
ffff9f17bb34
ffffa00fd05f
ffffa107e58a
ffffa1fffab5
ffffa2f80fe0
ffffa3f0250b
ffffa4e83a36
ffffa5e04f61
ffffa6d8648c
ffffa7d079b7
ffffa8c88ee2
ffffa9c0a40d
ffffaab8b938
ffffabb0ce63
ffffaca8e38e
ffffada0f8b9
ffffae990de4
ffffaf91230f
ffffb089383a
ffffb1814d65
ffffb2796290
ffffb37177bb
ffffb4698ce6
ffffb561a211
ffffb659b73c
ffffb751cc67
ffffb849e192
ffffb941f6bd
ffffba3a0be8
ffffbb322113
ffffbc2a363e
ffffbd224b69
ffffbe1a6094
ffffbf1275bf
ffffc00a8aea
ffffc102a015
ffffc1fab540
ffffc2f2ca6b
ffffc3eadf96
ffffc4e2f4c1
ffffc5db09ec
ffffc6d31f17
ffffc7cb3442
ffffc8c3496d
ffffc9bb5e98
ffffcab373c3
ffffcbab88ee
ffffcca39e19
ffffcd9bb344
ffffce93c86f
ffffcf8bdd9a
ffffd083f2c5
ffffd17c07f0
ffffd2741d1b
ffffd36c3246
ffffd4644771
ffffd55c5c9c
ffffd65471c7
ffffd74c86f2
ffffd8449c1d
ffffd93cb148
ffffda34c673
ffffdb2cdb9e
ffffdc24f0c9
ffffdd1d05f4
ffffde151b1f
ffffdf0d304a
ffffe0054575
ffffe0fd5aa0
ffffe1f56fcb
ffffe2ed84f6
ffffe3e59a21
ffffe4ddaf4c
ffffe5d5c477
ffffe6cdd9a2
ffffe7c5eecd
ffffe8be03f8
ffffe9b61923
ffffeaae2e4e
ffffeba64379
ffffec9e58a4
ffffed966dcf
ffffee8e82fa
ffffef869825
fffff07ead50
fffff176c27b
fffff26ed7a6
fffff366ecd1
fffff45f01fc
fffff5571727
fffff64f2c52
fffff747417d
fffff83f56a8
fffff9376bd3
fffffa2f80fe
fffffb279629
fffffc1fab54
fffffd17c07f
fffffe0fd5aa
ffffff07ead5
000000000000
000000f8152b
000001f02a56
000002e83f81
000003e054ac
000004d869d7
000005d07f02
000006c8942d
000007c0a958
000008b8be83
000009b0d3ae
00000aa8e8d9
00000ba0fe04
00000c99132f
00000d91285a
00000e893d85
00000f8152b0
0000107967db
000011717d06
000012699231
00001361a75c
00001459bc87
00001551d1b2
00001649e6dd
00001741fc08
0000183a1133
00001932265e
00001a2a3b89
00001b2250b4
00001c1a65df
00001d127b0a
00001e0a9035
00001f02a560
00001ffaba8b
000020f2cfb6
000021eae4e1
000022e2fa0c
000023db0f37
000024d32462
000025cb398d
000026c34eb8
000027bb63e3
000028b3790e
000029ab8e39
00002aa3a364
00002b9bb88f
00002c93cdba
00002d8be2e5
00002e83f810
00002f7c0d3b
000030742266
0000316c3791
000032644cbc
0000335c61e7
000034547712
0000354c8c3d
00003644a168
0000373cb693
00003834cbbe
0000392ce0e9
00003a24f614
00003b1d0b3f
00003c15206a
00003d0d3595
00003e054ac0
00003efd5feb
00003ff57516
000040ed8a41
000041e59f6c
000042ddb497
000043d5c9c2
000044cddeed
000045c5f418
000046be0943
000047b61e6e
000048ae3399
000049a648c4
00004a9e5def
00004b96731a
00004c8e8845
00004d869d70
00004e7eb29b
00004f76c7c6
0000506edcf1
00005166f21c
0000525f0747
000053571c72
0000544f319d
0000554746c8
0000563f5bf3
00005737711e
0000582f8649
000059279b74
00005a1fb09f
00005b17c5ca
00005c0fdaf5
00005d07f020
00005e00054b
00005ef81a76
00005ff02fa1
000060e844cc
000061e059f7
000062d86f22
000063d0844d
000064c89978
000065c0aea3
000066b8c3ce
000067b0d8f9
000068a8ee24
000069a1034f
00006a99187a
00006b912da5
00006c8942d0
00006d8157fb
00006e796d26
00006f718251
00007069977c
00007161aca7
00007259c1d2
00007351d6fd
00007449ec28
000075420153
0000763a167e
000077322ba9
0000782a40d4
0000792255ff
00007a1a6b2a
00007b128055
ffff83f56a80
ffff84ed7fab
ffff85e594d6
ffff86ddaa01
ffff87d5bf2c
ffff88cdd457
ffff89c5e982
ffff8abdfead
ffff8bb613d8
ffff8cae2903
ffff8da63e2e
ffff8e9e5359
ffff8f966884
ffff908e7daf
ffff918692da
ffff927ea805
ffff9376bd30
ffff946ed25b
ffff9566e786
ffff965efcb1
ffff975711dc
ffff984f2707
ffff99473c32
ffff9a3f515d
ffff9b376688
ffff9c2f7bb3
ffff9d2790de
ffff9e1fa609
ffff9f17bb34
ffffa00fd05f
ffffa107e58a
ffffa1fffab5
ffffa2f80fe0
ffffa3f0250b
ffffa4e83a36
ffffa5e04f61
ffffa6d8648c
ffffa7d079b7
ffffa8c88ee2
ffffa9c0a40d
ffffaab8b938
ffffabb0ce63
ffffaca8e38e
ffffada0f8b9
ffffae990de4
ffffaf91230f
ffffb089383a
ffffb1814d65
ffffb2796290
ffffb37177bb
ffffb4698ce6
ffffb561a211
ffffb659b73c
ffffb751cc67
ffffb849e192
ffffb941f6bd
ffffba3a0be8
ffffbb322113
ffffbc2a363e
ffffbd224b69
ffffbe1a6094
ffffbf1275bf
ffffc00a8aea
ffffc102a015
ffffc1fab540
ffffc2f2ca6b
ffffc3eadf96
ffffc4e2f4c1
ffffc5db09ec
ffffc6d31f17
ffffc7cb3442
ffffc8c3496d
ffffc9bb5e98
ffffcab373c3
ffffcbab88ee
ffffcca39e19
ffffcd9bb344
ffffce93c86f
ffffcf8bdd9a
ffffd083f2c5
ffffd17c07f0
ffffd2741d1b
ffffd36c3246
ffffd4644771
ffffd55c5c9c
ffffd65471c7
ffffd74c86f2
ffffd8449c1d
ffffd93cb148
ffffda34c673
ffffdb2cdb9e
ffffdc24f0c9
ffffdd1d05f4
ffffde151b1f
ffffdf0d304a
ffffe0054575
ffffe0fd5aa0
ffffe1f56fcb
ffffe2ed84f6
ffffe3e59a21
ffffe4ddaf4c
ffffe5d5c477
ffffe6cdd9a2
ffffe7c5eecd
ffffe8be03f8
ffffe9b61923
ffffeaae2e4e
ffffeba64379
ffffec9e58a4
ffffed966dcf
ffffee8e82fa
ffffef869825
fffff07ead50
fffff176c27b
fffff26ed7a6
fffff366ecd1
fffff45f01fc
fffff5571727
fffff64f2c52
fffff747417d
fffff83f56a8
fffff9376bd3
fffffa2f80fe
fffffb279629
fffffc1fab54
fffffd17c07f
fffffe0fd5aa
ffffff07ead5
000000000000
000000cebc4e
0000019d789c
0000026c34ea
0000033af138
00000409ad86
000004d869d4
000005a72622
00000675e270
000007449ebe
000008135b0c
000008e2175a
000009b0d3a8
00000a7f8ff6
00000b4e4c44
00000c1d0892
00000cebc4e0
00000dba812e
00000e893d7c
00000f57f9ca
00001026b618
000010f57266
000011c42eb4
00001292eb02
00001361a750
00001430639e
000014ff1fec
000015cddc3a
0000169c9888
0000176b54d6
0000183a1124
00001908cd72
000019d789c0
00001aa6460e
00001b75025c
00001c43beaa
00001d127af8
00001de13746
00001eaff394
00001f7eafe2
0000204d6c30
0000211c287e
000021eae4cc
000022b9a11a
000023885d68
0000245719b6
00002525d604
000025f49252
000026c34ea0
000027920aee
00002860c73c
0000292f838a
000029fe3fd8
00002accfc26
00002b9bb874
00002c6a74c2
00002d393110
00002e07ed5e
00002ed6a9ac
00002fa565fa
000030742248
00003142de96
000032119ae4
000032e05732
000033af1380
0000347dcfce
0000354c8c1c
0000361b486a
000036ea04b8
000037b8c106
000038877d54
0000395639a2
00003a24f5f0
00003af3b23e
00003bc26e8c
00003c912ada
00003d5fe728
00003e2ea376
00003efd5fc4
00003fcc1c12
0000409ad860
0000416994ae
0000423850fc
000043070d4a
000043d5c998
000044a485e6
000045734234
00004641fe82
00004710bad0
000047df771e
000048ae336c
0000497cefba
00004a4bac08
00004b1a6856
00004be924a4
00004cb7e0f2
00004d869d40
00004e55598e
00004f2415dc
00004ff2d22a
000050c18e78
000051904ac6
0000525f0714
0000532dc362
000053fc7fb0
000054cb3bfe
00005599f84c
00005668b49a
0000573770e8
000058062d36
000058d4e984
000059a3a5d2
00005a726220
00005b411e6e
00005c0fdabc
00005cde970a
00005dad5358
00005e7c0fa6
00005f4acbf4
000060198842
000060e84490
000061b700de
00006285bd2c
00006354797a
0000642335c8
000064f1f216
000065c0ae64
0000668f6ab2
ffff98a1d900
ffff9970954e
ffff9a3f519c
ffff9b0e0dea
ffff9bdcca38
ffff9cab8686
ffff9d7a42d4
ffff9e48ff22
ffff9f17bb70
ffff9fe677be
ffffa0b5340c
ffffa183f05a
ffffa252aca8
ffffa32168f6
ffffa3f02544
ffffa4bee192
ffffa58d9de0
ffffa65c5a2e
ffffa72b167c
ffffa7f9d2ca
ffffa8c88f18
ffffa9974b66
ffffaa6607b4
ffffab34c402
ffffac038050
ffffacd23c9e
ffffada0f8ec
ffffae6fb53a
ffffaf3e7188
ffffb00d2dd6
ffffb0dbea24
ffffb1aaa672
ffffb27962c0
ffffb3481f0e
ffffb416db5c
ffffb4e597aa
ffffb5b453f8
ffffb6831046
ffffb751cc94
ffffb82088e2
ffffb8ef4530
ffffb9be017e
ffffba8cbdcc
ffffbb5b7a1a
ffffbc2a3668
ffffbcf8f2b6
ffffbdc7af04
ffffbe966b52
ffffbf6527a0
ffffc033e3ee
ffffc102a03c
ffffc1d15c8a
ffffc2a018d8
ffffc36ed526
ffffc43d9174
ffffc50c4dc2
ffffc5db0a10
ffffc6a9c65e
ffffc77882ac
ffffc8473efa
ffffc915fb48
ffffc9e4b796
ffffcab373e4
ffffcb823032
ffffcc50ec80
ffffcd1fa8ce
ffffcdee651c
ffffcebd216a
ffffcf8bddb8
ffffd05a9a06
ffffd1295654
ffffd1f812a2
ffffd2c6cef0
ffffd3958b3e
ffffd464478c
ffffd53303da
ffffd601c028
ffffd6d07c76
ffffd79f38c4
ffffd86df512
ffffd93cb160
ffffda0b6dae
ffffdada29fc
ffffdba8e64a
ffffdc77a298
ffffdd465ee6
ffffde151b34
ffffdee3d782
ffffdfb293d0
ffffe081501e
ffffe1500c6c
ffffe21ec8ba
ffffe2ed8508
ffffe3bc4156
ffffe48afda4
ffffe559b9f2
ffffe6287640
ffffe6f7328e
ffffe7c5eedc
ffffe894ab2a
ffffe9636778
ffffea3223c6
ffffeb00e014
ffffebcf9c62
ffffec9e58b0
ffffed6d14fe
ffffee3bd14c
ffffef0a8d9a
ffffefd949e8
fffff0a80636
fffff176c284
fffff2457ed2
fffff3143b20
fffff3e2f76e
fffff4b1b3bc
fffff580700a
fffff64f2c58
fffff71de8a6
fffff7eca4f4
fffff8bb6142
fffff98a1d90
fffffa58d9de
fffffb27962c
fffffbf6527a
fffffcc50ec8
fffffd93cb16
fffffe628764
ffffff3143b2
000000000000
000000cebc4e
0000019d789c
0000026c34ea
0000033af138
00000409ad86
000004d869d4
000005a72622
00000675e270
000007449ebe
000008135b0c
000008e2175a
000009b0d3a8
00000a7f8ff6
00000b4e4c44
00000c1d0892
00000cebc4e0
00000dba812e
00000e893d7c
00000f57f9ca
00001026b618
000010f57266
000011c42eb4
00001292eb02
00001361a750
00001430639e
000014ff1fec
000015cddc3a
0000169c9888
0000176b54d6
0000183a1124
00001908cd72
000019d789c0
00001aa6460e
00001b75025c
00001c43beaa
00001d127af8
00001de13746
00001eaff394
00001f7eafe2
0000204d6c30
0000211c287e
000021eae4cc
000022b9a11a
000023885d68
0000245719b6
00002525d604
000025f49252
000026c34ea0
000027920aee
00002860c73c
0000292f838a
000029fe3fd8
00002accfc26
00002b9bb874
00002c6a74c2
00002d393110
00002e07ed5e
00002ed6a9ac
00002fa565fa
000030742248
00003142de96
000032119ae4
000032e05732
000033af1380
0000347dcfce
0000354c8c1c
0000361b486a
000036ea04b8
000037b8c106
000038877d54
0000395639a2
00003a24f5f0
00003af3b23e
00003bc26e8c
00003c912ada
00003d5fe728
00003e2ea376
00003efd5fc4
00003fcc1c12
0000409ad860
0000416994ae
0000423850fc
000043070d4a
000043d5c998
000044a485e6
000045734234
00004641fe82
00004710bad0
000047df771e
000048ae336c
0000497cefba
00004a4bac08
00004b1a6856
00004be924a4
00004cb7e0f2
00004d869d40
00004e55598e
00004f2415dc
00004ff2d22a
000050c18e78
000051904ac6
0000525f0714
0000532dc362
000053fc7fb0
000054cb3bfe
00005599f84c
00005668b49a
0000573770e8
000058062d36
000058d4e984
000059a3a5d2
00005a726220
00005b411e6e
00005c0fdabc
00005cde970a
00005dad5358
00005e7c0fa6
00005f4acbf4
000060198842
000060e84490
000061b700de
00006285bd2c
00006354797a
0000642335c8
000064f1f216
000065c0ae64
0000668f6ab2
ffff98a1d900
ffff9970954e
ffff9a3f519c
ffff9b0e0dea
ffff9bdcca38
ffff9cab8686
ffff9d7a42d4
ffff9e48ff22
ffff9f17bb70
ffff9fe677be
ffffa0b5340c
ffffa183f05a
ffffa252aca8
ffffa32168f6
ffffa3f02544
ffffa4bee192
ffffa58d9de0
ffffa65c5a2e
ffffa72b167c
ffffa7f9d2ca
ffffa8c88f18
ffffa9974b66
ffffaa6607b4
ffffab34c402
ffffac038050
ffffacd23c9e
ffffada0f8ec
ffffae6fb53a
ffffaf3e7188
ffffb00d2dd6
ffffb0dbea24
ffffb1aaa672
ffffb27962c0
ffffb3481f0e
ffffb416db5c
ffffb4e597aa
ffffb5b453f8
ffffb6831046
ffffb751cc94
ffffb82088e2
ffffb8ef4530
ffffb9be017e
ffffba8cbdcc
ffffbb5b7a1a
ffffbc2a3668
ffffbcf8f2b6
ffffbdc7af04
ffffbe966b52
ffffbf6527a0
ffffc033e3ee
ffffc102a03c
ffffc1d15c8a
ffffc2a018d8
ffffc36ed526
ffffc43d9174
ffffc50c4dc2
ffffc5db0a10
ffffc6a9c65e
ffffc77882ac
ffffc8473efa
ffffc915fb48
ffffc9e4b796
ffffcab373e4
ffffcb823032
ffffcc50ec80
ffffcd1fa8ce
ffffcdee651c
ffffcebd216a
ffffcf8bddb8
ffffd05a9a06
ffffd1295654
ffffd1f812a2
ffffd2c6cef0
ffffd3958b3e
ffffd464478c
ffffd53303da
ffffd601c028
ffffd6d07c76
ffffd79f38c4
ffffd86df512
ffffd93cb160
ffffda0b6dae
ffffdada29fc
ffffdba8e64a
ffffdc77a298
ffffdd465ee6
ffffde151b34
ffffdee3d782
ffffdfb293d0
ffffe081501e
ffffe1500c6c
ffffe21ec8ba
ffffe2ed8508
ffffe3bc4156
ffffe48afda4
ffffe559b9f2
ffffe6287640
ffffe6f7328e
ffffe7c5eedc
ffffe894ab2a
ffffe9636778
ffffea3223c6
ffffeb00e014
ffffebcf9c62
ffffec9e58b0
ffffed6d14fe
ffffee3bd14c
ffffef0a8d9a
ffffefd949e8
fffff0a80636
fffff176c284
fffff2457ed2
fffff3143b20
fffff3e2f76e
fffff4b1b3bc
fffff580700a
fffff64f2c58
fffff71de8a6
fffff7eca4f4
fffff8bb6142
fffff98a1d90
fffffa58d9de
fffffb27962c
fffffbf6527a
fffffcc50ec8
fffffd93cb16
fffffe628764
ffffff3143b2
000000000000
000000f8152b
000001f02a56
000002e83f81
000003e054ac
000004d869d7
000005d07f02
000006c8942d
000007c0a958
000008b8be83
000009b0d3ae
00000aa8e8d9
00000ba0fe04
00000c99132f
00000d91285a
00000e893d85
00000f8152b0
0000107967db
000011717d06
000012699231
00001361a75c
00001459bc87
00001551d1b2
00001649e6dd
00001741fc08
0000183a1133
00001932265e
00001a2a3b89
00001b2250b4
00001c1a65df
00001d127b0a
00001e0a9035
00001f02a560
00001ffaba8b
000020f2cfb6
000021eae4e1
000022e2fa0c
000023db0f37
000024d32462
000025cb398d
000026c34eb8
000027bb63e3
000028b3790e
000029ab8e39
00002aa3a364
00002b9bb88f
00002c93cdba
00002d8be2e5
00002e83f810
00002f7c0d3b
000030742266
0000316c3791
000032644cbc
0000335c61e7
000034547712
0000354c8c3d
00003644a168
0000373cb693
00003834cbbe
0000392ce0e9
00003a24f614
00003b1d0b3f
00003c15206a
00003d0d3595
00003e054ac0
00003efd5feb
00003ff57516
000040ed8a41
000041e59f6c
000042ddb497
000043d5c9c2
000044cddeed
000045c5f418
000046be0943
000047b61e6e
000048ae3399
000049a648c4
00004a9e5def
00004b96731a
00004c8e8845
00004d869d70
00004e7eb29b
00004f76c7c6
0000506edcf1
00005166f21c
0000525f0747
000053571c72
0000544f319d
0000554746c8
0000563f5bf3
00005737711e
0000582f8649
000059279b74
00005a1fb09f
00005b17c5ca
00005c0fdaf5
00005d07f020
00005e00054b
00005ef81a76
00005ff02fa1
000060e844cc
000061e059f7
000062d86f22
000063d0844d
000064c89978
000065c0aea3
000066b8c3ce
000067b0d8f9
000068a8ee24
000069a1034f
00006a99187a
00006b912da5
00006c8942d0
00006d8157fb
00006e796d26
00006f718251
00007069977c
00007161aca7
00007259c1d2
00007351d6fd
00007449ec28
000075420153
0000763a167e
000077322ba9
0000782a40d4
0000792255ff
00007a1a6b2a
00007b128055
ffff83f56a80
ffff84ed7fab
ffff85e594d6
ffff86ddaa01
ffff87d5bf2c
ffff88cdd457
ffff89c5e982
ffff8abdfead
ffff8bb613d8
ffff8cae2903
ffff8da63e2e
ffff8e9e5359
ffff8f966884
ffff908e7daf
ffff918692da
ffff927ea805
ffff9376bd30
ffff946ed25b
ffff9566e786
ffff965efcb1
ffff975711dc
ffff984f2707
ffff99473c32
ffff9a3f515d
ffff9b376688
ffff9c2f7bb3
ffff9d2790de
ffff9e1fa609
ffff9f17bb34
ffffa00fd05f
ffffa107e58a
ffffa1fffab5
ffffa2f80fe0
ffffa3f0250b
ffffa4e83a36
ffffa5e04f61
ffffa6d8648c
ffffa7d079b7
ffffa8c88ee2
ffffa9c0a40d
ffffaab8b938
ffffabb0ce63
ffffaca8e38e
ffffada0f8b9
ffffae990de4
ffffaf91230f
ffffb089383a
ffffb1814d65
ffffb2796290
ffffb37177bb
ffffb4698ce6
ffffb561a211
ffffb659b73c
ffffb751cc67
ffffb849e192
ffffb941f6bd
ffffba3a0be8
ffffbb322113
ffffbc2a363e
ffffbd224b69
ffffbe1a6094
ffffbf1275bf
ffffc00a8aea
ffffc102a015
ffffc1fab540
ffffc2f2ca6b
ffffc3eadf96
ffffc4e2f4c1
ffffc5db09ec
ffffc6d31f17
ffffc7cb3442
ffffc8c3496d
ffffc9bb5e98
ffffcab373c3
ffffcbab88ee
ffffcca39e19
ffffcd9bb344
ffffce93c86f
ffffcf8bdd9a
ffffd083f2c5
ffffd17c07f0
ffffd2741d1b
ffffd36c3246
ffffd4644771
ffffd55c5c9c
ffffd65471c7
ffffd74c86f2
ffffd8449c1d
ffffd93cb148
ffffda34c673
ffffdb2cdb9e
ffffdc24f0c9
ffffdd1d05f4
ffffde151b1f
ffffdf0d304a
ffffe0054575
ffffe0fd5aa0
ffffe1f56fcb
ffffe2ed84f6
ffffe3e59a21
ffffe4ddaf4c
ffffe5d5c477
ffffe6cdd9a2
ffffe7c5eecd
ffffe8be03f8
ffffe9b61923
ffffeaae2e4e
ffffeba64379
ffffec9e58a4
ffffed966dcf
ffffee8e82fa
ffffef869825
fffff07ead50
fffff176c27b
fffff26ed7a6
fffff366ecd1
fffff45f01fc
fffff5571727
fffff64f2c52
fffff747417d
fffff83f56a8
fffff9376bd3
fffffa2f80fe
fffffb279629
fffffc1fab54
fffffd17c07f
fffffe0fd5aa
ffffff07ead5
000000000000
000000f8152b
000001f02a56
000002e83f81
000003e054ac
000004d869d7
000005d07f02
000006c8942d
000007c0a958
000008b8be83
000009b0d3ae
00000aa8e8d9
00000ba0fe04
00000c99132f
00000d91285a
00000e893d85
00000f8152b0
0000107967db
000011717d06
000012699231
00001361a75c
00001459bc87
00001551d1b2
00001649e6dd
00001741fc08
0000183a1133
00001932265e
00001a2a3b89
00001b2250b4
00001c1a65df
00001d127b0a
00001e0a9035
00001f02a560
00001ffaba8b
000020f2cfb6
000021eae4e1
000022e2fa0c
000023db0f37
000024d32462
000025cb398d
000026c34eb8
000027bb63e3
000028b3790e
000029ab8e39
00002aa3a364
00002b9bb88f
00002c93cdba
00002d8be2e5
00002e83f810
00002f7c0d3b
000030742266
0000316c3791
000032644cbc
0000335c61e7
000034547712
0000354c8c3d
00003644a168
0000373cb693
00003834cbbe
0000392ce0e9
00003a24f614
00003b1d0b3f
00003c15206a
00003d0d3595
00003e054ac0
00003efd5feb
00003ff57516
000040ed8a41
000041e59f6c
000042ddb497
000043d5c9c2
000044cddeed
000045c5f418
000046be0943
000047b61e6e
000048ae3399
000049a648c4
00004a9e5def
00004b96731a
00004c8e8845
00004d869d70
00004e7eb29b
00004f76c7c6
0000506edcf1
00005166f21c
0000525f0747
000053571c72
0000544f319d
0000554746c8
0000563f5bf3
00005737711e
0000582f8649
000059279b74
00005a1fb09f
00005b17c5ca
00005c0fdaf5
00005d07f020
00005e00054b
00005ef81a76
00005ff02fa1
000060e844cc
000061e059f7
000062d86f22
000063d0844d
000064c89978
000065c0aea3
000066b8c3ce
000067b0d8f9
000068a8ee24
000069a1034f
00006a99187a
00006b912da5
00006c8942d0
00006d8157fb
00006e796d26
00006f718251
00007069977c
00007161aca7
00007259c1d2
00007351d6fd
00007449ec28
000075420153
0000763a167e
000077322ba9
0000782a40d4
0000792255ff
00007a1a6b2a
00007b128055
ffff83f56a80
ffff84ed7fab
ffff85e594d6
ffff86ddaa01
ffff87d5bf2c
ffff88cdd457
ffff89c5e982
ffff8abdfead
ffff8bb613d8
ffff8cae2903
ffff8da63e2e
ffff8e9e5359
ffff8f966884
ffff908e7daf
ffff918692da
ffff927ea805
ffff9376bd30
ffff946ed25b
ffff9566e786
ffff965efcb1
ffff975711dc
ffff984f2707
ffff99473c32
ffff9a3f515d
ffff9b376688
ffff9c2f7bb3
ffff9d2790de
ffff9e1fa609
ffff9f17bb34
ffffa00fd05f
ffffa107e58a
ffffa1fffab5
ffffa2f80fe0
ffffa3f0250b
ffffa4e83a36
ffffa5e04f61
ffffa6d8648c
ffffa7d079b7
ffffa8c88ee2
ffffa9c0a40d
ffffaab8b938
ffffabb0ce63
ffffaca8e38e
ffffada0f8b9
ffffae990de4
ffffaf91230f
ffffb089383a
ffffb1814d65
ffffb2796290
ffffb37177bb
ffffb4698ce6
ffffb561a211
ffffb659b73c
ffffb751cc67
ffffb849e192
ffffb941f6bd
ffffba3a0be8
ffffbb322113
ffffbc2a363e
ffffbd224b69
ffffbe1a6094
ffffbf1275bf
ffffc00a8aea
ffffc102a015
ffffc1fab540
ffffc2f2ca6b
ffffc3eadf96
ffffc4e2f4c1
ffffc5db09ec
ffffc6d31f17
ffffc7cb3442
ffffc8c3496d
ffffc9bb5e98
ffffcab373c3
ffffcbab88ee
ffffcca39e19
ffffcd9bb344
ffffce93c86f
ffffcf8bdd9a
ffffd083f2c5
ffffd17c07f0
ffffd2741d1b
ffffd36c3246
ffffd4644771
ffffd55c5c9c
ffffd65471c7
ffffd74c86f2
ffffd8449c1d
ffffd93cb148
ffffda34c673
ffffdb2cdb9e
ffffdc24f0c9
ffffdd1d05f4
ffffde151b1f
ffffdf0d304a
ffffe0054575
ffffe0fd5aa0
ffffe1f56fcb
ffffe2ed84f6
ffffe3e59a21
ffffe4ddaf4c
ffffe5d5c477
ffffe6cdd9a2
ffffe7c5eecd
ffffe8be03f8
ffffe9b61923
ffffeaae2e4e
ffffeba64379
ffffec9e58a4
ffffed966dcf
ffffee8e82fa
ffffef869825
fffff07ead50
fffff176c27b
fffff26ed7a6
fffff366ecd1
fffff45f01fc
fffff5571727
fffff64f2c52
fffff747417d
fffff83f56a8
fffff9376bd3
fffffa2f80fe
fffffb279629
fffffc1fab54
fffffd17c07f
fffffe0fd5aa
ffffff07ead5
000000000000
000000f8152b
000001f02a56
000002e83f81
000003e054ac
000004d869d7
000005d07f02
000006c8942d
000007c0a958
000008b8be83
000009b0d3ae
00000aa8e8d9
00000ba0fe04
00000c99132f
00000d91285a
00000e893d85
00000f8152b0
0000107967db
000011717d06
000012699231
00001361a75c
00001459bc87
00001551d1b2
00001649e6dd
00001741fc08
0000183a1133
00001932265e
00001a2a3b89
00001b2250b4
00001c1a65df
00001d127b0a
00001e0a9035
00001f02a560
00001ffaba8b
000020f2cfb6
000021eae4e1
000022e2fa0c
000023db0f37
000024d32462
000025cb398d
000026c34eb8
000027bb63e3
000028b3790e
000029ab8e39
00002aa3a364
00002b9bb88f
00002c93cdba
00002d8be2e5
00002e83f810
00002f7c0d3b
000030742266
0000316c3791
000032644cbc
0000335c61e7
000034547712
0000354c8c3d
00003644a168
0000373cb693
00003834cbbe
0000392ce0e9
00003a24f614
00003b1d0b3f
00003c15206a
00003d0d3595
00003e054ac0
00003efd5feb
00003ff57516
000040ed8a41
000041e59f6c
000042ddb497
000043d5c9c2
000044cddeed
000045c5f418
000046be0943
000047b61e6e
000048ae3399
000049a648c4
00004a9e5def
00004b96731a
00004c8e8845
00004d869d70
00004e7eb29b
00004f76c7c6
0000506edcf1
00005166f21c
0000525f0747
000053571c72
0000544f319d
0000554746c8
0000563f5bf3
00005737711e
0000582f8649
000059279b74
00005a1fb09f
00005b17c5ca
00005c0fdaf5
00005d07f020
00005e00054b
00005ef81a76
00005ff02fa1
000060e844cc
000061e059f7
000062d86f22
000063d0844d
000064c89978
000065c0aea3
000066b8c3ce
000067b0d8f9
000068a8ee24
000069a1034f
00006a99187a
00006b912da5
00006c8942d0
00006d8157fb
00006e796d26
00006f718251
00007069977c
00007161aca7
00007259c1d2
00007351d6fd
00007449ec28
000075420153
0000763a167e
000077322ba9
0000782a40d4
0000792255ff
00007a1a6b2a
00007b128055
ffff83f56a80
ffff84ed7fab
ffff85e594d6
ffff86ddaa01
ffff87d5bf2c
ffff88cdd457
ffff89c5e982
ffff8abdfead
ffff8bb613d8
ffff8cae2903
ffff8da63e2e
ffff8e9e5359
ffff8f966884
ffff908e7daf
ffff918692da
ffff927ea805
ffff9376bd30
ffff946ed25b
ffff9566e786
ffff965efcb1
ffff975711dc
ffff984f2707
ffff99473c32
ffff9a3f515d
ffff9b376688
ffff9c2f7bb3
ffff9d2790de
ffff9e1fa609
ffff9f17bb34
ffffa00fd05f
ffffa107e58a
ffffa1fffab5
ffffa2f80fe0
ffffa3f0250b
ffffa4e83a36
ffffa5e04f61
ffffa6d8648c
ffffa7d079b7
ffffa8c88ee2
ffffa9c0a40d
ffffaab8b938
ffffabb0ce63
ffffaca8e38e
ffffada0f8b9
ffffae990de4
ffffaf91230f
ffffb089383a
ffffb1814d65
ffffb2796290
ffffb37177bb
ffffb4698ce6
ffffb561a211
ffffb659b73c
ffffb751cc67
ffffb849e192
ffffb941f6bd
ffffba3a0be8
ffffbb322113
ffffbc2a363e
ffffbd224b69
ffffbe1a6094
ffffbf1275bf
ffffc00a8aea
ffffc102a015
ffffc1fab540
ffffc2f2ca6b
ffffc3eadf96
ffffc4e2f4c1
ffffc5db09ec
ffffc6d31f17
ffffc7cb3442
ffffc8c3496d
ffffc9bb5e98
ffffcab373c3
ffffcbab88ee
ffffcca39e19
ffffcd9bb344
ffffce93c86f
ffffcf8bdd9a
ffffd083f2c5
ffffd17c07f0
ffffd2741d1b
ffffd36c3246
ffffd4644771
ffffd55c5c9c
ffffd65471c7
ffffd74c86f2
ffffd8449c1d
ffffd93cb148
ffffda34c673
ffffdb2cdb9e
ffffdc24f0c9
ffffdd1d05f4
ffffde151b1f
ffffdf0d304a
ffffe0054575
ffffe0fd5aa0
ffffe1f56fcb
ffffe2ed84f6
ffffe3e59a21
ffffe4ddaf4c
ffffe5d5c477
ffffe6cdd9a2
ffffe7c5eecd
ffffe8be03f8
ffffe9b61923
ffffeaae2e4e
ffffeba64379
ffffec9e58a4
ffffed966dcf
ffffee8e82fa
ffffef869825
fffff07ead50
fffff176c27b
fffff26ed7a6
fffff366ecd1
fffff45f01fc
fffff5571727
fffff64f2c52
fffff747417d
fffff83f56a8
fffff9376bd3
fffffa2f80fe
fffffb279629
fffffc1fab54
fffffd17c07f
fffffe0fd5aa
ffffff07ead5
000000000000
000000cebc4e
0000019d789c
0000026c34ea
0000033af138
00000409ad86
000004d869d4
000005a72622
00000675e270
000007449ebe
000008135b0c
000008e2175a
000009b0d3a8
00000a7f8ff6
00000b4e4c44
00000c1d0892
00000cebc4e0
00000dba812e
00000e893d7c
00000f57f9ca
00001026b618
000010f57266
000011c42eb4
00001292eb02
00001361a750
00001430639e
000014ff1fec
000015cddc3a
0000169c9888
0000176b54d6
0000183a1124
00001908cd72
000019d789c0
00001aa6460e
00001b75025c
00001c43beaa
00001d127af8
00001de13746
00001eaff394
00001f7eafe2
0000204d6c30
0000211c287e
000021eae4cc
000022b9a11a
000023885d68
0000245719b6
00002525d604
000025f49252
000026c34ea0
000027920aee
00002860c73c
0000292f838a
000029fe3fd8
00002accfc26
00002b9bb874
00002c6a74c2
00002d393110
00002e07ed5e
00002ed6a9ac
00002fa565fa
000030742248
00003142de96
000032119ae4
000032e05732
000033af1380
0000347dcfce
0000354c8c1c
0000361b486a
000036ea04b8
000037b8c106
000038877d54
0000395639a2
00003a24f5f0
00003af3b23e
00003bc26e8c
00003c912ada
00003d5fe728
00003e2ea376
00003efd5fc4
00003fcc1c12
0000409ad860
0000416994ae
0000423850fc
000043070d4a
000043d5c998
000044a485e6
000045734234
00004641fe82
00004710bad0
000047df771e
000048ae336c
0000497cefba
00004a4bac08
00004b1a6856
00004be924a4
00004cb7e0f2
00004d869d40
00004e55598e
00004f2415dc
00004ff2d22a
000050c18e78
000051904ac6
0000525f0714
0000532dc362
000053fc7fb0
000054cb3bfe
00005599f84c
00005668b49a
0000573770e8
000058062d36
000058d4e984
000059a3a5d2
00005a726220
00005b411e6e
00005c0fdabc
00005cde970a
00005dad5358
00005e7c0fa6
00005f4acbf4
000060198842
000060e84490
000061b700de
00006285bd2c
00006354797a
0000642335c8
000064f1f216
000065c0ae64
0000668f6ab2
ffff98a1d900
ffff9970954e
ffff9a3f519c
ffff9b0e0dea
ffff9bdcca38
ffff9cab8686
ffff9d7a42d4
ffff9e48ff22
ffff9f17bb70
ffff9fe677be
ffffa0b5340c
ffffa183f05a
ffffa252aca8
ffffa32168f6
ffffa3f02544
ffffa4bee192
ffffa58d9de0
ffffa65c5a2e
ffffa72b167c
ffffa7f9d2ca
ffffa8c88f18
ffffa9974b66
ffffaa6607b4
ffffab34c402
ffffac038050
ffffacd23c9e
ffffada0f8ec
ffffae6fb53a
ffffaf3e7188
ffffb00d2dd6
ffffb0dbea24
ffffb1aaa672
ffffb27962c0
ffffb3481f0e
ffffb416db5c
ffffb4e597aa
ffffb5b453f8
ffffb6831046
ffffb751cc94
ffffb82088e2
ffffb8ef4530
ffffb9be017e
ffffba8cbdcc
ffffbb5b7a1a
ffffbc2a3668
ffffbcf8f2b6
ffffbdc7af04
ffffbe966b52
ffffbf6527a0
ffffc033e3ee
ffffc102a03c
ffffc1d15c8a
ffffc2a018d8
ffffc36ed526
ffffc43d9174
ffffc50c4dc2
ffffc5db0a10
ffffc6a9c65e
ffffc77882ac
ffffc8473efa
ffffc915fb48
ffffc9e4b796
ffffcab373e4
ffffcb823032
ffffcc50ec80
ffffcd1fa8ce
ffffcdee651c
ffffcebd216a
ffffcf8bddb8
ffffd05a9a06
ffffd1295654
ffffd1f812a2
ffffd2c6cef0
ffffd3958b3e
ffffd464478c
ffffd53303da
ffffd601c028
ffffd6d07c76
ffffd79f38c4
ffffd86df512
ffffd93cb160
ffffda0b6dae
ffffdada29fc
ffffdba8e64a
ffffdc77a298
ffffdd465ee6
ffffde151b34
ffffdee3d782
ffffdfb293d0
ffffe081501e
ffffe1500c6c
ffffe21ec8ba
ffffe2ed8508
ffffe3bc4156
ffffe48afda4
ffffe559b9f2
ffffe6287640
ffffe6f7328e
ffffe7c5eedc
ffffe894ab2a
ffffe9636778
ffffea3223c6
ffffeb00e014
ffffebcf9c62
ffffec9e58b0
ffffed6d14fe
ffffee3bd14c
ffffef0a8d9a
ffffefd949e8
fffff0a80636
fffff176c284
fffff2457ed2
fffff3143b20
fffff3e2f76e
fffff4b1b3bc
fffff580700a
fffff64f2c58
fffff71de8a6
fffff7eca4f4
fffff8bb6142
fffff98a1d90
fffffa58d9de
fffffb27962c
fffffbf6527a
fffffcc50ec8
fffffd93cb16
fffffe628764
ffffff3143b2
000000000000
000000cebc4e
0000019d789c
0000026c34ea
0000033af138
00000409ad86
000004d869d4
000005a72622
00000675e270
000007449ebe
000008135b0c
000008e2175a
000009b0d3a8
00000a7f8ff6
00000b4e4c44
00000c1d0892
00000cebc4e0
00000dba812e
00000e893d7c
00000f57f9ca
00001026b618
000010f57266
000011c42eb4
00001292eb02
00001361a750
00001430639e
000014ff1fec
000015cddc3a
0000169c9888
0000176b54d6
0000183a1124
00001908cd72
000019d789c0
00001aa6460e
00001b75025c
00001c43beaa
00001d127af8
00001de13746
00001eaff394
00001f7eafe2
0000204d6c30
0000211c287e
000021eae4cc
000022b9a11a
000023885d68
0000245719b6
00002525d604
000025f49252
000026c34ea0
000027920aee
00002860c73c
0000292f838a
000029fe3fd8
00002accfc26
00002b9bb874
00002c6a74c2
00002d393110
00002e07ed5e
00002ed6a9ac
00002fa565fa
000030742248
00003142de96
000032119ae4
000032e05732
000033af1380
0000347dcfce
0000354c8c1c
0000361b486a
000036ea04b8
000037b8c106
000038877d54
0000395639a2
00003a24f5f0
00003af3b23e
00003bc26e8c
00003c912ada
00003d5fe728
00003e2ea376
00003efd5fc4
00003fcc1c12
0000409ad860
0000416994ae
0000423850fc
000043070d4a
000043d5c998
000044a485e6
000045734234
00004641fe82
00004710bad0
000047df771e
000048ae336c
0000497cefba
00004a4bac08
00004b1a6856
00004be924a4
00004cb7e0f2
00004d869d40
00004e55598e
00004f2415dc
00004ff2d22a
000050c18e78
000051904ac6
0000525f0714
0000532dc362
000053fc7fb0
000054cb3bfe
00005599f84c
00005668b49a
0000573770e8
000058062d36
000058d4e984
000059a3a5d2
00005a726220
00005b411e6e
00005c0fdabc
00005cde970a
00005dad5358
00005e7c0fa6
00005f4acbf4
000060198842
000060e84490
000061b700de
00006285bd2c
00006354797a
0000642335c8
000064f1f216
000065c0ae64
0000668f6ab2
ffff98a1d900
ffff9970954e
ffff9a3f519c
ffff9b0e0dea
ffff9bdcca38
ffff9cab8686
ffff9d7a42d4
ffff9e48ff22
ffff9f17bb70
ffff9fe677be
ffffa0b5340c
ffffa183f05a
ffffa252aca8
ffffa32168f6
ffffa3f02544
ffffa4bee192
ffffa58d9de0
ffffa65c5a2e
ffffa72b167c
ffffa7f9d2ca
ffffa8c88f18
ffffa9974b66
ffffaa6607b4
ffffab34c402
ffffac038050
ffffacd23c9e
ffffada0f8ec
ffffae6fb53a
ffffaf3e7188
ffffb00d2dd6
ffffb0dbea24
ffffb1aaa672
ffffb27962c0
ffffb3481f0e
ffffb416db5c
ffffb4e597aa
ffffb5b453f8
ffffb6831046
ffffb751cc94
ffffb82088e2
ffffb8ef4530
ffffb9be017e
ffffba8cbdcc
ffffbb5b7a1a
ffffbc2a3668
ffffbcf8f2b6
ffffbdc7af04
ffffbe966b52
ffffbf6527a0
ffffc033e3ee
ffffc102a03c
ffffc1d15c8a
ffffc2a018d8
ffffc36ed526
ffffc43d9174
ffffc50c4dc2
ffffc5db0a10
ffffc6a9c65e
ffffc77882ac
ffffc8473efa
ffffc915fb48
ffffc9e4b796
ffffcab373e4
ffffcb823032
ffffcc50ec80
ffffcd1fa8ce
ffffcdee651c
ffffcebd216a
ffffcf8bddb8
ffffd05a9a06
ffffd1295654
ffffd1f812a2
ffffd2c6cef0
ffffd3958b3e
ffffd464478c
ffffd53303da
ffffd601c028
ffffd6d07c76
ffffd79f38c4
ffffd86df512
ffffd93cb160
ffffda0b6dae
ffffdada29fc
ffffdba8e64a
ffffdc77a298
ffffdd465ee6
ffffde151b34
ffffdee3d782
ffffdfb293d0
ffffe081501e
ffffe1500c6c
ffffe21ec8ba
ffffe2ed8508
ffffe3bc4156
ffffe48afda4
ffffe559b9f2
ffffe6287640
ffffe6f7328e
ffffe7c5eedc
ffffe894ab2a
ffffe9636778
ffffea3223c6
ffffeb00e014
ffffebcf9c62
ffffec9e58b0
ffffed6d14fe
ffffee3bd14c
ffffef0a8d9a
ffffefd949e8
fffff0a80636
fffff176c284
fffff2457ed2
fffff3143b20
fffff3e2f76e
fffff4b1b3bc
fffff580700a
fffff64f2c58
fffff71de8a6
fffff7eca4f4
fffff8bb6142
fffff98a1d90
fffffa58d9de
fffffb27962c
fffffbf6527a
fffffcc50ec8
fffffd93cb16
fffffe628764
ffffff3143b2
000000000000
000000cebc4e
0000019d789c
0000026c34ea
0000033af138
00000409ad86
000004d869d4
000005a72622
00000675e270
000007449ebe
000008135b0c
000008e2175a
000009b0d3a8
00000a7f8ff6
00000b4e4c44
00000c1d0892
00000cebc4e0
00000dba812e
00000e893d7c
00000f57f9ca
00001026b618
000010f57266
000011c42eb4
00001292eb02
00001361a750
00001430639e
000014ff1fec
000015cddc3a
0000169c9888
0000176b54d6
0000183a1124
00001908cd72
000019d789c0
00001aa6460e
00001b75025c
00001c43beaa
00001d127af8
00001de13746
00001eaff394
00001f7eafe2
0000204d6c30
0000211c287e
000021eae4cc
000022b9a11a
000023885d68
0000245719b6
00002525d604
000025f49252
000026c34ea0
000027920aee
00002860c73c
0000292f838a
000029fe3fd8
00002accfc26
00002b9bb874
00002c6a74c2
00002d393110
00002e07ed5e
00002ed6a9ac
00002fa565fa
000030742248
00003142de96
000032119ae4
000032e05732
000033af1380
0000347dcfce
0000354c8c1c
0000361b486a
000036ea04b8
000037b8c106
000038877d54
0000395639a2
00003a24f5f0
00003af3b23e
00003bc26e8c
00003c912ada
00003d5fe728
00003e2ea376
00003efd5fc4
00003fcc1c12
0000409ad860
0000416994ae
0000423850fc
000043070d4a
000043d5c998
000044a485e6
000045734234
00004641fe82
00004710bad0
000047df771e
000048ae336c
0000497cefba
00004a4bac08
00004b1a6856
00004be924a4
00004cb7e0f2
00004d869d40
00004e55598e
00004f2415dc
00004ff2d22a
000050c18e78
000051904ac6
0000525f0714
0000532dc362
000053fc7fb0
000054cb3bfe
00005599f84c
00005668b49a
0000573770e8
000058062d36
000058d4e984
000059a3a5d2
00005a726220
00005b411e6e
00005c0fdabc
00005cde970a
00005dad5358
00005e7c0fa6
00005f4acbf4
000060198842
000060e84490
000061b700de
00006285bd2c
00006354797a
0000642335c8
000064f1f216
000065c0ae64
0000668f6ab2
ffff98a1d900
ffff9970954e
ffff9a3f519c
ffff9b0e0dea
ffff9bdcca38
ffff9cab8686
ffff9d7a42d4
ffff9e48ff22
ffff9f17bb70
ffff9fe677be
ffffa0b5340c
ffffa183f05a
ffffa252aca8
ffffa32168f6
ffffa3f02544
ffffa4bee192
ffffa58d9de0
ffffa65c5a2e
ffffa72b167c
ffffa7f9d2ca
ffffa8c88f18
ffffa9974b66
ffffaa6607b4
ffffab34c402
ffffac038050
ffffacd23c9e
ffffada0f8ec
ffffae6fb53a
ffffaf3e7188
ffffb00d2dd6
ffffb0dbea24
ffffb1aaa672
ffffb27962c0
ffffb3481f0e
ffffb416db5c
ffffb4e597aa
ffffb5b453f8
ffffb6831046
ffffb751cc94
ffffb82088e2
ffffb8ef4530
ffffb9be017e
ffffba8cbdcc
ffffbb5b7a1a
ffffbc2a3668
ffffbcf8f2b6
ffffbdc7af04
ffffbe966b52
ffffbf6527a0
ffffc033e3ee
ffffc102a03c
ffffc1d15c8a
ffffc2a018d8
ffffc36ed526
ffffc43d9174
ffffc50c4dc2
ffffc5db0a10
ffffc6a9c65e
ffffc77882ac
ffffc8473efa
ffffc915fb48
ffffc9e4b796
ffffcab373e4
ffffcb823032
ffffcc50ec80
ffffcd1fa8ce
ffffcdee651c
ffffcebd216a
ffffcf8bddb8
ffffd05a9a06
ffffd1295654
ffffd1f812a2
ffffd2c6cef0
ffffd3958b3e
ffffd464478c
ffffd53303da
ffffd601c028
ffffd6d07c76
ffffd79f38c4
ffffd86df512
ffffd93cb160
ffffda0b6dae
ffffdada29fc
ffffdba8e64a
ffffdc77a298
ffffdd465ee6
ffffde151b34
ffffdee3d782
ffffdfb293d0
ffffe081501e
ffffe1500c6c
ffffe21ec8ba
ffffe2ed8508
ffffe3bc4156
ffffe48afda4
ffffe559b9f2
ffffe6287640
ffffe6f7328e
ffffe7c5eedc
ffffe894ab2a
ffffe9636778
ffffea3223c6
ffffeb00e014
ffffebcf9c62
ffffec9e58b0
ffffed6d14fe
ffffee3bd14c
ffffef0a8d9a
ffffefd949e8
fffff0a80636
fffff176c284
fffff2457ed2
fffff3143b20
fffff3e2f76e
fffff4b1b3bc
fffff580700a
fffff64f2c58
fffff71de8a6
fffff7eca4f4
fffff8bb6142
fffff98a1d90
fffffa58d9de
fffffb27962c
fffffbf6527a
fffffcc50ec8
fffffd93cb16
fffffe628764
ffffff3143b2
000000000000
000000f8152b
000001f02a56
000002e83f81
000003e054ac
000004d869d7
000005d07f02
000006c8942d
000007c0a958
000008b8be83
000009b0d3ae
00000aa8e8d9
00000ba0fe04
00000c99132f
00000d91285a
00000e893d85
00000f8152b0
0000107967db
000011717d06
000012699231
00001361a75c
00001459bc87
00001551d1b2
00001649e6dd
00001741fc08
0000183a1133
00001932265e
00001a2a3b89
00001b2250b4
00001c1a65df
00001d127b0a
00001e0a9035
00001f02a560
00001ffaba8b
000020f2cfb6
000021eae4e1
000022e2fa0c
000023db0f37
000024d32462
000025cb398d
000026c34eb8
000027bb63e3
000028b3790e
000029ab8e39
00002aa3a364
00002b9bb88f
00002c93cdba
00002d8be2e5
00002e83f810
00002f7c0d3b
000030742266
0000316c3791
000032644cbc
0000335c61e7
000034547712
0000354c8c3d
00003644a168
0000373cb693
00003834cbbe
0000392ce0e9
00003a24f614
00003b1d0b3f
00003c15206a
00003d0d3595
00003e054ac0
00003efd5feb
00003ff57516
000040ed8a41
000041e59f6c
000042ddb497
000043d5c9c2
000044cddeed
000045c5f418
000046be0943
000047b61e6e
000048ae3399
000049a648c4
00004a9e5def
00004b96731a
00004c8e8845
00004d869d70
00004e7eb29b
00004f76c7c6
0000506edcf1
00005166f21c
0000525f0747
000053571c72
0000544f319d
0000554746c8
0000563f5bf3
00005737711e
0000582f8649
000059279b74
00005a1fb09f
00005b17c5ca
00005c0fdaf5
00005d07f020
00005e00054b
00005ef81a76
00005ff02fa1
000060e844cc
000061e059f7
000062d86f22
000063d0844d
000064c89978
000065c0aea3
000066b8c3ce
000067b0d8f9
000068a8ee24
000069a1034f
00006a99187a
00006b912da5
00006c8942d0
00006d8157fb
00006e796d26
00006f718251
00007069977c
00007161aca7
00007259c1d2
00007351d6fd
00007449ec28
000075420153
0000763a167e
000077322ba9
0000782a40d4
0000792255ff
00007a1a6b2a
00007b128055
ffff83f56a80
ffff84ed7fab
ffff85e594d6
ffff86ddaa01
ffff87d5bf2c
ffff88cdd457
ffff89c5e982
ffff8abdfead
ffff8bb613d8
ffff8cae2903
ffff8da63e2e
ffff8e9e5359
ffff8f966884
ffff908e7daf
ffff918692da
ffff927ea805
ffff9376bd30
ffff946ed25b
ffff9566e786
ffff965efcb1
ffff975711dc
ffff984f2707
ffff99473c32
ffff9a3f515d
ffff9b376688
ffff9c2f7bb3
ffff9d2790de
ffff9e1fa609
ffff9f17bb34
ffffa00fd05f
ffffa107e58a
ffffa1fffab5
ffffa2f80fe0
ffffa3f0250b
ffffa4e83a36
ffffa5e04f61
ffffa6d8648c
ffffa7d079b7
ffffa8c88ee2
ffffa9c0a40d
ffffaab8b938
ffffabb0ce63
ffffaca8e38e
ffffada0f8b9
ffffae990de4
ffffaf91230f
ffffb089383a
ffffb1814d65
ffffb2796290
ffffb37177bb
ffffb4698ce6
ffffb561a211
ffffb659b73c
ffffb751cc67
ffffb849e192
ffffb941f6bd
ffffba3a0be8
ffffbb322113
ffffbc2a363e
ffffbd224b69
ffffbe1a6094
ffffbf1275bf
ffffc00a8aea
ffffc102a015
ffffc1fab540
ffffc2f2ca6b
ffffc3eadf96
ffffc4e2f4c1
ffffc5db09ec
ffffc6d31f17
ffffc7cb3442
ffffc8c3496d
ffffc9bb5e98
ffffcab373c3
ffffcbab88ee
ffffcca39e19
ffffcd9bb344
ffffce93c86f
ffffcf8bdd9a
ffffd083f2c5
ffffd17c07f0
ffffd2741d1b
ffffd36c3246
ffffd4644771
ffffd55c5c9c
ffffd65471c7
ffffd74c86f2
ffffd8449c1d
ffffd93cb148
ffffda34c673
ffffdb2cdb9e
ffffdc24f0c9
ffffdd1d05f4
ffffde151b1f
ffffdf0d304a
ffffe0054575
ffffe0fd5aa0
ffffe1f56fcb
ffffe2ed84f6
ffffe3e59a21
ffffe4ddaf4c
ffffe5d5c477
ffffe6cdd9a2
ffffe7c5eecd
ffffe8be03f8
ffffe9b61923
ffffeaae2e4e
ffffeba64379
ffffec9e58a4
ffffed966dcf
ffffee8e82fa
ffffef869825
fffff07ead50
fffff176c27b
fffff26ed7a6
fffff366ecd1
fffff45f01fc
fffff5571727
fffff64f2c52
fffff747417d
fffff83f56a8
fffff9376bd3
fffffa2f80fe
fffffb279629
fffffc1fab54
fffffd17c07f
fffffe0fd5aa
ffffff07ead5
000000000000
000000f8152b
000001f02a56
000002e83f81
000003e054ac
000004d869d7
000005d07f02
000006c8942d
000007c0a958
000008b8be83
000009b0d3ae
00000aa8e8d9
00000ba0fe04
00000c99132f
00000d91285a
00000e893d85
00000f8152b0
0000107967db
000011717d06
000012699231
00001361a75c
00001459bc87
00001551d1b2
00001649e6dd
00001741fc08
0000183a1133
00001932265e
00001a2a3b89
00001b2250b4
00001c1a65df
00001d127b0a
00001e0a9035
00001f02a560
00001ffaba8b
000020f2cfb6
000021eae4e1
000022e2fa0c
000023db0f37
000024d32462
000025cb398d
000026c34eb8
000027bb63e3
000028b3790e
000029ab8e39
00002aa3a364
00002b9bb88f
00002c93cdba
00002d8be2e5
00002e83f810
00002f7c0d3b
000030742266
0000316c3791
000032644cbc
0000335c61e7
000034547712
0000354c8c3d
00003644a168
0000373cb693
00003834cbbe
0000392ce0e9
00003a24f614
00003b1d0b3f
00003c15206a
00003d0d3595
00003e054ac0
00003efd5feb
00003ff57516
000040ed8a41
000041e59f6c
000042ddb497
000043d5c9c2
000044cddeed
000045c5f418
000046be0943
000047b61e6e
000048ae3399
000049a648c4
00004a9e5def
00004b96731a
00004c8e8845
00004d869d70
00004e7eb29b
00004f76c7c6
0000506edcf1
00005166f21c
0000525f0747
000053571c72
0000544f319d
0000554746c8
0000563f5bf3
00005737711e
0000582f8649
000059279b74
00005a1fb09f
00005b17c5ca
00005c0fdaf5
00005d07f020
00005e00054b
00005ef81a76
00005ff02fa1
000060e844cc
000061e059f7
000062d86f22
000063d0844d
000064c89978
000065c0aea3
000066b8c3ce
000067b0d8f9
000068a8ee24
000069a1034f
00006a99187a
00006b912da5
00006c8942d0
00006d8157fb
00006e796d26
00006f718251
00007069977c
00007161aca7
00007259c1d2
00007351d6fd
00007449ec28
000075420153
0000763a167e
000077322ba9
0000782a40d4
0000792255ff
00007a1a6b2a
00007b128055
ffff83f56a80
ffff84ed7fab
ffff85e594d6
ffff86ddaa01
ffff87d5bf2c
ffff88cdd457
ffff89c5e982
ffff8abdfead
ffff8bb613d8
ffff8cae2903
ffff8da63e2e
ffff8e9e5359
ffff8f966884
ffff908e7daf
ffff918692da
ffff927ea805
ffff9376bd30
ffff946ed25b
ffff9566e786
ffff965efcb1
ffff975711dc
ffff984f2707
ffff99473c32
ffff9a3f515d
ffff9b376688
ffff9c2f7bb3
ffff9d2790de
ffff9e1fa609
ffff9f17bb34
ffffa00fd05f
ffffa107e58a
ffffa1fffab5
ffffa2f80fe0
ffffa3f0250b
ffffa4e83a36
ffffa5e04f61
ffffa6d8648c
ffffa7d079b7
ffffa8c88ee2
ffffa9c0a40d
ffffaab8b938
ffffabb0ce63
ffffaca8e38e
ffffada0f8b9
ffffae990de4
ffffaf91230f
ffffb089383a
ffffb1814d65
ffffb2796290
ffffb37177bb
ffffb4698ce6
ffffb561a211
ffffb659b73c
ffffb751cc67
ffffb849e192
ffffb941f6bd
ffffba3a0be8
ffffbb322113
ffffbc2a363e
ffffbd224b69
ffffbe1a6094
ffffbf1275bf
ffffc00a8aea
ffffc102a015
ffffc1fab540
ffffc2f2ca6b
ffffc3eadf96
ffffc4e2f4c1
ffffc5db09ec
ffffc6d31f17
ffffc7cb3442
ffffc8c3496d
ffffc9bb5e98
ffffcab373c3
ffffcbab88ee
ffffcca39e19
ffffcd9bb344
ffffce93c86f
ffffcf8bdd9a
ffffd083f2c5
ffffd17c07f0
ffffd2741d1b
ffffd36c3246
ffffd4644771
ffffd55c5c9c
ffffd65471c7
ffffd74c86f2
ffffd8449c1d
ffffd93cb148
ffffda34c673
ffffdb2cdb9e
ffffdc24f0c9
ffffdd1d05f4
ffffde151b1f
ffffdf0d304a
ffffe0054575
ffffe0fd5aa0
ffffe1f56fcb
ffffe2ed84f6
ffffe3e59a21
ffffe4ddaf4c
ffffe5d5c477
ffffe6cdd9a2
ffffe7c5eecd
ffffe8be03f8
ffffe9b61923
ffffeaae2e4e
ffffeba64379
ffffec9e58a4
ffffed966dcf
ffffee8e82fa
ffffef869825
fffff07ead50
fffff176c27b
fffff26ed7a6
fffff366ecd1
fffff45f01fc
fffff5571727
fffff64f2c52
fffff747417d
fffff83f56a8
fffff9376bd3
fffffa2f80fe
fffffb279629
fffffc1fab54
fffffd17c07f
fffffe0fd5aa
ffffff07ead5
000000000000
000000f8152b
000001f02a56
000002e83f81
000003e054ac
000004d869d7
000005d07f02
000006c8942d
000007c0a958
000008b8be83
000009b0d3ae
00000aa8e8d9
00000ba0fe04
00000c99132f
00000d91285a
00000e893d85
00000f8152b0
0000107967db
000011717d06
000012699231
00001361a75c
00001459bc87
00001551d1b2
00001649e6dd
00001741fc08
0000183a1133
00001932265e
00001a2a3b89
00001b2250b4
00001c1a65df
00001d127b0a
00001e0a9035
00001f02a560
00001ffaba8b
000020f2cfb6
000021eae4e1
000022e2fa0c
000023db0f37
000024d32462
000025cb398d
000026c34eb8
000027bb63e3
000028b3790e
000029ab8e39
00002aa3a364
00002b9bb88f
00002c93cdba
00002d8be2e5
00002e83f810
00002f7c0d3b
000030742266
0000316c3791
000032644cbc
0000335c61e7
000034547712
0000354c8c3d
00003644a168
0000373cb693
00003834cbbe
0000392ce0e9
00003a24f614
00003b1d0b3f
00003c15206a
00003d0d3595
00003e054ac0
00003efd5feb
00003ff57516
000040ed8a41
000041e59f6c
000042ddb497
000043d5c9c2
000044cddeed
000045c5f418
000046be0943
000047b61e6e
000048ae3399
000049a648c4
00004a9e5def
00004b96731a
00004c8e8845
00004d869d70
00004e7eb29b
00004f76c7c6
0000506edcf1
00005166f21c
0000525f0747
000053571c72
0000544f319d
0000554746c8
0000563f5bf3
00005737711e
0000582f8649
000059279b74
00005a1fb09f
00005b17c5ca
00005c0fdaf5
00005d07f020
00005e00054b
00005ef81a76
00005ff02fa1
000060e844cc
000061e059f7
000062d86f22
000063d0844d
000064c89978
000065c0aea3
000066b8c3ce
000067b0d8f9
000068a8ee24
000069a1034f
00006a99187a
00006b912da5
00006c8942d0
00006d8157fb
00006e796d26
00006f718251
00007069977c
00007161aca7
00007259c1d2
00007351d6fd
00007449ec28
000075420153
0000763a167e
000077322ba9
0000782a40d4
0000792255ff
00007a1a6b2a
00007b128055
ffff83f56a80
ffff84ed7fab
ffff85e594d6
ffff86ddaa01
ffff87d5bf2c
ffff88cdd457
ffff89c5e982
ffff8abdfead
ffff8bb613d8
ffff8cae2903
ffff8da63e2e
ffff8e9e5359
ffff8f966884
ffff908e7daf
ffff918692da
ffff927ea805
ffff9376bd30
ffff946ed25b
ffff9566e786
ffff965efcb1
ffff975711dc
ffff984f2707
ffff99473c32
ffff9a3f515d
ffff9b376688
ffff9c2f7bb3
ffff9d2790de
ffff9e1fa609
ffff9f17bb34
ffffa00fd05f
ffffa107e58a
ffffa1fffab5
ffffa2f80fe0
ffffa3f0250b
ffffa4e83a36
ffffa5e04f61
ffffa6d8648c
ffffa7d079b7
ffffa8c88ee2
ffffa9c0a40d
ffffaab8b938
ffffabb0ce63
ffffaca8e38e
ffffada0f8b9
ffffae990de4
ffffaf91230f
ffffb089383a
ffffb1814d65
ffffb2796290
ffffb37177bb
ffffb4698ce6
ffffb561a211
ffffb659b73c
ffffb751cc67
ffffb849e192
ffffb941f6bd
ffffba3a0be8
ffffbb322113
ffffbc2a363e
ffffbd224b69
ffffbe1a6094
ffffbf1275bf
ffffc00a8aea
ffffc102a015
ffffc1fab540
ffffc2f2ca6b
ffffc3eadf96
ffffc4e2f4c1
ffffc5db09ec
ffffc6d31f17
ffffc7cb3442
ffffc8c3496d
ffffc9bb5e98
ffffcab373c3
ffffcbab88ee
ffffcca39e19
ffffcd9bb344
ffffce93c86f
ffffcf8bdd9a
ffffd083f2c5
ffffd17c07f0
ffffd2741d1b
ffffd36c3246
ffffd4644771
ffffd55c5c9c
ffffd65471c7
ffffd74c86f2
ffffd8449c1d
ffffd93cb148
ffffda34c673
ffffdb2cdb9e
ffffdc24f0c9
ffffdd1d05f4
ffffde151b1f
ffffdf0d304a
ffffe0054575
ffffe0fd5aa0
ffffe1f56fcb
ffffe2ed84f6
ffffe3e59a21
ffffe4ddaf4c
ffffe5d5c477
ffffe6cdd9a2
ffffe7c5eecd
ffffe8be03f8
ffffe9b61923
ffffeaae2e4e
ffffeba64379
ffffec9e58a4
ffffed966dcf
ffffee8e82fa
ffffef869825
fffff07ead50
fffff176c27b
fffff26ed7a6
fffff366ecd1
fffff45f01fc
fffff5571727
fffff64f2c52
fffff747417d
fffff83f56a8
fffff9376bd3
fffffa2f80fe
fffffb279629
fffffc1fab54
fffffd17c07f
fffffe0fd5aa
ffffff07ead5
000000000000
000000cebc4e
0000019d789c
0000026c34ea
0000033af138
00000409ad86
000004d869d4
000005a72622
00000675e270
000007449ebe
000008135b0c
000008e2175a
000009b0d3a8
00000a7f8ff6
00000b4e4c44
00000c1d0892
00000cebc4e0
00000dba812e
00000e893d7c
00000f57f9ca
00001026b618
000010f57266
000011c42eb4
00001292eb02
00001361a750
00001430639e
000014ff1fec
000015cddc3a
0000169c9888
0000176b54d6
0000183a1124
00001908cd72
000019d789c0
00001aa6460e
00001b75025c
00001c43beaa
00001d127af8
00001de13746
00001eaff394
00001f7eafe2
0000204d6c30
0000211c287e
000021eae4cc
000022b9a11a
000023885d68
0000245719b6
00002525d604
000025f49252
000026c34ea0
000027920aee
00002860c73c
0000292f838a
000029fe3fd8
00002accfc26
00002b9bb874
00002c6a74c2
00002d393110
00002e07ed5e
00002ed6a9ac
00002fa565fa
000030742248
00003142de96
000032119ae4
000032e05732
000033af1380
0000347dcfce
0000354c8c1c
0000361b486a
000036ea04b8
000037b8c106
000038877d54
0000395639a2
00003a24f5f0
00003af3b23e
00003bc26e8c
00003c912ada
00003d5fe728
00003e2ea376
00003efd5fc4
00003fcc1c12
0000409ad860
0000416994ae
0000423850fc
000043070d4a
000043d5c998
000044a485e6
000045734234
00004641fe82
00004710bad0
000047df771e
000048ae336c
0000497cefba
00004a4bac08
00004b1a6856
00004be924a4
00004cb7e0f2
00004d869d40
00004e55598e
00004f2415dc
00004ff2d22a
000050c18e78
000051904ac6
0000525f0714
0000532dc362
000053fc7fb0
000054cb3bfe
00005599f84c
00005668b49a
0000573770e8
000058062d36
000058d4e984
000059a3a5d2
00005a726220
00005b411e6e
00005c0fdabc
00005cde970a
00005dad5358
00005e7c0fa6
00005f4acbf4
000060198842
000060e84490
000061b700de
00006285bd2c
00006354797a
0000642335c8
000064f1f216
000065c0ae64
0000668f6ab2
ffff98a1d900
ffff9970954e
ffff9a3f519c
ffff9b0e0dea
ffff9bdcca38
ffff9cab8686
ffff9d7a42d4
ffff9e48ff22
ffff9f17bb70
ffff9fe677be
ffffa0b5340c
ffffa183f05a
ffffa252aca8
ffffa32168f6
ffffa3f02544
ffffa4bee192
ffffa58d9de0
ffffa65c5a2e
ffffa72b167c
ffffa7f9d2ca
ffffa8c88f18
ffffa9974b66
ffffaa6607b4
ffffab34c402
ffffac038050
ffffacd23c9e
ffffada0f8ec
ffffae6fb53a
ffffaf3e7188
ffffb00d2dd6
ffffb0dbea24
ffffb1aaa672
ffffb27962c0
ffffb3481f0e
ffffb416db5c
ffffb4e597aa
ffffb5b453f8
ffffb6831046
ffffb751cc94
ffffb82088e2
ffffb8ef4530
ffffb9be017e
ffffba8cbdcc
ffffbb5b7a1a
ffffbc2a3668
ffffbcf8f2b6
ffffbdc7af04
ffffbe966b52
ffffbf6527a0
ffffc033e3ee
ffffc102a03c
ffffc1d15c8a
ffffc2a018d8
ffffc36ed526
ffffc43d9174
ffffc50c4dc2
ffffc5db0a10
ffffc6a9c65e
ffffc77882ac
ffffc8473efa
ffffc915fb48
ffffc9e4b796
ffffcab373e4
ffffcb823032
ffffcc50ec80
ffffcd1fa8ce
ffffcdee651c
ffffcebd216a
ffffcf8bddb8
ffffd05a9a06
ffffd1295654
ffffd1f812a2
ffffd2c6cef0
ffffd3958b3e
ffffd464478c
ffffd53303da
ffffd601c028
ffffd6d07c76
ffffd79f38c4
ffffd86df512
ffffd93cb160
ffffda0b6dae
ffffdada29fc
ffffdba8e64a
ffffdc77a298
ffffdd465ee6
ffffde151b34
ffffdee3d782
ffffdfb293d0
ffffe081501e
ffffe1500c6c
ffffe21ec8ba
ffffe2ed8508
ffffe3bc4156
ffffe48afda4
ffffe559b9f2
ffffe6287640
ffffe6f7328e
ffffe7c5eedc
ffffe894ab2a
ffffe9636778
ffffea3223c6
ffffeb00e014
ffffebcf9c62
ffffec9e58b0
ffffed6d14fe
ffffee3bd14c
ffffef0a8d9a
ffffefd949e8
fffff0a80636
fffff176c284
fffff2457ed2
fffff3143b20
fffff3e2f76e
fffff4b1b3bc
fffff580700a
fffff64f2c58
fffff71de8a6
fffff7eca4f4
fffff8bb6142
fffff98a1d90
fffffa58d9de
fffffb27962c
fffffbf6527a
fffffcc50ec8
fffffd93cb16
fffffe628764
ffffff3143b2
000000000000
000000cebc4e
0000019d789c
0000026c34ea
0000033af138
00000409ad86
000004d869d4
000005a72622
00000675e270
000007449ebe
000008135b0c
000008e2175a
000009b0d3a8
00000a7f8ff6
00000b4e4c44
00000c1d0892
00000cebc4e0
00000dba812e
00000e893d7c
00000f57f9ca
00001026b618
000010f57266
000011c42eb4
00001292eb02
00001361a750
00001430639e
000014ff1fec
000015cddc3a
0000169c9888
0000176b54d6
0000183a1124
00001908cd72
000019d789c0
00001aa6460e
00001b75025c
00001c43beaa
00001d127af8
00001de13746
00001eaff394
00001f7eafe2
0000204d6c30
0000211c287e
000021eae4cc
000022b9a11a
000023885d68
0000245719b6
00002525d604
000025f49252
000026c34ea0
000027920aee
00002860c73c
0000292f838a
000029fe3fd8
00002accfc26
00002b9bb874
00002c6a74c2
00002d393110
00002e07ed5e
00002ed6a9ac
00002fa565fa
000030742248
00003142de96
000032119ae4
000032e05732
000033af1380
0000347dcfce
0000354c8c1c
0000361b486a
000036ea04b8
000037b8c106
000038877d54
0000395639a2
00003a24f5f0
00003af3b23e
00003bc26e8c
00003c912ada
00003d5fe728
00003e2ea376
00003efd5fc4
00003fcc1c12
0000409ad860
0000416994ae
0000423850fc
000043070d4a
000043d5c998
000044a485e6
000045734234
00004641fe82
00004710bad0
000047df771e
000048ae336c
0000497cefba
00004a4bac08
00004b1a6856
00004be924a4
00004cb7e0f2
00004d869d40
00004e55598e
00004f2415dc
00004ff2d22a
000050c18e78
000051904ac6
0000525f0714
0000532dc362
000053fc7fb0
000054cb3bfe
00005599f84c
00005668b49a
0000573770e8
000058062d36
000058d4e984
000059a3a5d2
00005a726220
00005b411e6e
00005c0fdabc
00005cde970a
00005dad5358
00005e7c0fa6
00005f4acbf4
000060198842
000060e84490
000061b700de
00006285bd2c
00006354797a
0000642335c8
000064f1f216
000065c0ae64
0000668f6ab2
ffff98a1d900
ffff9970954e
ffff9a3f519c
ffff9b0e0dea
ffff9bdcca38
ffff9cab8686
ffff9d7a42d4
ffff9e48ff22
ffff9f17bb70
ffff9fe677be
ffffa0b5340c
ffffa183f05a
ffffa252aca8
ffffa32168f6
ffffa3f02544
ffffa4bee192
ffffa58d9de0
ffffa65c5a2e
ffffa72b167c
ffffa7f9d2ca
ffffa8c88f18
ffffa9974b66
ffffaa6607b4
ffffab34c402
ffffac038050
ffffacd23c9e
ffffada0f8ec
ffffae6fb53a
ffffaf3e7188
ffffb00d2dd6
ffffb0dbea24
ffffb1aaa672
ffffb27962c0
ffffb3481f0e
ffffb416db5c
ffffb4e597aa
ffffb5b453f8
ffffb6831046
ffffb751cc94
ffffb82088e2
ffffb8ef4530
ffffb9be017e
ffffba8cbdcc
ffffbb5b7a1a
ffffbc2a3668
ffffbcf8f2b6
ffffbdc7af04
ffffbe966b52
ffffbf6527a0
ffffc033e3ee
ffffc102a03c
ffffc1d15c8a
ffffc2a018d8
ffffc36ed526
ffffc43d9174
ffffc50c4dc2
ffffc5db0a10
ffffc6a9c65e
ffffc77882ac
ffffc8473efa
ffffc915fb48
ffffc9e4b796
ffffcab373e4
ffffcb823032
ffffcc50ec80
ffffcd1fa8ce
ffffcdee651c
ffffcebd216a
ffffcf8bddb8
ffffd05a9a06
ffffd1295654
ffffd1f812a2
ffffd2c6cef0
ffffd3958b3e
ffffd464478c
ffffd53303da
ffffd601c028
ffffd6d07c76
ffffd79f38c4
ffffd86df512
ffffd93cb160
ffffda0b6dae
ffffdada29fc
ffffdba8e64a
ffffdc77a298
ffffdd465ee6
ffffde151b34
ffffdee3d782
ffffdfb293d0
ffffe081501e
ffffe1500c6c
ffffe21ec8ba
ffffe2ed8508
ffffe3bc4156
ffffe48afda4
ffffe559b9f2
ffffe6287640
ffffe6f7328e
ffffe7c5eedc
ffffe894ab2a
ffffe9636778
ffffea3223c6
ffffeb00e014
ffffebcf9c62
ffffec9e58b0
ffffed6d14fe
ffffee3bd14c
ffffef0a8d9a
ffffefd949e8
fffff0a80636
fffff176c284
fffff2457ed2
fffff3143b20
fffff3e2f76e
fffff4b1b3bc
fffff580700a
fffff64f2c58
fffff71de8a6
fffff7eca4f4
fffff8bb6142
fffff98a1d90
fffffa58d9de
fffffb27962c
fffffbf6527a
fffffcc50ec8
fffffd93cb16
fffffe628764
ffffff3143b2
000000000000
000000f8152b
000001f02a56
000002e83f81
000003e054ac
000004d869d7
000005d07f02
000006c8942d
000007c0a958
000008b8be83
000009b0d3ae
00000aa8e8d9
00000ba0fe04
00000c99132f
00000d91285a
00000e893d85
00000f8152b0
0000107967db
000011717d06
000012699231
00001361a75c
00001459bc87
00001551d1b2
00001649e6dd
00001741fc08
0000183a1133
00001932265e
00001a2a3b89
00001b2250b4
00001c1a65df
00001d127b0a
00001e0a9035
00001f02a560
00001ffaba8b
000020f2cfb6
000021eae4e1
000022e2fa0c
000023db0f37
000024d32462
000025cb398d
000026c34eb8
000027bb63e3
000028b3790e
000029ab8e39
00002aa3a364
00002b9bb88f
00002c93cdba
00002d8be2e5
00002e83f810
00002f7c0d3b
000030742266
0000316c3791
000032644cbc
0000335c61e7
000034547712
0000354c8c3d
00003644a168
0000373cb693
00003834cbbe
0000392ce0e9
00003a24f614
00003b1d0b3f
00003c15206a
00003d0d3595
00003e054ac0
00003efd5feb
00003ff57516
000040ed8a41
000041e59f6c
000042ddb497
000043d5c9c2
000044cddeed
000045c5f418
000046be0943
000047b61e6e
000048ae3399
000049a648c4
00004a9e5def
00004b96731a
00004c8e8845
00004d869d70
00004e7eb29b
00004f76c7c6
0000506edcf1
00005166f21c
0000525f0747
000053571c72
0000544f319d
0000554746c8
0000563f5bf3
00005737711e
0000582f8649
000059279b74
00005a1fb09f
00005b17c5ca
00005c0fdaf5
00005d07f020
00005e00054b
00005ef81a76
00005ff02fa1
000060e844cc
000061e059f7
000062d86f22
000063d0844d
000064c89978
000065c0aea3
000066b8c3ce
000067b0d8f9
000068a8ee24
000069a1034f
00006a99187a
00006b912da5
00006c8942d0
00006d8157fb
00006e796d26
00006f718251
00007069977c
00007161aca7
00007259c1d2
00007351d6fd
00007449ec28
000075420153
0000763a167e
000077322ba9
0000782a40d4
0000792255ff
00007a1a6b2a
00007b128055
ffff83f56a80
ffff84ed7fab
ffff85e594d6
ffff86ddaa01
ffff87d5bf2c
ffff88cdd457
ffff89c5e982
ffff8abdfead
ffff8bb613d8
ffff8cae2903
ffff8da63e2e
ffff8e9e5359
ffff8f966884
ffff908e7daf
ffff918692da
ffff927ea805
ffff9376bd30
ffff946ed25b
ffff9566e786
ffff965efcb1
ffff975711dc
ffff984f2707
ffff99473c32
ffff9a3f515d
ffff9b376688
ffff9c2f7bb3
ffff9d2790de
ffff9e1fa609
ffff9f17bb34
ffffa00fd05f
ffffa107e58a
ffffa1fffab5
ffffa2f80fe0
ffffa3f0250b
ffffa4e83a36
ffffa5e04f61
ffffa6d8648c
ffffa7d079b7
ffffa8c88ee2
ffffa9c0a40d
ffffaab8b938
ffffabb0ce63
ffffaca8e38e
ffffada0f8b9
ffffae990de4
ffffaf91230f
ffffb089383a
ffffb1814d65
ffffb2796290
ffffb37177bb
ffffb4698ce6
ffffb561a211
ffffb659b73c
ffffb751cc67
ffffb849e192
ffffb941f6bd
ffffba3a0be8
ffffbb322113
ffffbc2a363e
ffffbd224b69
ffffbe1a6094
ffffbf1275bf
ffffc00a8aea
ffffc102a015
ffffc1fab540
ffffc2f2ca6b
ffffc3eadf96
ffffc4e2f4c1
ffffc5db09ec
ffffc6d31f17
ffffc7cb3442
ffffc8c3496d
ffffc9bb5e98
ffffcab373c3
ffffcbab88ee
ffffcca39e19
ffffcd9bb344
ffffce93c86f
ffffcf8bdd9a
ffffd083f2c5
ffffd17c07f0
ffffd2741d1b
ffffd36c3246
ffffd4644771
ffffd55c5c9c
ffffd65471c7
ffffd74c86f2
ffffd8449c1d
ffffd93cb148
ffffda34c673
ffffdb2cdb9e
ffffdc24f0c9
ffffdd1d05f4
ffffde151b1f
ffffdf0d304a
ffffe0054575
ffffe0fd5aa0
ffffe1f56fcb
ffffe2ed84f6
ffffe3e59a21
ffffe4ddaf4c
ffffe5d5c477
ffffe6cdd9a2
ffffe7c5eecd
ffffe8be03f8
ffffe9b61923
ffffeaae2e4e
ffffeba64379
ffffec9e58a4
ffffed966dcf
ffffee8e82fa
ffffef869825
fffff07ead50
fffff176c27b
fffff26ed7a6
fffff366ecd1
fffff45f01fc
fffff5571727
fffff64f2c52
fffff747417d
fffff83f56a8
fffff9376bd3
fffffa2f80fe
fffffb279629
fffffc1fab54
fffffd17c07f
fffffe0fd5aa
ffffff07ead5
000000000000
000000f8152b
000001f02a56
000002e83f81
000003e054ac
000004d869d7
000005d07f02
000006c8942d
000007c0a958
000008b8be83
000009b0d3ae
00000aa8e8d9
00000ba0fe04
00000c99132f
00000d91285a
00000e893d85
00000f8152b0
0000107967db
000011717d06
000012699231
00001361a75c
00001459bc87
00001551d1b2
00001649e6dd
00001741fc08
0000183a1133
00001932265e
00001a2a3b89
00001b2250b4
00001c1a65df
00001d127b0a
00001e0a9035
00001f02a560
00001ffaba8b
000020f2cfb6
000021eae4e1
000022e2fa0c
000023db0f37
000024d32462
000025cb398d
000026c34eb8
000027bb63e3
000028b3790e
000029ab8e39
00002aa3a364
00002b9bb88f
00002c93cdba
00002d8be2e5
00002e83f810
00002f7c0d3b
000030742266
0000316c3791
000032644cbc
0000335c61e7
000034547712
0000354c8c3d
00003644a168
0000373cb693
00003834cbbe
0000392ce0e9
00003a24f614
00003b1d0b3f
00003c15206a
00003d0d3595
00003e054ac0
00003efd5feb
00003ff57516
000040ed8a41
000041e59f6c
000042ddb497
000043d5c9c2
000044cddeed
000045c5f418
000046be0943
000047b61e6e
000048ae3399
000049a648c4
00004a9e5def
00004b96731a
00004c8e8845
00004d869d70
00004e7eb29b
00004f76c7c6
0000506edcf1
00005166f21c
0000525f0747
000053571c72
0000544f319d
0000554746c8
0000563f5bf3
00005737711e
0000582f8649
000059279b74
00005a1fb09f
00005b17c5ca
00005c0fdaf5
00005d07f020
00005e00054b
00005ef81a76
00005ff02fa1
000060e844cc
000061e059f7
000062d86f22
000063d0844d
000064c89978
000065c0aea3
000066b8c3ce
000067b0d8f9
000068a8ee24
000069a1034f
00006a99187a
00006b912da5
00006c8942d0
00006d8157fb
00006e796d26
00006f718251
00007069977c
00007161aca7
00007259c1d2
00007351d6fd
00007449ec28
000075420153
0000763a167e
000077322ba9
0000782a40d4
0000792255ff
00007a1a6b2a
00007b128055
ffff83f56a80
ffff84ed7fab
ffff85e594d6
ffff86ddaa01
ffff87d5bf2c
ffff88cdd457
ffff89c5e982
ffff8abdfead
ffff8bb613d8
ffff8cae2903
ffff8da63e2e
ffff8e9e5359
ffff8f966884
ffff908e7daf
ffff918692da
ffff927ea805
ffff9376bd30
ffff946ed25b
ffff9566e786
ffff965efcb1
ffff975711dc
ffff984f2707
ffff99473c32
ffff9a3f515d
ffff9b376688
ffff9c2f7bb3
ffff9d2790de
ffff9e1fa609
ffff9f17bb34
ffffa00fd05f
ffffa107e58a
ffffa1fffab5
ffffa2f80fe0
ffffa3f0250b
ffffa4e83a36
ffffa5e04f61
ffffa6d8648c
ffffa7d079b7
ffffa8c88ee2
ffffa9c0a40d
ffffaab8b938
ffffabb0ce63
ffffaca8e38e
ffffada0f8b9
ffffae990de4
ffffaf91230f
ffffb089383a
ffffb1814d65
ffffb2796290
ffffb37177bb
ffffb4698ce6
ffffb561a211
ffffb659b73c
ffffb751cc67
ffffb849e192
ffffb941f6bd
ffffba3a0be8
ffffbb322113
ffffbc2a363e
ffffbd224b69
ffffbe1a6094
ffffbf1275bf
ffffc00a8aea
ffffc102a015
ffffc1fab540
ffffc2f2ca6b
ffffc3eadf96
ffffc4e2f4c1
ffffc5db09ec
ffffc6d31f17
ffffc7cb3442
ffffc8c3496d
ffffc9bb5e98
ffffcab373c3
ffffcbab88ee
ffffcca39e19
ffffcd9bb344
ffffce93c86f
ffffcf8bdd9a
ffffd083f2c5
ffffd17c07f0
ffffd2741d1b
ffffd36c3246
ffffd4644771
ffffd55c5c9c
ffffd65471c7
ffffd74c86f2
ffffd8449c1d
ffffd93cb148
ffffda34c673
ffffdb2cdb9e
ffffdc24f0c9
ffffdd1d05f4
ffffde151b1f
ffffdf0d304a
ffffe0054575
ffffe0fd5aa0
ffffe1f56fcb
ffffe2ed84f6
ffffe3e59a21
ffffe4ddaf4c
ffffe5d5c477
ffffe6cdd9a2
ffffe7c5eecd
ffffe8be03f8
ffffe9b61923
ffffeaae2e4e
ffffeba64379
ffffec9e58a4
ffffed966dcf
ffffee8e82fa
ffffef869825
fffff07ead50
fffff176c27b
fffff26ed7a6
fffff366ecd1
fffff45f01fc
fffff5571727
fffff64f2c52
fffff747417d
fffff83f56a8
fffff9376bd3
fffffa2f80fe
fffffb279629
fffffc1fab54
fffffd17c07f
fffffe0fd5aa
ffffff07ead5
000000000000
000000f8152b
000001f02a56
000002e83f81
000003e054ac
000004d869d7
000005d07f02
000006c8942d
000007c0a958
000008b8be83
000009b0d3ae
00000aa8e8d9
00000ba0fe04
00000c99132f
00000d91285a
00000e893d85
00000f8152b0
0000107967db
000011717d06
000012699231
00001361a75c
00001459bc87
00001551d1b2
00001649e6dd
00001741fc08
0000183a1133
00001932265e
00001a2a3b89
00001b2250b4
00001c1a65df
00001d127b0a
00001e0a9035
00001f02a560
00001ffaba8b
000020f2cfb6
000021eae4e1
000022e2fa0c
000023db0f37
000024d32462
000025cb398d
000026c34eb8
000027bb63e3
000028b3790e
000029ab8e39
00002aa3a364
00002b9bb88f
00002c93cdba
00002d8be2e5
00002e83f810
00002f7c0d3b
000030742266
0000316c3791
000032644cbc
0000335c61e7
000034547712
0000354c8c3d
00003644a168
0000373cb693
00003834cbbe
0000392ce0e9
00003a24f614
00003b1d0b3f
00003c15206a
00003d0d3595
00003e054ac0
00003efd5feb
00003ff57516
000040ed8a41
000041e59f6c
000042ddb497
000043d5c9c2
000044cddeed
000045c5f418
000046be0943
000047b61e6e
000048ae3399
000049a648c4
00004a9e5def
00004b96731a
00004c8e8845
00004d869d70
00004e7eb29b
00004f76c7c6
0000506edcf1
00005166f21c
0000525f0747
000053571c72
0000544f319d
0000554746c8
0000563f5bf3
00005737711e
0000582f8649
000059279b74
00005a1fb09f
00005b17c5ca
00005c0fdaf5
00005d07f020
00005e00054b
00005ef81a76
00005ff02fa1
000060e844cc
000061e059f7
000062d86f22
000063d0844d
000064c89978
000065c0aea3
000066b8c3ce
000067b0d8f9
000068a8ee24
000069a1034f
00006a99187a
00006b912da5
00006c8942d0
00006d8157fb
00006e796d26
00006f718251
00007069977c
00007161aca7
00007259c1d2
00007351d6fd
00007449ec28
000075420153
0000763a167e
000077322ba9
0000782a40d4
0000792255ff
00007a1a6b2a
00007b128055
ffff83f56a80
ffff84ed7fab
ffff85e594d6
ffff86ddaa01
ffff87d5bf2c
ffff88cdd457
ffff89c5e982
ffff8abdfead
ffff8bb613d8
ffff8cae2903
ffff8da63e2e
ffff8e9e5359
ffff8f966884
ffff908e7daf
ffff918692da
ffff927ea805
ffff9376bd30
ffff946ed25b
ffff9566e786
ffff965efcb1
ffff975711dc
ffff984f2707
ffff99473c32
ffff9a3f515d
ffff9b376688
ffff9c2f7bb3
ffff9d2790de
ffff9e1fa609
ffff9f17bb34
ffffa00fd05f
ffffa107e58a
ffffa1fffab5
ffffa2f80fe0
ffffa3f0250b
ffffa4e83a36
ffffa5e04f61
ffffa6d8648c
ffffa7d079b7
ffffa8c88ee2
ffffa9c0a40d
ffffaab8b938
ffffabb0ce63
ffffaca8e38e
ffffada0f8b9
ffffae990de4
ffffaf91230f
ffffb089383a
ffffb1814d65
ffffb2796290
ffffb37177bb
ffffb4698ce6
ffffb561a211
ffffb659b73c
ffffb751cc67
ffffb849e192
ffffb941f6bd
ffffba3a0be8
ffffbb322113
ffffbc2a363e
ffffbd224b69
ffffbe1a6094
ffffbf1275bf
ffffc00a8aea
ffffc102a015
ffffc1fab540
ffffc2f2ca6b
ffffc3eadf96
ffffc4e2f4c1
ffffc5db09ec
ffffc6d31f17
ffffc7cb3442
ffffc8c3496d
ffffc9bb5e98
ffffcab373c3
ffffcbab88ee
ffffcca39e19
ffffcd9bb344
ffffce93c86f
ffffcf8bdd9a
ffffd083f2c5
ffffd17c07f0
ffffd2741d1b
ffffd36c3246
ffffd4644771
ffffd55c5c9c
ffffd65471c7
ffffd74c86f2
ffffd8449c1d
ffffd93cb148
ffffda34c673
ffffdb2cdb9e
ffffdc24f0c9
ffffdd1d05f4
ffffde151b1f
ffffdf0d304a
ffffe0054575
ffffe0fd5aa0
ffffe1f56fcb
ffffe2ed84f6
ffffe3e59a21
ffffe4ddaf4c
ffffe5d5c477
ffffe6cdd9a2
ffffe7c5eecd
ffffe8be03f8
ffffe9b61923
ffffeaae2e4e
ffffeba64379
ffffec9e58a4
ffffed966dcf
ffffee8e82fa
ffffef869825
fffff07ead50
fffff176c27b
fffff26ed7a6
fffff366ecd1
fffff45f01fc
fffff5571727
fffff64f2c52
fffff747417d
fffff83f56a8
fffff9376bd3
fffffa2f80fe
fffffb279629
fffffc1fab54
fffffd17c07f
fffffe0fd5aa
ffffff07ead5
