experiment,source,sha256,bytes,dataset,seed,eval_batch_size,model_config_slug,test_OA,qat_test_OA
architecture_19,UP_all_samples_sqrt_inverse_clip3_2000_nobias/current_h32_br-both_fu-mean_sk2_z0_D0_A-shared_n-bn_a-relu_head64_tok4_state16/run_seed0/result.json,1dc3dbe71eb2e6ad1a72417ba086d0f56dca381db9e53c6aceff1f9f3ee82674,9584,UP,0,,,0.9769452449567724,
architecture_19,UP_all_samples_sqrt_inverse_clip3_2000_nobias/current_h32_br-both_fu-mean_sk2_z0_D0_A-shared_n-bn_a-relu_head64_tok4_state16/run_seed1/result.json,d1fdf096129d0e37d6141e16847ac5ab26e847d2a27f13af4681f3802ff254a1,9749,UP,1,,,0.9674763277068753,
architecture_19,UP_all_samples_sqrt_inverse_clip3_2000_nobias/current_h32_br-both_fu-mean_sk2_z0_D0_A-shared_n-bn_a-relu_head64_tok4_state16/run_seed2/result.json,b2948ed60164a5943e0232a6ca241654eea29e2a3968d9a133ab0a97fa40be65,10123,UP,2,,,0.9505146150679292,
architecture_19,UP_all_samples_sqrt_inverse_clip3_2000_nobias/current_h32_br-both_fu-mean_sk2_z0_D0_A-shared_n-bn_a-relu_head64_tok4_state16/run_seed3/result.json,57747e86564d6beccfd2f06d90968fe6e9bd129c581e32b174b5444b634d547d,9754,UP,3,,,0.962041992589543,
architecture_19,UP_all_samples_sqrt_inverse_clip3_2000_nobias/current_h32_br-both_fu-mean_sk2_z0_D0_A-shared_n-bn_a-relu_head64_tok4_state16/run_seed4/result.json,9fac2b7b61154abfd699c5ff160b8fc15d845e33208ba121cc0aa946f4dd15ad,9406,UP,4,,,0.9342116097159325,
architecture_19,UP_all_samples_sqrt_inverse_clip3_2000_nobias/current_h32_br-both_fu-mean_sk2_z0_D0_A-shared_n-bn_a-relu_head64_tok4_state16/run_seed5/result.json,0e69c007fdafe3e63ee7cc16cba7d1684cca506e63b272dd2026518f184906e7,9580,UP,5,,,0.9326471799094277,
architecture_19,UP_all_samples_sqrt_inverse_clip3_2000_nobias/current_h32_br-both_fu-mean_sk2_z0_D0_A-shared_n-bn_a-relu_head64_tok4_state16/run_seed6/result.json,f2a37a4408066edce2bd89502a623aa58bf036587a99f21b39cf589ba3b000f8,9421,UP,6,,,0.9574310415808975,
architecture_19,UP_all_samples_sqrt_inverse_clip3_2000_nobias/current_h32_br-both_fu-mean_sk2_z0_D0_A-shared_n-bn_a-relu_head64_tok4_state16/run_seed7/result.json,04c108e04af81710aea596a638c39d4e538ca3de7f1e37402d4070c644e790d0,9761,UP,7,,,0.9356113627006999,
architecture_19,UP_all_samples_sqrt_inverse_clip3_2000_nobias/current_h32_br-both_fu-mean_sk2_z0_D0_A-shared_n-bn_a-relu_head64_tok4_state16/run_seed8/result.json,b1315570f4b23edb453723e6e5c8637e73b8cdacd9fddc5d68a96c61da3cb903,9565,UP,8,,,0.9629477151090984,
architecture_19,UP_all_samples_sqrt_inverse_clip3_2000_nobias/current_h32_br-both_fu-mean_sk2_z0_D0_A-shared_n-bn_a-relu_head64_tok4_state16/run_seed9/result.json,e5fae6eca205894248e5e82e6d4b0e27b1cc3c242bbe06b27b9306617b315999,9798,UP,9,,,0.9347056401811445,
architecture_19,UP_all_samples_sqrt_inverse_clip3_2000_nobias/current_h32_br-both_fu-softmax_sk2_z0_D0_A-shared_n-bn_a-relu_head64_tok4_state16/run_seed0/result.json,7aa6ff9645ccd7f9f65746d4a8e989567922e8011fe2c32959eea5d34c28aee9,9767,UP,0,,,0.9785920131741458,
architecture_19,UP_all_samples_sqrt_inverse_clip3_2000_nobias/current_h32_br-both_fu-softmax_sk2_z0_D0_A-shared_n-bn_a-relu_head64_tok4_state16/run_seed1/result.json,e783d096e9b2e946346431598d7b805cf68a1ec1c7b8050a99f02f21d8751a11,10006,UP,1,,,0.939069575957184,
architecture_19,UP_all_samples_sqrt_inverse_clip3_2000_nobias/current_h32_br-both_fu-softmax_sk2_z0_D0_A-shared_n-bn_a-relu_head64_tok4_state16/run_seed2/result.json,893b9c1abb223044b4207f245a6125d1ca148d65094130f09f56c6577c5a8e2d,9618,UP,2,,,0.9439275421984356,
architecture_19,UP_all_samples_sqrt_inverse_clip3_2000_nobias/current_h32_br-both_fu-softmax_sk2_z0_D0_A-shared_n-bn_a-relu_head64_tok4_state16/run_seed3/result.json,a250429dffbe81f632387f0a61cff1767b44d3c54ad211258a87f079a70d6dce,9211,UP,3,,,0.9501852614244545,
architecture_19,UP_all_samples_sqrt_inverse_clip3_2000_nobias/current_h32_br-both_fu-softmax_sk2_z0_D0_A-shared_n-bn_a-relu_head64_tok4_state16/run_seed4/result.json,59b62b350c3853f468b8bfa4453482999d0ed0fffc27d9b99f3095b43cb402ba,9213,UP,4,,,0.9398106216550021,
architecture_19,UP_all_samples_sqrt_inverse_clip3_2000_nobias/current_h32_br-both_fu-softmax_sk2_z0_D0_A-shared_n-bn_a-relu_head64_tok4_state16/run_seed5/result.json,7329a35619a75380b3797a0caed820c232aea11564e8c08014183668927bfaa9,9257,UP,5,,,0.9489501852614245,
architecture_19,UP_all_samples_sqrt_inverse_clip3_2000_nobias/current_h32_br-both_fu-softmax_sk2_z0_D0_A-shared_n-bn_a-relu_head64_tok4_state16/run_seed6/result.json,ad1c824c427c9ee29b29c61e31d2bd5078a722f2d4a28e6056fcab6c43436974,9266,UP,6,,,0.9678880197612186,
architecture_19,UP_all_samples_sqrt_inverse_clip3_2000_nobias/current_h32_br-both_fu-softmax_sk2_z0_D0_A-shared_n-bn_a-relu_head64_tok4_state16/run_seed7/result.json,c1869193c1ef41113a7410a5cea743922f7402831790acc9003f350826c670ab,9796,UP,7,,,0.9576780568135035,
architecture_19,UP_all_samples_sqrt_inverse_clip3_2000_nobias/current_h32_br-both_fu-softmax_sk2_z0_D0_A-shared_n-bn_a-relu_head64_tok4_state16/run_seed8/result.json,ade2ba450089f2dfd275970aa98004355cb1f27cb059bbf4bd76d5abe5bc4b33,9947,UP,8,,,0.9558666117743928,
architecture_19,UP_all_samples_sqrt_inverse_clip3_2000_nobias/current_h32_br-both_fu-softmax_sk2_z0_D0_A-shared_n-bn_a-relu_head64_tok4_state16/run_seed9/result.json,96bdb007f261db3bfee007b959749f3cc40b7d0627c6f8bf05b22bfef2afc871,9774,UP,9,,,0.9612186084808563,
architecture_19,UP_all_samples_sqrt_inverse_clip3_2000_nobias/current_h32_br-both_fu-sum_sk0_z0_D0_A-shared_n-bn_a-relu_head64_tok4_state16/run_seed0/result.json,625f9cdda4bef0fe6f6aaa1dac458f46a4ff112c951edeec882c24a27d26b3be,10330,UP,0,,,0.9278715520790449,
architecture_19,UP_all_samples_sqrt_inverse_clip3_2000_nobias/current_h32_br-both_fu-sum_sk0_z0_D0_A-shared_n-bn_a-relu_head64_tok4_state16/run_seed1/result.json,2112fff322f7067bee8005e28aeca7b43dab856c3e057206318d91b5e5f1343b,10656,UP,1,,,0.8887608069164266,
architecture_19,UP_all_samples_sqrt_inverse_clip3_2000_nobias/current_h32_br-both_fu-sum_sk0_z0_D0_A-shared_n-bn_a-relu_head64_tok4_state16/run_seed2/result.json,57138ff8ca9564e5872cc3bf7e5d1b890ef89354937f275d1e63dc5aa8aed8ac,10276,UP,2,,,0.9363524083985179,
architecture_19,UP_all_samples_sqrt_inverse_clip3_2000_nobias/current_h32_br-both_fu-sum_sk0_z0_D0_A-shared_n-bn_a-relu_head64_tok4_state16/run_seed3/result.json,0178008fdc1213554d5338516f4ec4c251585f0e29f85ff049e751dbf0662b1a,9589,UP,3,,,0.938822560724578,
architecture_19,UP_all_samples_sqrt_inverse_clip3_2000_nobias/current_h32_br-both_fu-sum_sk0_z0_D0_A-shared_n-bn_a-relu_head64_tok4_state16/run_seed4/result.json,b1af70d4cf37d23d93ad81bc0c41dfc9357b33dc961bd69714f9223e35ca05fd,10144,UP,4,,,0.9107451626183615,
architecture_19,UP_all_samples_sqrt_inverse_clip3_2000_nobias/current_h32_br-both_fu-sum_sk0_z0_D0_A-shared_n-bn_a-relu_head64_tok4_state16/run_seed5/result.json,4a7ee18f3f272dd7629ab24ad576ebfe34c5677ece67a7a0edf1e3fb1ee88e4d,10319,UP,5,,,0.940057636887608,
architecture_19,UP_all_samples_sqrt_inverse_clip3_2000_nobias/current_h32_br-both_fu-sum_sk0_z0_D0_A-shared_n-bn_a-relu_head64_tok4_state16/run_seed6/result.json,0a63eedc4b448731092f0e4ca51178d40a057e4dd0bf73cab2c10fd20b5615d4,9981,UP,6,,,0.9350349938246192,
architecture_19,UP_all_samples_sqrt_inverse_clip3_2000_nobias/current_h32_br-both_fu-sum_sk0_z0_D0_A-shared_n-bn_a-relu_head64_tok4_state16/run_seed7/result.json,4481add8cef9b84552282b7c10d0b91c52fd3e9a10995abed7ed18860ad9c3e1,10486,UP,7,,,0.8704816797035817,
architecture_19,UP_all_samples_sqrt_inverse_clip3_2000_nobias/current_h32_br-both_fu-sum_sk0_z0_D0_A-shared_n-bn_a-relu_head64_tok4_state16/run_seed8/result.json,09160249a745a4791a3e16fec4a7f3c9c672e1b0f1057f84ddb73fc8238d08d5,10323,UP,8,,,0.8883491148620831,
architecture_19,UP_all_samples_sqrt_inverse_clip3_2000_nobias/current_h32_br-both_fu-sum_sk0_z0_D0_A-shared_n-bn_a-relu_head64_tok4_state16/run_seed9/result.json,8329acdd89eb01627623d4b3000b96b20722b396f6662cf9e43356ddf2ade145,10831,UP,9,,,0.9386578839028407,
architecture_19,UP_all_samples_sqrt_inverse_clip3_2000_nobias/current_h32_br-both_fu-sum_sk1_z0_D0_A-shared_n-bn_a-relu_head64_tok4_state16/run_seed0/result.json,228d784c59c0819a02776c9284b6709490c5a415da032209677542a0ebdf7e85,9933,UP,0,,,0.9583367641004529,
architecture_19,UP_all_samples_sqrt_inverse_clip3_2000_nobias/current_h32_br-both_fu-sum_sk1_z0_D0_A-shared_n-bn_a-relu_head64_tok4_state16/run_seed1/result.json,6166f44a4059218b90819417183a41335095e4790d55fc794b93e7fba61b1476,9593,UP,1,,,0.954549197200494,
architecture_19,UP_all_samples_sqrt_inverse_clip3_2000_nobias/current_h32_br-both_fu-sum_sk1_z0_D0_A-shared_n-bn_a-relu_head64_tok4_state16/run_seed2/result.json,1f519356606b79c387fdba519024102da8958b202197099987420148c7af06d1,9943,UP,2,,,0.9251543845203788,
architecture_19,UP_all_samples_sqrt_inverse_clip3_2000_nobias/current_h32_br-both_fu-sum_sk1_z0_D0_A-shared_n-bn_a-relu_head64_tok4_state16/run_seed3/result.json,808fd784041ba8c9514d20f09d4868af1e77a1f4f66cc4bca84a767d668c25e7,10146,UP,3,,,0.9643474680938657,
architecture_19,UP_all_samples_sqrt_inverse_clip3_2000_nobias/current_h32_br-both_fu-sum_sk1_z0_D0_A-shared_n-bn_a-relu_head64_tok4_state16/run_seed4/result.json,15788ca3c3c2e6755dacd17057c51c605a155e6b2b433a3fa786e90bbdece96e,9586,UP,4,,,0.9559489501852614,
architecture_19,UP_all_samples_sqrt_inverse_clip3_2000_nobias/current_h32_br-both_fu-sum_sk1_z0_D0_A-shared_n-bn_a-relu_head64_tok4_state16/run_seed5/result.json,c1c2129cedf45865fd548adc848e2def2d0ca92cea52665bb850fb818a836655,9593,UP,5,,,0.9212844792095513,
architecture_19,UP_all_samples_sqrt_inverse_clip3_2000_nobias/current_h32_br-both_fu-sum_sk1_z0_D0_A-shared_n-bn_a-relu_head64_tok4_state16/run_seed6/result.json,efb7f49f48e56996fd72e62220fcfe35f8612439db3f9d892d0475cf800a3c81,10098,UP,6,,,0.9204610951008646,
architecture_19,UP_all_samples_sqrt_inverse_clip3_2000_nobias/current_h32_br-both_fu-sum_sk1_z0_D0_A-shared_n-bn_a-relu_head64_tok4_state16/run_seed7/result.json,8daab4ea2b5b6be261cd400e74749a35d79206040198add4dc414842c3941b88,10280,UP,7,,,0.9244956772334294,
architecture_19,UP_all_samples_sqrt_inverse_clip3_2000_nobias/current_h32_br-both_fu-sum_sk1_z0_D0_A-shared_n-bn_a-relu_head64_tok4_state16/run_seed8/result.json,94dc43cab209646e2431bd1657a92846fe155324bab3214d803b1afc13828838,9454,UP,8,,,0.945821325648415,
architecture_19,UP_all_samples_sqrt_inverse_clip3_2000_nobias/current_h32_br-both_fu-sum_sk1_z0_D0_A-shared_n-bn_a-relu_head64_tok4_state16/run_seed9/result.json,0ad9e0c7ddf030397258f11749e4691848a46c4020600bfb796d2a0e4730f493,9747,UP,9,,,0.9494442157266365,
architecture_19,UP_all_samples_sqrt_inverse_clip3_2000_nobias/current_h32_br-both_fu-sum_sk2_z0_D0_A-shared_n-bn_a-relu_head128_tok4_state16/run_seed0/result.json,259ca2d05c06c6c6ce82714681ee71280386900c086007bbaf7f03264d408fe3,9935,UP,0,,,0.9424454508027995,
architecture_19,UP_all_samples_sqrt_inverse_clip3_2000_nobias/current_h32_br-both_fu-sum_sk2_z0_D0_A-shared_n-bn_a-relu_head128_tok4_state16/run_seed1/result.json,f3f2ad7dcccb5969edbd828c2b800ddc0d4c4b249d6c8c74dabc1b8f5cbb0e32,10147,UP,1,,,0.9462330177027584,
architecture_19,UP_all_samples_sqrt_inverse_clip3_2000_nobias/current_h32_br-both_fu-sum_sk2_z0_D0_A-shared_n-bn_a-relu_head128_tok4_state16/run_seed2/result.json,2952c8ece2ba7bb72a7e3d4b99e47f8e2d51de3f134d053f82780b6e9c54ba7d,10320,UP,2,,,0.929353643474681,
architecture_19,UP_all_samples_sqrt_inverse_clip3_2000_nobias/current_h32_br-both_fu-sum_sk2_z0_D0_A-shared_n-bn_a-relu_head128_tok4_state16/run_seed3/result.json,808692c2aa4dd87a9f4de6f09d3959f6f6c61ad941d439081c85b2cf66444914,10103,UP,3,,,0.930341704405105,
architecture_19,UP_all_samples_sqrt_inverse_clip3_2000_nobias/current_h32_br-both_fu-sum_sk2_z0_D0_A-shared_n-bn_a-relu_head128_tok4_state16/run_seed4/result.json,33913b112159ad954ba8cdf8705707c51b4c488025ce5ce79342ef534f09a030,9232,UP,4,,,0.9573487031700288,
architecture_19,UP_all_samples_sqrt_inverse_clip3_2000_nobias/current_h32_br-both_fu-sum_sk2_z0_D0_A-shared_n-bn_a-relu_head128_tok4_state16/run_seed5/result.json,91ad4fa49bf15bcf97182cd39d07cf47d773805e1f2387dbf523918c212dc202,9593,UP,5,,,0.9459036640592836,
architecture_19,UP_all_samples_sqrt_inverse_clip3_2000_nobias/current_h32_br-both_fu-sum_sk2_z0_D0_A-shared_n-bn_a-relu_head128_tok4_state16/run_seed6/result.json,0364f77284db348f915829039610921b6637f04aee779478ee62027293b93a38,9909,UP,6,,,0.9501852614244545,
architecture_19,UP_all_samples_sqrt_inverse_clip3_2000_nobias/current_h32_br-both_fu-sum_sk2_z0_D0_A-shared_n-bn_a-relu_head128_tok4_state16/run_seed7/result.json,dfdae5bfb1abbc7c4cb838a0179fcc9c935b13e3e9c6b843e83891f702cfd139,9940,UP,7,,,0.9653355290242899,
architecture_19,UP_all_samples_sqrt_inverse_clip3_2000_nobias/current_h32_br-both_fu-sum_sk2_z0_D0_A-shared_n-bn_a-relu_head128_tok4_state16/run_seed8/result.json,e6f7069a9f59079629abf3401493f3682bd757880464223fc3377f696b4f6e42,9927,UP,8,,,0.8955125566076575,
architecture_19,UP_all_samples_sqrt_inverse_clip3_2000_nobias/current_h32_br-both_fu-sum_sk2_z0_D0_A-shared_n-bn_a-relu_head128_tok4_state16/run_seed9/result.json,c0b77f08226fda739ce423d6d0f7fa148eb783cf6736cd54ffbaacd6fb95bf39,9596,UP,9,,,0.9472210786331824,
architecture_19,UP_all_samples_sqrt_inverse_clip3_2000_nobias/current_h32_br-both_fu-sum_sk2_z0_D0_A-shared_n-bn_a-relu_head32_tok4_state16/run_seed0/result.json,35b9d33eb58c0665ae9bebfb76d243244d5d0673421df3e0729dc5ea43630fb9,9749,UP,0,,,0.9618773157678057,
architecture_19,UP_all_samples_sqrt_inverse_clip3_2000_nobias/current_h32_br-both_fu-sum_sk2_z0_D0_A-shared_n-bn_a-relu_head32_tok4_state16/run_seed1/result.json,b724e96af85df08857e8465aa5188b85a3baaf5d2e0d42fca1d3cd1ef1c262c0,9404,UP,1,,,0.9556195965417867,
architecture_19,UP_all_samples_sqrt_inverse_clip3_2000_nobias/current_h32_br-both_fu-sum_sk2_z0_D0_A-shared_n-bn_a-relu_head32_tok4_state16/run_seed2/result.json,67bfbd68f30883ede69840674ee387170962927723d3150603bbb2a9c9f43220,9754,UP,2,,,0.9579250720461095,
architecture_19,UP_all_samples_sqrt_inverse_clip3_2000_nobias/current_h32_br-both_fu-sum_sk2_z0_D0_A-shared_n-bn_a-relu_head32_tok4_state16/run_seed3/result.json,73b38f471d2b25d49c8876364db6edb8bbafb6f24a2c8ed4b6473e1022d371e5,10307,UP,3,,,0.9587484561547962,
architecture_19,UP_all_samples_sqrt_inverse_clip3_2000_nobias/current_h32_br-both_fu-sum_sk2_z0_D0_A-shared_n-bn_a-relu_head32_tok4_state16/run_seed4/result.json,10bae6d2187cfff885f32564037b77ea0850cae35fbbca13bc539e3680935c52,9792,UP,4,,,0.9472210786331824,
architecture_19,UP_all_samples_sqrt_inverse_clip3_2000_nobias/current_h32_br-both_fu-sum_sk2_z0_D0_A-shared_n-bn_a-relu_head32_tok4_state16/run_seed5/result.json,3a52eaa3777d8fb83f61dec4b7da55fddceaf8f6c37cb8c132cb1fbf172a0e3b,9795,UP,5,,,0.9483738163853438,
architecture_19,UP_all_samples_sqrt_inverse_clip3_2000_nobias/current_h32_br-both_fu-sum_sk2_z0_D0_A-shared_n-bn_a-relu_head32_tok4_state16/run_seed6/result.json,2475726ca3d11e4715ecea8e9e190edd654fad3ad76f62dc724ef0afb0bf74ee,9173,UP,6,,,0.9549608892548374,
architecture_19,UP_all_samples_sqrt_inverse_clip3_2000_nobias/current_h32_br-both_fu-sum_sk2_z0_D0_A-shared_n-bn_a-relu_head32_tok4_state16/run_seed7/result.json,c2741c5193208ef849b21f77ef4cbb10bd5da442338aef63c4b73435739bbb86,9352,UP,7,,,0.9552079044874434,
architecture_19,UP_all_samples_sqrt_inverse_clip3_2000_nobias/current_h32_br-both_fu-sum_sk2_z0_D0_A-shared_n-bn_a-relu_head32_tok4_state16/run_seed8/result.json,7692397f78c872a684f0be6e823ba6e96cdf4e6b3108006e8916c3b61d40084a,9740,UP,8,,,0.9566899958830795,
architecture_19,UP_all_samples_sqrt_inverse_clip3_2000_nobias/current_h32_br-both_fu-sum_sk2_z0_D0_A-shared_n-bn_a-relu_head32_tok4_state16/run_seed9/result.json,e0d50096f0c79bf22a7dd25788bd9b3cc01cf3486e7b4e3dbea6dadbae52a7ce,9576,UP,9,,,0.9552902428983121,
architecture_19,UP_all_samples_sqrt_inverse_clip3_2000_nobias/current_h32_br-both_fu-sum_sk2_z0_D0_A-shared_n-bn_a-relu_head64_tok2_state16/run_seed0/result.json,b8232bb1828f0615da0a3de4bf709dcb98516dda4e5826b61b6cd8244aac3057,9751,UP,0,,,0.931082750102923,
architecture_19,UP_all_samples_sqrt_inverse_clip3_2000_nobias/current_h32_br-both_fu-sum_sk2_z0_D0_A-shared_n-bn_a-relu_head64_tok2_state16/run_seed1/result.json,a8d3e047245fa54b5228ef23a346515a5145c4efdb16819bbbff4916bfe3b5c8,9807,UP,1,,,0.9381638534376286,
architecture_19,UP_all_samples_sqrt_inverse_clip3_2000_nobias/current_h32_br-both_fu-sum_sk2_z0_D0_A-shared_n-bn_a-relu_head64_tok2_state16/run_seed2/result.json,42d5883f2e5b92f2578ede6fb9345e27e27ed2f4b8032ae84e9492b56bde2d6d,9529,UP,2,,,0.9427748044462742,
architecture_19,UP_all_samples_sqrt_inverse_clip3_2000_nobias/current_h32_br-both_fu-sum_sk2_z0_D0_A-shared_n-bn_a-relu_head64_tok2_state16/run_seed3/result.json,ac9f63aa4766142bc00eda1c3c74069a5a7b23c3bacca01b3d007118fdb6c7ad,9375,UP,3,,,0.9602305475504322,
architecture_19,UP_all_samples_sqrt_inverse_clip3_2000_nobias/current_h32_br-both_fu-sum_sk2_z0_D0_A-shared_n-bn_a-relu_head64_tok2_state16/run_seed4/result.json,19cef2aff00052d1472187c1e1df5c44e0bdee2e8878b8ff74d3463de07362eb,9763,UP,4,,,0.9551255660765747,
architecture_19,UP_all_samples_sqrt_inverse_clip3_2000_nobias/current_h32_br-both_fu-sum_sk2_z0_D0_A-shared_n-bn_a-relu_head64_tok2_state16/run_seed5/result.json,77982f722b349c2381f34ec97f25538dc38ff10b8f37a90999b3169be9eae8d9,9727,UP,5,,,0.9467270481679704,
architecture_19,UP_all_samples_sqrt_inverse_clip3_2000_nobias/current_h32_br-both_fu-sum_sk2_z0_D0_A-shared_n-bn_a-relu_head64_tok2_state16/run_seed6/result.json,2d054423cb5eebf25dbf7d746585acea255e55dd4108af6c258b5a186d89750b,9746,UP,6,,,0.9612186084808563,
architecture_19,UP_all_samples_sqrt_inverse_clip3_2000_nobias/current_h32_br-both_fu-sum_sk2_z0_D0_A-shared_n-bn_a-relu_head64_tok2_state16/run_seed7/result.json,1c07f9a953e97075d9f180b4e0f9fd593cef6e9cd2e1715f0dce3cf8ff6d5860,9771,UP,7,,,0.9427748044462742,
architecture_19,UP_all_samples_sqrt_inverse_clip3_2000_nobias/current_h32_br-both_fu-sum_sk2_z0_D0_A-shared_n-bn_a-relu_head64_tok2_state16/run_seed8/result.json,418b3b4c56e3e0a56023d61e76cee333de309d5d8c5c99c04b0bd9136253ebf9,10142,UP,8,,,0.9528200905722519,
architecture_19,UP_all_samples_sqrt_inverse_clip3_2000_nobias/current_h32_br-both_fu-sum_sk2_z0_D0_A-shared_n-bn_a-relu_head64_tok2_state16/run_seed9/result.json,fde7b3799fd5611e9c2244dd475bcfc51dea7587c2b8a99331915f8cb6e2df5a,9577,UP,9,,,0.9404693289419515,
architecture_19,UP_all_samples_sqrt_inverse_clip3_2000_nobias/current_h32_br-both_fu-sum_sk2_z0_D0_A-shared_n-bn_a-relu_head64_tok4_state16/run_seed0/result.json,10de629fd545f46a72bdb140b529185d02f6b35529cdb35b87e2883ba8294f5f,9577,UP,0,,,0.9659118979003706,
architecture_19,UP_all_samples_sqrt_inverse_clip3_2000_nobias/current_h32_br-both_fu-sum_sk2_z0_D0_A-shared_n-bn_a-relu_head64_tok4_state16/run_seed1/result.json,f08e411740fadc8fea5875c3907144311e190469e59cff028711387deb08e517,9974,UP,1,,,0.9367641004528613,
architecture_19,UP_all_samples_sqrt_inverse_clip3_2000_nobias/current_h32_br-both_fu-sum_sk2_z0_D0_A-shared_n-bn_a-relu_head64_tok4_state16/run_seed2/result.json,1a76cf7a485b2f2e412cf17cca13100988aaaa768c72eb484d83cba652e7bf52,9977,UP,2,,,0.9481268011527377,
architecture_19,UP_all_samples_sqrt_inverse_clip3_2000_nobias/current_h32_br-both_fu-sum_sk2_z0_D0_A-shared_n-bn_a-relu_head64_tok4_state16/run_seed3/result.json,12034e56d83e7144414cc3ba3dc354d62276c387d97841800bcb87771eb98ed1,9575,UP,3,,,0.923342939481268,
architecture_19,UP_all_samples_sqrt_inverse_clip3_2000_nobias/current_h32_br-both_fu-sum_sk2_z0_D0_A-shared_n-bn_a-relu_head64_tok4_state16/run_seed4/result.json,fa310ab172f3e65fdbde6dd7de13b6df495cff429023b67c78ec4a3b8da7d291,9748,UP,4,,,0.9398106216550021,
architecture_19,UP_all_samples_sqrt_inverse_clip3_2000_nobias/current_h32_br-both_fu-sum_sk2_z0_D0_A-shared_n-bn_a-relu_head64_tok4_state16/run_seed5/result.json,f46f5b4cc87d2dee34ec45636bb3a983eb52ada7f0baef512b4f046aa3d2e1f7,9582,UP,5,,,0.9348703170028818,
architecture_19,UP_all_samples_sqrt_inverse_clip3_2000_nobias/current_h32_br-both_fu-sum_sk2_z0_D0_A-shared_n-bn_a-relu_head64_tok4_state16/run_seed6/result.json,85b12be4dece9555ef4da8122b87c3013355369381b9f3bf863763e879569a14,9393,UP,6,,,0.9650061753808151,
architecture_19,UP_all_samples_sqrt_inverse_clip3_2000_nobias/current_h32_br-both_fu-sum_sk2_z0_D0_A-shared_n-bn_a-relu_head64_tok4_state16/run_seed7/result.json,f414b48a05f926456d2bf853aff76539455f34e353a7f1ee35813e9192096d89,9756,UP,7,,,0.9417867435158501,
architecture_19,UP_all_samples_sqrt_inverse_clip3_2000_nobias/current_h32_br-both_fu-sum_sk2_z0_D0_A-shared_n-bn_a-relu_head64_tok4_state16/run_seed8/result.json,9d03d9478320972f34dd5a208840d98e18d99c482286b8f4c9443a21ac0e12c5,9762,UP,8,,,0.9590778097982708,
architecture_19,UP_all_samples_sqrt_inverse_clip3_2000_nobias/current_h32_br-both_fu-sum_sk2_z0_D0_A-shared_n-bn_a-relu_head64_tok4_state16/run_seed9/result.json,5ca76726dca0d7bb8567a568a2611ca6adb0b9ab3e5d5988cec59fe8b97d4fae,9409,UP,9,,,0.9594895018526143,
architecture_19,UP_all_samples_sqrt_inverse_clip3_2000_nobias/current_h32_br-both_fu-sum_sk2_z0_D0_A-shared_n-bn_a-relu_head64_tok4_state32/run_seed0/result.json,41f637725483305f883735d997615867c2d8d1711b6c5a6e92fb4f563e49cbc6,9745,UP,0,,,0.9720872787155208,
architecture_19,UP_all_samples_sqrt_inverse_clip3_2000_nobias/current_h32_br-both_fu-sum_sk2_z0_D0_A-shared_n-bn_a-relu_head64_tok4_state32/run_seed1/result.json,5415910b195a218f725de23901eb633e112fd55849a6c7cc3bae2ecae65b5aa2,9755,UP,1,,,0.9575957184026348,
architecture_19,UP_all_samples_sqrt_inverse_clip3_2000_nobias/current_h32_br-both_fu-sum_sk2_z0_D0_A-shared_n-bn_a-relu_head64_tok4_state32/run_seed2/result.json,df976b7d4f1e614e520370d50e549b511f4e44d6c6498862b7bd49138bad035b,9974,UP,2,,,0.9507616303005352,
architecture_19,UP_all_samples_sqrt_inverse_clip3_2000_nobias/current_h32_br-both_fu-sum_sk2_z0_D0_A-shared_n-bn_a-relu_head64_tok4_state32/run_seed3/result.json,ce2a1e2f48315086c3c62a5994b83a8fa09b7ee7a005a232ac5b7279ca8bee25,9200,UP,3,,,0.9256484149855908,
architecture_19,UP_all_samples_sqrt_inverse_clip3_2000_nobias/current_h32_br-both_fu-sum_sk2_z0_D0_A-shared_n-bn_a-relu_head64_tok4_state32/run_seed4/result.json,727f6d56e65f7c91eb86ddba738ff34091391ec4c1d918afc70dfb56a9163165,9765,UP,4,,,0.9160148209139564,
architecture_19,UP_all_samples_sqrt_inverse_clip3_2000_nobias/current_h32_br-both_fu-sum_sk2_z0_D0_A-shared_n-bn_a-relu_head64_tok4_state32/run_seed5/result.json,a29ed598a3fd304702f11e718c8d8ebb97b203d3976aa8e46fdbab5697b075e2,9419,UP,5,,,0.9737340469328942,
architecture_19,UP_all_samples_sqrt_inverse_clip3_2000_nobias/current_h32_br-both_fu-sum_sk2_z0_D0_A-shared_n-bn_a-relu_head64_tok4_state32/run_seed6/result.json,69f3f74f1cfedad14d9a89cabfcf1fd303e011637cde4eefa057162d0371d5cf,9601,UP,6,,,0.93931659118979,
architecture_19,UP_all_samples_sqrt_inverse_clip3_2000_nobias/current_h32_br-both_fu-sum_sk2_z0_D0_A-shared_n-bn_a-relu_head64_tok4_state32/run_seed7/result.json,d6649f475b5a7bf6b7bb3e79b0ee6a375a2db91d7d567bbef6b7f48eaf9b11e1,9973,UP,7,,,0.9622066694112804,
architecture_19,UP_all_samples_sqrt_inverse_clip3_2000_nobias/current_h32_br-both_fu-sum_sk2_z0_D0_A-shared_n-bn_a-relu_head64_tok4_state32/run_seed8/result.json,fc0bfed714a7f7a900ccd3f4da7169c130defb932677791748882624b4790f99,9966,UP,8,,,0.9547962124331001,
architecture_19,UP_all_samples_sqrt_inverse_clip3_2000_nobias/current_h32_br-both_fu-sum_sk2_z0_D0_A-shared_n-bn_a-relu_head64_tok4_state32/run_seed9/result.json,ebac61a8a881e19492172522d18dcd688beeb8011ef61c3268efc8bb1c6daea5,9224,UP,9,,,0.9706875257307533,
architecture_19,UP_all_samples_sqrt_inverse_clip3_2000_nobias/current_h32_br-both_fu-sum_sk2_z0_D0_A-shared_n-bn_a-relu_head64_tok4_state8/run_seed0/result.json,fae2fde5d2aa8e4f214821deec57c3d44d8ce871bfc6a8f6b5250b8faa1c3db9,9706,UP,0,,,0.9355290242898312,
architecture_19,UP_all_samples_sqrt_inverse_clip3_2000_nobias/current_h32_br-both_fu-sum_sk2_z0_D0_A-shared_n-bn_a-relu_head64_tok4_state8/run_seed1/result.json,c5640e56b535828b05b5abaf6d389ead0fe0c37790ee9b6d290cc08fb16b6723,9016,UP,1,,,0.9750514615067929,
architecture_19,UP_all_samples_sqrt_inverse_clip3_2000_nobias/current_h32_br-both_fu-sum_sk2_z0_D0_A-shared_n-bn_a-relu_head64_tok4_state8/run_seed2/result.json,6afb96e08450425126d52d07130e34ba3aa4055baebce81069a49cbdd8d4a7df,10131,UP,2,,,0.9646768217373405,
architecture_19,UP_all_samples_sqrt_inverse_clip3_2000_nobias/current_h32_br-both_fu-sum_sk2_z0_D0_A-shared_n-bn_a-relu_head64_tok4_state8/run_seed3/result.json,1dab28e0a782872d08c8546fbf46b586b60f81af08adc96cede5914ae3131bec,9213,UP,3,,,0.9608892548373816,
architecture_19,UP_all_samples_sqrt_inverse_clip3_2000_nobias/current_h32_br-both_fu-sum_sk2_z0_D0_A-shared_n-bn_a-relu_head64_tok4_state8/run_seed4/result.json,fa86dc8fed19886cd40e9873a56742b1e99130dcf860865c3424518f8ef6072f,10129,UP,4,,,0.9619596541786744,
architecture_19,UP_all_samples_sqrt_inverse_clip3_2000_nobias/current_h32_br-both_fu-sum_sk2_z0_D0_A-shared_n-bn_a-relu_head64_tok4_state8/run_seed5/result.json,2f294bd88df9a8719ca7922a3a521c200acdf76bcba8f4fb0436be128214b3f8,9924,UP,5,,,0.9473034170440511,
architecture_19,UP_all_samples_sqrt_inverse_clip3_2000_nobias/current_h32_br-both_fu-sum_sk2_z0_D0_A-shared_n-bn_a-relu_head64_tok4_state8/run_seed6/result.json,a8a6bb17aab216e95cebcdc6e5c9766aaec07741fe8d48870343a5ffdc78fbe4,10100,UP,6,,,0.9611362700699877,
architecture_19,UP_all_samples_sqrt_inverse_clip3_2000_nobias/current_h32_br-both_fu-sum_sk2_z0_D0_A-shared_n-bn_a-relu_head64_tok4_state8/run_seed7/result.json,33860ee2b5db8cbf45de3d089a28134b6b94a7a69b2500038d9d7d48f17881d4,10097,UP,7,,,0.9438452037875669,
architecture_19,UP_all_samples_sqrt_inverse_clip3_2000_nobias/current_h32_br-both_fu-sum_sk2_z0_D0_A-shared_n-bn_a-relu_head64_tok4_state8/run_seed8/result.json,254c53ed9e5a12aab9e52f0dc4a4e0eb7a4834429629b8d7750bb86be4360aae,9952,UP,8,,,0.9523260601070399,
architecture_19,UP_all_samples_sqrt_inverse_clip3_2000_nobias/current_h32_br-both_fu-sum_sk2_z0_D0_A-shared_n-bn_a-relu_head64_tok4_state8/run_seed9/result.json,d69cb48d3531f9ec0f93bd96909e24159b3ed683b3b79b44957da5a67cf5c694,10124,UP,9,,,0.9509263071222726,
architecture_19,UP_all_samples_sqrt_inverse_clip3_2000_nobias/current_h32_br-both_fu-sum_sk2_z0_D0_A-shared_n-bn_a-relu_head64_tok8_state16/run_seed0/result.json,cbb3c6679b5a6f78513f4c634f3a9215dd4bacc39115defc2fd21f39cce6edef,9792,UP,0,,,0.9430218196788802,
architecture_19,UP_all_samples_sqrt_inverse_clip3_2000_nobias/current_h32_br-both_fu-sum_sk2_z0_D0_A-shared_n-bn_a-relu_head64_tok8_state16/run_seed1/result.json,8f5b5fc96375c96822efab23a3f9b6d7ec12e447ac998be366d699c93e16e181,10149,UP,1,,,0.9546315356113627,
architecture_19,UP_all_samples_sqrt_inverse_clip3_2000_nobias/current_h32_br-both_fu-sum_sk2_z0_D0_A-shared_n-bn_a-relu_head64_tok8_state16/run_seed2/result.json,f7446b7b7c9e5f9c779c03de3ea0f9eb850d9c04c9a7e29aadf0932d6e1a5331,9757,UP,2,,,0.9518320296418279,
architecture_19,UP_all_samples_sqrt_inverse_clip3_2000_nobias/current_h32_br-both_fu-sum_sk2_z0_D0_A-shared_n-bn_a-relu_head64_tok8_state16/run_seed3/result.json,72ebabe2639e095f109e0578a6f4f2ae0585d6af238f3939841d863e95d5fef4,9184,UP,3,,,0.9474680938657883,
architecture_19,UP_all_samples_sqrt_inverse_clip3_2000_nobias/current_h32_br-both_fu-sum_sk2_z0_D0_A-shared_n-bn_a-relu_head64_tok8_state16/run_seed4/result.json,a6e42ad023f96945c36e020ea0e06d5b48b155a90888a803be191361ffa4f8c4,9798,UP,4,,,0.9435158501440922,
architecture_19,UP_all_samples_sqrt_inverse_clip3_2000_nobias/current_h32_br-both_fu-sum_sk2_z0_D0_A-shared_n-bn_a-relu_head64_tok8_state16/run_seed5/result.json,2f32932a3a83e4002a4ac804a20fc9abfb7c0b9d4f3f9e8007ad5590fba1e098,10093,UP,5,,,0.9652531906134212,
architecture_19,UP_all_samples_sqrt_inverse_clip3_2000_nobias/current_h32_br-both_fu-sum_sk2_z0_D0_A-shared_n-bn_a-relu_head64_tok8_state16/run_seed6/result.json,c662f519fd7313fc7200daa51818ea0f34860dcd088ffa189a5c4ae1c0009e5f,10064,UP,6,,,0.9510909839440099,
architecture_19,UP_all_samples_sqrt_inverse_clip3_2000_nobias/current_h32_br-both_fu-sum_sk2_z0_D0_A-shared_n-bn_a-relu_head64_tok8_state16/run_seed7/result.json,2f5f47d15d5f09734b2d056fdfdc469d427370153a58dd5a8a573eb4b1cf1bac,10324,UP,7,,,0.8798682585426101,
architecture_19,UP_all_samples_sqrt_inverse_clip3_2000_nobias/current_h32_br-both_fu-sum_sk2_z0_D0_A-shared_n-bn_a-relu_head64_tok8_state16/run_seed8/result.json,e6ec410e2b716be2bf2d5023ed20637dec00ec8ee98ae2a482bfe9b93427955a,9407,UP,8,,,0.9655825442568958,
architecture_19,UP_all_samples_sqrt_inverse_clip3_2000_nobias/current_h32_br-both_fu-sum_sk2_z0_D0_A-shared_n-bn_a-relu_head64_tok8_state16/run_seed9/result.json,6c4b185cf3f0e93ccc4b15252f5c65443b315a644f3a0077c38147523cbfc6e2,9768,UP,9,,,0.9505146150679292,
architecture_19,UP_all_samples_sqrt_inverse_clip3_2000_nobias/current_h32_br-both_fu-sum_sk2_z0_D0_A-shared_n-bn_a-silu_head64_tok4_state16/run_seed0/result.json,3e80be57cb4fc733f98ab312dbdf8a97c8761ec803115379c421c69a6fdaf3a3,9917,UP,0,,,0.939069575957184,
architecture_19,UP_all_samples_sqrt_inverse_clip3_2000_nobias/current_h32_br-both_fu-sum_sk2_z0_D0_A-shared_n-bn_a-silu_head64_tok4_state16/run_seed1/result.json,42ec06776c1a6e40661e27fdbb7e4fedc78024ce45e9c11f868ae5211a545899,9747,UP,1,,,0.9487855084396871,
architecture_19,UP_all_samples_sqrt_inverse_clip3_2000_nobias/current_h32_br-both_fu-sum_sk2_z0_D0_A-shared_n-bn_a-silu_head64_tok4_state16/run_seed2/result.json,08f2b82fe4720f35bea595686555b9cd8ce8ae843dd380cd71f8f1f6ca2167ac,10313,UP,2,,,0.9497735693701111,
architecture_19,UP_all_samples_sqrt_inverse_clip3_2000_nobias/current_h32_br-both_fu-sum_sk2_z0_D0_A-shared_n-bn_a-silu_head64_tok4_state16/run_seed3/result.json,2c38801648b674ef0fc717fab150f78ae5aa903dd097f322d80aa1833507d4fa,9911,UP,3,,,0.9407986825854261,
architecture_19,UP_all_samples_sqrt_inverse_clip3_2000_nobias/current_h32_br-both_fu-sum_sk2_z0_D0_A-shared_n-bn_a-silu_head64_tok4_state16/run_seed4/result.json,ee86321669e6a86f95d9c6676c5c0df126cf7e441aad6830baf15d04610fecf4,10826,UP,4,,,0.9316591189790037,
architecture_19,UP_all_samples_sqrt_inverse_clip3_2000_nobias/current_h32_br-both_fu-sum_sk2_z0_D0_A-shared_n-bn_a-silu_head64_tok4_state16/run_seed5/result.json,376c41b7af6bf98d1ef2e0dea333a5f18801e57d08cc17ff1ae1a98771930a65,10106,UP,5,,,0.9499382461918485,
architecture_19,UP_all_samples_sqrt_inverse_clip3_2000_nobias/current_h32_br-both_fu-sum_sk2_z0_D0_A-shared_n-bn_a-silu_head64_tok4_state16/run_seed6/result.json,bce3f46d499ae599e009dd86f038e2f4738cdc583e55853a965c2eb3bb87675b,9200,UP,6,,,0.9413750514615068,
architecture_19,UP_all_samples_sqrt_inverse_clip3_2000_nobias/current_h32_br-both_fu-sum_sk2_z0_D0_A-shared_n-bn_a-silu_head64_tok4_state16/run_seed7/result.json,20a2d979489ad0d76a48006e3f3f65ddb76b7a19006ff929dc862b912f9e49f7,9571,UP,7,,,0.9375051461506793,
architecture_19,UP_all_samples_sqrt_inverse_clip3_2000_nobias/current_h32_br-both_fu-sum_sk2_z0_D0_A-shared_n-bn_a-silu_head64_tok4_state16/run_seed8/result.json,7c2a76b1e5bd952d1572353cf7f71029bc30483ef46749300df38d26bd2366ea,10106,UP,8,,,0.9477151090983944,
architecture_19,UP_all_samples_sqrt_inverse_clip3_2000_nobias/current_h32_br-both_fu-sum_sk2_z0_D0_A-shared_n-bn_a-silu_head64_tok4_state16/run_seed9/result.json,163d94f289103bc1d0fba31240252476f580dadce195c683483b5139ca09bf4d,9750,UP,9,,,0.9418690819267188,
architecture_19,UP_all_samples_sqrt_inverse_clip3_2000_nobias/current_h32_br-both_fu-sum_sk2_z0_D0_A-shared_n-gn_a-relu_head64_tok4_state16/run_seed0/result.json,5076ddd040d4fa25565c1e3790bb9b50d58f7ad0dfbde63fd6708b7c76255192,10104,UP,0,,,0.8587896253602305,
architecture_19,UP_all_samples_sqrt_inverse_clip3_2000_nobias/current_h32_br-both_fu-sum_sk2_z0_D0_A-shared_n-gn_a-relu_head64_tok4_state16/run_seed1/result.json,2430729972799cdf61efb48dc7be84e6a029df2597d8f4babf24791df7e97771,10096,UP,1,,,0.901605599011939,
architecture_19,UP_all_samples_sqrt_inverse_clip3_2000_nobias/current_h32_br-both_fu-sum_sk2_z0_D0_A-shared_n-gn_a-relu_head64_tok4_state16/run_seed2/result.json,d083892f37aee3aa85e0c144db0c2f31a455a437435725f753ab9be4bf39b509,10455,UP,2,,,0.8775627830382874,
architecture_19,UP_all_samples_sqrt_inverse_clip3_2000_nobias/current_h32_br-both_fu-sum_sk2_z0_D0_A-shared_n-gn_a-relu_head64_tok4_state16/run_seed3/result.json,b7e52e70c0ae48347dcaee7890a5af31238fd9adb2885cf823b0be353db9cba8,10667,UP,3,,,0.8480032935364348,
architecture_19,UP_all_samples_sqrt_inverse_clip3_2000_nobias/current_h32_br-both_fu-sum_sk2_z0_D0_A-shared_n-gn_a-relu_head64_tok4_state16/run_seed4/result.json,77069eab37aebeed996f81646b4d741808fdf6e7e6d3b1be706ff38d46ca3dc7,10281,UP,4,,,0.8604363935776039,
architecture_19,UP_all_samples_sqrt_inverse_clip3_2000_nobias/current_h32_br-both_fu-sum_sk2_z0_D0_A-shared_n-gn_a-relu_head64_tok4_state16/run_seed5/result.json,ec7d08e0a64ad2fee4b698ce2f19b0e67865558de409eead230b69039b5d57c3,10821,UP,5,,,0.8477562783038287,
architecture_19,UP_all_samples_sqrt_inverse_clip3_2000_nobias/current_h32_br-both_fu-sum_sk2_z0_D0_A-shared_n-gn_a-relu_head64_tok4_state16/run_seed6/result.json,6e533461351d41735316b94ae0bc91e5e99400c55a75b0a5bd057e8007e91db6,10609,UP,6,,,0.8430629888843145,
architecture_19,UP_all_samples_sqrt_inverse_clip3_2000_nobias/current_h32_br-both_fu-sum_sk2_z0_D0_A-shared_n-gn_a-relu_head64_tok4_state16/run_seed7/result.json,be8a9484eeedcbd8f38ff1642e91b965c3e8ed76d8d6015b438a154d7a443c49,10276,UP,7,,,0.8181144503911074,
architecture_19,UP_all_samples_sqrt_inverse_clip3_2000_nobias/current_h32_br-both_fu-sum_sk2_z0_D0_A-shared_n-gn_a-relu_head64_tok4_state16/run_seed8/result.json,2dfcfdc6b0c4ceacb87f6c32bf3303fda7e5136ec805c252caf8b3fcedfd4f82,10103,UP,8,,,0.8772334293948126,
architecture_19,UP_all_samples_sqrt_inverse_clip3_2000_nobias/current_h32_br-both_fu-sum_sk2_z0_D0_A-shared_n-gn_a-relu_head64_tok4_state16/run_seed9/result.json,1141a6790e57838af2f2019caedff0cbe1a897898be68f57b76e40256ceb6902,10453,UP,9,,,0.8450391107451626,
architecture_19,UP_all_samples_sqrt_inverse_clip3_2000_nobias/current_h32_br-both_fu-sum_sk2_z0_D0_A-shared_n-gn_a-silu_head64_tok4_state16/run_seed0/result.json,b380db2200ccdfd26d2566a084a4f9a4fbec199e532be0503821d685a47d8503,10461,UP,0,,,0.8422396047756279,
architecture_19,UP_all_samples_sqrt_inverse_clip3_2000_nobias/current_h32_br-both_fu-sum_sk2_z0_D0_A-shared_n-gn_a-silu_head64_tok4_state16/run_seed1/result.json,7b9bb66742e2d0cc841dce59da5794e1011c0248300f979b96c5f7c96437eb1a,10459,UP,1,,,0.9162618361465624,
architecture_19,UP_all_samples_sqrt_inverse_clip3_2000_nobias/current_h32_br-both_fu-sum_sk2_z0_D0_A-shared_n-gn_a-silu_head64_tok4_state16/run_seed2/result.json,eb245a7577ffab219d509bc7341c05c5ce9cdb7f8a21644419149514b2649e1d,10160,UP,2,,,0.7756278303828736,
architecture_19,UP_all_samples_sqrt_inverse_clip3_2000_nobias/current_h32_br-both_fu-sum_sk2_z0_D0_A-shared_n-gn_a-silu_head64_tok4_state16/run_seed3/result.json,589913349dafb918fb57a4057388007ee35d48e19765b686af1dab48ab70f289,10447,UP,3,,,0.8672704816797036,
architecture_19,UP_all_samples_sqrt_inverse_clip3_2000_nobias/current_h32_br-both_fu-sum_sk2_z0_D0_A-shared_n-gn_a-silu_head64_tok4_state16/run_seed4/result.json,f57eff66864743853c462855e1d3e037037e107c9bf146b449d532c997377f8a,10271,UP,4,,,0.8669411280362289,
architecture_19,UP_all_samples_sqrt_inverse_clip3_2000_nobias/current_h32_br-both_fu-sum_sk2_z0_D0_A-shared_n-gn_a-silu_head64_tok4_state16/run_seed5/result.json,8e377b4d84117dfcbfa0db9339574046b614ab5e00ba4f362d755fc95324c8ca,10816,UP,5,,,0.8011527377521613,
architecture_19,UP_all_samples_sqrt_inverse_clip3_2000_nobias/current_h32_br-both_fu-sum_sk2_z0_D0_A-shared_n-gn_a-silu_head64_tok4_state16/run_seed6/result.json,bf7075abb2a5acf1caf89f9d290cb9a843b5cc0651756e1d46a3e0dafd6cbbe0,10505,UP,6,,,0.8522848909016056,
architecture_19,UP_all_samples_sqrt_inverse_clip3_2000_nobias/current_h32_br-both_fu-sum_sk2_z0_D0_A-shared_n-gn_a-silu_head64_tok4_state16/run_seed7/result.json,4e68f70ab91cbc895fc68e4cefc339e6f85e6d315a5b6827007eb8833d5b8769,10278,UP,7,,,0.8483326471799094,
architecture_19,UP_all_samples_sqrt_inverse_clip3_2000_nobias/current_h32_br-both_fu-sum_sk2_z0_D0_A-shared_n-gn_a-silu_head64_tok4_state16/run_seed8/result.json,04f0cc300c1998e30f598ad2c0cedd9a99f7bb653568b3a104b4cf1541ec081f,10475,UP,8,,,0.883902840675175,
architecture_19,UP_all_samples_sqrt_inverse_clip3_2000_nobias/current_h32_br-both_fu-sum_sk2_z0_D0_A-shared_n-gn_a-silu_head64_tok4_state16/run_seed9/result.json,a9061d7e1dbc5eaee2665cda263defea14115c84f9f1a70926340436af40dda0,10457,UP,9,,,0.8433923425277892,
architecture_19,UP_all_samples_sqrt_inverse_clip3_2000_nobias/current_h32_br-both_fu-sum_sk2_z0_D1_A-shared_n-bn_a-relu_head64_tok4_state16/run_seed0/result.json,ba6053c86a4f6bf361805f907913eaf4ba8af229d5b240c2cb5c9ceb188a51c0,9911,UP,0,,,0.8907369287772746,
architecture_19,UP_all_samples_sqrt_inverse_clip3_2000_nobias/current_h32_br-both_fu-sum_sk2_z0_D1_A-shared_n-bn_a-relu_head64_tok4_state16/run_seed1/result.json,4e806106685890c41cca4c26598241430213ab50898995616b55531f37eb54a6,9553,UP,1,,,0.9501852614244545,
architecture_19,UP_all_samples_sqrt_inverse_clip3_2000_nobias/current_h32_br-both_fu-sum_sk2_z0_D1_A-shared_n-bn_a-relu_head64_tok4_state16/run_seed2/result.json,634958132ea4d5d71bcf37d94839210be758cd15cb68399c0d25640a4ea8ccd8,9623,UP,2,,,0.9500205846027172,
architecture_19,UP_all_samples_sqrt_inverse_clip3_2000_nobias/current_h32_br-both_fu-sum_sk2_z0_D1_A-shared_n-bn_a-relu_head64_tok4_state16/run_seed3/result.json,5c976376f570459bee6178f582a92ccea1c5af9f070d6b8adef69edc01f74872,9193,UP,3,,,0.977027583367641,
architecture_19,UP_all_samples_sqrt_inverse_clip3_2000_nobias/current_h32_br-both_fu-sum_sk2_z0_D1_A-shared_n-bn_a-relu_head64_tok4_state16/run_seed4/result.json,b6fc1d3ba15dedf7aedd26a72fc40fb6a9ca6e10cd7c66596c52a99e77261936,9211,UP,4,,,0.9503499382461918,
architecture_19,UP_all_samples_sqrt_inverse_clip3_2000_nobias/current_h32_br-both_fu-sum_sk2_z0_D1_A-shared_n-bn_a-relu_head64_tok4_state16/run_seed5/result.json,c9ce07a5493535a6d5f18725e661dba8df90cf38d23f834c8fc1f0a56c42f603,9750,UP,5,,,0.9548785508439687,
architecture_19,UP_all_samples_sqrt_inverse_clip3_2000_nobias/current_h32_br-both_fu-sum_sk2_z0_D1_A-shared_n-bn_a-relu_head64_tok4_state16/run_seed6/result.json,cc24a2a69951726c85a4d3d44f1bde2fafc50f51a415bf76596f80a5ac73d68e,9059,UP,6,,,0.9720872787155208,
architecture_19,UP_all_samples_sqrt_inverse_clip3_2000_nobias/current_h32_br-both_fu-sum_sk2_z0_D1_A-shared_n-bn_a-relu_head64_tok4_state16/run_seed7/result.json,40da3cb3fdeb7b2fab2644ee7818376843f1bff67bf942a1286de99833129136,9590,UP,7,,,0.9294359818855497,
architecture_19,UP_all_samples_sqrt_inverse_clip3_2000_nobias/current_h32_br-both_fu-sum_sk2_z0_D1_A-shared_n-bn_a-relu_head64_tok4_state16/run_seed8/result.json,b2272d88fa94e9257ee05c5d3e6074fd2fac7d3f4ff0394de095cd27b80d85ee,9424,UP,8,,,0.9523260601070399,
architecture_19,UP_all_samples_sqrt_inverse_clip3_2000_nobias/current_h32_br-both_fu-sum_sk2_z0_D1_A-shared_n-bn_a-relu_head64_tok4_state16/run_seed9/result.json,99e663c3a91c9aacce4679bdffd5c50045444ceeede00e993cd353aeba3cb0d3,9942,UP,9,,,0.9638534376286537,
architecture_19,UP_all_samples_sqrt_inverse_clip3_2000_nobias/current_h32_br-both_fu-sum_sk2_z1_D0_A-shared_n-bn_a-relu_head64_tok4_state16/run_seed0/result.json,df2e9ec1e7493a5225ccb5402dee435da8f2791e4344205c22a63cb1698600a2,9217,UP,0,,,0.9557842733635241,
architecture_19,UP_all_samples_sqrt_inverse_clip3_2000_nobias/current_h32_br-both_fu-sum_sk2_z1_D0_A-shared_n-bn_a-relu_head64_tok4_state16/run_seed1/result.json,bb838ece24763145722e06c294ba209b56afa7d85cefc2faedebb1c345e97a23,9545,UP,1,,,0.977274598600247,
architecture_19,UP_all_samples_sqrt_inverse_clip3_2000_nobias/current_h32_br-both_fu-sum_sk2_z1_D0_A-shared_n-bn_a-relu_head64_tok4_state16/run_seed2/result.json,99100574505a3e635181927a9e5cbaf11853f8ed0385f2841d2318578b2385db,9957,UP,2,,,0.9412103746397694,
architecture_19,UP_all_samples_sqrt_inverse_clip3_2000_nobias/current_h32_br-both_fu-sum_sk2_z1_D0_A-shared_n-bn_a-relu_head64_tok4_state16/run_seed3/result.json,ee570deed6b462035c0e8d85e331f69eef12653b0dbfb2fc4fca7362b4c0eaec,9007,UP,3,,,0.9571840263482915,
architecture_19,UP_all_samples_sqrt_inverse_clip3_2000_nobias/current_h32_br-both_fu-sum_sk2_z1_D0_A-shared_n-bn_a-relu_head64_tok4_state16/run_seed4/result.json,a415f92b58f4748380d74a6135a8e7160edbef6c960706d3566052a812d270d4,9938,UP,4,,,0.9529847673939893,
architecture_19,UP_all_samples_sqrt_inverse_clip3_2000_nobias/current_h32_br-both_fu-sum_sk2_z1_D0_A-shared_n-bn_a-relu_head64_tok4_state16/run_seed5/result.json,ed2037033f7b5b9d174eabb38c37ebbcaebd92a6e789008d90666d977e09bb07,9764,UP,5,,,0.9683820502264306,
architecture_19,UP_all_samples_sqrt_inverse_clip3_2000_nobias/current_h32_br-both_fu-sum_sk2_z1_D0_A-shared_n-bn_a-relu_head64_tok4_state16/run_seed6/result.json,416541cd9eb090c6b98890be6e010f51bfcb891466238cfea5c1901a820b8d7b,9590,UP,6,,,0.9436805269658296,
architecture_19,UP_all_samples_sqrt_inverse_clip3_2000_nobias/current_h32_br-both_fu-sum_sk2_z1_D0_A-shared_n-bn_a-relu_head64_tok4_state16/run_seed7/result.json,f02bdb75904874c6f9a1d31dc4c098ef857d29f8932bdf70c2e4fc671ede2eae,10329,UP,7,,,0.921860848085632,
architecture_19,UP_all_samples_sqrt_inverse_clip3_2000_nobias/current_h32_br-both_fu-sum_sk2_z1_D0_A-shared_n-bn_a-relu_head64_tok4_state16/run_seed8/result.json,75b4ca40d51b8b0b07b9b80b10afd2c2bfb329a5c045a5fc426522f1a10f38fa,9575,UP,8,,,0.9594071634417456,
architecture_19,UP_all_samples_sqrt_inverse_clip3_2000_nobias/current_h32_br-both_fu-sum_sk2_z1_D0_A-shared_n-bn_a-relu_head64_tok4_state16/run_seed9/result.json,867fbc142a143f95c92228f308d903b4edc643a071cb4db7c309cd7d712131fa,9751,UP,9,,,0.9199670646356526,
architecture_19,UP_all_samples_sqrt_inverse_clip3_2000_nobias/current_h32_br-both_fu-sum_sk2_z1_D1_A-shared_n-bn_a-relu_head64_tok4_state16/run_seed0/result.json,2b687d27c657642a93bdd825f636cf0ac11fd76b815e8d0f0813af13ba51a336,8804,UP,0,,,0.9810621655002059,
architecture_19,UP_all_samples_sqrt_inverse_clip3_2000_nobias/current_h32_br-both_fu-sum_sk2_z1_D1_A-shared_n-bn_a-relu_head64_tok4_state16/run_seed1/result.json,840edd6090d1c4bd0ff26c76568ed867522634118bfbe614afb566a2edf00a02,9174,UP,1,,,0.9566076574722108,
architecture_19,UP_all_samples_sqrt_inverse_clip3_2000_nobias/current_h32_br-both_fu-sum_sk2_z1_D1_A-shared_n-bn_a-relu_head64_tok4_state16/run_seed2/result.json,36049d653f4e40cbd79d2f69e641b7cf12a2881c189283180ca4621fae3742b5,9236,UP,2,,,0.9619596541786744,
architecture_19,UP_all_samples_sqrt_inverse_clip3_2000_nobias/current_h32_br-both_fu-sum_sk2_z1_D1_A-shared_n-bn_a-relu_head64_tok4_state16/run_seed3/result.json,c847bc978833b754769ab2c74b061a1b44f31568ea2870eec6e414c985517a64,9548,UP,3,,,0.9696171263894607,
architecture_19,UP_all_samples_sqrt_inverse_clip3_2000_nobias/current_h32_br-both_fu-sum_sk2_z1_D1_A-shared_n-bn_a-relu_head64_tok4_state16/run_seed4/result.json,4b60619075e5bb75d8f217c9666448692673c05bf73c6732682d2d4c3a4b1901,8859,UP,4,,,0.960065870728695,
architecture_19,UP_all_samples_sqrt_inverse_clip3_2000_nobias/current_h32_br-both_fu-sum_sk2_z1_D1_A-shared_n-bn_a-relu_head64_tok4_state16/run_seed5/result.json,9698ffe6540880a04aeeffb30a7a093c782a98635fdc07fc202f79fa4cbacf2b,9380,UP,5,,,0.9742280773981062,
architecture_19,UP_all_samples_sqrt_inverse_clip3_2000_nobias/current_h32_br-both_fu-sum_sk2_z1_D1_A-shared_n-bn_a-relu_head64_tok4_state16/run_seed6/result.json,d6b266a2f2c9de73a62c8c39f2f2b8da0120397ff933a167fae7c654ae1c52f2,9556,UP,6,,,0.9675586661177439,
architecture_19,UP_all_samples_sqrt_inverse_clip3_2000_nobias/current_h32_br-both_fu-sum_sk2_z1_D1_A-shared_n-bn_a-relu_head64_tok4_state16/run_seed7/result.json,54aec27ffab3f361a8152173bb8790b6aa9b9f2448b71d0ccb0ebe775db7b402,9961,UP,7,,,0.9623713462330177,
architecture_19,UP_all_samples_sqrt_inverse_clip3_2000_nobias/current_h32_br-both_fu-sum_sk2_z1_D1_A-shared_n-bn_a-relu_head64_tok4_state16/run_seed8/result.json,37fa43b84dfda30bcb42527142a0ffa6767e397712840d02fde229b89e09b420,9582,UP,8,,,0.9720049403046521,
architecture_19,UP_all_samples_sqrt_inverse_clip3_2000_nobias/current_h32_br-both_fu-sum_sk2_z1_D1_A-shared_n-bn_a-relu_head64_tok4_state16/run_seed9/result.json,bfa412d03f343f5b518da37249f23267c4746c14be741d5a50b81e193b8a86f3,9412,UP,9,,,0.9696171263894607,
architecture_19,UP_all_samples_sqrt_inverse_clip3_2000_nobias/original_safe_h64_br-both_fu-softmax_sk2_z1_D1_A-per_channel_n-gn_a-silu_head128_tok4_state16/run_seed0/result.json,a6b5abc3f82a47a3a1821ce8c149f1956d215870d3eee935fa235d974f5a2bcb,10377,UP,0,,,0.8821737340469329,
architecture_19,UP_all_samples_sqrt_inverse_clip3_2000_nobias/original_safe_h64_br-both_fu-softmax_sk2_z1_D1_A-per_channel_n-gn_a-silu_head128_tok4_state16/run_seed1/result.json,979f4e0b8e4a8260b0d298c7bab0c250c1632fb6a1052a93a573a527a6806f49,10040,UP,1,,,0.8253602305475505,
architecture_19,UP_all_samples_sqrt_inverse_clip3_2000_nobias/original_safe_h64_br-both_fu-softmax_sk2_z1_D1_A-per_channel_n-gn_a-silu_head128_tok4_state16/run_seed2/result.json,e1dea353bd97c5d5af4a5dcabd4ae3e1fe08362e64a95ba78450f3b0db780ece,10205,UP,2,,,0.8818443804034583,
architecture_19,UP_all_samples_sqrt_inverse_clip3_2000_nobias/original_safe_h64_br-both_fu-softmax_sk2_z1_D1_A-per_channel_n-gn_a-silu_head128_tok4_state16/run_seed3/result.json,c445dae254d5d00d7f039955c4f6aa28494ed9e9d1f92c7ba7e8228bdf3e07d3,10048,UP,3,,,0.8731988472622478,
architecture_19,UP_all_samples_sqrt_inverse_clip3_2000_nobias/original_safe_h64_br-both_fu-softmax_sk2_z1_D1_A-per_channel_n-gn_a-silu_head128_tok4_state16/run_seed4/result.json,9b298c4b6b649979b5fa4d6857b6cc1cd4976db36a1f3f690e7328530e27dcf5,10415,UP,4,,,0.8945244956772335,
architecture_19,UP_all_samples_sqrt_inverse_clip3_2000_nobias/original_safe_h64_br-both_fu-softmax_sk2_z1_D1_A-per_channel_n-gn_a-silu_head128_tok4_state16/run_seed5/result.json,df5b7bee81a131bdab5582266c09e50710bca09047419274db61c69864a8d502,10216,UP,5,,,0.8800329353643475,
architecture_19,UP_all_samples_sqrt_inverse_clip3_2000_nobias/original_safe_h64_br-both_fu-softmax_sk2_z1_D1_A-per_channel_n-gn_a-silu_head128_tok4_state16/run_seed6/result.json,01439e0c1ff8d1db471dd54f3e3ae73c3402165566c4d12e4a8cdb0e329e8f7d,10052,UP,6,,,0.8512968299711815,
architecture_19,UP_all_samples_sqrt_inverse_clip3_2000_nobias/original_safe_h64_br-both_fu-softmax_sk2_z1_D1_A-per_channel_n-gn_a-silu_head128_tok4_state16/run_seed7/result.json,4d267f643126ebbad4c179a6efedf3f76af54ffafe8bd159b1c5a77ae26c44c6,9861,UP,7,,,0.8770687525730754,
architecture_19,UP_all_samples_sqrt_inverse_clip3_2000_nobias/original_safe_h64_br-both_fu-softmax_sk2_z1_D1_A-per_channel_n-gn_a-silu_head128_tok4_state16/run_seed8/result.json,8250b6837bf7b4b09e11fbbac715c8c8721b2045779451ec9110fbab9717046b,9885,UP,8,,,0.8960889254837382,
architecture_19,UP_all_samples_sqrt_inverse_clip3_2000_nobias/original_safe_h64_br-both_fu-softmax_sk2_z1_D1_A-per_channel_n-gn_a-silu_head128_tok4_state16/run_seed9/result.json,b9c0f6c92239223c4d827b0f9771d012f708b970e8ba55708859825e8ebb9334,9884,UP,9,,,0.892136681762042,
architecture_19,UP_all_samples_sqrt_inverse_clip3_2000_nobias/original_safe_matched_h32_br-both_fu-softmax_sk2_z1_D1_A-per_channel_n-gn_a-silu_head64_tok4_state16/run_seed0/result.json,8623f4f4ba3a85c2f84c81f729bb74f1e93a3a6868e3ff4f7faf993596ce8085,10438,UP,0,,,0.8624948538493207,
architecture_19,UP_all_samples_sqrt_inverse_clip3_2000_nobias/original_safe_matched_h32_br-both_fu-softmax_sk2_z1_D1_A-per_channel_n-gn_a-silu_head64_tok4_state16/run_seed1/result.json,7d3198fdb7c83b12da28683355692b38ed856cddc6c403d4c289e07ff07c2cf3,10114,UP,1,,,0.8643886372993002,
architecture_19,UP_all_samples_sqrt_inverse_clip3_2000_nobias/original_safe_matched_h32_br-both_fu-softmax_sk2_z1_D1_A-per_channel_n-gn_a-silu_head64_tok4_state16/run_seed2/result.json,f332f84b87aa582d6555a05411f78f8a81f8eb61eb8b5158b4a1bfe07c0e3573,10823,UP,2,,,0.8781391519143681,
architecture_19,UP_all_samples_sqrt_inverse_clip3_2000_nobias/original_safe_matched_h32_br-both_fu-softmax_sk2_z1_D1_A-per_channel_n-gn_a-silu_head64_tok4_state16/run_seed3/result.json,64315f2b8b67a8bd3348680a834a342558e49222bda9ffe7fb4d79935b67a8a0,10103,UP,3,,,0.8836558254425689,
architecture_19,UP_all_samples_sqrt_inverse_clip3_2000_nobias/original_safe_matched_h32_br-both_fu-softmax_sk2_z1_D1_A-per_channel_n-gn_a-silu_head64_tok4_state16/run_seed4/result.json,be8571ab0237e75b390214bdeac4703e6ae592242fb71275aee07f4c6ba7303f,10097,UP,4,,,0.8944421572663648,
architecture_19,UP_all_samples_sqrt_inverse_clip3_2000_nobias/original_safe_matched_h32_br-both_fu-softmax_sk2_z1_D1_A-per_channel_n-gn_a-silu_head64_tok4_state16/run_seed5/result.json,812b236bde366849f0c1910acbb90401566be5465dc8e45217d4057fda2205e9,10285,UP,5,,,0.8710580485796624,
architecture_19,UP_all_samples_sqrt_inverse_clip3_2000_nobias/original_safe_matched_h32_br-both_fu-softmax_sk2_z1_D1_A-per_channel_n-gn_a-silu_head64_tok4_state16/run_seed6/result.json,bf3f6f2d91a14c03ef6bc1f07561220e546a30d0791552aeb68038b22f82aa80,10616,UP,6,,,0.8106216550020584,
architecture_19,UP_all_samples_sqrt_inverse_clip3_2000_nobias/original_safe_matched_h32_br-both_fu-softmax_sk2_z1_D1_A-per_channel_n-gn_a-silu_head64_tok4_state16/run_seed7/result.json,43193cc5dc44f62cfd7bbd4ef712f640d2ce9f702de8ea47cc835d6f2b26a38e,9559,UP,7,,,0.899629477151091,
architecture_19,UP_all_samples_sqrt_inverse_clip3_2000_nobias/original_safe_matched_h32_br-both_fu-softmax_sk2_z1_D1_A-per_channel_n-gn_a-silu_head64_tok4_state16/run_seed8/result.json,e65753cb1e1e1422ed92532c4eee92d1fdf8c735d37b7476e77295b96c33c794,9922,UP,8,,,0.9009468917249898,
architecture_19,UP_all_samples_sqrt_inverse_clip3_2000_nobias/original_safe_matched_h32_br-both_fu-softmax_sk2_z1_D1_A-per_channel_n-gn_a-silu_head64_tok4_state16/run_seed9/result.json,50e03b09c1d8a31d3a72e6f92d2e6348b8927204fd1907080fbddf6c36354cf0,10252,UP,9,,,0.8776451214491561,
architecture_19,HanChuan_all_samples_sqrt_inverse_clip3_2000_nobias/current_h32_br-both_fu-mean_sk2_z0_D0_A-shared_n-bn_a-relu_head64_tok4_state16/run_seed0/result.json,90d3e3d2ccf5d1c6395ddb552bbfc97d1bf48da617b984b2fd7c6036f090df07,18365,HanChuan,0,,,0.9004902662002419,
architecture_19,HanChuan_all_samples_sqrt_inverse_clip3_2000_nobias/current_h32_br-both_fu-mean_sk2_z0_D0_A-shared_n-bn_a-relu_head64_tok4_state16/run_seed1/result.json,b9d13ee62a05a37c7ec2b54a13f121c06443e009161794b974bf4ed210061803,18031,HanChuan,1,,,0.9090211581726205,
architecture_19,HanChuan_all_samples_sqrt_inverse_clip3_2000_nobias/current_h32_br-both_fu-mean_sk2_z0_D0_A-shared_n-bn_a-relu_head64_tok4_state16/run_seed2/result.json,17cd5086c695c15e3e58472d727ff0e1698c2dbdedafe5cc692fd67ed2782800,18021,HanChuan,2,,,0.9016086453307671,
architecture_19,HanChuan_all_samples_sqrt_inverse_clip3_2000_nobias/current_h32_br-both_fu-mean_sk2_z0_D0_A-shared_n-bn_a-relu_head64_tok4_state16/run_seed3/result.json,fe17078c8532a6883b8227af8176f60a5e62972555ee7bf8fd35370de7a844ea,18012,HanChuan,3,,,0.9060951662613626,
architecture_19,HanChuan_all_samples_sqrt_inverse_clip3_2000_nobias/current_h32_br-both_fu-mean_sk2_z0_D0_A-shared_n-bn_a-relu_head64_tok4_state16/run_seed4/result.json,4dbed595f6bf25556476a7b424cf6e71edf0f2a7b3d9fb36047338e53db75b8d,18014,HanChuan,4,,,0.8891894352185391,
architecture_19,HanChuan_all_samples_sqrt_inverse_clip3_2000_nobias/current_h32_br-both_fu-mean_sk2_z0_D0_A-shared_n-bn_a-relu_head64_tok4_state16/run_seed5/result.json,0ab5b54beee1b244da06c835e8f751c06bfd6db7aca79edbc478cd855f9fb8d7,18010,HanChuan,5,,,0.8757298724267527,
architecture_19,HanChuan_all_samples_sqrt_inverse_clip3_2000_nobias/current_h32_br-both_fu-mean_sk2_z0_D0_A-shared_n-bn_a-relu_head64_tok4_state16/run_seed6/result.json,4211d8f7418424f51d0558671c411507153abaf5533952fb134aadde7097fa99,18356,HanChuan,6,,,0.9031041523076323,
architecture_19,HanChuan_all_samples_sqrt_inverse_clip3_2000_nobias/current_h32_br-both_fu-mean_sk2_z0_D0_A-shared_n-bn_a-relu_head64_tok4_state16/run_seed7/result.json,3eb993243975b720299af47a31ab413560f70b4fde8c4d0c3dc9f386773578d7,18008,HanChuan,7,,,0.855130889371497,
architecture_19,HanChuan_all_samples_sqrt_inverse_clip3_2000_nobias/current_h32_br-both_fu-mean_sk2_z0_D0_A-shared_n-bn_a-relu_head64_tok4_state16/run_seed8/result.json,a24589a389213d12f0441bdb0d5c00fc169b566c0eac2108209e088b7e7f1e35,18194,HanChuan,8,,,0.9062902323887798,
architecture_19,HanChuan_all_samples_sqrt_inverse_clip3_2000_nobias/current_h32_br-both_fu-mean_sk2_z0_D0_A-shared_n-bn_a-relu_head64_tok4_state16/run_seed9/result.json,15a8c374cf63032c9dbb7a5757dcf83cb4b5548d1bfb3e744dda520d2dc1dd4b,17796,HanChuan,9,,,0.9067193778690976,
architecture_19,HanChuan_all_samples_sqrt_inverse_clip3_2000_nobias/current_h32_br-both_fu-softmax_sk2_z0_D0_A-shared_n-bn_a-relu_head64_tok4_state16/run_seed0/result.json,65d741405a0ab141ad9597953fd891daa27da9147a0a02a112444af833e5309d,18037,HanChuan,0,,,0.9115700222375386,
architecture_19,HanChuan_all_samples_sqrt_inverse_clip3_2000_nobias/current_h32_br-both_fu-softmax_sk2_z0_D0_A-shared_n-bn_a-relu_head64_tok4_state16/run_seed1/result.json,1b63840f0083ae07d702f1e81ec1630b5d8ac5f7ac41654e381966a21c2e78c8,18208,HanChuan,1,,,0.9183713278801514,
architecture_19,HanChuan_all_samples_sqrt_inverse_clip3_2000_nobias/current_h32_br-both_fu-softmax_sk2_z0_D0_A-shared_n-bn_a-relu_head64_tok4_state16/run_seed2/result.json,111d76d516d1f0a0c650804df46b3506cc53d7f258392b034b99457982e54fc5,18369,HanChuan,2,,,0.912181229436779,
architecture_19,HanChuan_all_samples_sqrt_inverse_clip3_2000_nobias/current_h32_br-both_fu-softmax_sk2_z0_D0_A-shared_n-bn_a-relu_head64_tok4_state16/run_seed3/result.json,209d5c7e77b5eefa0e52d7da35e35c2d476d4293dc33270fea56bc0dcf945830,18212,HanChuan,3,,,0.8752357049039624,
architecture_19,HanChuan_all_samples_sqrt_inverse_clip3_2000_nobias/current_h32_br-both_fu-softmax_sk2_z0_D0_A-shared_n-bn_a-relu_head64_tok4_state16/run_seed4/result.json,136b05e2a3deb3e2de5dbd6d2905d86a5c1f8fbde28190614ff507997b0cec5d,18028,HanChuan,4,,,0.9112189032081875,
architecture_19,HanChuan_all_samples_sqrt_inverse_clip3_2000_nobias/current_h32_br-both_fu-softmax_sk2_z0_D0_A-shared_n-bn_a-relu_head64_tok4_state16/run_seed5/result.json,ab9cd6d7ae5a23d550ea6bc0b503e60b62c8ffed5205e5d12779ed8a8715d4c9,17840,HanChuan,5,,,0.8857692757844909,
architecture_19,HanChuan_all_samples_sqrt_inverse_clip3_2000_nobias/current_h32_br-both_fu-softmax_sk2_z0_D0_A-shared_n-bn_a-relu_head64_tok4_state16/run_seed6/result.json,26a9e04e7efe138ffa114d9a5d7af40efb64be883234f7bdf33cbf7e5ac996b4,18034,HanChuan,6,,,0.9053018973431993,
architecture_19,HanChuan_all_samples_sqrt_inverse_clip3_2000_nobias/current_h32_br-both_fu-softmax_sk2_z0_D0_A-shared_n-bn_a-relu_head64_tok4_state16/run_seed7/result.json,33fcd7dd25b6c932b51a20231c2e043575662ef3fca50978e55fce14e39e980e,18044,HanChuan,7,,,0.8837665968763411,
architecture_19,HanChuan_all_samples_sqrt_inverse_clip3_2000_nobias/current_h32_br-both_fu-softmax_sk2_z0_D0_A-shared_n-bn_a-relu_head64_tok4_state16/run_seed8/result.json,b981fac28bce06dddd4dbd2ac1043b71fdf29c7dd98d90b8b12dfbfc741b12f8,17859,HanChuan,8,,,0.8957956747337348,
architecture_19,HanChuan_all_samples_sqrt_inverse_clip3_2000_nobias/current_h32_br-both_fu-softmax_sk2_z0_D0_A-shared_n-bn_a-relu_head64_tok4_state16/run_seed9/result.json,3ea4e9302807842e15840a78786bfa50dabba7ad7a9e39c370860fbeeb2fe2ec,17465,HanChuan,9,,,0.8892024396270336,
architecture_19,HanChuan_all_samples_sqrt_inverse_clip3_2000_nobias/current_h32_br-both_fu-sum_sk0_z0_D0_A-shared_n-bn_a-relu_head64_tok4_state16/run_seed0/result.json,7cefa0eaeb25d7b9396bf92eff26652e136f3a294bf58de2f4f046cee5d9b9a3,18222,HanChuan,0,,,0.8009155103580113,
architecture_19,HanChuan_all_samples_sqrt_inverse_clip3_2000_nobias/current_h32_br-both_fu-sum_sk0_z0_D0_A-shared_n-bn_a-relu_head64_tok4_state16/run_seed1/result.json,ceed6276eb6eb1e59a130503a264264d0078dcc5f19f88be84b4df8ce64c766d,18197,HanChuan,1,,,0.8713863999895964,
architecture_19,HanChuan_all_samples_sqrt_inverse_clip3_2000_nobias/current_h32_br-both_fu-sum_sk0_z0_D0_A-shared_n-bn_a-relu_head64_tok4_state16/run_seed2/result.json,4f1c2e96598c81ff0f9fe771c3a81cd1d8c2b2fe0066f069d8fc2ab0d857f11b,18199,HanChuan,2,,,0.8606187497561674,
architecture_19,HanChuan_all_samples_sqrt_inverse_clip3_2000_nobias/current_h32_br-both_fu-sum_sk0_z0_D0_A-shared_n-bn_a-relu_head64_tok4_state16/run_seed3/result.json,34e165c71c8f86596eaaae664361cc619d7424fcac08a159181078a63a1e308b,18040,HanChuan,3,,,0.8744814492112827,
architecture_19,HanChuan_all_samples_sqrt_inverse_clip3_2000_nobias/current_h32_br-both_fu-sum_sk0_z0_D0_A-shared_n-bn_a-relu_head64_tok4_state16/run_seed4/result.json,e331d79b59cca2a44ed103cfc9d968388baa99181280c681052d5d33295e55db,18203,HanChuan,4,,,0.8753527445804128,
architecture_19,HanChuan_all_samples_sqrt_inverse_clip3_2000_nobias/current_h32_br-both_fu-sum_sk0_z0_D0_A-shared_n-bn_a-relu_head64_tok4_state16/run_seed5/result.json,83da9ce82b4f9708f21c32a034f25fb089f02517f1c9741774edd7256a1016bb,18201,HanChuan,5,,,0.8484726322223234,
architecture_19,HanChuan_all_samples_sqrt_inverse_clip3_2000_nobias/current_h32_br-both_fu-sum_sk0_z0_D0_A-shared_n-bn_a-relu_head64_tok4_state16/run_seed6/result.json,95c6de69b56fcfe2fce62e6147193223bcb4a6934d80346eab57982e6ba3692c,18022,HanChuan,6,,,0.8444412655890347,
architecture_19,HanChuan_all_samples_sqrt_inverse_clip3_2000_nobias/current_h32_br-both_fu-sum_sk0_z0_D0_A-shared_n-bn_a-relu_head64_tok4_state16/run_seed7/result.json,7a4bd5d65ec224c714426a143b8cdb667f7d4a75e0127f6f7732c2b61ff5ed4a,18176,HanChuan,7,,,0.8227239034032537,
architecture_19,HanChuan_all_samples_sqrt_inverse_clip3_2000_nobias/current_h32_br-both_fu-sum_sk0_z0_D0_A-shared_n-bn_a-relu_head64_tok4_state16/run_seed8/result.json,008da32cc8af8051aa7482c3103c2b0e4c30fb7a7cdc49533464544acc01fbfe,18182,HanChuan,8,,,0.8819849929125974,
architecture_19,HanChuan_all_samples_sqrt_inverse_clip3_2000_nobias/current_h32_br-both_fu-sum_sk0_z0_D0_A-shared_n-bn_a-relu_head64_tok4_state16/run_seed9/result.json,cd87ec35ef36f9f36bf2e78ba0420521e3679f614d2ffb018961bff57de3bef7,18199,HanChuan,9,,,0.8696178004343472,
architecture_19,HanChuan_all_samples_sqrt_inverse_clip3_2000_nobias/current_h32_br-both_fu-sum_sk1_z0_D0_A-shared_n-bn_a-relu_head64_tok4_state16/run_seed0/result.json,bffe70358191b42590cb1c95ed10e8dee3680631ecaf950dfe4865174403a5d3,18156,HanChuan,0,,,0.9026750068273145,
architecture_19,HanChuan_all_samples_sqrt_inverse_clip3_2000_nobias/current_h32_br-both_fu-sum_sk1_z0_D0_A-shared_n-bn_a-relu_head64_tok4_state16/run_seed1/result.json,fe015af529001f2b5c9a31843bccb3446e2fbb1e852aae8d2b2a7d682e875dfa,18013,HanChuan,1,,,0.9137547628646111,
architecture_19,HanChuan_all_samples_sqrt_inverse_clip3_2000_nobias/current_h32_br-both_fu-sum_sk1_z0_D0_A-shared_n-bn_a-relu_head64_tok4_state16/run_seed2/result.json,2f011421cce39ea2e17ef3f7e53548887ed37d6723b08e4af0646910ebd5862d,17827,HanChuan,2,,,0.8776545248839357,
architecture_19,HanChuan_all_samples_sqrt_inverse_clip3_2000_nobias/current_h32_br-both_fu-sum_sk1_z0_D0_A-shared_n-bn_a-relu_head64_tok4_state16/run_seed3/result.json,507a60e5a8c9a44e052c2cbf1b5df7be3b0bdff55312cf9e83466f820aaefbc9,18198,HanChuan,3,,,0.8447273625759132,
architecture_19,HanChuan_all_samples_sqrt_inverse_clip3_2000_nobias/current_h32_br-both_fu-sum_sk1_z0_D0_A-shared_n-bn_a-relu_head64_tok4_state16/run_seed4/result.json,f788d42801c988fd3031784bd60c0fe5c4161ee1efac89080a9e432775ed7c5c,18170,HanChuan,4,,,0.9039754476767624,
architecture_19,HanChuan_all_samples_sqrt_inverse_clip3_2000_nobias/current_h32_br-both_fu-sum_sk1_z0_D0_A-shared_n-bn_a-relu_head64_tok4_state16/run_seed5/result.json,bb6bfbbda9ed510d541f5d3228da73f98ccbe6871a9fc3a907fe1d47472da6ae,18186,HanChuan,5,,,0.9105296695579802,
architecture_19,HanChuan_all_samples_sqrt_inverse_clip3_2000_nobias/current_h32_br-both_fu-sum_sk1_z0_D0_A-shared_n-bn_a-relu_head64_tok4_state16/run_seed6/result.json,a49e67834724b7aac91c95dae511c651af70c371cbe5788c4258e134f8bea16f,18023,HanChuan,6,,,0.8735321273911856,
architecture_19,HanChuan_all_samples_sqrt_inverse_clip3_2000_nobias/current_h32_br-both_fu-sum_sk1_z0_D0_A-shared_n-bn_a-relu_head64_tok4_state16/run_seed7/result.json,fb58c5cc2c3495010ab7d9002f90517a89b0aafed5bd5d9407f5ae2d6a92a375,18196,HanChuan,7,,,0.8674980818497471,
architecture_19,HanChuan_all_samples_sqrt_inverse_clip3_2000_nobias/current_h32_br-both_fu-sum_sk1_z0_D0_A-shared_n-bn_a-relu_head64_tok4_state16/run_seed8/result.json,f13ec0fd118aa468feb373839a8853d74413d1f797ffdb79352d31743cdd82a7,18021,HanChuan,8,,,0.9028050509122593,
architecture_19,HanChuan_all_samples_sqrt_inverse_clip3_2000_nobias/current_h32_br-both_fu-sum_sk1_z0_D0_A-shared_n-bn_a-relu_head64_tok4_state16/run_seed9/result.json,2ca5a7119613d7278a1cff3065ddaedf0dc6f3868c50aa192a0c146db7cac264,18188,HanChuan,9,,,0.8800733448639089,
architecture_19,HanChuan_all_samples_sqrt_inverse_clip3_2000_nobias/current_h32_br-both_fu-sum_sk2_z0_D0_A-shared_n-bn_a-relu_head128_tok4_state16/run_seed0/result.json,51b1126d17e20957780984f1019e4ed199aa9b784f93b51cb27ae3fe57af8f68,17833,HanChuan,0,,,0.8976683095569398,
architecture_19,HanChuan_all_samples_sqrt_inverse_clip3_2000_nobias/current_h32_br-both_fu-sum_sk2_z0_D0_A-shared_n-bn_a-relu_head128_tok4_state16/run_seed1/result.json,66d37dd998cfa0268d5452a8403cb3a48b326b724634ecb2624ee488e80580b5,18030,HanChuan,1,,,0.8995799576056283,
architecture_19,HanChuan_all_samples_sqrt_inverse_clip3_2000_nobias/current_h32_br-both_fu-sum_sk2_z0_D0_A-shared_n-bn_a-relu_head128_tok4_state16/run_seed2/result.json,ea69615b991ba4d9a5ce9e86e4441f2649e6604b0ec48ca79ebed696f34667e2,18009,HanChuan,2,,,0.9129614939464479,
architecture_19,HanChuan_all_samples_sqrt_inverse_clip3_2000_nobias/current_h32_br-both_fu-sum_sk2_z0_D0_A-shared_n-bn_a-relu_head128_tok4_state16/run_seed3/result.json,e26e052a0111daecb1216a5693c6baabf3d8dbaedfdd7b3810455d7f3fdc09f2,18155,HanChuan,3,,,0.9099054579502451,
architecture_19,HanChuan_all_samples_sqrt_inverse_clip3_2000_nobias/current_h32_br-both_fu-sum_sk2_z0_D0_A-shared_n-bn_a-relu_head128_tok4_state16/run_seed4/result.json,d475b0324dc6a2fe5332304848446e70a614e9fcb62bb7238192608c263c4d03,18187,HanChuan,4,,,0.9024539318829083,
architecture_19,HanChuan_all_samples_sqrt_inverse_clip3_2000_nobias/current_h32_br-both_fu-sum_sk2_z0_D0_A-shared_n-bn_a-relu_head128_tok4_state16/run_seed5/result.json,40c46fb239b29fd6d3d9558a9444a0a560e8a479677488358c7fcfe21e55ba30,17836,HanChuan,5,,,0.8791890450862843,
architecture_19,HanChuan_all_samples_sqrt_inverse_clip3_2000_nobias/current_h32_br-both_fu-sum_sk2_z0_D0_A-shared_n-bn_a-relu_head128_tok4_state16/run_seed6/result.json,cac6b5e52393dab1b6b096ae017cb2701043828ccc5870607dde1c4e708d362c,18018,HanChuan,6,,,0.8977203271909178,
architecture_19,HanChuan_all_samples_sqrt_inverse_clip3_2000_nobias/current_h32_br-both_fu-sum_sk2_z0_D0_A-shared_n-bn_a-relu_head128_tok4_state16/run_seed7/result.json,943d79fe4ebad03b26b231637b76d658016743bf51697a0f9d1191b6c3c25670,18010,HanChuan,7,,,0.8747025241556888,
architecture_19,HanChuan_all_samples_sqrt_inverse_clip3_2000_nobias/current_h32_br-both_fu-sum_sk2_z0_D0_A-shared_n-bn_a-relu_head128_tok4_state16/run_seed8/result.json,9407c050d07e322ba5a659e08674784504dfd002a7e364a1128fbd209d51d2d3,17640,HanChuan,8,,,0.8854441655721289,
architecture_19,HanChuan_all_samples_sqrt_inverse_clip3_2000_nobias/current_h32_br-both_fu-sum_sk2_z0_D0_A-shared_n-bn_a-relu_head128_tok4_state16/run_seed9/result.json,8b067cc4645df508cb67bd6c00ca43df6a200a64cdd74b68ebca1c8c86069ca6,18034,HanChuan,9,,,0.886393487392226,
architecture_19,HanChuan_all_samples_sqrt_inverse_clip3_2000_nobias/current_h32_br-both_fu-sum_sk2_z0_D0_A-shared_n-bn_a-relu_head32_tok4_state16/run_seed0/result.json,d19ae166a482898d81c9bd711b35a68fea3c330436dd033843509777d0f55a0c,17979,HanChuan,0,,,0.9015176144713057,
architecture_19,HanChuan_all_samples_sqrt_inverse_clip3_2000_nobias/current_h32_br-both_fu-sum_sk2_z0_D0_A-shared_n-bn_a-relu_head32_tok4_state16/run_seed1/result.json,bdb81f58ed4d678a9829a24d1610ba31e02230eb933eda69432be693634d7e80,18027,HanChuan,1,,,0.8735061185741967,
architecture_19,HanChuan_all_samples_sqrt_inverse_clip3_2000_nobias/current_h32_br-both_fu-sum_sk2_z0_D0_A-shared_n-bn_a-relu_head32_tok4_state16/run_seed2/result.json,dbd9e7e8f9d77081b1413617948404110a12a4d6be1310acb8cfa388ea28b6c1,18006,HanChuan,2,,,0.9096063565548721,
architecture_19,HanChuan_all_samples_sqrt_inverse_clip3_2000_nobias/current_h32_br-both_fu-sum_sk2_z0_D0_A-shared_n-bn_a-relu_head32_tok4_state16/run_seed3/result.json,c24a8cf57218176177cb1e461d2809803f408cbb403c3bf341cae5818b38d78d,18201,HanChuan,3,,,0.9013355527523831,
architecture_19,HanChuan_all_samples_sqrt_inverse_clip3_2000_nobias/current_h32_br-both_fu-sum_sk2_z0_D0_A-shared_n-bn_a-relu_head32_tok4_state16/run_seed4/result.json,30f31473caba939bd88631f2b6d0870849251232e6650561b1b0c7c6f1275dd6,18363,HanChuan,4,,,0.8755738195248189,
architecture_19,HanChuan_all_samples_sqrt_inverse_clip3_2000_nobias/current_h32_br-both_fu-sum_sk2_z0_D0_A-shared_n-bn_a-relu_head32_tok4_state16/run_seed5/result.json,3d65d8274f092df8554fa21537d57eea724ab5d328e565829e1dba528b6c5344,18185,HanChuan,5,,,0.8955225821553506,
architecture_19,HanChuan_all_samples_sqrt_inverse_clip3_2000_nobias/current_h32_br-both_fu-sum_sk2_z0_D0_A-shared_n-bn_a-relu_head32_tok4_state16/run_seed6/result.json,00c45eb353c394e025708f642a33cc1c3807b6d28ec6ea00d509e3514b1d6a48,18186,HanChuan,6,,,0.9035463021964446,
architecture_19,HanChuan_all_samples_sqrt_inverse_clip3_2000_nobias/current_h32_br-both_fu-sum_sk2_z0_D0_A-shared_n-bn_a-relu_head32_tok4_state16/run_seed7/result.json,c1e1ed224288ccfdb04be293aefbf6273c358102d5bd73440e56a450ba0eff79,17997,HanChuan,7,,,0.8978503712758625,
architecture_19,HanChuan_all_samples_sqrt_inverse_clip3_2000_nobias/current_h32_br-both_fu-sum_sk2_z0_D0_A-shared_n-bn_a-relu_head32_tok4_state16/run_seed8/result.json,2dccc03317180c14f9e3e38d9de98ac188a79d40123c449e78c6026a8dd34b97,18014,HanChuan,8,,,0.8982014903052135,
architecture_19,HanChuan_all_samples_sqrt_inverse_clip3_2000_nobias/current_h32_br-both_fu-sum_sk2_z0_D0_A-shared_n-bn_a-relu_head32_tok4_state16/run_seed9/result.json,6b4a00df2d69c90a18fc3bcb1478aaee9cba8029d2ca98e7a114df2a65b3aabf,18371,HanChuan,9,,,0.8701509811826209,
architecture_19,HanChuan_all_samples_sqrt_inverse_clip3_2000_nobias/current_h32_br-both_fu-sum_sk2_z0_D0_A-shared_n-bn_a-relu_head64_tok2_state16/run_seed0/result.json,19685c1e1c59481551b3a175e657962ddb6916e8700ebdcecb4d742a06f481de,18031,HanChuan,0,,,0.9001521515793854,
architecture_19,HanChuan_all_samples_sqrt_inverse_clip3_2000_nobias/current_h32_br-both_fu-sum_sk2_z0_D0_A-shared_n-bn_a-relu_head64_tok2_state16/run_seed1/result.json,5431d3b49cc86a46a7a64f781f888bef3857a1ebf3f3b8b5f059024d4061d763,17821,HanChuan,1,,,0.9034552713369832,
architecture_19,HanChuan_all_samples_sqrt_inverse_clip3_2000_nobias/current_h32_br-both_fu-sum_sk2_z0_D0_A-shared_n-bn_a-relu_head64_tok2_state16/run_seed2/result.json,780757576e272fb0be3ee8927318c54aa272f1bf219bc5f05c8b0c3e776d9875,18177,HanChuan,2,,,0.9076166820552167,
architecture_19,HanChuan_all_samples_sqrt_inverse_clip3_2000_nobias/current_h32_br-both_fu-sum_sk2_z0_D0_A-shared_n-bn_a-relu_head64_tok2_state16/run_seed3/result.json,6f233b90985d9e9e6ab38b3bc29f8711df6c275ce9724e0de1f76ce2002494e1,17477,HanChuan,3,,,0.8497600686632768,
architecture_19,HanChuan_all_samples_sqrt_inverse_clip3_2000_nobias/current_h32_br-both_fu-sum_sk2_z0_D0_A-shared_n-bn_a-relu_head64_tok2_state16/run_seed4/result.json,9bdc3f383b2c97b5c8d1bb13469a6a0948ffe66278ba90ac005b4cd94cc92432,18019,HanChuan,4,,,0.9006983367361535,
architecture_19,HanChuan_all_samples_sqrt_inverse_clip3_2000_nobias/current_h32_br-both_fu-sum_sk2_z0_D0_A-shared_n-bn_a-relu_head64_tok2_state16/run_seed5/result.json,d4de2882f3a009753fd1651144d757f98b2c87e1515fa837745523ee71191feb,18011,HanChuan,5,,,0.9217134608632326,
architecture_19,HanChuan_all_samples_sqrt_inverse_clip3_2000_nobias/current_h32_br-both_fu-sum_sk2_z0_D0_A-shared_n-bn_a-relu_head64_tok2_state16/run_seed6/result.json,49323a3d1565f788a61af0ee90a438ca2c3de728d3f3e1e543a41c7370723d73,18203,HanChuan,6,,,0.8806845520631494,
architecture_19,HanChuan_all_samples_sqrt_inverse_clip3_2000_nobias/current_h32_br-both_fu-sum_sk2_z0_D0_A-shared_n-bn_a-relu_head64_tok2_state16/run_seed7/result.json,066a08462b96b5bbc1ecdb14f806b6a15c3d3183c9ca57fa9da10270b186f3a2,18187,HanChuan,7,,,0.8987216666449926,
architecture_19,HanChuan_all_samples_sqrt_inverse_clip3_2000_nobias/current_h32_br-both_fu-sum_sk2_z0_D0_A-shared_n-bn_a-relu_head64_tok2_state16/run_seed8/result.json,99cc5b04be2e182c8c180a889d1af0338ae1b80b23fa396a20bd6e63c3c86280,18322,HanChuan,8,,,0.9084619686073578,
architecture_19,HanChuan_all_samples_sqrt_inverse_clip3_2000_nobias/current_h32_br-both_fu-sum_sk2_z0_D0_A-shared_n-bn_a-relu_head64_tok2_state16/run_seed9/result.json,8b3e9ea535d1a2ac2c24ec2a7bab03b743661c09303b884277b1b4a521961970,18157,HanChuan,9,,,0.895912714410185,
architecture_19,HanChuan_all_samples_sqrt_inverse_clip3_2000_nobias/current_h32_br-both_fu-sum_sk2_z0_D0_A-shared_n-bn_a-relu_head64_tok4_state16/run_seed0/result.json,6210e8382cfc61fde304fe9839849be46594660ba66ee7e9d4ad70e30db8d54c,18180,HanChuan,0,,,0.9072655630258658,
architecture_19,HanChuan_all_samples_sqrt_inverse_clip3_2000_nobias/current_h32_br-both_fu-sum_sk2_z0_D0_A-shared_n-bn_a-relu_head64_tok4_state16/run_seed1/result.json,b65b12fbcb909a1d14159c7f229bdf5bf495805952f2ec64d6cfebe3e4cb5b65,18010,HanChuan,1,,,0.9064462852907136,
architecture_19,HanChuan_all_samples_sqrt_inverse_clip3_2000_nobias/current_h32_br-both_fu-sum_sk2_z0_D0_A-shared_n-bn_a-relu_head64_tok4_state16/run_seed2/result.json,0072d58c34744fc3248535f1d8ade9a019b3b933764b492191fdfb3f3fe13667,17833,HanChuan,2,,,0.9108157665448587,
architecture_19,HanChuan_all_samples_sqrt_inverse_clip3_2000_nobias/current_h32_br-both_fu-sum_sk2_z0_D0_A-shared_n-bn_a-relu_head64_tok4_state16/run_seed3/result.json,7919e0cf8ef96c000c444c2fd0041921af3401474acf12722c970ac82b1015d7,17641,HanChuan,3,,,0.9096973874143335,
architecture_19,HanChuan_all_samples_sqrt_inverse_clip3_2000_nobias/current_h32_br-both_fu-sum_sk2_z0_D0_A-shared_n-bn_a-relu_head64_tok4_state16/run_seed4/result.json,973fd06ec215440b46057978d99f64b2f8d078505246b03f32305d515d61c68d,18031,HanChuan,4,,,0.8919073565938853,
architecture_19,HanChuan_all_samples_sqrt_inverse_clip3_2000_nobias/current_h32_br-both_fu-sum_sk2_z0_D0_A-shared_n-bn_a-relu_head64_tok4_state16/run_seed5/result.json,c5ed7876a90d0370e58c806986fa0554afef750d2d085e9ee721b7f5182ea8c0,18004,HanChuan,5,,,0.9053539149771772,
architecture_19,HanChuan_all_samples_sqrt_inverse_clip3_2000_nobias/current_h32_br-both_fu-sum_sk2_z0_D0_A-shared_n-bn_a-relu_head64_tok4_state16/run_seed6/result.json,0850936e53448b9b1a64d90939557dbad24956798b635b5224956bc52126e23c,18003,HanChuan,6,,,0.8716464881594861,
architecture_19,HanChuan_all_samples_sqrt_inverse_clip3_2000_nobias/current_h32_br-both_fu-sum_sk2_z0_D0_A-shared_n-bn_a-relu_head64_tok4_state16/run_seed7/result.json,e770b784bd692922a096a80e1bdfbcec383bf698d3c40a8c8316d4d1e9136c2d,18185,HanChuan,7,,,0.8943131721653641,
architecture_19,HanChuan_all_samples_sqrt_inverse_clip3_2000_nobias/current_h32_br-both_fu-sum_sk2_z0_D0_A-shared_n-bn_a-relu_head64_tok4_state16/run_seed8/result.json,a746a4fc7cd00c619e5f371914a1ac4df637a920cedf412d3801a175ea63dee3,17988,HanChuan,8,,,0.8964458951584587,
architecture_19,HanChuan_all_samples_sqrt_inverse_clip3_2000_nobias/current_h32_br-both_fu-sum_sk2_z0_D0_A-shared_n-bn_a-relu_head64_tok4_state16/run_seed9/result.json,f33fee004edb109b05a46fc1261bbf320d57b0a17f3f44ca3d79fcdd346f7331,18142,HanChuan,9,,,0.8822060678570035,
architecture_19,HanChuan_all_samples_sqrt_inverse_clip3_2000_nobias/current_h32_br-both_fu-sum_sk2_z0_D0_A-shared_n-bn_a-relu_head64_tok4_state32/run_seed0/result.json,5835875d466932d74fdfe2524cab745f38f6b5aa9822babfd53c9c2aad9f7aeb,18169,HanChuan,0,,,0.914756102318686,
architecture_19,HanChuan_all_samples_sqrt_inverse_clip3_2000_nobias/current_h32_br-both_fu-sum_sk2_z0_D0_A-shared_n-bn_a-relu_head64_tok4_state32/run_seed1/result.json,9ffa8b717136d717f2bfa3384e2657372b37d5ee40a4185b1d33517708f13f82,18026,HanChuan,1,,,0.9008023720041094,
architecture_19,HanChuan_all_samples_sqrt_inverse_clip3_2000_nobias/current_h32_br-both_fu-sum_sk2_z0_D0_A-shared_n-bn_a-relu_head64_tok4_state32/run_seed2/result.json,bd935349ad3f86a790e8ad150e1ae53f28bddbb3140e54fbd368a7b0d3b4f69d,17995,HanChuan,2,,,0.8799172919619751,
architecture_19,HanChuan_all_samples_sqrt_inverse_clip3_2000_nobias/current_h32_br-both_fu-sum_sk2_z0_D0_A-shared_n-bn_a-relu_head64_tok4_state32/run_seed3/result.json,d36cdb5d566c1b4bbf7f6906c10f267126a66a3c270d183de160298dc7dc348a,17998,HanChuan,3,,,0.888318139849409,
architecture_19,HanChuan_all_samples_sqrt_inverse_clip3_2000_nobias/current_h32_br-both_fu-sum_sk2_z0_D0_A-shared_n-bn_a-relu_head64_tok4_state32/run_seed4/result.json,d0b909016566f906f707a33c188b9f7c44e27e89cbe9abc08cd770869dbc1738,18183,HanChuan,4,,,0.8971221244001717,
architecture_19,HanChuan_all_samples_sqrt_inverse_clip3_2000_nobias/current_h32_br-both_fu-sum_sk2_z0_D0_A-shared_n-bn_a-relu_head64_tok4_state32/run_seed5/result.json,27c75bd1233bde9de5e29ee0084627b2595fa9985e3f2f53825ddcc622244a7f,18174,HanChuan,5,,,0.8997490149160565,
architecture_19,HanChuan_all_samples_sqrt_inverse_clip3_2000_nobias/current_h32_br-both_fu-sum_sk2_z0_D0_A-shared_n-bn_a-relu_head64_tok4_state32/run_seed6/result.json,c005288e56ecb770bc8ffc4632906a69a5b08f51acdbfbbf8cd834e15237d372,17820,HanChuan,6,,,0.8816468782917409,
architecture_19,HanChuan_all_samples_sqrt_inverse_clip3_2000_nobias/current_h32_br-both_fu-sum_sk2_z0_D0_A-shared_n-bn_a-relu_head64_tok4_state32/run_seed7/result.json,4e05b1897a8a17e93d12cafbe9425f463fbce9fb2ba71088e984bf8bf4bb918b,18009,HanChuan,7,,,0.9143659700638517,
architecture_19,HanChuan_all_samples_sqrt_inverse_clip3_2000_nobias/current_h32_br-both_fu-sum_sk2_z0_D0_A-shared_n-bn_a-relu_head64_tok4_state32/run_seed8/result.json,499799d4122a1915de4f0e02772b9e45969b8eef6cbedecc3098c16ee9e2f787,17825,HanChuan,8,,,0.9050808223987932,
architecture_19,HanChuan_all_samples_sqrt_inverse_clip3_2000_nobias/current_h32_br-both_fu-sum_sk2_z0_D0_A-shared_n-bn_a-relu_head64_tok4_state32/run_seed9/result.json,a4eb301421218ae519778f0d71efd4b4de6445fb9064eb76a15e6ff5e7ce361f,18160,HanChuan,9,,,0.8817379091512022,
architecture_19,HanChuan_all_samples_sqrt_inverse_clip3_2000_nobias/current_h32_br-both_fu-sum_sk2_z0_D0_A-shared_n-bn_a-relu_head64_tok4_state8/run_seed0/result.json,1d9053ef772145139e4fbd7dcd0e3b9564e4d77d4d74ef2b174438bc619a08d7,18000,HanChuan,0,,,0.896562934834909,
architecture_19,HanChuan_all_samples_sqrt_inverse_clip3_2000_nobias/current_h32_br-both_fu-sum_sk2_z0_D0_A-shared_n-bn_a-relu_head64_tok4_state8/run_seed1/result.json,a6f028630f1706a8ba794bfba2da1aea53c6d18cec74ec9bca0b5e88c9821b3c,17623,HanChuan,1,,,0.8684474036698441,
architecture_19,HanChuan_all_samples_sqrt_inverse_clip3_2000_nobias/current_h32_br-both_fu-sum_sk2_z0_D0_A-shared_n-bn_a-relu_head64_tok4_state8/run_seed2/result.json,85744297e8bcd4261d033ff6a4936c525dc5cb8c0e01f17e1a0e3f736dc4eec4,18173,HanChuan,2,,,0.8960167496781409,
architecture_19,HanChuan_all_samples_sqrt_inverse_clip3_2000_nobias/current_h32_br-both_fu-sum_sk2_z0_D0_A-shared_n-bn_a-relu_head64_tok4_state8/run_seed3/result.json,c163b33861125e77344d67620ebd85621f1c569cfd9a9110e2e729482c209aa7,17993,HanChuan,3,,,0.899137807716816,
architecture_19,HanChuan_all_samples_sqrt_inverse_clip3_2000_nobias/current_h32_br-both_fu-sum_sk2_z0_D0_A-shared_n-bn_a-relu_head64_tok4_state8/run_seed4/result.json,c8566b677e823401e55707a8b078f56538a401bf1d197f546a9df089506e931e,18189,HanChuan,4,,,0.8804634771187433,
architecture_19,HanChuan_all_samples_sqrt_inverse_clip3_2000_nobias/current_h32_br-both_fu-sum_sk2_z0_D0_A-shared_n-bn_a-relu_head64_tok4_state8/run_seed5/result.json,c980a792339011405a8a31111359819f6a1ff82b517d3cf3367968d4aa40522b,17673,HanChuan,5,,,0.9025059495168862,
architecture_19,HanChuan_all_samples_sqrt_inverse_clip3_2000_nobias/current_h32_br-both_fu-sum_sk2_z0_D0_A-shared_n-bn_a-relu_head64_tok4_state8/run_seed6/result.json,bb57ff5b60f155fadcaa9f35742a98ab431b0a77d8bc633afab50342d55d6420,17643,HanChuan,6,,,0.884416817301065,
architecture_19,HanChuan_all_samples_sqrt_inverse_clip3_2000_nobias/current_h32_br-both_fu-sum_sk2_z0_D0_A-shared_n-bn_a-relu_head64_tok4_state8/run_seed7/result.json,1b5aff5c4450934b421b391c40ae18a3732aabb12ad7213adb04d68cba7b841c,17981,HanChuan,7,,,0.8929477092734437,
architecture_19,HanChuan_all_samples_sqrt_inverse_clip3_2000_nobias/current_h32_br-both_fu-sum_sk2_z0_D0_A-shared_n-bn_a-relu_head64_tok4_state8/run_seed8/result.json,c6995b5994d906f790a291efe12d17ea8c4373895f5451662490c6af6f0cb1d0,17655,HanChuan,8,,,0.9109978282637814,
architecture_19,HanChuan_all_samples_sqrt_inverse_clip3_2000_nobias/current_h32_br-both_fu-sum_sk2_z0_D0_A-shared_n-bn_a-relu_head64_tok4_state8/run_seed9/result.json,382627106d156b8a25fbda6ec0d5a269d637429a2f18a976a63706f81292bb17,17980,HanChuan,9,,,0.9016086453307671,
architecture_19,HanChuan_all_samples_sqrt_inverse_clip3_2000_nobias/current_h32_br-both_fu-sum_sk2_z0_D0_A-shared_n-bn_a-relu_head64_tok8_state16/run_seed0/result.json,1d830ea38a7210510357d183b61d5aa70d41c19e786d9a3b955c3430fcd27857,17991,HanChuan,0,,,0.8777325513349026,
architecture_19,HanChuan_all_samples_sqrt_inverse_clip3_2000_nobias/current_h32_br-both_fu-sum_sk2_z0_D0_A-shared_n-bn_a-relu_head64_tok8_state16/run_seed1/result.json,d73f0aba71390ba05d15a0e30652d9b4fd4a94a42f4bcf942ac606b0fef58dfe,18023,HanChuan,1,,,0.8989687504063878,
architecture_19,HanChuan_all_samples_sqrt_inverse_clip3_2000_nobias/current_h32_br-both_fu-sum_sk2_z0_D0_A-shared_n-bn_a-relu_head64_tok8_state16/run_seed2/result.json,f917e4a76c0a09d2ed5f5a679bffb28a3ffe89e2a76d721030116d406b56628c,17817,HanChuan,2,,,0.9060301442188902,
architecture_19,HanChuan_all_samples_sqrt_inverse_clip3_2000_nobias/current_h32_br-both_fu-sum_sk2_z0_D0_A-shared_n-bn_a-relu_head64_tok8_state16/run_seed3/result.json,363788a9b92c1775012b49bd050985aab70af991ecab5e028bce9c070421886e,17846,HanChuan,3,,,0.8830253455921557,
architecture_19,HanChuan_all_samples_sqrt_inverse_clip3_2000_nobias/current_h32_br-both_fu-sum_sk2_z0_D0_A-shared_n-bn_a-relu_head64_tok8_state16/run_seed4/result.json,3e58ead6db406a263b21f6085aed8ef15fda902acc55f2e056a680d46c0b61e9,18351,HanChuan,4,,,0.9103996254730353,
architecture_19,HanChuan_all_samples_sqrt_inverse_clip3_2000_nobias/current_h32_br-both_fu-sum_sk2_z0_D0_A-shared_n-bn_a-relu_head64_tok8_state16/run_seed5/result.json,25c5ab43225e1eb24bd993e9eb61399b0bb60e0cf3d1b9a433182bb74aa4f8cb,17824,HanChuan,5,,,0.8941051016294523,
architecture_19,HanChuan_all_samples_sqrt_inverse_clip3_2000_nobias/current_h32_br-both_fu-sum_sk2_z0_D0_A-shared_n-bn_a-relu_head64_tok8_state16/run_seed6/result.json,7809a70b657ae60a78ee498ba4dc85526fc45c413a71f42f1359954a2a01ea34,18197,HanChuan,6,,,0.8857302625590076,
architecture_19,HanChuan_all_samples_sqrt_inverse_clip3_2000_nobias/current_h32_br-both_fu-sum_sk2_z0_D0_A-shared_n-bn_a-relu_head64_tok8_state16/run_seed7/result.json,0bb432f6338bd82033fed9e8a6c24e46fc6ba02719d3d7b92c9486d1e204c3ae,18191,HanChuan,7,,,0.8964198863414697,
architecture_19,HanChuan_all_samples_sqrt_inverse_clip3_2000_nobias/current_h32_br-both_fu-sum_sk2_z0_D0_A-shared_n-bn_a-relu_head64_tok8_state16/run_seed8/result.json,9e64f179d4e7f2786e33181c13e88431d993f9029681d20e49075e2594cea8e5,17993,HanChuan,8,,,0.908735061185742,
architecture_19,HanChuan_all_samples_sqrt_inverse_clip3_2000_nobias/current_h32_br-both_fu-sum_sk2_z0_D0_A-shared_n-bn_a-relu_head64_tok8_state16/run_seed9/result.json,0bc4f9473a287ff43948770afc0ae4b22bf0ef2a6318348f663b0ceeb503e834,17856,HanChuan,9,,,0.852803100250985,
architecture_19,HanChuan_all_samples_sqrt_inverse_clip3_2000_nobias/current_h32_br-both_fu-sum_sk2_z0_D0_A-shared_n-bn_a-silu_head64_tok4_state16/run_seed0/result.json,8c0fe7e66787e18e5611c264d63f916c6f5a3a075a7424a5d08b862dd8b68ac6,18011,HanChuan,0,,,0.8942481501228916,
architecture_19,HanChuan_all_samples_sqrt_inverse_clip3_2000_nobias/current_h32_br-both_fu-sum_sk2_z0_D0_A-shared_n-bn_a-silu_head64_tok4_state16/run_seed1/result.json,7c797dfc7f5d0379c6c978941de21a67551c143e6c030b0fc95a9080eff1b183,18032,HanChuan,1,,,0.9010234469485155,
architecture_19,HanChuan_all_samples_sqrt_inverse_clip3_2000_nobias/current_h32_br-both_fu-sum_sk2_z0_D0_A-shared_n-bn_a-silu_head64_tok4_state16/run_seed2/result.json,cdc73ce1b78ff184bb19e6a2e8b428a14df7fc28766adf2857ec3b85f21bbf64,18017,HanChuan,2,,,0.9088521008621923,
architecture_19,HanChuan_all_samples_sqrt_inverse_clip3_2000_nobias/current_h32_br-both_fu-sum_sk2_z0_D0_A-shared_n-bn_a-silu_head64_tok4_state16/run_seed3/result.json,7d180660984d569fc269ce3b94781aa9691cb4cd44989cde04ce5069489957c2,18008,HanChuan,3,,,0.8909320259567993,
architecture_19,HanChuan_all_samples_sqrt_inverse_clip3_2000_nobias/current_h32_br-both_fu-sum_sk2_z0_D0_A-shared_n-bn_a-silu_head64_tok4_state16/run_seed4/result.json,00ad2076855d449ba8f7c5f6f8a0fbbf9088f45e74ecfdcc1484b550d249899d,17976,HanChuan,4,,,0.8977333315994122,
architecture_19,HanChuan_all_samples_sqrt_inverse_clip3_2000_nobias/current_h32_br-both_fu-sum_sk2_z0_D0_A-shared_n-bn_a-silu_head64_tok4_state16/run_seed5/result.json,f6869f93f7e669668a5528e822d4823a69c22518c628a0733b47519d848b425e,18195,HanChuan,5,,,0.9044436063825637,
architecture_19,HanChuan_all_samples_sqrt_inverse_clip3_2000_nobias/current_h32_br-both_fu-sum_sk2_z0_D0_A-shared_n-bn_a-silu_head64_tok4_state16/run_seed6/result.json,c5960ab1712546b01f5afde92595b5705d979cacd744d0d5438bdd23dc5d6c53,18183,HanChuan,6,,,0.8879800252285525,
architecture_19,HanChuan_all_samples_sqrt_inverse_clip3_2000_nobias/current_h32_br-both_fu-sum_sk2_z0_D0_A-shared_n-bn_a-silu_head64_tok4_state16/run_seed7/result.json,920cc4fdc278fa69f8e683e88a79754442458277a64c7cd451cee07ed1c95481,18344,HanChuan,7,,,0.8924275329336645,
architecture_19,HanChuan_all_samples_sqrt_inverse_clip3_2000_nobias/current_h32_br-both_fu-sum_sk2_z0_D0_A-shared_n-bn_a-silu_head64_tok4_state16/run_seed8/result.json,fe7e7ae8bfdcbbe80e6ec408ad0c3be26a25e58c96a530d84bd16cffff160f45,18005,HanChuan,8,,,0.9062642235717908,
architecture_19,HanChuan_all_samples_sqrt_inverse_clip3_2000_nobias/current_h32_br-both_fu-sum_sk2_z0_D0_A-shared_n-bn_a-silu_head64_tok4_state16/run_seed9/result.json,b4083a149f29523deb388a28170d94bfb83c30a190626bb01fcc3dcc41da1992,18014,HanChuan,9,,,0.9172269399326372,
architecture_19,HanChuan_all_samples_sqrt_inverse_clip3_2000_nobias/current_h32_br-both_fu-sum_sk2_z0_D0_A-shared_n-gn_a-relu_head64_tok4_state16/run_seed0/result.json,a039ed59d81c1fdc44d43c0e5b32486a096a01993ff0df7205f4d7fc658fecf3,17974,HanChuan,0,,,0.8528811267019519,
architecture_19,HanChuan_all_samples_sqrt_inverse_clip3_2000_nobias/current_h32_br-both_fu-sum_sk2_z0_D0_A-shared_n-gn_a-relu_head64_tok4_state16/run_seed1/result.json,c2680d9852983339f7bab081e73cb10f7c5dfa4bbda1f9fdb8d5642427515b93,18194,HanChuan,1,,,0.8804114594847653,
architecture_19,HanChuan_all_samples_sqrt_inverse_clip3_2000_nobias/current_h32_br-both_fu-sum_sk2_z0_D0_A-shared_n-gn_a-relu_head64_tok4_state16/run_seed2/result.json,2bd6c09820c751e5b8eb92aeedcef98dbedc0d77617d97e3f10ea8469495e050,17770,HanChuan,2,,,0.8762760575835208,
architecture_19,HanChuan_all_samples_sqrt_inverse_clip3_2000_nobias/current_h32_br-both_fu-sum_sk2_z0_D0_A-shared_n-gn_a-relu_head64_tok4_state16/run_seed3/result.json,b13c976bf9c49ae38c966bce112e502009ac9a37828ae675a94296880790a9d3,18037,HanChuan,3,,,0.8775764984329688,
architecture_19,HanChuan_all_samples_sqrt_inverse_clip3_2000_nobias/current_h32_br-both_fu-sum_sk2_z0_D0_A-shared_n-gn_a-relu_head64_tok4_state16/run_seed4/result.json,aa01b96e46aac8d07c0c4d448ba1f019cf535c1d333dbd064f2038167adf4d4e,17972,HanChuan,4,,,0.8561452332340663,
architecture_19,HanChuan_all_samples_sqrt_inverse_clip3_2000_nobias/current_h32_br-both_fu-sum_sk2_z0_D0_A-shared_n-gn_a-relu_head64_tok4_state16/run_seed5/result.json,6b0c60ffe9d5e501364799e89f980241a67f5e58f1ef4a0dbb7128ccd2260d43,18200,HanChuan,5,,,0.8875118665227512,
architecture_19,HanChuan_all_samples_sqrt_inverse_clip3_2000_nobias/current_h32_br-both_fu-sum_sk2_z0_D0_A-shared_n-gn_a-relu_head64_tok4_state16/run_seed6/result.json,ca06d7d7564769c7506dedd0e5a062505c4d184c255774c2e35c7802395e9bfd,18391,HanChuan,6,,,0.8820370105465752,
architecture_19,HanChuan_all_samples_sqrt_inverse_clip3_2000_nobias/current_h32_br-both_fu-sum_sk2_z0_D0_A-shared_n-gn_a-relu_head64_tok4_state16/run_seed7/result.json,c4438bb9dce8eae85a6b4ee98c5de748c558d00c64b7c88411d98a5089ed66fa,18040,HanChuan,7,,,0.8546237174402123,
architecture_19,HanChuan_all_samples_sqrt_inverse_clip3_2000_nobias/current_h32_br-both_fu-sum_sk2_z0_D0_A-shared_n-gn_a-relu_head64_tok4_state16/run_seed8/result.json,e2a6433fdc8c248e287b645e1e2696bd6c66f7b59ffa4ac2ad1e5628dbd21852,18382,HanChuan,8,,,0.8723097129927045,
architecture_19,HanChuan_all_samples_sqrt_inverse_clip3_2000_nobias/current_h32_br-both_fu-sum_sk2_z0_D0_A-shared_n-gn_a-relu_head64_tok4_state16/run_seed9/result.json,4f18fc8398772c98be8cba74d351e9bb3aa5894a214f3c46e8d0827f5f3b000c,18209,HanChuan,9,,,0.8865105270686763,
architecture_19,HanChuan_all_samples_sqrt_inverse_clip3_2000_nobias/current_h32_br-both_fu-sum_sk2_z0_D0_A-shared_n-gn_a-silu_head64_tok4_state16/run_seed0/result.json,dfb87fd33f991281ad89e1dede385fe0ccc6809006339665a1737a5c904cbf04,17981,HanChuan,0,,,0.8841567291311755,
architecture_19,HanChuan_all_samples_sqrt_inverse_clip3_2000_nobias/current_h32_br-both_fu-sum_sk2_z0_D0_A-shared_n-gn_a-silu_head64_tok4_state16/run_seed1/result.json,af5381b699f9cc16295a7407e5dc453288f5a5f4559758a82b4eb18cd9e0d712,18006,HanChuan,1,,,0.8763150708090043,
architecture_19,HanChuan_all_samples_sqrt_inverse_clip3_2000_nobias/current_h32_br-both_fu-sum_sk2_z0_D0_A-shared_n-gn_a-silu_head64_tok4_state16/run_seed2/result.json,098448c5fa5c9dcdac1720620bebd708cc8f8e1dc5c15ab1aaea879712340048,18174,HanChuan,2,,,0.8738832464205366,
architecture_19,HanChuan_all_samples_sqrt_inverse_clip3_2000_nobias/current_h32_br-both_fu-sum_sk2_z0_D0_A-shared_n-gn_a-silu_head64_tok4_state16/run_seed3/result.json,5833d8032b84b315b5d6f51320a242b00e034409b1749e5ee17a3381e0843864,18015,HanChuan,3,,,0.8691366373200515,
architecture_19,HanChuan_all_samples_sqrt_inverse_clip3_2000_nobias/current_h32_br-both_fu-sum_sk2_z0_D0_A-shared_n-gn_a-silu_head64_tok4_state16/run_seed4/result.json,b4dd5ad87cda6b350168d0f74d82892f8e3567b762dfcd3ec339af6ef29ca438,18193,HanChuan,4,,,0.875196691678479,
architecture_19,HanChuan_all_samples_sqrt_inverse_clip3_2000_nobias/current_h32_br-both_fu-sum_sk2_z0_D0_A-shared_n-gn_a-silu_head64_tok4_state16/run_seed5/result.json,ca7901b474017f7bfb2aaab3d8dddc2d81b7e5d215974479811b5059c5fb3c5e,18024,HanChuan,5,,,0.8607617982496066,
architecture_19,HanChuan_all_samples_sqrt_inverse_clip3_2000_nobias/current_h32_br-both_fu-sum_sk2_z0_D0_A-shared_n-gn_a-silu_head64_tok4_state16/run_seed6/result.json,3522378a4b63b11cb35f6e5848ae49328f88fd851c2883c771b27a6c0febe178,18199,HanChuan,6,,,0.882245081082487,
architecture_19,HanChuan_all_samples_sqrt_inverse_clip3_2000_nobias/current_h32_br-both_fu-sum_sk2_z0_D0_A-shared_n-gn_a-silu_head64_tok4_state16/run_seed7/result.json,d588e5dcfe6f8c56b8beae94ea6132a14ceee4c8ed0a19e580a7393f399e2a11,18028,HanChuan,7,,,0.8850670377257891,
architecture_19,HanChuan_all_samples_sqrt_inverse_clip3_2000_nobias/current_h32_br-both_fu-sum_sk2_z0_D0_A-shared_n-gn_a-silu_head64_tok4_state16/run_seed8/result.json,486821758d352f2d25bdd4c4260e6f0537fadb40867e07480f401ce27734abcc,18187,HanChuan,8,,,0.8906069157444374,
architecture_19,HanChuan_all_samples_sqrt_inverse_clip3_2000_nobias/current_h32_br-both_fu-sum_sk2_z0_D0_A-shared_n-gn_a-silu_head64_tok4_state16/run_seed9/result.json,9dbaa7622e62fd5688386314eb1c528444ae317c2a88c4c2c7dc0bedcddc58d2,18203,HanChuan,9,,,0.8852490994447118,
architecture_19,HanChuan_all_samples_sqrt_inverse_clip3_2000_nobias/current_h32_br-both_fu-sum_sk2_z0_D1_A-shared_n-bn_a-relu_head64_tok4_state16/run_seed0/result.json,3dd1ede9a0ca9774353c073ac75bfbdeaff239716ff343140a30730bab0e7bbe,18160,HanChuan,0,,,0.907434620336294,
architecture_19,HanChuan_all_samples_sqrt_inverse_clip3_2000_nobias/current_h32_br-both_fu-sum_sk2_z0_D1_A-shared_n-bn_a-relu_head64_tok4_state16/run_seed1/result.json,72c372b9f64ecc31e62eb31330cd1207a10b5a23c2512cb01de6ba47345ff40a,18012,HanChuan,1,,,0.9012315174844272,
architecture_19,HanChuan_all_samples_sqrt_inverse_clip3_2000_nobias/current_h32_br-both_fu-sum_sk2_z0_D1_A-shared_n-bn_a-relu_head64_tok4_state16/run_seed2/result.json,26966fe1a5874603196599cf568ff06a18be006c7cf5c18f9f8eeb14aeed5f9f,17980,HanChuan,2,,,0.9069144439965148,
architecture_19,HanChuan_all_samples_sqrt_inverse_clip3_2000_nobias/current_h32_br-both_fu-sum_sk2_z0_D1_A-shared_n-bn_a-relu_head64_tok4_state16/run_seed3/result.json,d4ac58e62548b78936d310f0424ad3afdf7510e1225eb86b11dbb8d7f6165669,17812,HanChuan,3,,,0.90803282312704,
architecture_19,HanChuan_all_samples_sqrt_inverse_clip3_2000_nobias/current_h32_br-both_fu-sum_sk2_z0_D1_A-shared_n-bn_a-relu_head64_tok4_state16/run_seed4/result.json,0388d29307e3195f2227e5096fcf8b99a24eafe14b492fbde226a901f2e6fc4a,17990,HanChuan,4,,,0.9168498120862972,
architecture_19,HanChuan_all_samples_sqrt_inverse_clip3_2000_nobias/current_h32_br-both_fu-sum_sk2_z0_D1_A-shared_n-bn_a-relu_head64_tok4_state16/run_seed5/result.json,72634791a079d439ec7a7ee0801f76f993c107392adcc5f804d45e54d6f67ea0,18183,HanChuan,5,,,0.9119211412668895,
architecture_19,HanChuan_all_samples_sqrt_inverse_clip3_2000_nobias/current_h32_br-both_fu-sum_sk2_z0_D1_A-shared_n-bn_a-relu_head64_tok4_state16/run_seed6/result.json,617314b118d18a613d9b6a209fa955a86e92d8fed940cfc3c0b3848acf4b761a,18009,HanChuan,6,,,0.9188915042199306,
architecture_19,HanChuan_all_samples_sqrt_inverse_clip3_2000_nobias/current_h32_br-both_fu-sum_sk2_z0_D1_A-shared_n-bn_a-relu_head64_tok4_state16/run_seed7/result.json,958fc6d7748987a12383d032ae5567e739262c8491d86c8cfb06fcb83d9a35fd,17663,HanChuan,7,,,0.9188134777689637,
architecture_19,HanChuan_all_samples_sqrt_inverse_clip3_2000_nobias/current_h32_br-both_fu-sum_sk2_z0_D1_A-shared_n-bn_a-relu_head64_tok4_state16/run_seed8/result.json,c2638c0b27a25fc8fa42e3b997d6d39a58fe06371b0640f76d470ae4ec0602b4,17994,HanChuan,8,,,0.9179161735828446,
architecture_19,HanChuan_all_samples_sqrt_inverse_clip3_2000_nobias/current_h32_br-both_fu-sum_sk2_z0_D1_A-shared_n-bn_a-relu_head64_tok4_state16/run_seed9/result.json,48eb2953b3bdf08c6200c055f106836e2c7857e33d0be38dca6d9901c31d60cb,18016,HanChuan,9,,,0.894066088403969,
architecture_19,HanChuan_all_samples_sqrt_inverse_clip3_2000_nobias/current_h32_br-both_fu-sum_sk2_z1_D0_A-shared_n-bn_a-relu_head64_tok4_state16/run_seed0/result.json,8c66d2a8b1e9d1e92c4250a390bf5aded606f9cc3ca1eda67e2fbea671465155,17994,HanChuan,0,,,0.9159525079001781,
architecture_19,HanChuan_all_samples_sqrt_inverse_clip3_2000_nobias/current_h32_br-both_fu-sum_sk2_z1_D0_A-shared_n-bn_a-relu_head64_tok4_state16/run_seed1/result.json,1685f0787b65592c990341ea70504a7cd6f0f7d469b7e92bc3ffe6c5c530b60d,17803,HanChuan,1,,,0.8870827210424334,
architecture_19,HanChuan_all_samples_sqrt_inverse_clip3_2000_nobias/current_h32_br-both_fu-sum_sk2_z1_D0_A-shared_n-bn_a-relu_head64_tok4_state16/run_seed2/result.json,85eea236c1a9252935ded28f2aa3c18f9838b56977c9b64058e845da37a6256f,17849,HanChuan,2,,,0.9093202595679936,
architecture_19,HanChuan_all_samples_sqrt_inverse_clip3_2000_nobias/current_h32_br-both_fu-sum_sk2_z1_D0_A-shared_n-bn_a-relu_head64_tok4_state16/run_seed3/result.json,edc752a572f3cfc97b88361fed0350bc660cbaf19509dbb185902e93dadb4f44,18026,HanChuan,3,,,0.8859253286864247,
architecture_19,HanChuan_all_samples_sqrt_inverse_clip3_2000_nobias/current_h32_br-both_fu-sum_sk2_z1_D0_A-shared_n-bn_a-relu_head64_tok4_state16/run_seed4/result.json,59b7d5af2edf13274a656388890a1f28fab01108dd9abc5ae2a0fd1fd732fe6b,18350,HanChuan,4,,,0.8948463529136377,
architecture_19,HanChuan_all_samples_sqrt_inverse_clip3_2000_nobias/current_h32_br-both_fu-sum_sk2_z1_D0_A-shared_n-bn_a-relu_head64_tok4_state16/run_seed5/result.json,5c5e18df39ea909aa7d46f2c203d8890f8db1ca2c64ef5130e3235f64ab7e767,18341,HanChuan,5,,,0.9181502529357453,
architecture_19,HanChuan_all_samples_sqrt_inverse_clip3_2000_nobias/current_h32_br-both_fu-sum_sk2_z1_D0_A-shared_n-bn_a-relu_head64_tok4_state16/run_seed6/result.json,50c9c512485594655963ab627444c8606fdf7a8105e161b09b86a20a211035f6,18172,HanChuan,6,,,0.8984615784751031,
architecture_19,HanChuan_all_samples_sqrt_inverse_clip3_2000_nobias/current_h32_br-both_fu-sum_sk2_z1_D0_A-shared_n-bn_a-relu_head64_tok4_state16/run_seed7/result.json,ac33c5515256edcfa2ec1d96ad3d2d52ddd26d3e39c9ed5c1ede1c4c4cb556a0,18181,HanChuan,7,,,0.9129875027634368,
architecture_19,HanChuan_all_samples_sqrt_inverse_clip3_2000_nobias/current_h32_br-both_fu-sum_sk2_z1_D0_A-shared_n-bn_a-relu_head64_tok4_state16/run_seed8/result.json,d8485042744ba1d4b4dc8422fb215d3b934362924dca3d8471c0f8f79796ecb9,18159,HanChuan,8,,,0.9073565938853271,
architecture_19,HanChuan_all_samples_sqrt_inverse_clip3_2000_nobias/current_h32_br-both_fu-sum_sk2_z1_D0_A-shared_n-bn_a-relu_head64_tok4_state16/run_seed9/result.json,a529e7056aec4b79dfe6011de4f6ac2115acff5393e1f440d21014698ebb9a23,18017,HanChuan,9,,,0.8859123242779302,
architecture_19,HanChuan_all_samples_sqrt_inverse_clip3_2000_nobias/current_h32_br-both_fu-sum_sk2_z1_D1_A-shared_n-bn_a-relu_head64_tok4_state16/run_seed0/result.json,52b92ef55f9d329116271dd71c9ed88456ee556294c4ddbb3d70d75a60eb2557,18009,HanChuan,0,,,0.8971481332171606,
architecture_19,HanChuan_all_samples_sqrt_inverse_clip3_2000_nobias/current_h32_br-both_fu-sum_sk2_z1_D1_A-shared_n-bn_a-relu_head64_tok4_state16/run_seed1/result.json,db838a70efea7a78c021bd9ef1838f7093efb5541b129f1b313470c15211dfe0,18001,HanChuan,1,,,0.9206601037751798,
architecture_19,HanChuan_all_samples_sqrt_inverse_clip3_2000_nobias/current_h32_br-both_fu-sum_sk2_z1_D1_A-shared_n-bn_a-relu_head64_tok4_state16/run_seed2/result.json,3ca103244349a7c3fb387e23ffebb3f33ce43a6604947dc45b1794b08b15f36c,18026,HanChuan,2,,,0.9022198525300077,
architecture_19,HanChuan_all_samples_sqrt_inverse_clip3_2000_nobias/current_h32_br-both_fu-sum_sk2_z1_D1_A-shared_n-bn_a-relu_head64_tok4_state16/run_seed3/result.json,cf640c6b6f574a35e41bd70676da2504133d0c6f73837a36db6c4931cd93bdcf,17811,HanChuan,3,,,0.9056270075555614,
architecture_19,HanChuan_all_samples_sqrt_inverse_clip3_2000_nobias/current_h32_br-both_fu-sum_sk2_z1_D1_A-shared_n-bn_a-relu_head64_tok4_state16/run_seed4/result.json,6d3d4233c831c517d3b96601e0f72f63162ba61ce1c508fd8b18ebc33852fcef,17828,HanChuan,4,,,0.9107897577278697,
architecture_19,HanChuan_all_samples_sqrt_inverse_clip3_2000_nobias/current_h32_br-both_fu-sum_sk2_z1_D1_A-shared_n-bn_a-relu_head64_tok4_state16/run_seed5/result.json,526f93c56a0220b8ccd9ffebaef1de199de39170587d660df5fe17708fe8e6d2,18171,HanChuan,5,,,0.9079027790420953,
architecture_19,HanChuan_all_samples_sqrt_inverse_clip3_2000_nobias/current_h32_br-both_fu-sum_sk2_z1_D1_A-shared_n-bn_a-relu_head64_tok4_state16/run_seed6/result.json,af69efff9e6bf42f017dafcf59a7b6536b6dd453706a4818a193bcfcd452046e,18177,HanChuan,6,,,0.8999310766349793,
architecture_19,HanChuan_all_samples_sqrt_inverse_clip3_2000_nobias/current_h32_br-both_fu-sum_sk2_z1_D1_A-shared_n-bn_a-relu_head64_tok4_state16/run_seed7/result.json,1dd3ca21d779b2b250e4f2857165c7c33016f081ce5766a2b6fac160946d0579,17827,HanChuan,7,,,0.9174350104685488,
architecture_19,HanChuan_all_samples_sqrt_inverse_clip3_2000_nobias/current_h32_br-both_fu-sum_sk2_z1_D1_A-shared_n-bn_a-relu_head64_tok4_state16/run_seed8/result.json,1522641788f7eb07d0ae49ac50c092a3c6239b06c2aed0a1c6581fc8c4966a61,18346,HanChuan,8,,,0.9211672757064645,
architecture_19,HanChuan_all_samples_sqrt_inverse_clip3_2000_nobias/current_h32_br-both_fu-sum_sk2_z1_D1_A-shared_n-bn_a-relu_head64_tok4_state16/run_seed9/result.json,f0e33bd6074f7485aa817d109108dc4a4a9a30aee3f306a752659afd870f7370,18162,HanChuan,9,,,0.9034682757454777,
architecture_19,HanChuan_all_samples_sqrt_inverse_clip3_2000_nobias/original_safe_h64_br-both_fu-softmax_sk2_z1_D1_A-per_channel_n-gn_a-silu_head128_tok4_state16/run_seed0/result.json,5894ba4bbf5b0ac54b027c6034ef999fe24bbeb44d3636670b08c9fab1f692cc,18304,HanChuan,0,,,0.915757441772761,
architecture_19,HanChuan_all_samples_sqrt_inverse_clip3_2000_nobias/original_safe_h64_br-both_fu-softmax_sk2_z1_D1_A-per_channel_n-gn_a-silu_head128_tok4_state16/run_seed1/result.json,e244a2e2b4258d7b762276e79b7d3263bb681b9d45cabe450cd520d4c2e3e295,18130,HanChuan,1,,,0.8731940127703292,
architecture_19,HanChuan_all_samples_sqrt_inverse_clip3_2000_nobias/original_safe_h64_br-both_fu-softmax_sk2_z1_D1_A-per_channel_n-gn_a-silu_head128_tok4_state16/run_seed2/result.json,6ebd3bf592e362bd6a0fe5987fd387694ddcacab6aeb9368921d1e7edfdcfc10,18304,HanChuan,2,,,0.9037543727323563,
architecture_19,HanChuan_all_samples_sqrt_inverse_clip3_2000_nobias/original_safe_h64_br-both_fu-softmax_sk2_z1_D1_A-per_channel_n-gn_a-silu_head128_tok4_state16/run_seed3/result.json,7820abb33a755ee4a1841c0dff3a49a24f992b197cec504a8df0fbb2e786ba24,18289,HanChuan,3,,,0.9156404020963107,
architecture_19,HanChuan_all_samples_sqrt_inverse_clip3_2000_nobias/original_safe_h64_br-both_fu-softmax_sk2_z1_D1_A-per_channel_n-gn_a-silu_head128_tok4_state16/run_seed4/result.json,c777b78eb20656e9782d0f833aa57a7deab97eb707eb81f0e75e6b0861ca744a,18315,HanChuan,4,,,0.8590452163283353,
architecture_19,HanChuan_all_samples_sqrt_inverse_clip3_2000_nobias/original_safe_h64_br-both_fu-softmax_sk2_z1_D1_A-per_channel_n-gn_a-silu_head128_tok4_state16/run_seed5/result.json,5274a918914da93381ff13fb51a287aa72091f8d87782eaeb8e6a3c5bcfa5529,18303,HanChuan,5,,,0.8786948775634941,
architecture_19,HanChuan_all_samples_sqrt_inverse_clip3_2000_nobias/original_safe_h64_br-both_fu-softmax_sk2_z1_D1_A-per_channel_n-gn_a-silu_head128_tok4_state16/run_seed6/result.json,2dd22215354f47aa25b9354bec9c3070f591114a35cc0949dd4a937f5c277c5c,18128,HanChuan,6,,,0.899462917929178,
architecture_19,HanChuan_all_samples_sqrt_inverse_clip3_2000_nobias/original_safe_h64_br-both_fu-softmax_sk2_z1_D1_A-per_channel_n-gn_a-silu_head128_tok4_state16/run_seed7/result.json,68f5a69bc563f144aa09a845f7480c9a7b6bdfa1a1236ded5547ee596ec5cdf4,17943,HanChuan,7,,,0.913559696737194,
architecture_19,HanChuan_all_samples_sqrt_inverse_clip3_2000_nobias/original_safe_h64_br-both_fu-softmax_sk2_z1_D1_A-per_channel_n-gn_a-silu_head128_tok4_state16/run_seed8/result.json,5ffadaf0ef425df91325107994df9426128a7d6b7c26f2a8821b21620b16f327,17948,HanChuan,8,,,0.9178901647658556,
architecture_19,HanChuan_all_samples_sqrt_inverse_clip3_2000_nobias/original_safe_h64_br-both_fu-softmax_sk2_z1_D1_A-per_channel_n-gn_a-silu_head128_tok4_state16/run_seed9/result.json,221ec2f9de1b9e0a4d3371bf60f3fca9f4147f5cce1c448ee6d9459b92b863ae,18466,HanChuan,9,,,0.9089301273131591,
architecture_19,HanChuan_all_samples_sqrt_inverse_clip3_2000_nobias/original_safe_matched_h32_br-both_fu-softmax_sk2_z1_D1_A-per_channel_n-gn_a-silu_head64_tok4_state16/run_seed0/result.json,1d8a7ccc59d5dde254dcec0b4df7e061bf0393a54dfbf5530530b6a96ede768c,17763,HanChuan,0,,,0.9095543389208942,
architecture_19,HanChuan_all_samples_sqrt_inverse_clip3_2000_nobias/original_safe_matched_h32_br-both_fu-softmax_sk2_z1_D1_A-per_channel_n-gn_a-silu_head64_tok4_state16/run_seed1/result.json,fe022cff13de99a3398cb156316968532d59c7e3864de346f1693a7075ef241a,18521,HanChuan,1,,,0.9273573741498368,
architecture_19,HanChuan_all_samples_sqrt_inverse_clip3_2000_nobias/original_safe_matched_h32_br-both_fu-softmax_sk2_z1_D1_A-per_channel_n-gn_a-silu_head64_tok4_state16/run_seed2/result.json,d7067d219da9a82a6d8f77508dcc6851e58859e9c244532a9de5204a4ac93c4e,18138,HanChuan,2,,,0.9095543389208942,
architecture_19,HanChuan_all_samples_sqrt_inverse_clip3_2000_nobias/original_safe_matched_h32_br-both_fu-softmax_sk2_z1_D1_A-per_channel_n-gn_a-silu_head64_tok4_state16/run_seed3/result.json,a86ae7c51850483f0e278af15837c96927300b962a9edd96919ca5f928696cce,18179,HanChuan,3,,,0.9029090861802151,
architecture_19,HanChuan_all_samples_sqrt_inverse_clip3_2000_nobias/original_safe_matched_h32_br-both_fu-softmax_sk2_z1_D1_A-per_channel_n-gn_a-silu_head64_tok4_state16/run_seed4/result.json,edeb12b1593c4797621aed200c31f67f1e0211b4093e6f40eb340d9d78a6c085,18178,HanChuan,4,,,0.8794751420731628,
architecture_19,HanChuan_all_samples_sqrt_inverse_clip3_2000_nobias/original_safe_matched_h32_br-both_fu-softmax_sk2_z1_D1_A-per_channel_n-gn_a-silu_head64_tok4_state16/run_seed5/result.json,3e353ea71d5fde591a93efe4873d515ee9dcc247f6f8e5e5128f329ffc536c9a,18155,HanChuan,5,,,0.8790720054098339,
architecture_19,HanChuan_all_samples_sqrt_inverse_clip3_2000_nobias/original_safe_matched_h32_br-both_fu-softmax_sk2_z1_D1_A-per_channel_n-gn_a-silu_head64_tok4_state16/run_seed6/result.json,7fa02394e0e5846340838c5c59938902ad3273672326a7c11a07a1f7bc8444b5,17814,HanChuan,6,,,0.9077987437741394,
architecture_19,HanChuan_all_samples_sqrt_inverse_clip3_2000_nobias/original_safe_matched_h32_br-both_fu-softmax_sk2_z1_D1_A-per_channel_n-gn_a-silu_head64_tok4_state16/run_seed7/result.json,3845fad20662f9b5f6341387207a7ad479bc2b07576dea83e3525e0db697b67b,17781,HanChuan,7,,,0.9191515923898201,
architecture_19,HanChuan_all_samples_sqrt_inverse_clip3_2000_nobias/original_safe_matched_h32_br-both_fu-softmax_sk2_z1_D1_A-per_channel_n-gn_a-silu_head64_tok4_state16/run_seed8/result.json,4bd7eba9ca2c6e02e32dae97c08b1cb993c6584f1d75d648e72c14579574f03c,18191,HanChuan,8,,,0.9152762786584652,
architecture_19,HanChuan_all_samples_sqrt_inverse_clip3_2000_nobias/original_safe_matched_h32_br-both_fu-softmax_sk2_z1_D1_A-per_channel_n-gn_a-silu_head64_tok4_state16/run_seed9/result.json,676234b6c926f8424c389773546d474e0caf596d29d28bc3300ac788076f7f86,18159,HanChuan,9,,,0.90965837418885,
architecture_19,HongHu_all_samples_sqrt_inverse_clip3_2000_nobias/current_h32_br-both_fu-mean_sk2_z0_D0_A-shared_n-bn_a-relu_head64_tok4_state16/run_seed0/result.json,576904a2aade96c12fd88e8fccf015c6db84f53ae85d467f873fede502cdfd6d,24914,HongHu,0,,,0.9286139810386206,
architecture_19,HongHu_all_samples_sqrt_inverse_clip3_2000_nobias/current_h32_br-both_fu-mean_sk2_z0_D0_A-shared_n-bn_a-relu_head64_tok4_state16/run_seed1/result.json,5b44c9695dce5547aa003155ccf26eae6891a5ee5b007bdf13789db13969377f,25267,HongHu,1,,,0.9247842589913363,
architecture_19,HongHu_all_samples_sqrt_inverse_clip3_2000_nobias/current_h32_br-both_fu-mean_sk2_z0_D0_A-shared_n-bn_a-relu_head64_tok4_state16/run_seed2/result.json,3e79870ca2c5a863318c991fc83c32b4baefa3a0568c941173797f9a465da074,25302,HongHu,2,,,0.9353457813484026,
architecture_19,HongHu_all_samples_sqrt_inverse_clip3_2000_nobias/current_h32_br-both_fu-mean_sk2_z0_D0_A-shared_n-bn_a-relu_head64_tok4_state16/run_seed3/result.json,4f3d6abe315e70db867acead8e6f0411aee101283c13c42c5c5006b5239301fc,24900,HongHu,3,,,0.9112440639308267,
architecture_19,HongHu_all_samples_sqrt_inverse_clip3_2000_nobias/current_h32_br-both_fu-mean_sk2_z0_D0_A-shared_n-bn_a-relu_head64_tok4_state16/run_seed4/result.json,cdb112c28b55f9f4176f0d78815ddd5c5d09c6873d39f6d425fb3b6bf2b68c98,25267,HongHu,4,,,0.9106738608704533,
architecture_19,HongHu_all_samples_sqrt_inverse_clip3_2000_nobias/current_h32_br-both_fu-mean_sk2_z0_D0_A-shared_n-bn_a-relu_head64_tok4_state16/run_seed5/result.json,ce0df3e3660d5f416a8b4b3e9bfef73c086522b74db3275aeb163f76068c45e1,25902,HongHu,5,,,0.9316096747289407,
architecture_19,HongHu_all_samples_sqrt_inverse_clip3_2000_nobias/current_h32_br-both_fu-mean_sk2_z0_D0_A-shared_n-bn_a-relu_head64_tok4_state16/run_seed6/result.json,71b0065d3ec28ac7ddbc17cb74e780ae521e9cfc25296913d1d9ec2dabefe8d2,25072,HongHu,6,,,0.9199673197051965,
architecture_19,HongHu_all_samples_sqrt_inverse_clip3_2000_nobias/current_h32_br-both_fu-mean_sk2_z0_D0_A-shared_n-bn_a-relu_head64_tok4_state16/run_seed7/result.json,7e82d6aad526d9641e235d35c0defe7c20a9b143a8c89d3448137b00cea5e63d,25367,HongHu,7,,,0.9128950996578782,
architecture_19,HongHu_all_samples_sqrt_inverse_clip3_2000_nobias/current_h32_br-both_fu-mean_sk2_z0_D0_A-shared_n-bn_a-relu_head64_tok4_state16/run_seed8/result.json,e06ad4e16b71c25c16dd5fd203ff6c1bf00d0c69331cc9d2adbd71146b8cb0c5,24560,HongHu,8,,,0.9369797960885772,
architecture_19,HongHu_all_samples_sqrt_inverse_clip3_2000_nobias/current_h32_br-both_fu-mean_sk2_z0_D0_A-shared_n-bn_a-relu_head64_tok4_state16/run_seed9/result.json,091cac8586730296e6be1c8d05ab1c9b749b6a2445d3e66b46881e7687811ac6,25490,HongHu,9,,,0.916903542067369,
architecture_19,HongHu_all_samples_sqrt_inverse_clip3_2000_nobias/current_h32_br-both_fu-softmax_sk2_z0_D0_A-shared_n-bn_a-relu_head64_tok4_state16/run_seed0/result.json,3b81712ce881f9d37e1b9843bd0600589a65d4187ecfd07c06ec997e28c2331f,25505,HongHu,0,,,0.9286480230123743,
architecture_19,HongHu_all_samples_sqrt_inverse_clip3_2000_nobias/current_h32_br-both_fu-softmax_sk2_z0_D0_A-shared_n-bn_a-relu_head64_tok4_state16/run_seed1/result.json,3a29205049d4a6cc4eaa8a9afea6f8919d0ff4f9a5a1cdff21902170ab029d86,24954,HongHu,1,,,0.9120610713009141,
architecture_19,HongHu_all_samples_sqrt_inverse_clip3_2000_nobias/current_h32_br-both_fu-softmax_sk2_z0_D0_A-shared_n-bn_a-relu_head64_tok4_state16/run_seed2/result.json,03ead85220ea90abd81e55db79d19bc60a44b03715d0e6be7ae6edd7ccd9974c,25691,HongHu,2,,,0.9328777382512639,
architecture_19,HongHu_all_samples_sqrt_inverse_clip3_2000_nobias/current_h32_br-both_fu-softmax_sk2_z0_D0_A-shared_n-bn_a-relu_head64_tok4_state16/run_seed3/result.json,822d0fbc494242abdbf2f510cf90f77077daa7aedd06fea05c6daf2e66408ae5,25066,HongHu,3,,,0.9304096951541251,
architecture_19,HongHu_all_samples_sqrt_inverse_clip3_2000_nobias/current_h32_br-both_fu-softmax_sk2_z0_D0_A-shared_n-bn_a-relu_head64_tok4_state16/run_seed4/result.json,43271f4450908b4b0d584e6e497aa21502062ecfc37784841d8022d2521ab3cf,25342,HongHu,4,,,0.901856989668261,
architecture_19,HongHu_all_samples_sqrt_inverse_clip3_2000_nobias/current_h32_br-both_fu-softmax_sk2_z0_D0_A-shared_n-bn_a-relu_head64_tok4_state16/run_seed5/result.json,c2fa4824f79370b991c4526c966036e970ea420617674e14e41e7dc4045332a3,25754,HongHu,5,,,0.9297714081462444,
architecture_19,HongHu_all_samples_sqrt_inverse_clip3_2000_nobias/current_h32_br-both_fu-softmax_sk2_z0_D0_A-shared_n-bn_a-relu_head64_tok4_state16/run_seed6/result.json,dfb9ead3fd6fc9311078e6a160841399d8a8d15de339cc98a7e55702dd8af6b6,25587,HongHu,6,,,0.9341372912801484,
architecture_19,HongHu_all_samples_sqrt_inverse_clip3_2000_nobias/current_h32_br-both_fu-softmax_sk2_z0_D0_A-shared_n-bn_a-relu_head64_tok4_state16/run_seed7/result.json,7c07d87c3e846077f1fefe7815f821067d3a27d53f757193103805110b642748,25315,HongHu,7,,,0.8827509318990315,
architecture_19,HongHu_all_samples_sqrt_inverse_clip3_2000_nobias/current_h32_br-both_fu-softmax_sk2_z0_D0_A-shared_n-bn_a-relu_head64_tok4_state16/run_seed8/result.json,d4dc2129424a01770fc9ccfdc1ee22bada395eb972e0dbfef22947e7791b668a,25394,HongHu,8,,,0.9311671290701435,
architecture_19,HongHu_all_samples_sqrt_inverse_clip3_2000_nobias/current_h32_br-both_fu-softmax_sk2_z0_D0_A-shared_n-bn_a-relu_head64_tok4_state16/run_seed9/result.json,4251ed9a19d97fe0a0a00e2c405dd4e43ced1835d4be1c4b73517850c956bf4f,25287,HongHu,9,,,0.9125121274531497,
architecture_19,HongHu_all_samples_sqrt_inverse_clip3_2000_nobias/current_h32_br-both_fu-sum_sk0_z0_D0_A-shared_n-bn_a-relu_head64_tok4_state16/run_seed0/result.json,6f5ae5ec090375a98e6ad9bd0cddfce7d0678c723d464e1ba360ccefb5b1fdfa,25847,HongHu,0,,,0.9072951949754047,
architecture_19,HongHu_all_samples_sqrt_inverse_clip3_2000_nobias/current_h32_br-both_fu-sum_sk0_z0_D0_A-shared_n-bn_a-relu_head64_tok4_state16/run_seed1/result.json,f4128289df5d81664593e88582060179531989906ce11f294e8fc15c72effdc0,25496,HongHu,1,,,0.8724447243451176,
architecture_19,HongHu_all_samples_sqrt_inverse_clip3_2000_nobias/current_h32_br-both_fu-sum_sk0_z0_D0_A-shared_n-bn_a-relu_head64_tok4_state16/run_seed2/result.json,a71326260673f371a7c1a3adf5735cd2c8dcefb495901062aaf6193d0b616d4c,25526,HongHu,2,,,0.8718489898044288,
architecture_19,HongHu_all_samples_sqrt_inverse_clip3_2000_nobias/current_h32_br-both_fu-sum_sk0_z0_D0_A-shared_n-bn_a-relu_head64_tok4_state16/run_seed3/result.json,7411cf7571470e62d9599dfec66f007bc0ec1d22dd429f093f04b0e559a693c5,25920,HongHu,3,,,0.8715255910537693,
architecture_19,HongHu_all_samples_sqrt_inverse_clip3_2000_nobias/current_h32_br-both_fu-sum_sk0_z0_D0_A-shared_n-bn_a-relu_head64_tok4_state16/run_seed4/result.json,4b346a7711ecbcc7f391e61637e4013324dcbae3043ccef982c27ad6c3a45795,25351,HongHu,4,,,0.8995251144661367,
architecture_19,HongHu_all_samples_sqrt_inverse_clip3_2000_nobias/current_h32_br-both_fu-sum_sk0_z0_D0_A-shared_n-bn_a-relu_head64_tok4_state16/run_seed5/result.json,f93de8fa869683f1d51e18b7f6c8e92cb86ff46a2cfee3050952a566401ac2e8,25908,HongHu,5,,,0.8842828207179452,
architecture_19,HongHu_all_samples_sqrt_inverse_clip3_2000_nobias/current_h32_br-both_fu-sum_sk0_z0_D0_A-shared_n-bn_a-relu_head64_tok4_state16/run_seed6/result.json,3689745679cb82c775090d5fc254eccee77e9750e06a2bcc930295a76bc483f7,25863,HongHu,6,,,0.8881976476996136,
architecture_19,HongHu_all_samples_sqrt_inverse_clip3_2000_nobias/current_h32_br-both_fu-sum_sk0_z0_D0_A-shared_n-bn_a-relu_head64_tok4_state16/run_seed7/result.json,b34853f570c34a9f9582bda9047ca34a470493b54444a78125cd0586a7850764,25584,HongHu,7,,,0.8426409763238073,
architecture_19,HongHu_all_samples_sqrt_inverse_clip3_2000_nobias/current_h32_br-both_fu-sum_sk0_z0_D0_A-shared_n-bn_a-relu_head64_tok4_state16/run_seed8/result.json,1ba32136c65396bf06c68ee615ee9954108ec78b39f1187efd42372178fc2087,25550,HongHu,8,,,0.9011421082194345,
architecture_19,HongHu_all_samples_sqrt_inverse_clip3_2000_nobias/current_h32_br-both_fu-sum_sk0_z0_D0_A-shared_n-bn_a-relu_head64_tok4_state16/run_seed9/result.json,efe21c356dbfb27d77defcdc0517796b255a798012c2a4cc4784205841e214c5,25674,HongHu,9,,,0.880955217783527,
architecture_19,HongHu_all_samples_sqrt_inverse_clip3_2000_nobias/current_h32_br-both_fu-sum_sk1_z0_D0_A-shared_n-bn_a-relu_head64_tok4_state16/run_seed0/result.json,e4377651ca5b66b275f3af426ae3dcc4d331ca873767d3db181d5f6fb66b2f97,25521,HongHu,0,,,0.9192183962826165,
architecture_19,HongHu_all_samples_sqrt_inverse_clip3_2000_nobias/current_h32_br-both_fu-sum_sk1_z0_D0_A-shared_n-bn_a-relu_head64_tok4_state16/run_seed1/result.json,29691a41e97850f9640ea3126478d2a374174b6d7168bd67cbdb96cf4b56c20a,25489,HongHu,1,,,0.9248353219519668,
architecture_19,HongHu_all_samples_sqrt_inverse_clip3_2000_nobias/current_h32_br-both_fu-sum_sk1_z0_D0_A-shared_n-bn_a-relu_head64_tok4_state16/run_seed2/result.json,1deb7b925fc85d6b7df14b1b825d071a8238fb26e48883e327c8b52144b25499,24997,HongHu,2,,,0.9095504757365832,
architecture_19,HongHu_all_samples_sqrt_inverse_clip3_2000_nobias/current_h32_br-both_fu-sum_sk1_z0_D0_A-shared_n-bn_a-relu_head64_tok4_state16/run_seed3/result.json,d7e9fe2cd452296130297260a618fa22cfb62dfa5265d87093a31e3bc3216cdc,25882,HongHu,3,,,0.9165035488757638,
architecture_19,HongHu_all_samples_sqrt_inverse_clip3_2000_nobias/current_h32_br-both_fu-sum_sk1_z0_D0_A-shared_n-bn_a-relu_head64_tok4_state16/run_seed4/result.json,fd58d64de0c350573f91cc7123523956fbe2ce92bca939f5c6d3f8d003dfe956,24742,HongHu,4,,,0.9095079232693911,
architecture_19,HongHu_all_samples_sqrt_inverse_clip3_2000_nobias/current_h32_br-both_fu-sum_sk1_z0_D0_A-shared_n-bn_a-relu_head64_tok4_state16/run_seed5/result.json,ed8b4a133488b139a2e342d64119b3a00666e4cad2ffe082ede753b1760ef40a,25732,HongHu,5,,,0.9320011574271077,
architecture_19,HongHu_all_samples_sqrt_inverse_clip3_2000_nobias/current_h32_br-both_fu-sum_sk1_z0_D0_A-shared_n-bn_a-relu_head64_tok4_state16/run_seed6/result.json,9b28055bf26afab59c6537eca3890ad57eca509003f10f3e37bf16802a70698e,25686,HongHu,6,,,0.9230821603036544,
architecture_19,HongHu_all_samples_sqrt_inverse_clip3_2000_nobias/current_h32_br-both_fu-sum_sk1_z0_D0_A-shared_n-bn_a-relu_head64_tok4_state16/run_seed7/result.json,a96bcc4f06a1e24d8274694f7f94ae17015d20ca7f94df3d7d60ba8a8616a650,25621,HongHu,7,,,0.9163929124610645,
architecture_19,HongHu_all_samples_sqrt_inverse_clip3_2000_nobias/current_h32_br-both_fu-sum_sk1_z0_D0_A-shared_n-bn_a-relu_head64_tok4_state16/run_seed8/result.json,6e3f8be1d842b0e66e52bf7ce4e3002332106d3b9cd8a844fbe55c3199bf8e9b,26082,HongHu,8,,,0.9246906435635138,
architecture_19,HongHu_all_samples_sqrt_inverse_clip3_2000_nobias/current_h32_br-both_fu-sum_sk1_z0_D0_A-shared_n-bn_a-relu_head64_tok4_state16/run_seed9/result.json,6b4383634c720658aab0ff15a000d7ba87ff1c36e8d0cce8d7f2a12a225eb759,25509,HongHu,9,,,0.9190737178941635,
architecture_19,HongHu_all_samples_sqrt_inverse_clip3_2000_nobias/current_h32_br-both_fu-sum_sk2_z0_D0_A-shared_n-bn_a-relu_head128_tok4_state16/run_seed0/result.json,4f1d51d5c34336c2cc88ceee8415f53aa0e029db015e8ccbb04b814e76498b7c,24921,HongHu,0,,,0.9231587547446001,
architecture_19,HongHu_all_samples_sqrt_inverse_clip3_2000_nobias/current_h32_br-both_fu-sum_sk2_z0_D0_A-shared_n-bn_a-relu_head128_tok4_state16/run_seed1/result.json,a572edb9663bd874de87023f09fb34cebf955e3b2afd9302d54f52993ee0a7cc,25527,HongHu,1,,,0.9122993651171895,
architecture_19,HongHu_all_samples_sqrt_inverse_clip3_2000_nobias/current_h32_br-both_fu-sum_sk2_z0_D0_A-shared_n-bn_a-relu_head128_tok4_state16/run_seed2/result.json,a73a76b0df04dd9c188e1649e896ee55c4a042a515796e577c937378d21cf833,25066,HongHu,2,,,0.9184184098994059,
architecture_19,HongHu_all_samples_sqrt_inverse_clip3_2000_nobias/current_h32_br-both_fu-sum_sk2_z0_D0_A-shared_n-bn_a-relu_head128_tok4_state16/run_seed3/result.json,601cdece6aa66a1402b511c89c0021dbb47e12a22afdbb65820f8ca14bc555b1,25305,HongHu,3,,,0.9258650916580143,
architecture_19,HongHu_all_samples_sqrt_inverse_clip3_2000_nobias/current_h32_br-both_fu-sum_sk2_z0_D0_A-shared_n-bn_a-relu_head128_tok4_state16/run_seed4/result.json,bfa385a59877486f908bd8ef8c0a5342a6ef48a187e12d837e7edee476778080,25571,HongHu,4,,,0.9214055930962877,
architecture_19,HongHu_all_samples_sqrt_inverse_clip3_2000_nobias/current_h32_br-both_fu-sum_sk2_z0_D0_A-shared_n-bn_a-relu_head128_tok4_state16/run_seed5/result.json,574b177ea3625de2d67f75293e76d5e58eb33820eb7e143c025670cd7915be12,25685,HongHu,5,,,0.9219247331960307,
architecture_19,HongHu_all_samples_sqrt_inverse_clip3_2000_nobias/current_h32_br-both_fu-sum_sk2_z0_D0_A-shared_n-bn_a-relu_head128_tok4_state16/run_seed6/result.json,6f3fb60cae4b4464236fede677d7067149976c41d7326cf2979b9ab628d24a37,24857,HongHu,6,,,0.9196013684873449,
architecture_19,HongHu_all_samples_sqrt_inverse_clip3_2000_nobias/current_h32_br-both_fu-sum_sk2_z0_D0_A-shared_n-bn_a-relu_head128_tok4_state16/run_seed7/result.json,3a31232dc9f03f1021f8c795fe6c6e512bb913bb1bacca1182493e76934fd077,25734,HongHu,7,,,0.9071675375738285,
architecture_19,HongHu_all_samples_sqrt_inverse_clip3_2000_nobias/current_h32_br-both_fu-sum_sk2_z0_D0_A-shared_n-bn_a-relu_head128_tok4_state16/run_seed8/result.json,43b99cc034a75684d44cd19098d39f6de8b68a17340f0a8141fad54ffa1a9206,25753,HongHu,8,,,0.9300692754165887,
architecture_19,HongHu_all_samples_sqrt_inverse_clip3_2000_nobias/current_h32_br-both_fu-sum_sk2_z0_D0_A-shared_n-bn_a-relu_head128_tok4_state16/run_seed9/result.json,b826eccf29d349d3fb0dfe6c749ae669ee36bef0fe7fc697e4587112ad1ba2c7,25560,HongHu,9,,,0.9223757893482664,
architecture_19,HongHu_all_samples_sqrt_inverse_clip3_2000_nobias/current_h32_br-both_fu-sum_sk2_z0_D0_A-shared_n-bn_a-relu_head32_tok4_state16/run_seed0/result.json,ee7b095439bf73672829fe75ca7b3a20c55c15b3a46589f30385bfc033dfee84,25462,HongHu,0,,,0.9028867593743085,
architecture_19,HongHu_all_samples_sqrt_inverse_clip3_2000_nobias/current_h32_br-both_fu-sum_sk2_z0_D0_A-shared_n-bn_a-relu_head32_tok4_state16/run_seed1/result.json,429f01f3a437e5b69968397be9406f8d52eda16b8b6a34ff360a669475c454fa,24942,HongHu,1,,,0.9277799526816565,
architecture_19,HongHu_all_samples_sqrt_inverse_clip3_2000_nobias/current_h32_br-both_fu-sum_sk2_z0_D0_A-shared_n-bn_a-relu_head32_tok4_state16/run_seed2/result.json,1768236f10ec8edf8f98089a9a69916f8e127eb0fdedc639be132fa2c4bd26b7,25880,HongHu,2,,,0.922265152933567,
architecture_19,HongHu_all_samples_sqrt_inverse_clip3_2000_nobias/current_h32_br-both_fu-sum_sk2_z0_D0_A-shared_n-bn_a-relu_head32_tok4_state16/run_seed3/result.json,c6f625a3139559d2d28ee7e8382c2056cb4e48713629a12d5207c50acbc2e84f,25223,HongHu,3,,,0.9083164541880138,
architecture_19,HongHu_all_samples_sqrt_inverse_clip3_2000_nobias/current_h32_br-both_fu-sum_sk2_z0_D0_A-shared_n-bn_a-relu_head32_tok4_state16/run_seed4/result.json,8f3af04c6a46feb36a7cbfbc4c4f2d39560e26b48a520ce0aab7aa954cac947b,25636,HongHu,4,,,0.9152099538731255,
architecture_19,HongHu_all_samples_sqrt_inverse_clip3_2000_nobias/current_h32_br-both_fu-sum_sk2_z0_D0_A-shared_n-bn_a-relu_head32_tok4_state16/run_seed5/result.json,fce6bc0443847a0e654ea64216c5b6f9bc4b96d0e53bb26ff9c152ac498e0ce8,25871,HongHu,5,,,0.9270054977787612,
architecture_19,HongHu_all_samples_sqrt_inverse_clip3_2000_nobias/current_h32_br-both_fu-sum_sk2_z0_D0_A-shared_n-bn_a-relu_head32_tok4_state16/run_seed6/result.json,1ba026b389d93915c506303cb2e280a76c483b2fae215a4d23e4140caedcb6d7,25779,HongHu,6,,,0.912163197222175,
architecture_19,HongHu_all_samples_sqrt_inverse_clip3_2000_nobias/current_h32_br-both_fu-sum_sk2_z0_D0_A-shared_n-bn_a-relu_head32_tok4_state16/run_seed7/result.json,8c40592bcf6fa8cbc14768ad95b5e9fd877a837464b6e48703701721bf4b51e7,25696,HongHu,7,,,0.9108866232064136,
architecture_19,HongHu_all_samples_sqrt_inverse_clip3_2000_nobias/current_h32_br-both_fu-sum_sk2_z0_D0_A-shared_n-bn_a-relu_head32_tok4_state16/run_seed8/result.json,ff58feea36a2e484772f5aa3ff6d2cf0b8b3f7106d6162a487d8b17a1912f7f2,26018,HongHu,8,,,0.9322905142040135,
architecture_19,HongHu_all_samples_sqrt_inverse_clip3_2000_nobias/current_h32_br-both_fu-sum_sk2_z0_D0_A-shared_n-bn_a-relu_head32_tok4_state16/run_seed9/result.json,70f6220bb62c04d82b46a3776d8473770ab003e7a3d235f2c2633dfa68633f3f,25272,HongHu,9,,,0.9155588841041004,
architecture_19,HongHu_all_samples_sqrt_inverse_clip3_2000_nobias/current_h32_br-both_fu-sum_sk2_z0_D0_A-shared_n-bn_a-relu_head64_tok2_state16/run_seed0/result.json,8f267ceae953d9e8a16bb0b0bbd45f72599ac8260f84819f5d3af9ca0e19ab00,25375,HongHu,0,,,0.9114483157733485,
architecture_19,HongHu_all_samples_sqrt_inverse_clip3_2000_nobias/current_h32_br-both_fu-sum_sk2_z0_D0_A-shared_n-bn_a-relu_head64_tok2_state16/run_seed1/result.json,a69d3d7d09f99ba38f7d6337f1c2d7d5a4ae65fe62f3b49d7683c9c1cb38e232,25279,HongHu,1,,,0.9284522816632909,
architecture_19,HongHu_all_samples_sqrt_inverse_clip3_2000_nobias/current_h32_br-both_fu-sum_sk2_z0_D0_A-shared_n-bn_a-relu_head64_tok2_state16/run_seed2/result.json,23f2fd3597ba7517ccd08afe66aa5151b8570e551fadf3a26ee56633bcb63163,25057,HongHu,2,,,0.9114738472536638,
architecture_19,HongHu_all_samples_sqrt_inverse_clip3_2000_nobias/current_h32_br-both_fu-sum_sk2_z0_D0_A-shared_n-bn_a-relu_head64_tok2_state16/run_seed3/result.json,4335aa6ed3878604b4a2ee5c718585b19907db708d238534592b05782f776f2e,25124,HongHu,3,,,0.9168269476264234,
architecture_19,HongHu_all_samples_sqrt_inverse_clip3_2000_nobias/current_h32_br-both_fu-sum_sk2_z0_D0_A-shared_n-bn_a-relu_head64_tok2_state16/run_seed4/result.json,dad371925409e7a692288f03d5f281327f087d79927f475ef0d517a8ca2a7a34,25122,HongHu,4,,,0.9279076100832326,
architecture_19,HongHu_all_samples_sqrt_inverse_clip3_2000_nobias/current_h32_br-both_fu-sum_sk2_z0_D0_A-shared_n-bn_a-relu_head64_tok2_state16/run_seed5/result.json,6ed144bb9b91bac07d8326fcfe96a22017f371e05327c29e963ab264eed9937f,25675,HongHu,5,,,0.9287501489336352,
architecture_19,HongHu_all_samples_sqrt_inverse_clip3_2000_nobias/current_h32_br-both_fu-sum_sk2_z0_D0_A-shared_n-bn_a-relu_head64_tok2_state16/run_seed6/result.json,58958a4fc0b464ea6712808c4fe9b9b77407953fed8f81c73f1e69d99a6f9c84,25495,HongHu,6,,,0.9116695886027472,
architecture_19,HongHu_all_samples_sqrt_inverse_clip3_2000_nobias/current_h32_br-both_fu-sum_sk2_z0_D0_A-shared_n-bn_a-relu_head64_tok2_state16/run_seed7/result.json,8e65bcd1c6c64032e35271a591c8dd43a8665fdd446763440b87636be35acaa5,24901,HongHu,7,,,0.9331585845347313,
architecture_19,HongHu_all_samples_sqrt_inverse_clip3_2000_nobias/current_h32_br-both_fu-sum_sk2_z0_D0_A-shared_n-bn_a-relu_head64_tok2_state16/run_seed8/result.json,18373b8afa58e82105ce1b3b98675dda009ed26d5ac37f316dabab386f8dc907,24586,HongHu,8,,,0.9272778335687903,
architecture_19,HongHu_all_samples_sqrt_inverse_clip3_2000_nobias/current_h32_br-both_fu-sum_sk2_z0_D0_A-shared_n-bn_a-relu_head64_tok2_state16/run_seed9/result.json,35eed5ad11fbe6b47593e3d28057d187427ec68f3b94771a4df4f2fa0001235a,25595,HongHu,9,,,0.9349628091436741,
architecture_19,HongHu_all_samples_sqrt_inverse_clip3_2000_nobias/current_h32_br-both_fu-sum_sk2_z0_D0_A-shared_n-bn_a-relu_head64_tok4_state16/run_seed0/result.json,c17777eb1539510ecd11bf85a702f83996f0e420b27185bbd4d78a947529810e,25496,HongHu,0,,,0.9289884427499107,
architecture_19,HongHu_all_samples_sqrt_inverse_clip3_2000_nobias/current_h32_br-both_fu-sum_sk2_z0_D0_A-shared_n-bn_a-relu_head64_tok4_state16/run_seed1/result.json,35aa625e7c6a2b9ad945e658aee58254706cee7f348b2a3989ca1b51d2fe986d,25503,HongHu,1,,,0.9278139946554101,
architecture_19,HongHu_all_samples_sqrt_inverse_clip3_2000_nobias/current_h32_br-both_fu-sum_sk2_z0_D0_A-shared_n-bn_a-relu_head64_tok4_state16/run_seed2/result.json,37dfa36c33d23146d235fb1884c467a0b8b218037b13f8f22ee9e137bf0eddca,25186,HongHu,2,,,0.924673622576637,
architecture_19,HongHu_all_samples_sqrt_inverse_clip3_2000_nobias/current_h32_br-both_fu-sum_sk2_z0_D0_A-shared_n-bn_a-relu_head64_tok4_state16/run_seed3/result.json,1c955b8f08f5d6ef175570f2e38c0b0101b31324e6a9fa9120458712b17ad796,25477,HongHu,3,,,0.9346308998995762,
architecture_19,HongHu_all_samples_sqrt_inverse_clip3_2000_nobias/current_h32_br-both_fu-sum_sk2_z0_D0_A-shared_n-bn_a-relu_head64_tok4_state16/run_seed4/result.json,73d7750658a5b28eb4dac88f461c505c956cd36d89ec6e49ff6dcd093b279719,25614,HongHu,4,,,0.9135929601198277,
architecture_19,HongHu_all_samples_sqrt_inverse_clip3_2000_nobias/current_h32_br-both_fu-sum_sk2_z0_D0_A-shared_n-bn_a-relu_head64_tok4_state16/run_seed5/result.json,a81fe39785f44cf3e93928f1f783636543ccd2a722dddcb59599c3b7ba9b6801,25325,HongHu,5,,,0.919686473421729,
architecture_19,HongHu_all_samples_sqrt_inverse_clip3_2000_nobias/current_h32_br-both_fu-sum_sk2_z0_D0_A-shared_n-bn_a-relu_head64_tok4_state16/run_seed6/result.json,1b870e34909d008c4dea7cae73f28105ebe5b32b0d9b608bcbc3a9cfd8c53753,25316,HongHu,6,,,0.9265544416265256,
architecture_19,HongHu_all_samples_sqrt_inverse_clip3_2000_nobias/current_h32_br-both_fu-sum_sk2_z0_D0_A-shared_n-bn_a-relu_head64_tok4_state16/run_seed7/result.json,09f5327a856978c6930859eda7622f4adff658d6392da0c2edaa486f2b1bd731,24951,HongHu,7,,,0.875738285305782,
architecture_19,HongHu_all_samples_sqrt_inverse_clip3_2000_nobias/current_h32_br-both_fu-sum_sk2_z0_D0_A-shared_n-bn_a-relu_head64_tok4_state16/run_seed8/result.json,d5fa87c8c1231ee7906f6a222ccd04c376992b3af7c12db73d251266b3603ee3,25328,HongHu,8,,,0.8996017089070825,
architecture_19,HongHu_all_samples_sqrt_inverse_clip3_2000_nobias/current_h32_br-both_fu-sum_sk2_z0_D0_A-shared_n-bn_a-relu_head64_tok4_state16/run_seed9/result.json,66020a0752da0dac66f0bd80060dd985baa3b0d0150ae45e426eaea52b9694b6,25321,HongHu,9,,,0.9315841432486256,
architecture_19,HongHu_all_samples_sqrt_inverse_clip3_2000_nobias/current_h32_br-both_fu-sum_sk2_z0_D0_A-shared_n-bn_a-relu_head64_tok4_state32/run_seed0/result.json,8533143149e5b8692bb35fedb86b146bab556bd20d6aad7a6550ea0a50ee882c,25281,HongHu,0,,,0.9201800820411568,
architecture_19,HongHu_all_samples_sqrt_inverse_clip3_2000_nobias/current_h32_br-both_fu-sum_sk2_z0_D0_A-shared_n-bn_a-relu_head64_tok4_state32/run_seed1/result.json,d37c7065fcaa9bb455da1c2499a49d68f23269b6eeae68ef43eaaef9e629c8d7,25852,HongHu,1,,,0.9254906299467243,
architecture_19,HongHu_all_samples_sqrt_inverse_clip3_2000_nobias/current_h32_br-both_fu-sum_sk2_z0_D0_A-shared_n-bn_a-relu_head64_tok4_state32/run_seed2/result.json,09f7a7155e629a47eb5bdc9098e6e99a1e95d2ca15857b5830dc0defae08cff2,25505,HongHu,2,,,0.9254480774795323,
architecture_19,HongHu_all_samples_sqrt_inverse_clip3_2000_nobias/current_h32_br-both_fu-sum_sk2_z0_D0_A-shared_n-bn_a-relu_head64_tok4_state32/run_seed3/result.json,258c4719032429d618dbf9abe5bc4991be13df2b2423260b802686efb1a9a96b,25130,HongHu,3,,,0.9215587819781791,
architecture_19,HongHu_all_samples_sqrt_inverse_clip3_2000_nobias/current_h32_br-both_fu-sum_sk2_z0_D0_A-shared_n-bn_a-relu_head64_tok4_state32/run_seed4/result.json,959607c5a62d556c6e3beebe5805390f47ddf92780e58e324b3e699bec489a60,25640,HongHu,4,,,0.9223417473745128,
architecture_19,HongHu_all_samples_sqrt_inverse_clip3_2000_nobias/current_h32_br-both_fu-sum_sk2_z0_D0_A-shared_n-bn_a-relu_head64_tok4_state32/run_seed5/result.json,f41fa3d61aec02429f9d5ef5d52cf3e6eb44062eb3984d5a0bff2de3ad747f47,25695,HongHu,5,,,0.9230651393167776,
architecture_19,HongHu_all_samples_sqrt_inverse_clip3_2000_nobias/current_h32_br-both_fu-sum_sk2_z0_D0_A-shared_n-bn_a-relu_head64_tok4_state32/run_seed6/result.json,f96cf65c08865b8bc3f1e81f9dcb94e9d948368d1cc37b31dd1049e4d9d11314,25897,HongHu,6,,,0.924673622576637,
architecture_19,HongHu_all_samples_sqrt_inverse_clip3_2000_nobias/current_h32_br-both_fu-sum_sk2_z0_D0_A-shared_n-bn_a-relu_head64_tok4_state32/run_seed7/result.json,67488d18c85aefbb59cf3d4c43656f4d736f0930b204b1c63b2a81359755cff9,25678,HongHu,7,,,0.9250736157682422,
architecture_19,HongHu_all_samples_sqrt_inverse_clip3_2000_nobias/current_h32_br-both_fu-sum_sk2_z0_D0_A-shared_n-bn_a-relu_head64_tok4_state32/run_seed8/result.json,6108cd79fb1ebfc19108d815d38edce49c1b173f5104ee3a0ca5718283f21b0a,25508,HongHu,8,,,0.9049377882929652,
architecture_19,HongHu_all_samples_sqrt_inverse_clip3_2000_nobias/current_h32_br-both_fu-sum_sk2_z0_D0_A-shared_n-bn_a-relu_head64_tok4_state32/run_seed9/result.json,deb23fedb9347d5a6631e62109afa50a6b5f9250ae459c2da86c0ab3cea51ecd,25937,HongHu,9,,,0.9229459924086398,
architecture_19,HongHu_all_samples_sqrt_inverse_clip3_2000_nobias/current_h32_br-both_fu-sum_sk2_z0_D0_A-shared_n-bn_a-relu_head64_tok4_state8/run_seed0/result.json,3ace6ef1fe71f951adec62fc0f1aab38cb92f6e8e08a1f9d29bf95f41295b442,25480,HongHu,0,,,0.9185630882878589,
architecture_19,HongHu_all_samples_sqrt_inverse_clip3_2000_nobias/current_h32_br-both_fu-sum_sk2_z0_D0_A-shared_n-bn_a-relu_head64_tok4_state8/run_seed1/result.json,fc4ef25c67bfd756814aad68add8384738d7e72cd75d7979c68d97943e5ca724,25317,HongHu,1,,,0.9361117257578594,
architecture_19,HongHu_all_samples_sqrt_inverse_clip3_2000_nobias/current_h32_br-both_fu-sum_sk2_z0_D0_A-shared_n-bn_a-relu_head64_tok4_state8/run_seed2/result.json,bdc727aaa01e1bfa814a5383faeb5c212ec58ede5f8b32f88b05b4984a7ac191,25129,HongHu,2,,,0.9167418426920393,
architecture_19,HongHu_all_samples_sqrt_inverse_clip3_2000_nobias/current_h32_br-both_fu-sum_sk2_z0_D0_A-shared_n-bn_a-relu_head64_tok4_state8/run_seed3/result.json,fa9e85e02f7f07e9e7ab941d2a2d96d4caaa1c8a9d9c2be8c80d491b5ce8029b,25140,HongHu,3,,,0.9262140218889892,
architecture_19,HongHu_all_samples_sqrt_inverse_clip3_2000_nobias/current_h32_br-both_fu-sum_sk2_z0_D0_A-shared_n-bn_a-relu_head64_tok4_state8/run_seed4/result.json,5f7acc7b12c869a162f3083726e3a8696bf618a1530c7ecb79823102a5684646,25330,HongHu,4,,,0.9092100559990468,
architecture_19,HongHu_all_samples_sqrt_inverse_clip3_2000_nobias/current_h32_br-both_fu-sum_sk2_z0_D0_A-shared_n-bn_a-relu_head64_tok4_state8/run_seed5/result.json,13e0f4b503cf15fb640021cc05b8ee7f4248e1ca83d0462318d88f8bc0f212f2,25847,HongHu,5,,,0.9158907933481983,
architecture_19,HongHu_all_samples_sqrt_inverse_clip3_2000_nobias/current_h32_br-both_fu-sum_sk2_z0_D0_A-shared_n-bn_a-relu_head64_tok4_state8/run_seed6/result.json,389af7ca120875706714c94f598cc54b1e4b463cf685f4ef8bc66d66357adc3e,25084,HongHu,6,,,0.8776616568228626,
architecture_19,HongHu_all_samples_sqrt_inverse_clip3_2000_nobias/current_h32_br-both_fu-sum_sk2_z0_D0_A-shared_n-bn_a-relu_head64_tok4_state8/run_seed7/result.json,25a5de12d73719bfe54cd5cde6888d57e1031c356eebb3eb2806b57c9142a1ab,25193,HongHu,7,,,0.9128610576841245,
architecture_19,HongHu_all_samples_sqrt_inverse_clip3_2000_nobias/current_h32_br-both_fu-sum_sk2_z0_D0_A-shared_n-bn_a-relu_head64_tok4_state8/run_seed8/result.json,bced97464699e7566ebd9dda831d0ba8fe97cf845ea6f391344f87d2a832adee,25649,HongHu,8,,,0.9262650848496196,
architecture_19,HongHu_all_samples_sqrt_inverse_clip3_2000_nobias/current_h32_br-both_fu-sum_sk2_z0_D0_A-shared_n-bn_a-relu_head64_tok4_state8/run_seed9/result.json,fe2b9ab96d4fe5666072a2451c222842b6aa9a77da38988c6a8c660ff2166575,25738,HongHu,9,,,0.9232013072117922,
architecture_19,HongHu_all_samples_sqrt_inverse_clip3_2000_nobias/current_h32_br-both_fu-sum_sk2_z0_D0_A-shared_n-bn_a-relu_head64_tok8_state16/run_seed0/result.json,622aecf97994b3b140fa3a1626638ed5e879c5bdb0c81723cb2be5e31ecc0d04,25489,HongHu,0,,,0.9156950519991149,
architecture_19,HongHu_all_samples_sqrt_inverse_clip3_2000_nobias/current_h32_br-both_fu-sum_sk2_z0_D0_A-shared_n-bn_a-relu_head64_tok8_state16/run_seed1/result.json,6bab7f3db2314b84f080502df6d090ec02cd242d7e0fe867ac6a0140b856745a,25840,HongHu,1,,,0.9275076168916274,
architecture_19,HongHu_all_samples_sqrt_inverse_clip3_2000_nobias/current_h32_br-both_fu-sum_sk2_z0_D0_A-shared_n-bn_a-relu_head64_tok8_state16/run_seed2/result.json,be30e168aae8db635a314c2149b5a57c52eb03034bd789ef15d9d85eff79fc03,25376,HongHu,2,,,0.9221204745451141,
architecture_19,HongHu_all_samples_sqrt_inverse_clip3_2000_nobias/current_h32_br-both_fu-sum_sk2_z0_D0_A-shared_n-bn_a-relu_head64_tok8_state16/run_seed3/result.json,bcda14da2471530a96a77f3bcf7a1455c67531e83cbf6cafa529326612e0edab,25494,HongHu,3,,,0.918980102466341,
architecture_19,HongHu_all_samples_sqrt_inverse_clip3_2000_nobias/current_h32_br-both_fu-sum_sk2_z0_D0_A-shared_n-bn_a-relu_head64_tok8_state16/run_seed4/result.json,5ff1345042239ab8f711343869937cd0b704b0808b0147bca105f9b9f0321b4c,25209,HongHu,4,,,0.8926996987285323,
architecture_19,HongHu_all_samples_sqrt_inverse_clip3_2000_nobias/current_h32_br-both_fu-sum_sk2_z0_D0_A-shared_n-bn_a-relu_head64_tok8_state16/run_seed5/result.json,858e4fb2751bef8ac859340d2f36005e58fa70a2d235faef1f66fd1919583e26,25542,HongHu,5,,,0.926648057054348,
architecture_19,HongHu_all_samples_sqrt_inverse_clip3_2000_nobias/current_h32_br-both_fu-sum_sk2_z0_D0_A-shared_n-bn_a-relu_head64_tok8_state16/run_seed6/result.json,c92062742a7e4571fe0561502ea55986ccab46339d72d5657577f7abc3f59902,25385,HongHu,6,,,0.9255246719204779,
architecture_19,HongHu_all_samples_sqrt_inverse_clip3_2000_nobias/current_h32_br-both_fu-sum_sk2_z0_D0_A-shared_n-bn_a-relu_head64_tok8_state16/run_seed7/result.json,f19901812da3ecde0e147c22c6bf46113853b6ac9af53632cf8a21983749a242,25232,HongHu,7,,,0.9180524586815544,
architecture_19,HongHu_all_samples_sqrt_inverse_clip3_2000_nobias/current_h32_br-both_fu-sum_sk2_z0_D0_A-shared_n-bn_a-relu_head64_tok8_state16/run_seed8/result.json,9194d0f33274c79a5735b404fbab03feee75f2087a71cd0a51967ebf886fa024,24938,HongHu,8,,,0.9219587751697843,
architecture_19,HongHu_all_samples_sqrt_inverse_clip3_2000_nobias/current_h32_br-both_fu-sum_sk2_z0_D0_A-shared_n-bn_a-relu_head64_tok8_state16/run_seed9/result.json,d748a770f28dc35d5d6875d41128bf21e732066f72fabdc2b0d21b61120a6796,25502,HongHu,9,,,0.9196098789807833,
architecture_19,HongHu_all_samples_sqrt_inverse_clip3_2000_nobias/current_h32_br-both_fu-sum_sk2_z0_D0_A-shared_n-bn_a-silu_head64_tok4_state16/run_seed0/result.json,0b500d1fd3db6c2755cb1215c89302d4ed4c7891af00b7ba1332521068b41580,24696,HongHu,0,,,0.9198651937839356,
architecture_19,HongHu_all_samples_sqrt_inverse_clip3_2000_nobias/current_h32_br-both_fu-sum_sk2_z0_D0_A-shared_n-bn_a-silu_head64_tok4_state16/run_seed1/result.json,5354b92d65a753fe679e090ad74fa37a3d24a73a824acf65839ddf9a54b007e8,25171,HongHu,1,,,0.9305628840360164,
architecture_19,HongHu_all_samples_sqrt_inverse_clip3_2000_nobias/current_h32_br-both_fu-sum_sk2_z0_D0_A-shared_n-bn_a-silu_head64_tok4_state16/run_seed2/result.json,b0572e2df46e5dd2d2ad23b87ed6e74ea4576394b72f636001a101244c03cc22,25773,HongHu,2,,,0.9252863781042024,
architecture_19,HongHu_all_samples_sqrt_inverse_clip3_2000_nobias/current_h32_br-both_fu-sum_sk2_z0_D0_A-shared_n-bn_a-silu_head64_tok4_state16/run_seed3/result.json,195b6e0913b69cde9e458932cd9d47a34d9f23a031381c0311188cce034e754f,25531,HongHu,3,,,0.9344181375636159,
architecture_19,HongHu_all_samples_sqrt_inverse_clip3_2000_nobias/current_h32_br-both_fu-sum_sk2_z0_D0_A-shared_n-bn_a-silu_head64_tok4_state16/run_seed4/result.json,f5041aedfe261a54862a4f222d599c4486c6e53de956c385c52ac5960a7e062f,24937,HongHu,4,,,0.9304096951541251,
architecture_19,HongHu_all_samples_sqrt_inverse_clip3_2000_nobias/current_h32_br-both_fu-sum_sk2_z0_D0_A-shared_n-bn_a-silu_head64_tok4_state16/run_seed5/result.json,8e484e400d1c318534384e01b4df71341084af38b861d5c6a2c551d6ad491967,25654,HongHu,5,,,0.92594168609896,
architecture_19,HongHu_all_samples_sqrt_inverse_clip3_2000_nobias/current_h32_br-both_fu-sum_sk2_z0_D0_A-shared_n-bn_a-silu_head64_tok4_state16/run_seed6/result.json,5bf22f39ddeeee12fdb6f104eed02c40f0822ca9583c2f54d2077b5606e9dec7,25507,HongHu,6,,,0.9279416520569863,
architecture_19,HongHu_all_samples_sqrt_inverse_clip3_2000_nobias/current_h32_br-both_fu-sum_sk2_z0_D0_A-shared_n-bn_a-silu_head64_tok4_state16/run_seed7/result.json,3cc2a78618822e591dcf2837d7a8181dc1c1159533a975b1a149f3f1692136b0,25319,HongHu,7,,,0.9359500263825297,
architecture_19,HongHu_all_samples_sqrt_inverse_clip3_2000_nobias/current_h32_br-both_fu-sum_sk2_z0_D0_A-shared_n-bn_a-silu_head64_tok4_state16/run_seed8/result.json,86779779018a1b13117c22dcd82e0600057cc62999077ae5237e1160d11d0205,25658,HongHu,8,,,0.9367755442460554,
architecture_19,HongHu_all_samples_sqrt_inverse_clip3_2000_nobias/current_h32_br-both_fu-sum_sk2_z0_D0_A-shared_n-bn_a-silu_head64_tok4_state16/run_seed9/result.json,9b0c23ebc270fd585d430820c3199e9d26e544d40fdb75fc873d3c13c2d93d0f,25302,HongHu,9,,,0.935124508519004,
architecture_19,HongHu_all_samples_sqrt_inverse_clip3_2000_nobias/current_h32_br-both_fu-sum_sk2_z0_D0_A-shared_n-gn_a-relu_head64_tok4_state16/run_seed0/result.json,bd3e83eeb5984533682669e0fd2044296bdabd62e18c1939f1677a8032db13bb,25662,HongHu,0,,,0.8967421831117768,
architecture_19,HongHu_all_samples_sqrt_inverse_clip3_2000_nobias/current_h32_br-both_fu-sum_sk2_z0_D0_A-shared_n-gn_a-relu_head64_tok4_state16/run_seed1/result.json,371c655fd4dd779892fa87360b78d264fbef08c1b8f25c24753132af68ba83a2,25889,HongHu,1,,,0.9078483770489013,
architecture_19,HongHu_all_samples_sqrt_inverse_clip3_2000_nobias/current_h32_br-both_fu-sum_sk2_z0_D0_A-shared_n-gn_a-relu_head64_tok4_state16/run_seed2/result.json,19fc8132503bc7784e398b8685e67c04fcfe5100d2fa75866a1daefc2b02c6bb,25605,HongHu,2,,,0.8967081411380232,
architecture_19,HongHu_all_samples_sqrt_inverse_clip3_2000_nobias/current_h32_br-both_fu-sum_sk2_z0_D0_A-shared_n-gn_a-relu_head64_tok4_state16/run_seed3/result.json,2be4102026ef30189bd525321dd40e4507d3a1239a6193c4b27102d6d4fc1b7a,25670,HongHu,3,,,0.9098057905397355,
architecture_19,HongHu_all_samples_sqrt_inverse_clip3_2000_nobias/current_h32_br-both_fu-sum_sk2_z0_D0_A-shared_n-gn_a-relu_head64_tok4_state16/run_seed4/result.json,f1878d99f2b61873f0b896bdcf037092842c94cc1c82e0f4640e7cb0ef9768d9,25289,HongHu,4,,,0.8937464894214566,
architecture_19,HongHu_all_samples_sqrt_inverse_clip3_2000_nobias/current_h32_br-both_fu-sum_sk2_z0_D0_A-shared_n-gn_a-relu_head64_tok4_state16/run_seed5/result.json,cc39471956b0d1c54f4b6a53e842a99653b0f228aba805ede2d4526cdc43deb6,25372,HongHu,5,,,0.9020782624976597,
architecture_19,HongHu_all_samples_sqrt_inverse_clip3_2000_nobias/current_h32_br-both_fu-sum_sk2_z0_D0_A-shared_n-gn_a-relu_head64_tok4_state16/run_seed6/result.json,2396b148856625c6a91bdc48314b033e4a41be44d0e826bddd1c54b7839b784b,25925,HongHu,6,,,0.8781722864291671,
architecture_19,HongHu_all_samples_sqrt_inverse_clip3_2000_nobias/current_h32_br-both_fu-sum_sk2_z0_D0_A-shared_n-gn_a-relu_head64_tok4_state16/run_seed7/result.json,b6904e0e13c4088ab16d326478a4bf3756ad11ac7f421c691ac4fb8b4a7190c9,25768,HongHu,7,,,0.8932443703085905,
architecture_19,HongHu_all_samples_sqrt_inverse_clip3_2000_nobias/current_h32_br-both_fu-sum_sk2_z0_D0_A-shared_n-gn_a-relu_head64_tok4_state16/run_seed8/result.json,6963cdffce9941f62b36ac3dc2dbe601bbcc910c42243ca81028bf08468e197d,25127,HongHu,8,,,0.8971336658099437,
architecture_19,HongHu_all_samples_sqrt_inverse_clip3_2000_nobias/current_h32_br-both_fu-sum_sk2_z0_D0_A-shared_n-gn_a-relu_head64_tok4_state16/run_seed9/result.json,1cf16261d1d8fbeacbe10dafad8a86fc7dce70eb89e597400cd10beb3840a499,25554,HongHu,9,,,0.8987676805501182,
architecture_19,HongHu_all_samples_sqrt_inverse_clip3_2000_nobias/current_h32_br-both_fu-sum_sk2_z0_D0_A-shared_n-gn_a-silu_head64_tok4_state16/run_seed0/result.json,a9b2e1b30d9130e2113a949fb8030f40e3a4847707478e5d44c849eae5490e3f,25584,HongHu,0,,,0.9047080049701282,
architecture_19,HongHu_all_samples_sqrt_inverse_clip3_2000_nobias/current_h32_br-both_fu-sum_sk2_z0_D0_A-shared_n-gn_a-silu_head64_tok4_state16/run_seed1/result.json,8edc2f189d08e7c2cb99e1610b4df50a2a02ec213757bdfe0c63121b0f84d9d2,25899,HongHu,1,,,0.9110483225817433,
architecture_19,HongHu_all_samples_sqrt_inverse_clip3_2000_nobias/current_h32_br-both_fu-sum_sk2_z0_D0_A-shared_n-gn_a-silu_head64_tok4_state16/run_seed2/result.json,eb5496c0d523a044dcaa940abfae44d3d289d4dcc5ddc9d9f84fca9eb4a7b4c7,25942,HongHu,2,,,0.896018791169512,
architecture_19,HongHu_all_samples_sqrt_inverse_clip3_2000_nobias/current_h32_br-both_fu-sum_sk2_z0_D0_A-shared_n-gn_a-silu_head64_tok4_state16/run_seed3/result.json,31c689a8227c0b56e734d28d5566aed846adc4be00b2ae0fb3d8a3200e4dfc36,25584,HongHu,3,,,0.9092355874793621,
architecture_19,HongHu_all_samples_sqrt_inverse_clip3_2000_nobias/current_h32_br-both_fu-sum_sk2_z0_D0_A-shared_n-gn_a-silu_head64_tok4_state16/run_seed4/result.json,16e54f178b335caf4aafce0046f66f2e952bf0259ffc7eb848e27d976172bcf9,25241,HongHu,4,,,0.907405831390104,
architecture_19,HongHu_all_samples_sqrt_inverse_clip3_2000_nobias/current_h32_br-both_fu-sum_sk2_z0_D0_A-shared_n-gn_a-silu_head64_tok4_state16/run_seed5/result.json,8295c56a27de02c1956ae97fb0d603d9d305c53343317ae8e5a7e8c9a3dcafff,25479,HongHu,5,,,0.9104270565607394,
architecture_19,HongHu_all_samples_sqrt_inverse_clip3_2000_nobias/current_h32_br-both_fu-sum_sk2_z0_D0_A-shared_n-gn_a-silu_head64_tok4_state16/run_seed6/result.json,27dd171200cdebbf3c634296c3b651f03742f2837bf93b8b832a4a5623b588f0,25634,HongHu,6,,,0.8991846947286004,
architecture_19,HongHu_all_samples_sqrt_inverse_clip3_2000_nobias/current_h32_br-both_fu-sum_sk2_z0_D0_A-shared_n-gn_a-silu_head64_tok4_state16/run_seed7/result.json,9f09470d874f78fe0254deb8cae393abbfd3ca9ccf3b4f7cf22a5d8a5a6b6e88,25540,HongHu,7,,,0.9034314309543667,
architecture_19,HongHu_all_samples_sqrt_inverse_clip3_2000_nobias/current_h32_br-both_fu-sum_sk2_z0_D0_A-shared_n-gn_a-silu_head64_tok4_state16/run_seed8/result.json,eda83beed165e76abcb67fbe9d41e626fa1ce8ac35a0810bbf48b93749448af3,24958,HongHu,8,,,0.8965975047233239,
architecture_19,HongHu_all_samples_sqrt_inverse_clip3_2000_nobias/current_h32_br-both_fu-sum_sk2_z0_D0_A-shared_n-gn_a-silu_head64_tok4_state16/run_seed9/result.json,ee41735ba22d3bb061e6af6bed145c02e013d04a38852a0bf80eb3406eb5f312,25520,HongHu,9,,,0.9108270497523446,
architecture_19,HongHu_all_samples_sqrt_inverse_clip3_2000_nobias/current_h32_br-both_fu-sum_sk2_z0_D1_A-shared_n-bn_a-relu_head64_tok4_state16/run_seed0/result.json,aec2b63fe0c4f3489469f52c73300ba66812389a54a8ab5c852e798d5f7e5b65,25585,HongHu,0,,,0.9230225868495855,
architecture_19,HongHu_all_samples_sqrt_inverse_clip3_2000_nobias/current_h32_br-both_fu-sum_sk2_z0_D1_A-shared_n-bn_a-relu_head64_tok4_state16/run_seed1/result.json,b2426a36f4cac9c2aebac1ea8d5a4e0ac30fc0a2a56a86e03ab230b08d1bda26,25220,HongHu,1,,,0.9360436418103522,
architecture_19,HongHu_all_samples_sqrt_inverse_clip3_2000_nobias/current_h32_br-both_fu-sum_sk2_z0_D1_A-shared_n-bn_a-relu_head64_tok4_state16/run_seed2/result.json,7845d6fc41f8ce11b98ed5e67547f3eb4c942eccec4747e02d53c1eb8022c0a7,25480,HongHu,2,,,0.9332607104559922,
architecture_19,HongHu_all_samples_sqrt_inverse_clip3_2000_nobias/current_h32_br-both_fu-sum_sk2_z0_D1_A-shared_n-bn_a-relu_head64_tok4_state16/run_seed3/result.json,dc55f351c1d98f386dcae077300467d17e1df9ada69979367e320aed87c9c257,24884,HongHu,3,,,0.939260608330071,
architecture_19,HongHu_all_samples_sqrt_inverse_clip3_2000_nobias/current_h32_br-both_fu-sum_sk2_z0_D1_A-shared_n-bn_a-relu_head64_tok4_state16/run_seed4/result.json,a9418dba3c3b4800913a949b88634184e9f6115c57b4bd272eb5039ecebd3eab,24602,HongHu,4,,,0.897576211468741,
architecture_19,HongHu_all_samples_sqrt_inverse_clip3_2000_nobias/current_h32_br-both_fu-sum_sk2_z0_D1_A-shared_n-bn_a-relu_head64_tok4_state16/run_seed5/result.json,cf7b0f1b329310c14599962894de470f741862f1995dcfe835958ad3f1a0ce7a,25088,HongHu,5,,,0.9302990587394258,
architecture_19,HongHu_all_samples_sqrt_inverse_clip3_2000_nobias/current_h32_br-both_fu-sum_sk2_z0_D1_A-shared_n-bn_a-relu_head64_tok4_state16/run_seed6/result.json,4d8513e26bfcc1b1d4c6b0a2ef2a1e1c466fe16d085068f6ff7a90f47b2e94d3,25245,HongHu,6,,,0.933567088219775,
architecture_19,HongHu_all_samples_sqrt_inverse_clip3_2000_nobias/current_h32_br-both_fu-sum_sk2_z0_D1_A-shared_n-bn_a-relu_head64_tok4_state16/run_seed7/result.json,4ce3f21b50e572b532f75003ef0807a9272f3446c57280099a120ad4ec7dead0,24564,HongHu,7,,,0.9315245697945567,
architecture_19,HongHu_all_samples_sqrt_inverse_clip3_2000_nobias/current_h32_br-both_fu-sum_sk2_z0_D1_A-shared_n-bn_a-relu_head64_tok4_state16/run_seed8/result.json,58747307c80ce86e74352557cf65aa7a4ac03d319b44f97ccf262f8f9c3fe307,25156,HongHu,8,,,0.9360947047709827,
architecture_19,HongHu_all_samples_sqrt_inverse_clip3_2000_nobias/current_h32_br-both_fu-sum_sk2_z0_D1_A-shared_n-bn_a-relu_head64_tok4_state16/run_seed9/result.json,0153ead633e11af6a23e48a2e150c8c014c686dc05ad9f7fbc9a842c54e9004d,25143,HongHu,9,,,0.9215587819781791,
architecture_19,HongHu_all_samples_sqrt_inverse_clip3_2000_nobias/current_h32_br-both_fu-sum_sk2_z1_D0_A-shared_n-bn_a-relu_head64_tok4_state16/run_seed0/result.json,118061b06ce8b906abeaa34301b3438e22a32fb046f8d7e0f30ed97af4813a96,25875,HongHu,0,,,0.9338904869704345,
architecture_19,HongHu_all_samples_sqrt_inverse_clip3_2000_nobias/current_h32_br-both_fu-sum_sk2_z1_D0_A-shared_n-bn_a-relu_head64_tok4_state16/run_seed1/result.json,73675322cc7d336f03287f8dc5cd0e9ce7b863f7802605487a60de39d7cc4c8e,25535,HongHu,1,,,0.9244353287603615,
architecture_19,HongHu_all_samples_sqrt_inverse_clip3_2000_nobias/current_h32_br-both_fu-sum_sk2_z1_D0_A-shared_n-bn_a-relu_head64_tok4_state16/run_seed2/result.json,e5ce7f9702e8a53227ac3e81f6157952faa47ff352f6a2e607a77627702581d5,24840,HongHu,2,,,0.9323075351908904,
architecture_19,HongHu_all_samples_sqrt_inverse_clip3_2000_nobias/current_h32_br-both_fu-sum_sk2_z1_D0_A-shared_n-bn_a-relu_head64_tok4_state16/run_seed3/result.json,b53f4ff368992d0852ae89b6ecf62faac617cb034e5c81d89878cfbfe7762edf,25275,HongHu,3,,,0.9280437779782472,
architecture_19,HongHu_all_samples_sqrt_inverse_clip3_2000_nobias/current_h32_br-both_fu-sum_sk2_z1_D0_A-shared_n-bn_a-relu_head64_tok4_state16/run_seed4/result.json,7f721ccf5abf35c081a0b71bfc04867c392670d1ae1e84ca16752609c2a5e80c,25862,HongHu,4,,,0.9190481864138482,
architecture_19,HongHu_all_samples_sqrt_inverse_clip3_2000_nobias/current_h32_br-both_fu-sum_sk2_z1_D0_A-shared_n-bn_a-relu_head64_tok4_state16/run_seed5/result.json,0bc36f8951da0e3fe6b984e5ec3ba354ba59b914571cc906394446a9fda7ca96,25661,HongHu,5,,,0.9275076168916274,
architecture_19,HongHu_all_samples_sqrt_inverse_clip3_2000_nobias/current_h32_br-both_fu-sum_sk2_z1_D0_A-shared_n-bn_a-relu_head64_tok4_state16/run_seed6/result.json,d2eaa14db37ca4cf4a92ae1f9948af4571eed7d5bb4e5d63cb272d1b8124b056,25262,HongHu,6,,,0.9289288692958417,
architecture_19,HongHu_all_samples_sqrt_inverse_clip3_2000_nobias/current_h32_br-both_fu-sum_sk2_z1_D0_A-shared_n-bn_a-relu_head64_tok4_state16/run_seed7/result.json,7490c9f7c9f010aebf35676a06b17c0048e618ffb5a732f13659f1a1cbac2cab,25301,HongHu,7,,,0.9313458494323501,
architecture_19,HongHu_all_samples_sqrt_inverse_clip3_2000_nobias/current_h32_br-both_fu-sum_sk2_z1_D0_A-shared_n-bn_a-relu_head64_tok4_state16/run_seed8/result.json,2848821a0e273553b5bdc8981546074a2e1e554e96b357c14fa16c5bedbf4f13,24530,HongHu,8,,,0.9224268523088969,
architecture_19,HongHu_all_samples_sqrt_inverse_clip3_2000_nobias/current_h32_br-both_fu-sum_sk2_z1_D0_A-shared_n-bn_a-relu_head64_tok4_state16/run_seed9/result.json,0fbb2bdc1c60ffa10590e48c4e50307b5a243f43d424905f85853d342e76c3d2,25199,HongHu,9,,,0.9281459038995081,
architecture_19,HongHu_all_samples_sqrt_inverse_clip3_2000_nobias/current_h32_br-both_fu-sum_sk2_z1_D1_A-shared_n-bn_a-relu_head64_tok4_state16/run_seed0/result.json,dc54508bcc5f132daaef5d660414fa0a273b8e6648f586856e9ce16b551a412b,24971,HongHu,0,,,0.9304096951541251,
architecture_19,HongHu_all_samples_sqrt_inverse_clip3_2000_nobias/current_h32_br-both_fu-sum_sk2_z1_D1_A-shared_n-bn_a-relu_head64_tok4_state16/run_seed1/result.json,4be0efba55d0e9df70d3c956cfae84d5bc79c8acf66c2b859d08c4f7266dfdf5,25364,HongHu,1,,,0.9412690847815356,
architecture_19,HongHu_all_samples_sqrt_inverse_clip3_2000_nobias/current_h32_br-both_fu-sum_sk2_z1_D1_A-shared_n-bn_a-relu_head64_tok4_state16/run_seed2/result.json,29596fe9a0bd88b4512129d23c249fe7ba2b3d35f28ed118bcbb930a11b664d1,24921,HongHu,2,,,0.9430052254429712,
architecture_19,HongHu_all_samples_sqrt_inverse_clip3_2000_nobias/current_h32_br-both_fu-sum_sk2_z1_D1_A-shared_n-bn_a-relu_head64_tok4_state16/run_seed3/result.json,205ad9a31e1da4d8899e169e543b4671d215f115ab8c44ffdef0a8f0d986e61d,25956,HongHu,3,,,0.9380606287552552,
architecture_19,HongHu_all_samples_sqrt_inverse_clip3_2000_nobias/current_h32_br-both_fu-sum_sk2_z1_D1_A-shared_n-bn_a-relu_head64_tok4_state16/run_seed4/result.json,82b6357b07885fe0e6288e9f3a8cba01c362160f7deabdef40c98646273bad25,25306,HongHu,4,,,0.9280267569913704,
architecture_19,HongHu_all_samples_sqrt_inverse_clip3_2000_nobias/current_h32_br-both_fu-sum_sk2_z1_D1_A-shared_n-bn_a-relu_head64_tok4_state16/run_seed5/result.json,728937b6582ffbf374e030cb5360e21f3b79d22466dd1163757cc54aa0caf857,24831,HongHu,5,,,0.9295671563037224,
architecture_19,HongHu_all_samples_sqrt_inverse_clip3_2000_nobias/current_h32_br-both_fu-sum_sk2_z1_D1_A-shared_n-bn_a-relu_head64_tok4_state16/run_seed6/result.json,2639cd905bacc34383c63b29bfe2ce057b7545593e37597d1d47f4c615b7923f,25202,HongHu,6,,,0.9311841500570203,
architecture_19,HongHu_all_samples_sqrt_inverse_clip3_2000_nobias/current_h32_br-both_fu-sum_sk2_z1_D1_A-shared_n-bn_a-relu_head64_tok4_state16/run_seed7/result.json,896fd0f28eb087d9b976b61d24c4ff7492000a7c8bae7dc4c1dfbacc1cc4af9b,25698,HongHu,7,,,0.9313288284454733,
architecture_19,HongHu_all_samples_sqrt_inverse_clip3_2000_nobias/current_h32_br-both_fu-sum_sk2_z1_D1_A-shared_n-bn_a-relu_head64_tok4_state16/run_seed8/result.json,a1b6f1ce757f34ad8047da43056d6a1a22f741d405d00e244fb1b9c24c6a36e6,24942,HongHu,8,,,0.9304182056475635,
architecture_19,HongHu_all_samples_sqrt_inverse_clip3_2000_nobias/current_h32_br-both_fu-sum_sk2_z1_D1_A-shared_n-bn_a-relu_head64_tok4_state16/run_seed9/result.json,ec64707e786a9d60da7d0f355417469acd051c34eb698b499889b3295303cb25,24565,HongHu,9,,,0.9252182941566952,
architecture_19,HongHu_all_samples_sqrt_inverse_clip3_2000_nobias/original_safe_h64_br-both_fu-softmax_sk2_z1_D1_A-per_channel_n-gn_a-silu_head128_tok4_state16/run_seed0/result.json,b53ee272f9e372e4f36d1f7cff2037e1f89bb982a4154b436ce203c0560fe360,25450,HongHu,0,,,0.9371329849704686,
architecture_19,HongHu_all_samples_sqrt_inverse_clip3_2000_nobias/original_safe_h64_br-both_fu-softmax_sk2_z1_D1_A-per_channel_n-gn_a-silu_head128_tok4_state16/run_seed1/result.json,275b2e94fae29a6e1b89f289737309ebb973da6276293ab6544b7ecb56a5fa8f,24889,HongHu,1,,,0.9291926945924325,
architecture_19,HongHu_all_samples_sqrt_inverse_clip3_2000_nobias/original_safe_h64_br-both_fu-softmax_sk2_z1_D1_A-per_channel_n-gn_a-silu_head128_tok4_state16/run_seed2/result.json,ca9c41684ecaadd6f3a8d632b8cbfe811b06e900cd185e456a4e2608eec00a46,24886,HongHu,2,,,0.9332436894691154,
architecture_19,HongHu_all_samples_sqrt_inverse_clip3_2000_nobias/original_safe_h64_br-both_fu-softmax_sk2_z1_D1_A-per_channel_n-gn_a-silu_head128_tok4_state16/run_seed3/result.json,c720e3b5e6046c822748ad0b3015cc9f1fe734f6527fb358a89d057c01962a2f,25100,HongHu,3,,,0.9325458290071659,
architecture_19,HongHu_all_samples_sqrt_inverse_clip3_2000_nobias/original_safe_h64_br-both_fu-softmax_sk2_z1_D1_A-per_channel_n-gn_a-silu_head128_tok4_state16/run_seed4/result.json,891eeea707cb01b5a2ec2272c7ea451cc675735124c460af33a6e770fa6bffd5,25383,HongHu,4,,,0.9341798437473404,
architecture_19,HongHu_all_samples_sqrt_inverse_clip3_2000_nobias/original_safe_h64_br-both_fu-softmax_sk2_z1_D1_A-per_channel_n-gn_a-silu_head128_tok4_state16/run_seed5/result.json,c7ed19c9ecfd7d5f4dc68ab47f76a75d6c00928719eee17ba5e9a2a3b08e7316,25255,HongHu,5,,,0.9328692277578254,
architecture_19,HongHu_all_samples_sqrt_inverse_clip3_2000_nobias/original_safe_h64_br-both_fu-softmax_sk2_z1_D1_A-per_channel_n-gn_a-silu_head128_tok4_state16/run_seed6/result.json,a4e6a3687c7d073de1457f2e4412eea6c0781646aea4e287ccc0d3e758c6c6e4,25062,HongHu,6,,,0.9361712992119283,
architecture_19,HongHu_all_samples_sqrt_inverse_clip3_2000_nobias/original_safe_h64_br-both_fu-softmax_sk2_z1_D1_A-per_channel_n-gn_a-silu_head128_tok4_state16/run_seed7/result.json,fde3f6a96f3240f1ea4ee57651f809a299375c0a238bd41fdda471356a910e32,24624,HongHu,7,,,0.9320181784139845,
architecture_19,HongHu_all_samples_sqrt_inverse_clip3_2000_nobias/original_safe_h64_br-both_fu-softmax_sk2_z1_D1_A-per_channel_n-gn_a-silu_head128_tok4_state16/run_seed8/result.json,1759827374aaacba0350228abbbf47c039a25f77673b6f9ee0dc9f1c88d08135,25016,HongHu,8,,,0.9224013208285816,
architecture_19,HongHu_all_samples_sqrt_inverse_clip3_2000_nobias/original_safe_h64_br-both_fu-softmax_sk2_z1_D1_A-per_channel_n-gn_a-silu_head128_tok4_state16/run_seed9/result.json,dff5c67eff2ebed21930140d116f4bf95fca72db00f20323859d6af8243459ca,25855,HongHu,9,,,0.9385882793484366,
architecture_19,HongHu_all_samples_sqrt_inverse_clip3_2000_nobias/original_safe_matched_h32_br-both_fu-softmax_sk2_z1_D1_A-per_channel_n-gn_a-silu_head64_tok4_state16/run_seed0/result.json,bfb0de3431edfd5cc91e98e9db29db628df8159c692d1b328bd78f67a0f8c602,25146,HongHu,0,,,0.9379159503668023,
architecture_19,HongHu_all_samples_sqrt_inverse_clip3_2000_nobias/original_safe_matched_h32_br-both_fu-softmax_sk2_z1_D1_A-per_channel_n-gn_a-silu_head64_tok4_state16/run_seed1/result.json,d65750ae1a2eda46ba4dd9249dc526f94a9a62d44d5d72b374b5168008d42ce0,25241,HongHu,1,,,0.935728753553131,
architecture_19,HongHu_all_samples_sqrt_inverse_clip3_2000_nobias/original_safe_matched_h32_br-both_fu-softmax_sk2_z1_D1_A-per_channel_n-gn_a-silu_head64_tok4_state16/run_seed2/result.json,0d3a3ea39205a86febdf1bc0b4717f3096595b4c9dffde9fdbe60ee114434ced,25377,HongHu,2,,,0.9243757553062927,
architecture_19,HongHu_all_samples_sqrt_inverse_clip3_2000_nobias/original_safe_matched_h32_br-both_fu-softmax_sk2_z1_D1_A-per_channel_n-gn_a-silu_head64_tok4_state16/run_seed3/result.json,e752b27cf24ce085a8629811b57c38d92fa9e9a59de3c0fdb3aa47b9ddf5b558,25633,HongHu,3,,,0.9291671631121172,
architecture_19,HongHu_all_samples_sqrt_inverse_clip3_2000_nobias/original_safe_matched_h32_br-both_fu-softmax_sk2_z1_D1_A-per_channel_n-gn_a-silu_head64_tok4_state16/run_seed4/result.json,9d31fb780b97e80efcdacc13bb245e0b97b95733adea62f494c63ae21a17deb0,25520,HongHu,4,,,0.9273203860359823,
architecture_19,HongHu_all_samples_sqrt_inverse_clip3_2000_nobias/original_safe_matched_h32_br-both_fu-softmax_sk2_z1_D1_A-per_channel_n-gn_a-silu_head64_tok4_state16/run_seed5/result.json,2202d08b58c696b5cd056c2f469451c7ffe7ebfa4a68dfacbac175ac6b918cc8,25522,HongHu,5,,,0.9305713945294548,
architecture_19,HongHu_all_samples_sqrt_inverse_clip3_2000_nobias/original_safe_matched_h32_br-both_fu-softmax_sk2_z1_D1_A-per_channel_n-gn_a-silu_head64_tok4_state16/run_seed6/result.json,688eccd613b2cfe71b938d37ee99212aa64e8e14c4132f49507bf2663834f870,26052,HongHu,6,,,0.9284863236370445,
architecture_19,HongHu_all_samples_sqrt_inverse_clip3_2000_nobias/original_safe_matched_h32_br-both_fu-softmax_sk2_z1_D1_A-per_channel_n-gn_a-silu_head64_tok4_state16/run_seed7/result.json,a0cae1b1ee94156304d1b76a38b3751c0424be1341407786e58d0e48c272a5cb,25660,HongHu,7,,,0.9313969123929805,
architecture_19,HongHu_all_samples_sqrt_inverse_clip3_2000_nobias/original_safe_matched_h32_br-both_fu-softmax_sk2_z1_D1_A-per_channel_n-gn_a-silu_head64_tok4_state16/run_seed8/result.json,99ef0767d86bf9e35bcb39599e2f3274ae22c8e766c4f078aab8044baa5a1000,25984,HongHu,8,,,0.9366904393116713,
architecture_19,HongHu_all_samples_sqrt_inverse_clip3_2000_nobias/original_safe_matched_h32_br-both_fu-softmax_sk2_z1_D1_A-per_channel_n-gn_a-silu_head64_tok4_state16/run_seed9/result.json,4bfa62bb5cb01782147a72a1f9dce30ec5b60cf0a00dd92350d36661f806f5e4,25127,HongHu,9,,,0.9237119368180967,
architecture_19,Houston_all_samples_sqrt_inverse_clip3_2000_nobias/Houston_all_samples_sqrt_inverse_clip3_2000_nobias/current_h32_br-both_fu-mean_sk2_z0_D0_A-shared_n-bn_a-relu_head64_tok4_state16/run_seed0/result.json,cddf08bf159652d66500e969a0e0605bd41f90dc811830be015a1012e1db675e,13787,Houston,0,,,0.9305496378355347,
architecture_19,Houston_all_samples_sqrt_inverse_clip3_2000_nobias/Houston_all_samples_sqrt_inverse_clip3_2000_nobias/current_h32_br-both_fu-mean_sk2_z0_D0_A-shared_n-bn_a-relu_head64_tok4_state16/run_seed1/result.json,a356dd2dd8b8c1b2c38965717287a8d37b6b1f47bb5e3ba74edee8e95c138d13,14651,Houston,1,,,0.9049850873455475,
architecture_19,Houston_all_samples_sqrt_inverse_clip3_2000_nobias/Houston_all_samples_sqrt_inverse_clip3_2000_nobias/current_h32_br-both_fu-mean_sk2_z0_D0_A-shared_n-bn_a-relu_head64_tok4_state16/run_seed2/result.json,a002d64f80c94c77675bbcf45aace7a44b5e94c68a3fd4c21f76a373b611e384,13729,Houston,2,,,0.9377929271410311,
architecture_19,Houston_all_samples_sqrt_inverse_clip3_2000_nobias/Houston_all_samples_sqrt_inverse_clip3_2000_nobias/current_h32_br-both_fu-mean_sk2_z0_D0_A-shared_n-bn_a-relu_head64_tok4_state16/run_seed3/result.json,5b5e3b390fd43e59a46ea55a0b58be0c6d4e1c8b3936783041ea125e7776bae0,14152,Houston,3,,,0.9015764806135492,
architecture_19,Houston_all_samples_sqrt_inverse_clip3_2000_nobias/Houston_all_samples_sqrt_inverse_clip3_2000_nobias/current_h32_br-both_fu-mean_sk2_z0_D0_A-shared_n-bn_a-relu_head64_tok4_state16/run_seed4/result.json,41828b8832fdf6629fdf12b95799bb10cd20b2d1e199208040eb7f613143170e,14017,Houston,4,,,0.8794205368555603,
architecture_19,Houston_all_samples_sqrt_inverse_clip3_2000_nobias/Houston_all_samples_sqrt_inverse_clip3_2000_nobias/current_h32_br-both_fu-mean_sk2_z0_D0_A-shared_n-bn_a-relu_head64_tok4_state16/run_seed5/result.json,a6af1bebd559c46c67ec59719367114b056c98e52cc00e89c5235f9037075f8e,13674,Houston,5,,,0.8610992756710695,
architecture_19,Houston_all_samples_sqrt_inverse_clip3_2000_nobias/Houston_all_samples_sqrt_inverse_clip3_2000_nobias/current_h32_br-both_fu-mean_sk2_z0_D0_A-shared_n-bn_a-relu_head64_tok4_state16/run_seed6/result.json,16aae0d73eeb2a074de39b37d495e9b286d62826bda0ad8ebd0ddeeb9ecded74,13539,Houston,6,,,0.9343843204090329,
architecture_19,Houston_all_samples_sqrt_inverse_clip3_2000_nobias/Houston_all_samples_sqrt_inverse_clip3_2000_nobias/current_h32_br-both_fu-mean_sk2_z0_D0_A-shared_n-bn_a-relu_head64_tok4_state16/run_seed7/result.json,b619a95e598e99697d96c4d8bb63a7087efa96c29a41174ebf03e592fc3f1c88,14232,Houston,7,,,0.8900724328930549,
architecture_19,Houston_all_samples_sqrt_inverse_clip3_2000_nobias/Houston_all_samples_sqrt_inverse_clip3_2000_nobias/current_h32_br-both_fu-mean_sk2_z0_D0_A-shared_n-bn_a-relu_head64_tok4_state16/run_seed8/result.json,22cd02533aa727c707c1204f33ab78201e7bb70b97029799a4890e7a9813c95f,14586,Houston,8,,,0.8766510438858117,
architecture_19,Houston_all_samples_sqrt_inverse_clip3_2000_nobias/Houston_all_samples_sqrt_inverse_clip3_2000_nobias/current_h32_br-both_fu-mean_sk2_z0_D0_A-shared_n-bn_a-relu_head64_tok4_state16/run_seed9/result.json,477c71026d0e8284ab1f9bca0647d8fb810b9e383218ae9bdc4502ccedfbd431,14302,Houston,9,,,0.8936940775458031,
architecture_19,Houston_all_samples_sqrt_inverse_clip3_2000_nobias/Houston_all_samples_sqrt_inverse_clip3_2000_nobias/current_h32_br-both_fu-softmax_sk2_z0_D0_A-shared_n-bn_a-relu_head64_tok4_state16/run_seed0/result.json,ae8ba67a92368e4de0bb61a866ec5881796e9968f7fbea2d7a518e88eb5f79d2,14206,Houston,0,,,0.8847464848743076,
architecture_19,Houston_all_samples_sqrt_inverse_clip3_2000_nobias/Houston_all_samples_sqrt_inverse_clip3_2000_nobias/current_h32_br-both_fu-softmax_sk2_z0_D0_A-shared_n-bn_a-relu_head64_tok4_state16/run_seed1/result.json,f69ae0806e93fe917008db7b2a3099b8e027a98c6e2d83b2ea38f2d572409bd2,15020,Houston,1,,,0.8749467405198125,
architecture_19,Houston_all_samples_sqrt_inverse_clip3_2000_nobias/Houston_all_samples_sqrt_inverse_clip3_2000_nobias/current_h32_br-both_fu-softmax_sk2_z0_D0_A-shared_n-bn_a-relu_head64_tok4_state16/run_seed2/result.json,770535c39b7f5b114f7123466d15335cf78636b76f2f1f1a87d0914cac905eb8,14132,Houston,2,,,0.8996591393268002,
architecture_19,Houston_all_samples_sqrt_inverse_clip3_2000_nobias/Houston_all_samples_sqrt_inverse_clip3_2000_nobias/current_h32_br-both_fu-softmax_sk2_z0_D0_A-shared_n-bn_a-relu_head64_tok4_state16/run_seed3/result.json,2be99d9704996a7b97e81be18d350e28a502dd6943ff8f1b1a00a52fca02f12e,14701,Houston,3,,,0.8866638261610567,
architecture_19,Houston_all_samples_sqrt_inverse_clip3_2000_nobias/Houston_all_samples_sqrt_inverse_clip3_2000_nobias/current_h32_br-both_fu-softmax_sk2_z0_D0_A-shared_n-bn_a-relu_head64_tok4_state16/run_seed4/result.json,3a3d00a39013318f40242ff70b441575e4fb85faec1a2565c6469960f5a6e25b,14195,Houston,4,,,0.876011930123562,
architecture_19,Houston_all_samples_sqrt_inverse_clip3_2000_nobias/Houston_all_samples_sqrt_inverse_clip3_2000_nobias/current_h32_br-both_fu-softmax_sk2_z0_D0_A-shared_n-bn_a-relu_head64_tok4_state16/run_seed5/result.json,fd772e2a0a038509b7edfd88c4ae49d6b0d7fefcceb18b07382cbf391a2406ac,13701,Houston,5,,,0.8770771197273115,
architecture_19,Houston_all_samples_sqrt_inverse_clip3_2000_nobias/Houston_all_samples_sqrt_inverse_clip3_2000_nobias/current_h32_br-both_fu-softmax_sk2_z0_D0_A-shared_n-bn_a-relu_head64_tok4_state16/run_seed6/result.json,d734f667bc74411bccf475a295e628a690da488a3728cf6ad6a0ce4b0103ec93,13618,Houston,6,,,0.9284192586280358,
architecture_19,Houston_all_samples_sqrt_inverse_clip3_2000_nobias/Houston_all_samples_sqrt_inverse_clip3_2000_nobias/current_h32_br-both_fu-softmax_sk2_z0_D0_A-shared_n-bn_a-relu_head64_tok4_state16/run_seed7/result.json,ce702d13ddf9cd99ecd00798cba75136339a5d097a17f430ccc42e7693e879b5,14397,Houston,7,,,0.9156369833830422,
architecture_19,Houston_all_samples_sqrt_inverse_clip3_2000_nobias/Houston_all_samples_sqrt_inverse_clip3_2000_nobias/current_h32_br-both_fu-softmax_sk2_z0_D0_A-shared_n-bn_a-relu_head64_tok4_state16/run_seed8/result.json,7e94dbb5f7e67537605b7f2b365ac3ad658ac39402896667389cf6c99073635a,14713,Houston,8,,,0.8653600340860673,
architecture_19,Houston_all_samples_sqrt_inverse_clip3_2000_nobias/Houston_all_samples_sqrt_inverse_clip3_2000_nobias/current_h32_br-both_fu-softmax_sk2_z0_D0_A-shared_n-bn_a-relu_head64_tok4_state16/run_seed9/result.json,3fb8e25278ba140d569f69eac52555280193e957c6037d65db7e8c409234bb63,14241,Houston,9,,,0.8811248402215595,
architecture_19,Houston_all_samples_sqrt_inverse_clip3_2000_nobias/Houston_all_samples_sqrt_inverse_clip3_2000_nobias/current_h32_br-both_fu-sum_sk0_z0_D0_A-shared_n-bn_a-relu_head64_tok4_state16/run_seed0/result.json,e77ba4e7dc5de91fc1e0c9f28511a4dc12d01b73efa36e1e3a556202373003fb,15755,Houston,0,,,0.8025138474648488,
architecture_19,Houston_all_samples_sqrt_inverse_clip3_2000_nobias/Houston_all_samples_sqrt_inverse_clip3_2000_nobias/current_h32_br-both_fu-sum_sk0_z0_D0_A-shared_n-bn_a-relu_head64_tok4_state16/run_seed1/result.json,02aeae74e1346306739a102e2ae7352ee65cc264d3d29bdcb8423bace0ad5b34,15356,Houston,1,,,0.7922880272688538,
architecture_19,Houston_all_samples_sqrt_inverse_clip3_2000_nobias/Houston_all_samples_sqrt_inverse_clip3_2000_nobias/current_h32_br-both_fu-sum_sk0_z0_D0_A-shared_n-bn_a-relu_head64_tok4_state16/run_seed2/result.json,fe5603e2b01f53beb167bec9b907417b6c2d50c42fb9bff9fbdf4c740d609c19,16494,Houston,2,,,0.7993182786536004,
architecture_19,Houston_all_samples_sqrt_inverse_clip3_2000_nobias/Houston_all_samples_sqrt_inverse_clip3_2000_nobias/current_h32_br-both_fu-sum_sk0_z0_D0_A-shared_n-bn_a-relu_head64_tok4_state16/run_seed3/result.json,bd6c835ad6ab25dd3f27d66d34c19367f90495ea2f8b0d110bb899775d2f4a4f,15484,Houston,3,,,0.8704729441840647,
architecture_19,Houston_all_samples_sqrt_inverse_clip3_2000_nobias/Houston_all_samples_sqrt_inverse_clip3_2000_nobias/current_h32_br-both_fu-sum_sk0_z0_D0_A-shared_n-bn_a-relu_head64_tok4_state16/run_seed4/result.json,6e98656dda5613c51e5290617b3b4e9c55fc8bbb8690aa6da0f3a96cac4b1664,15627,Houston,4,,,0.7677886663826161,
architecture_19,Houston_all_samples_sqrt_inverse_clip3_2000_nobias/Houston_all_samples_sqrt_inverse_clip3_2000_nobias/current_h32_br-both_fu-sum_sk0_z0_D0_A-shared_n-bn_a-relu_head64_tok4_state16/run_seed5/result.json,69cd81d871c024ba985318d4a666d7bfd9a6cdacbbfddc36189a629c0ca9aaba,16194,Houston,5,,,0.7537281636131231,
architecture_19,Houston_all_samples_sqrt_inverse_clip3_2000_nobias/Houston_all_samples_sqrt_inverse_clip3_2000_nobias/current_h32_br-both_fu-sum_sk0_z0_D0_A-shared_n-bn_a-relu_head64_tok4_state16/run_seed6/result.json,834402dbf600b472e9da1eb41f4f721a4847d268fc79d2c7933d358e3898601c,16115,Houston,6,,,0.8419258628035791,
architecture_19,Houston_all_samples_sqrt_inverse_clip3_2000_nobias/Houston_all_samples_sqrt_inverse_clip3_2000_nobias/current_h32_br-both_fu-sum_sk0_z0_D0_A-shared_n-bn_a-relu_head64_tok4_state16/run_seed7/result.json,d0e9ffd4af6bab3b4eef5e02bd38ec023c8be46136933bc45e03a214bb103627,16624,Houston,7,,,0.7814230933106093,
architecture_19,Houston_all_samples_sqrt_inverse_clip3_2000_nobias/Houston_all_samples_sqrt_inverse_clip3_2000_nobias/current_h32_br-both_fu-sum_sk0_z0_D0_A-shared_n-bn_a-relu_head64_tok4_state16/run_seed8/result.json,e7638cdd454ce848ddf610411077e920595ad5b2ba801e3094c66bcbc5a95b83,15618,Houston,8,,,0.822113336173839,
architecture_19,Houston_all_samples_sqrt_inverse_clip3_2000_nobias/Houston_all_samples_sqrt_inverse_clip3_2000_nobias/current_h32_br-both_fu-sum_sk0_z0_D0_A-shared_n-bn_a-relu_head64_tok4_state16/run_seed9/result.json,d6020cb4a1779541c8d19263cec2a7d6d075b70514699b0bbff8847f22fca9fb,16490,Houston,9,,,0.7102684277801449,
architecture_19,Houston_all_samples_sqrt_inverse_clip3_2000_nobias/Houston_all_samples_sqrt_inverse_clip3_2000_nobias/current_h32_br-both_fu-sum_sk1_z0_D0_A-shared_n-bn_a-relu_head64_tok4_state16/run_seed0/result.json,43b107f77789eff79c199024bdb3596cbdfcfe4325980a00391f6fe2af1f3382,14665,Houston,0,,,0.8419258628035791,
architecture_19,Houston_all_samples_sqrt_inverse_clip3_2000_nobias/Houston_all_samples_sqrt_inverse_clip3_2000_nobias/current_h32_br-both_fu-sum_sk1_z0_D0_A-shared_n-bn_a-relu_head64_tok4_state16/run_seed1/result.json,4aaa7582d4f5665b612997c709d3f6e2b9886f79123ddb50d5abc4c256546f0a,14066,Houston,1,,,0.8732424371538133,
architecture_19,Houston_all_samples_sqrt_inverse_clip3_2000_nobias/Houston_all_samples_sqrt_inverse_clip3_2000_nobias/current_h32_br-both_fu-sum_sk1_z0_D0_A-shared_n-bn_a-relu_head64_tok4_state16/run_seed2/result.json,799628b31e7093dc84109366e6cf5318a37dbe574056284e18f9c038dedb6470,15101,Houston,2,,,0.907967618236046,
architecture_19,Houston_all_samples_sqrt_inverse_clip3_2000_nobias/Houston_all_samples_sqrt_inverse_clip3_2000_nobias/current_h32_br-both_fu-sum_sk1_z0_D0_A-shared_n-bn_a-relu_head64_tok4_state16/run_seed3/result.json,39fa4c500a8a3564e1e9243046448a5a791b9410d914b7ad5f5b5a26be1d8b1f,14499,Houston,3,,,0.8472518108223264,
architecture_19,Houston_all_samples_sqrt_inverse_clip3_2000_nobias/Houston_all_samples_sqrt_inverse_clip3_2000_nobias/current_h32_br-both_fu-sum_sk1_z0_D0_A-shared_n-bn_a-relu_head64_tok4_state16/run_seed4/result.json,1a2d3b1324101cfc73a18b58f6784780cf621f014e47351eabb70a9ff7b9736b,14365,Houston,4,,,0.907967618236046,
architecture_19,Houston_all_samples_sqrt_inverse_clip3_2000_nobias/Houston_all_samples_sqrt_inverse_clip3_2000_nobias/current_h32_br-both_fu-sum_sk1_z0_D0_A-shared_n-bn_a-relu_head64_tok4_state16/run_seed5/result.json,628e7bce0b4476666ba624b5b1cde7991300d916997d6581bf758cd9774a0b23,14090,Houston,5,,,0.8977417980400512,
architecture_19,Houston_all_samples_sqrt_inverse_clip3_2000_nobias/Houston_all_samples_sqrt_inverse_clip3_2000_nobias/current_h32_br-both_fu-sum_sk1_z0_D0_A-shared_n-bn_a-relu_head64_tok4_state16/run_seed6/result.json,4331b95269e986c7c61eb64707e55d5772e949e7df979bc44e9ea196ea5c9a3b,14517,Houston,6,,,0.8689816787388155,
architecture_19,Houston_all_samples_sqrt_inverse_clip3_2000_nobias/Houston_all_samples_sqrt_inverse_clip3_2000_nobias/current_h32_br-both_fu-sum_sk1_z0_D0_A-shared_n-bn_a-relu_head64_tok4_state16/run_seed7/result.json,0cb2bd5888bdaabbad825590f894861d2e53463402bfb701ba81482c689ee517,15064,Houston,7,,,0.8764380059650618,
architecture_19,Houston_all_samples_sqrt_inverse_clip3_2000_nobias/Houston_all_samples_sqrt_inverse_clip3_2000_nobias/current_h32_br-both_fu-sum_sk1_z0_D0_A-shared_n-bn_a-relu_head64_tok4_state16/run_seed8/result.json,e4ea5c86f85af56fdb9ee77d8ac87cf7cebb4a5b86a144d6415499faee8359d4,14756,Houston,8,,,0.8745206646783127,
architecture_19,Houston_all_samples_sqrt_inverse_clip3_2000_nobias/Houston_all_samples_sqrt_inverse_clip3_2000_nobias/current_h32_br-both_fu-sum_sk1_z0_D0_A-shared_n-bn_a-relu_head64_tok4_state16/run_seed9/result.json,b176d0fcb1564c875ac886f67c4872d20d5dbf72884fb0b10148424be0bc2ca8,14623,Houston,9,,,0.8632296548785684,
architecture_19,Houston_all_samples_sqrt_inverse_clip3_2000_nobias/Houston_all_samples_sqrt_inverse_clip3_2000_nobias/current_h32_br-both_fu-sum_sk2_z0_D0_A-shared_n-bn_a-relu_head128_tok4_state16/run_seed0/result.json,c46de633b87f9c84fe0a60d093601cb1709c4a3d89e48e095b9370664744e70e,14511,Houston,0,,,0.8721772475500639,
architecture_19,Houston_all_samples_sqrt_inverse_clip3_2000_nobias/Houston_all_samples_sqrt_inverse_clip3_2000_nobias/current_h32_br-both_fu-sum_sk2_z0_D0_A-shared_n-bn_a-relu_head128_tok4_state16/run_seed1/result.json,d31d53ffbaf91ac24d22c43d2e8b4eb92b8514c0a239f0f169172d2635d3cc5c,13988,Houston,1,,,0.8787814230933106,
architecture_19,Houston_all_samples_sqrt_inverse_clip3_2000_nobias/Houston_all_samples_sqrt_inverse_clip3_2000_nobias/current_h32_br-both_fu-sum_sk2_z0_D0_A-shared_n-bn_a-relu_head128_tok4_state16/run_seed2/result.json,7e3ea894ce5335e432a04c702ce0c6477637c20f4834de74be6856d8f7a1402c,13788,Houston,2,,,0.9064763527907967,
architecture_19,Houston_all_samples_sqrt_inverse_clip3_2000_nobias/Houston_all_samples_sqrt_inverse_clip3_2000_nobias/current_h32_br-both_fu-sum_sk2_z0_D0_A-shared_n-bn_a-relu_head128_tok4_state16/run_seed3/result.json,16b2413ffb1e46ed7f69e5bbe7821437bbfe891123c259ab03d54efacdd4eebc,13931,Houston,3,,,0.8717511717085641,
architecture_19,Houston_all_samples_sqrt_inverse_clip3_2000_nobias/Houston_all_samples_sqrt_inverse_clip3_2000_nobias/current_h32_br-both_fu-sum_sk2_z0_D0_A-shared_n-bn_a-relu_head128_tok4_state16/run_seed4/result.json,bef1baf47a2d7a50ea4ae2952c5815c6f74b04e174de8f7451ba5e5371f44839,14664,Houston,4,,,0.8830421815083085,
architecture_19,Houston_all_samples_sqrt_inverse_clip3_2000_nobias/Houston_all_samples_sqrt_inverse_clip3_2000_nobias/current_h32_br-both_fu-sum_sk2_z0_D0_A-shared_n-bn_a-relu_head128_tok4_state16/run_seed5/result.json,2848a79cdb82ee9bdd74b6d4f993891d4d0adf2cae8cf72e3b5c61abe0009d35,13801,Houston,5,,,0.8934810396250532,
architecture_19,Houston_all_samples_sqrt_inverse_clip3_2000_nobias/Houston_all_samples_sqrt_inverse_clip3_2000_nobias/current_h32_br-both_fu-sum_sk2_z0_D0_A-shared_n-bn_a-relu_head128_tok4_state16/run_seed6/result.json,6e6870e02f6a403b7602587e5e9477b85b0f0679996034b55430db015a4ded34,14300,Houston,6,,,0.9149978696207925,
architecture_19,Houston_all_samples_sqrt_inverse_clip3_2000_nobias/Houston_all_samples_sqrt_inverse_clip3_2000_nobias/current_h32_br-both_fu-sum_sk2_z0_D0_A-shared_n-bn_a-relu_head128_tok4_state16/run_seed7/result.json,99a1c9ef07b0922620a88282416888f92757b6e2a41157452a9eae38ff1853a4,15228,Houston,7,,,0.9126544524925436,
architecture_19,Houston_all_samples_sqrt_inverse_clip3_2000_nobias/Houston_all_samples_sqrt_inverse_clip3_2000_nobias/current_h32_br-both_fu-sum_sk2_z0_D0_A-shared_n-bn_a-relu_head128_tok4_state16/run_seed8/result.json,f33770d62cf804e80890d509848ada992514da030ea6be0b6f846c23bf709a87,15201,Houston,8,,,0.9015764806135492,
architecture_19,Houston_all_samples_sqrt_inverse_clip3_2000_nobias/Houston_all_samples_sqrt_inverse_clip3_2000_nobias/current_h32_br-both_fu-sum_sk2_z0_D0_A-shared_n-bn_a-relu_head128_tok4_state16/run_seed9/result.json,dcd80f7ead12b803177fe082a5b5654b5fd8900953b1219faf2064f802fa8aaa,14016,Houston,9,,,0.8971026842778015,
architecture_19,Houston_all_samples_sqrt_inverse_clip3_2000_nobias/Houston_all_samples_sqrt_inverse_clip3_2000_nobias/current_h32_br-both_fu-sum_sk2_z0_D0_A-shared_n-bn_a-relu_head32_tok4_state16/run_seed0/result.json,3cae0574baf83ad997c346b183cfd3bb602dd588c508cdf06c4317696b8542e5,14902,Houston,0,,,0.847890924584576,
architecture_19,Houston_all_samples_sqrt_inverse_clip3_2000_nobias/Houston_all_samples_sqrt_inverse_clip3_2000_nobias/current_h32_br-both_fu-sum_sk2_z0_D0_A-shared_n-bn_a-relu_head32_tok4_state16/run_seed1/result.json,46412a8ca8bafa5183e7c371458979f506a146ff21f39467457a4e86fc5d606c,14186,Houston,1,,,0.8608862377503196,
architecture_19,Houston_all_samples_sqrt_inverse_clip3_2000_nobias/Houston_all_samples_sqrt_inverse_clip3_2000_nobias/current_h32_br-both_fu-sum_sk2_z0_D0_A-shared_n-bn_a-relu_head32_tok4_state16/run_seed2/result.json,898dab6b0ec268c57485c9aa0e92ae86207cedea7a4318106f31151eddf2c0db,13608,Houston,2,,,0.9154239454622923,
architecture_19,Houston_all_samples_sqrt_inverse_clip3_2000_nobias/Houston_all_samples_sqrt_inverse_clip3_2000_nobias/current_h32_br-both_fu-sum_sk2_z0_D0_A-shared_n-bn_a-relu_head32_tok4_state16/run_seed3/result.json,b7f3aa1ccff4a73bcbf9d8a9c4dce83789fbbae2ad6ffefbdfb32ff7209b79ec,14312,Houston,3,,,0.9075415423945462,
architecture_19,Houston_all_samples_sqrt_inverse_clip3_2000_nobias/Houston_all_samples_sqrt_inverse_clip3_2000_nobias/current_h32_br-both_fu-sum_sk2_z0_D0_A-shared_n-bn_a-relu_head32_tok4_state16/run_seed4/result.json,50e78aa2e64819d0e0d9a21d0fa54e5798dd34d87ef48e0a2ce604b98eafc668,14700,Houston,4,,,0.8410737111205795,
architecture_19,Houston_all_samples_sqrt_inverse_clip3_2000_nobias/Houston_all_samples_sqrt_inverse_clip3_2000_nobias/current_h32_br-both_fu-sum_sk2_z0_D0_A-shared_n-bn_a-relu_head32_tok4_state16/run_seed5/result.json,be5a68bde81c958a30fb4745a1e51882792f34cb8eb98fe19a7d912581a3367d,14235,Houston,5,,,0.8385172560715808,
architecture_19,Houston_all_samples_sqrt_inverse_clip3_2000_nobias/Houston_all_samples_sqrt_inverse_clip3_2000_nobias/current_h32_br-both_fu-sum_sk2_z0_D0_A-shared_n-bn_a-relu_head32_tok4_state16/run_seed6/result.json,2a8168e86136c8c7e3e51872a83e27a1b40d48312a9c3617bd3931be672619eb,14539,Houston,6,,,0.8958244567533021,
architecture_19,Houston_all_samples_sqrt_inverse_clip3_2000_nobias/Houston_all_samples_sqrt_inverse_clip3_2000_nobias/current_h32_br-both_fu-sum_sk2_z0_D0_A-shared_n-bn_a-relu_head32_tok4_state16/run_seed7/result.json,89fd002714976d8c70a8bc136f9263861c2fae8dbf2987f620e5334a202baddb,14003,Houston,7,,,0.8632296548785684,
architecture_19,Houston_all_samples_sqrt_inverse_clip3_2000_nobias/Houston_all_samples_sqrt_inverse_clip3_2000_nobias/current_h32_br-both_fu-sum_sk2_z0_D0_A-shared_n-bn_a-relu_head32_tok4_state16/run_seed8/result.json,58165a2e095050168b465050f9bf30ec50a3e2c5453d987e079e49bf95cee696,14254,Houston,8,,,0.8604601619088198,
architecture_19,Houston_all_samples_sqrt_inverse_clip3_2000_nobias/Houston_all_samples_sqrt_inverse_clip3_2000_nobias/current_h32_br-both_fu-sum_sk2_z0_D0_A-shared_n-bn_a-relu_head32_tok4_state16/run_seed9/result.json,c9712da9f1c0bbb4703ff8d9c8339478626e80f89f8328bcb7cda5d313b65e28,14306,Houston,9,,,0.8361738389433319,
architecture_19,Houston_all_samples_sqrt_inverse_clip3_2000_nobias/Houston_all_samples_sqrt_inverse_clip3_2000_nobias/current_h32_br-both_fu-sum_sk2_z0_D0_A-shared_n-bn_a-relu_head64_tok2_state16/run_seed0/result.json,adfd940927cafab075ffb96c1a64e8e119558617393850bb553ebbc0ae842dbc,13777,Houston,0,,,0.8696207925010652,
architecture_19,Houston_all_samples_sqrt_inverse_clip3_2000_nobias/Houston_all_samples_sqrt_inverse_clip3_2000_nobias/current_h32_br-both_fu-sum_sk2_z0_D0_A-shared_n-bn_a-relu_head64_tok2_state16/run_seed1/result.json,32d332e348d2f7d62b84f58405a52137fa950725afb5b222a793b42607b046ca,14107,Houston,1,,,0.9128674904132935,
architecture_19,Houston_all_samples_sqrt_inverse_clip3_2000_nobias/Houston_all_samples_sqrt_inverse_clip3_2000_nobias/current_h32_br-both_fu-sum_sk2_z0_D0_A-shared_n-bn_a-relu_head64_tok2_state16/run_seed2/result.json,1957814543bdfecc1b771f3308e4ddaa6962d244412e7f0e5980b36c34de7938,14065,Houston,2,,,0.86003408606732,
architecture_19,Houston_all_samples_sqrt_inverse_clip3_2000_nobias/Houston_all_samples_sqrt_inverse_clip3_2000_nobias/current_h32_br-both_fu-sum_sk2_z0_D0_A-shared_n-bn_a-relu_head64_tok2_state16/run_seed3/result.json,80a61acd9ea265b709f4252031b172b2aadb8485c2e62602eb633e97712c1486,14563,Houston,3,,,0.9105240732850447,
architecture_19,Houston_all_samples_sqrt_inverse_clip3_2000_nobias/Houston_all_samples_sqrt_inverse_clip3_2000_nobias/current_h32_br-both_fu-sum_sk2_z0_D0_A-shared_n-bn_a-relu_head64_tok2_state16/run_seed4/result.json,2a752cb1f5b596769b2e6eb26ce0fa50ec93172bfe935cb8c6eaece3e399fff9,14865,Houston,4,,,0.8282914358755858,
architecture_19,Houston_all_samples_sqrt_inverse_clip3_2000_nobias/Houston_all_samples_sqrt_inverse_clip3_2000_nobias/current_h32_br-both_fu-sum_sk2_z0_D0_A-shared_n-bn_a-relu_head64_tok2_state16/run_seed5/result.json,d5031c7da2bf3a30d3d0c6ed37284d250414e01b57d164fc082e9c267d461e73,14165,Houston,5,,,0.8868768640818065,
architecture_19,Houston_all_samples_sqrt_inverse_clip3_2000_nobias/Houston_all_samples_sqrt_inverse_clip3_2000_nobias/current_h32_br-both_fu-sum_sk2_z0_D0_A-shared_n-bn_a-relu_head64_tok2_state16/run_seed6/result.json,02664e78e2a225627530da49dd4bf225f890ee16a0d3eb533574bd5e5eef198d,14962,Houston,6,,,0.889859394972305,
architecture_19,Houston_all_samples_sqrt_inverse_clip3_2000_nobias/Houston_all_samples_sqrt_inverse_clip3_2000_nobias/current_h32_br-both_fu-sum_sk2_z0_D0_A-shared_n-bn_a-relu_head64_tok2_state16/run_seed7/result.json,0da330f419b7aa65d4c9970d9c392046c3befc4ed0c615fc95613feab8fa7951,14143,Houston,7,,,0.9320409032807839,
architecture_19,Houston_all_samples_sqrt_inverse_clip3_2000_nobias/Houston_all_samples_sqrt_inverse_clip3_2000_nobias/current_h32_br-both_fu-sum_sk2_z0_D0_A-shared_n-bn_a-relu_head64_tok2_state16/run_seed8/result.json,c8fcb8c6c1077a5974445dd4c0a345aba060955fa0d0b454d60f8f3ab2cd3b06,13211,Houston,8,,,0.9066893907115466,
architecture_19,Houston_all_samples_sqrt_inverse_clip3_2000_nobias/Houston_all_samples_sqrt_inverse_clip3_2000_nobias/current_h32_br-both_fu-sum_sk2_z0_D0_A-shared_n-bn_a-relu_head64_tok2_state16/run_seed9/result.json,aa84a065cd5724da4547cfac758cf249a29f738f67b77c99841e24c6857d4133,13953,Houston,9,,,0.9401363442692799,
architecture_19,Houston_all_samples_sqrt_inverse_clip3_2000_nobias/Houston_all_samples_sqrt_inverse_clip3_2000_nobias/current_h32_br-both_fu-sum_sk2_z0_D0_A-shared_n-bn_a-relu_head64_tok4_state16/run_seed0/result.json,c5eabf5c2855e01f06788cabbd11012d4e5ed6f2ca7c89b218f06cf9a7ca56ba,14075,Houston,0,,,0.9124414145717937,
architecture_19,Houston_all_samples_sqrt_inverse_clip3_2000_nobias/Houston_all_samples_sqrt_inverse_clip3_2000_nobias/current_h32_br-both_fu-sum_sk2_z0_D0_A-shared_n-bn_a-relu_head64_tok4_state16/run_seed1/result.json,f723f4d81ed79a29e45985496a9e10ec3246bc619e00fb44f55a3ba0d52840d5,14516,Houston,1,,,0.8572645930975714,
architecture_19,Houston_all_samples_sqrt_inverse_clip3_2000_nobias/Houston_all_samples_sqrt_inverse_clip3_2000_nobias/current_h32_br-both_fu-sum_sk2_z0_D0_A-shared_n-bn_a-relu_head64_tok4_state16/run_seed2/result.json,457de50d90a00c0275ff6ae7f770d8dc77930fef1492f1727a3369d993bc4f99,13793,Houston,2,,,0.9373668512995313,
architecture_19,Houston_all_samples_sqrt_inverse_clip3_2000_nobias/Houston_all_samples_sqrt_inverse_clip3_2000_nobias/current_h32_br-both_fu-sum_sk2_z0_D0_A-shared_n-bn_a-relu_head64_tok4_state16/run_seed3/result.json,5eb7103ad5efe0b69baa117473baa161192f40971c3add736be27f4215b9b6f6,14326,Houston,3,,,0.8606731998295697,
architecture_19,Houston_all_samples_sqrt_inverse_clip3_2000_nobias/Houston_all_samples_sqrt_inverse_clip3_2000_nobias/current_h32_br-both_fu-sum_sk2_z0_D0_A-shared_n-bn_a-relu_head64_tok4_state16/run_seed4/result.json,b08049188055af4569692fd30c52711a6e60829ac7d8c8326bd587757ff9b270,13831,Houston,4,,,0.8817639539838091,
architecture_19,Houston_all_samples_sqrt_inverse_clip3_2000_nobias/Houston_all_samples_sqrt_inverse_clip3_2000_nobias/current_h32_br-both_fu-sum_sk2_z0_D0_A-shared_n-bn_a-relu_head64_tok4_state16/run_seed5/result.json,831d531aea8e246e808d80f6e2d9b102106bb54a369f40775e614b0f65891acc,14712,Houston,5,,,0.8468257349808266,
architecture_19,Houston_all_samples_sqrt_inverse_clip3_2000_nobias/Houston_all_samples_sqrt_inverse_clip3_2000_nobias/current_h32_br-both_fu-sum_sk2_z0_D0_A-shared_n-bn_a-relu_head64_tok4_state16/run_seed6/result.json,1d84655b06be08fc4673791587a2465ebf40dabccc92e836bafc5c4131650782,13587,Houston,6,,,0.9122283766510438,
architecture_19,Houston_all_samples_sqrt_inverse_clip3_2000_nobias/Houston_all_samples_sqrt_inverse_clip3_2000_nobias/current_h32_br-both_fu-sum_sk2_z0_D0_A-shared_n-bn_a-relu_head64_tok4_state16/run_seed7/result.json,7ba9f7a5aa1d5d95e918c6cc2a0e7101c9a2b1e4c50abb5c0bce6b01f0cf7f3d,14233,Houston,7,,,0.9028547081380486,
architecture_19,Houston_all_samples_sqrt_inverse_clip3_2000_nobias/Houston_all_samples_sqrt_inverse_clip3_2000_nobias/current_h32_br-both_fu-sum_sk2_z0_D0_A-shared_n-bn_a-relu_head64_tok4_state16/run_seed8/result.json,727d98255826c030c327799d25e387de9d1f5df95878c1b277acf04755e5e81e,14453,Houston,8,,,0.8568385172560716,
architecture_19,Houston_all_samples_sqrt_inverse_clip3_2000_nobias/Houston_all_samples_sqrt_inverse_clip3_2000_nobias/current_h32_br-both_fu-sum_sk2_z0_D0_A-shared_n-bn_a-relu_head64_tok4_state16/run_seed9/result.json,fd14984320a2334e17247ec7cec5bb90c26eb993dc7835683c5090f643c07d80,14306,Houston,9,,,0.8457605453770771,
architecture_19,Houston_all_samples_sqrt_inverse_clip3_2000_nobias/Houston_all_samples_sqrt_inverse_clip3_2000_nobias/current_h32_br-both_fu-sum_sk2_z0_D0_A-shared_n-bn_a-relu_head64_tok4_state32/run_seed0/result.json,ee39dbb09e867a1b9f6762732c5468a17b6be1e3b644a47bb87d632454ad6095,14747,Houston,0,,,0.8493821900298253,
architecture_19,Houston_all_samples_sqrt_inverse_clip3_2000_nobias/Houston_all_samples_sqrt_inverse_clip3_2000_nobias/current_h32_br-both_fu-sum_sk2_z0_D0_A-shared_n-bn_a-relu_head64_tok4_state32/run_seed1/result.json,8b174fec1420288c4296f65e2b07f83c20df2b848f169c8ab3242115d6627285,12692,Houston,1,,,0.9230933106092885,
architecture_19,Houston_all_samples_sqrt_inverse_clip3_2000_nobias/Houston_all_samples_sqrt_inverse_clip3_2000_nobias/current_h32_br-both_fu-sum_sk2_z0_D0_A-shared_n-bn_a-relu_head64_tok4_state32/run_seed2/result.json,5e46e14206dac99d5bba88b94da85b6e78cf021591a702d36cb9ef17fd3c77a7,14499,Houston,2,,,0.927993182786536,
architecture_19,Houston_all_samples_sqrt_inverse_clip3_2000_nobias/Houston_all_samples_sqrt_inverse_clip3_2000_nobias/current_h32_br-both_fu-sum_sk2_z0_D0_A-shared_n-bn_a-relu_head64_tok4_state32/run_seed3/result.json,9c8603bcf9069ad1a416a09e187d318603401decedf372d97d0171231b2f479d,15098,Houston,3,,,0.8361738389433319,
architecture_19,Houston_all_samples_sqrt_inverse_clip3_2000_nobias/Houston_all_samples_sqrt_inverse_clip3_2000_nobias/current_h32_br-both_fu-sum_sk2_z0_D0_A-shared_n-bn_a-relu_head64_tok4_state32/run_seed4/result.json,2e4892e6265060c020ea62c52c4d395b659aafe999d50a7716e7206878232c45,14193,Houston,4,,,0.8606731998295697,
architecture_19,Houston_all_samples_sqrt_inverse_clip3_2000_nobias/Houston_all_samples_sqrt_inverse_clip3_2000_nobias/current_h32_br-both_fu-sum_sk2_z0_D0_A-shared_n-bn_a-relu_head64_tok4_state32/run_seed5/result.json,37f343ff9a72dcf7003a712f1e1e54b1240eb50ac997965dbe06dc45ff235500,13771,Houston,5,,,0.8762249680443119,
architecture_19,Houston_all_samples_sqrt_inverse_clip3_2000_nobias/Houston_all_samples_sqrt_inverse_clip3_2000_nobias/current_h32_br-both_fu-sum_sk2_z0_D0_A-shared_n-bn_a-relu_head64_tok4_state32/run_seed6/result.json,f82344dd08e97a28b30e0db9e021e94bb5880a36c56b9cd691c98998284a3268,14888,Houston,6,,,0.8826161056668087,
architecture_19,Houston_all_samples_sqrt_inverse_clip3_2000_nobias/Houston_all_samples_sqrt_inverse_clip3_2000_nobias/current_h32_br-both_fu-sum_sk2_z0_D0_A-shared_n-bn_a-relu_head64_tok4_state32/run_seed7/result.json,35676b668bb920ad80741c86405717df2e6274ff0bc2fca9a7bb194abcc2fcaf,14725,Houston,7,,,0.9064763527907967,
architecture_19,Houston_all_samples_sqrt_inverse_clip3_2000_nobias/Houston_all_samples_sqrt_inverse_clip3_2000_nobias/current_h32_br-both_fu-sum_sk2_z0_D0_A-shared_n-bn_a-relu_head64_tok4_state32/run_seed8/result.json,b78446e2c6b754162c673d744fdfc66600a4d45aedf41f7bb9e18473a0e4eec5,15097,Houston,8,,,0.8355347251810822,
architecture_19,Houston_all_samples_sqrt_inverse_clip3_2000_nobias/Houston_all_samples_sqrt_inverse_clip3_2000_nobias/current_h32_br-both_fu-sum_sk2_z0_D0_A-shared_n-bn_a-relu_head64_tok4_state32/run_seed9/result.json,db5553cc0588ba761f0a54f804010f90c4d840322c10ec92745612cdd0fc3c6b,13400,Houston,9,,,0.9277801448657861,
architecture_19,Houston_all_samples_sqrt_inverse_clip3_2000_nobias/Houston_all_samples_sqrt_inverse_clip3_2000_nobias/current_h32_br-both_fu-sum_sk2_z0_D0_A-shared_n-bn_a-relu_head64_tok4_state8/run_seed0/result.json,3e51ec4ef36f36610644cad45885b996f15c496fc0545bdec28c7eed0f99dbf9,14454,Houston,0,,,0.8628035790370686,
architecture_19,Houston_all_samples_sqrt_inverse_clip3_2000_nobias/Houston_all_samples_sqrt_inverse_clip3_2000_nobias/current_h32_br-both_fu-sum_sk2_z0_D0_A-shared_n-bn_a-relu_head64_tok4_state8/run_seed1/result.json,82b2b43a00745787155eb10ebdfefdfd1b835967cb32770773870b52dcdd2fc4,13818,Houston,1,,,0.8723902854708138,
architecture_19,Houston_all_samples_sqrt_inverse_clip3_2000_nobias/Houston_all_samples_sqrt_inverse_clip3_2000_nobias/current_h32_br-both_fu-sum_sk2_z0_D0_A-shared_n-bn_a-relu_head64_tok4_state8/run_seed2/result.json,a49d556bd4912f68468ad7a2a429bd7eeaa8b2fc18b6bd9e2834e0524dc84118,14010,Houston,2,,,0.8772901576480614,
architecture_19,Houston_all_samples_sqrt_inverse_clip3_2000_nobias/Houston_all_samples_sqrt_inverse_clip3_2000_nobias/current_h32_br-both_fu-sum_sk2_z0_D0_A-shared_n-bn_a-relu_head64_tok4_state8/run_seed3/result.json,56d96fb1ce3da3d481f7e1e39f09649d90b66e13526e68d0ebb4141af76bf980,14976,Houston,3,,,0.7882403067746059,
architecture_19,Houston_all_samples_sqrt_inverse_clip3_2000_nobias/Houston_all_samples_sqrt_inverse_clip3_2000_nobias/current_h32_br-both_fu-sum_sk2_z0_D0_A-shared_n-bn_a-relu_head64_tok4_state8/run_seed4/result.json,5b1e4ebae937104ad7600218c2eeadb3861e7cec773c4a50ef798c7976c78577,14901,Houston,4,,,0.8493821900298253,
architecture_19,Houston_all_samples_sqrt_inverse_clip3_2000_nobias/Houston_all_samples_sqrt_inverse_clip3_2000_nobias/current_h32_br-both_fu-sum_sk2_z0_D0_A-shared_n-bn_a-relu_head64_tok4_state8/run_seed5/result.json,ed7f5cbeac3192dca83027384536bb0b592d3ae8d3200b44f6056be8eec02529,14372,Houston,5,,,0.8896463570515551,
architecture_19,Houston_all_samples_sqrt_inverse_clip3_2000_nobias/Houston_all_samples_sqrt_inverse_clip3_2000_nobias/current_h32_br-both_fu-sum_sk2_z0_D0_A-shared_n-bn_a-relu_head64_tok4_state8/run_seed6/result.json,3d9deecc409fdb36939f44960c5d0405bc17c1dc0ef10c4da4e54786402b5ea3,14329,Houston,6,,,0.9092458457605453,
architecture_19,Houston_all_samples_sqrt_inverse_clip3_2000_nobias/Houston_all_samples_sqrt_inverse_clip3_2000_nobias/current_h32_br-both_fu-sum_sk2_z0_D0_A-shared_n-bn_a-relu_head64_tok4_state8/run_seed7/result.json,92888551899bae3d558390dba89ebb8ae80acc5c45cc4ce8b9cc6dcaa62fee80,14336,Houston,7,,,0.8613123135918194,
architecture_19,Houston_all_samples_sqrt_inverse_clip3_2000_nobias/Houston_all_samples_sqrt_inverse_clip3_2000_nobias/current_h32_br-both_fu-sum_sk2_z0_D0_A-shared_n-bn_a-relu_head64_tok4_state8/run_seed8/result.json,a04d777f71500f48308eafb5cef171b53d0f02ac9778ac4bdaef664bd5bd2720,14456,Houston,8,,,0.8975287601193013,
architecture_19,Houston_all_samples_sqrt_inverse_clip3_2000_nobias/Houston_all_samples_sqrt_inverse_clip3_2000_nobias/current_h32_br-both_fu-sum_sk2_z0_D0_A-shared_n-bn_a-relu_head64_tok4_state8/run_seed9/result.json,d8dc27842094b47b0e0746e343dd24dc020e43eb69b678602c80ac55b3b515ec,14565,Houston,9,,,0.8572645930975714,
architecture_19,Houston_all_samples_sqrt_inverse_clip3_2000_nobias/Houston_all_samples_sqrt_inverse_clip3_2000_nobias/current_h32_br-both_fu-sum_sk2_z0_D0_A-shared_n-bn_a-relu_head64_tok8_state16/run_seed0/result.json,0fe0394d8e484e79713e3f3eef989340860231a60d8c146c40fa06e87a6dbeb1,14034,Houston,0,,,0.8666382616105667,
architecture_19,Houston_all_samples_sqrt_inverse_clip3_2000_nobias/Houston_all_samples_sqrt_inverse_clip3_2000_nobias/current_h32_br-both_fu-sum_sk2_z0_D0_A-shared_n-bn_a-relu_head64_tok8_state16/run_seed1/result.json,9f5ce75e2e86324e44a8cced3dcd7b90445d442212c7fa869386f742843bd960,13558,Houston,1,,,0.922028121005539,
architecture_19,Houston_all_samples_sqrt_inverse_clip3_2000_nobias/Houston_all_samples_sqrt_inverse_clip3_2000_nobias/current_h32_br-both_fu-sum_sk2_z0_D0_A-shared_n-bn_a-relu_head64_tok8_state16/run_seed2/result.json,a7ddf8c5d678fd6060535d1b938755c3ee52182c6a44d48430c97aa6c34ba642,14470,Houston,2,,,0.8775031955688113,
architecture_19,Houston_all_samples_sqrt_inverse_clip3_2000_nobias/Houston_all_samples_sqrt_inverse_clip3_2000_nobias/current_h32_br-both_fu-sum_sk2_z0_D0_A-shared_n-bn_a-relu_head64_tok8_state16/run_seed3/result.json,77810d961ac169db773447edadad68c930a1ec626353747fc623d7bcb6af7145,13985,Houston,3,,,0.8977417980400512,
architecture_19,Houston_all_samples_sqrt_inverse_clip3_2000_nobias/Houston_all_samples_sqrt_inverse_clip3_2000_nobias/current_h32_br-both_fu-sum_sk2_z0_D0_A-shared_n-bn_a-relu_head64_tok8_state16/run_seed4/result.json,5bc5af84f6e59bd3f2e876a125bb20e1e7d3c582c17a1c120bbfe5f84f26cb0c,14806,Houston,4,,,0.8434171282488283,
architecture_19,Houston_all_samples_sqrt_inverse_clip3_2000_nobias/Houston_all_samples_sqrt_inverse_clip3_2000_nobias/current_h32_br-both_fu-sum_sk2_z0_D0_A-shared_n-bn_a-relu_head64_tok8_state16/run_seed5/result.json,7a61d9ab4b013df93f8e9c66d01a38493841bd62ff35f498fa303f0647ef5086,14204,Houston,5,,,0.8625905411163187,
architecture_19,Houston_all_samples_sqrt_inverse_clip3_2000_nobias/Houston_all_samples_sqrt_inverse_clip3_2000_nobias/current_h32_br-both_fu-sum_sk2_z0_D0_A-shared_n-bn_a-relu_head64_tok8_state16/run_seed6/result.json,4211c5a8621db7f9e9cd392d91cdbc9c73692062768e4ea40b388742f799e067,14319,Houston,6,,,0.878142309331061,
architecture_19,Houston_all_samples_sqrt_inverse_clip3_2000_nobias/Houston_all_samples_sqrt_inverse_clip3_2000_nobias/current_h32_br-both_fu-sum_sk2_z0_D0_A-shared_n-bn_a-relu_head64_tok8_state16/run_seed7/result.json,e51d3ae7a695cde4796c06ea3d4683273419ebced9a8527d27696d0a51d82f60,14772,Houston,7,,,0.8713250958670643,
architecture_19,Houston_all_samples_sqrt_inverse_clip3_2000_nobias/Houston_all_samples_sqrt_inverse_clip3_2000_nobias/current_h32_br-both_fu-sum_sk2_z0_D0_A-shared_n-bn_a-relu_head64_tok8_state16/run_seed8/result.json,2c10e93ce7b8869dcb3dd2de26e7c1de48238714a6f530a3576d32f257254093,14163,Houston,8,,,0.8971026842778015,
architecture_19,Houston_all_samples_sqrt_inverse_clip3_2000_nobias/Houston_all_samples_sqrt_inverse_clip3_2000_nobias/current_h32_br-both_fu-sum_sk2_z0_D0_A-shared_n-bn_a-relu_head64_tok8_state16/run_seed9/result.json,4ae5d19a33b19bc70b39ab3edd53c47b83a86a1c473c9b5b54820ef0d55e8613,14704,Houston,9,,,0.8766510438858117,
architecture_19,Houston_all_samples_sqrt_inverse_clip3_2000_nobias/Houston_all_samples_sqrt_inverse_clip3_2000_nobias/current_h32_br-both_fu-sum_sk2_z0_D0_A-shared_n-bn_a-silu_head64_tok4_state16/run_seed0/result.json,f223143c01fa98c474df0e22ba7499899294fce4f4beb5a3856d9d6a89bfb7a6,15394,Houston,0,,,0.8717511717085641,
architecture_19,Houston_all_samples_sqrt_inverse_clip3_2000_nobias/Houston_all_samples_sqrt_inverse_clip3_2000_nobias/current_h32_br-both_fu-sum_sk2_z0_D0_A-shared_n-bn_a-silu_head64_tok4_state16/run_seed1/result.json,247aadf391b0165613b7b527c53d3ba4d1058ed5ee0b15d6738c02826168053e,15184,Houston,1,,,0.8711120579463144,
architecture_19,Houston_all_samples_sqrt_inverse_clip3_2000_nobias/Houston_all_samples_sqrt_inverse_clip3_2000_nobias/current_h32_br-both_fu-sum_sk2_z0_D0_A-shared_n-bn_a-silu_head64_tok4_state16/run_seed2/result.json,c8a5363f7a24685768d420d12aac843e8209ce7a4574491083a2fd5b0a86177a,14514,Houston,2,,,0.8828291435875586,
architecture_19,Houston_all_samples_sqrt_inverse_clip3_2000_nobias/Houston_all_samples_sqrt_inverse_clip3_2000_nobias/current_h32_br-both_fu-sum_sk2_z0_D0_A-shared_n-bn_a-silu_head64_tok4_state16/run_seed3/result.json,cc8db2cb97ec98cc2e90e8f5b938067eb1f78e0a3cb9ec87d05c3650ea2c20f0,14688,Houston,3,,,0.8751597784405625,
architecture_19,Houston_all_samples_sqrt_inverse_clip3_2000_nobias/Houston_all_samples_sqrt_inverse_clip3_2000_nobias/current_h32_br-both_fu-sum_sk2_z0_D0_A-shared_n-bn_a-silu_head64_tok4_state16/run_seed4/result.json,b73cacb279e8908d4d615d087cc0772ed63cee4a018654772fe29e593f6ae59c,15049,Houston,4,,,0.8615253515125693,
architecture_19,Houston_all_samples_sqrt_inverse_clip3_2000_nobias/Houston_all_samples_sqrt_inverse_clip3_2000_nobias/current_h32_br-both_fu-sum_sk2_z0_D0_A-shared_n-bn_a-silu_head64_tok4_state16/run_seed5/result.json,6f79f50446156db54a629db548f028aa975632eafa9ae2ef0fe459319687a002,13762,Houston,5,,,0.9209629314017895,
architecture_19,Houston_all_samples_sqrt_inverse_clip3_2000_nobias/Houston_all_samples_sqrt_inverse_clip3_2000_nobias/current_h32_br-both_fu-sum_sk2_z0_D0_A-shared_n-bn_a-silu_head64_tok4_state16/run_seed6/result.json,16e220157ad213091437958538436f7ec9e60895e839ea6b8665100a6c5b7fb7,13796,Houston,6,,,0.8574776310183213,
architecture_19,Houston_all_samples_sqrt_inverse_clip3_2000_nobias/Houston_all_samples_sqrt_inverse_clip3_2000_nobias/current_h32_br-both_fu-sum_sk2_z0_D0_A-shared_n-bn_a-silu_head64_tok4_state16/run_seed7/result.json,1201d0290faf53d08420a00b440c263d334821897def35232bb94ce35c8a77ce,15221,Houston,7,,,0.8664252236898168,
architecture_19,Houston_all_samples_sqrt_inverse_clip3_2000_nobias/Houston_all_samples_sqrt_inverse_clip3_2000_nobias/current_h32_br-both_fu-sum_sk2_z0_D0_A-shared_n-bn_a-silu_head64_tok4_state16/run_seed8/result.json,ccffed6bb0bf0e5320a22472e163d368eb8a928c6fe8beb38e477cc3bb7fdda5,15168,Houston,8,,,0.8393694077545804,
architecture_19,Houston_all_samples_sqrt_inverse_clip3_2000_nobias/Houston_all_samples_sqrt_inverse_clip3_2000_nobias/current_h32_br-both_fu-sum_sk2_z0_D0_A-shared_n-bn_a-silu_head64_tok4_state16/run_seed9/result.json,6b5a6e52c38a223139b2f8ac6d4582740212ed3568f38f50b5bb71a92bd82294,14911,Houston,9,,,0.8711120579463144,
architecture_19,Houston_all_samples_sqrt_inverse_clip3_2000_nobias/Houston_all_samples_sqrt_inverse_clip3_2000_nobias/current_h32_br-both_fu-sum_sk2_z0_D0_A-shared_n-gn_a-relu_head64_tok4_state16/run_seed0/result.json,405f604d108d103d224dd75307b92b50aa4e2e3697d1da45a92ef55aecc4c523,16323,Houston,0,,,0.7057946314443971,
architecture_19,Houston_all_samples_sqrt_inverse_clip3_2000_nobias/Houston_all_samples_sqrt_inverse_clip3_2000_nobias/current_h32_br-both_fu-sum_sk2_z0_D0_A-shared_n-gn_a-relu_head64_tok4_state16/run_seed1/result.json,82e13c2ef11cd443d6b4db05de9996d65e89ace2a765715935965f0d9d20ec4a,16233,Houston,1,,,0.730080954409885,
architecture_19,Houston_all_samples_sqrt_inverse_clip3_2000_nobias/Houston_all_samples_sqrt_inverse_clip3_2000_nobias/current_h32_br-both_fu-sum_sk2_z0_D0_A-shared_n-gn_a-relu_head64_tok4_state16/run_seed2/result.json,1e5e43ccf6b5ce784d2f99caa65eb6a7792f440970b71b49b4410a3aca7d61b0,16467,Houston,2,,,0.7147422241158926,
architecture_19,Houston_all_samples_sqrt_inverse_clip3_2000_nobias/Houston_all_samples_sqrt_inverse_clip3_2000_nobias/current_h32_br-both_fu-sum_sk2_z0_D0_A-shared_n-gn_a-relu_head64_tok4_state16/run_seed3/result.json,44b45efe96d62cbb4fa6d3910708f983a3b493dc3924e9bb4c142f5d6873cdda,16083,Houston,3,,,0.6851299531316575,
architecture_19,Houston_all_samples_sqrt_inverse_clip3_2000_nobias/Houston_all_samples_sqrt_inverse_clip3_2000_nobias/current_h32_br-both_fu-sum_sk2_z0_D0_A-shared_n-gn_a-relu_head64_tok4_state16/run_seed4/result.json,cce918e9347c60ebc81e875e6ba5d294599c725684fdbd06be15fc7158e6b88d,15961,Houston,4,,,0.7673625905411163,
architecture_19,Houston_all_samples_sqrt_inverse_clip3_2000_nobias/Houston_all_samples_sqrt_inverse_clip3_2000_nobias/current_h32_br-both_fu-sum_sk2_z0_D0_A-shared_n-gn_a-relu_head64_tok4_state16/run_seed5/result.json,ed307bc1e01cf8e9f5db1497f59975195b501c500efe2b744acfaf2df0d4d650,16086,Houston,5,,,0.7458457605453771,
architecture_19,Houston_all_samples_sqrt_inverse_clip3_2000_nobias/Houston_all_samples_sqrt_inverse_clip3_2000_nobias/current_h32_br-both_fu-sum_sk2_z0_D0_A-shared_n-gn_a-relu_head64_tok4_state16/run_seed6/result.json,aa8ef7093343ad5cd19ee6073e492272b96b754533fb6af0dd967ccb3d063925,16268,Houston,6,,,0.704090328078398,
architecture_19,Houston_all_samples_sqrt_inverse_clip3_2000_nobias/Houston_all_samples_sqrt_inverse_clip3_2000_nobias/current_h32_br-both_fu-sum_sk2_z0_D0_A-shared_n-gn_a-relu_head64_tok4_state16/run_seed7/result.json,7926bf5d8f58a83aae6a6bd3ac60d1124da8f2b586dbb2d4a22d575d5912ad99,16262,Houston,7,,,0.706007669365147,
architecture_19,Houston_all_samples_sqrt_inverse_clip3_2000_nobias/Houston_all_samples_sqrt_inverse_clip3_2000_nobias/current_h32_br-both_fu-sum_sk2_z0_D0_A-shared_n-gn_a-relu_head64_tok4_state16/run_seed8/result.json,62a1c7758499806aa19bab7d8920af6ac3f01e73c854886b44ec58f894e45401,16199,Houston,8,,,0.7066467831273967,
architecture_19,Houston_all_samples_sqrt_inverse_clip3_2000_nobias/Houston_all_samples_sqrt_inverse_clip3_2000_nobias/current_h32_br-both_fu-sum_sk2_z0_D0_A-shared_n-gn_a-relu_head64_tok4_state16/run_seed9/result.json,18ff52e93e8bf94e31d9616ca832cc0734f25c89086c3e63155f4f612cfd1920,16073,Houston,9,,,0.7437153813378782,
architecture_19,Houston_all_samples_sqrt_inverse_clip3_2000_nobias/Houston_all_samples_sqrt_inverse_clip3_2000_nobias/current_h32_br-both_fu-sum_sk2_z0_D0_A-shared_n-gn_a-silu_head64_tok4_state16/run_seed0/result.json,a20a6db46ed1c0b367c21c64d77c184f28539e58cfa92fc7a467f284e96fc26a,16631,Houston,0,,,0.7192160204516403,
architecture_19,Houston_all_samples_sqrt_inverse_clip3_2000_nobias/Houston_all_samples_sqrt_inverse_clip3_2000_nobias/current_h32_br-both_fu-sum_sk2_z0_D0_A-shared_n-gn_a-silu_head64_tok4_state16/run_seed1/result.json,0fb57f2299005dc77d1ef5d37df09129f156ee4abc69114a07a7291c1894e58f,15937,Houston,1,,,0.7196420962931401,
architecture_19,Houston_all_samples_sqrt_inverse_clip3_2000_nobias/Houston_all_samples_sqrt_inverse_clip3_2000_nobias/current_h32_br-both_fu-sum_sk2_z0_D0_A-shared_n-gn_a-silu_head64_tok4_state16/run_seed2/result.json,5792f3bd1867d8ab67ae8ae87235e14f638c4d24b2e2c7d7cbf1f23431484a16,16297,Houston,2,,,0.7262462718363869,
architecture_19,Houston_all_samples_sqrt_inverse_clip3_2000_nobias/Houston_all_samples_sqrt_inverse_clip3_2000_nobias/current_h32_br-both_fu-sum_sk2_z0_D0_A-shared_n-gn_a-silu_head64_tok4_state16/run_seed3/result.json,0548a18c636ce126a6aae3820e27a93c9fcd9fee88d802475e40b6ecfeb24861,16539,Houston,3,,,0.7356199403493822,
architecture_19,Houston_all_samples_sqrt_inverse_clip3_2000_nobias/Houston_all_samples_sqrt_inverse_clip3_2000_nobias/current_h32_br-both_fu-sum_sk2_z0_D0_A-shared_n-gn_a-silu_head64_tok4_state16/run_seed4/result.json,a46c3e4faa79d2867713dc45c201719dccc144b48685d476a701dbcb9a65d56e,15732,Houston,4,,,0.7411589262888795,
architecture_19,Houston_all_samples_sqrt_inverse_clip3_2000_nobias/Houston_all_samples_sqrt_inverse_clip3_2000_nobias/current_h32_br-both_fu-sum_sk2_z0_D0_A-shared_n-gn_a-silu_head64_tok4_state16/run_seed5/result.json,4919b24dc84c3d75b19e590beaf64bf0ef51836538d388d738e7318cbb0434e1,16119,Houston,5,,,0.7337025990626331,
architecture_19,Houston_all_samples_sqrt_inverse_clip3_2000_nobias/Houston_all_samples_sqrt_inverse_clip3_2000_nobias/current_h32_br-both_fu-sum_sk2_z0_D0_A-shared_n-gn_a-silu_head64_tok4_state16/run_seed6/result.json,dd8e36960afca3ea9fed82b65f9bb1cb78b35cc0e5a5e10007153bc12ef5f3bd,16125,Houston,6,,,0.7111205794631444,
architecture_19,Houston_all_samples_sqrt_inverse_clip3_2000_nobias/Houston_all_samples_sqrt_inverse_clip3_2000_nobias/current_h32_br-both_fu-sum_sk2_z0_D0_A-shared_n-gn_a-silu_head64_tok4_state16/run_seed7/result.json,3b710f0702550f9b0bc59915b190df696256060a76be300e6ceb9d6b736fcddc,16295,Houston,7,,,0.7275244993608863,
architecture_19,Houston_all_samples_sqrt_inverse_clip3_2000_nobias/Houston_all_samples_sqrt_inverse_clip3_2000_nobias/current_h32_br-both_fu-sum_sk2_z0_D0_A-shared_n-gn_a-silu_head64_tok4_state16/run_seed8/result.json,0ad43718ea9e756e1905d057a62f6ae709fa6333504e37a938d0fdbb278efad2,15954,Houston,8,,,0.6898167873881551,
architecture_19,Houston_all_samples_sqrt_inverse_clip3_2000_nobias/Houston_all_samples_sqrt_inverse_clip3_2000_nobias/current_h32_br-both_fu-sum_sk2_z0_D0_A-shared_n-gn_a-silu_head64_tok4_state16/run_seed9/result.json,796cadc8b7bbe343d2c875fc2547fe87e317f1c864f7cd4f3eceebcc2dad69e3,16118,Houston,9,,,0.7098423519386451,
architecture_19,Houston_all_samples_sqrt_inverse_clip3_2000_nobias/Houston_all_samples_sqrt_inverse_clip3_2000_nobias/current_h32_br-both_fu-sum_sk2_z0_D1_A-shared_n-bn_a-relu_head64_tok4_state16/run_seed0/result.json,5c77e492b93647a125ce7af4840df9d58b22a3435d7152a418edb74e0ecd99bc,13793,Houston,0,,,0.9431188751597784,
architecture_19,Houston_all_samples_sqrt_inverse_clip3_2000_nobias/Houston_all_samples_sqrt_inverse_clip3_2000_nobias/current_h32_br-both_fu-sum_sk2_z0_D1_A-shared_n-bn_a-relu_head64_tok4_state16/run_seed1/result.json,0ccc6970773178319512d74970b4484753570e843eba1af2350c546911c9fa21,13990,Houston,1,,,0.9322539412015338,
architecture_19,Houston_all_samples_sqrt_inverse_clip3_2000_nobias/Houston_all_samples_sqrt_inverse_clip3_2000_nobias/current_h32_br-both_fu-sum_sk2_z0_D1_A-shared_n-bn_a-relu_head64_tok4_state16/run_seed2/result.json,f64fb550fcc44a6ee96b706b088aced7709f3b9b02029fe60a639d96227e7371,13247,Houston,2,,,0.9271410311035364,
architecture_19,Houston_all_samples_sqrt_inverse_clip3_2000_nobias/Houston_all_samples_sqrt_inverse_clip3_2000_nobias/current_h32_br-both_fu-sum_sk2_z0_D1_A-shared_n-bn_a-relu_head64_tok4_state16/run_seed3/result.json,f5c1dabf459bc503cc8c44af9565a37a3a5e5bffd3ce8813459700fca0aa2c2b,14067,Houston,3,,,0.9169152109075416,
architecture_19,Houston_all_samples_sqrt_inverse_clip3_2000_nobias/Houston_all_samples_sqrt_inverse_clip3_2000_nobias/current_h32_br-both_fu-sum_sk2_z0_D1_A-shared_n-bn_a-relu_head64_tok4_state16/run_seed4/result.json,a4287267c253de2a189330e6714756f4aaae0b2ee4c2d9de7b96eb65ed704009,14127,Houston,4,,,0.9461014060502769,
architecture_19,Houston_all_samples_sqrt_inverse_clip3_2000_nobias/Houston_all_samples_sqrt_inverse_clip3_2000_nobias/current_h32_br-both_fu-sum_sk2_z0_D1_A-shared_n-bn_a-relu_head64_tok4_state16/run_seed5/result.json,3c8b0f60442693edb5bd363a1641f83f3faea155fd60bcbb52697996c13dc7d3,14149,Houston,5,,,0.9267149552620366,
architecture_19,Houston_all_samples_sqrt_inverse_clip3_2000_nobias/Houston_all_samples_sqrt_inverse_clip3_2000_nobias/current_h32_br-both_fu-sum_sk2_z0_D1_A-shared_n-bn_a-relu_head64_tok4_state16/run_seed6/result.json,83a53e8e327d7ea5ab3eb16bc327534511714464b016edaa9c214ec74bf1e402,14022,Houston,6,,,0.9463144439710268,
architecture_19,Houston_all_samples_sqrt_inverse_clip3_2000_nobias/Houston_all_samples_sqrt_inverse_clip3_2000_nobias/current_h32_br-both_fu-sum_sk2_z0_D1_A-shared_n-bn_a-relu_head64_tok4_state16/run_seed7/result.json,06741c32c81666d9fc2ce08ec4e64e42f0935d059a9ba0ee82dcf13b4fd5434a,13943,Houston,7,,,0.9254367277375373,
architecture_19,Houston_all_samples_sqrt_inverse_clip3_2000_nobias/Houston_all_samples_sqrt_inverse_clip3_2000_nobias/current_h32_br-both_fu-sum_sk2_z0_D1_A-shared_n-bn_a-relu_head64_tok4_state16/run_seed8/result.json,e3e8f4a75a86a95ceb20824e726f9f3b7ecbeb6a1466010ac3b47b4f811a9f48,13619,Houston,8,,,0.9307626757562846,
architecture_19,Houston_all_samples_sqrt_inverse_clip3_2000_nobias/Houston_all_samples_sqrt_inverse_clip3_2000_nobias/current_h32_br-both_fu-sum_sk2_z0_D1_A-shared_n-bn_a-relu_head64_tok4_state16/run_seed9/result.json,b255e2c1ddd6d54bc6b07c6c4dc111a722db33315c941fef5e44cc93ee074b49,13436,Houston,9,,,0.9367277375372817,
architecture_19,Houston_all_samples_sqrt_inverse_clip3_2000_nobias/Houston_all_samples_sqrt_inverse_clip3_2000_nobias/current_h32_br-both_fu-sum_sk2_z1_D0_A-shared_n-bn_a-relu_head64_tok4_state16/run_seed0/result.json,ed0ad3bc4bce9e05748a517e30210a7fef6e92857981c2184bfd4065bc28daa4,14108,Houston,0,,,0.931827865360034,
architecture_19,Houston_all_samples_sqrt_inverse_clip3_2000_nobias/Houston_all_samples_sqrt_inverse_clip3_2000_nobias/current_h32_br-both_fu-sum_sk2_z1_D0_A-shared_n-bn_a-relu_head64_tok4_state16/run_seed1/result.json,a882ae2dfde1e38faa576c215bbfee523f785b1abd9d01979515976df7eb35d8,13755,Houston,1,,,0.8855986365573072,
architecture_19,Houston_all_samples_sqrt_inverse_clip3_2000_nobias/Houston_all_samples_sqrt_inverse_clip3_2000_nobias/current_h32_br-both_fu-sum_sk2_z1_D0_A-shared_n-bn_a-relu_head64_tok4_state16/run_seed2/result.json,1bb05d6a53553a992383f732a627384394ac359c4369edbbf8468e55c8d8659b,14272,Houston,2,,,0.8649339582445675,
architecture_19,Houston_all_samples_sqrt_inverse_clip3_2000_nobias/Houston_all_samples_sqrt_inverse_clip3_2000_nobias/current_h32_br-both_fu-sum_sk2_z1_D0_A-shared_n-bn_a-relu_head64_tok4_state16/run_seed3/result.json,f742e27cf5566be5774335513c99bb877f9643e9fe9b85c34650edea2ecd87c6,12511,Houston,3,,,0.9282062207072859,
architecture_19,Houston_all_samples_sqrt_inverse_clip3_2000_nobias/Houston_all_samples_sqrt_inverse_clip3_2000_nobias/current_h32_br-both_fu-sum_sk2_z1_D0_A-shared_n-bn_a-relu_head64_tok4_state16/run_seed4/result.json,952240732e9ccb34ee36168718b54be751a0c5f73bf9a18fdecf76af56d8cdb5,14069,Houston,4,,,0.8743076267575628,
architecture_19,Houston_all_samples_sqrt_inverse_clip3_2000_nobias/Houston_all_samples_sqrt_inverse_clip3_2000_nobias/current_h32_br-both_fu-sum_sk2_z1_D0_A-shared_n-bn_a-relu_head64_tok4_state16/run_seed5/result.json,7d80701156034191977c7ebebb58a2971c81358b5ab8c6a74596ee7dc7d0755a,13981,Houston,5,,,0.9431188751597784,
architecture_19,Houston_all_samples_sqrt_inverse_clip3_2000_nobias/Houston_all_samples_sqrt_inverse_clip3_2000_nobias/current_h32_br-both_fu-sum_sk2_z1_D0_A-shared_n-bn_a-relu_head64_tok4_state16/run_seed6/result.json,de7c2da1ee4b0b3c3d82938e3808345ede92b59cd71ac68461e9400d7b0c4303,14345,Houston,6,,,0.9049850873455475,
architecture_19,Houston_all_samples_sqrt_inverse_clip3_2000_nobias/Houston_all_samples_sqrt_inverse_clip3_2000_nobias/current_h32_br-both_fu-sum_sk2_z1_D0_A-shared_n-bn_a-relu_head64_tok4_state16/run_seed7/result.json,95cde796bf2afd532b1096cfebdb1211a65beb54953a261717ac79d9b80268de,14711,Houston,7,,,0.8704729441840647,
architecture_19,Houston_all_samples_sqrt_inverse_clip3_2000_nobias/Houston_all_samples_sqrt_inverse_clip3_2000_nobias/current_h32_br-both_fu-sum_sk2_z1_D0_A-shared_n-bn_a-relu_head64_tok4_state16/run_seed8/result.json,561d82675fd2b41f24a5a4240a7b78cfb0dfe4d7027b1e6b0a3e089e7a6456b5,14533,Houston,8,,,0.8466126970600767,
architecture_19,Houston_all_samples_sqrt_inverse_clip3_2000_nobias/Houston_all_samples_sqrt_inverse_clip3_2000_nobias/current_h32_br-both_fu-sum_sk2_z1_D0_A-shared_n-bn_a-relu_head64_tok4_state16/run_seed9/result.json,9a34eeef097f71b2566563abaf8e216f9e719f00db075a5aee5b5c749254b18c,13799,Houston,9,,,0.9233063485300383,
architecture_19,Houston_all_samples_sqrt_inverse_clip3_2000_nobias/Houston_all_samples_sqrt_inverse_clip3_2000_nobias/current_h32_br-both_fu-sum_sk2_z1_D1_A-shared_n-bn_a-relu_head64_tok4_state16/run_seed0/result.json,bd4bbc386c048ad4a709e991e25e1237d042e0317c738594a0a5cbb041112c6a,14866,Houston,0,,,0.9058372390285471,
architecture_19,Houston_all_samples_sqrt_inverse_clip3_2000_nobias/Houston_all_samples_sqrt_inverse_clip3_2000_nobias/current_h32_br-both_fu-sum_sk2_z1_D1_A-shared_n-bn_a-relu_head64_tok4_state16/run_seed1/result.json,63d700b086fd3c818949a3afb9efddd7d5eacce5546e313e0303a58ceac2b126,13461,Houston,1,,,0.9322539412015338,
architecture_19,Houston_all_samples_sqrt_inverse_clip3_2000_nobias/Houston_all_samples_sqrt_inverse_clip3_2000_nobias/current_h32_br-both_fu-sum_sk2_z1_D1_A-shared_n-bn_a-relu_head64_tok4_state16/run_seed2/result.json,5ec3bd887dff38b22288df048a4faf92df3e1eeb72bf91f2f2ea09a0a817003c,13432,Houston,2,,,0.9405624201107797,
architecture_19,Houston_all_samples_sqrt_inverse_clip3_2000_nobias/Houston_all_samples_sqrt_inverse_clip3_2000_nobias/current_h32_br-both_fu-sum_sk2_z1_D1_A-shared_n-bn_a-relu_head64_tok4_state16/run_seed3/result.json,1de5427c0efd3a61cbb3c448acc0944dbc8087f101c2bfb5a4011f6be2ac0f46,13398,Houston,3,,,0.9484448231785257,
architecture_19,Houston_all_samples_sqrt_inverse_clip3_2000_nobias/Houston_all_samples_sqrt_inverse_clip3_2000_nobias/current_h32_br-both_fu-sum_sk2_z1_D1_A-shared_n-bn_a-relu_head64_tok4_state16/run_seed4/result.json,ea5daa7f139b49b0a7a5f7e7f6273b98ecc477d93178ac35d3573f4973578441,14199,Houston,4,,,0.8913506604175543,
architecture_19,Houston_all_samples_sqrt_inverse_clip3_2000_nobias/Houston_all_samples_sqrt_inverse_clip3_2000_nobias/current_h32_br-both_fu-sum_sk2_z1_D1_A-shared_n-bn_a-relu_head64_tok4_state16/run_seed5/result.json,2830a1c77242f61d184efd5a4b38fe4eea3ffbc0e7675d9c8e4e49ab59d0203c,13453,Houston,5,,,0.9452492543672774,
architecture_19,Houston_all_samples_sqrt_inverse_clip3_2000_nobias/Houston_all_samples_sqrt_inverse_clip3_2000_nobias/current_h32_br-both_fu-sum_sk2_z1_D1_A-shared_n-bn_a-relu_head64_tok4_state16/run_seed6/result.json,d5c14fd08d36a3b2d149bcb02eb6a28ed08fef278e935faa525f804ce64fb9fe,13017,Houston,6,,,0.9103110353642948,
architecture_19,Houston_all_samples_sqrt_inverse_clip3_2000_nobias/Houston_all_samples_sqrt_inverse_clip3_2000_nobias/current_h32_br-both_fu-sum_sk2_z1_D1_A-shared_n-bn_a-relu_head64_tok4_state16/run_seed7/result.json,1ae1749cbf03f4b8b0f4dfe977312c16ca6d5c51bc6dd70695d2a27ab3c1e221,14188,Houston,7,,,0.8964635705155518,
architecture_19,Houston_all_samples_sqrt_inverse_clip3_2000_nobias/Houston_all_samples_sqrt_inverse_clip3_2000_nobias/current_h32_br-both_fu-sum_sk2_z1_D1_A-shared_n-bn_a-relu_head64_tok4_state16/run_seed8/result.json,6daee455c6e9c8551a3e01445ee76b34a0fdc2ae72158ff0fca6aa53e1d563ab,13689,Houston,8,,,0.9311887515977844,
architecture_19,Houston_all_samples_sqrt_inverse_clip3_2000_nobias/Houston_all_samples_sqrt_inverse_clip3_2000_nobias/current_h32_br-both_fu-sum_sk2_z1_D1_A-shared_n-bn_a-relu_head64_tok4_state16/run_seed9/result.json,c885edfb25f3a68c5ffd05730931b0f8c7692f6700972cb2d970ba8c4853710e,14694,Houston,9,,,0.9228802726885386,
architecture_19,Houston_all_samples_sqrt_inverse_clip3_2000_nobias/Houston_all_samples_sqrt_inverse_clip3_2000_nobias/original_safe_h64_br-both_fu-softmax_sk2_z1_D1_A-per_channel_n-gn_a-silu_head128_tok4_state16/run_seed0/result.json,86f5f1b9382e3ce2adbc14fcf9a47bfe07fd568d6eddc5034d3c8b8c82c4844c,16231,Houston,0,,,0.7315722198551342,
architecture_19,Houston_all_samples_sqrt_inverse_clip3_2000_nobias/Houston_all_samples_sqrt_inverse_clip3_2000_nobias/original_safe_h64_br-both_fu-softmax_sk2_z1_D1_A-per_channel_n-gn_a-silu_head128_tok4_state16/run_seed1/result.json,160f29d3eccb6bbc730e2c75ace277da77f9f993232d7a9d2d21425a138f891d,15877,Houston,1,,,0.7816361312313592,
architecture_19,Houston_all_samples_sqrt_inverse_clip3_2000_nobias/Houston_all_samples_sqrt_inverse_clip3_2000_nobias/original_safe_h64_br-both_fu-softmax_sk2_z1_D1_A-per_channel_n-gn_a-silu_head128_tok4_state16/run_seed2/result.json,b36074e00c7d62621c1718fd47003503e0e576852068a9d87e3f34c0bd3c17f7,15534,Houston,2,,,0.8046442266723477,
architecture_19,Houston_all_samples_sqrt_inverse_clip3_2000_nobias/Houston_all_samples_sqrt_inverse_clip3_2000_nobias/original_safe_h64_br-both_fu-softmax_sk2_z1_D1_A-per_channel_n-gn_a-silu_head128_tok4_state16/run_seed3/result.json,1fc73f8784aee7d9b6a5b8bd57edf0f0e2fde37297f3a99e7a0ca99ca50e8057,15714,Houston,3,,,0.782062207072859,
architecture_19,Houston_all_samples_sqrt_inverse_clip3_2000_nobias/Houston_all_samples_sqrt_inverse_clip3_2000_nobias/original_safe_h64_br-both_fu-softmax_sk2_z1_D1_A-per_channel_n-gn_a-silu_head128_tok4_state16/run_seed4/result.json,03dacb38ac012251ea93441d7b46c06654251ecffe450722080c081d6cdc3f2a,15880,Houston,4,,,0.7746058798466127,
architecture_19,Houston_all_samples_sqrt_inverse_clip3_2000_nobias/Houston_all_samples_sqrt_inverse_clip3_2000_nobias/original_safe_h64_br-both_fu-softmax_sk2_z1_D1_A-per_channel_n-gn_a-silu_head128_tok4_state16/run_seed5/result.json,1627d917f2158e02417d2a87c96f567cd98b00f1bc6dc623d452df8bafe7a5fb,16062,Houston,5,,,0.7991052407328505,
architecture_19,Houston_all_samples_sqrt_inverse_clip3_2000_nobias/Houston_all_samples_sqrt_inverse_clip3_2000_nobias/original_safe_h64_br-both_fu-softmax_sk2_z1_D1_A-per_channel_n-gn_a-silu_head128_tok4_state16/run_seed6/result.json,180ead689bdb20ede98073971e9419e4f299934a1ab303a53b98a2b35efae014,15709,Houston,6,,,0.724115892628888,
architecture_19,Houston_all_samples_sqrt_inverse_clip3_2000_nobias/Houston_all_samples_sqrt_inverse_clip3_2000_nobias/original_safe_h64_br-both_fu-softmax_sk2_z1_D1_A-per_channel_n-gn_a-silu_head128_tok4_state16/run_seed7/result.json,cb3df21b4951b832965ce46bfb91b58a0a913934e6608ee91bcffba9b0a49508,16024,Houston,7,,,0.7818491691521091,
architecture_19,Houston_all_samples_sqrt_inverse_clip3_2000_nobias/Houston_all_samples_sqrt_inverse_clip3_2000_nobias/original_safe_h64_br-both_fu-softmax_sk2_z1_D1_A-per_channel_n-gn_a-silu_head128_tok4_state16/run_seed8/result.json,346ce6d1157eb625f7e66c92b727f76ec3abce2b89ad44002be5ed20c85b0cdc,15337,Houston,8,,,0.7645930975713677,
architecture_19,Houston_all_samples_sqrt_inverse_clip3_2000_nobias/Houston_all_samples_sqrt_inverse_clip3_2000_nobias/original_safe_h64_br-both_fu-softmax_sk2_z1_D1_A-per_channel_n-gn_a-silu_head128_tok4_state16/run_seed9/result.json,ab46e0ad7cecd8abd42d75b70b0d9f53f4d7b68d203a0275624d9198045d169a,15881,Houston,9,,,0.726033233915637,
architecture_19,Houston_all_samples_sqrt_inverse_clip3_2000_nobias/Houston_all_samples_sqrt_inverse_clip3_2000_nobias/original_safe_matched_h32_br-both_fu-softmax_sk2_z1_D1_A-per_channel_n-gn_a-silu_head64_tok4_state16/run_seed0/result.json,198479b3b6e0d1c29b2fce56ea2cdbca34718e776bdc1dee35352f35870ba9b3,16070,Houston,0,,,0.783979548359608,
architecture_19,Houston_all_samples_sqrt_inverse_clip3_2000_nobias/Houston_all_samples_sqrt_inverse_clip3_2000_nobias/original_safe_matched_h32_br-both_fu-softmax_sk2_z1_D1_A-per_channel_n-gn_a-silu_head64_tok4_state16/run_seed1/result.json,09498ef7e6bd0525cb6532ad5759013957ddbe35efd7b7d62da21235a4f4c241,15537,Houston,1,,,0.7682147422241159,
architecture_19,Houston_all_samples_sqrt_inverse_clip3_2000_nobias/Houston_all_samples_sqrt_inverse_clip3_2000_nobias/original_safe_matched_h32_br-both_fu-softmax_sk2_z1_D1_A-per_channel_n-gn_a-silu_head64_tok4_state16/run_seed2/result.json,029aef6efcc007baf763d9c172888394dc82fdb52975834b3648a8b1b5855188,15732,Houston,2,,,0.7709842351938645,
architecture_19,Houston_all_samples_sqrt_inverse_clip3_2000_nobias/Houston_all_samples_sqrt_inverse_clip3_2000_nobias/original_safe_matched_h32_br-both_fu-softmax_sk2_z1_D1_A-per_channel_n-gn_a-silu_head64_tok4_state16/run_seed3/result.json,a0ed447940b268a9ebc05c498ff28b7c6a9b0c42af8de65043aa596cfc2197d2,16289,Houston,3,,,0.7718363868768641,
architecture_19,Houston_all_samples_sqrt_inverse_clip3_2000_nobias/Houston_all_samples_sqrt_inverse_clip3_2000_nobias/original_safe_matched_h32_br-both_fu-softmax_sk2_z1_D1_A-per_channel_n-gn_a-silu_head64_tok4_state16/run_seed4/result.json,5581938ee58746c5e61e924a2f54afbf83ecef9e7ab1fc3ab1b8bf716b69a144,15757,Houston,4,,,0.7914358755858543,
architecture_19,Houston_all_samples_sqrt_inverse_clip3_2000_nobias/Houston_all_samples_sqrt_inverse_clip3_2000_nobias/original_safe_matched_h32_br-both_fu-softmax_sk2_z1_D1_A-per_channel_n-gn_a-silu_head64_tok4_state16/run_seed5/result.json,2b9dab4b89a88eff8d8ea176178b4ebecb3ee53d7933543f29f1e5be028670e2,16328,Houston,5,,,0.7447805709416276,
architecture_19,Houston_all_samples_sqrt_inverse_clip3_2000_nobias/Houston_all_samples_sqrt_inverse_clip3_2000_nobias/original_safe_matched_h32_br-both_fu-softmax_sk2_z1_D1_A-per_channel_n-gn_a-silu_head64_tok4_state16/run_seed6/result.json,91fa57bce5cb4d67bb47e3ecdb076136747c78e522347f595ccaea7e94bd4b96,15907,Houston,6,,,0.7554324669791223,
architecture_19,Houston_all_samples_sqrt_inverse_clip3_2000_nobias/Houston_all_samples_sqrt_inverse_clip3_2000_nobias/original_safe_matched_h32_br-both_fu-softmax_sk2_z1_D1_A-per_channel_n-gn_a-silu_head64_tok4_state16/run_seed7/result.json,18a42f12b46b64542bab3f11f85e0fdd9476603b836c3e4772c53b9f93d0a4fd,15354,Houston,7,,,0.7895185342991052,
architecture_19,Houston_all_samples_sqrt_inverse_clip3_2000_nobias/Houston_all_samples_sqrt_inverse_clip3_2000_nobias/original_safe_matched_h32_br-both_fu-softmax_sk2_z1_D1_A-per_channel_n-gn_a-silu_head64_tok4_state16/run_seed8/result.json,115562cb552f1b33c31868067d2010f4e99b6911c8850075092e4947f5a487a6,16412,Houston,8,,,0.7956966340008521,
architecture_19,Houston_all_samples_sqrt_inverse_clip3_2000_nobias/Houston_all_samples_sqrt_inverse_clip3_2000_nobias/original_safe_matched_h32_br-both_fu-softmax_sk2_z1_D1_A-per_channel_n-gn_a-silu_head64_tok4_state16/run_seed9/result.json,13d8cc7b6cca0944b9fe6bfc7bc7e9d9741fa2c6c7c5ea19a4538c62023b2346,15751,Houston,9,,,0.7381763953983809,
gpu_fp32,FPGA模拟和GPU测速和缺失的记录/gpu_current_4datasets_v2/HanChuan/seed0/batch1/gpu_batch1_benchmark_20260918_224322.json,4641111fb27d7abfb13d6ef660522408794ad83fb80e8b07444c79a16a238693,19697,HanChuan,0,,,,
gpu_fp32,FPGA模拟和GPU测速和缺失的记录/gpu_current_4datasets_v2/HanChuan/seed0/batch16/gpu_batch16_benchmark_20260918_224607.json,5305877c3cf556020560ac28b2a828bd0042ac7feca5a779138120f6b343efd2,7624,HanChuan,0,,,,
gpu_fp32,FPGA模拟和GPU测速和缺失的记录/gpu_current_4datasets_v2/HanChuan/seed0/batch2/gpu_batch2_benchmark_20260918_224438.json,11cd7237bbe3e8044648b59d6bd1fd3edf5606f5df979d316612af66bd0d5308,7612,HanChuan,0,,,,
gpu_fp32,FPGA模拟和GPU测速和缺失的记录/gpu_current_4datasets_v2/HanChuan/seed0/batch32/gpu_batch32_benchmark_20260918_224622.json,8323ad8d13a6b158a1cad57f28d2b201521c743e44375847e8742dfb12c86c84,7627,HanChuan,0,,,,
gpu_fp32,FPGA模拟和GPU测速和缺失的记录/gpu_current_4datasets_v2/HanChuan/seed0/batch4/gpu_batch4_benchmark_20260918_224522.json,4a4371b11cb24aa2e19df2fcfdbf745009253297a6247d388b967ca3fe14c073,7533,HanChuan,0,,,,
gpu_fp32,FPGA模拟和GPU测速和缺失的记录/gpu_current_4datasets_v2/HanChuan/seed0/batch64/gpu_batch64_benchmark_20260918_224634.json,17b4b09dfc57758afa96ecbe9e5a3f0e3859ba4a32d65d77d381f80b89bb49c5,7559,HanChuan,0,,,,
gpu_fp32,FPGA模拟和GPU测速和缺失的记录/gpu_current_4datasets_v2/HanChuan/seed0/batch8/gpu_batch8_benchmark_20260918_224549.json,34725231b6728f204be1e1c3da4ce0a4209abdcac076ade7e676cae86010c9bc,7578,HanChuan,0,,,,
gpu_fp32,FPGA模拟和GPU测速和缺失的记录/gpu_current_4datasets_v2/HongHu/seed0/batch1/gpu_batch1_benchmark_20260918_224915.json,a7ed7ce4ebba8e6fc75aa6fd85f82fe43fd71f603915fa552c866cfbae21af10,19668,HongHu,0,,,,
gpu_fp32,FPGA模拟和GPU测速和缺失的记录/gpu_current_4datasets_v2/HongHu/seed0/batch16/gpu_batch16_benchmark_20260918_225219.json,e894220388ba494efcdde4b23e9df35e6741e69376c8bbfbf8a0213b6d280792,7592,HongHu,0,,,,
gpu_fp32,FPGA模拟和GPU测速和缺失的记录/gpu_current_4datasets_v2/HongHu/seed0/batch2/gpu_batch2_benchmark_20260918_225040.json,23594ec751ece021889b5122b613f4e1eed157692c56e708a804f85c5d464b7c,7589,HongHu,0,,,,
gpu_fp32,FPGA模拟和GPU测速和缺失的记录/gpu_current_4datasets_v2/HongHu/seed0/batch32/gpu_batch32_benchmark_20260918_225236.json,5e7cce562b9c61eb0df967c93f4849b6ca811e20e28aba3a4c07f1ccaba7d439,7619,HongHu,0,,,,
gpu_fp32,FPGA模拟和GPU测速和缺失的记录/gpu_current_4datasets_v2/HongHu/seed0/batch4/gpu_batch4_benchmark_20260918_225127.json,b47b8092cbb7ac46ea7760826a694f852a26a340b1f2f9514571e8be56aa5016,7523,HongHu,0,,,,
gpu_fp32,FPGA模拟和GPU测速和缺失的记录/gpu_current_4datasets_v2/HongHu/seed0/batch64/gpu_batch64_benchmark_20260918_225252.json,a077e5ca5cff44d0d0d1e4bd66a3275ba262c0b627cf6e245951168d2015c1e1,7608,HongHu,0,,,,
gpu_fp32,FPGA模拟和GPU测速和缺失的记录/gpu_current_4datasets_v2/HongHu/seed0/batch8/gpu_batch8_benchmark_20260918_225158.json,e0c9082732fb2c7430651708e768cdb3a01ce6190dff2dc381be743e55c7b791,7574,HongHu,0,,,,
gpu_fp32,FPGA模拟和GPU测速和缺失的记录/gpu_current_4datasets_v2/Houston/seed0/batch1/gpu_batch1_benchmark_20260918_225641.json,ac26d025de66f751bc0d0d6a5dec1d6134ffb39ce3d8be4165d22eeabf8a1547,19654,Houston,0,,,,
gpu_fp32,FPGA模拟和GPU测速和缺失的记录/gpu_current_4datasets_v2/Houston/seed0/batch16/gpu_batch16_benchmark_20260918_230059.json,77c284a4afc1ef11dc901373d36ef9111020a30f8b89e2037a7870de3298e0a5,7562,Houston,0,,,,
gpu_fp32,FPGA模拟和GPU测速和缺失的记录/gpu_current_4datasets_v2/Houston/seed0/batch2/gpu_batch2_benchmark_20260918_225848.json,1c219ad8746afac60b816f9e6e832893f2ae2f9a010e11ef04e263524f0175b5,7552,Houston,0,,,,
gpu_fp32,FPGA模拟和GPU测速和缺失的记录/gpu_current_4datasets_v2/Houston/seed0/batch32/gpu_batch32_benchmark_20260918_230118.json,7c67480ac9f6f7d28ffc8bf37881c2b4a6ae742cc988331393fda0d75b2f4ccc,7626,Houston,0,,,,
gpu_fp32,FPGA模拟和GPU测速和缺失的记录/gpu_current_4datasets_v2/Houston/seed0/batch4/gpu_batch4_benchmark_20260918_225956.json,a44e7531eb3e9ce3e1da7b54c6234bbbbbae006b1e3b7d42ccc959935228124a,7595,Houston,0,,,,
gpu_fp32,FPGA模拟和GPU测速和缺失的记录/gpu_current_4datasets_v2/Houston/seed0/batch64/gpu_batch64_benchmark_20260918_230134.json,87a9beaa305d452086dca6c9ef00f74d58d100f5aed7e96a7e91f14f288d6f0b,7623,Houston,0,,,,
gpu_fp32,FPGA模拟和GPU测速和缺失的记录/gpu_current_4datasets_v2/Houston/seed0/batch8/gpu_batch8_benchmark_20260918_230035.json,32cead500bff69efdb270f8e97502ad7602db14c090843752e1f5fe343064a87,7527,Houston,0,,,,
gpu_fp32,FPGA模拟和GPU测速和缺失的记录/gpu_current_4datasets_v2/UP/seed0/batch1/gpu_batch1_benchmark_20260918_223855.json,fd8b4a228baa136a9758223e9f999213ab46c6d540b6e89a709c5ac7a42d6b1d,19801,UP,0,,,,
gpu_fp32,FPGA模拟和GPU测速和缺失的记录/gpu_current_4datasets_v2/UP/seed0/batch16/gpu_batch16_benchmark_20260918_224041.json,5d57b99f3c508f03fdff208a71085dc64c3c1865644fa06d784e3ec196f1246b,7599,UP,0,,,,
gpu_fp32,FPGA模拟和GPU测速和缺失的记录/gpu_current_4datasets_v2/UP/seed0/batch2/gpu_batch2_benchmark_20260918_223943.json,e48604e02e7ce9b364f5150c2197f96a42d0e94cb599e2f07505f6d47b93cf85,7532,UP,0,,,,
gpu_fp32,FPGA模拟和GPU测速和缺失的记录/gpu_current_4datasets_v2/UP/seed0/batch32/gpu_batch32_benchmark_20260918_224050.json,e3a4f951220e7dddc8351b6b485bcbeb13b106963e533375efc498e9bf186ba3,7534,UP,0,,,,
gpu_fp32,FPGA模拟和GPU测速和缺失的记录/gpu_current_4datasets_v2/UP/seed0/batch4/gpu_batch4_benchmark_20260918_224011.json,dc5113aec2fe1683ebbe7ad02b07e48b0818d890e42459fa17347d5b98115d1a,7547,UP,0,,,,
gpu_fp32,FPGA模拟和GPU测速和缺失的记录/gpu_current_4datasets_v2/UP/seed0/batch64/gpu_batch64_benchmark_20260918_224058.json,0091adcc1066aa120651b60757eb9eceeb8afa8a0e7274866777c2e1ccce27ba,7561,UP,0,,,,
gpu_fp32,FPGA模拟和GPU测速和缺失的记录/gpu_current_4datasets_v2/UP/seed0/batch8/gpu_batch8_benchmark_20260918_224029.json,295b7310e40532397ebd6cf5e3263ef7848472b52900faca7f54e75f51682d78,7565,UP,0,,,,
dt_input_UP_seed0,FPGA模拟和GPU测速和缺失的记录/fpga_dt_input_UP_seed0/UP/seed0/attempt001/dt_input_diagnostics.json,c412afde867cfd4453bdf1edc14fba2e4d777d48fe401426b90938c2eebb8d6d,18793,,,,,,
nonlinear_D1,FPGA模拟和GPU测速和缺失的记录/sim_nonlinear_D1_run2/nonlinear_experiment/accuracy_propagation_summary.json,fc56748054be8527fc4d53cbb2fa4185fb1a9c1e10545502c00e3ef45522cb42,83582,,,,,,
nonlinear_v5_N013,FPGA模拟和GPU测速和缺失的记录/sim_nonlinear_v5_run2/nonlinear_experiment/accuracy_propagation_summary.json,80dab4781eb59304bba3f1b8014c730721f4058d595db95c5d3101ab181b585d,57187,,,,,,
nonlinear_v5_N0123,FPGA模拟和GPU测速和缺失的记录/sim_nonlinear_v5_n0_n1_n2_n3/nonlinear_experiment/accuracy_propagation_summary.json,4cb12ea9ac33b17e5e42586a509d1c3007d8d40da8e49ddbb3886fd6a2405d0a,77938,,,,,,
fpga_eval1,FPGA模拟和GPU测速和缺失的记录/HanChuan/seed0/attempt001/fpga_simulation_result.json,5a58f3822e039485c2e08f30d48b9799856920850ca19f918ce4c71951f18f55,34320,HanChuan,0,,,,
fpga_eval1,FPGA模拟和GPU测速和缺失的记录/HanChuan/seed1/attempt001/fpga_simulation_result.json,f60dcc5e0f59c0162125cf04462275c041b6ac3ab50bf6814afdc51a18171730,34195,HanChuan,1,,,,
fpga_eval1,FPGA模拟和GPU测速和缺失的记录/HanChuan/seed2/attempt001/fpga_simulation_result.json,3e5d31d5df121273410c5e52873693d4a7d2e1c3e33f5bf68f903ccda1f7e44f,34276,HanChuan,2,,,,
fpga_eval1,FPGA模拟和GPU测速和缺失的记录/HanChuan/seed3/attempt001/fpga_simulation_result.json,f9b8503070d728ace0ee1fd26c2d86fb3ac2b6c7edd50bc3e4b29d0f4c885c02,34285,HanChuan,3,,,,
fpga_eval1,FPGA模拟和GPU测速和缺失的记录/HanChuan/seed4/attempt001/fpga_simulation_result.json,ace8463d4d809c1ffaf65dc93e498da68981d4b01e9d02c37851ea7d159a6c61,34277,HanChuan,4,,,,
fpga_eval1,FPGA模拟和GPU测速和缺失的记录/HanChuan/seed5/attempt001/fpga_simulation_result.json,26d1047ea2e8a313ae559dfcc0ba973467670069844c1a6a3dd46630abfd7325,34292,HanChuan,5,,,,
fpga_eval1,FPGA模拟和GPU测速和缺失的记录/HanChuan/seed6/attempt001/fpga_simulation_result.json,674b408fb32793b28e2b6f249765c88c192b2ae25f81307cd4fb51f806f29747,34263,HanChuan,6,,,,
fpga_eval1,FPGA模拟和GPU测速和缺失的记录/HanChuan/seed7/attempt001/fpga_simulation_result.json,a2c394f28bb7aa0c1602f1a1717732116d9ac6b25cb98459ecbe70f80e2bf212,34278,HanChuan,7,,,,
fpga_eval1,FPGA模拟和GPU测速和缺失的记录/HanChuan/seed8/attempt001/fpga_simulation_result.json,bedb7132892d5c2aceb0ee5c33527e45858675b2fe36c64be84ad37ef884dabb,34276,HanChuan,8,,,,
fpga_eval1,FPGA模拟和GPU测速和缺失的记录/HanChuan/seed9/attempt001/fpga_simulation_result.json,f9470f6750ad238c96b7a157e7d15bb3a6b2ae68268221e72639b15e18dce7a3,34384,HanChuan,9,,,,
fpga_eval1,FPGA模拟和GPU测速和缺失的记录/HongHu/seed0/attempt001/fpga_simulation_result.json,e9cd02c9576e41e03b87b1c430e9b8e6f6061d77575ee09a11d4cb436d15494f,48482,HongHu,0,,,,
fpga_eval1,FPGA模拟和GPU测速和缺失的记录/HongHu/seed1/attempt001/fpga_simulation_result.json,26172e03323f7153246fd0d0679fb91c2190fe7ef2d6bd40fba24deb6a3b748b,48470,HongHu,1,,,,
fpga_eval1,FPGA模拟和GPU测速和缺失的记录/HongHu/seed2/attempt001/fpga_simulation_result.json,2283b4e4a142496d550d4e9ec71d652851ef1483d96b1870070c05ba9029422d,48464,HongHu,2,,,,
fpga_eval1,FPGA模拟和GPU测速和缺失的记录/HongHu/seed3/attempt001/fpga_simulation_result.json,6212fb7d037d4e0cfcdcbfae5ce1768ffc55f9c7ffadd04dcc891008b31e728b,48483,HongHu,3,,,,
fpga_eval1,FPGA模拟和GPU测速和缺失的记录/HongHu/seed4/attempt001/fpga_simulation_result.json,aaae7386e16970ab411ad54a044d29fe3aea439b7c7417b73cbbabecb7200042,48473,HongHu,4,,,,
fpga_eval1,FPGA模拟和GPU测速和缺失的记录/HongHu/seed5/attempt001/fpga_simulation_result.json,916a71ffec01c01a69992bb2fe57db89c54e097cbb60ad26ae518de1c1e669a1,48496,HongHu,5,,,,
fpga_eval1,FPGA模拟和GPU测速和缺失的记录/HongHu/seed6/attempt001/fpga_simulation_result.json,8a0bd641a1f671b14578cff4727b82f8db747d937da1732f5641300632c9b636,48465,HongHu,6,,,,
fpga_eval1,FPGA模拟和GPU测速和缺失的记录/HongHu/seed7/attempt001/fpga_simulation_result.json,0eac41b0230c1c8d439d5880d351b6056b1d90fa7e6417885cdfccea77e11f69,48502,HongHu,7,,,,
fpga_eval1,FPGA模拟和GPU测速和缺失的记录/HongHu/seed8/attempt001/fpga_simulation_result.json,2041304e66feb2de176f24f97b2f3c5faf87badc5e9f6cbc53a4eb38cfb3d246,48463,HongHu,8,,,,
fpga_eval1,FPGA模拟和GPU测速和缺失的记录/HongHu/seed9/attempt001/fpga_simulation_result.json,26ab31e6ee1fc697a1ff8b80ec07451d43922dddf3dd3fe4b546a9b3973461a6,48516,HongHu,9,,,,
fpga_eval1,FPGA模拟和GPU测速和缺失的记录/Houston/seed0/attempt001/fpga_simulation_result.json,c0f39dc6a937e67aa6ddd95c6ea1b58d3b936b6de3ea2e99327fe43a51848fad,31464,Houston,0,,,,
fpga_eval1,FPGA模拟和GPU测速和缺失的记录/Houston/seed1/attempt001/fpga_simulation_result.json,fedff29e7032223882e634323f034b0cd45a0e55e8b2209af646d41f70194961,31580,Houston,1,,,,
fpga_eval1,FPGA模拟和GPU测速和缺失的记录/Houston/seed2/attempt001/fpga_simulation_result.json,b9e05192713db6b60cf6d03184a4ca17f396b8cd3d444c95f1e306618c0678ab,31655,Houston,2,,,,
fpga_eval1,FPGA模拟和GPU测速和缺失的记录/Houston/seed3/attempt001/fpga_simulation_result.json,9a7c471dc2b42373c80df444c15dbe55ed4af0d51320b617c4216661191830da,31756,Houston,3,,,,
fpga_eval1,FPGA模拟和GPU测速和缺失的记录/Houston/seed4/attempt001/fpga_simulation_result.json,786797471b7c8b8e2e4b97a4bed61b6492f6189ab91cfe506a2e4804f3ba166d,31691,Houston,4,,,,
fpga_eval1,FPGA模拟和GPU测速和缺失的记录/Houston/seed5/attempt001/fpga_simulation_result.json,2d7a3aec9fc31697568f1b0788ce234babbd4c2487a942b0afed5bd13dd6d041,31496,Houston,5,,,,
fpga_eval1,FPGA模拟和GPU测速和缺失的记录/Houston/seed6/attempt001/fpga_simulation_result.json,0f4f8b4b7eb2bb17c2fc21e9c99054575a89595eb421ee27e37357f33c8070c1,31460,Houston,6,,,,
fpga_eval1,FPGA模拟和GPU测速和缺失的记录/Houston/seed7/attempt001/fpga_simulation_result.json,5dd7d15ca78fc6439d02132928aca726455f077d9e1d438a98c2b62a1df6572e,31587,Houston,7,,,,
fpga_eval1,FPGA模拟和GPU测速和缺失的记录/Houston/seed8/attempt001/fpga_simulation_result.json,4d4e552415121063085472458941f7faa7895bade9d83f33474386de31e26680,31485,Houston,8,,,,
fpga_eval1,FPGA模拟和GPU测速和缺失的记录/Houston/seed9/attempt001/fpga_simulation_result.json,865cb262ef52c1298df7f37cda57bbd1f66c57b17e6b59bc6fbc96d71f910240,31455,Houston,9,,,,
fpga_eval1,FPGA模拟和GPU测速和缺失的记录/UP/seed0/attempt001/fpga_simulation_result.json,0f43fc63309ed4d560bfab7940321d96d22e9397238217796ede3998a65fdaa7,22020,UP,0,,,,
fpga_eval1,FPGA模拟和GPU测速和缺失的记录/UP/seed1/attempt001/fpga_simulation_result.json,0659111a329a550f23c929eaaa14192e72cbeae80089cf17cc4bd1bdcfdb6b9f,22087,UP,1,,,,
fpga_eval1,FPGA模拟和GPU测速和缺失的记录/UP/seed2/attempt001/fpga_simulation_result.json,de2df37fef65521eada7b32e4066265ed43fc0115e3aa9fed76542e8aa5cb770,22047,UP,2,,,,
fpga_eval1,FPGA模拟和GPU测速和缺失的记录/UP/seed3/attempt001/fpga_simulation_result.json,1e4cf8683a21ceb3ec530976574929da4417c7ebe0e32c9065719f23585c27aa,22079,UP,3,,,,
fpga_eval1,FPGA模拟和GPU测速和缺失的记录/UP/seed4/attempt001/fpga_simulation_result.json,9c4ce189456a76e025cfffcec7bc9226394084155ea1abd1623caa8f9c1711f1,22129,UP,4,,,,
fpga_eval1,FPGA模拟和GPU测速和缺失的记录/UP/seed5/attempt001/fpga_simulation_result.json,cb94626776160faf9b51605dc303d6077f82b6344bef65777182a1ee046252ec,22136,UP,5,,,,
fpga_eval1,FPGA模拟和GPU测速和缺失的记录/UP/seed6/attempt001/fpga_simulation_result.json,b7ef733feba5cc08f05e4af7724cf658705359d2626aa5e95ed59795b91420c1,22036,UP,6,,,,
fpga_eval1,FPGA模拟和GPU测速和缺失的记录/UP/seed7/attempt001/fpga_simulation_result.json,c7468c2d6b51eb9d523256ac25616b9dd1ff138545a0d3e3886c6ff938cc8e67,22166,UP,7,,,,
fpga_eval1,FPGA模拟和GPU测速和缺失的记录/UP/seed8/attempt001/fpga_simulation_result.json,cdbd3ff2ca5690a6c73e3aa3e58c41adae67deef53beefc21db7146dc5b951e0,22077,UP,8,,,,
fpga_eval1,FPGA模拟和GPU测速和缺失的记录/UP/seed9/attempt001/fpga_simulation_result.json,163859d1bf814b25e3f04f1bfcfb71f04fd70639ff3e3e1e1219cc663be10930,22068,UP,9,,,,
gpu_power_UP,FPGA模拟和GPU测速和缺失的记录/gpu_power_UP_gpu0_display_v2/batch16_full_gpu_pipeline_repeat0.json,44167304ac3d8ff20e65d08c55fb11f8c7ba3bd5afcde6ca1d7bdf6fd8c69b18,2110,,,,,,
gpu_power_UP,FPGA模拟和GPU测速和缺失的记录/gpu_power_UP_gpu0_display_v2/batch16_full_gpu_pipeline_repeat1.json,3684c43337a49fb8af217ec3c4315cf8039f2b9724ccdebe94944b0487bf571b,2112,,,,,,
gpu_power_UP,FPGA模拟和GPU测速和缺失的记录/gpu_power_UP_gpu0_display_v2/batch16_full_gpu_pipeline_repeat2.json,2d156bc9403940b2716559ecb9db2cf3de1faec992586c0e5bdb2912e6ea3745,2114,,,,,,
gpu_power_UP,FPGA模拟和GPU测速和缺失的记录/gpu_power_UP_gpu0_display_v2/batch16_model_only_repeat0.json,900f38058eb868a4e359598db1a47a5d5db38a5c6aa37481b75c94c7c4012256,2097,,,,,,
gpu_power_UP,FPGA模拟和GPU测速和缺失的记录/gpu_power_UP_gpu0_display_v2/batch16_model_only_repeat1.json,1bbe65dc015b74b024a25760504f24b76f4dac137172c8ca49791cdd2bf8ec68,2094,,,,,,
gpu_power_UP,FPGA模拟和GPU测速和缺失的记录/gpu_power_UP_gpu0_display_v2/batch16_model_only_repeat2.json,6b9063e67345b046354b53be958571718928e2b44c89af44b96ba6d180a35749,2098,,,,,,
gpu_power_UP,FPGA模拟和GPU测速和缺失的记录/gpu_power_UP_gpu0_display_v2/batch1_full_gpu_pipeline_repeat0.json,8870dc59e8f03190b487ae3682d40a23a758b50add944cf77f68eb1b84d99a02,2110,,,,,,
gpu_power_UP,FPGA模拟和GPU测速和缺失的记录/gpu_power_UP_gpu0_display_v2/batch1_full_gpu_pipeline_repeat1.json,cff734909be343b3071fbbb8a2e8a310ac0b6d681fee405c0c2b0aea5f9f0e85,2107,,,,,,
gpu_power_UP,FPGA模拟和GPU测速和缺失的记录/gpu_power_UP_gpu0_display_v2/batch1_full_gpu_pipeline_repeat2.json,d430f1b94b4d318df831665e4e4901bb0e0ed371461f3803cd1fcab9df0caf25,2107,,,,,,
gpu_power_UP,FPGA模拟和GPU测速和缺失的记录/gpu_power_UP_gpu0_display_v2/batch1_model_only_repeat0.json,d57321f3ce1b2ef138649767a4e6f9db666e460f97e5e610be404452ab64ac48,2092,,,,,,
gpu_power_UP,FPGA模拟和GPU测速和缺失的记录/gpu_power_UP_gpu0_display_v2/batch1_model_only_repeat1.json,6ed43c6285749ca7099f088d80bd132de08bbd9f960de6888457b0baf11bf8e0,2095,,,,,,
gpu_power_UP,FPGA模拟和GPU测速和缺失的记录/gpu_power_UP_gpu0_display_v2/batch1_model_only_repeat2.json,ad40cba302424f3a4803419c4965f9c994005d260631d279ccaf7e7790b7b3ef,2092,,,,,,
gpu_power_UP,FPGA模拟和GPU测速和缺失的记录/gpu_power_UP_gpu0_display_v2/batch2_full_gpu_pipeline_repeat0.json,cb0237c28429957ea3d69bd0330612a79201b263755b13d898d27c59722994e7,2104,,,,,,
gpu_power_UP,FPGA模拟和GPU测速和缺失的记录/gpu_power_UP_gpu0_display_v2/batch2_full_gpu_pipeline_repeat1.json,89e6f249fa6b3b2d2b7a89692e86a5ed1d60b9b6b3e1b21eaaaae0d67d88f156,2105,,,,,,
gpu_power_UP,FPGA模拟和GPU测速和缺失的记录/gpu_power_UP_gpu0_display_v2/batch2_full_gpu_pipeline_repeat2.json,1cee1652eca4c6eb92fc9379ecd3cd3b53c3607a3b3b2f76107e04e499dbc338,2102,,,,,,
gpu_power_UP,FPGA模拟和GPU测速和缺失的记录/gpu_power_UP_gpu0_display_v2/batch2_model_only_repeat0.json,c3573c0f8bd53dd0fbc0829623537fd5e6a5cc099ae4025e8ac0ef4e71ca9c9f,2090,,,,,,
gpu_power_UP,FPGA模拟和GPU测速和缺失的记录/gpu_power_UP_gpu0_display_v2/batch2_model_only_repeat1.json,49fa7514305de7a05f1d338ccf0435bc044aedbc5a609e92add991d1aabc91c9,2093,,,,,,
gpu_power_UP,FPGA模拟和GPU测速和缺失的记录/gpu_power_UP_gpu0_display_v2/batch2_model_only_repeat2.json,98bf1fe5546c30c3ab2ca980ada31e778e527ad7d2a65332ee81b5551b01179d,2087,,,,,,
gpu_power_UP,FPGA模拟和GPU测速和缺失的记录/gpu_power_UP_gpu0_display_v2/batch32_full_gpu_pipeline_repeat0.json,1ec1c0b417bfe31a61254780a350809d3eea740aa2393e71e996403ea0f6d17e,2112,,,,,,
gpu_power_UP,FPGA模拟和GPU测速和缺失的记录/gpu_power_UP_gpu0_display_v2/batch32_full_gpu_pipeline_repeat1.json,58d721e2b75f25e0e50746637abb3f8bc395bec82484969cd458b96865a79ed1,2111,,,,,,
gpu_power_UP,FPGA模拟和GPU测速和缺失的记录/gpu_power_UP_gpu0_display_v2/batch32_full_gpu_pipeline_repeat2.json,10112e1e7538024774230bfa0a6b569c459fa27106c64d83e1f5be685e87ae23,2114,,,,,,
gpu_power_UP,FPGA模拟和GPU测速和缺失的记录/gpu_power_UP_gpu0_display_v2/batch32_model_only_repeat0.json,aa0350cfd812ce72dde31a31db3c3cf87020dd6129707e8ad84ba93649120727,2100,,,,,,
gpu_power_UP,FPGA模拟和GPU测速和缺失的记录/gpu_power_UP_gpu0_display_v2/batch32_model_only_repeat1.json,193eaec749f3ef618fe04d0f558a4a6df861c11b5869f15e537cc102fd33bdf3,2096,,,,,,
gpu_power_UP,FPGA模拟和GPU测速和缺失的记录/gpu_power_UP_gpu0_display_v2/batch32_model_only_repeat2.json,087af6320aa43a902cd2cd65a3e3ad9a3e663c0706cb83c00fbea1648f0d19da,2098,,,,,,
gpu_power_UP,FPGA模拟和GPU测速和缺失的记录/gpu_power_UP_gpu0_display_v2/batch4_full_gpu_pipeline_repeat0.json,8d641f02ef3e1de677f169b0fe96b8d8a9ad8a66fc9ddb84f87c6ae7fcf2b92c,2106,,,,,,
gpu_power_UP,FPGA模拟和GPU测速和缺失的记录/gpu_power_UP_gpu0_display_v2/batch4_full_gpu_pipeline_repeat1.json,2f5229143b75348955185bb61eb9f68196cddd0d5980f909c598a372c4ce2e66,2105,,,,,,
gpu_power_UP,FPGA模拟和GPU测速和缺失的记录/gpu_power_UP_gpu0_display_v2/batch4_full_gpu_pipeline_repeat2.json,0463a2e366f592f104a2a1593b597f26b79b6e9496f2915eb9c8b99fd4e266ee,2104,,,,,,
gpu_power_UP,FPGA模拟和GPU测速和缺失的记录/gpu_power_UP_gpu0_display_v2/batch4_model_only_repeat0.json,f502079a3f2e19caf1277272949bf1fdd6b310b281f350fdacdb6834fc0bddcb,2092,,,,,,
gpu_power_UP,FPGA模拟和GPU测速和缺失的记录/gpu_power_UP_gpu0_display_v2/batch4_model_only_repeat1.json,a7c29222a3cdc8976d748ad691676bd4a22e0b7397c3e0259fdd53d20cadec1a,2092,,,,,,
gpu_power_UP,FPGA模拟和GPU测速和缺失的记录/gpu_power_UP_gpu0_display_v2/batch4_model_only_repeat2.json,38c6b2988536d0f54e4c3502422a8c6bab6bd41d64b17880c1faf5cd3324f040,2092,,,,,,
gpu_power_UP,FPGA模拟和GPU测速和缺失的记录/gpu_power_UP_gpu0_display_v2/batch64_full_gpu_pipeline_repeat0.json,6365506bf17b87eb1e4f912fc6abe6047ae86b82c880719be72627ecca1d1c6e,2109,,,,,,
gpu_power_UP,FPGA模拟和GPU测速和缺失的记录/gpu_power_UP_gpu0_display_v2/batch64_full_gpu_pipeline_repeat1.json,b769d498dc5fa3f74479eabe718525817e33cf9aefe9c328ce00ec6981e7287a,2112,,,,,,
gpu_power_UP,FPGA模拟和GPU测速和缺失的记录/gpu_power_UP_gpu0_display_v2/batch64_full_gpu_pipeline_repeat2.json,a576ce78eb259c05b1055df3496bf17eb347eb9bf599d809002712d63a543e76,2113,,,,,,
gpu_power_UP,FPGA模拟和GPU测速和缺失的记录/gpu_power_UP_gpu0_display_v2/batch64_model_only_repeat0.json,c9aa3a3e53fb5fc295ef3ace03baff9c289982cd2c987b556aea7a3fc2c4808d,2097,,,,,,
gpu_power_UP,FPGA模拟和GPU测速和缺失的记录/gpu_power_UP_gpu0_display_v2/batch64_model_only_repeat1.json,43ffdce9cf3517d24eae5a97a3e30651fda959a9b1b02f3dc0f99e4b56fc1000,2099,,,,,,
gpu_power_UP,FPGA模拟和GPU测速和缺失的记录/gpu_power_UP_gpu0_display_v2/batch64_model_only_repeat2.json,075413e17b46a53c2fa011e78d5aef74f92da6aaac018eae8056ca21e7c62450,2098,,,,,,
gpu_power_UP,FPGA模拟和GPU测速和缺失的记录/gpu_power_UP_gpu0_display_v2/batch8_full_gpu_pipeline_repeat0.json,837e87fb2f0c60ecdc53c90db7238c15bec707d35539e677187a2fbb4c86e4c6,2110,,,,,,
gpu_power_UP,FPGA模拟和GPU测速和缺失的记录/gpu_power_UP_gpu0_display_v2/batch8_full_gpu_pipeline_repeat1.json,617c6a6ac7d1742c1416b9e174904927c9e7cc12afab7a038f3fbb0521f17a55,2110,,,,,,
gpu_power_UP,FPGA模拟和GPU测速和缺失的记录/gpu_power_UP_gpu0_display_v2/batch8_full_gpu_pipeline_repeat2.json,57426d52788429b5065c0b9711e4b66f516a84954a82944b71c85399e5447731,2107,,,,,,
gpu_power_UP,FPGA模拟和GPU测速和缺失的记录/gpu_power_UP_gpu0_display_v2/batch8_model_only_repeat0.json,0b40815af24572e40f673428924ec914932a007ef3244911f8caf32de9e4320c,2094,,,,,,
gpu_power_UP,FPGA模拟和GPU测速和缺失的记录/gpu_power_UP_gpu0_display_v2/batch8_model_only_repeat1.json,5774c4c4e74ef9bcf77a48dca8cf09900b2ed4f4cfb2e46dd711d8ba717f8844,2095,,,,,,
gpu_power_UP,FPGA模拟和GPU测速和缺失的记录/gpu_power_UP_gpu0_display_v2/batch8_model_only_repeat2.json,03f58a5ea413c7bad763c7d5937efca27d4d0d2affadeec7cd41a3a01908fa9d,2095,,,,,,
shared_a_training,a_shared_current_4datasets/HanChuan/per_channel/run_seed0/result.json,4f8f7184fe11c0f0e4093b1aca3381ed1b507221000801b597db21104966bfe3,17632,HanChuan,0,,,0.9125063396491411,
shared_a_training,a_shared_current_4datasets/HanChuan/per_channel/run_seed1/result.json,f035aba704e9a47b0784ee0e612b91ce78188a31971c2111c5957b75fdc9769c,17470,HanChuan,1,,,0.9027790420952703,
shared_a_training,a_shared_current_4datasets/HanChuan/per_channel/run_seed2/result.json,b3d9567726d0325f8758888ae247901aef717816e031eb0062c1e40b14de367c,17426,HanChuan,2,,,0.9028310597292483,
shared_a_training,a_shared_current_4datasets/HanChuan/per_channel/run_seed3/result.json,e4b84e2ec655a8ff37438900a5318f8d50cef2d86aa5c165acd25003b50ea97a,17630,HanChuan,3,,,0.9091251934405764,
shared_a_training,a_shared_current_4datasets/HanChuan/per_channel/run_seed4/result.json,4a78fcb8c4a4b19b4fae96fd39caa205ac273f95afcc885d45f0782f00fd9eba,17470,HanChuan,4,,,0.9105296695579802,
shared_a_training,a_shared_current_4datasets/HanChuan/per_channel/run_seed5/result.json,85ede5c0cf2ef4e22f5a92b06515f39e8579ab07a6872505b896c5ec3ebfdc59,17474,HanChuan,5,,,0.9092552375255212,
shared_a_training,a_shared_current_4datasets/HanChuan/per_channel/run_seed6/result.json,354b8414cb9f98da76a51945512d5673956b6bdd7f153a7ccce422ba63924183,17444,HanChuan,6,,,0.9185013719650962,
shared_a_training,a_shared_current_4datasets/HanChuan/per_channel/run_seed7/result.json,23f7181a35cda7f07876991a937b544e4713ad9990d7e44b7a06c6cf1e9a4491,17298,HanChuan,7,,,0.9199708701249724,
shared_a_training,a_shared_current_4datasets/HanChuan/per_channel/run_seed8/result.json,3e62e22a64d22f126511907219d39b7afe02dfd2c96c0aa9598693ff465df500,17643,HanChuan,8,,,0.921830500539683,
shared_a_training,a_shared_current_4datasets/HanChuan/per_channel/run_seed9/result.json,4cb219096061dbc89933b2b5c4f5a4acfbacdab32f2ffe4b2f41c48e10639238,17630,HanChuan,9,,,0.90266200241882,
shared_a_training,a_shared_current_4datasets/HanChuan/shared/run_seed0/result.json,8e4a1dc75551962aa203bbff857e093660ddbdb4421ac0b5eef52faf76fad480,17577,HanChuan,0,,,0.9100485064436844,
shared_a_training,a_shared_current_4datasets/HanChuan/shared/run_seed1/result.json,9e3ad11a16b1bae2bf0de28c3d2da20e1488f121aceec2b77d01f160a4356e23,17233,HanChuan,1,,,0.8774074411225405,
shared_a_training,a_shared_current_4datasets/HanChuan/shared/run_seed2/result.json,adb100d327b54e9cbd7bc967de2b24b51bcb57f6e28a42cc93e04f06b89d932a,17427,HanChuan,2,,,0.9045216328335306,
shared_a_training,a_shared_current_4datasets/HanChuan/shared/run_seed3/result.json,5acb185dd94d8323883c3e72da844649663faf6929ecd5c03f4d665ab42dc76b,17420,HanChuan,3,,,0.9091642066660598,
shared_a_training,a_shared_current_4datasets/HanChuan/shared/run_seed4/result.json,3a87f8d1939b70dfbe5c842d4073d36be3c9fdb1e6eb8e08b54b539ed4443b4a,17428,HanChuan,4,,,0.9154583403773879,
shared_a_training,a_shared_current_4datasets/HanChuan/shared/run_seed5/result.json,79fe520565ad0c8ada72228d1207faa338a5a9ee914d0b57c17f4e8a9e0bd78e,17601,HanChuan,5,,,0.9066413514181307,
shared_a_training,a_shared_current_4datasets/HanChuan/shared/run_seed6/result.json,7378a5fba2bfcca2e054c9f1f0a106861f910a564e29b522285a644ac844ae88,17248,HanChuan,6,,,0.9153673095179266,
shared_a_training,a_shared_current_4datasets/HanChuan/shared/run_seed7/result.json,bb21663c9d6ac049adf77c4810aaf9a6f66a001719cbde1b2caad4937b952c59,17265,HanChuan,7,,,0.9129875027634368,
shared_a_training,a_shared_current_4datasets/HanChuan/shared/run_seed8/result.json,b12734b8c53283756c4f92f26362425e5d0f4a7f87ce77521f0c06b9494e7b09,17609,HanChuan,8,,,0.9206861125921687,
shared_a_training,a_shared_current_4datasets/HanChuan/shared/run_seed9/result.json,a04faa104449b83bf12a35559ac4296ccf0d16aba0385d4235a7baf8196d24f6,17635,HanChuan,9,,,0.9033512360690275,
shared_a_training,a_shared_current_4datasets/HongHu/per_channel/run_seed0/result.json,c8f6ee842e5173575480e669a760e38dab55efab9ea02d03a182caf0000da0a9,24810,HongHu,0,,,0.9171588568705213,
shared_a_training,a_shared_current_4datasets/HongHu/per_channel/run_seed1/result.json,7233a2fd435cce32116eeeafe4fc46031999b7b8b13759763fb7d3322d20512e,24342,HongHu,1,,,0.9393372027710166,
shared_a_training,a_shared_current_4datasets/HongHu/per_channel/run_seed2/result.json,4bca5d5aee4b444600b6d8c1773f3d24ff04be0a360e1b81226c2d12f3788c34,25126,HongHu,2,,,0.9311245766029514,
shared_a_training,a_shared_current_4datasets/HongHu/per_channel/run_seed3/result.json,288ba8fcfbcdd44c89857d853b7a89b0f99cfcaf1884802cfc139a89c15a59ae,24584,HongHu,3,,,0.9391329509284948,
shared_a_training,a_shared_current_4datasets/HongHu/per_channel/run_seed4/result.json,e52463545a5bd392f26a5a61743a515168b3427a5eaf42cca22fd6139e2d0b54,24251,HongHu,4,,,0.9032782420724753,
shared_a_training,a_shared_current_4datasets/HongHu/per_channel/run_seed5/result.json,56ec12b7781f124bcb6459e7beb47bee55118cf5aabadcb632cc5bce4de65f37,24396,HongHu,5,,,0.9282224983404538,
shared_a_training,a_shared_current_4datasets/HongHu/per_channel/run_seed6/result.json,c3dcfc159cf14336a032bc844990ecfb24689c12614e5234dab2afb0a77c099f,25171,HongHu,6,,,0.8926911882350939,
shared_a_training,a_shared_current_4datasets/HongHu/per_channel/run_seed7/result.json,8e159841622fc54403ca3916b3b99ff3bea1d9fc3dbda045a5c2e3a7b42b9881,24626,HongHu,7,,,0.9272693230753519,
shared_a_training,a_shared_current_4datasets/HongHu/per_channel/run_seed8/result.json,a25250a3a7dc42cc617bb8268f8d868cc76c913c6d35f83d8c255b9ba7fd1687,24830,HongHu,8,,,0.9356181171384317,
shared_a_training,a_shared_current_4datasets/HongHu/per_channel/run_seed9/result.json,74b50e293d8d51dd54045c5a1c83b856dcb889eb91dd948587e12516b517d290,24894,HongHu,9,,,0.9268693298837467,
shared_a_training,a_shared_current_4datasets/HongHu/shared/run_seed0/result.json,527b06aab613e8acfed528b07ef5c1e1902551e5104dca29cddb437d59fd92a4,24397,HongHu,0,,,0.9197205153954826,
shared_a_training,a_shared_current_4datasets/HongHu/shared/run_seed1/result.json,c4ecf63437c20b1a98f66aa9d2f822657bba82ea2e6326e73cf2234b40f38f5b,25032,HongHu,1,,,0.9355159912171708,
shared_a_training,a_shared_current_4datasets/HongHu/shared/run_seed2/result.json,d6f1b86330c28d535352c21c5f18e4fe1b31109c6d16347f46ee26255b89a146,24539,HongHu,2,,,0.9259161546186447,
shared_a_training,a_shared_current_4datasets/HongHu/shared/run_seed3/result.json,3cbb8e0c484ca3a33d1c1075e17a7ef30dc81b147f97f00e6f165986093dd5d4,24332,HongHu,3,,,0.9367329917788634,
shared_a_training,a_shared_current_4datasets/HongHu/shared/run_seed4/result.json,583a06cdd8e2ca6cb48b66cac3d1c815312dbc6b8a5592f0e92658bf81b9cf4e,24886,HongHu,4,,,0.9183418154584603,
shared_a_training,a_shared_current_4datasets/HongHu/shared/run_seed5/result.json,72924eb15e53e9243963b1d8eac62c9c893745e03534aa905ad7fe70b64d1d9b,25126,HongHu,5,,,0.9324266820990281,
shared_a_training,a_shared_current_4datasets/HongHu/shared/run_seed6/result.json,32e58fa14ae8494b0605393c3a6fc5fef14b6691f4dc7f4a5e567306e9e2171c,25296,HongHu,6,,,0.9086058109649198,
shared_a_training,a_shared_current_4datasets/HongHu/shared/run_seed7/result.json,6055064d2aa803e23fa1c421fea15fd48710ed03af397244ad0623e90619bdc6,24363,HongHu,7,,,0.8791084407073922,
shared_a_training,a_shared_current_4datasets/HongHu/shared/run_seed8/result.json,3219df2512b81dfbef5e5d47e3a2774d3e1bbde2433cfce99688ef048778b43b,24612,HongHu,8,,,0.9364266140150806,
shared_a_training,a_shared_current_4datasets/HongHu/shared/run_seed9/result.json,db2f44fa7683a3628e178b736b528959e0ee36c6655683a5585f7446aeef8545,24499,HongHu,9,,,0.9296863032118602,
shared_a_training,a_shared_current_4datasets/Houston/per_channel/run_seed0/result.json,5c4f3910ba7b93a082177de0f5bc8543600177d66a359f97c1c358d66392dd25,13439,Houston,0,,,0.9250106518960375,
shared_a_training,a_shared_current_4datasets/Houston/per_channel/run_seed1/result.json,052455ce718cce8c04dd967e02a86d86a0f2c477444805e5b8d51562378decee,12714,Houston,1,,,0.9490839369407754,
shared_a_training,a_shared_current_4datasets/Houston/per_channel/run_seed2/result.json,6ff4ab85ec9b13b3839363a0c0aa2eed4716dd6a9e28cdf9604678e6547745e9,13266,Houston,2,,,0.927993182786536,
shared_a_training,a_shared_current_4datasets/Houston/per_channel/run_seed3/result.json,83c67825921746979ed7982bb18b293c43652ce592cf3605a859783c78db5f8e,13960,Houston,3,,,0.9009373668512995,
shared_a_training,a_shared_current_4datasets/Houston/per_channel/run_seed4/result.json,db4bbe91d2483d532da69b07fd7890482de36e2659c7a3681cb081ae2d534c7e,13667,Houston,4,,,0.9390711546655305,
shared_a_training,a_shared_current_4datasets/Houston/per_channel/run_seed5/result.json,8e85121e12308d2f648ad657e7ddda30a7622aad63f44b64b66047200715c59c,13620,Houston,5,,,0.934171282488283,
shared_a_training,a_shared_current_4datasets/Houston/per_channel/run_seed6/result.json,387a10318ddc18cbcc057b9f3f761192bc9196b2b9be2ea9eee7888e3a048d3a,13463,Houston,6,,,0.9478057094162761,
shared_a_training,a_shared_current_4datasets/Houston/per_channel/run_seed7/result.json,0a3e13f64c1517f7e5d693e07e931236f0770e631e6c8fdabcd0fc3fd5ee673c,13465,Houston,7,,,0.9397102684277802,
shared_a_training,a_shared_current_4datasets/Houston/per_channel/run_seed8/result.json,8e69f3cc38f9a1e2b34c5108cee0d39fcc8033e010b94f299dbb687f73f16e0a,13555,Houston,8,,,0.9092458457605453,
shared_a_training,a_shared_current_4datasets/Houston/per_channel/run_seed9/result.json,4c1fcdb4b71cfd0fee3c831c21457f7fd9872e64bded477645ab6f695fb8e06c,13822,Houston,9,,,0.9292714103110353,
shared_a_training,a_shared_current_4datasets/Houston/shared/run_seed0/result.json,86b387da5be9f8cd701df81c0b9c99350ffd46a2043dadf189fd3866b2de57e8,13247,Houston,0,,,0.923945462292288,
shared_a_training,a_shared_current_4datasets/Houston/shared/run_seed1/result.json,4973f15eed7dce798e80dd4854a6ff9a7febfba76fa767ddd5c939d9cb67edb6,12645,Houston,1,,,0.9524925436727738,
shared_a_training,a_shared_current_4datasets/Houston/shared/run_seed2/result.json,4104665079f6db1eca1a9dc24d1e85dda2c3913f9eabe9c8b7efb4fe58b0a037,13218,Houston,2,,,0.9352364720920324,
shared_a_training,a_shared_current_4datasets/Houston/shared/run_seed3/result.json,0cf6d5a47e52300282045aed8450f233e3f16eb497ecf4d14ebb3b945f99bb74,13834,Houston,3,,,0.9196847038772902,
shared_a_training,a_shared_current_4datasets/Houston/shared/run_seed4/result.json,e84e617b548b662ea009218d22b63a8f4c638a791a829cc7fd08e02bbb8e48f8,13047,Houston,4,,,0.9392841925862804,
shared_a_training,a_shared_current_4datasets/Houston/shared/run_seed5/result.json,a8baf8ed1af3ed823f168dd255530df3b974cd6d0160d939cb5125e19cb89118,13733,Houston,5,,,0.9192586280357904,
shared_a_training,a_shared_current_4datasets/Houston/shared/run_seed6/result.json,d8a37e583e06d02aac2dd898ecd0926f59420209647d33dd6b52f36de469d6c5,13813,Houston,6,,,0.9377929271410311,
shared_a_training,a_shared_current_4datasets/Houston/shared/run_seed7/result.json,73f4f021a882004ef60e1554dba5cae73d95056a12e391940ba73e3c652b07c5,13779,Houston,7,,,0.8985939497230507,
shared_a_training,a_shared_current_4datasets/Houston/shared/run_seed8/result.json,1439d480d0f27b156879a9e1eec1e9468132b1c0d555c82ae6acd8eae75d41cf,13550,Houston,8,,,0.9196847038772902,
shared_a_training,a_shared_current_4datasets/Houston/shared/run_seed9/result.json,eb4054c8bc43d3207604e148b5289f703ff509afca8beb62ea3c0b4845f5ea23,13528,Houston,9,,,0.9211759693225394,
shared_a_training,a_shared_current_4datasets/UP/per_channel/run_seed0/result.json,c56168a12d918c1fb8b8a785a9e0ba4411a21a483a9de2874cb8c6f6e89b8de7,9205,UP,0,,,0.9622066694112804,
shared_a_training,a_shared_current_4datasets/UP/per_channel/run_seed1/result.json,0373c19af36bae855e1e94ddc1dd102ead94fadc447e961979e1ea494918d40f,9020,UP,1,,,0.9660765747221078,
shared_a_training,a_shared_current_4datasets/UP/per_channel/run_seed2/result.json,5ef7a4fa294da676ab636fc699c38471c04d9cdc77afebb6e49f2b1316902f43,9604,UP,2,,,0.9713462330177027,
shared_a_training,a_shared_current_4datasets/UP/per_channel/run_seed3/result.json,a3aaf9a0cbc83ad16ecaf37ec6240633da980e9197b56879581939f092018f87,9223,UP,3,,,0.9785096747632771,
shared_a_training,a_shared_current_4datasets/UP/per_channel/run_seed4/result.json,40ad8a89b8250eef729598d5e4eceeb9719007a545f74450cef676184042955b,9420,UP,4,,,0.9533964594483326,
shared_a_training,a_shared_current_4datasets/UP/per_channel/run_seed5/result.json,92a00d08cbcc1111430d1af96f5cf2586b9783fe582088e55fc056741595041e,8875,UP,5,,,0.968793742280774,
shared_a_training,a_shared_current_4datasets/UP/per_channel/run_seed6/result.json,c555e23b1dc0e67ba870893d249b14b14f8727daab776a43917d7d5e590f4656,8348,UP,6,,,0.9735693701111569,
shared_a_training,a_shared_current_4datasets/UP/per_channel/run_seed7/result.json,ae48d49b51834e0e7f99dd866ba9e14ae9281536aaf844c929422c166a9018de,9040,UP,7,,,0.9260601070399341,
shared_a_training,a_shared_current_4datasets/UP/per_channel/run_seed8/result.json,38f731a2f371a1924508fc9d916b2713f5bd0ec70dbd1674fd8192334ba57c5e,8503,UP,8,,,0.9488678468505558,
shared_a_training,a_shared_current_4datasets/UP/per_channel/run_seed9/result.json,eff07df139713925baa45ab3a09101fff30fd8139fc25a8bfef0ddb4c83e5402,9226,UP,9,,,0.961794977356937,
shared_a_training,a_shared_current_4datasets/UP/shared/run_seed0/result.json,9d87f22da08ad5c4d4703e370664d5993ca54574ac20ab4409fa8adfa2761128,8961,UP,0,,,0.9732400164676822,
shared_a_training,a_shared_current_4datasets/UP/shared/run_seed1/result.json,1db2bb599e32fe8268bbe7203e479f90792624ba58925fa025dca089bbde703a,8986,UP,1,,,0.9499382461918485,
shared_a_training,a_shared_current_4datasets/UP/shared/run_seed2/result.json,596b0b151f6b6eb29bf311c36105c0f31d03a8d2f754911994d612753f34adc9,9359,UP,2,,,0.9662412515438452,
shared_a_training,a_shared_current_4datasets/UP/shared/run_seed3/result.json,c91407db603dc7d45fbdc2b320e3301bc734b9e85aacec58609e58d3c945128f,8806,UP,3,,,0.9773569370111157,
shared_a_training,a_shared_current_4datasets/UP/shared/run_seed4/result.json,6dfcd1d9fe300907041992537bb440795d1385f9868c341d3ab7fca9e728c9d8,8879,UP,4,,,0.9689584191025113,
shared_a_training,a_shared_current_4datasets/UP/shared/run_seed5/result.json,cbbda2459ae6ada9e7704b5122504e101c7bb0e3cdc221c9ae505f771d8f1313,8667,UP,5,,,0.9652531906134212,
shared_a_training,a_shared_current_4datasets/UP/shared/run_seed6/result.json,4189352434540cc074564090f983b4a7ac74ff9615a9e538900674dfbeeb9e4b,9193,UP,6,,,0.9670646356525319,
shared_a_training,a_shared_current_4datasets/UP/shared/run_seed7/result.json,5c348438f6db5e7799a0492aac7d7390da4dcce1d785d2cce21bc1a06be17225,9166,UP,7,,,0.92383696994648,
shared_a_training,a_shared_current_4datasets/UP/shared/run_seed8/result.json,81538d2c84a975368fa99761cb7c587cf6c7886d557f199e9e62e89e99345ecd,8811,UP,8,,,0.9664882667764512,
shared_a_training,a_shared_current_4datasets/UP/shared/run_seed9/result.json,c46c51c0ce0ac4bfa6ad13bea8f2c49e35dd3ab555a42ac90fa1c0ab392dde64,9193,UP,9,,,0.9724989707698641,
shared_a_dynamics,a_shared_current_4datasets_dynamics/HanChuan/per_channel/seed0/analysis_summary.json,e5e8f6c55828a1df23519e9f5923c850342d65c6f6d1b49fdd9c2c9207745398,5541,HanChuan,0,,,,
shared_a_dynamics,a_shared_current_4datasets_dynamics/HanChuan/per_channel/seed1/analysis_summary.json,3c4fc2c5d0dd6bb27283af90e2ff736f3022e5726ea0eaf44c2b103f993fc390,5540,HanChuan,1,,,,
shared_a_dynamics,a_shared_current_4datasets_dynamics/HanChuan/per_channel/seed2/analysis_summary.json,dccfeb786de58d70586062a7fb190352237db1e0569bfaa109c8580aa340072c,5541,HanChuan,2,,,,
shared_a_dynamics,a_shared_current_4datasets_dynamics/HanChuan/per_channel/seed3/analysis_summary.json,3a9f1f844291327ef3894919b993bb677c348d96621b6fbf8ae7aba0af1053f3,5540,HanChuan,3,,,,
shared_a_dynamics,a_shared_current_4datasets_dynamics/HanChuan/per_channel/seed4/analysis_summary.json,c573ed904c73a518bdc23b4a1b98dfb65c77e65d4d4305636db25859d5d5527a,5547,HanChuan,4,,,,
shared_a_dynamics,a_shared_current_4datasets_dynamics/HanChuan/per_channel/seed5/analysis_summary.json,c6887a709288f1fd7f3c5ce9d28c81a50f31c548f2839c1f264eb2db695d3118,5539,HanChuan,5,,,,
shared_a_dynamics,a_shared_current_4datasets_dynamics/HanChuan/per_channel/seed6/analysis_summary.json,95ebff1b3b3dacda76480d884199f7d50b419cd2dd967b04b7c4a8f356fa7c39,5541,HanChuan,6,,,,
shared_a_dynamics,a_shared_current_4datasets_dynamics/HanChuan/per_channel/seed7/analysis_summary.json,9c3af10b108bdfecbe983c6a325f6781379e6c82b9b5eeb29c05b0d7806b6cab,5533,HanChuan,7,,,,
shared_a_dynamics,a_shared_current_4datasets_dynamics/HanChuan/per_channel/seed8/analysis_summary.json,ba37a1989df573132afe94e993e7ddeb6341424da8ec5355f994a3acc7f307c0,5545,HanChuan,8,,,,
shared_a_dynamics,a_shared_current_4datasets_dynamics/HanChuan/per_channel/seed9/analysis_summary.json,d2403240d9ff39b6041324a0e1be95d280ce5b732da5e509be9f7ecbafced6fd,5539,HanChuan,9,,,,
shared_a_dynamics,a_shared_current_4datasets_dynamics/HanChuan/shared/seed0/analysis_summary.json,a99304d92b187e8b45683434335985a89af0d0771f483fa8943378d855037553,5344,HanChuan,0,,,,
shared_a_dynamics,a_shared_current_4datasets_dynamics/HanChuan/shared/seed1/analysis_summary.json,49493d5ccbdf5899a321488836b2790ed8023b56acff590cd487d4ece7f9b45a,5344,HanChuan,1,,,,
shared_a_dynamics,a_shared_current_4datasets_dynamics/HanChuan/shared/seed2/analysis_summary.json,591b84f9a560ed55e9018f4fc9e563e1b69fb0576fc9016a09660c4c7f55a76f,5340,HanChuan,2,,,,
shared_a_dynamics,a_shared_current_4datasets_dynamics/HanChuan/shared/seed3/analysis_summary.json,e8401e6a08c19d2e6b0361deae36158a1b67436388cddc378abf74fbc9b53e1d,5347,HanChuan,3,,,,
shared_a_dynamics,a_shared_current_4datasets_dynamics/HanChuan/shared/seed4/analysis_summary.json,45dd35fcab599539034f2f77f60d8b4342c4f4b445ad80f32a31dd748e65852f,5346,HanChuan,4,,,,
shared_a_dynamics,a_shared_current_4datasets_dynamics/HanChuan/shared/seed5/analysis_summary.json,11fc9891f93cf07b792e71404e5773cc3e1a705ceeb17ed9cc928d18f982ba38,5345,HanChuan,5,,,,
shared_a_dynamics,a_shared_current_4datasets_dynamics/HanChuan/shared/seed6/analysis_summary.json,d0c1effdfdaa07f2388f127974610a8844d03825004d943bd3b96fcc8679dd2e,5340,HanChuan,6,,,,
shared_a_dynamics,a_shared_current_4datasets_dynamics/HanChuan/shared/seed7/analysis_summary.json,d21cdcd897590be3655fecbbe458857585ccea127c2112d26c4726b07d6df162,5335,HanChuan,7,,,,
shared_a_dynamics,a_shared_current_4datasets_dynamics/HanChuan/shared/seed8/analysis_summary.json,76d38c545befcd99cdeabe6b53595a1f7dba2c6e2e85cc7af079423c9a817aa6,5343,HanChuan,8,,,,
shared_a_dynamics,a_shared_current_4datasets_dynamics/HanChuan/shared/seed9/analysis_summary.json,2c8d4bfd9b4461bb24c44217f20e08e82040c50f06974e530dc0aa5485aa0310,5345,HanChuan,9,,,,
shared_a_dynamics,a_shared_current_4datasets_dynamics/HongHu/per_channel/seed0/analysis_summary.json,072c07bf62d5c650645a5d0324faf4da4db81ae5058a09db0d5ce5d393771765,5530,HongHu,0,,,,
shared_a_dynamics,a_shared_current_4datasets_dynamics/HongHu/per_channel/seed1/analysis_summary.json,9787220a244fcac8315f398716c402ab0472a649d50dd4941262f67084f5f35a,5530,HongHu,1,,,,
shared_a_dynamics,a_shared_current_4datasets_dynamics/HongHu/per_channel/seed2/analysis_summary.json,f18a8d6c5e7e3f194906515ecb441894c8bc62349aa95e97eb307ce63a657df6,5535,HongHu,2,,,,
shared_a_dynamics,a_shared_current_4datasets_dynamics/HongHu/per_channel/seed3/analysis_summary.json,06411d4da91551dfd2d62df3b142b4abed078604c6cd6a538e5217d8a6909a97,5529,HongHu,3,,,,
shared_a_dynamics,a_shared_current_4datasets_dynamics/HongHu/per_channel/seed4/analysis_summary.json,0d01d76119a9ffb72e0ea17790bea8055e3321548f8a0491982c439e256921b4,5536,HongHu,4,,,,
shared_a_dynamics,a_shared_current_4datasets_dynamics/HongHu/per_channel/seed5/analysis_summary.json,425179cb9a93f6c2e6968db4f95bdee40050869a863d53317f31aaa9bcdd236a,5529,HongHu,5,,,,
shared_a_dynamics,a_shared_current_4datasets_dynamics/HongHu/per_channel/seed6/analysis_summary.json,3fa076678f6b7fafac98f8439822450dde922b785b32cb58d12b83303873916d,5538,HongHu,6,,,,
shared_a_dynamics,a_shared_current_4datasets_dynamics/HongHu/per_channel/seed7/analysis_summary.json,5105c4a13c25c6a2db6ace5a82b4a08fddd926d250c29b7bafb52d04b6dd105d,5535,HongHu,7,,,,
shared_a_dynamics,a_shared_current_4datasets_dynamics/HongHu/per_channel/seed8/analysis_summary.json,ac3669561a44419e7b397f37e4a851e6519935b8c76d985a28eafab9aa42d523,5529,HongHu,8,,,,
shared_a_dynamics,a_shared_current_4datasets_dynamics/HongHu/per_channel/seed9/analysis_summary.json,c839b3275708c737863f90d8c165b6f71d250bd997cbc9d0ec1249e81baff025,5533,HongHu,9,,,,
shared_a_dynamics,a_shared_current_4datasets_dynamics/HongHu/shared/seed0/analysis_summary.json,ee5e6aef681c55d7a888ff3360458eb2edf9c30e3620b023067ec9aa262c59d1,5339,HongHu,0,,,,
shared_a_dynamics,a_shared_current_4datasets_dynamics/HongHu/shared/seed1/analysis_summary.json,a90d16a7b45ed923b78b0089d0f7584f956431bc1e1b161318af0eaa6078198b,5334,HongHu,1,,,,
shared_a_dynamics,a_shared_current_4datasets_dynamics/HongHu/shared/seed2/analysis_summary.json,31a38ab1694acbe53b266acd5b4f2b5d4ab5abf67c628330e63fcf5de62f0d80,5335,HongHu,2,,,,
shared_a_dynamics,a_shared_current_4datasets_dynamics/HongHu/shared/seed3/analysis_summary.json,a66ad9b1395b2599850fcfe5552cf4373dc91026da5c1c71dcaed975c5284f6b,5335,HongHu,3,,,,
shared_a_dynamics,a_shared_current_4datasets_dynamics/HongHu/shared/seed4/analysis_summary.json,e0dd3f78b2db455ab3cb64b59cdb639f5a67cad715e6d50bd5d64841246443c4,5332,HongHu,4,,,,
shared_a_dynamics,a_shared_current_4datasets_dynamics/HongHu/shared/seed5/analysis_summary.json,80243540693899a7309c7d55bc64394c12ccd6173f2e35eda520ab007154664c,5336,HongHu,5,,,,
shared_a_dynamics,a_shared_current_4datasets_dynamics/HongHu/shared/seed6/analysis_summary.json,56293aa158f6657d3c8f28cd900db6b2e08b5944fb042560ae0f731bc2c81173,5336,HongHu,6,,,,
shared_a_dynamics,a_shared_current_4datasets_dynamics/HongHu/shared/seed7/analysis_summary.json,0a14ea8904565701bf5050c36e81eeae764db62c168154ab31360b3d3927e328,5338,HongHu,7,,,,
shared_a_dynamics,a_shared_current_4datasets_dynamics/HongHu/shared/seed8/analysis_summary.json,7dc5f03353449db8a6b4ad3a3b52a3c2d9b282ba615c80ca50af4a4f6307ff04,5335,HongHu,8,,,,
shared_a_dynamics,a_shared_current_4datasets_dynamics/HongHu/shared/seed9/analysis_summary.json,caf7a64c106ae0a8355dd2dd7b83d50325f9c81eb8042cfe41489869e53c40b4,5331,HongHu,9,,,,
shared_a_dynamics,a_shared_current_4datasets_dynamics/Houston/per_channel/seed0/analysis_summary.json,978dfe2ba58cc8f20de72c796ed184a9bf29ac30e40d148563786c2ff3f29868,5540,Houston,0,,,,
shared_a_dynamics,a_shared_current_4datasets_dynamics/Houston/per_channel/seed1/analysis_summary.json,946254ec3d60431949869071a2c1e3b5ec691a6e24250433ddcf7fe94e680998,5539,Houston,1,,,,
shared_a_dynamics,a_shared_current_4datasets_dynamics/Houston/per_channel/seed2/analysis_summary.json,47bddfe37b6883ce243abbc041e32f7d2f6eaa75e64c1cfb6ba9b0ac9e95cfce,5544,Houston,2,,,,
shared_a_dynamics,a_shared_current_4datasets_dynamics/Houston/per_channel/seed3/analysis_summary.json,1fa9175b901d79d8464fecfa8b336cd3aec83d2b3cb61d8a9a51993c0d4912cb,5536,Houston,3,,,,
shared_a_dynamics,a_shared_current_4datasets_dynamics/Houston/per_channel/seed4/analysis_summary.json,ef052f99abb150df0f2928d83ac8153f159d9b07e18a58efd764c286bb4c7cad,5536,Houston,4,,,,
shared_a_dynamics,a_shared_current_4datasets_dynamics/Houston/per_channel/seed5/analysis_summary.json,33fea4d2922fe205f498cdbb27ce17f9ff564621d7066b58797cd64c04f79632,5543,Houston,5,,,,
shared_a_dynamics,a_shared_current_4datasets_dynamics/Houston/per_channel/seed6/analysis_summary.json,bc8a34309eaa4d13e305ca4d686223b51d6d38159725acf78caf24e641b6f110,5535,Houston,6,,,,
shared_a_dynamics,a_shared_current_4datasets_dynamics/Houston/per_channel/seed7/analysis_summary.json,3800a072b12c5f940b25e2616f4b1907195f858529b24d7610f0641b58fd7667,5539,Houston,7,,,,
shared_a_dynamics,a_shared_current_4datasets_dynamics/Houston/per_channel/seed8/analysis_summary.json,3a7c9264a98b2bf6997863952558aa25959bca5a3d162d24e556d9c2a9e95cf5,5533,Houston,8,,,,
shared_a_dynamics,a_shared_current_4datasets_dynamics/Houston/per_channel/seed9/analysis_summary.json,b291f4c8a21d312d6bf7db49df67703cba0169462a8c972726024f107abc1899,5541,Houston,9,,,,
shared_a_dynamics,a_shared_current_4datasets_dynamics/Houston/shared/seed0/analysis_summary.json,436d3c32321226ad013f5a553ada3fcf95969516f52357fbce8038f5cc2f4a47,5341,Houston,0,,,,
shared_a_dynamics,a_shared_current_4datasets_dynamics/Houston/shared/seed1/analysis_summary.json,1a726e63abb580ea0c33829feafa6ee6e4fa10a0c38b910eabe162ab2a1ea3fc,5335,Houston,1,,,,
shared_a_dynamics,a_shared_current_4datasets_dynamics/Houston/shared/seed2/analysis_summary.json,aeba12f1e5dc628304a343ab671bb70bdab3714ae451fe333493f9b0aa1e4b98,5341,Houston,2,,,,
shared_a_dynamics,a_shared_current_4datasets_dynamics/Houston/shared/seed3/analysis_summary.json,989a8edbdd511060b44b4059e188c8f573e8965c5d5a0e20db7b84b38c733293,5341,Houston,3,,,,
shared_a_dynamics,a_shared_current_4datasets_dynamics/Houston/shared/seed4/analysis_summary.json,2e4d5f12bbe7ee8895238973a21230fea6da488b1ee38bf98f26a4b381f247fe,5340,Houston,4,,,,
shared_a_dynamics,a_shared_current_4datasets_dynamics/Houston/shared/seed5/analysis_summary.json,06a71865898e47347d2ee18eaca2c26039fba76fbcdcb14d05eaff002fe64893,5339,Houston,5,,,,
shared_a_dynamics,a_shared_current_4datasets_dynamics/Houston/shared/seed6/analysis_summary.json,2e740b03b2b649f194c9ccddb4bec511a89d07bc88b069f39b1dd5a089210750,5338,Houston,6,,,,
shared_a_dynamics,a_shared_current_4datasets_dynamics/Houston/shared/seed7/analysis_summary.json,158ef49f9ab8155a9f39941fab834a5c5e0a78fb37b4c67fd0bf9ef48f202890,5340,Houston,7,,,,
shared_a_dynamics,a_shared_current_4datasets_dynamics/Houston/shared/seed8/analysis_summary.json,2970c690ff97c694ede50e284bcfb8ca4a9b4aec144dfa162d3becc80b817d6d,5341,Houston,8,,,,
shared_a_dynamics,a_shared_current_4datasets_dynamics/Houston/shared/seed9/analysis_summary.json,9640f6b72ee193e7186e6d14f77977b6e431d4cf8746d78d142d00801e7603bc,5342,Houston,9,,,,
shared_a_dynamics,a_shared_current_4datasets_dynamics/UP/per_channel/seed0/analysis_summary.json,c6a0634ad737885ba617cd184ab92155fd587e932d2aa9a6063c0f6657c25caa,5525,UP,0,,,,
shared_a_dynamics,a_shared_current_4datasets_dynamics/UP/per_channel/seed1/analysis_summary.json,783de4950db0dfb7a9c936b215a082326c62fb0e64ca956c5a56dd509a6aca79,5531,UP,1,,,,
shared_a_dynamics,a_shared_current_4datasets_dynamics/UP/per_channel/seed2/analysis_summary.json,e96f34d88ccec1ab73740940230466ec011aaf16583fcefb6961be7f2eda0768,5520,UP,2,,,,
shared_a_dynamics,a_shared_current_4datasets_dynamics/UP/per_channel/seed3/analysis_summary.json,790254548d20e4003c6940c56ee0bc3193e70a13a35a69a9c745dfdd00bdd127,5527,UP,3,,,,
shared_a_dynamics,a_shared_current_4datasets_dynamics/UP/per_channel/seed4/analysis_summary.json,7e327978a9f0d763a1b57356a9b25d03987a0599f65fe035ea72060cff5170f3,5527,UP,4,,,,
shared_a_dynamics,a_shared_current_4datasets_dynamics/UP/per_channel/seed5/analysis_summary.json,e163d6d8ff85ba825fec83c82d9b042d334542f7b4588d54ba1db89f65a305c7,5525,UP,5,,,,
shared_a_dynamics,a_shared_current_4datasets_dynamics/UP/per_channel/seed6/analysis_summary.json,0b7bd1578951f07b2ebf7fdab4e6ea0a5c416d5fd0046fd41ae933d8ccaf5a64,5520,UP,6,,,,
shared_a_dynamics,a_shared_current_4datasets_dynamics/UP/per_channel/seed7/analysis_summary.json,9da8c9eb59f91e914b5a79677531ebc3eb183fe4db0b2f42024f1776ef436e66,5529,UP,7,,,,
shared_a_dynamics,a_shared_current_4datasets_dynamics/UP/per_channel/seed8/analysis_summary.json,acf5a9289a880a256df959ecb9ddc4ba88fc627d8623eda9e2b9dfce3a81816e,5524,UP,8,,,,
shared_a_dynamics,a_shared_current_4datasets_dynamics/UP/per_channel/seed9/analysis_summary.json,c89df2bbd56d4a93c2a07c8d976c4778aa4e8ade3f250f38996fa1659c63562d,5524,UP,9,,,,
shared_a_dynamics,a_shared_current_4datasets_dynamics/UP/shared/seed0/analysis_summary.json,c6e703b2c2097f0c118196ce32dc412401aa7310e5b9e3b06ce026bfb1040120,5327,UP,0,,,,
shared_a_dynamics,a_shared_current_4datasets_dynamics/UP/shared/seed1/analysis_summary.json,b8aabb857dc99b6cd7dea789d11b213db97c9cff9957ff249d3a726b44cb0fd6,5322,UP,1,,,,
shared_a_dynamics,a_shared_current_4datasets_dynamics/UP/shared/seed2/analysis_summary.json,b7fca56071f05853f306f25d90ecd6f5e9b645641fb7e159d18103c9f547e20f,5326,UP,2,,,,
shared_a_dynamics,a_shared_current_4datasets_dynamics/UP/shared/seed3/analysis_summary.json,269bedc45dfdf08a260bc116f5699c3d033a0d10d8e7095b11a2aaa465e786f5,5324,UP,3,,,,
shared_a_dynamics,a_shared_current_4datasets_dynamics/UP/shared/seed4/analysis_summary.json,45c63f41300907459191aec083e78e6f1b7133c2dfa97d8007db6340c1decf3c,5321,UP,4,,,,
shared_a_dynamics,a_shared_current_4datasets_dynamics/UP/shared/seed5/analysis_summary.json,6897546a09c5300f29548d2e73bca6c9174e63972b4abbcf5a9e91a109acff4b,5322,UP,5,,,,
shared_a_dynamics,a_shared_current_4datasets_dynamics/UP/shared/seed6/analysis_summary.json,bbcb001823648f83ee65d13de558262739a8754341205d2ebda6eee25da8931f,5323,UP,6,,,,
shared_a_dynamics,a_shared_current_4datasets_dynamics/UP/shared/seed7/analysis_summary.json,f317bdd55cc31c6d56c95f45b117ea05b52997858198292cd05d681762c04dd8,5326,UP,7,,,,
shared_a_dynamics,a_shared_current_4datasets_dynamics/UP/shared/seed8/analysis_summary.json,5bf1b12e131c8bd602ca9d5df49a631e2767e20c9d42eee2dca6645e98f1cd76,5326,UP,8,,,,
shared_a_dynamics,a_shared_current_4datasets_dynamics/UP/shared/seed9/analysis_summary.json,cb50220c314500e047c8e723583126db01de480db6f1375f867db24ece1a0a39,5325,UP,9,,,,
qat_eval8_UP,freeze20/models/SPATIAL_SPLIT_3WAY_DENSE_QAT/UP_patch_max_D_mean_freeze20/current_h32_br-both_fu-sum_sk2_z0_D1_A-shared_n-bn_a-relu_head64_tok4_state16/run_seed0/result.json,b537179348d28a0ad4aeb0ecc5963b806acb378a5e9c736a5c5fcc84cc371adc,10612,UP,0,8,current_h32_br-both_fu-sum_sk2_z0_D1_A-shared_n-bn_a-relu_head64_tok4_state16,,0.9534787978592013
qat_eval8_UP,freeze20/models/SPATIAL_SPLIT_3WAY_DENSE_QAT/UP_patch_max_D_mean_freeze20/current_h32_br-both_fu-sum_sk2_z0_D1_A-shared_n-bn_a-relu_head64_tok4_state16/run_seed1/result.json,424bfbea592e50e1e67fd51d9c990c8659acdb480c0f9540792a95ed8afc07f9,10167,UP,1,8,current_h32_br-both_fu-sum_sk2_z0_D1_A-shared_n-bn_a-relu_head64_tok4_state16,,0.9656648826677645
qat_eval8_UP,freeze20/models/SPATIAL_SPLIT_3WAY_DENSE_QAT/UP_patch_max_D_mean_freeze20/current_h32_br-both_fu-sum_sk2_z0_D1_A-shared_n-bn_a-relu_head64_tok4_state16/run_seed2/result.json,4fe87ce15dd3b4d406db99c78aa66c14308d730b4013ea206907d83aa51758a6,10576,UP,2,8,current_h32_br-both_fu-sum_sk2_z0_D1_A-shared_n-bn_a-relu_head64_tok4_state16,,0.9748044462741869
qat_eval8_UP,freeze20/models/SPATIAL_SPLIT_3WAY_DENSE_QAT/UP_patch_max_D_mean_freeze20/current_h32_br-both_fu-sum_sk2_z0_D1_A-shared_n-bn_a-relu_head64_tok4_state16/run_seed3/result.json,89d79d69a1c73676b253b7a25eb53a77eedba2f3ebbe1a04cc6e9922ba2b34d6,10829,UP,3,8,current_h32_br-both_fu-sum_sk2_z0_D1_A-shared_n-bn_a-relu_head64_tok4_state16,,0.9594071634417456
qat_eval8_UP,freeze20/models/SPATIAL_SPLIT_3WAY_DENSE_QAT/UP_patch_max_D_mean_freeze20/current_h32_br-both_fu-sum_sk2_z0_D1_A-shared_n-bn_a-relu_head64_tok4_state16/run_seed4/result.json,868badeb03ba342313dacb55f7b899b08a4f917e3c694bc1fcc80588f46a3526,10614,UP,4,8,current_h32_br-both_fu-sum_sk2_z0_D1_A-shared_n-bn_a-relu_head64_tok4_state16,,0.962536023054755
qat_eval8_UP,freeze20/models/SPATIAL_SPLIT_3WAY_DENSE_QAT/UP_patch_max_D_mean_freeze20/current_h32_br-both_fu-sum_sk2_z0_D1_A-shared_n-bn_a-relu_head64_tok4_state16/run_seed5/result.json,4356d10470d1bb9507157be0c37cfb0b1d3426c11f9882f66277ebbc5b0cd98d,10168,UP,5,8,current_h32_br-both_fu-sum_sk2_z0_D1_A-shared_n-bn_a-relu_head64_tok4_state16,,0.9736517085220255
qat_eval8_UP,freeze20/models/SPATIAL_SPLIT_3WAY_DENSE_QAT/UP_patch_max_D_mean_freeze20/current_h32_br-both_fu-sum_sk2_z0_D1_A-shared_n-bn_a-relu_head64_tok4_state16/run_seed6/result.json,8b977e59c4c96cfcec6f8abf98c8fac56f9dd717858aed1bf6d188a5ca96725b,10163,UP,6,8,current_h32_br-both_fu-sum_sk2_z0_D1_A-shared_n-bn_a-relu_head64_tok4_state16,,0.9585837793330588
qat_eval8_UP,freeze20/models/SPATIAL_SPLIT_3WAY_DENSE_QAT/UP_patch_max_D_mean_freeze20/current_h32_br-both_fu-sum_sk2_z0_D1_A-shared_n-bn_a-relu_head64_tok4_state16/run_seed7/result.json,85ae44b455bc6286c31b506ffa497f427193f415d23e13c36413b7e3f8f2f1d4,10403,UP,7,8,current_h32_br-both_fu-sum_sk2_z0_D1_A-shared_n-bn_a-relu_head64_tok4_state16,,0.9494442157266365
qat_eval8_UP,freeze20/models/SPATIAL_SPLIT_3WAY_DENSE_QAT/UP_patch_max_D_mean_freeze20/current_h32_br-both_fu-sum_sk2_z0_D1_A-shared_n-bn_a-relu_head64_tok4_state16/run_seed8/result.json,1bb54a07cabc1a648122c14c3d379fcf5918022595631b87ff6a29ce71f74d3c,10407,UP,8,8,current_h32_br-both_fu-sum_sk2_z0_D1_A-shared_n-bn_a-relu_head64_tok4_state16,,0.9583367641004529
qat_eval8_UP,freeze20/models/SPATIAL_SPLIT_3WAY_DENSE_QAT/UP_patch_max_D_mean_freeze20/current_h32_br-both_fu-sum_sk2_z0_D1_A-shared_n-bn_a-relu_head64_tok4_state16/run_seed9/result.json,b9f3bd9b450f1616402716975966d3a172547c3884e65bed96b78c1f2956db0e,10854,UP,9,8,current_h32_br-both_fu-sum_sk2_z0_D1_A-shared_n-bn_a-relu_head64_tok4_state16,,0.9565253190613421
qat_eval8_other3,patch_max_D_mean_freeze20_other3_10seeds/HanChuan/models/SPATIAL_SPLIT_3WAY_DENSE_QAT/HanChuan_patch_max_D_mean_freeze20/current_h32_br-both_fu-sum_sk2_z0_D1_A-shared_n-bn_a-relu_head64_tok4_state16/run_seed0/result.json,33029928c7833e3b2270471609ae8e7860cfa0ad7a9e2c17a049095b8a9da557,15071,HanChuan,0,8,current_h32_br-both_fu-sum_sk2_z0_D1_A-shared_n-bn_a-relu_head64_tok4_state16,,0.923729144179877
qat_eval8_other3,patch_max_D_mean_freeze20_other3_10seeds/HanChuan/models/SPATIAL_SPLIT_3WAY_DENSE_QAT/HanChuan_patch_max_D_mean_freeze20/current_h32_br-both_fu-sum_sk2_z0_D1_A-shared_n-bn_a-relu_head64_tok4_state16/run_seed1/result.json,8817d02a2d240d184ea6a7910a54531feedbb191fe0a46c9215526aa33a9bb9a,15083,HanChuan,1,8,current_h32_br-both_fu-sum_sk2_z0_D1_A-shared_n-bn_a-relu_head64_tok4_state16,,0.926954237486508
qat_eval8_other3,patch_max_D_mean_freeze20_other3_10seeds/HanChuan/models/SPATIAL_SPLIT_3WAY_DENSE_QAT/HanChuan_patch_max_D_mean_freeze20/current_h32_br-both_fu-sum_sk2_z0_D1_A-shared_n-bn_a-relu_head64_tok4_state16/run_seed2/result.json,4ee654a152a6008c999d1e4d865d752ad9b0dc6f782d74356d2cb56110501f22,15072,HanChuan,2,8,current_h32_br-both_fu-sum_sk2_z0_D1_A-shared_n-bn_a-relu_head64_tok4_state16,,0.9117520839564612
qat_eval8_other3,patch_max_D_mean_freeze20_other3_10seeds/HanChuan/models/SPATIAL_SPLIT_3WAY_DENSE_QAT/HanChuan_patch_max_D_mean_freeze20/current_h32_br-both_fu-sum_sk2_z0_D1_A-shared_n-bn_a-relu_head64_tok4_state16/run_seed3/result.json,593c2a5bf61f0f415fb2becaf0cabc934f6b5a062bd5079fed57e29d550b2e2f,15092,HanChuan,3,8,current_h32_br-both_fu-sum_sk2_z0_D1_A-shared_n-bn_a-relu_head64_tok4_state16,,0.9005812970597032
qat_eval8_other3,patch_max_D_mean_freeze20_other3_10seeds/HanChuan/models/SPATIAL_SPLIT_3WAY_DENSE_QAT/HanChuan_patch_max_D_mean_freeze20/current_h32_br-both_fu-sum_sk2_z0_D1_A-shared_n-bn_a-relu_head64_tok4_state16/run_seed4/result.json,c52b9569ee502eb224a73c295ab18737243833db9f39d07e25a453b6fdb5c4fa,15043,HanChuan,4,8,current_h32_br-both_fu-sum_sk2_z0_D1_A-shared_n-bn_a-relu_head64_tok4_state16,,0.9263560346957619
qat_eval8_other3,patch_max_D_mean_freeze20_other3_10seeds/HanChuan/models/SPATIAL_SPLIT_3WAY_DENSE_QAT/HanChuan_patch_max_D_mean_freeze20/current_h32_br-both_fu-sum_sk2_z0_D1_A-shared_n-bn_a-relu_head64_tok4_state16/run_seed5/result.json,ea388358f1e4db73f2993ee66fb63023104952012e007d916e7a2faecf749970,15057,HanChuan,5,8,current_h32_br-both_fu-sum_sk2_z0_D1_A-shared_n-bn_a-relu_head64_tok4_state16,,0.9212453021574314
qat_eval8_other3,patch_max_D_mean_freeze20_other3_10seeds/HanChuan/models/SPATIAL_SPLIT_3WAY_DENSE_QAT/HanChuan_patch_max_D_mean_freeze20/current_h32_br-both_fu-sum_sk2_z0_D1_A-shared_n-bn_a-relu_head64_tok4_state16/run_seed6/result.json,c4b0209f701b1dd507d596241b7fa3d2d335034e30cf809d4da2161a71d64e15,15052,HanChuan,6,8,current_h32_br-both_fu-sum_sk2_z0_D1_A-shared_n-bn_a-relu_head64_tok4_state16,,0.9146130538252467
qat_eval8_other3,patch_max_D_mean_freeze20_other3_10seeds/HanChuan/models/SPATIAL_SPLIT_3WAY_DENSE_QAT/HanChuan_patch_max_D_mean_freeze20/current_h32_br-both_fu-sum_sk2_z0_D1_A-shared_n-bn_a-relu_head64_tok4_state16/run_seed7/result.json,d7973474a4c713ff78aa037b8f4f57ed7a26777d71e144416e9d0cf1f1dacd8d,15071,HanChuan,7,8,current_h32_br-both_fu-sum_sk2_z0_D1_A-shared_n-bn_a-relu_head64_tok4_state16,,0.9209982183960362
qat_eval8_other3,patch_max_D_mean_freeze20_other3_10seeds/HanChuan/models/SPATIAL_SPLIT_3WAY_DENSE_QAT/HanChuan_patch_max_D_mean_freeze20/current_h32_br-both_fu-sum_sk2_z0_D1_A-shared_n-bn_a-relu_head64_tok4_state16/run_seed8/result.json,61363f2b3ff00b1da8f1563590c17335681a878f04b659bd73e3678b7c5ea476,15085,HanChuan,8,8,current_h32_br-both_fu-sum_sk2_z0_D1_A-shared_n-bn_a-relu_head64_tok4_state16,,0.9127144101850527
qat_eval8_other3,patch_max_D_mean_freeze20_other3_10seeds/HanChuan/models/SPATIAL_SPLIT_3WAY_DENSE_QAT/HanChuan_patch_max_D_mean_freeze20/current_h32_br-both_fu-sum_sk2_z0_D1_A-shared_n-bn_a-relu_head64_tok4_state16/run_seed9/result.json,ec59386f711f8fc06cf8c66379ac4d4471eeadba7045e637d7d5aae4c0a04b9e,15096,HanChuan,9,8,current_h32_br-both_fu-sum_sk2_z0_D1_A-shared_n-bn_a-relu_head64_tok4_state16,,0.895938723227174
qat_eval8_other3,patch_max_D_mean_freeze20_other3_10seeds/HongHu/models/SPATIAL_SPLIT_3WAY_DENSE_QAT/HongHu_patch_max_D_mean_freeze20/current_h32_br-both_fu-sum_sk2_z0_D1_A-shared_n-bn_a-relu_head64_tok4_state16/run_seed0/result.json,c2fb85121f70ddbf7cef1a4bbf41ed572f0ffe74d850648a470e116b1269b351,20674,HongHu,0,8,current_h32_br-both_fu-sum_sk2_z0_D1_A-shared_n-bn_a-relu_head64_tok4_state16,,0.9258395601776991
qat_eval8_other3,patch_max_D_mean_freeze20_other3_10seeds/HongHu/models/SPATIAL_SPLIT_3WAY_DENSE_QAT/HongHu_patch_max_D_mean_freeze20/current_h32_br-both_fu-sum_sk2_z0_D1_A-shared_n-bn_a-relu_head64_tok4_state16/run_seed1/result.json,5a565eef6c962b0f4ed493a8f03a6b5d8427c42f487417bc3f8cbdef3aedd181,20636,HongHu,1,8,current_h32_br-both_fu-sum_sk2_z0_D1_A-shared_n-bn_a-relu_head64_tok4_state16,,0.9225374887235962
qat_eval8_other3,patch_max_D_mean_freeze20_other3_10seeds/HongHu/models/SPATIAL_SPLIT_3WAY_DENSE_QAT/HongHu_patch_max_D_mean_freeze20/current_h32_br-both_fu-sum_sk2_z0_D1_A-shared_n-bn_a-relu_head64_tok4_state16/run_seed2/result.json,5b8c326bf2f7d97a8226c069e3633acae421c05fca671ded97c76eb653cfdf64,20635,HongHu,2,8,current_h32_br-both_fu-sum_sk2_z0_D1_A-shared_n-bn_a-relu_head64_tok4_state16,,0.9360521523037906
qat_eval8_other3,patch_max_D_mean_freeze20_other3_10seeds/HongHu/models/SPATIAL_SPLIT_3WAY_DENSE_QAT/HongHu_patch_max_D_mean_freeze20/current_h32_br-both_fu-sum_sk2_z0_D1_A-shared_n-bn_a-relu_head64_tok4_state16/run_seed3/result.json,16309de952da3ca65238b87e3db7e5c5215bc9271dbc26ffe83a08cd8286edfa,20660,HongHu,3,8,current_h32_br-both_fu-sum_sk2_z0_D1_A-shared_n-bn_a-relu_head64_tok4_state16,,0.9383755170124763
qat_eval8_other3,patch_max_D_mean_freeze20_other3_10seeds/HongHu/models/SPATIAL_SPLIT_3WAY_DENSE_QAT/HongHu_patch_max_D_mean_freeze20/current_h32_br-both_fu-sum_sk2_z0_D1_A-shared_n-bn_a-relu_head64_tok4_state16/run_seed4/result.json,6ab05d6464231ec6b1fd5ef1026e463ab5be3c2fce30393da8839b4a3a189650,20664,HongHu,4,8,current_h32_br-both_fu-sum_sk2_z0_D1_A-shared_n-bn_a-relu_head64_tok4_state16,,0.9342223962145325
qat_eval8_other3,patch_max_D_mean_freeze20_other3_10seeds/HongHu/models/SPATIAL_SPLIT_3WAY_DENSE_QAT/HongHu_patch_max_D_mean_freeze20/current_h32_br-both_fu-sum_sk2_z0_D1_A-shared_n-bn_a-relu_head64_tok4_state16/run_seed5/result.json,da63f0e1ca449630a741b4b4e58e7988a8585eb6a533900ef6fbf8d461fd3833,20655,HongHu,5,8,current_h32_br-both_fu-sum_sk2_z0_D1_A-shared_n-bn_a-relu_head64_tok4_state16,,0.9290650371908563
qat_eval8_other3,patch_max_D_mean_freeze20_other3_10seeds/HongHu/models/SPATIAL_SPLIT_3WAY_DENSE_QAT/HongHu_patch_max_D_mean_freeze20/current_h32_br-both_fu-sum_sk2_z0_D1_A-shared_n-bn_a-relu_head64_tok4_state16/run_seed6/result.json,c5c43b2fd784044cd2944d8c964cedc016d5e3b1f52c2662aaf2294f9f764022,20640,HongHu,6,8,current_h32_br-both_fu-sum_sk2_z0_D1_A-shared_n-bn_a-relu_head64_tok4_state16,,0.9323245561777672
qat_eval8_other3,patch_max_D_mean_freeze20_other3_10seeds/HongHu/models/SPATIAL_SPLIT_3WAY_DENSE_QAT/HongHu_patch_max_D_mean_freeze20/current_h32_br-both_fu-sum_sk2_z0_D1_A-shared_n-bn_a-relu_head64_tok4_state16/run_seed7/result.json,633198f1cff52fdccb037507882d7fc05f7cf8b9d676d8f57f465adfa91e2ca6,20638,HongHu,7,8,current_h32_br-both_fu-sum_sk2_z0_D1_A-shared_n-bn_a-relu_head64_tok4_state16,,0.9089292097155793
qat_eval8_other3,patch_max_D_mean_freeze20_other3_10seeds/HongHu/models/SPATIAL_SPLIT_3WAY_DENSE_QAT/HongHu_patch_max_D_mean_freeze20/current_h32_br-both_fu-sum_sk2_z0_D1_A-shared_n-bn_a-relu_head64_tok4_state16/run_seed8/result.json,7115b9f7bbde0115479def828ed48edb8b0e0cf3808e687c3624815ee0c275ec,20611,HongHu,8,8,current_h32_br-both_fu-sum_sk2_z0_D1_A-shared_n-bn_a-relu_head64_tok4_state16,,0.9394137972119624
qat_eval8_other3,patch_max_D_mean_freeze20_other3_10seeds/HongHu/models/SPATIAL_SPLIT_3WAY_DENSE_QAT/HongHu_patch_max_D_mean_freeze20/current_h32_br-both_fu-sum_sk2_z0_D1_A-shared_n-bn_a-relu_head64_tok4_state16/run_seed9/result.json,2ad4f7c37cbed92e6355cac337a296f0bb2d190f66d1ee4f9b170343bf188273,20665,HongHu,9,8,current_h32_br-both_fu-sum_sk2_z0_D1_A-shared_n-bn_a-relu_head64_tok4_state16,,0.9318820105189699
qat_eval8_other3,patch_max_D_mean_freeze20_other3_10seeds/Houston/models/SPATIAL_SPLIT_3WAY_DENSE_QAT/Houston_patch_max_D_mean_freeze20/current_h32_br-both_fu-sum_sk2_z0_D1_A-shared_n-bn_a-relu_head64_tok4_state16/run_seed0/result.json,2dba893a23abdb35e074c9521e1155c657d520938e73c34f482bf72cfcc7c0ef,14676,Houston,0,8,current_h32_br-both_fu-sum_sk2_z0_D1_A-shared_n-bn_a-relu_head64_tok4_state16,,0.93992330634853
qat_eval8_other3,patch_max_D_mean_freeze20_other3_10seeds/Houston/models/SPATIAL_SPLIT_3WAY_DENSE_QAT/Houston_patch_max_D_mean_freeze20/current_h32_br-both_fu-sum_sk2_z0_D1_A-shared_n-bn_a-relu_head64_tok4_state16/run_seed1/result.json,6cf88c2b7c92f26556134368c801635e5b0d4cd5237c157528796ab4e7aafd1f,14652,Houston,1,8,current_h32_br-both_fu-sum_sk2_z0_D1_A-shared_n-bn_a-relu_head64_tok4_state16,,0.9456753302087771
qat_eval8_other3,patch_max_D_mean_freeze20_other3_10seeds/Houston/models/SPATIAL_SPLIT_3WAY_DENSE_QAT/Houston_patch_max_D_mean_freeze20/current_h32_br-both_fu-sum_sk2_z0_D1_A-shared_n-bn_a-relu_head64_tok4_state16/run_seed2/result.json,099a0d7292abe80d8c0a92daa75c7fb065daf80c86afa90deb97f78db96c7b22,14632,Houston,2,8,current_h32_br-both_fu-sum_sk2_z0_D1_A-shared_n-bn_a-relu_head64_tok4_state16,,0.9331060928845335
qat_eval8_other3,patch_max_D_mean_freeze20_other3_10seeds/Houston/models/SPATIAL_SPLIT_3WAY_DENSE_QAT/Houston_patch_max_D_mean_freeze20/current_h32_br-both_fu-sum_sk2_z0_D1_A-shared_n-bn_a-relu_head64_tok4_state16/run_seed3/result.json,7865f9bc9206c660dd7318b91f534cbee21ca21ce8bf267a7b280f433b60b341,14666,Houston,3,8,current_h32_br-both_fu-sum_sk2_z0_D1_A-shared_n-bn_a-relu_head64_tok4_state16,,0.8994461014060503
qat_eval8_other3,patch_max_D_mean_freeze20_other3_10seeds/Houston/models/SPATIAL_SPLIT_3WAY_DENSE_QAT/Houston_patch_max_D_mean_freeze20/current_h32_br-both_fu-sum_sk2_z0_D1_A-shared_n-bn_a-relu_head64_tok4_state16/run_seed4/result.json,d6ec5e756c8b67c126eb40cfb82a107eed44a95297e11ad9a7a3b7166ab211d0,14699,Houston,4,8,current_h32_br-both_fu-sum_sk2_z0_D1_A-shared_n-bn_a-relu_head64_tok4_state16,,0.9326800170430336
qat_eval8_other3,patch_max_D_mean_freeze20_other3_10seeds/Houston/models/SPATIAL_SPLIT_3WAY_DENSE_QAT/Houston_patch_max_D_mean_freeze20/current_h32_br-both_fu-sum_sk2_z0_D1_A-shared_n-bn_a-relu_head64_tok4_state16/run_seed5/result.json,2090432268979af7f7802c43d15284e8789c5e9a6f4fc14a333f25b1d6992c93,14666,Houston,5,8,current_h32_br-both_fu-sum_sk2_z0_D1_A-shared_n-bn_a-relu_head64_tok4_state16,,0.926075841499787
qat_eval8_other3,patch_max_D_mean_freeze20_other3_10seeds/Houston/models/SPATIAL_SPLIT_3WAY_DENSE_QAT/Houston_patch_max_D_mean_freeze20/current_h32_br-both_fu-sum_sk2_z0_D1_A-shared_n-bn_a-relu_head64_tok4_state16/run_seed6/result.json,d8ddacfb5c208e3055ff4f17eaa4626e4341923e1f641684430ed89a4ba86e63,14667,Houston,6,8,current_h32_br-both_fu-sum_sk2_z0_D1_A-shared_n-bn_a-relu_head64_tok4_state16,,0.9324669791222837
qat_eval8_other3,patch_max_D_mean_freeze20_other3_10seeds/Houston/models/SPATIAL_SPLIT_3WAY_DENSE_QAT/Houston_patch_max_D_mean_freeze20/current_h32_br-both_fu-sum_sk2_z0_D1_A-shared_n-bn_a-relu_head64_tok4_state16/run_seed7/result.json,304097ec39ed869235a9a29940d40477587a7780df0eec69055d2ab09fa9bf6b,14752,Houston,7,8,current_h32_br-both_fu-sum_sk2_z0_D1_A-shared_n-bn_a-relu_head64_tok4_state16,,0.8636557307200682
qat_eval8_other3,patch_max_D_mean_freeze20_other3_10seeds/Houston/models/SPATIAL_SPLIT_3WAY_DENSE_QAT/Houston_patch_max_D_mean_freeze20/current_h32_br-both_fu-sum_sk2_z0_D1_A-shared_n-bn_a-relu_head64_tok4_state16/run_seed8/result.json,928b85b9343763ed2293c5528ad8f32ba0da9bc289c3d694e0238012a97c8bda,14667,Houston,8,8,current_h32_br-both_fu-sum_sk2_z0_D1_A-shared_n-bn_a-relu_head64_tok4_state16,,0.8794205368555603
qat_eval8_other3,patch_max_D_mean_freeze20_other3_10seeds/Houston/models/SPATIAL_SPLIT_3WAY_DENSE_QAT/Houston_patch_max_D_mean_freeze20/current_h32_br-both_fu-sum_sk2_z0_D1_A-shared_n-bn_a-relu_head64_tok4_state16/run_seed9/result.json,efff88819238d34c24abf2ad8334519582d7626a48540aee0a32a6047f85c810,14716,Houston,9,8,current_h32_br-both_fu-sum_sk2_z0_D1_A-shared_n-bn_a-relu_head64_tok4_state16,,0.9371538133787815
freeze1_UP,freeze1/models/SPATIAL_SPLIT_3WAY_DENSE_QAT/UP_patch_max_D_mean_freeze1/current_h32_br-both_fu-sum_sk2_z0_D1_A-shared_n-bn_a-relu_head64_tok4_state16/run_seed0/result.json,824120eb5f314f74f0b03901003d16d0d1a5c5e15f16e298ea630371b8f12a06,10164,UP,0,8,current_h32_br-both_fu-sum_sk2_z0_D1_A-shared_n-bn_a-relu_head64_tok4_state16,,0.9573487031700288
freeze1_UP,freeze1/models/SPATIAL_SPLIT_3WAY_DENSE_QAT/UP_patch_max_D_mean_freeze1/current_h32_br-both_fu-sum_sk2_z0_D1_A-shared_n-bn_a-relu_head64_tok4_state16/run_seed1/result.json,28813d37e88090fb116bac6f72d8c97cc8cda2887364dff28a75150aef26cb99,10171,UP,1,8,current_h32_br-both_fu-sum_sk2_z0_D1_A-shared_n-bn_a-relu_head64_tok4_state16,,0.9602305475504322
freeze1_UP,freeze1/models/SPATIAL_SPLIT_3WAY_DENSE_QAT/UP_patch_max_D_mean_freeze1/current_h32_br-both_fu-sum_sk2_z0_D1_A-shared_n-bn_a-relu_head64_tok4_state16/run_seed2/result.json,1a547b08ad5c7d587137c7fdeb554e5f907acf678455e66af343a9a1ca7d936b,10114,UP,2,8,current_h32_br-both_fu-sum_sk2_z0_D1_A-shared_n-bn_a-relu_head64_tok4_state16,,0.9709345409633594
freeze1_UP,freeze1/models/SPATIAL_SPLIT_3WAY_DENSE_QAT/UP_patch_max_D_mean_freeze1/current_h32_br-both_fu-sum_sk2_z0_D1_A-shared_n-bn_a-relu_head64_tok4_state16/run_seed3/result.json,b593e27c7895c66117a25c948e704de583780b69cb4fd24fcecf3ba3efcdde5f,10336,UP,3,8,current_h32_br-both_fu-sum_sk2_z0_D1_A-shared_n-bn_a-relu_head64_tok4_state16,,0.9503499382461918
freeze1_UP,freeze1/models/SPATIAL_SPLIT_3WAY_DENSE_QAT/UP_patch_max_D_mean_freeze1/current_h32_br-both_fu-sum_sk2_z0_D1_A-shared_n-bn_a-relu_head64_tok4_state16/run_seed4/result.json,8f54853c647fec0ac5566bfca3037479bb5e8354080404e696b90ff46ddd360c,10135,UP,4,8,current_h32_br-both_fu-sum_sk2_z0_D1_A-shared_n-bn_a-relu_head64_tok4_state16,,0.9586661177439275
freeze1_UP,freeze1/models/SPATIAL_SPLIT_3WAY_DENSE_QAT/UP_patch_max_D_mean_freeze1/current_h32_br-both_fu-sum_sk2_z0_D1_A-shared_n-bn_a-relu_head64_tok4_state16/run_seed5/result.json,ae29066fb575d42d151e7bb1b713bc756985d719a4710c803998aa930bee13ca,10148,UP,5,8,current_h32_br-both_fu-sum_sk2_z0_D1_A-shared_n-bn_a-relu_head64_tok4_state16,,0.9673116508851379
freeze1_UP,freeze1/models/SPATIAL_SPLIT_3WAY_DENSE_QAT/UP_patch_max_D_mean_freeze1/current_h32_br-both_fu-sum_sk2_z0_D1_A-shared_n-bn_a-relu_head64_tok4_state16/run_seed6/result.json,d1da8a89a755e24d197dcd3cdd595f6ad0556c0290ef05f7298e98840651ade3,10145,UP,6,8,current_h32_br-both_fu-sum_sk2_z0_D1_A-shared_n-bn_a-relu_head64_tok4_state16,,0.9649238369699464
freeze1_UP,freeze1/models/SPATIAL_SPLIT_3WAY_DENSE_QAT/UP_patch_max_D_mean_freeze1/current_h32_br-both_fu-sum_sk2_z0_D1_A-shared_n-bn_a-relu_head64_tok4_state16/run_seed7/result.json,61f0c4a9c8268063e547560e1dc1e683bd990d212d1cd64ed26e025592bbc078,10177,UP,7,8,current_h32_br-both_fu-sum_sk2_z0_D1_A-shared_n-bn_a-relu_head64_tok4_state16,,0.9594895018526143
freeze1_UP,freeze1/models/SPATIAL_SPLIT_3WAY_DENSE_QAT/UP_patch_max_D_mean_freeze1/current_h32_br-both_fu-sum_sk2_z0_D1_A-shared_n-bn_a-relu_head64_tok4_state16/run_seed8/result.json,c474150f6801310bfbae0af01fca30035edfaf0c612021f2ef3e7fdb525af63a,10184,UP,8,8,current_h32_br-both_fu-sum_sk2_z0_D1_A-shared_n-bn_a-relu_head64_tok4_state16,,0.9320708110333471
freeze1_UP,freeze1/models/SPATIAL_SPLIT_3WAY_DENSE_QAT/UP_patch_max_D_mean_freeze1/current_h32_br-both_fu-sum_sk2_z0_D1_A-shared_n-bn_a-relu_head64_tok4_state16/run_seed9/result.json,96dfb1f6a29b0482c09ca8d72ea0babe0be1916659ab0bb30f6f850cab4b725d,10161,UP,9,8,current_h32_br-both_fu-sum_sk2_z0_D1_A-shared_n-bn_a-relu_head64_tok4_state16,,0.968299711815562
fpga_eval8,fpga_patch_max_D_mean_freeze20_4datasets/HanChuan/seed0/fpga_simulation_result.json,710adfbbc959e85106686172f8e6e0b81f1ca77cc67507518d4bb0b18a1cedb5,34312,HanChuan,0,,,,
fpga_eval8,fpga_patch_max_D_mean_freeze20_4datasets/HanChuan/seed1/fpga_simulation_result.json,1d91e1ca7a4df5fe60dce02287719bc1ce8f095a2476f94250f7f1b622f64417,34267,HanChuan,1,,,,
fpga_eval8,fpga_patch_max_D_mean_freeze20_4datasets/HanChuan/seed2/fpga_simulation_result.json,0f342525819ccac6f6112fef36a530384097d018446785853959404f998d7f72,34319,HanChuan,2,,,,
fpga_eval8,fpga_patch_max_D_mean_freeze20_4datasets/HanChuan/seed3/fpga_simulation_result.json,782b09f17b2d0865c0e524355028030bd9e98a3aa9330a0e9abd27f460ea2b32,34330,HanChuan,3,,,,
fpga_eval8,fpga_patch_max_D_mean_freeze20_4datasets/HanChuan/seed4/fpga_simulation_result.json,8df83761eb5ecdd64a4f1fbadb862ca7ad00c453ac859b65a1e28af5e6088c22,34306,HanChuan,4,,,,
fpga_eval8,fpga_patch_max_D_mean_freeze20_4datasets/HanChuan/seed5/fpga_simulation_result.json,78cf329f681d8e62e7874042246a439c5423e619b6413bd4b55d7b4da7e8a640,34321,HanChuan,5,,,,
fpga_eval8,fpga_patch_max_D_mean_freeze20_4datasets/HanChuan/seed6/fpga_simulation_result.json,9652408b681692bda7745ef9864b7722ec94e9bbdf5395b01b5e6ef09e34b7d9,34274,HanChuan,6,,,,
fpga_eval8,fpga_patch_max_D_mean_freeze20_4datasets/HanChuan/seed7/fpga_simulation_result.json,4283fc5ab19b6b3f283ac0979b85c84b20c155dc8147a13e2154e296fd1339af,34327,HanChuan,7,,,,
fpga_eval8,fpga_patch_max_D_mean_freeze20_4datasets/HanChuan/seed8/fpga_simulation_result.json,8d44a0dadedb4cbff967cb5a4793a061828e90105164e3f3bce2b9dca1d4732f,34325,HanChuan,8,,,,
fpga_eval8,fpga_patch_max_D_mean_freeze20_4datasets/HanChuan/seed9/fpga_simulation_result.json,de96c05166e4953b6e51eeaacd10134a1bb6dcc6799bac68813b630bd771d33e,34379,HanChuan,9,,,,
fpga_eval8,fpga_patch_max_D_mean_freeze20_4datasets/HongHu/seed0/fpga_simulation_result.json,afcb79cac91efc64216cce54c5c9d8f976da206b569cb2fc35ea8ad90d10eed1,48541,HongHu,0,,,,
fpga_eval8,fpga_patch_max_D_mean_freeze20_4datasets/HongHu/seed1/fpga_simulation_result.json,7609925e5b81cf818a23605503b2e55d947aa49a9b2d3a6304ff03a6bb498050,48473,HongHu,1,,,,
fpga_eval8,fpga_patch_max_D_mean_freeze20_4datasets/HongHu/seed2/fpga_simulation_result.json,fd614883a3a952937ea6b97678e9d22cc7955a09d532dc7b71601106b19eaae9,48515,HongHu,2,,,,
fpga_eval8,fpga_patch_max_D_mean_freeze20_4datasets/HongHu/seed3/fpga_simulation_result.json,81f2076cd6222a24c13d98135fe368b2bbc10cd30d070f1e3a5d455acc6d9a8a,48502,HongHu,3,,,,
fpga_eval8,fpga_patch_max_D_mean_freeze20_4datasets/HongHu/seed4/fpga_simulation_result.json,80e7f2ac4abcfd59765276fe1c8595a8e740190baa0a06c4cc5c78306cfdccaf,48494,HongHu,4,,,,
fpga_eval8,fpga_patch_max_D_mean_freeze20_4datasets/HongHu/seed5/fpga_simulation_result.json,91519a39164bc802c358050e40a2afcae6bb6d1eea27759127e44c54356e4a6a,48558,HongHu,5,,,,
fpga_eval8,fpga_patch_max_D_mean_freeze20_4datasets/HongHu/seed6/fpga_simulation_result.json,ae49b2a6de587053a14774ca147a066e0eacb83ecef234881a6b83186eca9493,48525,HongHu,6,,,,
fpga_eval8,fpga_patch_max_D_mean_freeze20_4datasets/HongHu/seed7/fpga_simulation_result.json,a06630c2f33ef5289551baea48856c69acdfaf8fc7beecd164da529f5ad7c700,48527,HongHu,7,,,,
fpga_eval8,fpga_patch_max_D_mean_freeze20_4datasets/HongHu/seed8/fpga_simulation_result.json,afdb348e60e6e6f7eb424b1195f3ad4ae18fc78309190559af43c86212d3ba47,48466,HongHu,8,,,,
fpga_eval8,fpga_patch_max_D_mean_freeze20_4datasets/HongHu/seed9/fpga_simulation_result.json,5c7a9a0dd3d262e532427bcf71d7529e9930a145ea40606efdcba56d61a6398d,48573,HongHu,9,,,,
fpga_eval8,fpga_patch_max_D_mean_freeze20_4datasets/Houston/seed0/fpga_simulation_result.json,c1495bb3b8d428efdfc674582b43f13662dbb2d4d8a803cdf01b7ab723f3a044,31571,Houston,0,,,,
fpga_eval8,fpga_patch_max_D_mean_freeze20_4datasets/Houston/seed1/fpga_simulation_result.json,974376a3e6e71750b469cbe6b49c7c22c5449bd42f7bf6dbb6fcb2cedb1d4abf,31538,Houston,1,,,,
fpga_eval8,fpga_patch_max_D_mean_freeze20_4datasets/Houston/seed2/fpga_simulation_result.json,050d9133f70ddf48917fb0cfda1b92384cd77bbc259650b7d17b318270b2eca4,31530,Houston,2,,,,
fpga_eval8,fpga_patch_max_D_mean_freeze20_4datasets/Houston/seed3/fpga_simulation_result.json,f5b58d7686ec7143662beb88cb62ab726201bce67076c67c5293314ca369ee58,31655,Houston,3,,,,
fpga_eval8,fpga_patch_max_D_mean_freeze20_4datasets/Houston/seed4/fpga_simulation_result.json,0ffd39978a1646132aead63764669406233943282613fa7f4d665c038cf44cdc,31630,Houston,4,,,,
fpga_eval8,fpga_patch_max_D_mean_freeze20_4datasets/Houston/seed5/fpga_simulation_result.json,747f16d256bb1764706f3b01cca05ef9d0fc9d8cf463be2b3e27aad8d031f8c4,31467,Houston,5,,,,
fpga_eval8,fpga_patch_max_D_mean_freeze20_4datasets/Houston/seed6/fpga_simulation_result.json,16df8a7da798cd880ac7f93ea359156e250de599c2adf00bf642672b58107ba4,31527,Houston,6,,,,
fpga_eval8,fpga_patch_max_D_mean_freeze20_4datasets/Houston/seed7/fpga_simulation_result.json,3c70fbc3216b5bef8468a8883713b4f9d84e0fb68d5220697eb0ee270ed9a85f,31812,Houston,7,,,,
fpga_eval8,fpga_patch_max_D_mean_freeze20_4datasets/Houston/seed8/fpga_simulation_result.json,c39a5295c57cb7651f47196d66ad42c5604c2d573651b44250996935da3e9621,31726,Houston,8,,,,
fpga_eval8,fpga_patch_max_D_mean_freeze20_4datasets/Houston/seed9/fpga_simulation_result.json,c9cff7d1796ba754543cfe69b7b447d0284ac8314815af7daf44f529c33071ed,31673,Houston,9,,,,
fpga_eval8,fpga_patch_max_D_mean_freeze20_4datasets/UP/seed0/fpga_simulation_result.json,e1ff36e6aa589ea88096c419b45481b55b0720e4128636a9bcb99689bd9a3d96,22108,UP,0,,,,
fpga_eval8,fpga_patch_max_D_mean_freeze20_4datasets/UP/seed1/fpga_simulation_result.json,94187884cb0089d026a479d809484ec2075dfe2b9d2a265d6b33a1ad0977950b,22118,UP,1,,,,
fpga_eval8,fpga_patch_max_D_mean_freeze20_4datasets/UP/seed2/fpga_simulation_result.json,c920ab5214204d7445535076ecc91c82e56ec887ebe5269dbbee9f2f1dfb1cb2,22157,UP,2,,,,
fpga_eval8,fpga_patch_max_D_mean_freeze20_4datasets/UP/seed3/fpga_simulation_result.json,a722467b451e298bfd3dc243114e2c8bf494bb34be8c29f6dde646ef1ee77d2e,22151,UP,3,,,,
fpga_eval8,fpga_patch_max_D_mean_freeze20_4datasets/UP/seed4/fpga_simulation_result.json,36fea9d64a61dbfc759662d5f7ed6f9cc6c1c683d84228d003e8aa95e58efaba,22027,UP,4,,,,
fpga_eval8,fpga_patch_max_D_mean_freeze20_4datasets/UP/seed5/fpga_simulation_result.json,58b70686acb1d483a7b8b78b241e3519d3f6eac8339ec9bbc1eddec673eed0fc,22164,UP,5,,,,
fpga_eval8,fpga_patch_max_D_mean_freeze20_4datasets/UP/seed6/fpga_simulation_result.json,cb5c185baaed5e9e18182694503c5972bf36293e643b59bcc7c54d2e8c76214e,22183,UP,6,,,,
fpga_eval8,fpga_patch_max_D_mean_freeze20_4datasets/UP/seed7/fpga_simulation_result.json,22f0a470a4df570d7c6e8cbfab46eb3bc3a975c686cce3446d92e05a99966194,22220,UP,7,,,,
fpga_eval8,fpga_patch_max_D_mean_freeze20_4datasets/UP/seed8/fpga_simulation_result.json,00c4064b72a95dd6674e613732e66338779ce5b26e4b4a6e28027002fc7a90c3,22045,UP,8,,,,
fpga_eval8,fpga_patch_max_D_mean_freeze20_4datasets/UP/seed9/fpga_simulation_result.json,0ab13015b1e5a63f6d8e60d0018d5286b8f5da8c087988b6d2bacfd7e25c0b5e,22103,UP,9,,,,
qat_eval1,qat_eval1_4datasets/HanChuan/models/SPATIAL_SPLIT_3WAY_DENSE_QAT/HanChuan_patch_max_D_mean_freeze20_eval1/current_h32_br-both_fu-sum_sk2_z0_D1_A-shared_n-bn_a-relu_head64_tok4_state16/run_seed0/result.json,598c6926003328df70348e97fdb9d8632be325703c6933e6f484b375c7b571a4,15171,HanChuan,0,1,current_h32_br-both_fu-sum_sk2_z0_D1_A-shared_n-bn_a-relu_head64_tok4_state16,,0.8989037283639154
qat_eval1,qat_eval1_4datasets/HanChuan/models/SPATIAL_SPLIT_3WAY_DENSE_QAT/HanChuan_patch_max_D_mean_freeze20_eval1/current_h32_br-both_fu-sum_sk2_z0_D1_A-shared_n-bn_a-relu_head64_tok4_state16/run_seed1/result.json,dc29bf1873b56ffb2a9ad5d0d3ed21e58969b71d4877eacf7c214975dc53aaab,15158,HanChuan,1,1,current_h32_br-both_fu-sum_sk2_z0_D1_A-shared_n-bn_a-relu_head64_tok4_state16,,0.9261349597513557
qat_eval1,qat_eval1_4datasets/HanChuan/models/SPATIAL_SPLIT_3WAY_DENSE_QAT/HanChuan_patch_max_D_mean_freeze20_eval1/current_h32_br-both_fu-sum_sk2_z0_D1_A-shared_n-bn_a-relu_head64_tok4_state16/run_seed2/result.json,09626d5d3db93778ee73daa2de88ce9239d99c5fe798a8a406f097630026f051,15157,HanChuan,2,1,current_h32_br-both_fu-sum_sk2_z0_D1_A-shared_n-bn_a-relu_head64_tok4_state16,,0.9161865872530788
qat_eval1,qat_eval1_4datasets/HanChuan/models/SPATIAL_SPLIT_3WAY_DENSE_QAT/HanChuan_patch_max_D_mean_freeze20_eval1/current_h32_br-both_fu-sum_sk2_z0_D1_A-shared_n-bn_a-relu_head64_tok4_state16/run_seed3/result.json,da7dea37425a2f7b17f5f468e55a2b453342eb485cfb09ca02145c07e1688e87,15171,HanChuan,3,1,current_h32_br-both_fu-sum_sk2_z0_D1_A-shared_n-bn_a-relu_head64_tok4_state16,,0.9108417753618476
qat_eval1,qat_eval1_4datasets/HanChuan/models/SPATIAL_SPLIT_3WAY_DENSE_QAT/HanChuan_patch_max_D_mean_freeze20_eval1/current_h32_br-both_fu-sum_sk2_z0_D1_A-shared_n-bn_a-relu_head64_tok4_state16/run_seed4/result.json,b8f4736abefe2a528efa1cff5622e097010061872f45ba7f7b025bd8a0dd23ca,15166,HanChuan,4,1,current_h32_br-both_fu-sum_sk2_z0_D1_A-shared_n-bn_a-relu_head64_tok4_state16,,0.9277995240386491
qat_eval1,qat_eval1_4datasets/HanChuan/models/SPATIAL_SPLIT_3WAY_DENSE_QAT/HanChuan_patch_max_D_mean_freeze20_eval1/current_h32_br-both_fu-sum_sk2_z0_D1_A-shared_n-bn_a-relu_head64_tok4_state16/run_seed5/result.json,3d05f635c2730e11f9b5e04b940c02074dadfced3e9072d9ea382a1dbcf6685a,15156,HanChuan,5,1,current_h32_br-both_fu-sum_sk2_z0_D1_A-shared_n-bn_a-relu_head64_tok4_state16,,0.9158614770407169
qat_eval1,qat_eval1_4datasets/HanChuan/models/SPATIAL_SPLIT_3WAY_DENSE_QAT/HanChuan_patch_max_D_mean_freeze20_eval1/current_h32_br-both_fu-sum_sk2_z0_D1_A-shared_n-bn_a-relu_head64_tok4_state16/run_seed6/result.json,8759b52b65bbb338c490a49bb48ff7a4eacdb7db378c7632eec7f2b7732d86a4,15165,HanChuan,6,1,current_h32_br-both_fu-sum_sk2_z0_D1_A-shared_n-bn_a-relu_head64_tok4_state16,,0.9150291948970701
qat_eval1,qat_eval1_4datasets/HanChuan/models/SPATIAL_SPLIT_3WAY_DENSE_QAT/HanChuan_patch_max_D_mean_freeze20_eval1/current_h32_br-both_fu-sum_sk2_z0_D1_A-shared_n-bn_a-relu_head64_tok4_state16/run_seed7/result.json,d052a1c25bbef26af2f0ee51e915369f1e069f47fe6f3c506f3ca328a140541d,15169,HanChuan,7,1,current_h32_br-both_fu-sum_sk2_z0_D1_A-shared_n-bn_a-relu_head64_tok4_state16,,0.9202699715203454
qat_eval1,qat_eval1_4datasets/HanChuan/models/SPATIAL_SPLIT_3WAY_DENSE_QAT/HanChuan_patch_max_D_mean_freeze20_eval1/current_h32_br-both_fu-sum_sk2_z0_D1_A-shared_n-bn_a-relu_head64_tok4_state16/run_seed8/result.json,c4bd1e40fb3807d670efe3b2bfff76c79c22444d3d31fb8721082d423d261289,15137,HanChuan,8,1,current_h32_br-both_fu-sum_sk2_z0_D1_A-shared_n-bn_a-relu_head64_tok4_state16,,0.9203870111967957
qat_eval1,qat_eval1_4datasets/HanChuan/models/SPATIAL_SPLIT_3WAY_DENSE_QAT/HanChuan_patch_max_D_mean_freeze20_eval1/current_h32_br-both_fu-sum_sk2_z0_D1_A-shared_n-bn_a-relu_head64_tok4_state16/run_seed9/result.json,6e136204edde174831585067eba92ae5bd26fe95fb6ecb4e4931eb26059d3c9c,15205,HanChuan,9,1,current_h32_br-both_fu-sum_sk2_z0_D1_A-shared_n-bn_a-relu_head64_tok4_state16,,0.9041054917617072
qat_eval1,qat_eval1_4datasets/HongHu/models/SPATIAL_SPLIT_3WAY_DENSE_QAT/HongHu_patch_max_D_mean_freeze20_eval1/current_h32_br-both_fu-sum_sk2_z0_D1_A-shared_n-bn_a-relu_head64_tok4_state16/run_seed0/result.json,f219dfb5be94357d3b5e09732507d97a983a207c818680b7add180f1cdcef8d5,20726,HongHu,0,1,current_h32_br-both_fu-sum_sk2_z0_D1_A-shared_n-bn_a-relu_head64_tok4_state16,,0.9297799186396827
qat_eval1,qat_eval1_4datasets/HongHu/models/SPATIAL_SPLIT_3WAY_DENSE_QAT/HongHu_patch_max_D_mean_freeze20_eval1/current_h32_br-both_fu-sum_sk2_z0_D1_A-shared_n-bn_a-relu_head64_tok4_state16/run_seed1/result.json,253b5ab850d0f2940b3cb1b5bf78e4b72bdfb29c086594b61b71fb807a9720fe,20713,HongHu,1,1,current_h32_br-both_fu-sum_sk2_z0_D1_A-shared_n-bn_a-relu_head64_tok4_state16,,0.9253799935320249
qat_eval1,qat_eval1_4datasets/HongHu/models/SPATIAL_SPLIT_3WAY_DENSE_QAT/HongHu_patch_max_D_mean_freeze20_eval1/current_h32_br-both_fu-sum_sk2_z0_D1_A-shared_n-bn_a-relu_head64_tok4_state16/run_seed2/result.json,a8e2020e9147b871782b546eedecc6dda75aaf6ed5d12f19ea4d1d9905a63e83,20736,HongHu,2,1,current_h32_br-both_fu-sum_sk2_z0_D1_A-shared_n-bn_a-relu_head64_tok4_state16,,0.9365542714166567
qat_eval1,qat_eval1_4datasets/HongHu/models/SPATIAL_SPLIT_3WAY_DENSE_QAT/HongHu_patch_max_D_mean_freeze20_eval1/current_h32_br-both_fu-sum_sk2_z0_D1_A-shared_n-bn_a-relu_head64_tok4_state16/run_seed3/result.json,763a56ee97d224ea13d20889abed562bd5c560b3259be9bd248b0373000e03d5,20748,HongHu,3,1,current_h32_br-both_fu-sum_sk2_z0_D1_A-shared_n-bn_a-relu_head64_tok4_state16,,0.9367329917788634
qat_eval1,qat_eval1_4datasets/HongHu/models/SPATIAL_SPLIT_3WAY_DENSE_QAT/HongHu_patch_max_D_mean_freeze20_eval1/current_h32_br-both_fu-sum_sk2_z0_D1_A-shared_n-bn_a-relu_head64_tok4_state16/run_seed4/result.json,5f174b05d87166a7bef018f438ac0f8ccb49197e7f60f7b47cc768095ee8b5b8,20734,HongHu,4,1,current_h32_br-both_fu-sum_sk2_z0_D1_A-shared_n-bn_a-relu_head64_tok4_state16,,0.9305033105819476
qat_eval1,qat_eval1_4datasets/HongHu/models/SPATIAL_SPLIT_3WAY_DENSE_QAT/HongHu_patch_max_D_mean_freeze20_eval1/current_h32_br-both_fu-sum_sk2_z0_D1_A-shared_n-bn_a-relu_head64_tok4_state16/run_seed5/result.json,1661a05468b42f75e7f62d6292aafc82e405c64fd45fdfdd310785ccf3244a4c,20750,HongHu,5,1,current_h32_br-both_fu-sum_sk2_z0_D1_A-shared_n-bn_a-relu_head64_tok4_state16,,0.9313969123929805
qat_eval1,qat_eval1_4datasets/HongHu/models/SPATIAL_SPLIT_3WAY_DENSE_QAT/HongHu_patch_max_D_mean_freeze20_eval1/current_h32_br-both_fu-sum_sk2_z0_D1_A-shared_n-bn_a-relu_head64_tok4_state16/run_seed6/result.json,0ef10f595ea552ba61228b3be18576dbc463ec06c7c7d4d233a1b67c59722907,20706,HongHu,6,1,current_h32_br-both_fu-sum_sk2_z0_D1_A-shared_n-bn_a-relu_head64_tok4_state16,,0.9348691937158516
qat_eval1,qat_eval1_4datasets/HongHu/models/SPATIAL_SPLIT_3WAY_DENSE_QAT/HongHu_patch_max_D_mean_freeze20_eval1/current_h32_br-both_fu-sum_sk2_z0_D1_A-shared_n-bn_a-relu_head64_tok4_state16/run_seed7/result.json,8596d06ac3c6635c3c29783b6ed53c002d31a36d19eed9dd9aa1db14ecc6ca79,20734,HongHu,7,1,current_h32_br-both_fu-sum_sk2_z0_D1_A-shared_n-bn_a-relu_head64_tok4_state16,,0.8981464145291144
qat_eval1,qat_eval1_4datasets/HongHu/models/SPATIAL_SPLIT_3WAY_DENSE_QAT/HongHu_patch_max_D_mean_freeze20_eval1/current_h32_br-both_fu-sum_sk2_z0_D1_A-shared_n-bn_a-relu_head64_tok4_state16/run_seed8/result.json,30c8ad039887c4cdc850b0299b5b6aa0be07b1967c58d65e0f583291fac3be74,20728,HongHu,8,1,current_h32_br-both_fu-sum_sk2_z0_D1_A-shared_n-bn_a-relu_head64_tok4_state16,,0.9370053275688924
qat_eval1,qat_eval1_4datasets/HongHu/models/SPATIAL_SPLIT_3WAY_DENSE_QAT/HongHu_patch_max_D_mean_freeze20_eval1/current_h32_br-both_fu-sum_sk2_z0_D1_A-shared_n-bn_a-relu_head64_tok4_state16/run_seed9/result.json,d0f6b1a8306a03ac086af0b0496195c4076f00a82c6e604e02b7dac370f61412,20751,HongHu,9,1,current_h32_br-both_fu-sum_sk2_z0_D1_A-shared_n-bn_a-relu_head64_tok4_state16,,0.9206736906605845
qat_eval1,qat_eval1_4datasets/Houston/models/SPATIAL_SPLIT_3WAY_DENSE_QAT/Houston_patch_max_D_mean_freeze20_eval1/current_h32_br-both_fu-sum_sk2_z0_D1_A-shared_n-bn_a-relu_head64_tok4_state16/run_seed0/result.json,f14b2eaec9e709a44ba94259ce29a36d9bff7674ddd5c961b8e59369fcda0ada,14895,Houston,0,1,current_h32_br-both_fu-sum_sk2_z0_D1_A-shared_n-bn_a-relu_head64_tok4_state16,,0.9384320409032808
qat_eval1,qat_eval1_4datasets/Houston/models/SPATIAL_SPLIT_3WAY_DENSE_QAT/Houston_patch_max_D_mean_freeze20_eval1/current_h32_br-both_fu-sum_sk2_z0_D1_A-shared_n-bn_a-relu_head64_tok4_state16/run_seed1/result.json,981eaa3229da8a6d9176e2169ac5969492ba1ddbcfe70fab7c360f2e7486e6b3,14877,Houston,1,1,current_h32_br-both_fu-sum_sk2_z0_D1_A-shared_n-bn_a-relu_head64_tok4_state16,,0.9369407754580316
qat_eval1,qat_eval1_4datasets/Houston/models/SPATIAL_SPLIT_3WAY_DENSE_QAT/Houston_patch_max_D_mean_freeze20_eval1/current_h32_br-both_fu-sum_sk2_z0_D1_A-shared_n-bn_a-relu_head64_tok4_state16/run_seed2/result.json,3532f908f25839b2b8b98a804cf8e968975796a6e37a0a6679e66caee6496a97,14928,Houston,2,1,current_h32_br-both_fu-sum_sk2_z0_D1_A-shared_n-bn_a-relu_head64_tok4_state16,,0.9273540690242863
qat_eval1,qat_eval1_4datasets/Houston/models/SPATIAL_SPLIT_3WAY_DENSE_QAT/Houston_patch_max_D_mean_freeze20_eval1/current_h32_br-both_fu-sum_sk2_z0_D1_A-shared_n-bn_a-relu_head64_tok4_state16/run_seed3/result.json,fef548eb8bedb4870b88a82363ba27034e38794f472b4e4217b93bb27de848db,14928,Houston,3,1,current_h32_br-both_fu-sum_sk2_z0_D1_A-shared_n-bn_a-relu_head64_tok4_state16,,0.8915636983383042
qat_eval1,qat_eval1_4datasets/Houston/models/SPATIAL_SPLIT_3WAY_DENSE_QAT/Houston_patch_max_D_mean_freeze20_eval1/current_h32_br-both_fu-sum_sk2_z0_D1_A-shared_n-bn_a-relu_head64_tok4_state16/run_seed4/result.json,fa37e9a93eacdff688bb313307b8aa63f0e24c8b1c390a5141bba3c9c056cc15,14909,Houston,4,1,current_h32_br-both_fu-sum_sk2_z0_D1_A-shared_n-bn_a-relu_head64_tok4_state16,,0.9273540690242863
qat_eval1,qat_eval1_4datasets/Houston/models/SPATIAL_SPLIT_3WAY_DENSE_QAT/Houston_patch_max_D_mean_freeze20_eval1/current_h32_br-both_fu-sum_sk2_z0_D1_A-shared_n-bn_a-relu_head64_tok4_state16/run_seed5/result.json,5b30f778fc003f544b6c2a24a29377b019c3a5b48a192f3b35ad4397f7b1ac81,14587,Houston,5,1,current_h32_br-both_fu-sum_sk2_z0_D1_A-shared_n-bn_a-relu_head64_tok4_state16,,0.9252236898167874
qat_eval1,qat_eval1_4datasets/Houston/models/SPATIAL_SPLIT_3WAY_DENSE_QAT/Houston_patch_max_D_mean_freeze20_eval1/current_h32_br-both_fu-sum_sk2_z0_D1_A-shared_n-bn_a-relu_head64_tok4_state16/run_seed6/result.json,f1bd1286a3cf7bf802527558aee8c2f2b143fb4c71c2cb20dc995b929a6dcfdc,14829,Houston,6,1,current_h32_br-both_fu-sum_sk2_z0_D1_A-shared_n-bn_a-relu_head64_tok4_state16,,0.9392841925862804
qat_eval1,qat_eval1_4datasets/Houston/models/SPATIAL_SPLIT_3WAY_DENSE_QAT/Houston_patch_max_D_mean_freeze20_eval1/current_h32_br-both_fu-sum_sk2_z0_D1_A-shared_n-bn_a-relu_head64_tok4_state16/run_seed7/result.json,3db551b884c8666def8a5f80cd2379cc4181948ac9ab7e210d8d7442ffc91809,14935,Houston,7,1,current_h32_br-both_fu-sum_sk2_z0_D1_A-shared_n-bn_a-relu_head64_tok4_state16,,0.8821900298253089
qat_eval1,qat_eval1_4datasets/Houston/models/SPATIAL_SPLIT_3WAY_DENSE_QAT/Houston_patch_max_D_mean_freeze20_eval1/current_h32_br-both_fu-sum_sk2_z0_D1_A-shared_n-bn_a-relu_head64_tok4_state16/run_seed8/result.json,aa7b98fff61cb8d1a73d5d5eac23761171b64dbc2ee57162be7a756c2e9a1975,14833,Houston,8,1,current_h32_br-both_fu-sum_sk2_z0_D1_A-shared_n-bn_a-relu_head64_tok4_state16,,0.9188325521942906
qat_eval1,qat_eval1_4datasets/Houston/models/SPATIAL_SPLIT_3WAY_DENSE_QAT/Houston_patch_max_D_mean_freeze20_eval1/current_h32_br-both_fu-sum_sk2_z0_D1_A-shared_n-bn_a-relu_head64_tok4_state16/run_seed9/result.json,7f2c9433cdb380853d43d81ec96d33ade0cdcbd03ac22bec9ce3140b0c8d4735,14870,Houston,9,1,current_h32_br-both_fu-sum_sk2_z0_D1_A-shared_n-bn_a-relu_head64_tok4_state16,,0.9228802726885386
qat_eval1,qat_eval1_4datasets/UP/models/SPATIAL_SPLIT_3WAY_DENSE_QAT/UP_patch_max_D_mean_freeze20_eval1/current_h32_br-both_fu-sum_sk2_z0_D1_A-shared_n-bn_a-relu_head64_tok4_state16/run_seed0/result.json,ae0ec4c6898cb2113f8b0b4e8cb4a49901e56ad1a5e7694eeb1e8bf8301f87f7,10511,UP,0,1,current_h32_br-both_fu-sum_sk2_z0_D1_A-shared_n-bn_a-relu_head64_tok4_state16,,0.9684643886372993
qat_eval1,qat_eval1_4datasets/UP/models/SPATIAL_SPLIT_3WAY_DENSE_QAT/UP_patch_max_D_mean_freeze20_eval1/current_h32_br-both_fu-sum_sk2_z0_D1_A-shared_n-bn_a-relu_head64_tok4_state16/run_seed1/result.json,bdd81079657565fb038d2e437fb60dbcfea34c803563487e48b6aeef9864d7b8,10261,UP,1,1,current_h32_br-both_fu-sum_sk2_z0_D1_A-shared_n-bn_a-relu_head64_tok4_state16,,0.9708522025524907
qat_eval1,qat_eval1_4datasets/UP/models/SPATIAL_SPLIT_3WAY_DENSE_QAT/UP_patch_max_D_mean_freeze20_eval1/current_h32_br-both_fu-sum_sk2_z0_D1_A-shared_n-bn_a-relu_head64_tok4_state16/run_seed2/result.json,f62197119daf373d44fdd5d50c95fe17b7b7ea773829918408672ee8b9f17f31,10755,UP,2,1,current_h32_br-both_fu-sum_sk2_z0_D1_A-shared_n-bn_a-relu_head64_tok4_state16,,0.9721696171263895
qat_eval1,qat_eval1_4datasets/UP/models/SPATIAL_SPLIT_3WAY_DENSE_QAT/UP_patch_max_D_mean_freeze20_eval1/current_h32_br-both_fu-sum_sk2_z0_D1_A-shared_n-bn_a-relu_head64_tok4_state16/run_seed3/result.json,9409e64b44be1158cbeab8243f601077ee7cda7a2b343bf3db06643739435562,10992,UP,3,1,current_h32_br-both_fu-sum_sk2_z0_D1_A-shared_n-bn_a-relu_head64_tok4_state16,,0.9575133799917661
qat_eval1,qat_eval1_4datasets/UP/models/SPATIAL_SPLIT_3WAY_DENSE_QAT/UP_patch_max_D_mean_freeze20_eval1/current_h32_br-both_fu-sum_sk2_z0_D1_A-shared_n-bn_a-relu_head64_tok4_state16/run_seed4/result.json,b0ec634ce12eff23eab08dac266ea027b25a5922834db04e9585d00bff1a059e,10529,UP,4,1,current_h32_br-both_fu-sum_sk2_z0_D1_A-shared_n-bn_a-relu_head64_tok4_state16,,0.9682173734046933
qat_eval1,qat_eval1_4datasets/UP/models/SPATIAL_SPLIT_3WAY_DENSE_QAT/UP_patch_max_D_mean_freeze20_eval1/current_h32_br-both_fu-sum_sk2_z0_D1_A-shared_n-bn_a-relu_head64_tok4_state16/run_seed5/result.json,6c6c3fbfc152f7726fcf4a0d03b30f655f9ee651c7253f7f7c588c346898353d,10269,UP,5,1,current_h32_br-both_fu-sum_sk2_z0_D1_A-shared_n-bn_a-relu_head64_tok4_state16,,0.97027583367641
qat_eval1,qat_eval1_4datasets/UP/models/SPATIAL_SPLIT_3WAY_DENSE_QAT/UP_patch_max_D_mean_freeze20_eval1/current_h32_br-both_fu-sum_sk2_z0_D1_A-shared_n-bn_a-relu_head64_tok4_state16/run_seed6/result.json,941c944f60cf2c3599d61d8d73a586a49200f53e9db75e1cd6631850e14b2c03,10503,UP,6,1,current_h32_br-both_fu-sum_sk2_z0_D1_A-shared_n-bn_a-relu_head64_tok4_state16,,0.9686290654590366
qat_eval1,qat_eval1_4datasets/UP/models/SPATIAL_SPLIT_3WAY_DENSE_QAT/UP_patch_max_D_mean_freeze20_eval1/current_h32_br-both_fu-sum_sk2_z0_D1_A-shared_n-bn_a-relu_head64_tok4_state16/run_seed7/result.json,73afaf34b9c8dd3652631248049e798ab7c3b681e5c93d7c927b30ca031510db,10570,UP,7,1,current_h32_br-both_fu-sum_sk2_z0_D1_A-shared_n-bn_a-relu_head64_tok4_state16,,0.9459860024701523
qat_eval1,qat_eval1_4datasets/UP/models/SPATIAL_SPLIT_3WAY_DENSE_QAT/UP_patch_max_D_mean_freeze20_eval1/current_h32_br-both_fu-sum_sk2_z0_D1_A-shared_n-bn_a-relu_head64_tok4_state16/run_seed8/result.json,d4a9e418149c28fdfdadf536fd43b04c20165d9a3c6df8f6f9142355362dbb18,11099,UP,8,1,current_h32_br-both_fu-sum_sk2_z0_D1_A-shared_n-bn_a-relu_head64_tok4_state16,,0.9602305475504322
qat_eval1,qat_eval1_4datasets/UP/models/SPATIAL_SPLIT_3WAY_DENSE_QAT/UP_patch_max_D_mean_freeze20_eval1/current_h32_br-both_fu-sum_sk2_z0_D1_A-shared_n-bn_a-relu_head64_tok4_state16/run_seed9/result.json,c0d5e7b847e16b22466bfdb8803219f1966f89a53ed1d650b1e63efeac2d9468,10527,UP,9,1,current_h32_br-both_fu-sum_sk2_z0_D1_A-shared_n-bn_a-relu_head64_tok4_state16,,0.962783038287361
d1_fullscene_sources,UP_seed0_8ba0296d/a-only/fpga_simulation_result.json,090fbde60a0a7f1b70a09633cc7c50331a1c0fcc9dcfe7800c60c9c13a73e461,22128,UP,0,,,,
d1_fullscene_sources,UP_seed0_8ba0296d/all/fpga_simulation_result.json,9f572c0d6c0b4b8e593edebd4489f1d36ba4cfa7b6a20b13dc3009388334e5d4,22090,UP,0,,,,
d1_fullscene_sources,UP_seed0_8ba0296d/d-only/fpga_simulation_result.json,2d7e7680fcf22c3760de58f1a9475fcd0960e9714e037137a4048221f20749ad,22128,UP,0,,,,
d1_fullscene_sources,UP_seed0_8ba0296d/k-only/fpga_simulation_result.json,5f63eda64fe8cb5067804f3a6bb7a57813a43517e8b0b844ce707ce3a61e43a8,22130,UP,0,,,,
d1_fullscene_sources,UP_seed0_8ba0296d/none/fpga_simulation_result.json,1d2b6adc31e1286e829a49ec776d4aa920ca044b37a828a0ffa2b383bed4cc17,22126,UP,0,,,,
d1_fullscene_sources,UP_seed0_8ba0296d/separate/fpga_simulation_result.json,f95141a61b3f2aba0525305afe32ee6aa7546836a4084c331242c156839792fc,22122,UP,0,,,,
d1_fullscene_sources,UP_seed0_8ba0296d/state-only/fpga_simulation_result.json,5c0354fb9746687d02a70c3de574f9b144094d330dcfb7300c6db6f4c5925361,22132,UP,0,,,,
gpu_fixed,gpu_fixed_4datasets_v2/HanChuan/seed0/HanChuan/seed0/batch1/gpu_batch1_benchmark_20260919_011627.json,38fbbf9eec6177559659eb23db41f7e57bd1d85ea3d61e9973922fe87bc2abb3,22328,HanChuan,0,,,,
gpu_fixed,gpu_fixed_4datasets_v2/HanChuan/seed0/HanChuan/seed0/batch16/gpu_batch16_benchmark_20260919_014607.json,30ecdabe48f9ea79bd9b77df78650fd6e967df9eaebe31d4dea256b9b8000a70,20164,HanChuan,0,,,,
gpu_fixed,gpu_fixed_4datasets_v2/HanChuan/seed0/HanChuan/seed0/batch2/gpu_batch2_benchmark_20260919_013152.json,4426a82e8ce20aeebfc9959a003feb0b968b59d0d63044d9faf31cc123572ae8,20109,HanChuan,0,,,,
gpu_fixed,gpu_fixed_4datasets_v2/HanChuan/seed0/HanChuan/seed0/batch32/gpu_batch32_benchmark_20260919_014728.json,3c3cfa8b18fb05bf8296bad787686cb31d22cb67b38f1a55695c778f41472552,20168,HanChuan,0,,,,
gpu_fixed,gpu_fixed_4datasets_v2/HanChuan/seed0/HanChuan/seed0/batch4/gpu_batch4_benchmark_20260919_013943.json,f80ee5936523fdbd9229cb5539895646be9cedd561c784366196e19a523b9da9,20135,HanChuan,0,,,,
gpu_fixed,gpu_fixed_4datasets_v2/HanChuan/seed0/HanChuan/seed0/batch64/gpu_batch64_benchmark_20260919_014822.json,73c4e3ca60d34da78c1f3f4524d71937598434ab7fc420ed63c2382f172a6b3a,20191,HanChuan,0,,,,
gpu_fixed,gpu_fixed_4datasets_v2/HanChuan/seed0/HanChuan/seed0/batch8/gpu_batch8_benchmark_20260919_014352.json,0c415b3268ff15f9cf0e433767b746cafc1b469102c2378f48495a0cad54a812,20146,HanChuan,0,,,,
gpu_fixed,gpu_fixed_4datasets_v2/HongHu/seed0/HongHu/seed0/batch1/gpu_batch1_benchmark_20260919_022208.json,2636afed5eb0f659b438e31e01b8db43e39b6d1844a85c52b510e7afb9940b56,22350,HongHu,0,,,,
gpu_fixed,gpu_fixed_4datasets_v2/HongHu/seed0/HongHu/seed0/batch16/gpu_batch16_benchmark_20260919_025414.json,009aa70be3e525aa2130c490d6b3dc5ea58af169ca03cfee09b4c425827042ce,20149,HongHu,0,,,,
gpu_fixed,gpu_fixed_4datasets_v2/HongHu/seed0/HongHu/seed0/batch2/gpu_batch2_benchmark_20260919_023846.json,935ace79a7f04c3d9affc222f4c39be5cf0f322843ba2c3a56fd519aa3f7f86e,20090,HongHu,0,,,,
gpu_fixed,gpu_fixed_4datasets_v2/HongHu/seed0/HongHu/seed0/batch32/gpu_batch32_benchmark_20260919_025537.json,6f1f1db35c08e7ff22c7069e9830b47d7963c2f59771d3874f94d24c2e9fa921,20146,HongHu,0,,,,
gpu_fixed,gpu_fixed_4datasets_v2/HongHu/seed0/HongHu/seed0/batch4/gpu_batch4_benchmark_20260919_024718.json,9424b8f6db4b7a9b867f62a33401de555442c462e1fa363e74378b1bf105c36b,20128,HongHu,0,,,,
gpu_fixed,gpu_fixed_4datasets_v2/HongHu/seed0/HongHu/seed0/batch64/gpu_batch64_benchmark_20260919_025637.json,b5c022fdcd4b81379703f68bf901665a8acee35986cc91f63991ebf58607abbd,20156,HongHu,0,,,,
gpu_fixed,gpu_fixed_4datasets_v2/HongHu/seed0/HongHu/seed0/batch8/gpu_batch8_benchmark_20260919_025145.json,3beea69924a09df92c270eac086d00b9ce8154f36db6656ed32c5654e35ca48a,20144,HongHu,0,,,,
gpu_fixed,gpu_fixed_4datasets_v2/Houston/seed0/Houston/seed0/batch1/gpu_batch1_benchmark_20260919_034314.json,0319eb6d7a7ff8dcfa6dcfe59009680e219512347caeea63aa971a49925fe5e1,22289,Houston,0,,,,
gpu_fixed,gpu_fixed_4datasets_v2/Houston/seed0/Houston/seed0/batch16/gpu_batch16_benchmark_20260919_043453.json,debef42f3e40d62d8a9f0893cadaa9d03aea0b5a1ef0212e58d3f0ef1ce221c6,20150,Houston,0,,,,
gpu_fixed,gpu_fixed_4datasets_v2/Houston/seed0/Houston/seed0/batch2/gpu_batch2_benchmark_20260919_041008.json,7c3325c4b92ecec52f04978db897618f0530b7f2adc7ecc3c20e92cbed8dce00,20115,Houston,0,,,,
gpu_fixed,gpu_fixed_4datasets_v2/Houston/seed0/Houston/seed0/batch32/gpu_batch32_benchmark_20260919_043658.json,f7e221e28bd31fb5d923aa3d723a754605687f080879c4d49e6c4fa486af5fcd,20173,Houston,0,,,,
gpu_fixed,gpu_fixed_4datasets_v2/Houston/seed0/Houston/seed0/batch4/gpu_batch4_benchmark_20260919_042342.json,05a0609c1370e93ce7217871aa995b4b33c8e79fed92c2fab99b6a159c667da1,20101,Houston,0,,,,
gpu_fixed,gpu_fixed_4datasets_v2/Houston/seed0/Houston/seed0/batch64/gpu_batch64_benchmark_20260919_043803.json,24f36581834f23fe062e70e0522418e2e21f42d483591d269404fbe327cb3fd7,20164,Houston,0,,,,
gpu_fixed,gpu_fixed_4datasets_v2/Houston/seed0/Houston/seed0/batch8/gpu_batch8_benchmark_20260919_043107.json,4b4e5024f83adff0905344512ef6911866bb578b930310416acb4ba14b2f4bf3,20128,Houston,0,,,,
gpu_fixed,gpu_fixed_4datasets_v2/UP/seed0/UP/seed0/batch1/gpu_batch1_benchmark_20260919_002635.json,a91b4780c099029ea55e9f61995a9c434ba18e409e0e90dd20e3d5d8ac594004,22298,UP,0,,,,
gpu_fixed,gpu_fixed_4datasets_v2/UP/seed0/UP/seed0/batch16/gpu_batch16_benchmark_20260919_004414.json,6dc007a8eaad1d6c9c92450340b0a921ec0da77fa0f914c5c88fc36fb7b7400b,20114,UP,0,,,,
gpu_fixed,gpu_fixed_4datasets_v2/UP/seed0/UP/seed0/batch2/gpu_batch2_benchmark_20260919_003548.json,2efda88bed2a3f35447d10885ee06aaaa22f3af8721efad832b8e5b2039443bc,20090,UP,0,,,,
gpu_fixed,gpu_fixed_4datasets_v2/UP/seed0/UP/seed0/batch32/gpu_batch32_benchmark_20260919_004505.json,a63c26c62d39c0264dae3e621ebbcb28f7a5f6c7bf008598432a8152bf4b7bc3,20147,UP,0,,,,
gpu_fixed,gpu_fixed_4datasets_v2/UP/seed0/UP/seed0/batch4/gpu_batch4_benchmark_20260919_004027.json,3d884d6f1502fd626c5258af52f907bd6366271c464aa8dfd855af753d28ba9a,20126,UP,0,,,,
gpu_fixed,gpu_fixed_4datasets_v2/UP/seed0/UP/seed0/batch64/gpu_batch64_benchmark_20260919_004547.json,400372470828f2e3a151acf8b3e6f92d46275e18a9fe5d0e805ee4e5d5682050,20150,UP,0,,,,
gpu_fixed,gpu_fixed_4datasets_v2/UP/seed0/UP/seed0/batch8/gpu_batch8_benchmark_20260919_004253.json,fb2d2551fc2c02bbe15764bddf4a5e40909e9a310e9a1f4e170543802f2aa986,20135,UP,0,,,,
weight_init_validation,qat_weight_init_validation_seed0_6/SPATIAL_SPLIT_3WAY_DENSE_QAT/UP_weight_init_compare/current_h32_br-both_fu-sum_sk2_z0_D1_A-shared_n-bn_a-relu_head64_tok4_state16/run_seed0/weight_init_validation/weight_init_validation.json,1f1ed4a364ead7067b10175888716a95ffb0cb95daed372a8bc0ce751d9a3880,17616,,,8,,,
weight_init_validation,qat_weight_init_validation_seed0_6/SPATIAL_SPLIT_3WAY_DENSE_QAT/UP_weight_init_compare/current_h32_br-both_fu-sum_sk2_z0_D1_A-shared_n-bn_a-relu_head64_tok4_state16/run_seed6/weight_init_validation/weight_init_validation.json,d0ad8f247de1ef6590a552c152053e89bc0d08c7a1445fc5a1b5e7965e30922c,17483,,,8,,,
max_init_qat,max_init_qat_fpga_seed0_6/calibrated/all_weight_max/models/SPATIAL_SPLIT_3WAY_DENSE_QAT/UP_calibrated_all_weight_max/current_h32_br-both_fu-sum_sk2_z0_D1_A-shared_n-bn_a-relu_head64_tok4_state16/run_seed0/result.json,129621dd141d568139380c1299f0f41fef49277c016867cc23546905d8d10b0a,15625,UP,0,8,current_h32_br-both_fu-sum_sk2_z0_D1_A-shared_n-bn_a-relu_head64_tok4_state16,,0.9235899547138741
max_init_qat,max_init_qat_fpga_seed0_6/calibrated/all_weight_max/models/SPATIAL_SPLIT_3WAY_DENSE_QAT/UP_calibrated_all_weight_max/current_h32_br-both_fu-sum_sk2_z0_D1_A-shared_n-bn_a-relu_head64_tok4_state16/run_seed6/result.json,c86bef275010bf9b06c196ccfa1162f9ba5df1c224f04747b8522b9b259753a3,15611,UP,6,8,current_h32_br-both_fu-sum_sk2_z0_D1_A-shared_n-bn_a-relu_head64_tok4_state16,,0.9655825442568958
max_init_qat,max_init_qat_fpga_seed0_6/calibrated/patch_max/models/SPATIAL_SPLIT_3WAY_DENSE_QAT/UP_calibrated_patch_max/current_h32_br-both_fu-sum_sk2_z0_D1_A-shared_n-bn_a-relu_head64_tok4_state16/run_seed0/result.json,5d8a8ee9c20a60640a4dfdb76310efbd91f176d2e3c1f247aa2a16899ef6df15,10178,UP,0,8,current_h32_br-both_fu-sum_sk2_z0_D1_A-shared_n-bn_a-relu_head64_tok4_state16,,0.9099217785096748
max_init_qat,max_init_qat_fpga_seed0_6/calibrated/patch_max/models/SPATIAL_SPLIT_3WAY_DENSE_QAT/UP_calibrated_patch_max/current_h32_br-both_fu-sum_sk2_z0_D1_A-shared_n-bn_a-relu_head64_tok4_state16/run_seed6/result.json,3b9e63529a8ac4c3b1e9c5dc372bdfe7a55dfed9525f54481529a8428254c45f,10175,UP,6,8,current_h32_br-both_fu-sum_sk2_z0_D1_A-shared_n-bn_a-relu_head64_tok4_state16,,0.9552902428983121
max_init_qat,max_init_qat_fpga_seed0_6/qat/all_weight_max/models/SPATIAL_SPLIT_3WAY_DENSE_QAT/UP_qat_all_weight_max/current_h32_br-both_fu-sum_sk2_z0_D1_A-shared_n-bn_a-relu_head64_tok4_state16/run_seed0/result.json,cb3a9d64284164e35d119ac6f50d255298a9986a314b3b926816e78c7290f464,15593,UP,0,8,current_h32_br-both_fu-sum_sk2_z0_D1_A-shared_n-bn_a-relu_head64_tok4_state16,,0.9622066694112804
max_init_qat,max_init_qat_fpga_seed0_6/qat/all_weight_max/models/SPATIAL_SPLIT_3WAY_DENSE_QAT/UP_qat_all_weight_max/current_h32_br-both_fu-sum_sk2_z0_D1_A-shared_n-bn_a-relu_head64_tok4_state16/run_seed6/result.json,b86f439fc887704b28e571ba4c83f84b43f1e5dc2c869caa8244c200b97b56fe,15571,UP,6,8,current_h32_br-both_fu-sum_sk2_z0_D1_A-shared_n-bn_a-relu_head64_tok4_state16,,0.9668999588307946
max_init_qat,max_init_qat_fpga_seed0_6/qat/patch_max/models/SPATIAL_SPLIT_3WAY_DENSE_QAT/UP_qat_patch_max/current_h32_br-both_fu-sum_sk2_z0_D1_A-shared_n-bn_a-relu_head64_tok4_state16/run_seed0/result.json,9267f274becf65d47f1a2319c3774772687c98432e76faec9585872132ab6154,10145,UP,0,8,current_h32_br-both_fu-sum_sk2_z0_D1_A-shared_n-bn_a-relu_head64_tok4_state16,,0.97027583367641
max_init_qat,max_init_qat_fpga_seed0_6/qat/patch_max/models/SPATIAL_SPLIT_3WAY_DENSE_QAT/UP_qat_patch_max/current_h32_br-both_fu-sum_sk2_z0_D1_A-shared_n-bn_a-relu_head64_tok4_state16/run_seed6/result.json,d7c618187ad6ee9741a894f2d16d6c75d5e5588d6fb940eec56b4ced0da5cd21,10136,UP,6,8,current_h32_br-both_fu-sum_sk2_z0_D1_A-shared_n-bn_a-relu_head64_tok4_state16,,0.9700288184438041
max_init_fpga,max_init_qat_fpga_seed0_6/calibrated/all_weight_max/simulations/seed0/fpga_simulation_result.json,6097d5bd7ce87e7f9f115a093de4dd61ccb8bcf2aea290844172fd98505275a8,22145,UP,0,,,,
max_init_fpga,max_init_qat_fpga_seed0_6/calibrated/all_weight_max/simulations/seed6/fpga_simulation_result.json,128185dabcfae0f45f1c3adab3a02ba6c5f306c357f8d1e9b3fb486c719a3ee8,22184,UP,6,,,,
max_init_fpga,max_init_qat_fpga_seed0_6/calibrated/patch_max/simulations/seed0/fpga_simulation_result.json,f57425401f22a21a8669d6e1f6a1b50baad28ccd922050d34b08fa3d8d924b7c,22111,UP,0,,,,
max_init_fpga,max_init_qat_fpga_seed0_6/calibrated/patch_max/simulations/seed6_retry1/fpga_simulation_result.json,3114310b1d8b37c0bb475bd3cf00f8c2a0fac176263bc58d927b6ec23165fa26,22185,UP,6,,,,
max_init_fpga,max_init_qat_fpga_seed0_6/qat/all_weight_max/simulations/seed0/fpga_simulation_result.json,df615f7a9481d4bc0c73e19c3d485d5b51328a88b3bf43c431a6e2f67fa63ee4,22121,UP,0,,,,
max_init_fpga,max_init_qat_fpga_seed0_6/qat/all_weight_max/simulations/seed6/fpga_simulation_result.json,646b97f20598bba351950c95e9c6cb5e920f17d10b8eadf1fb0f67c94e893a41,22165,UP,6,,,,
max_init_fpga,max_init_qat_fpga_seed0_6/qat/patch_max/simulations/seed0/fpga_simulation_result.json,c58aae85771a0448ebc4cf92799a2068fc89fb1ea078cb67fd83031fd3ed502f,22089,UP,0,,,,
max_init_fpga,max_init_qat_fpga_seed0_6/qat/patch_max/simulations/seed6/fpga_simulation_result.json,fd255e8a1253306aed892d9199d0d4511f88a0c5cccf502e767650930a108abc,22121,UP,6,,,,
stability_bn,qat_stability_bn_seed0_6/bn1/training/SPATIAL_SPLIT_3WAY_DENSE_QAT/UP_bn1/current_h32_br-both_fu-sum_sk2_z0_D1_A-shared_n-bn_a-relu_head64_tok4_state16/run_seed0/result.json,21af24ef668ebbcb649032aca8ed374c970f71dcde47d89fa5ffe6ce41cb24a4,9456,UP,0,8,current_h32_br-both_fu-sum_sk2_z0_D1_A-shared_n-bn_a-relu_head64_tok4_state16,,0.9347056401811445
stability_bn,qat_stability_bn_seed0_6/bn1/training/SPATIAL_SPLIT_3WAY_DENSE_QAT/UP_bn1/current_h32_br-both_fu-sum_sk2_z0_D1_A-shared_n-bn_a-relu_head64_tok4_state16/run_seed6/result.json,3cdf82b03dcbc68191d3be8906237f3539f352cf433a60c45e3645b1a80e9a59,9418,UP,6,8,current_h32_br-both_fu-sum_sk2_z0_D1_A-shared_n-bn_a-relu_head64_tok4_state16,,0.9358583779333058
stability_bn,qat_stability_bn_seed0_6/control_bn20/training/SPATIAL_SPLIT_3WAY_DENSE_QAT/UP_control_bn20/current_h32_br-both_fu-sum_sk2_z0_D1_A-shared_n-bn_a-relu_head64_tok4_state16/run_seed0/result.json,f6d648a9ab3a5c4da7385268822aae7ea4d348558d7400afaf606fab1c2b7a21,9489,UP,0,8,current_h32_br-both_fu-sum_sk2_z0_D1_A-shared_n-bn_a-relu_head64_tok4_state16,,0.9342116097159325
stability_bn,qat_stability_bn_seed0_6/control_bn20/training/SPATIAL_SPLIT_3WAY_DENSE_QAT/UP_control_bn20/current_h32_br-both_fu-sum_sk2_z0_D1_A-shared_n-bn_a-relu_head64_tok4_state16/run_seed6/result.json,974c2545bdf5c956c8813c7be592dde5c33b4007dfa85bf2d2990691566b2972,9456,UP,6,8,current_h32_br-both_fu-sum_sk2_z0_D1_A-shared_n-bn_a-relu_head64_tok4_state16,,0.9188966652943599
stability_scales,qat_stability_scales_seed0_6/bn1_fixed_scales/training/SPATIAL_SPLIT_3WAY_DENSE_QAT/UP_bn1_fixed_scales/current_h32_br-both_fu-sum_sk2_z0_D1_A-shared_n-bn_a-relu_head64_tok4_state16/run_seed0/result.json,2daf00f3e8618ea9bff040ea3ca8f3ed0b717a73b58a1875e5c1147b89db255d,9512,UP,0,8,current_h32_br-both_fu-sum_sk2_z0_D1_A-shared_n-bn_a-relu_head64_tok4_state16,,0.8995471387402223
stability_scales,qat_stability_scales_seed0_6/bn1_fixed_scales/training/SPATIAL_SPLIT_3WAY_DENSE_QAT/UP_bn1_fixed_scales/current_h32_br-both_fu-sum_sk2_z0_D1_A-shared_n-bn_a-relu_head64_tok4_state16/run_seed6/result.json,3a0b936725b739ef9d953a03b540cc541999514af6ca9f2e279320cf59453cc8,9492,UP,6,8,current_h32_br-both_fu-sum_sk2_z0_D1_A-shared_n-bn_a-relu_head64_tok4_state16,,0.9701111568546728
stability_scales,qat_stability_scales_seed0_6/bn1_slow_scales/training/SPATIAL_SPLIT_3WAY_DENSE_QAT/UP_bn1_slow_scales/current_h32_br-both_fu-sum_sk2_z0_D1_A-shared_n-bn_a-relu_head64_tok4_state16/run_seed0/result.json,c49701e03aa96ee372ef8972434411d36f6cd1e36dfd15d5ffa254d6e2e7c699,9509,UP,0,8,current_h32_br-both_fu-sum_sk2_z0_D1_A-shared_n-bn_a-relu_head64_tok4_state16,,0.9203787566899959
stability_scales,qat_stability_scales_seed0_6/bn1_slow_scales/training/SPATIAL_SPLIT_3WAY_DENSE_QAT/UP_bn1_slow_scales/current_h32_br-both_fu-sum_sk2_z0_D1_A-shared_n-bn_a-relu_head64_tok4_state16/run_seed6/result.json,f9b0853da3dc4abe726313e8b3215f82d7c0625b0a41ca66ab15b12947a2cd5c,9486,UP,6,8,current_h32_br-both_fu-sum_sk2_z0_D1_A-shared_n-bn_a-relu_head64_tok4_state16,,0.9038287361053932
stability_single_factor,qat_single_factor_seed0_6/bn1_fixed_scales/training/SPATIAL_SPLIT_3WAY_DENSE_QAT/UP_bn1_fixed_scales/current_h32_br-both_fu-sum_sk2_z0_D1_A-shared_n-bn_a-relu_head64_tok4_state16/run_seed0/result.json,88bc3862c56ba4136c95d8321cf80213ca23c881b4281d5978519437ddf5b293,10419,UP,0,8,current_h32_br-both_fu-sum_sk2_z0_D1_A-shared_n-bn_a-relu_head64_tok4_state16,,0.8843145327295183
stability_single_factor,qat_single_factor_seed0_6/bn1_fixed_scales/training/SPATIAL_SPLIT_3WAY_DENSE_QAT/UP_bn1_fixed_scales/current_h32_br-both_fu-sum_sk2_z0_D1_A-shared_n-bn_a-relu_head64_tok4_state16/run_seed6/result.json,9d746bce4aa187b7ee4a9f6de694de5d5231caf52c7fca2a3d86dd2e7fa490f9,10657,UP,6,8,current_h32_br-both_fu-sum_sk2_z0_D1_A-shared_n-bn_a-relu_head64_tok4_state16,,0.9701111568546728
stability_single_factor,qat_single_factor_seed0_6/fixed_freeze_bn_affine/training/SPATIAL_SPLIT_3WAY_DENSE_QAT/UP_fixed_freeze_bn_affine/current_h32_br-both_fu-sum_sk2_z0_D1_A-shared_n-bn_a-relu_head64_tok4_state16/run_seed0/result.json,382e95bae2551fd592621887156ba522ba6790e56d4f552dd802addfa9ef2a28,10702,UP,0,8,current_h32_br-both_fu-sum_sk2_z0_D1_A-shared_n-bn_a-relu_head64_tok4_state16,,0.947550432276657
stability_single_factor,qat_single_factor_seed0_6/fixed_freeze_bn_affine/training/SPATIAL_SPLIT_3WAY_DENSE_QAT/UP_fixed_freeze_bn_affine/current_h32_br-both_fu-sum_sk2_z0_D1_A-shared_n-bn_a-relu_head64_tok4_state16/run_seed6/result.json,2b0369b6beadaa459d055f1a8bd4e4252d2bd463a8d385930e1ce179caeee14b,10672,UP,6,8,current_h32_br-both_fu-sum_sk2_z0_D1_A-shared_n-bn_a-relu_head64_tok4_state16,,0.930588719637711
stability_single_factor,qat_single_factor_seed0_6/fixed_low_weight_lr/training/SPATIAL_SPLIT_3WAY_DENSE_QAT/UP_fixed_low_weight_lr/current_h32_br-both_fu-sum_sk2_z0_D1_A-shared_n-bn_a-relu_head64_tok4_state16/run_seed0/result.json,2943c52e0e7604b1c1ffa3983e6fc82bfb02873d96baa1c46fb10c14f37db255,10224,UP,0,8,current_h32_br-both_fu-sum_sk2_z0_D1_A-shared_n-bn_a-relu_head64_tok4_state16,,0.9008645533141211
stability_single_factor,qat_single_factor_seed0_6/fixed_low_weight_lr/training/SPATIAL_SPLIT_3WAY_DENSE_QAT/UP_fixed_low_weight_lr/current_h32_br-both_fu-sum_sk2_z0_D1_A-shared_n-bn_a-relu_head64_tok4_state16/run_seed6/result.json,ba526f98fbb2536a1fd16c1138b0522ea72fcc097f37e9e014721c73b02d6bd6,10711,UP,6,8,current_h32_br-both_fu-sum_sk2_z0_D1_A-shared_n-bn_a-relu_head64_tok4_state16,,0.8595306710580486
