74915093827c998d83735f8f4d98a11b
73905094837a978d8574648b4a978617
748e5193807b938f8a6d65934d967712
738f53948674978e8a73668d4e948815
728f5095817798908d6e6a8e49947f15
788f4f9680799891876e6d8b4b937b15
748e5292837896908975659545927613
748f53998173938f8a756c8947926811
738d4e947f6d979187756c8c44914a0a
75905196807298937f686c9049914106
778e5297826b97908f746b9048904307
768f529581758c8e886d6d8b488f3e06
738f4d9381729090896c6d8e488f3a05
778f5095817096948a6d6c964a904207
77904f97807796928b6e709b4d8a6513
738f5293867494909074719947827624
73944d968476988b887262894c988b18
738e50968173998f827169874995650f
768e5092817790908d6e67954c945a0a
759051948373958f8a706a8c4e936b0e
758f50937f799790816e6a8c4993660e
758e50948371928f8a716b8b4b935c0c
758f50958071939086726a8e46904e09
788f5194806e92908d6f6e8b4a904208
748e5094807392908d6f6c8e49903b06
718f529681719492846d6e90488f3e06
75904f95817193908b6a708a4c903f08
708d539681749392876d6e8e498f3d08
768e52978171959287726c93468f4008
778f5299816e9792956c6d974e90530d
748f5295847499938670749a4c85741c
78905093857596918e6e748e4c877228
75914e968270988e857068854e977b15
748f4f937f778f8d8875698a4692540c
748e4f9282729592846a6d8e4a924306
73905093817191908b6f6c8e4b914807
748e53967c75949184716b8f468f4607
78914e9681778e8f886f6c90488f4106
78905093806c9892886d6d8e4a903d06
748e5194826e9592866b6e8f4a8f3f07
738f4f9280768f91896a6f8e4b8f4409
77914c94827790908f6c6f924b8e4f0d
7590519682769792866c7092498b5a13
78914d92827e9390856c7491488a6019
779050937f7f9593836d7092458a5d1b
778f5099807995938c6770974b8c631c
75914e93827596918b7075914d877624
76904f94817b92918c6d748e4a866f29
748f5194806f9390886e6c874b95490c
758f4e92826a938f8c716c8c49913d06
71905095826b97918d716b9047903a04
758e5396836e938f8e6d6e8c4b903b05
76904e9282778f91846c6d90498f3f06
77904f957e7494928a6f6c904a8f4609
728e5095816f97918f716e94488d4f0d
7c8e5295847e8f908a65718e4b8a5713
77904f9881739a92927272984b8c6719
76905194817a9593896975914d897422
798f4e93817e9293876e759247887a27
768e5092847a9692876f749145877428
768e4e9383749691936c729349877229
76905094807a97938871739547877529
768f519584779693856d758f49877329
778f4e957f759793886f75934a876a29
75904f958469968f93706c8a48953d0d
768e5194816f94908c726d8f48923c06
748e5195836c96918b6f6c8f48903b05
728f5193826f9793886f6d9348903f06
75914f9680749391936f6e954f90580d
7a914f957f809192896974904d8a6e1a
748d50977f7898928c6f739548887322
758f4f95827a9490926774904d897627
74914d94807c96938770749449877a29
778f5194847998948c70769348877b2b
758e53947f7e9292897075914888772b
78914e9585719893886e759447897128
73904e9782729490936c748d4e897128
768d519483739a948873749746877327
75904f9484759693876f759348876f28
748e509281729a938a7174934a866928
75914e97817696908e70738a468e5c1c
768f4f90807894928772718e478f5115
738e5396837098928d716f8f458e4510
768f4e967d7995938d6f6c99488f4b0d
788f4f94837892928f6b7299508b6f18
74905195867795918d6e73924a858126
748f51947f809493856d749446877e2a
778f5098807b938e936e759049877329
78905097837796928d6e749549867429
728e51977e789693846b75914b85722a
748f4e92817595908c7273954a856e2a
7790509680759b938d72709648876d29
758e50947f7c93928770739647876f26
728e509585729b93896d75924a867028
74905097807995928970749549867128
758f519680799491876a76904b856d2a
759051938376928f9571788c4a8c7625
748f5095817796909377729546866d25
748f50958477918f926d719049896323
748f4e94827596928c6c73954c8b6721
748e5193817f94938c6f73954c867827
76904f95827b95928b7076934a877c2b
728f5195827599938b70759449867a2b
738e4f94817895918f7175914b86752b
73905295837798928c7075934a86712a
768f4d9480759791896b75914c866b2a
718e5195827497928c73709848846929
728e4f9584759490906b73914c886a27
748f4f9480769a948c75739948857027
78904e97817b96918b70749649867329
73904f95827b9392867074954886732a
758f5096817a95918a71739849826f2b
7791509584729490916d778a4c8d7b26
728f4f92847795908c6e769249887726
768f51967f799792907074924b857529
768f4f93807598938d7273974886712a
748f4e93866d99938f7173984986762a
77925097827a9592896d75934b857a2c
77905096827b97938a72759648847b2d
759050968474968f916a778e4f86782e
76904f94847098918f7076914a85752e
768e5196807698928c73749648856e2c
778f4f9084749a93896f729549846a2a
748f4e93857494918c6b72934c866a29
76905099827398919173719848856c29
76904d94837a9692866f749548856e2a
738f4d93827695918a6a75914e866f2c
73914e9781729990967570984a83722e
768f5096817694928e6f778f498b7925
738f5293827792918f6e779249887626
728e5394827b9594886f769348877829
748e5293857494909070778f4c877529
76914e967e7f94928a6d76924a86722b
748f4f9582779792876d75954b84702b
748f5096807c94918c6e73964b84752e
77924b94837996938a7175964985772e
768f4f9381789691917674984785792e
73904f98827a96918e7373954485782d
788f4d95827896918d7070974586742d
77904e96857496908c6e728d468b7128
748e4e947f7a92908a6b75914c876924
7990519a8177958f8e6c72954c846e28
7a904e95847993908c6b73974c85782c
74914f97827798928e716e904b8c8a2e
758f5093877496918c6e768f498a7022
758f5294847397928c6f749549877125
728e5192817995929075739748867429
758f5194807d94928d71769449877229
75924e95827b9292896e76914986742a
758f4e95817995908a71759546836e2b
758f4f94817b9590896f709b48826b2c
748f5194847c91908d6a73924e857330
7490509285799494866d74964985752d
778f4e967e7b96938d7474984584752d
768f5095857397918d6a73914a87742c
7590539584779792887a6d9041896f27
748f4e9582719592906f7194488c5d1e
758f5094847397928a6f74964c866f21
728f5197827e93908a6e749649847429
74905094827594938c7072934887762b
7890509982739590926c76904d897225
72905194867895918a6f769349877528
74905192827b91909474739448877529
73904e937f7d94938b74739846867229
748f5092867595918e6c75924b87742a
738e519382789592896f76914b86732b
758e5194817d9692876f709b46826d2c
758e5196867795908d6d71964b83712f
728f5092847697928a7074944987722e
76905198807a94918d7274954885712c
77904e95817596928a70729348866f2a
7a8f5297837198928c74728d478a6224
778f5298857a94928b6972964a8b671f
728f4d92817b95918a70769249857525
768f4f938277928f917075914987702a
74905196827693909070739148866a29
73914e96827098918e6f72944a896f25
78905396837a92918e70759448877426
76904e9482769493896c74924b877528
728e4f92827d9391907073954987782a
738f509580808f8f936874924d8b832d
759253988480959188737486488f902b
758d509481799490866d788e468b7322
748e4f968077998f8d6e74944c837027
77904e93857496918e6e72944a846f2c
78904a927f7499938b71739848846e2c
748e52958578928f8f6d73924a876d2b
758e4f98837497908f7176924a876e29
70904f94817a92928f6f739549877129
768e4d93837c93928b7074954685742a
75904c9184789791886e74924786732b
788e51978476958f9071709645866c2a
788f4f938376938f926e72954c886823
75905095837d91908d70709748866e25
748e549780749591967572964a887027
75904f96817995928f71739548867929
78924d94807f9692836973904a887f2c
768f50928673939287717481438f6923
728c4f94807992918f6d709847905f17
758e5197817798908e7375974b827221
73914d96837398928870739649846e29
778f5092857697918d6e72944a83702c
738f5297857b94918b7072944685712b
77915096837396918d72769248877029
758e519784759692866d74914a866e29
72915094837599938c7073944888722a
748e539684769691886e758f4887732a
789050958375968f8f71729445866a2a
76914d957f7a95918c6c74924a886724
7a8f5293857495918f6e71954b886a25
728f4f90857396918c6c74934c886f26
74904e94837298928e72749748857328
74905096817c9691896a75914b85752c
748f5297867795908d707388468a6928
718d519285749592916c71964890651e
798f4f958077938f8f6d78904e857224
73905096807697938970749747856e29
758f4d947f759a93887172964a86702a
74915093847798938d7173934887732a
778e5194847399928872759247876f28
778f4d9881779590906d74914a876b28
72914e95817698928c6d74914b886f28
748f5198827095918f6a768b4c897029
76904f93817699918c7171994686762a
758f5095857596918b71739445886e26
728e4f9384709791957073924b8b6b25
768f51967c7d93938a71749449886f25
78904d9384729790957072964b877227
748f5094837c94928c6d74954a847b2e
718e5596867a9895846e739546867d30
768e5094837c93928f6f758e478b7a2c
768f5094817a94908b6e759346887129
748f509582799893856e739548856e29
738e5096807a95918b6a72944d86722c
75924e95817c979489717094498b832c
76905097827797928b6d7b814a907e27
748e4f91827498909173769444867124
758f529a837697928a72739445856c28
788e4f93837197928e70749549876b28
74904f93837396908f7171964883702b
74914f967f7c95928e70738f478b7329
778f5195817a9793866e739547896f27
748d50938675968f946f74934a887127
758d5194817a93918e6e71954c86762b
718e519780819794846b72914788802e
78924d97827a95908e6d758b498b7e2d
768e52968674989192717491448b792a
758e50997d7a9793886f749546867429
748f5298837994908d6f74964785732a
78904f94827997928b6d71964a86792d
6e915195837c9695826d728b478e7e2a
728e5198807a92918b70748c43906e1f
788f519681779691896d77934b867121
738e52977f7d96928870739645846d29
758e5093837395908e6e74904b86692a
798e5197817795909074709948836a2b
71904f9581759893896f73944987742a
7691509480799592897176914988722a
728e50978273948f906d748f4b866e2a
78905099827494909471719848856f2b
768f509583729a928c6e71934b88742b
77904f93847996928f6f738e498c792a
748d5196816d99919174759547867328
738f4f968474958f926f71954886732b
75905095827496928d7073924989792c
728e5096817795948c6c74914a8a812c
71905395827694928b75758a458d8a2b
73905092836e97918c747490428f7923
76914f96856e9b94846c718d438c7320
72914d92827296928974769245897c23
76904f948370918f8a6973894886722a
709153978672948f92726f90438b7127
77914d967f7496928b6e749249886e28
74905197816f9b928972739348866b27
73904e9581719590946f72954b856c29
708e519382779390916e72944c886f2a
75904d93827697938b6c6e974b8a7f2c
74915094847596928b74728946917b26
728e4f948177958f8f6f77934a897823
728f519783769892886e75934785762a
76914e9184749793907373954788782b
73904e92857198948b6e75914988832c
72905094837993918e71768a448c7c2b
74914f9782729a938c6e7492488f8128
718f5497827295918d72778b458a852b
76924e95806a978f8c7277884586712c
738e519682719690896c6f9246886529
71905193827295938976709645897327
74905294857397918d6f729249886927
75924e95847396918d6e73934a876927
788e4f92827398938b7073944a876e29
75914f94817695919072739449886d29
758f4f95817696928d6f70954a87702a
77905395857097918c73728c458a6124
79904e9482759191936b6f964b91661d
738f5092827a93928872769448857724
74905196827496918e7573954685752a
739251957e7894928d6e758e4c897b2c
728f4f9384729995886e74904788812e
75915095807793928e717290448a862f
74905197836f958f8c6d798646897d2e
74905094866f99908973719242856a2c
758f52987e7993918a707294488a6a29
77914e9482729390907671944686732a
758e51967e7993908c69748f4e876427
748f5197816d9b938c6f72964a866a27
78914d94837596918d6d72904d866f2a
79904f917f8291938068759249876f2b
778f4e95847298919176719846846e2a
748e53957f739693886d73914a88682a
778e519880759a968671709b45866b27
75914f93837695908f72749249877329
788f4f99827795908e6d73904886732b
74914f9781709c958a7571974586792b
74914d93857395918e6a76894c8a7f2e
718f4f92827397928671738f44887f2d
788f50947e7a9293816d72924286722d
75915195827096918b7472934589722b
6f915092807198928d7773924587762c
728f4f977b7a9391897173934686782d
758f4f95837497928b6c72954a866527
788f5197837693908f6e72954c866829
7490519884739892876b72924b856c2b
77914f967f79918f947071924a886e2b
72905294857694908c6a768d4c866f2b
77904e98817596928b6f749348886d2a
74904e96817694918e6f74944a86722b
738e5196836f9892907273934887732b
7b8f509487709a928d7173964687722c
748e509383779492896e73934987772c
72914f957f7a91918a7073914687792d
758f4c94846f9790896f729244846f2e
748e549883749591886b718f48896f2c
73905397817594928a7275934785772c
72925093837595938471719243847930
74934d94826f96908d6f758e49897e30
748d5193827b9190886b73954a84692b
758f4f948379928f8f71709849846b2b
76905195857595918f7173934a866f2c
758f5097807d93918c7272974786702b
74904f92837297928d7173934a866f2b
768d4f9382779693866b74954985702c
77905097817898928a7372964683702d
79914d9583729993876d72954786712d
758f5095827996938b7173944686732c
748e5197817a918e957272934687712c
75914f957f7295918a73739347846e2c
778f4e9481789491876b6f9547866a2b
75915096817096918e71728f4b8a752a
77914e9283709b928b7873984483792d
70925095807695918c716f9446868432
73905096807994928872758f45898d32
788f529985719b918c6f72954a856c2c
748e509581799492886e73954b85702d
738f5195837696918c6f75924a86722d
75904f978574948f916d73904b87712c
77904e9580769892906f73944b897a2d
79924f94847c99938a7475964487832f
738f4c95817696908e6f768d48897c2d
748f4d94807797918d72729149857a2e
76905196847697908d7274924487772e
738e4e967e759a93836f749146856d2e
728e4d9381749691886b71914888672a
748e5295836e97919177709948877128
708f549881769492846a738f4b86782b
749050948473948f947071914a868731
71914e977e7f95918b79729342899133
718f5293827598938973728f448a9033
75905197847697928a6c73924b87702d
778f5198827898918b74719c4682712c
778e519681769994887274974987732d
75904c9384759791907470964586752c
768f4d95827a97939270719947897e2d
74925698857c91918c737787448f8b2c
758e4f95807196908e72748b40907120
758e5197836e9790946b72914d8b711f
758f5093837497918470759147847b29
758c4f9383719992866f6f9443826a2e
73905195837197928c717295468a6829
73915096846f9a94866f709647846c29
79924e978374958f8c6c74914c85772c
6f91529583779290916e73914b878932
72924f92867197918a707689468b9534
709050948073948f8d73748b438a8f33
72905193807a91908a74758743927420
758e4e9183719b908e7275974888731f
76915096837395908b6b768f4a857429
758f4f90857694938c6e73934988762b
768f4f94857a9290937372944787812e
788f5195837895928f6e749146888530
79924c9285769891896e749045868032
778e4f948176958e8c6f758d48827133
708e4f97837095908f6a6f9349886730
738e52938675938f8970739349846e2c
748e5494857596908e72709447846e2b
75904f95817692908c6b72924b87772e
72924d94837694938d71739348888630
73935194857595918773758a42878a31
73904e938170958e8e7077844688712e
76905195837095908570708a42885827
738f5398827798948275708d418a6923
778e5296826f9690956e71934b91661b
758e5292837a97928371769545827523
74905097837895909172739645867229
74914e9683719993896b74944a857a2d
798f5196807d99948873719743847e31
778d51968375968f856a758e48827633
748e51968576969285726d9742846831
748f5297827497938e72719847896e2c
758e5192847795928b73709646857a2e
79914f9285789391897373934386792d
728f4f9482759190907173914787782d
72904f977f759691886d778e4a847c31
74914d968172948f8a71738745877331
75915096807095908671738943895a28
728f50988076918e8a70709046885425
748e509584749894826c739046895d24
728d5095837991908a6e73944b8a6320
78904f97886e98908d6b73934a836b26
758f50948274989388766f9c44836f2a
75904e948076968f98786f984882742f
788e4e958376999086717294467f7033
788f5198867395908b6c6f9347836532
758f5198867497928e716f9947886c2c
74905295837e91918d69729549887f2d
768f5095847a95928e71748d468b8b2f
748e4e93837895908e70778e4489812e
738f4f958272958f8b70768e47827832
748f4f92817396918373729044826932
73914f94846e9591856f708c46895429
738f5095846e958f8671709048885426
738f529682719591816f6a8c42824b35
768f4e9583739891896f739248876728
758f4e988376938e906b73914b856527
748f50988374968e8c71739549836627
758f4e9582729a918d73719a4982682b
778f51928178948e8f7370984b7f6b30
778f4c9185739890866f6f94477f6432
738e539583789692886f6d994688642c
748f4d96827696908d6e73914c85722d
7491519383789994866b729246887b2e
73905097817b92918e6e728f478b862e
73904d9584719a92887174914287832e
738e5095826f97918c76758c41857930
738f5091826f958e8a75728d43855c2a
738f4e948272939189726d9444875026
768f4f967f74948e887a6c9144805331
758f5096846f939187696a8747943d37
79914c9185769792846b729447856528
748f4f95827597908b72719948826528
758e50958279948e8f6f71954d82642b
76904f968176978f8974709c487d692f
738f50948177918d91756c98457e6232
77904f95847a959287706e9b4785662d
748f4e9481729b93887371994a826e2b
77905095827498918e6e70924a847831
729051948a709a928f77709641877e30
728f51987d7695908b6a758c4a857a31
718f4f95827796928271749045857030
74924f94856f95908972728943885f2a
758f5094816f9691876e6f8f47895427
738e53998273978f84786b933f7f5032
78914c93827290908d73688e42933d34
75904f97816b96908b726e8b4b934029
79925093897597928c74718e438a762a
748d4f948076948e9073769848846a25
748d50958175968e8c7071994b7c6c2f
769151958475988e89716f97487c6936
768e4e94837895918e6d6e9649836331
768e51968275958d8d6e75954d856c2d
7a915098827298918a71719948806f2d
76905096827a95928a6873914b857931
73905094827b95928b72729145848234
75904d93827495908b6e768c43877531
788f4f96827295908977718f42855d2a
778f5396856e989189716e9345885125
6f8f51948273948f85726f8e47815431
74914e98817195928670678d41913e37
728f5194836d969188756e8b4b943f2a
768d5296836f9590866f6f8e498f4326
738f4e958377979285726e904186662a
79904d988178948e8c6d74974b896625
768c53948472998f866b72944c796b32
728f519582739892866e6e9647836333
738f519683729590886b73924f86682d
758f5194837b9490866c74944a82682c
798f509783789290906e71974a84722e
7390509683729a938c77729947807e32
748f519784789491896e738e44847736
76905193847198918875728a4287632e
778e4f95836b989091736d9244895127
73904e96856c998f86726f8d4782532e
74924c96826f9691886e678b438e4136
76924f9a806b96928a716d8a4b963e2b
758f5091836a959185716d8e488f4326
729052978074949188716d934a8a4f29
778e51977f799b93826f7099477f6b2f
798f5097857c968e826e7197487d6a33
778e4c988376978f8b6f6c9445816032
7890519a7f7694928c6b72944d8a652b
748e5095827298908b6d71944b826d2e
758f5094837d92908b6e71964b837030
75914e948078958f8d75729849817b34
758e5096837c9391886e738f46827838
728f4d95817095908a72748843866231
768f4d93817195928c706e91448b5027
758f4f968071958e8a70708b4a81542e
7491509681729492866c688b45913f37
76924f938372949288766d8f48943f2a
748e4d93826e93908e6f6d8c4b914226
6f8f5395846f948f8e6f6d8f4d8c4f29
788f51978272998f82796f92477e5f3c
758f50967e74939090727590478a7226
78924d96827696928b6e729448887b2a
78904e9185789491907372964486832e
768f5095817898929574739545878532
778e4e93817a95928b6d739247878734
778f4f96827c908f8e71749243878834
758d50938276938f8e72748d42867a34
758e5297826f96908970728843885e2d
788e4f917f7594908a736e9444895227
74904e94836f989086736d9145824f32
748f5095807490908d6e688c45943e33
78905195807194918c756c9049924128
768e53987f7294918a6e6e914c8f4727
78924d968170988f92776d9948865a30
77904f968376938e8a6e6a8d45825644
768f5198847193928f70688f469b483b
748e51958471968f8e6f749349857b2c
708f529384769794886f719146898531
758f4e93807995928f6e7690488b8d31
75914e967f7a97938d6c778b45898b34
738b50978376968f9070759343868133
748e5094807495918671748e43867533
758e5094827394918872718b43895c2c
748d5095807495908c707192488b5326
768f4c93836f958f8a736b8f43824d33
73905194866b9592896f6b8d47953e33
738f5197816c9893836f6e8e4b924128
778f4f94836c9b9387726e94488e4927
748f51937f78949189776e9848855b32
768d50958476939087686a8948845445
76914c95817198958d736993469c4e39
75905097807295918d78719149955f23
74905095827298918b72729745857a2d
77905093818291918d72729745868631
758f4e94837697908f6f769047898832
7490519680789995826e739243868534
769050977f79928f8a6f768e42867732
79904e9480739891836e718c44845d2e
778f4e97807495908d6c6f8e498c5027
74904f967d729a9283746e9046815231
75905199827393928670679140923f35
758f5194817093918a726d8e4b934029
748e5094847295918a716c93498f4526
77904e927f6c99928a736d974a89572d
728e53988374979088716c90477f5d42
769050957f76939390736690449a4b40
74904f97826b989390736e924b995c26
73905193847397928471728f478a671e
728f529185789190896c749149867f30
7591509982729891886b758c49878432
7a8d54977f799492866d759148858034
738f4d92847596918b71728e43867433
738f5195837992918371738c42885e2a
778e50977d759591896c6f9048885327
798f4f968170989186726e8f48835231
74904e95837094938870698e43913f35
718f5192816e93928b706e8d4c95402a
758e5196826e9891896f6f904a8f4627
768f5094827098918a6e6e924d8a552e
768f4e947f77908e8a716c8d49825a41
76905094836f93928f71668f45954c40
758f4f958471939193726d914b9b5928
76904f977f7595938a757190488e681f
748e4f9482769190916f718f488c651e
7590519285769a938371749144868230
738f5094837394908b6c788948897d2f
758e5093827394908b6c748e48857330
768e519982749590856f738b4585632e
768c52968274959090756f95438b5326
728f4d948070999186736f8f48825432
798f519885719392896d688c43923f38
758e4f92827293918c756e8f4a95402a
748e5295836f9792856d6d92498f4526
738e53958170969090726d934d8b542d
768d51958174958f8971708d4b805d41
748f509583769393896b688c44964b43
738e5094816d97948e706f8e4d9b522a
708f5195847491908f70728d4d8f641f
7b905296827991918a6e7090468c661e
7a915094847294918a71718f468c681e
7290509286789a928471758c43898a31
738e5098827497918a6e768a46887b2e
778e5093826e98908871718c4385622b
738e4f938471958f8d736f91458a5224
758e54997e76959086746e954682562b
76904d92876899908e72698c448b4338
788e51977e729292856e6f8c4b973f2d
758d519482719792816e6e90488f4326
758f5096826f959191766b96498b4f2a
758c53987f75948e897470934a815f3c
74904f997f7893938b70668e418e4d47
75904d928070949294756c914a9d4c2f
75905496837593928771738f4b905f1f
788d5194827297928a6f7090468a631e
769150968279908e94766f94458c661e
74914e95807594928f75708e428e6d1c
758f50968274979088747489428b8930
71904f93817198908471758842876b2c
778e4e968273948f8e6c6e8d458b5226
73904e938075978f826e728e4b82562c
75914e9682749491896d688e428c4237
6e8d50938370959388716d8e4a963f2c
758f50987f7196908b706e8f4a904427
76904f918274918f906e6e904e8c512b
738e50938176958e89756f92477f5f3e
74914e967f7a8f928c71658e42914a47
788e5195827192938f6c6d8d4e9f4d2e
71905196846f97918f7670914a8f601f
798f519285739592896f7191458b651e
718f5196827794908f6f738d478b621d
748f4e967e73949192756e93468c621c
758f5095827594938770708f448e6b1c
77904f958473958e8a737486428d7b2e
748e4f93806f94908c78718c3f8c5b24
788d4f92806c9a918a74719646865726
76904e91847496908870689241844837
738f4f977f72959385706d8c4a993d2f
758f519580798f9190776b9346904226
768f4f95806f96908d6c6f8e4e8f4a27
748e4f958271978e8c766f964a836037
778f4f9a807393908d6f668c4186504a
758f4f967f7095948d6f6c8c4ba14537
748f5493836f9592917871924c955f21
738f519185719490886b748b488b641e
76904f938172919190717291478c611e
779051968071969294786e94418a601c
728e5096827595918d706f92478c641c
758e539583778f90896d718c468e6c1e
758f4e967f7593908a72719148895626
78914f98816e9791846e698c44834a36
768f4f948171989487706d8d4a993d30
738f4c917f7891908e756d9049914227
768f4d997e74938f8e6b6e8d4e8f4826
798f51958573938d8f7271944e855f33
788e5095807892908e73678d41825649
72904e96806f96948d6e6c8d4aa1463a
728f4f987f7395928d7371914b965a22
718f55978075918f8c71738b488b621e
758d5193837495928c727191448b5b1d
76914f987e7692918e717090458c601b
74924b94827394909272728e458c621c
788e52968370999389737192438b601c
778f529681749592876e7290468c631d
758f4e92807a91908d717090438d641c
79905197816d99908d7c689440814e33
76924d95846e96908d736a8e45953e32
798f4d94817592918a756c9347904127
788e5397856f9691886e6e92498e4726
749150968078948f8c726d964a86592f
7a8e509783719891856f6c8d47815a45
71905196827292928e6e6a88479c4a41
748f4f95816a9793927370914b9a5526
6e8f5394827495938570718f488d691f
798f5195827b908f8f72718b438e681d
77914d957e7994918d727290428c601a
738f5194826c9c948a737191438c631a
76905092817296938771738e458c641c
728e51967f76959484727292418b601c
748d5194867495918d727093438b611c
75904e9284719692886e728d458d621d
738f4e95827193908c706b8c48983d31
748e4f967f729590896f6e8c4c924127
748d51948870989385716c94498e4726
758f53978275928e8e6f70944d875b30
768d4d958372968f8e6e6a8a48825746
758f5093837394958a776990459e493d
788e5098827394929074719249995823
73905193827690908e6e728d4b8d691f
7a8f519582719692896d73874690681d
748f519584758e8e926e718b448d6119
748f4d91836d99928b717190458c6019
778f5195816d95919271728d488e631c
758e5398827791908f747292428c651b
788d5294827595928b747191438c611c
728f4f948475918f8b6c708d478c621c
748d529382799092886e728e448d641c
728e539482719190886f708a4d954029
78924e97836f9391896f6e8f4a8f4426
748f508e83769493866f6d96498a522b
778d51967e78958f84746f8f497f5d3f
73904e93827690919072649041954744
7a914e958371949293786d92499d5329
6f8e5193857393928872758b49905f1d
788d50927f7790908e6f718e478b5e1c
74915094837095918c767090438d5e1a
728f4e957e7793918d6e728e478d611a
77904f967f7496938a70748c468e621c
778e51958669948f916d738c488d5c1b
748e4f968272989388737092448c621a
768f4f92827495918971708d458d5f19
738d5095836e98928a6e728f478d5e1a
738e509684789291856d7191468b661c
758e529481759593816c6f8f498f4426
76905394837393908b6f6e944a89552c
778f4f957f74959087706e8d497f5a40
788f5096817a93938a71669042964641
778e5095816f9793937b6c94489b4f28
718f5195876e95918a6c74894c905b1c
7b915192837295928c747192458b5c1a
76904f95807293918e756f92448a5c1a
718e5094817793928c747093448b6119
748f50957f7695938b777190438d651c
778e5093836e96918f71718c468e5d1b
748f5194837292908d6f728e4a8e5c19
738e5194817c91918369738a498c5e1a
768e5092817695918d747194448a5e1a
79904e978078918f8869728c4a8b611d
798f52958271959385726f8f428a5b1d
73905497826d928f96706d8f4e8d4f2a
75905096836c988e8570728a4e805e3d
748f4f96847495938b6e648d41924846
778d549483788f928f756d92489e4e2b
728f5093837195928b7074894c91591c
7890519482768f8e906e7090478c5819
769051968375908f8c6d728b498c5919
728f4d94807694928b746f94438c5c17
768f4f94837792918c737192458c6219
73904f93847196928a73728e448e621b
788f5195837097938b717091448e5d19
7490509580759491896d718d488d5e19
748e529584779291896d728f478e6119
748e5095827195918c70728e498c611b
79904f96827695928474708f42895a1b
758f4f95826a96908870718e4789501e
7a8f54958274958d8e786e92477f5d3b
77904e958474908f8d71658e418e4a45
71904e94846d949291766c90499f4e2f
738f5092847395938a77738e48935c1d
768e5296817393918c71728e468d5a19
77924c968173908e9473708f478b5719
76924e978272959187727093448a5818
758e5195827791918b6f718f468c5a19
768e519482729592886d728d488d5a19
799051978275919189717090458d5c19
728e51947f7394918e747093468c5818
798f5098807198938970708f488c5b1a
7b8f4d96816f9a9582727291448c5b19
778f519683719691856e708f468a531a
748d529881729690856e708f48845223
798f50947f7595908c706a9045864d2f
75904f9584788f8e8f70658d3f904847
78915097807591928f726d8f4a9e4b2d
74915094847094928a76738e49915a1d
798f5096837094918c6f718e468b5719
72905293837790908d6c728d498b5519
76904e9682709b9388737092468b5818
75904f9682729491896e728e488c5819
748e52958274938f90736f90458c571a
758f4f978075989383736e96448a5719
77904e91817394908e706f90488b591a
748e509680799792856f6f93488b5f1c
748e51977f7895928772708d468c5e1c
758f4f957f73948f8a72718e4589511a
768d53998075979181696f8e48855024
748e50948271959089736a9245864e31
708e4e94816f969186716c8b458d4034
77914e95836f97928e7370924b955a24
728f5197807394928b75709346896120
78904e93817a908f8e776f9742895d1d
7790509582729391877371924489601d
75904e9782739792866c6f9246885f1e
788f5095807b9190896b70914a886522
738e4f94837991918871709347886b24
758e539682799393816f728f448c6b23
75904e97807793928a717091448c6c21
718f509384739694836e6f91438f7420
73905099817496918b736e894292761e
738e5195826e948e8f73718945916b1a
768f51978077918e8d6f738b468d641a
748f4d928174939288717092458b611a
748e529881749390896e708c488c671d
74904d977e7894928076718e418c5c1b
778f5193837495928770718e4a8a6121
76904d9183789391886f7092478c5d1d
77934e967f7793918a70738e478a661e
71904f93807793928a6e748d478c661e
758f4f947f7494908a6e749046886720
738e4f958077969288716e9346896823
748f5094837196938e706e92478c7124
77914e9380779292856f728a46927721
738e4f95827297918d71718b4490771f
75904f9585759390836c71884391761d
758d4e94846e94908a6f718745936a19
728d50967e7493908c73708e448d6418
748f509681729491856b738a488d611a
7390509881739490846f728d468a5e1b
798f51957f7292908970708a468c571c
748e4e938172918e89726d944587501f
798f519583749391896b728d488b621e
74905197817297928e767095458a661e
749251968274989588737290438c6f1f
748f50977f6d99938f767491418c701e
78915094856e94909273748d438b691f
758e51947d7195928e6e718d488e6820
77904f96807397928e6f708e47906f20
72905095837395918b706f8d4590751e
788f509584779491846a708a4491751d
758f52978071948f8c6f71884691701c
738f5093846d9992856f718a4590691b
738d50987e7195908a727191458b601a
778f51938370969186756e9043895c1d
778f52978270959185766e92428a511b
76904d94816f96908a756d9445864e20
75904e96817096908c726b9245874c2c
75924d948174938f9174708e468c691d
798f5096847298938d757390438b6d1e
758f5193847192918d6c7789468f701f
748e5194806f93908c6f768a468e681d
758e5196807494928a717093448b681e
778f5194847393918b71708e458e6d1f
768e5295807197938a71708f45906d1e
748e4e93827791918a686f894991711d
778f50948172939089706f8a4591711d
778f4e967e6f9a93866d718e47906e1c
738f5093856f928d94776d8d468f731d
78904b92817596908577718c428c641b
758f5199826d9791876d708c4689501d
708e4f93836e97908a716d9148864d24
738d54957b76949286706d8f47894b2f
78914a957f6d9491876e6b8847903e31
758f4d95807a91918f737290428f681c
75904e95817296918c74748d448c6b1c
79905095817199938973758d438c681d
728e4f967f759593856a758e468d651e
708c5293837396938a756e94438b6c20
75915198817493918767728549906f20
798f4f9581799291866e708e4390711e
778f4c928077949089736f8f42906c1d
778f5094816f97918a736e91448e681c
738d5195807891908e786d94438d6b1d
77904d94836d948f8a707385488f611b
6f8c519380729693806f708e438b511b
748f4e95806d989088736d9445854e25
748f5095816f948f8b716d8d47894b31
738f4c93817292918774688e42913a31
738f509480788d94816c6e8c499c321e
768f5095846e98929073738d428e6b1c
728f5095807097928b6e7689478e671d
758d529381729693886f748e448c671d
768e52968470938f8d6f748b478c641d
7a904f967f6f96918c6f7090468a651e
728f5294847495928a716f90448e6b1f
768d52968473928f8e6f718b458f6b1e
7a8e5095827493918d70708c468e681c
728e5094817194908a726f8d468d661c
739050977f6f95908976708d448c5d1c
728d5192817193908770718e45894f1c
73904c928272928f896f6d8f48864d27
738e4f978072918e8a706e8c48894a31
76904d96846897928a75688d42923930
79904e94806996938b756c90479b321d
75905094866994918d726d9049903811
768e5195836e98928b6f748b448e681c
74914c937f7498938a737292428c631c
728d50968072979484717091428c611c
758e5297837296908b71728f458c641c
75904f9783729290926f7090488c671f
748e52947f7e8f9188726f8f448f6f1f
758d5294817493908d70728b468f681d
738e519780709892876f718b488d5f1d
769052978173969182727090428b541a
78904b938171949085726f9147864e20
758e5294846d9692806d6d8f46874d2c
768f50938274939180736b90428a4432
788f5095826e9293876f6a8a4699342a
74904e93826c918f91756f8e4c973416
748f529782728e8e8b6d6d8b4a8e3811
748e5094816f95918c776c97458d3d12
78904e9482739592886e728b46906a1d
758f51947f7694928971738d458e671c
738f5095827198928b70728e458e651c
76904d928279939287707092438c6a1d
738f4d91807a9292886f7090468d6b1e
738f4f94846d98928a6a72884a906f1e
758e51968372938f8c6f7287458f691c
768e5197806899918971718c458c551a
74904d9580758f8d8c706f9047864f20
738f50977d75938f8c77699544864d2d
78905095816a969187736c8b468c4434
758e5496856e93938971698d449a3329
77905095826c98938272718f4a963515
75905394846a92908e726c90488e3811
758e4e95807097918c756b96458c3e13
74904e948175959186716d944789441b
728f529585729792876f728f448d651a
758e5295827295918d6d7289468e661c
74904e9585719792896d728d458f6d1c
72904f97847394908b6f728d468f721f
788e519781729792826f7286448f661d
748d5196806c97908a72718e468b521c
7a8f50958176938f89716c9345854e27
748f4c967f77928f846b6d8c47884c31
76905195826e91908a72688a44923931
79904d95816a969388736f8c4b9d321e
72904f94836b94908c716d8f49903811
738e5296806b939090756b94478d3d12
78915194827096908c766e974b87501d
708e4c937e74949084736b9042834d33
728f539680729493836f6c8f46954033
738f5095836e95918b736b92488f4529
778e5294847095928a6f718f468e641b
79904e987d7b91918e6c7488468e671d
73904f94846f9892886f708d448d6c1e
758e5194846c9790886e7386448e601d
768e51958370949089726f904389501e
728e5294856d9a9385746b9841844f28
738f4e95836f968f8b6d6e8a498a4932
748e5098836a94928a71698a4493372e
79904f96816c959285726f8d499a331b
798f5299816e959288756b93478e3811
718e51948270918f8d716d8f488e3b11
7590509780759290876d6e904b8b4417
728f4f948170979284796c9744844d26
748f4f95806f91908d6c6a8b47904230
708e5193836b9a94866f6d8d4b90462b
768f50958071979189716d97488a532e
6f8e509781789593836f7291448d6c1c
75914f958071958f8f717286458e661f
708e4d967b74938f896c7287468c551d
768f4f95866d9990886f6e9145864e22
77905096826f989189706d9046874d2e
708e4e928172949184736b8d448c4333
738f4e948271929384726b8e449a3327
7890509684679891876e708a4d963515
75914f93846e918f8e6f6d8e498e3811
749050987f7095918c766c95488d3e14
77914c968074948e8c746c944689441b
708d5095826e918d92756c8f478a4625
768f5196836f949187716c91478d4428
768f4e97816a949093706d8d4c90492b
748f519681719a9186706e944a875935
758f4f978374969081716d8b4582554a
759050967f759292866f7289448c631d
718e4e957e729792836f718e438b541b
758d51958075908e8769708b4a864f24
758f529780729491846e6c9245874d2f
768e4e938272929088726a8b468c4334
75904f94826e92928b6e6b89489b3327
768e5198826f919087706f8d4b953614
738f549482709594816c6e8f488e3a11
76924e9483768e8f8d706e944b8c4617
74904c967f72989087756d9346824d28
768d4e9480749493857369934192412f
719051967f70949285706d8c4b904429
798f4e937f709592896d6c93488d492a
708f529484729791836e6f924c865b36
748f4f998072928d8b726b884784554b
7991509683739193886b6888469e3845
738e50968171979289746e944188501d
758f4e937f76949089716c9344834f28
798f51968171949185716c8f45884b32
728f5196856798928a716a8946933a32
768e4f95806b939091756d8d4a9c321f
7b924f94806e929188716d8f4a913712
758e5295846d93918c6d6f8f4c8f3c12
748d5195817195908b776f9948874d1b
71904e948174938f88726a9044834d30
78904e95816e9491896c6c8949934132
728e5597826d979388706d8f4a91442a
788d509781709891876c70914c8c502c
72904f938179918e88746d9248815f3f
78914b94817391908d76648d3d8a474d
76904e94816b95948c736b8c48a13637
759052977d75929289746e8e4a914025
768e5196806f9992876d6c9047854e2a
768f53968074979282726c9244884b32
738f5095837090918a6c6b8647943831
79904f968268949092786d91489c321c
729150968170918e8c726d90488f3711
7990519482749191856e6d91488d3a10
75904f95826d95908d736d94498c4216
728f4c928170938f8971708f49874b23
718f5191827391908a6b6a8c468d432c
748e5295817094918c756d92478e4529
778e51977f719792896e6c944a8c512d
708d52958471978e8570718d4c816241
778f5096826d8f908b726587418d4451
76904e96826a94938f726d894ca43536
75914f947f72949289716d8d4a933e23
778d5293807291908c716d8f498e4221
778f51988173938f89736c8d458b4534
75904f97846c94928972698c4497352c
728f5097816d9391856d71884d983319
79905296847290908c736c92478e3911
768f50948178908f8c746d94478c4114
76914c977e6d968f8e736b914687441f
748d5196826f97918c766d93468e4425
728f4e91807391908d706c8f488c4427
7b8e5196836e94928b746b93468d4729
738f4e9482749691866e6d954a895731
798e4f968373938e82716e8e47815c47
76904f96806c94928b74668b41953e4a
798e4f94816c969484706e8c4b9e3930
75905296846a95908b746d9048904024
788e519582738e908e726c8f488f4123
768f529281768d8f8f716d90498e4424
74905296806f949488756990439b3226
778f5095846f959286766e9347933613
7991529680708f8f92736d8f4b8f3a12
799151978272959188706f954a8a4818
758f4f968370999181706e8f47834e2a
738d4d93826f95938d716a8d46924031
758f53938170979484746c93488f4429
79904c947d7394918b6e6e914a8e492a
73904f968670968f89726e944b845d36
77905197846d9790826c6a874582554d
73914f97806f94948b74668c439e3744
778f5196807191918d756f8c4c993b29
728e529383738f8f8a716d8f498f4023
7890509382718f918c706c8e488e4123
758e549480759292886e6d8f4a8f4324
778f4c968071948f89736e904a8a4a29
778e50938471959184736d9442874f1c
768e5398856b978f8d716d9048874e27
748e519581719792806f6c8e46884b31
748f5195816f92908f756a8b45923b31
778f529783689893866e6e8c499b3320
738f4f938272909285706e9049913713
789052978072908f8d6f6d92498d3e13
788e529a8173969086756f9647864c1e
74914d94817193908e736991438a442c
768e51957f6e969286736d9048914229
768e5394807194938a746b94458e4628
778f4f957e75939089706d964a8a512d
768f4e98816e968f8c716d8f4a825d40
748d5395826a96918a706889468f494d
768f4f96826d949387726d8e479b3e3c
768f5598826b92908c716d8a4a933e2d
728d5295856f9490876e6d9046864e2c
75904b977e779390876f6c8b478c4633
78905194846b9293896f6a894898352b
74905196826995918b756e8e4a983518
718d53938370909189726d91488f3911
768f4c957e719491896d6e934c8d4415
748f4f957e70958f8c766e9348835126
728f509883719491836a6c8a468d4534
758f51968071979385736c904792422c
728f5093827491908b686d8f4a8e4829
768d529582709791856e71904e895732
768d4f95836d959085736c8e45815948
7a904e95826e93938b6f688b45984049
76914e977d72939089706f894e993f34
728e4f92846d91908b6e6d8b4b923e29
778e509580739091866e6e8b4a914023
748e53977f6d999285706c8b488c4433
758f519684708f908b6e6a88479a342a
76904f977e6b9391886f708a4e993416
6f8e50947f758f92846f6d90478e3911
778e5194836f918f8d6f6e904b8e3d13
77924e95816e96918a776c9848884c1d
728f50958071959386706a8e4486472c
74904e93816d94918e716e8d4a93422c
738e51928270959191756a94468d4829
778f50977e6f9b92856d71924e8a5833
778e52988273949084716b8e44815849
7a8f5097836896939275668d449a3e48
768f51918473908f8a7070894d973f32
74914f967d748f918c716c8e4a933e29
778f51967e71969486726c9047904023
75905194827192918a6f6d8f498e4323
748f5194816997948a746c8c489b3323
748d5193817193928270708d4b933614
76915193836f9191886b6e8c4b8e3a12
74915099816799918e716d914a8d4017
718e4e93806f96918d7a6c98458a451f
738e4e95826a989388706c8f478b4426
768f51967e719391846b6f8c4b8e4528
74904f96826f9892896e6c93488b4d2b
758c53958172938e896a718c4f855c3a
768e4e95807592908b75688f41874f4c
77915194817398958575698f449c3e40
748f4e977f6c96918f726e8a4b953f2f
75904e928270939088706c8d4a923f26
768f5095816e92918d726d8f488f4023
748e5496826c94918c706d8f4a8e4624
759050967e70939189716d8c498a472a
75904e948267948f8e6f6f894e923712
78904f92886c939090726d93488e3e12
748f50938274918f89746e9649874d1d
70904e9480769391866f68904388462e
738e5193826d95918b736e8e4994412c
76924d95826f94908e6e6b8e4a8f4528
798d50978176928f8a6b6e924b8c4f2c
718e50958077949085716e934981603f
73904c977e729391896f6787448c4950
78915098836698938b6b6d874da03c3b
7390509383718f8f8a756c8e48923f2b
768e4f91826e9592846e6d8d49903f24
788f53967d798e908d736c8e488f4022
78914e987f6998938a736b90488e4123
77904f95806b979289746e91498e4525
77914e97806f92908c6f6b8e478f3f27
77905095817296957e6e6e94488d3e12
768f4f968073928e8e736f934c864f1e
718e4f957f73918d906f6c8a48874a32
718f4e958073949486746a9345934130
728f5096827092928b716b91498f4429
738e53978270968f8c6f6f924c8b512e
74904d948173938e89726e8f4a825d40
76904e968370959381696886458e464c
74904e967f6d939191796b90479d3d38
74904e94806f93918a706d8c49923f2a
718c5394817292918c706e8d4a913f24
748d54958270918f91756b90478e4123
7b90539a816e9490896f6d90488e4023
748e51947f6d94918b756c8f49903f22
6f8f4e90826d94918a736c90478f3f21
768f51978174949189736d91488f4020
729051967f7396918a746d9549894a1c
738d4f927f71949186706c8c4786492c
77904d96816f9491896f6e8c4a93422d
748f5191846d95918d716c904b8f482a
758e5197816c978e907170904e895734
748e5196836b989187716b8c46855447
768f51957e708e919174698c46983f43
728d5093807292928b766d8e4a983e30
72914d9380719190896e6d8b4a923f27
728d52948073919288736b91468f4023
79905099836d9492866a6e8f4b8e4323
738c54938271908f8f716d8d4b8d4428
738e4f938269958f91776a9046933d27
779150987f6d9190866b6f894d913e21
778f50998072918f93746b93478e4220
788f5196826d95918a6b6f924d8d4c25
748d51938366958f8f6f6d8a4b8c4525
778c4f917c70979488726d8f498f4428
788f51977f7094908d726b92488d492a
748e5195816d9a9289706f944b885934
748f51968374908d89736b8a4781584b
7b8e5296817290938e73668d429c3a47
77905095816e95938777708e4b983f2e
718e51957e6e94928d706c8d4a923f27
728d5194817093908f716c8c4a904023
798f50958075918f8e726b91478d4423
78914d92806f94918b736d92488a4928
768d5094826e949185706e8e488f412c
75904e94836b979387726b9047933e25
778d5196826e9490896f6e8f4a904121
72905195846f92908c706c944a8c4b25
758e4f957f74938d8a736d9349845a35
768e529781749590856a6e924b8b512c
769051958373958d8b72708f4b825e40
75904d9484709391876d6887448e474e
748f4c957e6f90938e736c8d4aa03a39
738f53967f6d95918a706d8a4c93402a
768f509180758e8f8e756d8f47904025
718d4f947d768d90896f6d8c49904023
7b91519982718f8e92706c8e498e4123
70904e908175929187736c92478f4022
708d5197806b9691896f6e8e4a904022
728f5098806d959188706d8e49904021
7a8e5195846b979388716d94498e4623
728f4e9381789291866d70934d89552d
758e4e94816f928e8f756c8f47855540
76904d94827192928d6f6a9348925241
788f4c978270948f8c706e924c876643
78914f978273959080716e9048815d42
738d5092836a97938873678b4190434b
758f4f957e7192938e766c8f489d3a35
76904e90846e9292866f6d8d4b924028
748d51977f6d94918a756c92468e4124
74904f968071918e94736b8d498f4224
798e51967f6f999386746b91468c4326
738f5097817291908e776a96438f3f25
748f4e957e71949188706e8d4a903f21
78914e93846b95918c736c8f498f4121
729050987a7294928d726d93498d4724
748e529382709590886e70904d88562f
778f4b91816b9a918a726b8d4887533f
6f905196827094928e726b934a90543f
788e4f97836e97908a716c934a866542
70905096837494938a706992468f6c43
77915096836b94938b6d6789469d3944
78904f94826c92928972708b4e993d2c
73904d93826a9690876d6e8a4b914026
768f5097807292908c6f6c8c488f4123
7a8f5297816d93918a6d6d8e4b8d4425
78904f967e6e959188726e8e4a8b492b
738d539585718f8e8d6e6b8949913d2c
768f4e95826a94918e726c8e4a98371f
798f52958269949094786e924d924019
73904d92827194918a6f6e934c8a4d22
748f4c958171948f8a6f6f8f4c855935
728f5198836f94908d736994438a5141
7b8e5093826d97948a6e6e924d8f5a40
74904f93847296908c726993478a6744
738f529583739291906d6e8e4b93713c
748e4f947f7693918a776f9545897a31
768f51967e6e93928a74708b4c993c2b
77924d947e7193918d756c9149904025
788d5697816d90918c6f6d8c4b914024
75914e95816d9892866c6e8c4a8f4224
77904f96806c938f8d746f91498d4827
75904f97836f9290886e6c8b488d412c
708e4e9680719292866d6d8d49973922
778f5094856d91908d746e904a963516
76904f927f7393938a756f984d924514
768f50968174958e8c776f96497e5c2a
758e5097846f94928770689443895240
738e51947d73999488726d924b8d5c41
788f4f96826c95918e6a6a8e4b8b6547
7290529784759191946e6b8f4b96703c
718f51928172939289727290498f802e
778f509482759791877173914585802f
758e52977e7094908e716d8e498f4024
76914e93826f93918a706d8d4a8f4023
76914f98806e92908e726c90488e4123
758e5198826d969286706d8e498f4123
77904b95806995908c706e8e4a8f4123
76904e948071918f8c6e6e8a4b903f22
738c5197806998938e726c9048913d20
758f5498856e9891887070954c8e4b1f
749050958170979087716d9148815732
788e4f958172959090716a94478d543e
758e4f95807494928b726a954a896542
748e5496837099948a6e6c8f48906b44
768f51958275919190716e8f49947535
77914e94816e958f8d6f728e4a8d7d2c
738f50977f7493908c7072904788842d
778f50947f76908f9277729344868230
748f51918372908f8b706d8e488e4223
748f4f967e77918f8f766d92478d4425
7590509580748f8f8c6e6c8d48913f26
778f4f96816a9491886b6f894d913f23
728f4f937d7391918b706e8d4b914022
738e5196807092908d6c6e8e4c8f4523
758f52948170958f91766f964a8a542c
788e4f957e77908e8b726c904785553d
758f4f94846f96938c6c6c8f4b92513f
778f4e92807096918b726d964c876741
71914e93847a9294886a688e47937244
7a8f5098816f9390916f728c4a947931
79905192817496928e767191478d7c2a
778e539683729592896b738e4a8b7e2a
768e51958371938f9270728f4988852e
76904d938371938f9275749244878531
7b90509680699b928a776e94478b4928
768f5197836c97908a716c8c478e422e
728f5097826e90908c6c6e8b4d953d27
768f4d908070949287746c93478f4121
74905095816b96928c6e6f8e4d8e4825
779051957f72959186726e944a875630
798f4e948471969188716c934587533f
778f4c947f7892918c6f6c934b8f5941
748e4e93827196918e716b8f49876346
758e5293857492938f726a9546936d3e
76904f97807594958671709445907c30
748e4f948075938f9273718d478e812a
798f5395807592918b707290468d8228
75904e94816e9f9583747193458a8228
75914c95816f948f8b6c758c4b85802e
758f4f9283729392876f709245878033
758f5097836a95908b736a8e4690402d
728e529285679792896e6e8b4c943e26
758f4e947f6f94918d716d914a904222
748f5294847294908d726d934a8c4c26
778d53948274938f87716f904b855936
708d509682768e8e8d6f6a8f478c5041
75904d97807097918c6d6f9150905f40
758f5095877593908c6d6a9149897249
7391509282719392916f6d8d4997773f
79925097807e91908f7172904a908730
758f4e93827995918e70728c478f902e
758e51908571918f8f72738a4790872b
748e4f95827692908b6f748e498c8529
748f50938277948f8b72759145887f2a
768f509580719490896d738f48837631
768e4f95827096908a6b72934c847234
77914d938272919089706d8d49913e24
748e529684728f8f8b706c8d488f4022
798f5497837190908d766b94448d4121
768f5095826e93908f726c91488e4121
718f4e94826796918a6f6e8c4a8e3f22
78905195846d94918a746c91468f3f1f
75904d95816b9994866d6e8f4b8e4621
758d50948076928f8b726e934c87562c
758f50968370918f8c746a924486523d
77914c93807192908c6e6c8c4b914e3b
768e51947f768d8e8b726e934788593a
75914f95826f9692826e6b8c45865344
778e5396836d94919170678c44963c3c
758f50957e6e9392896e708b50974229
759050947e6d928d8f7771984e866533
768f4f95836e9491897064883f7e4d55
749051958274909087706c8f488e4122
778f4f95806d94908d716c8e478e4022
76904f96816e938f8a6b6f8a4c903f21
75904f91806d939189726d91488f3f20
798e4f967f7492918c736b94478e411f
718f50967e73928f8f6d6f904d8d4c24
768f4f928174938e8d756e9349845834
728d4e9482709492886b6b8d488c4f3f
72904d9182788f908e6e6d954d8f5d3d
738e529686729690886f6a8a468c6b40
748e51947d6e96908b72728d498c5f36
73904e938173928e8b786a9241815943
798e52967f7293919073658e418f3f41
73904e967e6d94928672708c4d9c3c2b
748e4f90826f928f8b736e914a8d4d27
768e4e92817791928a6b6a93478a4e36
7a904f967c6f938f92786b91488b4728
74904e948370939288706b9145913e29
748f5196806b969388716d8f4a923e21
778e53968172908f8c6f6d91488e4120
768e4e938071999585726c97498c4c24
75904e978371938d8a7170924b835a36
768f4f96836e9692856a698e478d4f41
78914f96807098938e726c974b8c5f3e
758f51968474969290736697478b7846
77915497837493938a6f6c894899883a
738f51957f72958d8b7a76884489762d
7c8c51938078919086716f9342816237
788f50998170938e8d6e6b8b44855244
76914e97826a98929073689042963b39
739050977d7093928771708d4f964127
758e5092837094918a706e9a4b89582c
758f4e967f6f92908a706b8d47913f2a
738f4f94806e9392886c6f8b4c923e23
79904e95816f9591896b6d8d4c8f4421
778e4f958171948f90736d954a895229
758d52978073928e89726d934784573b
73914e93846f93918a6d6b91498e5241
768f4d937e6f969093796a9a48896141
728f5293857094938c6a698f4c8d7246
74905197807792948e6c6d8f4c988f3b
77924e948675939191796d934290a330
778f4f967e73958e8d7972844190992f
798b50957d73978f8772758a40866a2c
738f4f94806f978f8b716b90447f5c3e
748f4d958270918f8c6f6b88458c4543
768e5196836a91918c716f8d4b9f3a2f
768f51967f6d94928f6f6d944e8f4e26
76905195826a95918a756c9247913f21
758d529382738e8e94706d8f4c8f4422
768d52958375968f897170974a87562c
748f4e948272938e88716c9046845640
79904e968273959389706a9547905440
738e509681729590896b6e904b866644
708e50918673939290726992458e6c44
75914c92817293928e6e70924b8f7c38
79924f958575949290736e94448f9332
788e5299807b90928e6f6e8d4693aa31
768f51977c789792887672884092a52f
728f4e947f76938e8e7b74883d8b7d2b
718c4f9483719790837270933f7f6035
768f4c93816f939188746b8f428a4e44
758f4e94816e94948a6d698b479a3938
74905295816b92918a6e708c4f954226
78904d96806f9492876c6e904b8e4623
748e4e90807690908a746d964986572e
748e5199836f958f8a716b8e46865440
708f4f98827395908a6f6a92488f5540
758d50938175928f8f766b9847866744
74915192857690928d6f6992458f6e43
758e5095807294918a70728f488d7435
728e5192846d94908e6b718f49897832
7690519285778f92906d7090478e892f
778f4e9384759291916a6f8b49929d2e
75904e93817793918a70708e4591a52d
748e4f918376948f8a7a70893f90a12c
768c4e948174918c887478863d896d26
768e4e987f70968f8d72699541855631
738f5298836b969185706e8849854d3b
739051958073929587716893439b3932
75904e938270958f87736f9549835a36
738f4f958172929186686b8b498c5042
748f4f9283729490947a6a99478b5b40
798c5199816f97918e706a9149896545
74915093807492928d706c9047926e3a
788d52967f7394918f776f95458c752f
748e5293847a8f908b6f729344877a2e
76904e95807593919071709346897d2f
76924e938571939290726e92438d892d
748f4e9582769091916e728d4890922b
788f4f9881719490906c6e8d49919e2d
738f5092847892918271758544929f2b
788d4e948073948f88737b803f8c7325
758c4c95806e978e8b6d6f9045865629
768f4c8e826f9790887a6c9544835336
738d5098806d92929171679142963a36
768e5097807293918f756795438a5142
778f5095826d97918d716e944d8d5d40
7a8f529382789492876e699245866647
74914f93837191928c6f6b9247946a3a
77914d96827393908f756f91498c742c
7c8f5295817991928a6e71924688792b
748f519681709592907370934589802d
768f4a9381759490927671964189802d
78914f93877196938c6e708d478c8b2e
768e5395847690918a6c758e468e8f2b
748e52948271949192716e94438e972d
758f4e9680729391906f748a47909a2e
758e5295837096908e7775864190932b
788d4f967e6d968f8d77768a3c896725
788d50948172948f856b6e914587542b
748f4f93836b979186736c8f45854c35
70905294857493938c6d689147917245
77914f97807592908e70708b4a927c34
73904f95816e96918e737090468b7f2d
72904e94837790928a6a728d478e8a2b
758f5095817695928a71768e438b8c2a
74904d958472968f8e6e72904587882e
788f5094837395928a6d7390468a8730
758d5597807395948771728f45898a31
768f4f93837095908c71768d468b802d
788f4c94817496928b726d9843877c2f
778f5298807793918b76729942868832
728f519283799191896d748e458b8733
748e5195806e9a9487707690458e882d
77904e988175938f86707586438a7d2a
798c5394836f948f8a74708f3d855b27
728f4e957f6e969089736c944587522d
76905194867095928d706f9049917834
729050987e7695928a746f9144897f2d
788e5095837393909172718f448c822d
74904f958175918f917070924489842b
72904d95827894928c71709443898c2d
798f5096827294908f70738c468c8c2f
758e509282759490876e748f45868431
748f509581729492896e6e9345857d33
738f4d95827194918e757093448a782f
758e529383719691896e709648877a2d
7590539a7f799493866f709446888430
788f4f97837294908e6f708f448a8330
738f4d92827593908a727390458b7f2d
768e4d957e759693827173924689802d
76914f95816f9691897a728e4088732b
748d5093836f928e886f718e44875729
778e52958176928f93756e92458a7d30
79924d92867790918a717093458b872d
76905196817d9091916f738e438a8d2d
758f4f987e70968f9772718e468b872e
748e509481799392826e728f468c8c2e
768f4f91837a8e90886f738d458d852c
768d4f94837194908f6f719245857a2f
768e529684709791886f6f9547867c31
79904f918373969289726e9645877a30
748f4f978277938f866971934c868132
778e50958371979287726e92448a8633
798e52968274918f8d716e90468a8230
798e4f94836f96908b70719148887a30
768f4e90847995957b716f9643877d30
738d51968071968f867374884788712d
768e509381709491836d6f8d4584542c
758f50968174918e96707091488a7c31
76904e95847097908f746f944589832f
7690509480759592846c738e4589842f
738c5196836d9792906f709046887a2f
7490509483729592886e7191478d7b2b
76914f96847095918c707291468b7f29
788f4f95836d9b93856c73954885822f
758e51928475938e8e766f9544848536
728f5195837097918b716d9446887f36
768e4f958070958f8a7172924a888033
799052998275949286736c9744888234
748d51967d7098918870719248857c34
74904f9680769590816e6f9246827336
788d51968176969285736d9743846d33
74904e94826998908770728f4a846a31
778f4d957f76928e83726f8f467e5b33
77914c94807397918d6e729146867f32
76915095846f96918872719244867c32
738d5195837293908d6f739046866e2f
758f4e957d7194918e70709348886e2b
768e5096826f97928d6f6f954987752b
768f5097856e978f906c70914b878230
788e4f978370968f8b6f6f9247868534
798f4f9481779491836e719145867d35
768e509583729590886e6f9448857835
778e5097816d97908a6f70924b827637
77914d95846c99918c766b9c44837938
788f4e947f76918d8f716f924a847938
76904e95857696908a736c9345887e37
728e5194817597918174769243847131
778e50948370968f86716d93467d6135
77904e95806e969186716d8f47855331
778d51928278928e8f74729044877d33
758f4f937e739692887572934388752f
758f4e94807193908e71719247896f2b
7390529982709590906f71934a88702a
758e529583779491866e70974983792e
798d4d94856f978f896e71934a847d35
758e5095836f948e8b6c70914b837937
788e5397846d999089766e9c46817639
718e4e9283779491896e6e964984773a
789050968370958f8c72719448847939
758f50997d74999287706d9646827739
768f4f957f75918e8d706e944a857b3a
748f4d947f7794908c766b9645878539
72905497826b999284707486458f722f
768e4c937e6c988f876f718e4686592b
788f5093816c989189746c954583572f
7b904f95827196918a75719344877930
77904e928471948e8d746f964585732f
7b8f4d95827394918c71709847847431
758e51968072989384706f9447867833
718e50958173939086706f9648847b33
768f4d967e7694908970709149867e36
778f5093826d96918874719544847635
778f4d93816f95908a706e9447827236
728e5094837394908d726f9649867837
768f4e93846d9992836a729249847f39
768e4e977e719990886d709548817b3c
74905096827094928b706c9347857b3c
798f519483758e918a726e8d428b7133
79904e967f7192908b6e6f8f448b602b
758e5193806c978f8b756f9447835b30
748c52968373908e8a6c6a8f46865239
778e51948672958f886d6f9549817939
74904d9480789791876f708d488a7b36
798d52988271948e8b6b728f49887130
788e4e948275938f876f6e9646837132
758f529684709591876f719449857231
718e4e9382729491866b718e4b867232
778d5196846d98928971719646857132
748f5195847095908d6d70924b827436
778d51947f7890908d736f9847837939
728f4d918179949285746f9846827d3b
758e4d91837194908b7270914684783b
738f52968272908f90736e8c428b6a33
748e4f8f816c99918c73709344895e2c
728d52978070978f856870904b816137
718d51948372958e8a726d92467e6145
76904e94837096928d71678f438a5146
7a8f519381739192897a72994ea55342
778f4e987c76958e8b79678a407a514f
76914e91846f8d918d746d8a4bab333d
728e529482739091846b6f8a4d934023
748e5296846e918f8f746c94488b4c27
7b8e519782719390866e6c8e45864c34
758f5295806d93928a706b8b48924334
738f50977f6c959189706c9049934429
75914e957e6f9793856f6d8e488e4624
758e509384708f8e8d726e8f498b4823
758f50948172918f8c766895418a4325
72914e96816f969286706b92478f4324
798f4f957f75939189756e96498a532c
778e4d968268968f8a6f6e8e4885563f
77904f95826b9491886e6a8e478f4e42
738f5095806e938f87776c8f458a4e40
748f50987e6f988e817b7a96527f794a
728f4d97826f9190926c5c88378d446c
748f4f9282729293897a718a50a8353e
748f5293817092918a756e8f49953e26
768e5194826796908f706e914b8d4825
778f52997e6f928e8d736f8c4b864f32
758f509382758f8f8f746a9044934034
758e4d93826d98928b766a9146943b26
768f5096816c9693886c6e8d4b933e1d
759251957e718f8f8b726d8f49884722
77904d947f729594816e6b92468c462a
728f4d957d73969284726c95468b4c2e
768f5197846a938f91736c91488b5137
768d5294856c968f8b736c9147895340
748d50958171939187716c8d47924944
76914e967d7093938a756b8f47974037
768c4f96826f988c7f7a78914e747b54
768f51947f748e93936c588d35a03768
7a8e52947f7190918b7f768f539b4738
77924f97856d95918870688e44923d33
758e4e927e7092918d706c8f4c944027
748e5095826d92908d7470974b8c532a
758f54968170958f867270924b7f6444
718e529682789391866f678b43885457
738f4d928176949487736a924599474a
718f5295807491908f766e904b904e3e
768e4f928172949189716c91488c5440
768f4e948072959189706d8e4c8b5d4a
768d529a806d94908e746b91488a5d58
7c904e9480748f90887a6c8c4691505b
769050968271929389706a8947a13a47
798e51937e6b929191766e8c4f95412f
778f4f918171908c8177768c4d796341
76914f99876d92929066648e44a1404b
778e50937e6e968d8b7c779152816b45
708e4e96827c8d91896c608a3a973857
788e51907f6f8f948978708d4f9f3b2e
758f5194807090908e736b914a8e4726
778d529680679891846f728e4e825b35
728c4e93816c9392866a6d8b4a8c584b
798f4e947e6e91918b716d8d49885b52
76904f97816993908a6e6e8e4b8c5c55
738e50938573908f83706b8d468a5b5b
738e5295816d919191796b8a48984c59
7a8f4e94816c91918d6f6e894d9a4647
778e50918171919384726c8c4993443b
74904f967c6f94928e786b9048964131
748d5093807094928a756b914890452c
738e4f91836a959088736f9149884e2b
758f51938277919288676d984d905b38
788f4e957e70968c827c718b496e6e5d
79914c97846f90919479659240b1345c
738f5196826d95948a736d8a4c993b30
769053957f6e939387716d914a914225
71904f9281709490876e6f9049894f2a
718d519583728f8e86686b8a488c4737
738f509581728f908e746b8f49924634
77914c937f6f9291876c6f8c4d8f4931
7690509681719392856f6c8d488c4936
748e5294807091908d746c9048934533
78904f988071929087706f8c4a8e4933
76905195836f93928b716a8e47944133
78904f957d72919089726d8e4a91442d
728d5298816d929092746c904a90472e
758f5098846995908f726e934a904624
769050938176908e8f726e9d4b856832
788f50947f70978d817b6d88426e6663
758f4e93827391978673699347b63754
748f4f938370949183736f894c884837
738f5397836f91928f756992459b3b2f
748f4e95806e9591876e6e92498f4524
719050967e72928e847071914b865730
73904e95816c94908b6f688e428a4b42
798f4f95836d95928c776d9248934a3c
778e4e958175929188756d94478e4d3b
738e5393826e8f8f8c6d6d8b4d8f4e3f
778f4d9282768e9088756a904490463f
758f53978071949287746d8f49984134
788e4f93826f93908e736c8f4a90452e
788f4e928272929183706d91478e482f
75914d947e71909186716f914b944124
7592509783699290866e73914f885e2d
798e5193846c94918a6d628c3f844848
73914d947d76908f8f7477955898633f
79904c968076938e876b66824178525e
74914e97836d92938e7d6f904cb23340
758e51917f7190918a736d8f4a914125
758f5191826b94908a7470914b8a512b
788d509681729290876d698f418a4939
768e50967e6e969289786e9449914c36
788f5097846a928f8b6e6e8b4a8d4939
76914e95837192908a736f8d4b914b38
78904d94856c9492836c6b8e46924337
73904f96806d94928b746d904b924631
7b904d957e6b95918d726d8c4b904731
77914f967f768f8f8a726c90498e4a32
708f4f92836e949389716a8f46983931
758f5097826b94908b736d934a924223
78915094836998938a746c9548894e2a
74904e957f70948d926f739a52887541
768c4d978371958f8575628a3a6e5d74
77915194806b92948c7e708c4fbb3152
70904f948469909092736c8c4a973c2b
788f50937c7294918b766c94488f4624
738f50978172908f866f6f914a88512e
778f4c97836997908b706a90468c4a3a
778f4f937f7492928c796b9746914c38
778f50968170918e8871708d4b8b4f3c
73905196856f8f918c6e698d4796433c
778e5092806e94928c796c9446904731
77914c94826a96918a706c8e498f4731
7c904f937e71918e92776b91488f4a33
74914d95826b9b9282716b9043874a37
73904e96856b93908c716a8c46983b30
78905196836597918d6e6e914d924624
718e53968375908e837b729547805932
748d4e977e7394958b6d66954397453f
74904f947d6a998c897a7a8f55817045
768e4f97847390938a675e873a98385c
738f52957e6a95948c7a728c51a13a2f
748f51968070918f91776b94488f4725
798d52937e6e9491866f70914e845f35
748c5297826d9691806f6c8d46835e52
728c519880768f918b74688c43964352
79904f96806996938976718e4e9d4036
77924e92846c949089706b8f488c492f
728d519180758f91856c6d8b4a8e4a33
748d5193836c94908c716e8b4a8e4b37
748e50987f71969284706c9446865233
7a8f50977d74929183726b8c45884739
73915093826c949487706d8d499c3a2d
738e5396816f959384716d95488e4622
798e4f93846b99938a6f6e994c865b30
778f4e977f71988c7d7d79944e74815a
77904f99876f91948a6a598a339c3c75
778d4f947f6c92918c7c728a51a5373c
76914f928174919387736e8d4b933e27
778f4e947d6d92918c6f6b944a8e4925
748f4f96836d948e857173904e80643a
768e539b856c948f8b6c668a428a4b52
79904e977d768d918d756c91499f3e3c
75924d948170908e8c726f8e4c8f482e
738e50918175919284726c92468b4b32
778e5397816e94928b746d8f488d4c37
76904e98806d9591896f6b93478b4e30
768f4f93816f969088756d9046864c37
788f4d93856f92918c706a8e469a3b31
738e52977e69969293786c9549914424
758f5192846a96928b746fa14e866d33
768e4f928072958d7d6e6d80456c6269
73904d967f758c948e766e8f4ebb3a53
778f4d957e6e928f8d746b8a46894439
74905092826e93928a756d904a9a3d2d
738d51928071928f896c6d934b904825
798d54968570948e8c7572984e826b39
798f4d97876e9a8e8b6f6787437d5863
78904f9582708f93896f6e884eaf394d
748e51958172929187736e8f4b914730
759052938371929087706b91488a4e33
748c4b918171918e8d706e8d488d4a38
728e529683709693866b68904389492f
74914e957f719090876e6f8f4b89502e
74924c978272948f89746a8f43874937
768f50967e6d92938c746a8f47993b2f
728d5196806b95928a6c6e904d914725
738e4f8f826f92918273718e4c835534
76904c967e7691928b636a934d98523e
778f5097836f988d7b7a7788506e7358
748f509685758d939070608f3cb22e5d
768f51907f7291948571708f5099442c
778c50947e7695949c606db85c8a953b
7389489a84789b845b89707f570cfdd6
729862857e7883aba36b387431f207ef
6f8d518e786d91978c897d8467b83944
778e5294806e94918e736c904a8b4d31
7990529d83758e9084706a9244884d36
74905095826e9691886c6b8f4689482c
75904e94816d969189766d964689502e
748d4e91836e948e846d6f8b49865039
7790509a7e768f918c6a678b45963b37
738f5297806c939191746e8e4d953f26
75914d93846f9290896e6f934b8c5028
778f53958373928d8d6c71994f817843
7b8d5196816e968e8e7860863d735c77
738e509381689495887b738950b93454
738f4f94836f8f9288706e8d4b993f2d
7c8e53937f709392916a6ca2508b682f
768d4d9880739a83697c8781564dac81
778c50998b738f9a9566488925ca1ba6
76905396777190958e827a8562aa3e3a
759151947f78919086726d91488c4c2f
798e4d94826c9691846e6d9044884b34
71905092836f969289706a9145874e35
74914f947d759390896d6c8e498c4e35
738d5194816f8f8e8f746e9148885339
74905096826e949284706a8b468b473d
748e4f90827494958676699443983c31
71905095816b928f93706e8e4e924626
758e50928070918d896e769552856d38
788f509484709090876f61863d7c4f61
758e518f816f90908e7e768f51a94a45
759050968570938f86686988468e403e
748e5192806d92938e756f935099482f
728e4d91816e948c79797f935377834a
7c8f539d86738d948c6252813092357f
759050937c6b91958d857b8a5fba393e
78904e92816b95908e736c91488a4b2e
718c519580709391866d6c8e498a4a33
74914f95826c97928b746a92458a4e38
788f4e92836f9391876e6c90478a4d37
76904f928070929288736c94468b5037
768c54918571928f89746b934587553c
788e51977f729694826f668e408d3f3e
748f5092846d91918a776f914b9b3c2a
758f5194806c92908e6e6f8d4e914625
768e509480719191866d6e8e4c845132
75924e93826e9890867575984f8b7147
7d904c998373908d906e5c8736804969
768f4f94826b9194887b748a54b1333d
74915294806f959385756b90478f4025
7a8e509481718d8f91746a8d468d3c26
798e509582709190867570954a964422
748e5294837091908d76699643864d2b
768f5596826e949185716d8e498c4932
748e4f938170949189736b92468c503c
7390529781709691896e6d91498a543c
778e4e92827690908f7069904788533f
728e53958371928f836e6d8f48885541
748e50968173928f9073678c438b4740
778f5196836c91918e6f6c8c4a9c3b30
75904f95816b94928a716d904b904324
728c549483768d8e926f6f9a4e895a2e
728f50968272968979787f8a526f835b
7a8e529a847090939269588b35a83472
79904b927c6d93948c796f89519f3a36
72915095826e939189756c8e49923e25
708d519181748d8f8c6c6e8f498f4021
748e4f9482738d8f8a6d6f8e4b8c4824
758e5197817193908b736b9546894d2c
6f9050967f71959184716c8f468b4833
79905097806d959489716a8c48974039
778f4e93826f8f8f8e746c924790452d
758e4f90856e918f90746d8f498e462d
768e529684708f8f8a706c8e478f432d
78905097806e918f91756c8e4a90462c
748f509881709392856d6c91498d492f
768e4f9482728e918a6f6d944b905232
738f5295826f9594896f6c944b926831
738e539680719392886f71924c8e792b
75915196817a8e918c73699044918326
758e4f93827195918673708d44907820
76914e967e749291836e728d468c6b1e
778f509482719594866d7092478c691e
75905193847093928d706e97468c711d
718f5294807493928d6e6e944a8e8421
779050958072949089767290448c8324
768f5191876895918a726d8e4a91432c
758e4e93836f9391876d6f8c4b8f462c
758d52977e7092918d726c8e488e452e
78904f94816e929189736b914790452d
768f52968071939283726c93478c492f
728f4f9581738f908d716c9349914e31
78904f94806e959488736d97488f5d30
788f5096806b93938a6e70914d8b662c
758f5196816e94938a706c93498f7027
76905094807491918b786b934290731f
73904d947e6c999487767192458d711d
788f5093817192928e727093468c6d1f
76904f94816c95928f6f6f91498e6f1f
768d5395817a90928d6f6e95498e8020
738f5095837193908d6f728d478d8522
778d50957e7992908b6f709847897e24
768f4e9281729391836f6d90478e452b
758f50987d7591928a736b91468f482d
778f5498826796938a6e6b8e488e452f
7b905096826d949289746c934790472e
75905094817091918b726b93478d4931
74914f977f6e91918a726e904a934f2f
758e4f92826c95928c7c6d95458f5127
768f51957f6b9091876a6e884a90411c
718d5292846e8f918c706c9447924410
75904f96826a93918c716d914a8e5311
78905095826a93928b736e95468b5d18
758d4f918270939488746c9a438a671e
78905297836a959392716c95498e7722
768f5094857291908c6f728f498e7f22
778f50987f6d95918a6d6f93478a7f24
798f5295826f9691916d669b4c8f9528
778f5296826d93918a706e8e4a8f472e
778e5397807090908b726d8f488e4730
778f51958373929386716a924690452f
74904d94816c908f8d6e6e8b4d8e4a30
77905097806e959289716c9047914c32
75905296856397928c736d8c47924727
768e5092806f8f92856f6c8c46923715
75905196837091908b736c9146903408
79924e94826d928f90736c93488d3b09
728f51967f74929189756997438b3e10
748d5191826c94928d6f6b91498e4115
77904f947f709495866d6c974b8f4f18
728e5397806e9492886f6f964b8a6c21
7b8f4f96816d9290886d719647867026
768e5194856f94928c6a6a9b4b88772b
728f51967f7b9191886b5c9b4e96a52c
73904f958172918f8e746d91488e4830
798f4f957e7091928b746b91478f4632
74904f98826996918b716d8e4b92472f
758d4f94807093928b706b8f498c4932
758f509184738f9284706d8f4a944d30
778f5197816d949289786e9046925024
78905196826b938f936b6d8847923b15
7a904c917e74939289736f944a8d420e
718f5093836b98908a756c9746874b1c
758f4f9381729191896b6c8d498b4b28
768e529480729392836f6c92478d492a
738e519780739191896c6b93498e4e27
79904f94816e9591896f6e984b895d2a
778f51987f6e96938a6d6c994a86672c
758f4e96827098928c7063a34b8c852d
74914f95857098908b755e944d9ab42b
7990529880768f90856f6d8e498e4932
758f4f96806f91918c736b9047904533
758e4f91837391928a766b97458f492f
758f4f96807291918b726993458c4b33
769150997e72929387716d914a95532f
77905092856f939388756d9446916626
759050928470919084697086438e571c
778f53978172938f886f7197498a5619
728e4e947f70959089766b97437f5327
768f5094856c948f8b706c9346885230
738f51948070949288756a9645895133
748e5293807195928b716d91498d5131
738e5199827293918a706a954689532f
758e5197827096948867659c4c8f6d2d
76915292857791908d6f63954e979e2d
758f50948073948f89775f944899aa25
758e50948175939189756c92458d4835
798f5196826995928c736b8f48924431
748f5397806a93908e786d93498d4c30
768e4f9582729192896d698f49944f33
778f51948271939284706d9247915929
77904f97816b95938b706f90498e6123
748d5295807192908a706e8e448d5a1c
76914c93836c95908670729848865f1d
738e4e948271949087746b96437d5829
738c5292826c959287716b9446875331
76914c987e72929189706b90488a5234
78904e97807095908b726d94468b5331
778e5095836e95928d6e6a94498a5631
718e4e92826f95938f6b609d4f958031
7690519681769591857662934899a528
7b914e93826f978f8570648c4a989a1f
758d5497846d929089746c92448c4936
75915297816b92918d706c8c4a944332
768f50968071918f8b706e8d4c8e4b30
76904e93846d92929170689348934f33
738f53948476929387736d944594622a
7b8f4f977d7091908e6f708e488a6324
7a915098827091918e726e93478d6722
74904e957f709893837172924589681f
6f8d4f948176938e8871739348826024
778f50928471918f8b7269934482552d
718d5395816f949284736b9745875533
77905096816f928f8c706992458a5234
738d4d92816b999289746a96478a5430
77904f987f7593938f6d679f4b8e6c2d
77905497836c9592866f6b914d908e2d
768f5195847294908d74629444948921
778f4f96816d93928c736a9044914336
7a9050987d6f9392886e6d8f4c93462e
748e519083719191856d6d8d498b4a31
759052948673929284716c934794522f
7a905097826896918b72718b49905628
758e5297816d92938b69689548915825
759050948273959588756f98488d7b21
76924d977f6e94908f76748c4791811f
768f5097816e948f8974749243876e1d
768d549282768f8f88736e93437e5d26
758e4e9380749693846f6a9844875930
798f4e977e759392886a6a964c8a6a38
74905096837593938b6967944b938d3a
798f5297847695908f746a974993a932
78905294857594928275708b4391a52b
778e4f948374948f8a7a70903e8b7f22
7891509681728f8f8d716b8c47914437
77904f9481768f928b736b924993452e
748f5095846c9090876d6e8b4b8b4a31
728f4d93817493938c71699848955631
748f549781778f918877708d46946f2a
7a8d4f937e7291908e6f6b96418a5c22
7a8f4f9286748f928d71699d4a907e21
70914f99817096908c756e8f4893a124
75904d90827892908274758b418d841f
758f4f93856d938d8970738c49816724
758c5197846d96918a6e689a4583612d
778f52987e7d8f948665639a4e908c39
7490539782739594837063904c9ec135
798f4f958376958e857763904799c72b
778f51997f7197907f7766884795b325
768f50967f719a9181746c8d43928e1d
759050968070919189706c8f46934233
798e5499836e928f90726d8f4a90482d
748f529580768f9187706a94448b4a31
748e4d938072929487696b9750946131
788f5295847192908c736c8b48957d2c
768f4d977f6f958f8c6f6991478e7424
77905197837590908b6a68954a958820
72924d9581758f8e8f7a6e8b4792a423
768c5191836f98928676758f418f7a1d
748d4e957d75928e86707390497f6625
758e4e95827192909068659d4c897031
709150948378929487715d994a9caa36
748f5094837a938f8572668c4b9abe28
778f4e97836c978b887566874b97b323
758f509585699b90836f658d4796901c
738e4f92866c969083746b8d46907915
738f5190816c9292846d6a8e47924334
738e5196826f91908d726c924991462d
778f5196846f9291876d6c8f4a8b4c30
748e509581778e918d706a994a935a33
7a8e519580798d928670678f4995792e
768d50947f7493908970669645927a22
798e5097816f958f9172679249948420
76904c96836f938f8f6f6b904a959521
738e4e92847199948277728e42908d1f
778e5194826b96908370768f48837022
798e5199816f928f8d686c914b83622c
758f4f95826d95938c6861974e928436
74905197807693928673668e4a9da32c
78904f968170968e8071678a4696971e
75905099806c938d8a71648d48947a15
778f5094826e908d8777688e4591650f
778f5093806f91908c726a8d48934232
7790519685708f8f91736b94468e482c
7390509381759092806c6b91488b4c30
75905196846e93908c6d69954b945f31
798e53928370939386736a8e47977328
778d5197806f9792856d6b95488f7d22
78904f93876f918d8d6d688a45948221
718e4b95817098928a6e6c9648938d1e
728f4f92827494908677708c418e8a20
7b8f4e918370928f8870769348876e20
788e529581729290826a6e90487f5e2c
758e4f98837194918c6c6694478c6932
75924e987f749092866e649048977a2c
798e5192816b958f8475698e45986c17
728f5096846e918d897566904791600d
758e5196846f928f866f6a8d448e4a08
77904e948372919289766a9245914431
78915099816c928f92776a934690462c
788f5096816d95918b716c8e498b4b2f
738e4f91827192928c74699a47925631
748f519781719191906f69944a94702c
79905093856b94908a70688e46928125
7a8d4d92836f97918b71689444938020
758f4e93847097908a6f6c9448918e20
74914f93857094918877708e428f8e22
758c5594817094908c747593468a721f
7a8f509281788e8d89706f90477e622a
738e4f9282739290866b699247875931
77904d93806f94938a6a6791478e5c32
79914f977f77939088746b8f46965e1f
758f519685728f8e8b6f6b8d4792510f
718f52958271908f8b706c9046904208
7b8f4f95826c93908c726d8f48914430
758f4e9281738f8f8e766b95458f452b
748e5199816d979285716e8f498c4b2e
779050948669949289706a9447925232
77904b927f73909188736c96498f632c
778f4d917f72949388736696448d6b27
768d5094827295928c726998498f7c23
74914f97817992918c76699a43909424
73924c93856d97918d776e904690a727
778e53958170979282727889428b7d21
758e50967f719590836e709246816425
768d4d92807491918c6f68984584602f
788e5095817294948f68649d4b8e8339
78924f97857194918b716a884a9aa733
758e4d988178968f83716f8744949021
779151948475938f82737089418f6213
75905195846f9491886e6d8e4992432e
788f4d948174909189716d91498f462b
728e4f9386718d8e8b6e6e8e4b8c4c2f
748f519781758f918d6f699347945632
788e529781789191826f6f95498e672b
718e5194837190918e6f6794488c742a
7b8f4d91836e9492876e689149938325
73914e94836e9592896a6e924b949924
749250968577908f8c77718c4390a627
788d5093816b97908c76788a438b7b21
768d52978274979180706e96447f6427
788e4e90857590919569629c4b8b7c34
75905094827694938a7063924c9cb036
758e53937f7894918373688a4999b228
788f5299826c978f8676678f47959e1f
769052958672928d86716f8647908c1c
768d4f977f6f958f8c6f719248877126
74904d9582729692886d6b9649897329
728e5397836e97948c6b6c984e918629
728e5597846e94938a7367924992ac2a
779050968175918f7f70708546949821
77904e93856b95908c707090478d7b1b
728e528f856e93908972729147867822
768e4d938373948e89717192467e682c
77905197826c948e8e706c98467e6030
758f4f94826c9791896f6a9747806632
74905296807393918a6c6b944a857633
76905296846e949188776b92448c832c
768f4e9183718f8f8870719046887826
75915096816e949087756b9446857b2c
768f5193846c95918273729243876c26
768d5193806c938f8c726d98477e662b
758f51977f7397918871639d4a8d952a
758e549582789492837064964997a527
70904d9483729991857065974c94b026
79905196856a958e8874638d4a96b727
788f50958077908e7c716b8646949b1e
748d4e947e729391856e748d4a8e7719
758f4e947f70938e8674719847797128
788c5395847493917f696e93477b6434
758e5395826e918f8f6e6d96497e6335
748f5297816b9791896f699847806734
74904f977e6f93918b6e68904a877732
768f4f8f827091908370708f478b7728
768e5197836c97928572719445846d28
758f5397816d98937e706e924582632a
738e50968268959091716896458d5921
758d51928171918f896f72944c7f6826
749151988371958e8c7060934d98b72a
778d51978272968d89705d934c9bba25
74904f948370978f806e5e92519bc225
75915095806e978e8375608e4b98bc24
778f5298806e9791777468884595941d
768d4f938070948f89786d90448f6413
7b8e5193816c958f8a7371994a7f661f
758d4f957d759190876c6d934b7b6431
779051957f73918f8c6f6c96487f6734
748e50967f6c93908d6f6b8e49846b32
7a904e957d73928f836d6e974681682e
75904f94826c90908b6b6a914b876b2d
77914d9480709290876f72904a877029
748f52948373929086726d97437f6a2d
77904f94836a9591896b6d8d4988652b
77904d927f6b96918974709649866827
7490509381719690847661914b9ab726
758e52967f71978e856e5d944c9bb522
769151938275958f7b725b944997bc21
778e52938070958f807361904997a71f
75905396816b978f7e72668749968919
788f4e95816e938e8a766d8a4490570f
778f4d93816e949087686f974d895813
788f5094836b938f8b6e6f964c7a6b2b
768f559482739292856e689247877831
758e52947f788d8d8975738f47867229
758f529a7b6a98918b766c98437f612b
768e4e96806e938f8a696d8f4e85642d
748f5293836f949285746e9646886c27
728e50967f6f96927e6d709349806b2c
768f5095806e92918b746b944386682c
758e4f967e659c93856f6f964981642c
75904f97806e968d7f71638a4b99ab22
749150948270988f86686093519ba71e
729050947f72948d8577608d4a97ac1f
768d5196826f968d8971618d4a978f19
768f53978372918c8774688849947714
758e5298806a969084706d90458e4f0d
778e519480769192836b6f9d4b875c14
79914c927e799291836f699b487c732a
78914e9680719191846a6d8d498d7a2a
798f5095826f8e8f8970738d46897124
758f4f958270948d886d6f93477f6528
74904e94826e928f876d6e924982652d
758f5192807097938878689a42846a2d
769151977e6e9590886e738e49886728
758e4d92826d9691846f6e964780622b
758f50947f71969386706b9c4782682e
718f51997f73948d86715d944b99a41d
73904f938071968e88745e924c98a71d
718e5090807796907b71609149969c1b
758e5296836d968f7e6f618f49958e18
75905297836a978f7e73658c44927413
768e509380748f9083706d8d458f4c0a
768f4f9580739292866b6c9a498c530d
748f51938266968f8f7173934d826c1f
7790509582788f8f856d6c9446846c28
768f4f957f729090896f6d9148876b28
758e4d94826e92908a6f6e9247856725
728e519281739190846c6e9449816f2b
77924e95826e9590846f709047866d2c
758e53948168968f8c706e924682612b
77915097836b969089706e9548866229
77914e97836c979188766c9b44806629
709051978276958d8a6f5f964d98a11b
718e50937f74968f82725e954896a01c
798e4f93826e958f7f7260914b969a1a
7790519381788c8b8574678846947d15
738e52957e6c959086736b8d45924f0b
778f4e967c7590918a6c6a94498f4408
73915397816e939388716e99498d6b11
749050957e679890887574944584731e
778d4f9481788e8e856b7091497f6a2b
778e5094816e9490856c6e944983652d
748e5295826c94918a6d6b9149866a2c
75924e957b6e95918673719446856f29
778e4c94836a949087716f924782672d
758e519483718f8e896b6d924a82602e
759050947f728f91886e6c9547886629
788f4e937f739490847272964a846a25
6c8f4e957f72958f8370619549968917
74914f947d72928d8b72638e4e968f18
758f5394826f968f8271619148948a16
768e5293806c938f8278668c44936b11
738f5195806e9390836f6c8b46904809
748e53967f6f9491866d6c90488e3c06
768e5294856e92928a6f6a99488e4b0b
74905096806a96918e746d974b896a17
738d53957f6a9691876e72924a846f24
738e51957f6d938f8d6f6c8e49836e2c
768e4f918170959089746e984481662c
769051987a7292918e6f6b944984652e
768f4d95806d948e8c7470934a846a2b
758f5192806d949088716e944682632c
7b8f4f9580778f91836e6c9a4582622b
768e4e95826d95918a706d9649856929
718f4f93836f928e89766e8e41885218
758e5396806f949189716b91458f3d0d
74905094826f9291876e6b92478e3c08
748e5195826f939186746a94448c3b09
748e5095806d9492856e6a91468e3909
7591509280739192896d6c94488e3f09
758f5295806c96928c6f71974f885b15
758f4e957e709591836c6d944b7d6c2c
788f5190846b94918a726a9547866d2f
73904f937f798c908569708e498a6e28
76914e918270918f866e709045846927
76905097816d938e846d7094497e622c
788e4d94826b97918a716b9447835c2e
7491529581689a9288706f924a876328
748f5193846a938f886f6f944881662b
798f5095826b949185696d904b83682e
778e509183719690857573934485701c
788e53997f769390836f6b9445825620
748e52977d75918f8e726c9747855520
77904f95836e958e89706c9146815223
75904f96817193918e6e6891448d411b
76904f97807094918d756b9d47895416
7a904c92807792908b726d9748816524
758e539483689893826e6d93487e682f
748f5397836f938e896c6d9447836930
78914c957d769092846b6b914789722d
78904d95806e94918571758e468b7025
768e5193816b959089737096477e6629
758f5295816d9591856e6a98457f6531
76904e95826c959089726e934885662e
769051957f69989387726f9347876a2a
748e4f95807691917c6d7094477f682b
758c51957d719490876f719749886517
788f4f95816a958e8c6d70944c7c6628
76905094816e948f856d6f934a7f662f
768f4f937f76918f87716b95457d6232
73904e93856897908e71699645835f2e
778e4e97816d9490856d71924b82662c
7d8f529a7e73928f8b716b9546806530
768e50948270918d8f6e6e914983692e
748e4f94826d9993866f6c9548826c2f
758f4d94816d918f8d736f924786702e
718f5194846d92908a706d9345896827
748f4f977f6d95908b6e72914b836828
77905198816c969189726b954682682e
738d4f957e6e938e8a6d728e4c85652d
74904f92856c92908d6e6a954784662c
728d4f92856d938f896c72904d846e2b
748b519480769092816c6c94478d500c
748e5296806a958e906c71954f845e19
799051957c74959081716d9a477a682e
78905293836d928f876d6c94477e6634
738d51957e749293856c699648826a33
73914f988069999187756f9145876b2d
788e4f967f6f939186696e914b83672c
74905197836c959188706b964783722d
73914f96806b93908d73709048876e2b
778e5092836c9693806b70914a826e2d
7a8f5095806c96918a746e954683682f
76904e97806d9491836a6e904985692d
738f50958268948f8f74709346866c2b
748e5294816d918d8f716e934880642d
76904e9283719290896f6b974782642e
718e4d91836c93918a6f6d934b87702d
79905095826a979386726996458c4106
7890529282719290876d709a4d875912
789050947f72918e876f6d954977662d
758d509480759291886f6997457e6335
76905095836f8e8e8f6c689249856c32
73905195816b9790866f728d498b6f27
758f4d957e72939284716e96487e662a
768f51948071938f856b6f914881622d
788e5294807094918c72689844875e29
718e53957d73918f8673729749816929
75904f95836d969188706b9444826d30
758f4d9380709492836d709148826d2f
73904f93826f90918d706e9246896d2c
75904f9481679a928675729547816b29
798e5296836a948f916e6d924984662c
728d51957e6f918f886f6f904a83642c
788f4d967f7090908b6f6b92478d3e07
78904e92826f92908f6e6d964c8a500f
768e52948071938e85716f994a796627
78915092847191907f6a6b95477d6334
758f50977d70919189666b8f4e846834
749152977f77919184736992418a702a
778e4c95806f9490856f74924a866622
78904f95806f9390866e6d93487f632c
759051997e71979384716a9b4581652f
738f4d90806e928e91716d8f4b876b2d
768e4f94836e928f876a708f4b866e2c
718f4e937d7293937d6e6f9445836d2e
798f519a826b93908a6a70924b866c2c
74915193826d92918c77718f4489722b
768e4e947e6c9793856f729447866a26
738f5094826d9591886f6c9547816b2d
778f51978170938f8d736d95458b4d0f
788e50937e70989388746d9d48835a1a
768f539582719290846d6d96497b662d
798f50958071949186716a98457f6734
778f4e93816f9091876d6c9048846a32
768e50927f6e979086706e924784642d
74904f9682708f908c696d914a8a6526
798f5094846c918d927370944a826a26
728f5196826e928f8c6f6c944881692d
74904e94856a968f876d6c9249856b2e
718f51957e71939287706e9247886e2b
778e4e91826d959185746f9645826a29
77904e93826c928f8e736e954881652c
738e5094856a979187706c984782652d
76904e91816d939387716f9349896c29
788f52937f719191846d709349836e2a
748c4f928272968f8170739246846e1e
788e5096826e9590876e6d944a7b652d
78904e9280729291866e6b96477e6534
75904f947e75939189716a9846806733
718e5395806b948f8a6f6d8f49856a31
768f4f98846c938f896a6f8f4b84662e
768f4f937f7392918b706a934786692c
73905092837091908769738e4c876a28
768f4e958274908e8b6a6e924c80692e
758e5296836d94908e786b9845876e2c
718d5290856d938f87716d954785712c
74904e957c70908f886b738c4d896b29
77904d948267968f8d716d944981652b
758e4e93836a9790826e6f944982662d
758f5296807090908a6d6e914985692d
758d5092846c93908b75709746856b29
76904f97806d928f8c6f6d954983662e
748e5092866c959288706c9547866c2c
778f5294816f918f8a6e738e4a896d26
778e4f957f6a96928a716e96487e682b
718e4d938169979089716d964680662f
748f4e95836a9691876c6e934a83652f
738e539481719290836f70954885672a
768f5195846e8f8d8f6c6d934b826b2c
708f5193846d939188706a944889762d
748e4d95817191918b736996438d7c27
748e4e967e6d948f8873708e468d7b24
788f5196806f938e8a72709545816e27
788f4e957f6e93918e6d6a9a49846f2e
748f509381718e90826e648c498d862e
778d5095826d9090866f6e8848966a1b
758e4e93806e928e8b736e994a88691a
748f4f957f74939183706e964682692d
758f4e957e6f918f8e726e944984672d
758f5194836b94908d6c6c9349876a2a
728d53977d7290908670748f4a847329
748f4e918076918f826b6f93477e662e
748f4e958369968e8d726b9846816630
768c52967f6f969487706b9647866d2d
768f4e94826d939186706f9647877628
748f5298816d959089706c90468a7929
728d4f977e6898918e706c9348877529
738f5092826f908f8b696d8d4a8d7c29
778f51948070908e8671739046857328
758e4f937d72918f886c6d934a80682d
77905098826997918674699144875c29
77914e92826f92938a6d679648945818
748e5092816c979086706f974c8b761a
768e51988071939185716f964780652b
768f4f938070928f8e726c9649816530
71905197816a9790926d6b9a4d846e31
7191509580708f908c756e90448c822d
7a8e4f93816d9390896f749047886f23
73904e967f6e9390886f6c964782752c
79914f928370969182706e934687792d
738e5193826c949289716c944689772a
758e50967b6f94908e73708e4a8b7a29
788e4f95826b948f89726f9646846f2a
738f4f95806996918c6e69984884722e
768f5090826c949286756a92448d7628
788f4f938269979285736f9a47856d23
738f4e93826c948f8c706d9048866e29
78904f94806b96918c6e6894488c6e26
758e5296806e908f8e6f69934a8d7c23
728e51937f778f8f8b706b9b4a86762f
7490509584778e8f8970718a49867e30
788f51958068958e8f6e70924a82682f
748f50957e749192856b6c904985672d
76904f96817091908c6d6c93498d7125
778e4f9284669a938b736d9548877b28
7691509483709391816d6e8e48877a2b
758f4d957e6d9490877170944984702b
758e5095806f9793856d6a9249897b2e
748d51947e74908e8b776f934484762b
758f4f938069948f8f746c944784692d
738d539580719291866d6a954886682b
778f5198816f959188706a97488d7925
738e5193826b9490866f6f9048887b27
78904b91806d91908c716c934783722b
758e5090806c93908e6e6c974b85702c
73904e9383748f8f8a6e69944a888430
76914f93836b938f8774728645907b27
778f4e958068918f8b6e71954b856625
798f529782709291866d6b944884702c
768e51997d6e96918b706c934888732b
76925298826697908b71708b498d7527
758d5095806d9690826f6f9448816b2a
768f53977e729292826c6d9648846b2c
75914e95836c9590877369954788782c
768f51928368938f88726f8e468d6622
798e4d957f73928f826b6e9949806725
76925096816b95918b7169984784722d
738f4e907e729591896f6892478c7c2b
778f529281748f90876f708b478d7b25
768d5098806f938d866871904a816e29
788e4d93806796918d6e6d984c85702d
718f5091806f948f86746c964582662c
778e4e91816e9190896f6c8c47875226
778e5196806b95928b6b6d944b904f19
75904f97836f939085726d984a816d24
758f5195836b908d8f6d6e8f49866c2c
7890519584719290856a6c9447846b2d
758e519580719291846d7090478a6b27
738e4d96806a9790886d70904b826b2a
748e529681729190816c70924982632c
7a8f4e957e779090856d689246865928
718f5495826f939187726e97488c6c1f
778e509783699890886b6a964981792a
728f50967e6e939286756994448b7f2b
768d51938667978f896d6f9248867a2a
748e5597806b979388706c93478a812c
76904d948075908f866f719646867d2a
758f5097806a948f8f726d934881652c
758d5091826f969282726c9645825e2c
7b914b93827093918d6f6a97488b6126
768f50977e6d9790856f72914b836a27
758d4f948272938f866a6d924a81652e
75904f92806c959188706c9649846a30
74905092837291908b6e6c954788702c
748f4e95816a968e8e7173934a836b29
76905199826c999187716c99467f672e
768f4f94826a93918c6c69944a86712f
73914e947e728f908c706b92488e7e28
778e5093816d979087736e9346897f26
758f50987f6d938f8d706e914887762a
748e4e93806a9791876e6a9648837e30
75904f958469959387706c96458c812e
758d4f92827195918a6868994e888d2d
748f4f957f70989386736f9648846b29
759150977d75959284706c9646846c2b
748d4e94816a958f8b7170954883682d
748e4e9480709592876b6c964a856a2e
749051977d778f8f8b736e934a86792d
79905296826b958f89706e904585712d
758e4f927e6f918d90706e9549846b2d
718e52978171929186726a9a45846f2c
758f4f958370918f89706d9648867329
758f5098806d93908d6f6b924988782c
748d5295806f93927e686f8e4a88742a
758d5293836a918e906d6b934a88732a
759051968071939183726d9846877b2a
738c52967e73939185706b984782792e
74904e937e72938f8f726a974988792e
708e5296806e9691896a5f9d4e8c9630
738e4f96806f95908b756d994683682d
738e5094806b9992876d6f924a87682b
748f5094836b96908e726f9349846729
768e50948171949084726d98477f652c
748f529580729390876e6a944785602b
789050977f7094908d726d97498c6e25
758e4f988268989089706f9349837229
7a8f4e95806d9590876d6e924a826c2d
728e519281718f8f886d6d9249856b2e
758f4f95816d9391866b71944b887029
748e5195806696908a7072924a826f2b
79915094846f938f856d6d96487f6b2f
758e4e957e6d9590876f6b9549806732
748e4e91816b99938871689d49837331
778f5098816b93908d6a609a4f8e8f31
738e52958168978f8e715a974f98ae2b
758f4e91816b93908a726d9748806630
768f5198816e9490896d699749836b31
72904f957f758f91856b6e8d498e6c27
79914e967f6f928f877071954b806726
758f5091866f9290876b6a9849816c30
758f5094816f928f8b6d6b91498a742d
72905293826e959188746d9544877227
728e4f96806b948f8b6d70904c846f29
758f4f95816e9590866c6e9349836f2e
728c52947e6d94908b726a994682722f
78914e937f6b9492896f7190488a6e2a
77904d92826c978f886f6f984b7d6e2d
748e5196816c948f8c6e689a49807536
768e4f96846d9590826f699549887f32
738d54977f67998f8a6d6d964d837c30
778f4c947f75908f917261a44a868c32
78904c92806e928e8e746e954782682e
768f4f93826b979287736b964783652f
768e5296817292908b6d6d944a896327
768e5196836f918f887170934a836b26
758f4d947e6e958f92716c934c836b2e
768f4f967d6c97908a6f6f924c866f2d
768f4f92846e8f908b6a6b954a86732d
77904f94846c949091786f9545887e2a
798f50987f6a96908b7070914885732c
748f50947f6e959081696f944a816e2f
728e51968168948e896a6f8f4d836b30
748f5297826c948f8d71689e47807432
76914c95826a98918a6c5d9e4e8c9835
769050957f73948f847361944c94ab2c
758f4f97806f968e8c7367974c8da32b
748e519682759390866d659e4d8aa62e
768f5095806a95908c72718e488c6627
788f5097836b94918b6f6e934a846928
778e5197806b938f876970934b83672b
748e5194817092908a716c9448876d2c
71905194816a9792826b738e4b886d28
768d4f9383689891876d6e954b816a2e
778e52957e6e92908c6f6d964b866c2f
758f4f938168989287766d964485722d
799050997e6b948e90726f964a886c28
778d4e96816d939087716b9a487e6f30
728e4d92806e9591886a689c4b837733
7590509283699892866c62984e909631
728f519382709b91886e5d9e5092b430
75905197826f928c866f5a90519dc92c
75904d958269968d896f61935299c328
708f4e93816f958e8e735c984f97cb2c
748e4e94816e93918f6f6a93468a5c26
748e50958170958f8b6f71954d846b25
75905095856c9690866c6a924985722d
758f4c93836e938f8469718e4b86712c
778f5196816b98918a6d6c9348876d2b
768e50947f6d96908571729648816d2b
738f4f95846d918f8b716c974780692f
718c4f957c7194908a716e964b826a32
748e5196836b93908c6d68964a867430
738d5094846c9890876c68964d878230
7690519684699893866c609e4d8c9930
74914e92836e958f8570579b4e99be2d
72904f967f6c968d837057954f9aca29
73905093806f948c887459954d9bc024
738e51947f6d938e876c5b96539bbc22
78905092836a978f82705b935199c625
768d5296827193908c716c9647866d2d
768f51968073959288716d9746887329
77914e93826c928e8b6a708c4d88732a
758e5198826c9590866a70904b836c2d
738f4f95806b97908a6f6c9649846f2f
73904f977e709492886f6f9248886b2a
759050947f6b978f866f6e964b7d6a2e
788f4d93836a9591886e6b984a806934
788e5092807691908c6d64a04b867e34
74914e937f6f9791876d5c965196ad32
74905596816e958d88715d965096b72a
72904f978270948c856d59944f9abf28
728f4f937f72938e806f5c92509ab924
758e4f93816d958c8c735b954f9aaf20
748d5195816f998f876f59995099b41f
769050958470988f816d5b954f99ba22
738e5195826c9391886f6c9348846c2d
748d5196826d9390876a6f964a846d2c
748f5095807490918b6d6e9348887b2e
7a8d51967e6d9492837271914585762c
728f509681689691846c6f904a856b2d
778f5094826a968e8c706e954b816930
748e519381729591806c6c9948806932
778f4d9182738f908c69679c4c847734
758f5198806999928d6d58a05092a934
6f904e9282699990807358944f9dc32b
77905093826c988d7e6f5795509cbd23
758f4e928467978c887458994f9ab920
6f8f4f93826f938d87725d924d98b521
758f50957f6e948f8a6b5c96529bb321
738f5094806b988e87715994519bbf23
758f5095846c958b87715c914e9ab221
76904e98816897918d6f6e944a80682e
768d5197816e928f8e6d6d984c826b30
76924d91846b959386736f8f4688772e
768d4f957c6e9490866d72914a8a6826
758e529384679590886f6e964a7e692d
758e5296816e9390896d6a954a806a32
748f4e928171958f8f72699d4a847232
758f5294856a97908a6e5e9f4e8c9734
71905093826f958f846d5894519bba2d
77905394836d978e7c7158944d9bba23
738e5194816c938b866e5893519ba91e
728f5091816f978d876d559c549bba1e
768e5095846c998e7f7359944b98b21f
728f50957f719690806d5b9a509ab520
738f52908569968d816b5c8e509aaf20
778f51958168958f89705f924f98a01c
77904e9285709390876e6c9647837529
768e4f93806a97938b6f6994478c7d29
788d5295826b959188716e94448b7e25
758f4e937f72908f8e6d6b9348877b29
76904f9384728e8d8a706f9147897c29
778f509583689791876b6e944a7f732f
798d51967e7190908a6e6b9849827433
708d4f92826c9593926b5fa34f879738
78934f95826e969384726099489bcc32
758e54948371938f847362924899d42c
73904f94826b978e826f618e4b9bcd2a
758e4f957f69988f826e5e924a9abf25
728d5497806f968e7f6c608b4e9ab321
778f4f957e6f959083705c964d99a51d
758f51958070958f826f5a974b98a11a
738f4e93836a978f896d5c9c4f98a71b
77904d9382689a92886f699547867f2a
768d5094826d938f8e706d94468a7e2a
738c5196806e9590896e6792478b862b
778f4e947f73918f8a6970894a8d8028
788e509681699990836e70964980742c
768f50937f6f97928771689f47807633
768e4f98807296928a6e659e4a878c35
758f5496866d9792866c5c9f4c91bd35
758f4f96836f978f857162904b9cd12e
769051957f73908e816d648b4c9bc92a
748f4f948267988e8175638b4a9ab423
778e4e957e68948f896d62904c99981b
778d52977e6a95918c6c5c9d4f989e1a
70905296836f978f84725c994e98c722
76905294836c988f7e6f618e4999bc23
768e50947f6b968f896d60964d9ab020
778f4f91846a9590856e6f9148887e28
7a904e987d6c97908f716c9548867c2e
718e5393826b96918b6f6397488a8b30
748e5095827094908872679546919129
788d4f947f71968d8a76699a46858a2b
778e5097836d95908a69679b4d858c32
7490539584719591866c599b4c94b334
75904e948171938f8a6d5b94519dc92a
76904e93816e968d85715e934f9bcf28
76915095826c978d85745e944a9aca27
798f5194806f978e8374618c4999b723
758e52958072938f8a7065924997941d
788e5298806e96918b6f5e9e4c98a31d
759151938172928f7f6c5c954f99c424
768e5095806c938f836f608d4c9bb924
748f4f937f71989284705e9b4999ae20
768e5297826f9492866d69974b8c8a2d
779051958367938f876c6f8b4a8f8729
798f509780709790886c64994c898d2c
748e529383739590846860985094ab2d
77914e957e71968f86715b974d99bc2a
758e52978170958e886f5b9a4e96c429
768f5092856b978c8b7355974c9bc227
748f50958074958e8372579a4e9ac824
778f5193816e9590817258994c99c925
748d5092826a948d896f59954e9bc325
738f52928172908f7f7160954b97c526
719051987f7093917f7063904796b726
789051958167958f87725d944b9ab223
75904f94806f95907e705f924a98a31e
758e52967f6a968e8b6d60934f989218
758f5097807193908b6c5f985298af1e
748f5094806a9793846f6a944a857e2f
77905195836c94928d6e679648937624
758f529583759490866c5f9e5092a827
73914f95846e958e836f58964d99c22a
758f4e937e6e978e856d5996509cc025
748e53918370958e816b5a95529ac925
79905196826e958e866d59954f9bc225
72904e967d70968f7f6f5a954f9abd23
778f5096816d928d866f5d8f4f9ab822
738e5195806c978e846e5d954c99a51e
73905094836d918e866f638f4f97ac1f
759050957f729390827162924897a01f
768e5296826c9590806e5e954998941a
768f4f937d749490826c5d984e989918
72904e957e77928f83725c994c96a61b
73904e957e768d8f866c5f984d98ad1e
7a8f4f938270949182696b9a4a817d2f
758f5497817b928f8d6f5a9f488f9830
728e52967f79919081685e965099b627
728f5193826f998f81735a984b99c427
748e50958469978c866f5c924d9ab523
768e5191806d988f8974589c4e99b420
778d5397826b978f8874569f4a99b61f
76905394836e9a8d837158984f99bf21
779052948570968d7f705a934c99b821
718f51967f6e958e86715d974a98aa1e
738f5296806f938e877763924895a31e
758f5396806e9290846f64914996921c
77904f957e70948d8b6d60914a968016
74905297826b958f866f5c9950979717
728e4e92836a948d87715d914b979419
76924e947c74918f8273629348958414
75904d96826e9790896f5e9b4d92ae30
74905196836a968e886b5c91519ac02c
718f5196806d988e85725c974e9ac127
779051938172928b89715d914c99b623
74904f92826a968f7f685c94509aa71e
748d519383679b91877255a14f98b81e
79904d938172988d836b5a945199c423
7d914f957f778f8a8a715a934e9abf24
72914f968168988c8b745a964d9bba23
778f4f95826f938c85735c924c99b421
748f50937f6c938f8471658d4a97951c
778f5396806696908873649348948117
798f509581748f8e896a62974b957f15
758f50968167948e8e7261954c968d17
77914c96816d968e8b6f61944e968e17
758f50947f74948f8271678c4b958918
739053968074928f7f6a5a984f98be2d
75905196806a988d857258924d9cc327
738f5092826f958d826f57994d9bb621
738e53947f70978f816c5a96519ab620
7a9050948375988f80705a9a4c98ba20
768f5396846d958c8b6e589b4f99bf22
768f52977c71968f7f6e5b944f9ac325
78904e94806a948c8a725c914d9ab623
6d8f50967d73938d836e5c934e9ab121
748e53947f6e968e80785a974798a41e
74905395806e948f8171619147958316
739050977e709692816a65964c938115
78905193826f9290846960954d95961a
739052938074918e876d60964d989c1b
75905296816b958d8b705f924f98a71d
748f50967f6d938d8876638b4895901b
79915297817396907c6c589a4e9abf25
75904f948270968c85715994509bbe23
788f50928273968f83725a9a4c99be22
748f53937e7297907f6e5e954d98be24
778f4e9581699a91816f5e944c99b924
768f52987d7199927c705f934b99b222
788f5097836b988d89735e914b98a51f
758f5194826b978f807162924996901a
758e5195806e958f826e638f4a967a14
728f50987f6b978f8b6b61954e967410
7490539480739290836b5d9d4e959415
76924d93826f948e866f5c964e98ab1d
728f4f92836c948d856f5e924e9aac1f
768f4f94826b958e86745b954b98a61d
719051947e6d938b86725d8e4c989c1b
788f4e95826d968f836f638f4a968316
75925295826c9590896f559e4e97b62d
728f50938270948d82715a924e9bbe24
73904e9186679a8f81725d944a98b122
75905294856e968f806e5d964d99af20
758e51978070978e85725c964c97bb22
779051947e6f979083755b984998b822
789052977f7295907d6f61904a97a820
75904e948075918f7c6e648f48968a19
76914f958172908e876e679149927b15
758d549880759490876b5f9c49947e13
74904d94816e948f8a6b5d9750979918
74924e918369958e85725a954d97a71d
729152957e6a968e83745c9449989d1b
748f5095826f928d846f5e934c979619
728f50957f6e928d826d63894b968316
7690509280738f8e8173629346936b10
748f51948372918c8e6f5b924d99b129
738f51958270948e82735e934c98ac20
718e53987f70928d806a628d4d99991c
769050948270948f856a5e974f989b1a
7a8f509385699690846e5a9b4e98ae1d
73905096826c978e7f6e5e924e98b421
778f4f938170968d8272608e4a98a51f
758e5396816c948e8270638d48968017
77914c947f7193918a6c63964e957312
75904f957f759290856e5d9a4f969817
779051967f6e938e846e5e914c979a1b
72905295816d938d8071618e4b978b17
7a904c937f6d928f826c62904b967111
728f5396806e918f856f64924d957911
708e5193826d968e8a6f668c4a946910
728f51997e6e93908470688f49925b0b
708f5194826c978f86765b944b9bc328
768e5496806f978f82715f924d9aab21
73904c91807098917a7161924896961b
768e4f948271978e8a6f5b9d4d999217
759053988469958d886c5d935298ab1e
768e52948171928f7f6c5f924e99ac1f
76914f948072918d8170608e4a989c1d
778e51967d6c978f8773628f48967613
77914e9282768f8f7e6c64924b936c0f
7790519483619a91896d609a4d957811
73915194806c9590827161924a958314
76904c938271928e8171638f4a957512
768f5398836c958e846c658c4b94600d
748e4e9280768f8f836b64944a935d0a
748f50927f758f8f8270679047925a0b
7a904e97826c938f8971699248915009
728f5295826a968c86705b914d9abd24
738d5497836d9b9082725a9a4c9aba23
7190529680769990796f5e924a98ab1f
75904d947e6a978e8c735c954f99a41c
768f4f93826a998f85765e9449969f1c
768f52988077918d7f6f648e48958918
789050957e6b918d8a7065894b956911
768f4f947e6e918f896c65934a925a0a
719150948271918f8a6965944b935b0a
76905195846f9590896d609a4c94760f
78924e967c7296917976649147927d13
74904f96816c938e867265914793600d
759052938468928d8c6e658e4b93560a
728e529386689590856f679149915509
76914f967f729190846b6b8c49904a08
768f5096806f91908c746a91458f4106
70904f918168988f84735c934c99b322
768f4f947f6e988f876d5c95509ca71f
75914e968172938e806d59994f99b41e
778f4f947f71958e81705d914e99ae1f
778e5192836f938e846d648b4c978b19
748f52957f70918e836e698a4a947514
79904e977d6f918f8a6d678e4b955c0d
748f51958171939184696a8f4a92560a
738e52957f709893886b629c4c94630b
73905093856c989087705d9b4f959415
73914f96846b958e8075628c4a969018
748d5394826d938f8673668e47956610
738c539281739390826e67904992580b
728f5094826993908c6d6a904d92610c
739150938073908f88736e8d458f5b0f
76904f9281778d90836d6e8e448f410a
748e5394806e948e846e5e914d99a51e
798f50958168979088705c994f9aa51e
768f52968168958d887359984d99ae1f
77915096816b978e836e5c904f99ac1f
718e51948071938e8271638e49978f1a
788f5093806b96918576669145936e12
758f4f95806f9290897168924a93620e
758f4f95826b95908f6f679646915b0c
768f5193826c9692896f639d4b93740f
73905094836a938e8b7163914d958616
748f50937f6c928f8070668a4a967113
748f4d937f728e8f8471668f4893590c
778e529281719290857066964992590a
75924d937f7692917f7068914892610d
788f4d94816e918e8b706d8a47904d0b
74904f94846f9091836e6d90468f3c07
768e4d927f72959085715f964c97a41e
758e52948075968f87765d984a98a51f
78904f958071908b8f705d944e999e1c
749152988170958e7d725f904a96991a
778e5196806c968f816f648e48967614
76904e9280719391827166914893610d
748e5096806d9793877165984791570a
7890519284749190886a649b4c936d0d
71905397807691917c6c6a8d49918115
738e4e9280718e8f876e6b8b48936211
78904e918270909185706b904790570c
738e5093816f93908673689345914809
78915192846f918f8b6c66984a915709
76924e957f72908f80716b894791570c
76904c95816d9091896f6c9048903e07
7791539683748d8f866b6d8f498e3a06
768f5494856f969085715d984d98c524
75905197806f948d866b638b4f9acc27
758f5394806e918e837462914799c227
769150978365938c8a6c66864d99ad22
748f4f92836c97917d74678d45959a1e
749050967f7293908371688f45948317
768e5093816e999483786e8d41916813
778e4f9582689693836e6a9248925f0f
78905095806a9391886d6e8847904e0e
758f5195806c94908e6f6c8f47903d09
778f5095806e91918a706c91498f3f0a
758e5192846e969484656c954d8f4d0f
76904f9381738f908a6f6f99508b8020
768f4e947f768d8e83707393467b8036
70904d93826592908a706c8943855a3e
708f4e93827092918a7069924690462b
77924e93816e938e896f5f924f99c124
728f52988074908d867366894a98ba25
758f51987e72918e8370678e4597951e
769050937e6f96938171679049958e1a
738d50987b709190856b698d4a958117
748e51958065979384736b8c49948919
76905193816d928f8670728242915f14
758d5294816b92908f726c924691420a
788f4f97826b979285706a9147903e08
778f5094836e9492876e6b93498f420a
768f52937f6f94918d6e6f954d8e5713
71904f9682748f918e6a6b974a8c6c1e
758f4f977f6b9691847474944c848428
758f4e94806b928e8d6d6f86467c653c
7291519581709391866f6b8e48904b34
72914e95826f9292866d6b92468d4d31
77904e937f78908e897160954c97c323
758f5396846c938d827365884898af23
798d51957e6a9792856d678f48988219
73914f927f72929083736a8c49938617
778e5094806e948f8b756a8d42926312
778f5094816993918b6f6d8f4993560d
7a8f4f957e708f8e8a706e8a4791490b
738d52937f6e92918b6f6c8f47903d08
7a904d92817093908c6f6c9249904109
788f5095817490908a6b6c97498c4e11
758f5297806f95918d706f9a50897021
778f4d9281728f928c706995468a812e
768d4f92806a95918a727195498a8229
758f5198806c9290856f738e4a857a2d
758f50928165978f8c6f718a48806336
75905297816d9291876a6a8f478d4e35
77924d937d73908e876e648e4c97c225
728e5395816c968f8971688a4798a622
768e50947d6e9490817065914696921b
778f4d958171908f81726c8745927d17
798f4e8e836e949182716c8d41924e0d
738e509480719293826b6c91478f3c05
79904f927f6b91918b6b6c8e4a903c06
748f5092807093928a6d6c904a904007
748f4f9681709091886b6e994e8c5910
738e53967f759091866f70964981722a
738e52937f6a9393866b70934c847431
778f4e9280738d918a6d6e914c8d792d
768f4f93826992908d706f9049867a2a
738e4e928371908f8b7070984987812d
728e539384718d8d8a75758c47817934
778f519485669893896d689041885032
7791519082699590827269884997aa22
788e5194806c918e886b69884a988b1c
72904f948169948f8678668f44948116
768e4f918667948f87736c8b45946111
728e5094826c9492836d6e8b47914a0a
768f50957e72939285706a9445903c06
75905194826b9391876f6a91478f3c05
759050957f74919189706c94488f4208
748f4f968271909386696e9a4e8c5c11
748e51957f6d92908b757098497f7b2a
789150947e6f92918a6e6e9349867533
738c5495816c93918f6f72934b8e762b
74904f9382718e90886b6e914a85792c
738e4e94826d9190886d73954d897f2c
738e51948069928f9078719147857e2f
77915296816c9490856c718b44835c2e
758f50918170928f8675688d46927112
7b8f51937f719290846f689147935b0d
7590529880719290827068914691550a
71904f91836a938e8c6e6a8c49924e09
758f4f957f70929186736b8f45904207
728f50978368959188706c9148903c05
788f4f947f788d90876b6c93488e4006
758d5293837a8c8f886a6d96498d4f0b
778f50948573908f8a686f924c895f17
72904e9181758e90856f709849857626
748f4d94816b93908c6f70954a85752f
738e5193816e91918b6e6f95488b732a
738e519483708f90876c70934a81722b
75904f9481719290876e70984a86782e
78915298836d9191836b719149867d2f
778e52967d709392867270964686762f
769052937f76908f8275689142926b12
748f4d947e769091806b6b8d4993540c
788f5292846f9390836c6a8c4a914807
76905093816e938f89706a8f47903f05
75905097836c938e8f736a91468f3c04
758e4c9382748f91876d6c94488f3f05
75904d9083738e918c6a6a994d90590c
73915097836d94918a706e994a877f1e
798e509383709391856e70974784812c
758e50967f7290918a6e72934887782f
75904d977a6e9491846e6f924b847130
73924b92836e8f8f8d6a72904c89722b
75904e947f6f9191886f6f974980732f
778f4d92806f92918a6e6e974a857732
748e4f92836d928f8a6f70924a857f36
748f5095816f938f8e6f6a9546897f38
778e5495846c938d8670678d47956c12
758f4f94806f9490836d66924993610d
73914e94816e94918271689047915a0b
759050938171918e8b706b8f46904306
758f52977f788d8f87706b91478f3c04
718d4e94806d92918c6d6d8f4b903e06
758e539382708d90946a6a9c4e905b0d
748f5196826f9491886c71944e858423
76904f95806e908f8b6f709349858330
748d4f9183709292866c729248867830
718d52937f738f90876d6f9349827030
748f4f92836993918b6e6f964789752d
75915197826a948f8b6b70924c857e30
748f4e92816e90908a706d9646868538
768d5193846699928a71699346898940
788e51947f729593836c669146938c3c
75904f938071908f826b63904c957e14
789050958367948e8773678c47936f12
77914e958070908f8a756a91418f4e0b
77904c937f6b94908c716c9147903e06
74905295826b949286696d904a904007
758f5094816d93938b6e6b994a8d560d
738e5197816c95918d73719c4c877a1e
778e509480739291856d719547827f2f
768e509480738f90886e719548847a34
778e5396826c9291876c719448847632
748e4f927f6e92908f6f729248857331
759050977e6d92918c7070954986752f
79914e98806b9392896c6e9649857f33
738d4f9581709191876c69954788903c
748e5194816f92918767658d48969a40
738e4f93816e989382726492469b9e32
778f50967e70938f846f669248935d0c
769053978268968e8c736a8c47904d09
77914d9282798c8f856c6c8f478f3e06
758f4d90816f919089706c934a8c460a
758e4f97816f91918f6e6a984a8f510f
6f8f5093807b8e92836f6f9b4a89781b
778f4f987f6d9391886b71934a857f2b
728e5492827191908b70719647827e32
718c519185728f8f8367729249817736
75905096836e91928b736f9b43827434
758f4f96806d928f8970709547837232
75904f94806f919289706d9846847030
788f4f9483699491896f709747827431
79904c93806e9494856e6b9a47867e33
749050948467918f90716892498d8f36
738e5197816f93908e70629447979931
76904f957f6b9491847267914691520a
798f5197806b979187716b8e49904107
748f4d937f709191896b6b924b8f4007
758e4f9481718f91866a71964f885c12
7390509782728f908b6b6d9c4a857322
7890509481718f91876c709449857e2b
758e5198806a9791856b73934b827d31
718d53957f6d94908a6e70924a827936
768d519185718f8e896b72944a827638
748f50987c739693816c719848837335
758f4e977f6c94918e75709847817133
74904e92836a9593816a71954a856c30
7790509780729091886d6e9848826d2f
748e5097816d908e8f6a6f934c857731
78904c95836f90918f6e6c95488a8432
718e52977f739191846f6c94488c9132
758e5195816e908f866f6b8f49904809
758f4f93816f908f876e6c8e478f4007
758f539882708e8f8b6e6b92468e3c06
728e5093817291928a6a6c9a4d8e510c
74904e93816f90918d706f9a4d87791e
758f4f958369908e8f6c6f914b85812c
75904d94816d92908d71719648847e2f
788e509282719190866c72954a817934
768f51998269928f8d6b72934a817938
778f4d92836a9893866e709847827538
768e4f95806a9692846e719349827136
778e509385689491896a70934b856a32
788f4e957f6b979381726e9c46806d2f
718f4d97816b928f8e6f6c974b837432
77904e96826e959287726d9748848335
768d51967f70969187746c98427a7d47
738e519484709090886c6c91488e3d06
748e5092836f90908a706b92458d3c06
76904e9183738f908c716a95458e3b06
77904f95806f92918d6a6c964d8e4e0c
73904f9483689392856e71964d86771e
768f4f977f758f91846c6e954785802c
768f4f967f6d93908f72719448877d2e
748d4f94816d908e916f7097497f7733
7a8f4e957f758e8f896973944a817a38
778f4e927f7692937e6c719747817739
748d5095826b928e8e6d71924b857035
748f4e93836994908e71719749856d2e
788f4f97826e9391866e709b487f7330
738e5095836c93928b736aa1457f8036
798f4e978369968f8476729646728a47
748f4f93827491908365678d43806f66
738f4f957f749493836f6c92468e3a05
728e5294816e9191866b6d8e4a8f3c06
74905094816d9392876f6b91468e3a07
748e5092827491918a716c9a478e4609
6f8e5193806c92918c6f719a4e866a1a
74904d9184738f8f876c6f964982792c
788f4e94806a92918b7073914a88792e
778d4c9082718f908c6d719849807631
778f4d967e74908f8c6c7195487f7a38
74904f93836e9292876b71924c867839
738f5196826d9492826c6f9347887632
768e4f967e738f91866b7194498a7629
768f5297806f91918a6a71944b837c2f
75904f98806c94918a72709a487f8036
788e509380738f8f85727198477d7f3e
778f50918567978f8b6f6f9747797d51
79904f93816c92918b6c6c8f498e3906
72904f95806d929287706c91488e3a06
77904b9281759091846f6c93468d3b07
76904e95816c9494866a6e954b8f490b
748e5292836e9592846c71964e866a1b
75904e94846a8e8f8c6d719449857229
768e4f9480718f908c7270964686772b
748e5096806d9493856c72964983742f
76905395826f918f886a72934c817c36
778f4e9980719392856c6f9749857a37
748e5093816b90908a6f6f9548847d35
728f5099846a9591886d6f9549887d32
728e50947f709192836b6e9549848135
79905194837191928371719b44858234
748e5296856a9291866b718f48847e36
758f5198826a918e8f71709848827d36
758e5194836d929189706c92478e3906
748e5195816f9393856d6d94498e3d08
738e539482749192846a6f944b8c4e0e
77914e97806994918d6a70974d87671c
75904e9482718e8f896e71934981712a
74904f95806b93918569719349866d2c
748d4f91846a91918a6e70954a84702d
75904e95816e92908c6e719549827330
74904c95826b918f906c71944c847a33
718e5294856a94918c70719647847c35
768e4f947f738f90856f719749817b38
738e50977f709490896f6e9848807b3b
748e54988270908f8d6e6e9449827d3d
778f4e96826f9192886d6e94488b8236
728f519583679593816d738f49878233
738f5197846b95908d6c6d9648868034
7b8f4f9580778f8f846e6e924889512e
73924d9784709090856e6d91478c4f37
738f4e95807090908a746c93478f4e3b
78924c978269939088716d9148904d3b
738f5397846a919186736d9049914c3b
74904e95846e8f8f866e6e8f49914c39
758e4e93816b9391856e6e8d4b914c39
77904f96816e939286736c9248914c38
788f5098806c92937f6d6e8f49904c39
708f4f97806b939186736d9348904e3b
74904f98836994918a796b9545904e3d
748e519384728c8e88736d9048904c3c
758d52957e768b9089776b9346914b3b
78924c95846d929088756b9046904638
73904e95806c9494856f6a8b4797382c
768e5193846f939388706e954a90481d
7790509a8067958f88736e92498e4e35
748f4e95816e9191866e6f8f4b904f38
79924c95816f90918b756b93488f4e3b
728f4e977f70919186726d9349914e3b
738f5093846b909087756b9247904d3b
708d5291836f919286786b9646914c3a
73904f96846c929285726e9049924b39
758f509581708d90856f6e9049914b38
768f4d94876d918f87716c9049914c39
7a904f9384708e90856e6e9149914d39
768e5194836c949285756c94468e4e3b
708e5097826b8e8f8b776c9446904c3c
748d5092836d90908a736d8e4893463a
73905193826a949484766c9048934230
758e509383708f9192736a95488f492a
748f51947f6e94938a706c934a875630
738f4e92826e979381716d95458d4e35
79904d96826d949284726e9349904d37
768f5096846892908a6e6e8e4b904e3a
79904d93836b919188756c9348904f3b
759050978171919283736c9347904d3c
74905094826f8e9089736d8f4a924c3c
77905094826a918f8f776c9149924b3b
76904e96816d8f908b756c9447914c39
738f4f95837490927c6e6e9148914b38
7b914c98816e928f856d6e8c4c924b39
758e5095856f8d8f896e6e8d4c914b39
738f4f967f70929284766b9145904738
738f5194826d91928b756a9148934330
76904f97826b92908d716c904a8d4a2d
748e5095826d91908d716d8f49904831
73904f957e719092896d6e914c8d4f2f
75904e92826a9492876c6c904887502f
758e509a816d9392806b6f8e4b904d36
748f5195826f8f8f8d746d8f4a904d38
748f5097836c909086706d914a904f3a
729050948469929189776a9447904e3c
738e5296816e9090826e6f8d4a914d3c
74904e93816d90908c756d8f48924c3c
738e4f92836c8f9187736d9049924b3a
718f5096816e93927e6d6e8f49914b39
778e53988270909084716e9049914a38
758f4e9480718c908c726c8c4a934435
768e5292846b91918a716c8e4a90452e
758f4f977e6f9090856f6d8f4a8d4930
7690529a7f708e908c736d9047914732
758f50958268969386716d8f4991462f
7a8f4f93836a93928b706c8f4991442a
778f5093817392918a716b9444884f2a
718d5292816c9693826e6d92498b4f32
758f4e98826c949187706d8f4a914c38
77905197856c929084706d9149914d39
748f50958172929182716e9149904e3b
6f9051958568939189746c9049914e3d
73914b93826596937f6c708b4d934c3d
728c5495856d8f8f88706e8e4a934b3b
6e8e4f9080778a9085746d9247914939
72904f95806f8c908b726b8d4a934335
778f519581708f91856b6d8c4d91472e
788d5197806994918b766c93478d4b32
73905098816b939183706e8e4a914936
7890529882708e908a716b8f49924633
7690509483728f8f89776c95448d4a30
728e4f95836b91908a726b8e49914330
76925198816c939086706d8d42826130
758f50977d6f93918a6d6e8f488b4f2a
778d5193816e949383726a9743884f31
74904e97806f929182716e9048904c36
79915096856c939184726c9346904c38
718e5097826d949283706e91498f4e3a
75914d94826f949380766b9445904d3b
7790519783718f9180716d8f47904a3b
748f5096816f909286726b8f47934335
748e5294827091918a766b94478f472d
748f5298816e8e8e8c726c90488e4a32
79914c9481709091866f6e8f4a904a34
768f4e93836d929188786a97458e4b35
768f4e958170939285726e9149904b37
758f4e948567929089746d92468f4b36
77914b92846d91918a726c9148914935
748f529a806e928d8e76718b44887936
758f4c937e7292918d736d91408a5230
77905197836d8e8f8b6d6e8f4a8a4e2e
72904f95836895918a726c92488f4c35
77915096846d919086756c9346904c37
76904d94836c949382726e9049904c39
728f5098826990908e766b9047914739
70904f96806d909288736c9048924331
748f5097816c918f8e746b914a8e4a2e
74904f96846e8e9087746c94468e4a33
788f4c987e6e9291856c70894d934835
768f5094826e929286746d93468f4933
738e5093846a949283726d9249904c36
728e519284718c8e88716c90488e4c39
778e5097806e8f8e90776c9247904b38
79924d97826d91918c766b9347904935
76914d92866a969188726792458e9138
76905195816a958f876f7486478a7f37
778c4f948071939188736a913d87583b
6e8f5294816f90908c736b93458f4b33
788f4e92836c939185726d91478d4c34
7291519a826a949288756a93468f4836
73915095856d91918a726a9048924330
72905193856e919088706c904a8e4a2e
728e4f948469929089716d92488e4b34
758f4f95846b919086706e8f4a904b36
77914d95846d929183726c94468f4b37
708e529384728f9087756b9446904b37
788f5295846b939086736c9147914937
778f5096846e8e908b726c8f48914534
758f5094836b929189776d93488e4c31
738d5192876f909089716c9247904a34
7a8e5096816b958f8970688f488f9f30
738d53957f6e968f8a776e92438d9535
728c4c90816f969083766c983d7a824d
75924b967f6c928f8d6a698743895d58
788f5098846f8e918c6d698b45974442
73905696846a9393826f6f914a8c4d31
75914f9782718f9088736a97458e4d36
738f50987e6b949286716c8f49914c39
79904e98806b909189726d9148904c39
77914f988172909187766b96448f4c38
758e5195846f929186726c95468f4d39
76904f97836c9291846f6d9049904c39
77915097846c908e8c776b95458f4b38
728f4f96836f8e90866f6d9148914a36
758f4f96856b91918a766b9447904b36
79914d94836a929189746c91478f4937
758e5293826a948f87736b8f46899932
798e4c947e72918f816b708d47858642
738f4e95826b9591866f6d9044836e54
718e55968368949288736c9644876d59
748f4f9484708c90886f678b3f88565e
75914f9584708e908c73698f45994543
758f5393846d919187736b93478c4d36
758f4f95816c929188746c9248904c38
758e5099846f8e8f87726c9246914c37
798e5297846e8f8f8b786a96448e4d38
738e509683748d91826e6e91478f4c39
768d5295826d919089756c9346904b38
798f50958270939384776c96448f4b37
768f5196856b929088726d9148904a37
728e5192876b908e8d786b9246904936
758e4f94846b959286756a9545914633
748d51938069948f846c6f8c457e8143
788e4e967f71929188726b9741826c53
748d4d93806f9593866e69924488645c
768f4e947f6e8f908a706e934b8b6d5d
718f5197826e918f877767923d7f686a
788f5194836b90948c6c6589439d3f52
72905192826d909286716d8e4c8e4c32
738c509281738d9089786997438d4d36
738f4e97836b908f89726e9149924c38
798e529884729090816e6d92468e4d39
7a904f9880778c9085726b92478f4c3a
738f4f95836c918f88706e9049914b38
728e50938273909280736d93468f4b37
768f519483718e8f87756b95458f4b37
748d51988269929087726e9148904b37
778d4f928074909186756b97468f4d37
788e5293806d8f90866b698f42836758
77904e93806b959388726c944a896957
76904f9784689491846e6a9147866865
758e5096816991908b716a94478e6763
758e5197806691908971698f48856c66
78914d97846a91918a72668c428b5b64
758f4f94806c92928a77688f4497484b
77905095826b90918d6e6c8e4b914b37
74904e9381708f9189736a94458d4d36
728e50987f728f9085706d9149914d38
7b8f52998468959283736c93468f4c38
778e4f93826f90908d776b95458f4b38
738e4e95846c959283726d9248914b38
738e4f967f6d939187766c9446904b37
748e5096816f909088706d9048904b38
798e4e95826994918a766c93478f4c38
7b8f5396816f9293876d6a91448d625f
72914c91806e929185706e914985695c
73905096806e91918a706794448a6160
718e4e93816994918a6d6c914b89695c
748e519682708e90896c6a8e49836d65
72914e947e6e90908d71698d4787686a
778f5198806d91908a71688c45905761
74904e95806a92938d70678a48954646
7890519282728e9187716c91498d4d34
728f5093836b939089726d94488f4c37
738d5096866d9191836c6d8e49904c38
798e5296866a918f89706d8f4a904a37
75904f96826e919088766b95478f4c37
718f4e98836a909089726d92498f4c38
738f4f93826f908f88726d91488f4c3a
73904f9783738d90826f6c9247914c3a
758f5095836f919383686690407c6f69
7b914e9881739091826b6d92468c6760
718f51947f768f91866c6c8f4b876b61
6d8f4e91816f90918c73679544856c65
758e4f957f6e9290856b6e8d4c876d68
758f5592836e8e92846d6b8e4b876e6a
728d51967d6b92928d74669245866a6c
74905196826d92918670688b458c5a64
768f509280728f938c77669242964749
718f519584758d9085716c92488e4c36
6f8f4e968071918f856c6d91488e4c36
758e5096836f8f8f8c746b9147904b36
788f5499846c8f8f87716d9149904c37
748f5296856f929188756c95458f4d38
72904f977e72909185706e9049904c3a
778f52958568939189726c9247904b39
798f50918376908f81726c9840738251
76904d907e6e929285716a934382705f
718f4e95826494919374689447846e65
71915096806894918b7768984683746c
788f549386708d91826a698d49837175
738f4e917d6f8d918e74689047886c6f
718e55977f6591928e75689148886b6a
748f4f95816592918a726a8e47866b6b
738d5296816c919187746790438d5962
748f529680758c928774669043934745
718f5096816b929189716d8f4a8d4d35
768d55998368939089766c97458e4c36
748e4f9881708d8d91786a9345904c37
748f5096826f909087736b94468f4c39
72914c968467959285736d92478f4c39
798e5097816d909188716d9049904b38
768f5094866c918e8b707292497f8c3d
758f4e93816e9591806f729346758355
718c4e92857190908b6c679143817273
75905094816d9292856d6c914c897374
75915296806993938874689345817477
758e539380728c92896c668b47866b72
738f51957f708b91866e6a8c4a8a6869
748e50928065959288736c934a886b65
768e5298836b8d908e6e688c48896467
728f4d94816f9192856b6985498e4f58
708e5090827090918a786a9546944837
73914e9880718f9088736c93458a4d34
718c4f95806e939186706e8f4b914c38
788e5396836e8f918b786b9844904c38
77904d958171929282706d92478e4c38
72904f9482748e9184766b97438f4c37
768e5293836d90908d6f6c9448875329
77904f9482699291906f6c93488b5332
72924d987f6c94938d736b94478d5234
758f5195806f9192856f6c96458d5233
758f50977e6c90928b6d6c90498d5135
748f5597836a9695846c6d93478e5032
7790509380708d918f6f6d8f4a8f4f32
7290509481718f93836b6d8f488d5030
778e5396836b909190746b96468d4f30
738f50937f748a8e95746a95478d4f31
768f5295826b91918e726c94478d5031
72904f937e728e918f716b94488c5232
748f4f94846d9092896d6b94468c5133
758f5397826c9394896d6d92498f5033
73904f94826c91918a726b95478c5533
72904d91816e8f91896d6d92498a593a
7790519683689494876d6d93478c5335
74904e92806c919293726b93488d5236
748f4f9383718f91896a6d904a8d5236
729051968166959489706b93478e5135
78915094816c8f928b706d914a904f33
72904f938070919488706b95478d5132
778f4f937f6b92928f736b93488e4f32
76905095836f8e908e6f6c924a8e4f31
77905095806c92928d716b93488e5031
788f50927f70919488746b98468c5232
77904d9380718e92876a6f8e4b8e5235
7690519482669494866d6c91498f5135
758f4e90846c92928c706b94478f5033
73904d92816d9294886e6b94498d5132
788f5097816e8f928f706c94498f5233
78904d92816d8e9092746c95488a5936
76905099816a919196736a9647885636
76905092836d92948a6e6c91498c5439
73904c927d708f93886a6d8e4a8f5137
73904f95816d8f9192736c93478f5033
77915194826e90938b6e6c90498e4f32
708e53937f708e928b6f6c94498f4f31
79914d96816e909191766a98458d5030
74905093846b8e90916f6c91498e4f31
758e5395836b9192896c6e8f4b8e5032
789050978061979390736c92498d5234
728f5291846991938a706c94488e5135
749050937d748c918c726b94488e5235
76905193866a92918d706b93488d5134
728f5197826a8f918f6e6d904a8f5034
758f50947f6d909190746b95488e5133
758f5092837091928a716b97468e5233
768e529580718d918a6f6e934c89542e
799051967e6b94948d726b94468a5437
77924e91836c8f9290746a94468d5235
76914f947f6e8e9290736b95478d5033
72914f93826c90938b6b6c8e4a8d4f31
7a915194826f9092886e6d93488e4f30
728f4f9480718f918a6a6d8f4a8d5131
75904e927f6b93938b706d904a8d5234
79905092816c8f928c736b95488e5236
758f51957e6d90928e6f6d904b8e5336
73914f957f6c9091926d6d8e4c8f5238
73914e937f6e90938c746b95468e5236
768f51957f6d8f928f6d6c8f4b8f5036
768f509681708d928a6a6d8f4a8f4f34
759050957e69929390776996468f4f32
75905095816994938a6b6e904c8f5133
768d5196826d939190756c944991482b
76924e91856d90928b726b9647895330
75905397806e90928c6e6b91478b5335
798f4f93816b90938d6e6d8f4a8f4f34
75904d947f6c919090736b93488e4f31
778f5393806e8e918c706d94488e5131
768f5395846a94928c6b6d8e4b8e5133
728f51977f6a919191716d904b8e5234
75914f94816994928c716b93488d5336
738f529481708d918c6c6d90498e5438
73904f987f728f9286686e8d4a905139
6f905195806c9191906f6c904a905036
788e5293826793948a6f6d904b904f35
74905093826c8f9190706c924a8f4f33
758e50957e718f9190736d94498e5133
748f4f94826a90918d6f6d904a8e5236
758f50988073909189756b93438f4532
788f4e98806b92918f766b944792442b
738f4f8c82738d9384716d954889522d
7790529581728d93886b6c91488c5233
758f5194836d8e918e6e6b92488c5233
75914d937e6c90938a6d6d90498e5033
758f5091836c91928d776b99448c5132
758f50947f718e918e736b95468d5233
76904f937e6f919388736b95468d5335
728f5297816794938e746a96458d5237
76914f93816b91938d6f6b91498f5036
75904d91866c91918e716c93488f4f34
77915095826e9193876b6d8f4a8f4f33
73904f937f6f929488726b96478e5133
758f51948269919191756c96478e5235
77914d92816c90928a6e6c93498e5237
768e5096806d8f8f90756c9147914733
728f4f97826c939288706d8e4893412d
78905195846a949287746c97488e4d29
798f5294826895948c6f6c924a895531
73914b96816a91928f706b92488c5435
75905091836f8d928c736b96468d5134
74905398806f92918e746b96458c5333
759052937f6f92938c756a96468d5336
73914f96806f8f91896b6d904a8f5136
77924c94806c93928d746b95478e5134
74904d95846794928e6d6d914a8f4f34
78914e95826d8f9091726b95488e5134
768f5193806f8e918d736b95478e5135
718f509180709093896f6c93498f5135
729050967e6b95948f756b95488e5236
77914f9581718d918b6e6c93498c5437
718d5297826b96928a776b96438e4933
78904f96826995918d766c92478f4832
75914e96806f91908c746b904791432e
748f4d93846e8d91876d6d914d914a2a
728f5092806e8e918c6c6e904a895531
759052957f748e93866e6b93478b5435
798f5198836c8e918e6d6d92488d5235
74914e967e6e919288706d914a8e5135
738f4f8f816f8c918d6f6c904a8f5035
768f5193826d929385696e8f4b8e5033
74905196816f90928f6f6d93498e5134
779150987c7090918f716b92498e5236
77924d957f6c8f9092706c904a8f5238
718e5395826d90928d756b96478e5237
738e50967e6c91928f716d93498e5338
778f529280738d92876b6c8e4b8e5339
758e5294806f919187726e9148904a33
758e4f958074909286786b98438e4a33
778f4f93836e919187756c9247904733
768f50977f6e90918a736c904892422e
76905094826e8f9188706d914a904627
789050947e778f928a716c944989522e
748f5197806c90918d746995458a5234
7e924e94836d8d908e6c6d8f4b8e5134
7a90509582699192896b6e904a8e5034
73904f957f758d92896d6d90498d5235
74905096806d9394836c6d91488e5337
79905094817090938c726b95468d5337
76925097826c8c8f906c6f8e4b8e5438
758f4b92806d8f928b6e6c92488e5339
74914d947f6a9493907a6a97448e5338
758f509181708f93866b6d91498e5238
778f5096806f8f908a756d94478e4c32
788e509384718f9186706d9247904a37
738f4e94826f91908a796b9543914734
7b8f5198826b8e8f8b6d6d8d4b90462f
7490509381728f9084716c8f468d472d
748f4f92866d90908d776a974391422a
7590509480718e918d746d954b89522c
79905194836c8f928a6f6b9346895335
76914f95816792938a706b92478d5236
718e5393846b8e928d6e6c93488c5336
728f5195806c92938f746c94478d5437
748e5394826b9293886c6d904a8f5238
75915395866e8d90896a6d904a8e5337
728e539683698f90926d6c91498d5438
738f5195816a92928c6f6d90498f5238
78904f9680708c9189696e8f4a8e5438
738f4f957e778e9088736b93468e4d3e
798f4f98826e919086716e8f4a93493d
74904d93856e919185756d9346904936
79905196826e9493816c6e8e4a904934
748f5096816b91908b746b92468f4833
748f509580709291897769934390422e
718e5493826e8e918b6f6e904c914929
748f5096806e8e9091736b9548885530
778f50957e718f9389716c93468b5436
75904f91846c91938d716a93478c5437
75905194826895938a6f6e93488d5437
73915094826c8f918f716b92488c5338
77905094846c9193896d6d91488f5237
71904f94816c919288696e8f4b8c5437
74905093816c939487716b95468d5438
739050967f6895948f746b93498f5238
748e4d92836c90908b756a91468f483d
76915095826e90908e726c8f4b984438
748e4f957e6f91908c7a6c95478f4a31
788e51948566949189736d91478f4a35
72904f95846c9090866e6d8f488f4833
72904f958368928f8c736c8f488f4731
7b905195856894928a786b954490432e
758f4f987f6c8e908b716c914b914729
74914f93826c93938a6f6d934a88542f
77925093866991928b6d6c91478a5436
73914d92816d8c91906c6c8e4b8d5337
72905296806d949484726b96448c5236
79905198816b93958b6f6c92498d5336
77905094826b92928b6f6d93488d5538
75924c927f6b939485706b93478d543a
72914e92816b929389746b95458f5138
738f509680708b8d91746c9148904a3a
748e52957e70919289736b9148914838
768f4e95836f929186756d9247904935
738f5098846a969382736b94468f4a33
73904e95826d9090866e6d8e498f4833
708d5094846e8e8e89716d91478f4831
748f5194806b969483776b95458f4731
758f509684709090876e6c8f4791412d
76914f95836e9193826a708f4d8e4d29
748e4d8c856b92938c77679a41855532
73924e97806c909290726a93478d5135
77904f96856692928b6d6d92488c5434
77904f9183708e92896e6e92488b5538
76904f90846891928d716b92488d543b
73904e93816895948a716c93478f5139
74905497816c91928c6e6d8f4a8f5035
77904f978669949287766c95458f4b38
7a8f4f9681709090846d6d8f498f4a37
748e4e94816e919185726d9148914936
768e529482708f9285746c9346904934
738e51968469949185756d9446904a34
75904e948270908f8a716d9048904833
76904e9580708c8e8b716c8e49904831
758f5093836d938f89766d91478f4630
77904f93866c909189726c934691422b
74914e96806d8f92896f6e914c8c4d29
78924d92806a93938c706c91498a5331
778f5396816f8e9389676e8c4c8d5435
74904d90806f90938c706b93478b5337
728f4f94826e8e9090706c8f4a8e5237
73914e95836597948a706d92478e5034
779051957f69909392786b96478f5134
74904f94836c908f8a716d91478f4c38
73904c93827090908b786c96458f4b38
758e5199826f8f8e8c766b94468f4a37
778e5397826d8f8f8a736c9247904935
77924d958369989384776b96448f4934
75904e97826c939186716d90488f4934
778f5299806a9392846f6d8f49904731
7a9150968369939187716d90488e472e
718f4f9384699291886e6d8d4a90442c
7590509680738d908c6e6d8d4a914127
748f5093856b8f918c756c97488a4e27
75914d94806792938b6d6b90498a5432
74904f927f6c929392746a94468d5033
74904e92826a939486706b95468b5231
78905398836c8f92896b6d8f498d5234
74914f9081718e9289726b97458c5435
728f4d94856b928f8c746c9148904b38
778e4e95806e949389786c9447904a37
74905196836f909088756c9546904a35
768f5099836a939184736c93468e4a33
768f4f93826c9291866e6e8e4a904934
74904f96846a949182716e90488d4a35
758e5194816f919186726d9147914732
768f4f91836e9191836d6d8d488f452e
75905294836d8e908a726b91488e462b
748e51978069938f91756c8f488e442b
76914e93836896938a726c9149914427
77905196836a8e918d6a6e8d4e8a522b
76915294826a90938c6d6c8f4a8c5133
74904b9081709093886d6c91498d5233
76914c947e6c8f918f6f6d90498c5335
76925099826b8f90926f6c91498c5336
73904f947f6e8f9190716b92488d573d
77905193866893948d736b96458e543b
78905599806e8f93896c6c92498c5539
73904f93816a919191756c95478c573c
75904d94846197948e716b92488e553d
7a905295826c9193866c6d92498d573d
749050987e6b9092896f6c94478c593e
79905090856e8b908e706b94478c583e
748f51977e6a91948d736b93478c573d
778f5596846b8d9193746a96458c563d
72905193836a8f92886c6b93478c563c
728f4d94816b90918e6d6d904a8e553c
7590509485689293886a6c90498c563b
75904f95806e8c918d6e6d91498e533a
76905194826d8f918e736a95458e4f36
788f509780688f918f6f6e944c8d5832
748f50967e7191928d6d6c8f498c573c
76904f92836a919290716c93488d563b
74914f957e68929390716c92498d563c
74905194806e9395876c6d914a8d563d
73904e90826c929486736c98458d583c
778f5294806d8d9190706d914a8d5940
71904e937f6b9194866d6d91488d5840
768f5292836b90928f776a98458d573d
75914d987f6b91928d6d6d904a8d573d
76904f967c6b92948d716b94488d573d
778e52938464919290706b924a8d563d
76905098806f8e9092706b91498e553b
73914d93816f8f918c6f6c94488d573a
77904f93826990928c726c95468b573c
738e549484698f908d6f6b90488f523c
77924d957e6c91928c6f6b9049924d34
789050947f728d918c6e6e924b8b5736
748e5192836493928f706b90498c563c
75914d95816a919290746b95488d573d
7590519484728c918b696e8e4b8d583f
77915295816b90938d736c94478d593f
76915093836894938c736b96458c5940
77915093826a9294896f6b94478d5841
76904e947c6e8c9096736a94488e573f
77904e92816c91938c706c94498e573e
7290519682699192876a6e904a8d573e
758f51938367909192726b94468d553d
78904f93836a90928e706c94498e553a
758e5092816693938c726c96468c573b
72904f947e6d90928d746a95478d563d
7390519283699194866e6b93488d573d
76915097816c8f908c6c6c8f498c553d
77904d9380719092896d6d914a8e5235
768f509681679191906f6e914c8c5838
749051967c67959490746b94488c5a3e
71905093816f8e938a6c6c8f498c5a41
749050947f6d92948d706c904a8f5840
769150947f6d8d918a6e6c914a8d5940
75914e9181688f918f6d6d8f4b8e5842
75914e957c6d8f938c6f6c92498f5841
748f5396816e8e928d6e6d904a8e563f
778f5094826c8c908f706d91498d573e
769153997d6b92948a716c94488c593f
728f50967f6791938d6e6c904a8e583f
748d5695836e8d918c706b93478e563e
779152988267919388666f8a4f90553c
748f5191826792938c746a97478d583b
75915094816b8d908e716b95468a5a3e
728f5396816d8f9095756a95478e5237
758f4f987d6992938b6e6e924b8e5736
728f4f93816e91938a6f6c92488a5a3d
749251977f6894948b716a93488d5840
6f8e5091866992928c6a6f8d4d8e583f
76915093816c8f928e6f6d924a8e5940
77904f94816994938a726b95478d5a41
719050947c6d8d9190716c91488e5842
728e5191836a8f9191716c914a8f5741
77924f97836593928f6f6c914a8e5940
759050957e6f91948a726b94468d5941
7090509482699092896b6d8e4a8e5741
758e5394816f8c918f706b93488f563d
6e8e5594836b8f928b716b95478d573c
759050967f6f909389726b97468b593d
738f52957f708d918c706b96478b5b40
77904f92806e91938a726b93488e5237
728e50947f6f8c9193756a96478e5337
77904f97806a9392886c6d924a8d5738
748e5495816d8d908b6b6d8f4a8b583e
78914d94806e8e9190756a98458b583e
72914e93806e91928a716c94478c5840
708f5497806793928d706c94488d5a41
73904e93816c8d918b6f6c93468b5b43
7b914d947f6c929290746a95458d5843
7690519281748a92876e6b94478d5840
748e5191816d909386706a95468c5941
708f4e8f826b90928c726b95468d5740
7a9051977d728f93896e6c94478e573d
718f5192846b8e92886d6d93498c593e
728f5096816c909291756a96458c583e
76924f9580688f90906c6d904d8e593f
76904f938268929292716c924b905238
77905297806996948a706c93498e5337
718f5092836b9193856c6c93498d5437
77915092816a9594856f6c95488b593b
778f5298806991918e6c6e8f4c8d593f
77924f9681708e918c716a95468b5a41
728f4e95806a909291746b95488d5b43
76914d9283698f9091726c90498d5944
728d53958368919095756b94478e5842
7a914d94826d9294806a6c93468c5941
758f4f92836e8d908e6e6d914b8d5a42
718f5398836a90928e6c6b90488d5643
729052977e6a9193896f6c93498f583e
7790519682699092876e6c92478c583f
79914f957f6d91928f706b95478d563d
768e51977e6b90928e6b6d914c8d5a3c
76904b937e708d918e6c6d8d4c905238
748f519382708e918c6d6d91498e5336
758f5293806f8d928a6f6c93498d5337
738f4e927c718d93896f6d92498f5338
738e51957f69919191726d934a8d5739
788f5295836a90918b6c6c91498a5a3f
738e5596816d91938b6e6b92498c5a42
76924c93816e8e92886d6b92478d5843
738f5196806f8d9093706b904a8f5842
74904e947f6e8f918c6d6d92488c5940
779050977f6b919390756996458c5841
729052967f6d8f9193766997448d5740
72905296846b90918b6a6c8e4b8e573e
748f50957d6a90928f6c6c8f4b8e573d
738f54947f718d93876d6b94478d563c
75905098806b8e928c6e6c914b8d593c
77915296826b8f928d726b93478f5237
75915097816c90928a726c95488e5236
719050917f6b949588726b95468e5136
768e529a816a919093736c93488f5134
76904e93816995938a6c6d904b8f5235
73904f95826b9293896e6d93498d5739
7a915199826296928c706c93498b5a3f
788f52947f6c91938d716b95478c5941
74914f94846a8f928c706a94468b5a40
77905096806894938c726c93488d5841
758f52977f6893928e746a96458c583f
7b90509583708e928b726a98438c563c
728f4f8f84728c918b6b6d904a8d553c
769150948166929291766996458c553c
73905296806a9193856d6c8c478e4a38
73904e91846991938871698c45933928
758f5396836c8e908e746a94458d5238
74904f94816a9394886d6d8f4a8f5037
78905092826e8e9384696d8f4a8f4f33
759050937f728b908d6f6b914a8e5034
758f519480708d918c6b6d8f4b8f5235
74914f92816e9193846d6c92488d5437
748e52947f708b9091736c94488e5539
76924d94806b90918c6c6d8f4b8c583b
76915295836e8e928c6c6c92488b593e
75915096846b8d918b6d6c92478d573f
758f4f978065929292716a95488d573d
728f4f987e6d90918b6c6d8f4b8e563d
778f52937d708c9092736b93478d543c
758f5195816793938a73698f448e4938
708f52957d6d919586736a8d46953726
79904f94836d8f918c726a8e46953211
759050948466929292736b91498f5137
758f4f93816c92928b706c92488f4e34
738e4f90816d8d918c6f6c924a8e5133
739051947e6a9393896b6d8e4c8e5337
738f50967f6e8b908f6d6e904a8f5238
7590519381729093846b6e904a8e5336
77904d91806a92938b6e6d92498d5437
75905294826b8f928d6f6c94498d5638
77905194816f8b908e6f6a93488b583c
728f4f92836a91928b736b96468c583d
74904c957f6d8f908f6f6c92488c573e
74905194826b9092886d6b90458c523c
758e5393816792938a74698e46914132
76915197816c8f918a6f6b894897331e
75904f96806d9091876a6f884c95310c
76904e95816c959189756b9246903507
75904f937e6d929391776a94468f5136
768e5294826c8f908f716c93488e5135
7a904f9282708b91886f6c92488e5136
759053967f6f919388706d92498e5438
7490529381689594886b6e8c4c8f5238
748f5290846e8a908d706c92498f5137
76904d91836991948a716c93488e5235
729051967f718e928a6f6c934a8f5135
779150968165909193736b96488c5636
76904f967f6e91928b716d92498a593c
728f5196826a8e918c6d6c8f488c533e
73914e967f6894948a75688e44914134
71904f95826b9093886e6a884997331e
7a905298836b8f8f8d6e6d8a4a94310c
74904f94826b919189726c9146903407
74904e977d6d9392896d6c8c4a903607
78924e91806b909288716c94478c5235
748f5695816d8e918d736b96468d5437
759050977e6992938e706d914a8f5338
74905196826794928b716c93478d5237
74904f927e6e8f928d726b93488e5336
718f5193836890928c706c91488d5136
76924c978169929290726b94478e5134
76914e93806b92938d756b96488e5334
78915095836990918a6e6c91498d5236
708f4f91816a91918a736c8f478c4e36
76904f937f688d938370688b45923d2d
74914f967f6b9394886f6b8a4a983117
728f4f93826b92918b6c6d8b4b923209
73905297826a929090776b9346903407
728f4f947f6d93918d776b93458f3706
7a904d928068979289736c92458e3807
768f509380718e918b6d6d91498c5536
738f50918068939292756b93478e5238
73915396826e8e918b6d6c90498f5236
76934e96816d8f918d6f6d8f4a8e5236
738f4e91816a909192776b95468d5134
76914f927d6d9393896d6d92498d5235
77915094836e8f92876f6c93488e5335
78904f94816a9394846f6c93478c5236
75905191846f8d9287706b90468d4b34
72914d937e6c90928d74698c46933b28
768f5297836f8c9090726a8e47973215
748f52948070919289756b9445913308
709050948170908f8f716c9049903607
70904e94826b9491856b6d8c488f3807
778e5194806c969386726c91468f3807
7a915095816f9190886f6e8e4a903808
6f8f5094836694928d706d904a8d5337
73905095816b929485716d91478e5136
7890529382708f93886d6c90498e5135
77914f90826b8e9091726c92488d5234
73904f957d6991928f716c904a8e5134
729150958367929191706b93488c5234
77904d947f6d91928d726c93478c5235
718f4f9283698f908f736a8b488f4633
77904e92836a93948673698c45943724
7590529482738c91886f6b8c48953211
77914e957e6d9693836e6e8e49913308
788f4f968465959091736b9048903607
738f5298826e93918a766995438d3807
778f5493826e9191856f6c8f478f3808
788f4f9481738c90836b6e8c4b903808
768f5093816b959387736c93478f3a09
77905194826e91928b746a95468d5236
769150957e6e92938b736c95478c5334
76904b927f6c91918f6d6d8e4b8e5236
738f519286679493896d6c92488e5034
7691509484679492896c6d904a8d5232
73924e947e7090928c726a92478b5134
78914d90856a9294836e6b8b47904331
728f529684698f908f6c6a864a97341f
73905094807190928a726c8f4795320d
78914d937f6f91918a726d9048913407
748e5093826f8f908e6f6c90488f3806
77934c9381709191836c6c8e478f3a07
788e539481759093816d6d91468e3b08
76904e967c739091876b6e8a4b903909
75914f957f6f8e908b6a6d8c4b903b0a
73904d93846a948f8e706d964a8d4a0e
6f8f4d947e6f8e9185726b974883683f
788f519385708d9087727195488c6a35
788f50967f6d91908a6a6d904b886d2e
738e4d928167918f8d7471934b85752e
769151968269928f806f7394457e7039
71904e9382689290856d6a8d45825e4c
7a904d93806b919386746a92468f5146
75904d9282689191886c6e8d4d8d533e
719053958369919088726d92498b543d
758f4f948368929189746b95468a5640
77905197826791918e706a93498a5743
74905195826e8e908b6e6c92498c5840
748f4e94806b9292866e6b934789583d
758e5191836d90928a6e6b94478a593b
73904f92846891918b6c6f924d8c5e35
77904d95816c93908b746f9b4984632f
74904e93826893928b736d984c856337
76905195816b9292886e6f944d8c6a3b
738e5193856793918e7471974786732f
718f4d947f698f8e94736f9048886f2c
79904d93806a908f8a73719147837432
748d5095806a908d8d726c9144815e3e
74904c937f6d90918b736b92488c5442
7a914f958265969289726c914a8c523e
759051988167928f93746c92498c533d
758e5096806693908a6e6d8f4b8b563f
75904d907f708f918b766a95478a5642
78914f93836a91918b6f6c92498d5840
758e5290816a90908f736b94488c583b
788f519b7e708e90906c6d914a8a583c
768f5195816991908f706b944a8b5e39
758e5294826d92908f786d9d47876332
768f5293826491928f706c9349915138
79914c967d6b91928e756c9b4a886438
738e5395846b8f928368718f4c8a703a
788f4d9280738f908c6d70984d857735
768f5094816b938d83787299466d914d
778f4d9582708b908b6d678f3f8c6061
788f4f927f6e919187746d92488d5745
73914f937f6f909289716b91498a5641
788f5194846095918e726a92488b533f
728d5297826c8d8f8c706a92488c533d
768e4f957d6e90918b716c8f4b8b553f
738f4d917e6d909288756c95488b5740
7a9050947e6e8f918d716c92498e573e
778e5193846a8f918a6c6d914a8a593a
788f4e92826d9394846f6b9647895a3d
788f4f967e6695938c6c6c954a8b5e3b
798f52978169939290746a93468c5640
728e4f937b718b9195766a9747915338
748f5094806692938c6d6c954e886a3b
758f50928467939387716f9a4c8b8038
798e51967d678f8f846e7891507a9b44
76905097836a8e8f896d698c3f7f7d66
738f4c93816696918d766e8e45905e57
728f4e93806f8f9189716b90478b5742
748f5292806d8f90896d6d8f4b8a5641
739050947e6a9292866d6d924a8d523e
778e4e93816795938a6f6c8e4b8c533d
7a914f987e699391886f6e8f4b8b563e
758f4e93806c9091876e6d914a8c5641
7190519682669491906d6f8c4d8d583c
768e51977d6b9192876c6d914a895b3c
79904d957f6a92928d6b6b9248895a3f
748f4f93806d9192896a6d8f4a8b5c44
768e549583709192876c6c90478d5744
748f509682679191926b6a914d92583c
73905196806692958a696f9252927536
778e5093806f8e908b7070944b898a36
748d4f947b6b928f837578994c75a74e
788e4c97826792908d6e608c36816e7b
748f51958068938f907a6f914c965747
759050967f699493836f6c8f49895840
758c51978070909189716b944589543f
718f50987f6e8d8e90726b924a8d523c
778e5496826e8e8e8c736c92498c543c
758e53947f6f8e918c726c934a8b573f
79905195846a9091886d6c91498c5842
768f5396816a91928b6f6e904b8e593e
738f4e93826793908b6b6d8d4b8a5a3f
72905195816a9394866f6c9548896043
72914f947f6b92918a716c944689624c
718e5094836690918b6e688c458e534d
74925194806a9295866f6b9349964d34
728e4e927e6e8e9292746c9c4b8c6d30
758e519482609592857272994c838839
76904c967e6c8f8f856b699241797c52
76924b92816792918d7b729149906f3b
758e5194826f908f826e6f9345806238
758f539486679190876e6c914888583f
728f509482708f908f776897438a543f
78924c92806b969483706c91488c523d
778e52968369919089706c904a8b543c
738f4e92826d8f8e90766a96478a5740
718e4f918267969582716b96468b5943
788f4e977d6e909289706d90498c593d
718e529680689292886b6f904b876045
76914e93816e8f9288746894428c5549
7590509580698f928c70698c46944037
75905196816d8f928d706b8e4b973b1e
778f51978068909191716d9a4f8d5f1d
749052977f6e8f908f736e954988802e
768e4d957f6e908f886e729149877b2f
75904d94826a91908870709248877930
788f4f938168928e8b6d748b49826a32
768f4e9580699392836f6b9446845b3c
768e53987e728f908c756a94468a5741
76904f968268939185706c91488b543f
789150988166969288736c92488c533e
738e5094816991908b6f6d8f4c8b563f
768e509585698f8f8f716c91498c5642
728e51937e728d918e766b94468d5a40
728f539981659391896d6d8d488a563f
728e549481718c928a71698c44924136
71914d9280718f92866f6a8b4898331d
748f51937e6f9092886d6e8b4b93340c
788e5394846892928d6f6c9549903f0b
768e5094806c8f918d6d6d97508d6c1a
738e509480679591876d718f4b867c2b
778e5396836d8e8f8b66728c4c8a782e
758d55987f6d90918472709446887b2e
798f4f94826f9191826b748c47837132
728f52958164948f896e6e8f47845e3c
758f50957f6c93928b746b974589583f
748e5396806e8f91836e6c91498c5541
7a8f5094846892918d736c914a8d533f
768e5494816e8e8f8d756b95488a553e
708f4e927f69969482716b93488c5741
73904f94817390938675699343953112
78905095806d91918d726c8f49913408
75905095846d929288746b95448e3607
708e5093836b92908a756b94448e3907
758d54937d70919287706c91488f3c09
7690519480738f91917168984c91520e
77905498816f8f8f866f70944e8a741c
748e5295836a929089716d984784792b
728f4f93806f9191866c71904a897d30
78904d987d679592856f719349867a30
74904f928269928f8c74709446827734
778f4d957f6e95927f6f709246826435
76904d958067938f90766a9545865a3a
758f5197816b8f908c746b94478c553e
758f5197816d9493806e6c93478a553f
768e53957d768b9186746c94478c5540
778f5092846d929090746b9246913308
7791509783738d8e896e6c91478f3606
748f4e95826a92908b6f6c8f478e3707
77905194836d9492846e6c8f468e3907
758e4e9180708f918a6c6b924b903f09
76914f93826f90928771639d4b926b11
789250987f6c908e84716b884a926d16
7a904d92816b91918a6d6f964f896a1c
768f4e93826b8f8f896f71934987772f
748e50977f67959188716e9748857630
738f5095836b928f896f709448857932
748f50967d6b948f8b79719a437f7435
778e5194846f9090806b6d91447f613c
788e5397826c8f90896f6d91498b553e
738e519682689390886f6e914a8b573e
76904f94846991908f726c9148895842
768e529481718e8f8d716b90478f3607
728f50957e6b93918b6e6e8d4a903707
79905094836a969384716c92468f3707
7a914e9480768d90836d6d90478e3908
718f4f94806c92918d6f6b924b903f0a
758d549580738c8f88716a93498e530f
768f4f96816e92928a6f6b96488f4b10
758f529681709292826b6f9b4c87701d
728f509580719091826b709148837e32
7a8e4e927f708e8f8b72719649887633
778d52987e6e8f8e8b6f70924b837635
758f4f938264948f866d73904b7f753c
768f5095826e8f90856f6a9342816347
798e519581718f927e6a6e90488d563e
77905194806c919189746b974789583d
718d54957e6f8d908b746c9449895a42
758f51937f6d92918a736b91458e3707
768f5392827092927f6f6c91468f3707
748f5295827290927d6b6d91478f3808
758f4c91836f91918d716b93478f3c09
788f4e937e6d919094706c974b8e4d0f
74904f937f6f9190876a71925087691f
718e4f947f6e9393866c6e93498a6725
738e51998168989388716f994a877727
768f5296816e9190876f709349857f30
738e51947e6c908e8b6e719347867936
758f5095806a938f836c728f4c7f713c
77904c957e6d9290886f6c9445846942
77905296846c8f918a6b6a9247876448
758f50927c6f8f918a716c90488a6246
728d53988268918f8f726d9249875f41
75914c95806c9290876e6d8f4a895a40
738f4f90826c92918a6f6e8d4b903708
758e5094816d929189726c92478f3908
778f51997f6c96938d716c94498f3f0a
758f509381739191896c6d994c8b5813
718f4f94816e8f8f8a6c72974d847425
768d4f967f6c9191896d70934b85792f
758f52987f6792918e7071944b887c2e
758f4d95826a9492886f6f9349857d2f
76904e948168918e8a68758c4e877c32
788d5195816a93908c736b9b44817039
7391509184699593846d699448867a43
76904e97836b92918d716a92478c7342
76904e968465918f92716a93498a6f3f
748e56997f6d949285706e9948827543
728f4e92816f909087746d9a46807341
768f50967f6c949087736e9545816b3d
77924d957d758b8f896d6d8f488f3909
778f4e957e6e9291896d6c924a903f0b
788f4e947f6f9693896f6e994b8b5813
728e509183719093816e719c4a837125
748e5191836e9191856a71964a83772f
758f4f987c6891928c6d71934c877930
71904a917f6c9393846e70954986792e
778f5096826d8f8e876774904e837732
758e5192806d9090886c6e904b846e38
768e4f94846597948c6b6899498a703f
72914e93836d8f90906e5a984f9d9f3d
758e51967e70908e867462905098ac2b
79904f90856b9591817464984792a129
748f4f937f71908e8a796a934a8c9b2f
778e4e957f6c9391856c72914b828234
788d4f918469928f89756e9a4480753a
758e51987d7092938c6e6c944a8e440c
748f5097816b9190906c70974f896119
78914d92816a9491876d71964c84712a
758e4e91816d9291896f70974a847430
778d519683698d8f8c6873934e877430
779050947f689392896e70924b85772f
778f50998169928f8670719748827230
778e51938266969387716c9547836a38
728e50947f6b9193876c6b9449876a40
77905195806991938e6866964b8c7548
76934c93836892938f745d994a9fa43d
768f5295806b908f837862964a9abb27
748d5295806e8e8d8a71638e4b97ae24
77905090836b908d857b668c47949a20
758f4f997d6795928372719849857a23
758f4e91806a9190856b71944c7f7636
758d50937f758f91876d71994e86671f
7b905092836d8f90876a72944e82732f
718f5393816c92927e6c709549827333
748e4e947e6f8f92886e6e944885672f
75904e937c6f9091876c71964b896a30
77905098816494908e736f944b856d32
738e5192826595928d6e6d924a876936
758f4e91846a8e918e696b904d8d713c
77905294806e93938a766b97478c7c3b
78914e99836b9293896163944f939641
738c5094856b8d8f8d73658c4e9dbc32
78905190836b938f877865914998b726
70905295826d8e8e7f71668a4896a722
79914c957e6a908d8a716e8248936f18
748c4d93816495918f706d994c8d6016
768e52967d749192816d71984a7f7a2d
