000000000000
000000af3ce8
0000015e79d0
0000020db6b8
000002bcf3a0
0000036c3088
0000041b6d70
000004caaa58
00000579e740
000006292428
000006d86110
000007879df8
00000836dae0
000008e617c8
0000099554b0
00000a449198
00000af3ce80
00000ba30b68
00000c524850
00000d018538
00000db0c220
00000e5fff08
00000f0f3bf0
00000fbe78d8
0000106db5c0
0000111cf2a8
000011cc2f90
0000127b6c78
0000132aa960
000013d9e648
000014892330
000015386018
000015e79d00
00001696d9e8
0000174616d0
000017f553b8
000018a490a0
00001953cd88
00001a030a70
00001ab24758
00001b618440
00001c10c128
00001cbffe10
00001d6f3af8
00001e1e77e0
00001ecdb4c8
00001f7cf1b0
0000202c2e98
000020db6b80
0000218aa868
00002239e550
000022e92238
000023985f20
000024479c08
000024f6d8f0
000025a615d8
0000265552c0
000027048fa8
000027b3cc90
000028630978
000029124660
000029c18348
00002a70c030
00002b1ffd18
00002bcf3a00
00002c7e76e8
00002d2db3d0
00002ddcf0b8
00002e8c2da0
00002f3b6a88
00002feaa770
00003099e458
000031492140
000031f85e28
000032a79b10
00003356d7f8
0000340614e0
000034b551c8
000035648eb0
00003613cb98
000036c30880
000037724568
000038218250
000038d0bf38
0000397ffc20
00003a2f3908
00003ade75f0
00003b8db2d8
00003c3cefc0
00003cec2ca8
00003d9b6990
00003e4aa678
00003ef9e360
00003fa92048
000040585d30
000041079a18
000041b6d700
0000426613e8
0000431550d0
000043c48db8
00004473caa0
000045230788
000045d24470
000046818158
00004730be40
000047dffb28
0000488f3810
0000493e74f8
000049edb1e0
00004a9ceec8
00004b4c2bb0
00004bfb6898
00004caaa580
00004d59e268
00004e091f50
00004eb85c38
00004f679920
00005016d608
000050c612f0
000051754fd8
000052248cc0
000052d3c9a8
000053830690
000054324378
000054e18060
00005590bd48
0000563ffa30
000056ef3718
ffffa8618c00
ffffa910c8e8
ffffa9c005d0
ffffaa6f42b8
ffffab1e7fa0
ffffabcdbc88
ffffac7cf970
ffffad2c3658
ffffaddb7340
ffffae8ab028
ffffaf39ed10
ffffafe929f8
ffffb09866e0
ffffb147a3c8
ffffb1f6e0b0
ffffb2a61d98
ffffb3555a80
ffffb4049768
ffffb4b3d450
ffffb5631138
ffffb6124e20
ffffb6c18b08
ffffb770c7f0
ffffb82004d8
ffffb8cf41c0
ffffb97e7ea8
ffffba2dbb90
ffffbadcf878
ffffbb8c3560
ffffbc3b7248
ffffbceaaf30
ffffbd99ec18
ffffbe492900
ffffbef865e8
ffffbfa7a2d0
ffffc056dfb8
ffffc1061ca0
ffffc1b55988
ffffc2649670
ffffc313d358
ffffc3c31040
ffffc4724d28
ffffc5218a10
ffffc5d0c6f8
ffffc68003e0
ffffc72f40c8
ffffc7de7db0
ffffc88dba98
ffffc93cf780
ffffc9ec3468
ffffca9b7150
ffffcb4aae38
ffffcbf9eb20
ffffcca92808
ffffcd5864f0
ffffce07a1d8
ffffceb6dec0
ffffcf661ba8
ffffd0155890
ffffd0c49578
ffffd173d260
ffffd2230f48
ffffd2d24c30
ffffd3818918
ffffd430c600
ffffd4e002e8
ffffd58f3fd0
ffffd63e7cb8
ffffd6edb9a0
ffffd79cf688
ffffd84c3370
ffffd8fb7058
ffffd9aaad40
ffffda59ea28
ffffdb092710
ffffdbb863f8
ffffdc67a0e0
ffffdd16ddc8
ffffddc61ab0
ffffde755798
ffffdf249480
ffffdfd3d168
ffffe0830e50
ffffe1324b38
ffffe1e18820
ffffe290c508
ffffe34001f0
ffffe3ef3ed8
ffffe49e7bc0
ffffe54db8a8
ffffe5fcf590
ffffe6ac3278
ffffe75b6f60
ffffe80aac48
ffffe8b9e930
ffffe9692618
ffffea186300
ffffeac79fe8
ffffeb76dcd0
ffffec2619b8
ffffecd556a0
ffffed849388
ffffee33d070
ffffeee30d58
ffffef924a40
fffff0418728
fffff0f0c410
fffff1a000f8
fffff24f3de0
fffff2fe7ac8
fffff3adb7b0
fffff45cf498
fffff50c3180
fffff5bb6e68
fffff66aab50
fffff719e838
fffff7c92520
fffff8786208
fffff9279ef0
fffff9d6dbd8
fffffa8618c0
fffffb3555a8
fffffbe49290
fffffc93cf78
fffffd430c60
fffffdf24948
fffffea18630
ffffff50c318
000000000000
000000af3ce8
0000015e79d0
0000020db6b8
000002bcf3a0
0000036c3088
0000041b6d70
000004caaa58
00000579e740
000006292428
000006d86110
000007879df8
00000836dae0
000008e617c8
0000099554b0
00000a449198
00000af3ce80
00000ba30b68
00000c524850
00000d018538
00000db0c220
00000e5fff08
00000f0f3bf0
00000fbe78d8
0000106db5c0
0000111cf2a8
000011cc2f90
0000127b6c78
0000132aa960
000013d9e648
000014892330
000015386018
000015e79d00
00001696d9e8
0000174616d0
000017f553b8
000018a490a0
00001953cd88
00001a030a70
00001ab24758
00001b618440
00001c10c128
00001cbffe10
00001d6f3af8
00001e1e77e0
00001ecdb4c8
00001f7cf1b0
0000202c2e98
000020db6b80
0000218aa868
00002239e550
000022e92238
000023985f20
000024479c08
000024f6d8f0
000025a615d8
0000265552c0
000027048fa8
000027b3cc90
000028630978
000029124660
000029c18348
00002a70c030
00002b1ffd18
00002bcf3a00
00002c7e76e8
00002d2db3d0
00002ddcf0b8
00002e8c2da0
00002f3b6a88
00002feaa770
00003099e458
000031492140
000031f85e28
000032a79b10
00003356d7f8
0000340614e0
000034b551c8
000035648eb0
00003613cb98
000036c30880
000037724568
000038218250
000038d0bf38
0000397ffc20
00003a2f3908
00003ade75f0
00003b8db2d8
00003c3cefc0
00003cec2ca8
00003d9b6990
00003e4aa678
00003ef9e360
00003fa92048
000040585d30
000041079a18
000041b6d700
0000426613e8
0000431550d0
000043c48db8
00004473caa0
000045230788
000045d24470
000046818158
00004730be40
000047dffb28
0000488f3810
0000493e74f8
000049edb1e0
00004a9ceec8
00004b4c2bb0
00004bfb6898
00004caaa580
00004d59e268
00004e091f50
00004eb85c38
00004f679920
00005016d608
000050c612f0
000051754fd8
000052248cc0
000052d3c9a8
000053830690
000054324378
000054e18060
00005590bd48
0000563ffa30
000056ef3718
ffffa8618c00
ffffa910c8e8
ffffa9c005d0
ffffaa6f42b8
ffffab1e7fa0
ffffabcdbc88
ffffac7cf970
ffffad2c3658
ffffaddb7340
ffffae8ab028
ffffaf39ed10
ffffafe929f8
ffffb09866e0
ffffb147a3c8
ffffb1f6e0b0
ffffb2a61d98
ffffb3555a80
ffffb4049768
ffffb4b3d450
ffffb5631138
ffffb6124e20
ffffb6c18b08
ffffb770c7f0
ffffb82004d8
ffffb8cf41c0
ffffb97e7ea8
ffffba2dbb90
ffffbadcf878
ffffbb8c3560
ffffbc3b7248
ffffbceaaf30
ffffbd99ec18
ffffbe492900
ffffbef865e8
ffffbfa7a2d0
ffffc056dfb8
ffffc1061ca0
ffffc1b55988
ffffc2649670
ffffc313d358
ffffc3c31040
ffffc4724d28
ffffc5218a10
ffffc5d0c6f8
ffffc68003e0
ffffc72f40c8
ffffc7de7db0
ffffc88dba98
ffffc93cf780
ffffc9ec3468
ffffca9b7150
ffffcb4aae38
ffffcbf9eb20
ffffcca92808
ffffcd5864f0
ffffce07a1d8
ffffceb6dec0
ffffcf661ba8
ffffd0155890
ffffd0c49578
ffffd173d260
ffffd2230f48
ffffd2d24c30
ffffd3818918
ffffd430c600
ffffd4e002e8
ffffd58f3fd0
ffffd63e7cb8
ffffd6edb9a0
ffffd79cf688
ffffd84c3370
ffffd8fb7058
ffffd9aaad40
ffffda59ea28
ffffdb092710
ffffdbb863f8
ffffdc67a0e0
ffffdd16ddc8
ffffddc61ab0
ffffde755798
ffffdf249480
ffffdfd3d168
ffffe0830e50
ffffe1324b38
ffffe1e18820
ffffe290c508
ffffe34001f0
ffffe3ef3ed8
ffffe49e7bc0
ffffe54db8a8
ffffe5fcf590
ffffe6ac3278
ffffe75b6f60
ffffe80aac48
ffffe8b9e930
ffffe9692618
ffffea186300
ffffeac79fe8
ffffeb76dcd0
ffffec2619b8
ffffecd556a0
ffffed849388
ffffee33d070
ffffeee30d58
ffffef924a40
fffff0418728
fffff0f0c410
fffff1a000f8
fffff24f3de0
fffff2fe7ac8
fffff3adb7b0
fffff45cf498
fffff50c3180
fffff5bb6e68
fffff66aab50
fffff719e838
fffff7c92520
fffff8786208
fffff9279ef0
fffff9d6dbd8
fffffa8618c0
fffffb3555a8
fffffbe49290
fffffc93cf78
fffffd430c60
fffffdf24948
fffffea18630
ffffff50c318
000000000000
000000af3ce8
0000015e79d0
0000020db6b8
000002bcf3a0
0000036c3088
0000041b6d70
000004caaa58
00000579e740
000006292428
000006d86110
000007879df8
00000836dae0
000008e617c8
0000099554b0
00000a449198
00000af3ce80
00000ba30b68
00000c524850
00000d018538
00000db0c220
00000e5fff08
00000f0f3bf0
00000fbe78d8
0000106db5c0
0000111cf2a8
000011cc2f90
0000127b6c78
0000132aa960
000013d9e648
000014892330
000015386018
000015e79d00
00001696d9e8
0000174616d0
000017f553b8
000018a490a0
00001953cd88
00001a030a70
00001ab24758
00001b618440
00001c10c128
00001cbffe10
00001d6f3af8
00001e1e77e0
00001ecdb4c8
00001f7cf1b0
0000202c2e98
000020db6b80
0000218aa868
00002239e550
000022e92238
000023985f20
000024479c08
000024f6d8f0
000025a615d8
0000265552c0
000027048fa8
000027b3cc90
000028630978
000029124660
000029c18348
00002a70c030
00002b1ffd18
00002bcf3a00
00002c7e76e8
00002d2db3d0
00002ddcf0b8
00002e8c2da0
00002f3b6a88
00002feaa770
00003099e458
000031492140
000031f85e28
000032a79b10
00003356d7f8
0000340614e0
000034b551c8
000035648eb0
00003613cb98
000036c30880
000037724568
000038218250
000038d0bf38
0000397ffc20
00003a2f3908
00003ade75f0
00003b8db2d8
00003c3cefc0
00003cec2ca8
00003d9b6990
00003e4aa678
00003ef9e360
00003fa92048
000040585d30
000041079a18
000041b6d700
0000426613e8
0000431550d0
000043c48db8
00004473caa0
000045230788
000045d24470
000046818158
00004730be40
000047dffb28
0000488f3810
0000493e74f8
000049edb1e0
00004a9ceec8
00004b4c2bb0
00004bfb6898
00004caaa580
00004d59e268
00004e091f50
00004eb85c38
00004f679920
00005016d608
000050c612f0
000051754fd8
000052248cc0
000052d3c9a8
000053830690
000054324378
000054e18060
00005590bd48
0000563ffa30
000056ef3718
ffffa8618c00
ffffa910c8e8
ffffa9c005d0
ffffaa6f42b8
ffffab1e7fa0
ffffabcdbc88
ffffac7cf970
ffffad2c3658
ffffaddb7340
ffffae8ab028
ffffaf39ed10
ffffafe929f8
ffffb09866e0
ffffb147a3c8
ffffb1f6e0b0
ffffb2a61d98
ffffb3555a80
ffffb4049768
ffffb4b3d450
ffffb5631138
ffffb6124e20
ffffb6c18b08
ffffb770c7f0
ffffb82004d8
ffffb8cf41c0
ffffb97e7ea8
ffffba2dbb90
ffffbadcf878
ffffbb8c3560
ffffbc3b7248
ffffbceaaf30
ffffbd99ec18
ffffbe492900
ffffbef865e8
ffffbfa7a2d0
ffffc056dfb8
ffffc1061ca0
ffffc1b55988
ffffc2649670
ffffc313d358
ffffc3c31040
ffffc4724d28
ffffc5218a10
ffffc5d0c6f8
ffffc68003e0
ffffc72f40c8
ffffc7de7db0
ffffc88dba98
ffffc93cf780
ffffc9ec3468
ffffca9b7150
ffffcb4aae38
ffffcbf9eb20
ffffcca92808
ffffcd5864f0
ffffce07a1d8
ffffceb6dec0
ffffcf661ba8
ffffd0155890
ffffd0c49578
ffffd173d260
ffffd2230f48
ffffd2d24c30
ffffd3818918
ffffd430c600
ffffd4e002e8
ffffd58f3fd0
ffffd63e7cb8
ffffd6edb9a0
ffffd79cf688
ffffd84c3370
ffffd8fb7058
ffffd9aaad40
ffffda59ea28
ffffdb092710
ffffdbb863f8
ffffdc67a0e0
ffffdd16ddc8
ffffddc61ab0
ffffde755798
ffffdf249480
ffffdfd3d168
ffffe0830e50
ffffe1324b38
ffffe1e18820
ffffe290c508
ffffe34001f0
ffffe3ef3ed8
ffffe49e7bc0
ffffe54db8a8
ffffe5fcf590
ffffe6ac3278
ffffe75b6f60
ffffe80aac48
ffffe8b9e930
ffffe9692618
ffffea186300
ffffeac79fe8
ffffeb76dcd0
ffffec2619b8
ffffecd556a0
ffffed849388
ffffee33d070
ffffeee30d58
ffffef924a40
fffff0418728
fffff0f0c410
fffff1a000f8
fffff24f3de0
fffff2fe7ac8
fffff3adb7b0
fffff45cf498
fffff50c3180
fffff5bb6e68
fffff66aab50
fffff719e838
fffff7c92520
fffff8786208
fffff9279ef0
fffff9d6dbd8
fffffa8618c0
fffffb3555a8
fffffbe49290
fffffc93cf78
fffffd430c60
fffffdf24948
fffffea18630
ffffff50c318
000000000000
000000920816
00000124102c
000001b61842
000002482058
000002da286e
0000036c3084
000003fe389a
0000049040b0
0000052248c6
000005b450dc
0000064658f2
000006d86108
0000076a691e
000007fc7134
0000088e794a
000009208160
000009b28976
00000a44918c
00000ad699a2
00000b68a1b8
00000bfaa9ce
00000c8cb1e4
00000d1eb9fa
00000db0c210
00000e42ca26
00000ed4d23c
00000f66da52
00000ff8e268
0000108aea7e
0000111cf294
000011aefaaa
0000124102c0
000012d30ad6
0000136512ec
000013f71b02
000014892318
0000151b2b2e
000015ad3344
0000163f3b5a
000016d14370
000017634b86
000017f5539c
000018875bb2
0000191963c8
000019ab6bde
00001a3d73f4
00001acf7c0a
00001b618420
00001bf38c36
00001c85944c
00001d179c62
00001da9a478
00001e3bac8e
00001ecdb4a4
00001f5fbcba
00001ff1c4d0
00002083cce6
00002115d4fc
000021a7dd12
00002239e528
000022cbed3e
0000235df554
000023effd6a
000024820580
000025140d96
000025a615ac
000026381dc2
000026ca25d8
0000275c2dee
000027ee3604
000028803e1a
000029124630
000029a44e46
00002a36565c
00002ac85e72
00002b5a6688
00002bec6e9e
00002c7e76b4
00002d107eca
00002da286e0
00002e348ef6
00002ec6970c
00002f589f22
00002feaa738
0000307caf4e
0000310eb764
000031a0bf7a
00003232c790
000032c4cfa6
00003356d7bc
000033e8dfd2
0000347ae7e8
0000350ceffe
0000359ef814
00003631002a
000036c30840
000037551056
000037e7186c
000038792082
0000390b2898
0000399d30ae
00003a2f38c4
00003ac140da
00003b5348f0
00003be55106
00003c77591c
00003d096132
00003d9b6948
00003e2d715e
00003ebf7974
00003f51818a
00003fe389a0
0000407591b6
0000410799cc
00004199a1e2
0000422ba9f8
000042bdb20e
0000434fba24
000043e1c23a
00004473ca50
00004505d266
00004597da7c
00004629e292
000046bbeaa8
0000474df2be
000047dffad4
0000487202ea
ffffb6fbf500
ffffb78dfd16
ffffb820052c
ffffb8b20d42
ffffb9441558
ffffb9d61d6e
ffffba682584
ffffbafa2d9a
ffffbb8c35b0
ffffbc1e3dc6
ffffbcb045dc
ffffbd424df2
ffffbdd45608
ffffbe665e1e
ffffbef86634
ffffbf8a6e4a
ffffc01c7660
ffffc0ae7e76
ffffc140868c
ffffc1d28ea2
ffffc26496b8
ffffc2f69ece
ffffc388a6e4
ffffc41aaefa
ffffc4acb710
ffffc53ebf26
ffffc5d0c73c
ffffc662cf52
ffffc6f4d768
ffffc786df7e
ffffc818e794
ffffc8aaefaa
ffffc93cf7c0
ffffc9ceffd6
ffffca6107ec
ffffcaf31002
ffffcb851818
ffffcc17202e
ffffcca92844
ffffcd3b305a
ffffcdcd3870
ffffce5f4086
ffffcef1489c
ffffcf8350b2
ffffd01558c8
ffffd0a760de
ffffd13968f4
ffffd1cb710a
ffffd25d7920
ffffd2ef8136
ffffd381894c
ffffd4139162
ffffd4a59978
ffffd537a18e
ffffd5c9a9a4
ffffd65bb1ba
ffffd6edb9d0
ffffd77fc1e6
ffffd811c9fc
ffffd8a3d212
ffffd935da28
ffffd9c7e23e
ffffda59ea54
ffffdaebf26a
ffffdb7dfa80
ffffdc100296
ffffdca20aac
ffffdd3412c2
ffffddc61ad8
ffffde5822ee
ffffdeea2b04
ffffdf7c331a
ffffe00e3b30
ffffe0a04346
ffffe1324b5c
ffffe1c45372
ffffe2565b88
ffffe2e8639e
ffffe37a6bb4
ffffe40c73ca
ffffe49e7be0
ffffe53083f6
ffffe5c28c0c
ffffe6549422
ffffe6e69c38
ffffe778a44e
ffffe80aac64
ffffe89cb47a
ffffe92ebc90
ffffe9c0c4a6
ffffea52ccbc
ffffeae4d4d2
ffffeb76dce8
ffffec08e4fe
ffffec9aed14
ffffed2cf52a
ffffedbefd40
ffffee510556
ffffeee30d6c
ffffef751582
fffff0071d98
fffff09925ae
fffff12b2dc4
fffff1bd35da
fffff24f3df0
fffff2e14606
fffff3734e1c
fffff4055632
fffff4975e48
fffff529665e
fffff5bb6e74
fffff64d768a
fffff6df7ea0
fffff77186b6
fffff8038ecc
fffff89596e2
fffff9279ef8
fffff9b9a70e
fffffa4baf24
fffffaddb73a
fffffb6fbf50
fffffc01c766
fffffc93cf7c
fffffd25d792
fffffdb7dfa8
fffffe49e7be
fffffedbefd4
ffffff6df7ea
000000000000
000000af3ce8
0000015e79d0
0000020db6b8
000002bcf3a0
0000036c3088
0000041b6d70
000004caaa58
00000579e740
000006292428
000006d86110
000007879df8
00000836dae0
000008e617c8
0000099554b0
00000a449198
00000af3ce80
00000ba30b68
00000c524850
00000d018538
00000db0c220
00000e5fff08
00000f0f3bf0
00000fbe78d8
0000106db5c0
0000111cf2a8
000011cc2f90
0000127b6c78
0000132aa960
000013d9e648
000014892330
000015386018
000015e79d00
00001696d9e8
0000174616d0
000017f553b8
000018a490a0
00001953cd88
00001a030a70
00001ab24758
00001b618440
00001c10c128
00001cbffe10
00001d6f3af8
00001e1e77e0
00001ecdb4c8
00001f7cf1b0
0000202c2e98
000020db6b80
0000218aa868
00002239e550
000022e92238
000023985f20
000024479c08
000024f6d8f0
000025a615d8
0000265552c0
000027048fa8
000027b3cc90
000028630978
000029124660
000029c18348
00002a70c030
00002b1ffd18
00002bcf3a00
00002c7e76e8
00002d2db3d0
00002ddcf0b8
00002e8c2da0
00002f3b6a88
00002feaa770
00003099e458
000031492140
000031f85e28
000032a79b10
00003356d7f8
0000340614e0
000034b551c8
000035648eb0
00003613cb98
000036c30880
000037724568
000038218250
000038d0bf38
0000397ffc20
00003a2f3908
00003ade75f0
00003b8db2d8
00003c3cefc0
00003cec2ca8
00003d9b6990
00003e4aa678
00003ef9e360
00003fa92048
000040585d30
000041079a18
000041b6d700
0000426613e8
0000431550d0
000043c48db8
00004473caa0
000045230788
000045d24470
000046818158
00004730be40
000047dffb28
0000488f3810
0000493e74f8
000049edb1e0
00004a9ceec8
00004b4c2bb0
00004bfb6898
00004caaa580
00004d59e268
00004e091f50
00004eb85c38
00004f679920
00005016d608
000050c612f0
000051754fd8
000052248cc0
000052d3c9a8
000053830690
000054324378
000054e18060
00005590bd48
0000563ffa30
000056ef3718
ffffa8618c00
ffffa910c8e8
ffffa9c005d0
ffffaa6f42b8
ffffab1e7fa0
ffffabcdbc88
ffffac7cf970
ffffad2c3658
ffffaddb7340
ffffae8ab028
ffffaf39ed10
ffffafe929f8
ffffb09866e0
ffffb147a3c8
ffffb1f6e0b0
ffffb2a61d98
ffffb3555a80
ffffb4049768
ffffb4b3d450
ffffb5631138
ffffb6124e20
ffffb6c18b08
ffffb770c7f0
ffffb82004d8
ffffb8cf41c0
ffffb97e7ea8
ffffba2dbb90
ffffbadcf878
ffffbb8c3560
ffffbc3b7248
ffffbceaaf30
ffffbd99ec18
ffffbe492900
ffffbef865e8
ffffbfa7a2d0
ffffc056dfb8
ffffc1061ca0
ffffc1b55988
ffffc2649670
ffffc313d358
ffffc3c31040
ffffc4724d28
ffffc5218a10
ffffc5d0c6f8
ffffc68003e0
ffffc72f40c8
ffffc7de7db0
ffffc88dba98
ffffc93cf780
ffffc9ec3468
ffffca9b7150
ffffcb4aae38
ffffcbf9eb20
ffffcca92808
ffffcd5864f0
ffffce07a1d8
ffffceb6dec0
ffffcf661ba8
ffffd0155890
ffffd0c49578
ffffd173d260
ffffd2230f48
ffffd2d24c30
ffffd3818918
ffffd430c600
ffffd4e002e8
ffffd58f3fd0
ffffd63e7cb8
ffffd6edb9a0
ffffd79cf688
ffffd84c3370
ffffd8fb7058
ffffd9aaad40
ffffda59ea28
ffffdb092710
ffffdbb863f8
ffffdc67a0e0
ffffdd16ddc8
ffffddc61ab0
ffffde755798
ffffdf249480
ffffdfd3d168
ffffe0830e50
ffffe1324b38
ffffe1e18820
ffffe290c508
ffffe34001f0
ffffe3ef3ed8
ffffe49e7bc0
ffffe54db8a8
ffffe5fcf590
ffffe6ac3278
ffffe75b6f60
ffffe80aac48
ffffe8b9e930
ffffe9692618
ffffea186300
ffffeac79fe8
ffffeb76dcd0
ffffec2619b8
ffffecd556a0
ffffed849388
ffffee33d070
ffffeee30d58
ffffef924a40
fffff0418728
fffff0f0c410
fffff1a000f8
fffff24f3de0
fffff2fe7ac8
fffff3adb7b0
fffff45cf498
fffff50c3180
fffff5bb6e68
fffff66aab50
fffff719e838
fffff7c92520
fffff8786208
fffff9279ef0
fffff9d6dbd8
fffffa8618c0
fffffb3555a8
fffffbe49290
fffffc93cf78
fffffd430c60
fffffdf24948
fffffea18630
ffffff50c318
000000000000
000000af3ce8
0000015e79d0
0000020db6b8
000002bcf3a0
0000036c3088
0000041b6d70
000004caaa58
00000579e740
000006292428
000006d86110
000007879df8
00000836dae0
000008e617c8
0000099554b0
00000a449198
00000af3ce80
00000ba30b68
00000c524850
00000d018538
00000db0c220
00000e5fff08
00000f0f3bf0
00000fbe78d8
0000106db5c0
0000111cf2a8
000011cc2f90
0000127b6c78
0000132aa960
000013d9e648
000014892330
000015386018
000015e79d00
00001696d9e8
0000174616d0
000017f553b8
000018a490a0
00001953cd88
00001a030a70
00001ab24758
00001b618440
00001c10c128
00001cbffe10
00001d6f3af8
00001e1e77e0
00001ecdb4c8
00001f7cf1b0
0000202c2e98
000020db6b80
0000218aa868
00002239e550
000022e92238
000023985f20
000024479c08
000024f6d8f0
000025a615d8
0000265552c0
000027048fa8
000027b3cc90
000028630978
000029124660
000029c18348
00002a70c030
00002b1ffd18
00002bcf3a00
00002c7e76e8
00002d2db3d0
00002ddcf0b8
00002e8c2da0
00002f3b6a88
00002feaa770
00003099e458
000031492140
000031f85e28
000032a79b10
00003356d7f8
0000340614e0
000034b551c8
000035648eb0
00003613cb98
000036c30880
000037724568
000038218250
000038d0bf38
0000397ffc20
00003a2f3908
00003ade75f0
00003b8db2d8
00003c3cefc0
00003cec2ca8
00003d9b6990
00003e4aa678
00003ef9e360
00003fa92048
000040585d30
000041079a18
000041b6d700
0000426613e8
0000431550d0
000043c48db8
00004473caa0
000045230788
000045d24470
000046818158
00004730be40
000047dffb28
0000488f3810
0000493e74f8
000049edb1e0
00004a9ceec8
00004b4c2bb0
00004bfb6898
00004caaa580
00004d59e268
00004e091f50
00004eb85c38
00004f679920
00005016d608
000050c612f0
000051754fd8
000052248cc0
000052d3c9a8
000053830690
000054324378
000054e18060
00005590bd48
0000563ffa30
000056ef3718
ffffa8618c00
ffffa910c8e8
ffffa9c005d0
ffffaa6f42b8
ffffab1e7fa0
ffffabcdbc88
ffffac7cf970
ffffad2c3658
ffffaddb7340
ffffae8ab028
ffffaf39ed10
ffffafe929f8
ffffb09866e0
ffffb147a3c8
ffffb1f6e0b0
ffffb2a61d98
ffffb3555a80
ffffb4049768
ffffb4b3d450
ffffb5631138
ffffb6124e20
ffffb6c18b08
ffffb770c7f0
ffffb82004d8
ffffb8cf41c0
ffffb97e7ea8
ffffba2dbb90
ffffbadcf878
ffffbb8c3560
ffffbc3b7248
ffffbceaaf30
ffffbd99ec18
ffffbe492900
ffffbef865e8
ffffbfa7a2d0
ffffc056dfb8
ffffc1061ca0
ffffc1b55988
ffffc2649670
ffffc313d358
ffffc3c31040
ffffc4724d28
ffffc5218a10
ffffc5d0c6f8
ffffc68003e0
ffffc72f40c8
ffffc7de7db0
ffffc88dba98
ffffc93cf780
ffffc9ec3468
ffffca9b7150
ffffcb4aae38
ffffcbf9eb20
ffffcca92808
ffffcd5864f0
ffffce07a1d8
ffffceb6dec0
ffffcf661ba8
ffffd0155890
ffffd0c49578
ffffd173d260
ffffd2230f48
ffffd2d24c30
ffffd3818918
ffffd430c600
ffffd4e002e8
ffffd58f3fd0
ffffd63e7cb8
ffffd6edb9a0
ffffd79cf688
ffffd84c3370
ffffd8fb7058
ffffd9aaad40
ffffda59ea28
ffffdb092710
ffffdbb863f8
ffffdc67a0e0
ffffdd16ddc8
ffffddc61ab0
ffffde755798
ffffdf249480
ffffdfd3d168
ffffe0830e50
ffffe1324b38
ffffe1e18820
ffffe290c508
ffffe34001f0
ffffe3ef3ed8
ffffe49e7bc0
ffffe54db8a8
ffffe5fcf590
ffffe6ac3278
ffffe75b6f60
ffffe80aac48
ffffe8b9e930
ffffe9692618
ffffea186300
ffffeac79fe8
ffffeb76dcd0
ffffec2619b8
ffffecd556a0
ffffed849388
ffffee33d070
ffffeee30d58
ffffef924a40
fffff0418728
fffff0f0c410
fffff1a000f8
fffff24f3de0
fffff2fe7ac8
fffff3adb7b0
fffff45cf498
fffff50c3180
fffff5bb6e68
fffff66aab50
fffff719e838
fffff7c92520
fffff8786208
fffff9279ef0
fffff9d6dbd8
fffffa8618c0
fffffb3555a8
fffffbe49290
fffffc93cf78
fffffd430c60
fffffdf24948
fffffea18630
ffffff50c318
000000000000
000000af3ce8
0000015e79d0
0000020db6b8
000002bcf3a0
0000036c3088
0000041b6d70
000004caaa58
00000579e740
000006292428
000006d86110
000007879df8
00000836dae0
000008e617c8
0000099554b0
00000a449198
00000af3ce80
00000ba30b68
00000c524850
00000d018538
00000db0c220
00000e5fff08
00000f0f3bf0
00000fbe78d8
0000106db5c0
0000111cf2a8
000011cc2f90
0000127b6c78
0000132aa960
000013d9e648
000014892330
000015386018
000015e79d00
00001696d9e8
0000174616d0
000017f553b8
000018a490a0
00001953cd88
00001a030a70
00001ab24758
00001b618440
00001c10c128
00001cbffe10
00001d6f3af8
00001e1e77e0
00001ecdb4c8
00001f7cf1b0
0000202c2e98
000020db6b80
0000218aa868
00002239e550
000022e92238
000023985f20
000024479c08
000024f6d8f0
000025a615d8
0000265552c0
000027048fa8
000027b3cc90
000028630978
000029124660
000029c18348
00002a70c030
00002b1ffd18
00002bcf3a00
00002c7e76e8
00002d2db3d0
00002ddcf0b8
00002e8c2da0
00002f3b6a88
00002feaa770
00003099e458
000031492140
000031f85e28
000032a79b10
00003356d7f8
0000340614e0
000034b551c8
000035648eb0
00003613cb98
000036c30880
000037724568
000038218250
000038d0bf38
0000397ffc20
00003a2f3908
00003ade75f0
00003b8db2d8
00003c3cefc0
00003cec2ca8
00003d9b6990
00003e4aa678
00003ef9e360
00003fa92048
000040585d30
000041079a18
000041b6d700
0000426613e8
0000431550d0
000043c48db8
00004473caa0
000045230788
000045d24470
000046818158
00004730be40
000047dffb28
0000488f3810
0000493e74f8
000049edb1e0
00004a9ceec8
00004b4c2bb0
00004bfb6898
00004caaa580
00004d59e268
00004e091f50
00004eb85c38
00004f679920
00005016d608
000050c612f0
000051754fd8
000052248cc0
000052d3c9a8
000053830690
000054324378
000054e18060
00005590bd48
0000563ffa30
000056ef3718
ffffa8618c00
ffffa910c8e8
ffffa9c005d0
ffffaa6f42b8
ffffab1e7fa0
ffffabcdbc88
ffffac7cf970
ffffad2c3658
ffffaddb7340
ffffae8ab028
ffffaf39ed10
ffffafe929f8
ffffb09866e0
ffffb147a3c8
ffffb1f6e0b0
ffffb2a61d98
ffffb3555a80
ffffb4049768
ffffb4b3d450
ffffb5631138
ffffb6124e20
ffffb6c18b08
ffffb770c7f0
ffffb82004d8
ffffb8cf41c0
ffffb97e7ea8
ffffba2dbb90
ffffbadcf878
ffffbb8c3560
ffffbc3b7248
ffffbceaaf30
ffffbd99ec18
ffffbe492900
ffffbef865e8
ffffbfa7a2d0
ffffc056dfb8
ffffc1061ca0
ffffc1b55988
ffffc2649670
ffffc313d358
ffffc3c31040
ffffc4724d28
ffffc5218a10
ffffc5d0c6f8
ffffc68003e0
ffffc72f40c8
ffffc7de7db0
ffffc88dba98
ffffc93cf780
ffffc9ec3468
ffffca9b7150
ffffcb4aae38
ffffcbf9eb20
ffffcca92808
ffffcd5864f0
ffffce07a1d8
ffffceb6dec0
ffffcf661ba8
ffffd0155890
ffffd0c49578
ffffd173d260
ffffd2230f48
ffffd2d24c30
ffffd3818918
ffffd430c600
ffffd4e002e8
ffffd58f3fd0
ffffd63e7cb8
ffffd6edb9a0
ffffd79cf688
ffffd84c3370
ffffd8fb7058
ffffd9aaad40
ffffda59ea28
ffffdb092710
ffffdbb863f8
ffffdc67a0e0
ffffdd16ddc8
ffffddc61ab0
ffffde755798
ffffdf249480
ffffdfd3d168
ffffe0830e50
ffffe1324b38
ffffe1e18820
ffffe290c508
ffffe34001f0
ffffe3ef3ed8
ffffe49e7bc0
ffffe54db8a8
ffffe5fcf590
ffffe6ac3278
ffffe75b6f60
ffffe80aac48
ffffe8b9e930
ffffe9692618
ffffea186300
ffffeac79fe8
ffffeb76dcd0
ffffec2619b8
ffffecd556a0
ffffed849388
ffffee33d070
ffffeee30d58
ffffef924a40
fffff0418728
fffff0f0c410
fffff1a000f8
fffff24f3de0
fffff2fe7ac8
fffff3adb7b0
fffff45cf498
fffff50c3180
fffff5bb6e68
fffff66aab50
fffff719e838
fffff7c92520
fffff8786208
fffff9279ef0
fffff9d6dbd8
fffffa8618c0
fffffb3555a8
fffffbe49290
fffffc93cf78
fffffd430c60
fffffdf24948
fffffea18630
ffffff50c318
000000000000
000000af3ce8
0000015e79d0
0000020db6b8
000002bcf3a0
0000036c3088
0000041b6d70
000004caaa58
00000579e740
000006292428
000006d86110
000007879df8
00000836dae0
000008e617c8
0000099554b0
00000a449198
00000af3ce80
00000ba30b68
00000c524850
00000d018538
00000db0c220
00000e5fff08
00000f0f3bf0
00000fbe78d8
0000106db5c0
0000111cf2a8
000011cc2f90
0000127b6c78
0000132aa960
000013d9e648
000014892330
000015386018
000015e79d00
00001696d9e8
0000174616d0
000017f553b8
000018a490a0
00001953cd88
00001a030a70
00001ab24758
00001b618440
00001c10c128
00001cbffe10
00001d6f3af8
00001e1e77e0
00001ecdb4c8
00001f7cf1b0
0000202c2e98
000020db6b80
0000218aa868
00002239e550
000022e92238
000023985f20
000024479c08
000024f6d8f0
000025a615d8
0000265552c0
000027048fa8
000027b3cc90
000028630978
000029124660
000029c18348
00002a70c030
00002b1ffd18
00002bcf3a00
00002c7e76e8
00002d2db3d0
00002ddcf0b8
00002e8c2da0
00002f3b6a88
00002feaa770
00003099e458
000031492140
000031f85e28
000032a79b10
00003356d7f8
0000340614e0
000034b551c8
000035648eb0
00003613cb98
000036c30880
000037724568
000038218250
000038d0bf38
0000397ffc20
00003a2f3908
00003ade75f0
00003b8db2d8
00003c3cefc0
00003cec2ca8
00003d9b6990
00003e4aa678
00003ef9e360
00003fa92048
000040585d30
000041079a18
000041b6d700
0000426613e8
0000431550d0
000043c48db8
00004473caa0
000045230788
000045d24470
000046818158
00004730be40
000047dffb28
0000488f3810
0000493e74f8
000049edb1e0
00004a9ceec8
00004b4c2bb0
00004bfb6898
00004caaa580
00004d59e268
00004e091f50
00004eb85c38
00004f679920
00005016d608
000050c612f0
000051754fd8
000052248cc0
000052d3c9a8
000053830690
000054324378
000054e18060
00005590bd48
0000563ffa30
000056ef3718
ffffa8618c00
ffffa910c8e8
ffffa9c005d0
ffffaa6f42b8
ffffab1e7fa0
ffffabcdbc88
ffffac7cf970
ffffad2c3658
ffffaddb7340
ffffae8ab028
ffffaf39ed10
ffffafe929f8
ffffb09866e0
ffffb147a3c8
ffffb1f6e0b0
ffffb2a61d98
ffffb3555a80
ffffb4049768
ffffb4b3d450
ffffb5631138
ffffb6124e20
ffffb6c18b08
ffffb770c7f0
ffffb82004d8
ffffb8cf41c0
ffffb97e7ea8
ffffba2dbb90
ffffbadcf878
ffffbb8c3560
ffffbc3b7248
ffffbceaaf30
ffffbd99ec18
ffffbe492900
ffffbef865e8
ffffbfa7a2d0
ffffc056dfb8
ffffc1061ca0
ffffc1b55988
ffffc2649670
ffffc313d358
ffffc3c31040
ffffc4724d28
ffffc5218a10
ffffc5d0c6f8
ffffc68003e0
ffffc72f40c8
ffffc7de7db0
ffffc88dba98
ffffc93cf780
ffffc9ec3468
ffffca9b7150
ffffcb4aae38
ffffcbf9eb20
ffffcca92808
ffffcd5864f0
ffffce07a1d8
ffffceb6dec0
ffffcf661ba8
ffffd0155890
ffffd0c49578
ffffd173d260
ffffd2230f48
ffffd2d24c30
ffffd3818918
ffffd430c600
ffffd4e002e8
ffffd58f3fd0
ffffd63e7cb8
ffffd6edb9a0
ffffd79cf688
ffffd84c3370
ffffd8fb7058
ffffd9aaad40
ffffda59ea28
ffffdb092710
ffffdbb863f8
ffffdc67a0e0
ffffdd16ddc8
ffffddc61ab0
ffffde755798
ffffdf249480
ffffdfd3d168
ffffe0830e50
ffffe1324b38
ffffe1e18820
ffffe290c508
ffffe34001f0
ffffe3ef3ed8
ffffe49e7bc0
ffffe54db8a8
ffffe5fcf590
ffffe6ac3278
ffffe75b6f60
ffffe80aac48
ffffe8b9e930
ffffe9692618
ffffea186300
ffffeac79fe8
ffffeb76dcd0
ffffec2619b8
ffffecd556a0
ffffed849388
ffffee33d070
ffffeee30d58
ffffef924a40
fffff0418728
fffff0f0c410
fffff1a000f8
fffff24f3de0
fffff2fe7ac8
fffff3adb7b0
fffff45cf498
fffff50c3180
fffff5bb6e68
fffff66aab50
fffff719e838
fffff7c92520
fffff8786208
fffff9279ef0
fffff9d6dbd8
fffffa8618c0
fffffb3555a8
fffffbe49290
fffffc93cf78
fffffd430c60
fffffdf24948
fffffea18630
ffffff50c318
000000000000
000000af3ce8
0000015e79d0
0000020db6b8
000002bcf3a0
0000036c3088
0000041b6d70
000004caaa58
00000579e740
000006292428
000006d86110
000007879df8
00000836dae0
000008e617c8
0000099554b0
00000a449198
00000af3ce80
00000ba30b68
00000c524850
00000d018538
00000db0c220
00000e5fff08
00000f0f3bf0
00000fbe78d8
0000106db5c0
0000111cf2a8
000011cc2f90
0000127b6c78
0000132aa960
000013d9e648
000014892330
000015386018
000015e79d00
00001696d9e8
0000174616d0
000017f553b8
000018a490a0
00001953cd88
00001a030a70
00001ab24758
00001b618440
00001c10c128
00001cbffe10
00001d6f3af8
00001e1e77e0
00001ecdb4c8
00001f7cf1b0
0000202c2e98
000020db6b80
0000218aa868
00002239e550
000022e92238
000023985f20
000024479c08
000024f6d8f0
000025a615d8
0000265552c0
000027048fa8
000027b3cc90
000028630978
000029124660
000029c18348
00002a70c030
00002b1ffd18
00002bcf3a00
00002c7e76e8
00002d2db3d0
00002ddcf0b8
00002e8c2da0
00002f3b6a88
00002feaa770
00003099e458
000031492140
000031f85e28
000032a79b10
00003356d7f8
0000340614e0
000034b551c8
000035648eb0
00003613cb98
000036c30880
000037724568
000038218250
000038d0bf38
0000397ffc20
00003a2f3908
00003ade75f0
00003b8db2d8
00003c3cefc0
00003cec2ca8
00003d9b6990
00003e4aa678
00003ef9e360
00003fa92048
000040585d30
000041079a18
000041b6d700
0000426613e8
0000431550d0
000043c48db8
00004473caa0
000045230788
000045d24470
000046818158
00004730be40
000047dffb28
0000488f3810
0000493e74f8
000049edb1e0
00004a9ceec8
00004b4c2bb0
00004bfb6898
00004caaa580
00004d59e268
00004e091f50
00004eb85c38
00004f679920
00005016d608
000050c612f0
000051754fd8
000052248cc0
000052d3c9a8
000053830690
000054324378
000054e18060
00005590bd48
0000563ffa30
000056ef3718
ffffa8618c00
ffffa910c8e8
ffffa9c005d0
ffffaa6f42b8
ffffab1e7fa0
ffffabcdbc88
ffffac7cf970
ffffad2c3658
ffffaddb7340
ffffae8ab028
ffffaf39ed10
ffffafe929f8
ffffb09866e0
ffffb147a3c8
ffffb1f6e0b0
ffffb2a61d98
ffffb3555a80
ffffb4049768
ffffb4b3d450
ffffb5631138
ffffb6124e20
ffffb6c18b08
ffffb770c7f0
ffffb82004d8
ffffb8cf41c0
ffffb97e7ea8
ffffba2dbb90
ffffbadcf878
ffffbb8c3560
ffffbc3b7248
ffffbceaaf30
ffffbd99ec18
ffffbe492900
ffffbef865e8
ffffbfa7a2d0
ffffc056dfb8
ffffc1061ca0
ffffc1b55988
ffffc2649670
ffffc313d358
ffffc3c31040
ffffc4724d28
ffffc5218a10
ffffc5d0c6f8
ffffc68003e0
ffffc72f40c8
ffffc7de7db0
ffffc88dba98
ffffc93cf780
ffffc9ec3468
ffffca9b7150
ffffcb4aae38
ffffcbf9eb20
ffffcca92808
ffffcd5864f0
ffffce07a1d8
ffffceb6dec0
ffffcf661ba8
ffffd0155890
ffffd0c49578
ffffd173d260
ffffd2230f48
ffffd2d24c30
ffffd3818918
ffffd430c600
ffffd4e002e8
ffffd58f3fd0
ffffd63e7cb8
ffffd6edb9a0
ffffd79cf688
ffffd84c3370
ffffd8fb7058
ffffd9aaad40
ffffda59ea28
ffffdb092710
ffffdbb863f8
ffffdc67a0e0
ffffdd16ddc8
ffffddc61ab0
ffffde755798
ffffdf249480
ffffdfd3d168
ffffe0830e50
ffffe1324b38
ffffe1e18820
ffffe290c508
ffffe34001f0
ffffe3ef3ed8
ffffe49e7bc0
ffffe54db8a8
ffffe5fcf590
ffffe6ac3278
ffffe75b6f60
ffffe80aac48
ffffe8b9e930
ffffe9692618
ffffea186300
ffffeac79fe8
ffffeb76dcd0
ffffec2619b8
ffffecd556a0
ffffed849388
ffffee33d070
ffffeee30d58
ffffef924a40
fffff0418728
fffff0f0c410
fffff1a000f8
fffff24f3de0
fffff2fe7ac8
fffff3adb7b0
fffff45cf498
fffff50c3180
fffff5bb6e68
fffff66aab50
fffff719e838
fffff7c92520
fffff8786208
fffff9279ef0
fffff9d6dbd8
fffffa8618c0
fffffb3555a8
fffffbe49290
fffffc93cf78
fffffd430c60
fffffdf24948
fffffea18630
ffffff50c318
000000000000
000000af3ce8
0000015e79d0
0000020db6b8
000002bcf3a0
0000036c3088
0000041b6d70
000004caaa58
00000579e740
000006292428
000006d86110
000007879df8
00000836dae0
000008e617c8
0000099554b0
00000a449198
00000af3ce80
00000ba30b68
00000c524850
00000d018538
00000db0c220
00000e5fff08
00000f0f3bf0
00000fbe78d8
0000106db5c0
0000111cf2a8
000011cc2f90
0000127b6c78
0000132aa960
000013d9e648
000014892330
000015386018
000015e79d00
00001696d9e8
0000174616d0
000017f553b8
000018a490a0
00001953cd88
00001a030a70
00001ab24758
00001b618440
00001c10c128
00001cbffe10
00001d6f3af8
00001e1e77e0
00001ecdb4c8
00001f7cf1b0
0000202c2e98
000020db6b80
0000218aa868
00002239e550
000022e92238
000023985f20
000024479c08
000024f6d8f0
000025a615d8
0000265552c0
000027048fa8
000027b3cc90
000028630978
000029124660
000029c18348
00002a70c030
00002b1ffd18
00002bcf3a00
00002c7e76e8
00002d2db3d0
00002ddcf0b8
00002e8c2da0
00002f3b6a88
00002feaa770
00003099e458
000031492140
000031f85e28
000032a79b10
00003356d7f8
0000340614e0
000034b551c8
000035648eb0
00003613cb98
000036c30880
000037724568
000038218250
000038d0bf38
0000397ffc20
00003a2f3908
00003ade75f0
00003b8db2d8
00003c3cefc0
00003cec2ca8
00003d9b6990
00003e4aa678
00003ef9e360
00003fa92048
000040585d30
000041079a18
000041b6d700
0000426613e8
0000431550d0
000043c48db8
00004473caa0
000045230788
000045d24470
000046818158
00004730be40
000047dffb28
0000488f3810
0000493e74f8
000049edb1e0
00004a9ceec8
00004b4c2bb0
00004bfb6898
00004caaa580
00004d59e268
00004e091f50
00004eb85c38
00004f679920
00005016d608
000050c612f0
000051754fd8
000052248cc0
000052d3c9a8
000053830690
000054324378
000054e18060
00005590bd48
0000563ffa30
000056ef3718
ffffa8618c00
ffffa910c8e8
ffffa9c005d0
ffffaa6f42b8
ffffab1e7fa0
ffffabcdbc88
ffffac7cf970
ffffad2c3658
ffffaddb7340
ffffae8ab028
ffffaf39ed10
ffffafe929f8
ffffb09866e0
ffffb147a3c8
ffffb1f6e0b0
ffffb2a61d98
ffffb3555a80
ffffb4049768
ffffb4b3d450
ffffb5631138
ffffb6124e20
ffffb6c18b08
ffffb770c7f0
ffffb82004d8
ffffb8cf41c0
ffffb97e7ea8
ffffba2dbb90
ffffbadcf878
ffffbb8c3560
ffffbc3b7248
ffffbceaaf30
ffffbd99ec18
ffffbe492900
ffffbef865e8
ffffbfa7a2d0
ffffc056dfb8
ffffc1061ca0
ffffc1b55988
ffffc2649670
ffffc313d358
ffffc3c31040
ffffc4724d28
ffffc5218a10
ffffc5d0c6f8
ffffc68003e0
ffffc72f40c8
ffffc7de7db0
ffffc88dba98
ffffc93cf780
ffffc9ec3468
ffffca9b7150
ffffcb4aae38
ffffcbf9eb20
ffffcca92808
ffffcd5864f0
ffffce07a1d8
ffffceb6dec0
ffffcf661ba8
ffffd0155890
ffffd0c49578
ffffd173d260
ffffd2230f48
ffffd2d24c30
ffffd3818918
ffffd430c600
ffffd4e002e8
ffffd58f3fd0
ffffd63e7cb8
ffffd6edb9a0
ffffd79cf688
ffffd84c3370
ffffd8fb7058
ffffd9aaad40
ffffda59ea28
ffffdb092710
ffffdbb863f8
ffffdc67a0e0
ffffdd16ddc8
ffffddc61ab0
ffffde755798
ffffdf249480
ffffdfd3d168
ffffe0830e50
ffffe1324b38
ffffe1e18820
ffffe290c508
ffffe34001f0
ffffe3ef3ed8
ffffe49e7bc0
ffffe54db8a8
ffffe5fcf590
ffffe6ac3278
ffffe75b6f60
ffffe80aac48
ffffe8b9e930
ffffe9692618
ffffea186300
ffffeac79fe8
ffffeb76dcd0
ffffec2619b8
ffffecd556a0
ffffed849388
ffffee33d070
ffffeee30d58
ffffef924a40
fffff0418728
fffff0f0c410
fffff1a000f8
fffff24f3de0
fffff2fe7ac8
fffff3adb7b0
fffff45cf498
fffff50c3180
fffff5bb6e68
fffff66aab50
fffff719e838
fffff7c92520
fffff8786208
fffff9279ef0
fffff9d6dbd8
fffffa8618c0
fffffb3555a8
fffffbe49290
fffffc93cf78
fffffd430c60
fffffdf24948
fffffea18630
ffffff50c318
000000000000
000000af3ce8
0000015e79d0
0000020db6b8
000002bcf3a0
0000036c3088
0000041b6d70
000004caaa58
00000579e740
000006292428
000006d86110
000007879df8
00000836dae0
000008e617c8
0000099554b0
00000a449198
00000af3ce80
00000ba30b68
00000c524850
00000d018538
00000db0c220
00000e5fff08
00000f0f3bf0
00000fbe78d8
0000106db5c0
0000111cf2a8
000011cc2f90
0000127b6c78
0000132aa960
000013d9e648
000014892330
000015386018
000015e79d00
00001696d9e8
0000174616d0
000017f553b8
000018a490a0
00001953cd88
00001a030a70
00001ab24758
00001b618440
00001c10c128
00001cbffe10
00001d6f3af8
00001e1e77e0
00001ecdb4c8
00001f7cf1b0
0000202c2e98
000020db6b80
0000218aa868
00002239e550
000022e92238
000023985f20
000024479c08
000024f6d8f0
000025a615d8
0000265552c0
000027048fa8
000027b3cc90
000028630978
000029124660
000029c18348
00002a70c030
00002b1ffd18
00002bcf3a00
00002c7e76e8
00002d2db3d0
00002ddcf0b8
00002e8c2da0
00002f3b6a88
00002feaa770
00003099e458
000031492140
000031f85e28
000032a79b10
00003356d7f8
0000340614e0
000034b551c8
000035648eb0
00003613cb98
000036c30880
000037724568
000038218250
000038d0bf38
0000397ffc20
00003a2f3908
00003ade75f0
00003b8db2d8
00003c3cefc0
00003cec2ca8
00003d9b6990
00003e4aa678
00003ef9e360
00003fa92048
000040585d30
000041079a18
000041b6d700
0000426613e8
0000431550d0
000043c48db8
00004473caa0
000045230788
000045d24470
000046818158
00004730be40
000047dffb28
0000488f3810
0000493e74f8
000049edb1e0
00004a9ceec8
00004b4c2bb0
00004bfb6898
00004caaa580
00004d59e268
00004e091f50
00004eb85c38
00004f679920
00005016d608
000050c612f0
000051754fd8
000052248cc0
000052d3c9a8
000053830690
000054324378
000054e18060
00005590bd48
0000563ffa30
000056ef3718
ffffa8618c00
ffffa910c8e8
ffffa9c005d0
ffffaa6f42b8
ffffab1e7fa0
ffffabcdbc88
ffffac7cf970
ffffad2c3658
ffffaddb7340
ffffae8ab028
ffffaf39ed10
ffffafe929f8
ffffb09866e0
ffffb147a3c8
ffffb1f6e0b0
ffffb2a61d98
ffffb3555a80
ffffb4049768
ffffb4b3d450
ffffb5631138
ffffb6124e20
ffffb6c18b08
ffffb770c7f0
ffffb82004d8
ffffb8cf41c0
ffffb97e7ea8
ffffba2dbb90
ffffbadcf878
ffffbb8c3560
ffffbc3b7248
ffffbceaaf30
ffffbd99ec18
ffffbe492900
ffffbef865e8
ffffbfa7a2d0
ffffc056dfb8
ffffc1061ca0
ffffc1b55988
ffffc2649670
ffffc313d358
ffffc3c31040
ffffc4724d28
ffffc5218a10
ffffc5d0c6f8
ffffc68003e0
ffffc72f40c8
ffffc7de7db0
ffffc88dba98
ffffc93cf780
ffffc9ec3468
ffffca9b7150
ffffcb4aae38
ffffcbf9eb20
ffffcca92808
ffffcd5864f0
ffffce07a1d8
ffffceb6dec0
ffffcf661ba8
ffffd0155890
ffffd0c49578
ffffd173d260
ffffd2230f48
ffffd2d24c30
ffffd3818918
ffffd430c600
ffffd4e002e8
ffffd58f3fd0
ffffd63e7cb8
ffffd6edb9a0
ffffd79cf688
ffffd84c3370
ffffd8fb7058
ffffd9aaad40
ffffda59ea28
ffffdb092710
ffffdbb863f8
ffffdc67a0e0
ffffdd16ddc8
ffffddc61ab0
ffffde755798
ffffdf249480
ffffdfd3d168
ffffe0830e50
ffffe1324b38
ffffe1e18820
ffffe290c508
ffffe34001f0
ffffe3ef3ed8
ffffe49e7bc0
ffffe54db8a8
ffffe5fcf590
ffffe6ac3278
ffffe75b6f60
ffffe80aac48
ffffe8b9e930
ffffe9692618
ffffea186300
ffffeac79fe8
ffffeb76dcd0
ffffec2619b8
ffffecd556a0
ffffed849388
ffffee33d070
ffffeee30d58
ffffef924a40
fffff0418728
fffff0f0c410
fffff1a000f8
fffff24f3de0
fffff2fe7ac8
fffff3adb7b0
fffff45cf498
fffff50c3180
fffff5bb6e68
fffff66aab50
fffff719e838
fffff7c92520
fffff8786208
fffff9279ef0
fffff9d6dbd8
fffffa8618c0
fffffb3555a8
fffffbe49290
fffffc93cf78
fffffd430c60
fffffdf24948
fffffea18630
ffffff50c318
000000000000
000000920816
00000124102c
000001b61842
000002482058
000002da286e
0000036c3084
000003fe389a
0000049040b0
0000052248c6
000005b450dc
0000064658f2
000006d86108
0000076a691e
000007fc7134
0000088e794a
000009208160
000009b28976
00000a44918c
00000ad699a2
00000b68a1b8
00000bfaa9ce
00000c8cb1e4
00000d1eb9fa
00000db0c210
00000e42ca26
00000ed4d23c
00000f66da52
00000ff8e268
0000108aea7e
0000111cf294
000011aefaaa
0000124102c0
000012d30ad6
0000136512ec
000013f71b02
000014892318
0000151b2b2e
000015ad3344
0000163f3b5a
000016d14370
000017634b86
000017f5539c
000018875bb2
0000191963c8
000019ab6bde
00001a3d73f4
00001acf7c0a
00001b618420
00001bf38c36
00001c85944c
00001d179c62
00001da9a478
00001e3bac8e
00001ecdb4a4
00001f5fbcba
00001ff1c4d0
00002083cce6
00002115d4fc
000021a7dd12
00002239e528
000022cbed3e
0000235df554
000023effd6a
000024820580
000025140d96
000025a615ac
000026381dc2
000026ca25d8
0000275c2dee
000027ee3604
000028803e1a
000029124630
000029a44e46
00002a36565c
00002ac85e72
00002b5a6688
00002bec6e9e
00002c7e76b4
00002d107eca
00002da286e0
00002e348ef6
00002ec6970c
00002f589f22
00002feaa738
0000307caf4e
0000310eb764
000031a0bf7a
00003232c790
000032c4cfa6
00003356d7bc
000033e8dfd2
0000347ae7e8
0000350ceffe
0000359ef814
00003631002a
000036c30840
000037551056
000037e7186c
000038792082
0000390b2898
0000399d30ae
00003a2f38c4
00003ac140da
00003b5348f0
00003be55106
00003c77591c
00003d096132
00003d9b6948
00003e2d715e
00003ebf7974
00003f51818a
00003fe389a0
0000407591b6
0000410799cc
00004199a1e2
0000422ba9f8
000042bdb20e
0000434fba24
000043e1c23a
00004473ca50
00004505d266
00004597da7c
00004629e292
000046bbeaa8
0000474df2be
000047dffad4
0000487202ea
ffffb6fbf500
ffffb78dfd16
ffffb820052c
ffffb8b20d42
ffffb9441558
ffffb9d61d6e
ffffba682584
ffffbafa2d9a
ffffbb8c35b0
ffffbc1e3dc6
ffffbcb045dc
ffffbd424df2
ffffbdd45608
ffffbe665e1e
ffffbef86634
ffffbf8a6e4a
ffffc01c7660
ffffc0ae7e76
ffffc140868c
ffffc1d28ea2
ffffc26496b8
ffffc2f69ece
ffffc388a6e4
ffffc41aaefa
ffffc4acb710
ffffc53ebf26
ffffc5d0c73c
ffffc662cf52
ffffc6f4d768
ffffc786df7e
ffffc818e794
ffffc8aaefaa
ffffc93cf7c0
ffffc9ceffd6
ffffca6107ec
ffffcaf31002
ffffcb851818
ffffcc17202e
ffffcca92844
ffffcd3b305a
ffffcdcd3870
ffffce5f4086
ffffcef1489c
ffffcf8350b2
ffffd01558c8
ffffd0a760de
ffffd13968f4
ffffd1cb710a
ffffd25d7920
ffffd2ef8136
ffffd381894c
ffffd4139162
ffffd4a59978
ffffd537a18e
ffffd5c9a9a4
ffffd65bb1ba
ffffd6edb9d0
ffffd77fc1e6
ffffd811c9fc
ffffd8a3d212
ffffd935da28
ffffd9c7e23e
ffffda59ea54
ffffdaebf26a
ffffdb7dfa80
ffffdc100296
ffffdca20aac
ffffdd3412c2
ffffddc61ad8
ffffde5822ee
ffffdeea2b04
ffffdf7c331a
ffffe00e3b30
ffffe0a04346
ffffe1324b5c
ffffe1c45372
ffffe2565b88
ffffe2e8639e
ffffe37a6bb4
ffffe40c73ca
ffffe49e7be0
ffffe53083f6
ffffe5c28c0c
ffffe6549422
ffffe6e69c38
ffffe778a44e
ffffe80aac64
ffffe89cb47a
ffffe92ebc90
ffffe9c0c4a6
ffffea52ccbc
ffffeae4d4d2
ffffeb76dce8
ffffec08e4fe
ffffec9aed14
ffffed2cf52a
ffffedbefd40
ffffee510556
ffffeee30d6c
ffffef751582
fffff0071d98
fffff09925ae
fffff12b2dc4
fffff1bd35da
fffff24f3df0
fffff2e14606
fffff3734e1c
fffff4055632
fffff4975e48
fffff529665e
fffff5bb6e74
fffff64d768a
fffff6df7ea0
fffff77186b6
fffff8038ecc
fffff89596e2
fffff9279ef8
fffff9b9a70e
fffffa4baf24
fffffaddb73a
fffffb6fbf50
fffffc01c766
fffffc93cf7c
fffffd25d792
fffffdb7dfa8
fffffe49e7be
fffffedbefd4
ffffff6df7ea
000000000000
000000920816
00000124102c
000001b61842
000002482058
000002da286e
0000036c3084
000003fe389a
0000049040b0
0000052248c6
000005b450dc
0000064658f2
000006d86108
0000076a691e
000007fc7134
0000088e794a
000009208160
000009b28976
00000a44918c
00000ad699a2
00000b68a1b8
00000bfaa9ce
00000c8cb1e4
00000d1eb9fa
00000db0c210
00000e42ca26
00000ed4d23c
00000f66da52
00000ff8e268
0000108aea7e
0000111cf294
000011aefaaa
0000124102c0
000012d30ad6
0000136512ec
000013f71b02
000014892318
0000151b2b2e
000015ad3344
0000163f3b5a
000016d14370
000017634b86
000017f5539c
000018875bb2
0000191963c8
000019ab6bde
00001a3d73f4
00001acf7c0a
00001b618420
00001bf38c36
00001c85944c
00001d179c62
00001da9a478
00001e3bac8e
00001ecdb4a4
00001f5fbcba
00001ff1c4d0
00002083cce6
00002115d4fc
000021a7dd12
00002239e528
000022cbed3e
0000235df554
000023effd6a
000024820580
000025140d96
000025a615ac
000026381dc2
000026ca25d8
0000275c2dee
000027ee3604
000028803e1a
000029124630
000029a44e46
00002a36565c
00002ac85e72
00002b5a6688
00002bec6e9e
00002c7e76b4
00002d107eca
00002da286e0
00002e348ef6
00002ec6970c
00002f589f22
00002feaa738
0000307caf4e
0000310eb764
000031a0bf7a
00003232c790
000032c4cfa6
00003356d7bc
000033e8dfd2
0000347ae7e8
0000350ceffe
0000359ef814
00003631002a
000036c30840
000037551056
000037e7186c
000038792082
0000390b2898
0000399d30ae
00003a2f38c4
00003ac140da
00003b5348f0
00003be55106
00003c77591c
00003d096132
00003d9b6948
00003e2d715e
00003ebf7974
00003f51818a
00003fe389a0
0000407591b6
0000410799cc
00004199a1e2
0000422ba9f8
000042bdb20e
0000434fba24
000043e1c23a
00004473ca50
00004505d266
00004597da7c
00004629e292
000046bbeaa8
0000474df2be
000047dffad4
0000487202ea
ffffb6fbf500
ffffb78dfd16
ffffb820052c
ffffb8b20d42
ffffb9441558
ffffb9d61d6e
ffffba682584
ffffbafa2d9a
ffffbb8c35b0
ffffbc1e3dc6
ffffbcb045dc
ffffbd424df2
ffffbdd45608
ffffbe665e1e
ffffbef86634
ffffbf8a6e4a
ffffc01c7660
ffffc0ae7e76
ffffc140868c
ffffc1d28ea2
ffffc26496b8
ffffc2f69ece
ffffc388a6e4
ffffc41aaefa
ffffc4acb710
ffffc53ebf26
ffffc5d0c73c
ffffc662cf52
ffffc6f4d768
ffffc786df7e
ffffc818e794
ffffc8aaefaa
ffffc93cf7c0
ffffc9ceffd6
ffffca6107ec
ffffcaf31002
ffffcb851818
ffffcc17202e
ffffcca92844
ffffcd3b305a
ffffcdcd3870
ffffce5f4086
ffffcef1489c
ffffcf8350b2
ffffd01558c8
ffffd0a760de
ffffd13968f4
ffffd1cb710a
ffffd25d7920
ffffd2ef8136
ffffd381894c
ffffd4139162
ffffd4a59978
ffffd537a18e
ffffd5c9a9a4
ffffd65bb1ba
ffffd6edb9d0
ffffd77fc1e6
ffffd811c9fc
ffffd8a3d212
ffffd935da28
ffffd9c7e23e
ffffda59ea54
ffffdaebf26a
ffffdb7dfa80
ffffdc100296
ffffdca20aac
ffffdd3412c2
ffffddc61ad8
ffffde5822ee
ffffdeea2b04
ffffdf7c331a
ffffe00e3b30
ffffe0a04346
ffffe1324b5c
ffffe1c45372
ffffe2565b88
ffffe2e8639e
ffffe37a6bb4
ffffe40c73ca
ffffe49e7be0
ffffe53083f6
ffffe5c28c0c
ffffe6549422
ffffe6e69c38
ffffe778a44e
ffffe80aac64
ffffe89cb47a
ffffe92ebc90
ffffe9c0c4a6
ffffea52ccbc
ffffeae4d4d2
ffffeb76dce8
ffffec08e4fe
ffffec9aed14
ffffed2cf52a
ffffedbefd40
ffffee510556
ffffeee30d6c
ffffef751582
fffff0071d98
fffff09925ae
fffff12b2dc4
fffff1bd35da
fffff24f3df0
fffff2e14606
fffff3734e1c
fffff4055632
fffff4975e48
fffff529665e
fffff5bb6e74
fffff64d768a
fffff6df7ea0
fffff77186b6
fffff8038ecc
fffff89596e2
fffff9279ef8
fffff9b9a70e
fffffa4baf24
fffffaddb73a
fffffb6fbf50
fffffc01c766
fffffc93cf7c
fffffd25d792
fffffdb7dfa8
fffffe49e7be
fffffedbefd4
ffffff6df7ea
000000000000
000000920816
00000124102c
000001b61842
000002482058
000002da286e
0000036c3084
000003fe389a
0000049040b0
0000052248c6
000005b450dc
0000064658f2
000006d86108
0000076a691e
000007fc7134
0000088e794a
000009208160
000009b28976
00000a44918c
00000ad699a2
00000b68a1b8
00000bfaa9ce
00000c8cb1e4
00000d1eb9fa
00000db0c210
00000e42ca26
00000ed4d23c
00000f66da52
00000ff8e268
0000108aea7e
0000111cf294
000011aefaaa
0000124102c0
000012d30ad6
0000136512ec
000013f71b02
000014892318
0000151b2b2e
000015ad3344
0000163f3b5a
000016d14370
000017634b86
000017f5539c
000018875bb2
0000191963c8
000019ab6bde
00001a3d73f4
00001acf7c0a
00001b618420
00001bf38c36
00001c85944c
00001d179c62
00001da9a478
00001e3bac8e
00001ecdb4a4
00001f5fbcba
00001ff1c4d0
00002083cce6
00002115d4fc
000021a7dd12
00002239e528
000022cbed3e
0000235df554
000023effd6a
000024820580
000025140d96
000025a615ac
000026381dc2
000026ca25d8
0000275c2dee
000027ee3604
000028803e1a
000029124630
000029a44e46
00002a36565c
00002ac85e72
00002b5a6688
00002bec6e9e
00002c7e76b4
00002d107eca
00002da286e0
00002e348ef6
00002ec6970c
00002f589f22
00002feaa738
0000307caf4e
0000310eb764
000031a0bf7a
00003232c790
000032c4cfa6
00003356d7bc
000033e8dfd2
0000347ae7e8
0000350ceffe
0000359ef814
00003631002a
000036c30840
000037551056
000037e7186c
000038792082
0000390b2898
0000399d30ae
00003a2f38c4
00003ac140da
00003b5348f0
00003be55106
00003c77591c
00003d096132
00003d9b6948
00003e2d715e
00003ebf7974
00003f51818a
00003fe389a0
0000407591b6
0000410799cc
00004199a1e2
0000422ba9f8
000042bdb20e
0000434fba24
000043e1c23a
00004473ca50
00004505d266
00004597da7c
00004629e292
000046bbeaa8
0000474df2be
000047dffad4
0000487202ea
ffffb6fbf500
ffffb78dfd16
ffffb820052c
ffffb8b20d42
ffffb9441558
ffffb9d61d6e
ffffba682584
ffffbafa2d9a
ffffbb8c35b0
ffffbc1e3dc6
ffffbcb045dc
ffffbd424df2
ffffbdd45608
ffffbe665e1e
ffffbef86634
ffffbf8a6e4a
ffffc01c7660
ffffc0ae7e76
ffffc140868c
ffffc1d28ea2
ffffc26496b8
ffffc2f69ece
ffffc388a6e4
ffffc41aaefa
ffffc4acb710
ffffc53ebf26
ffffc5d0c73c
ffffc662cf52
ffffc6f4d768
ffffc786df7e
ffffc818e794
ffffc8aaefaa
ffffc93cf7c0
ffffc9ceffd6
ffffca6107ec
ffffcaf31002
ffffcb851818
ffffcc17202e
ffffcca92844
ffffcd3b305a
ffffcdcd3870
ffffce5f4086
ffffcef1489c
ffffcf8350b2
ffffd01558c8
ffffd0a760de
ffffd13968f4
ffffd1cb710a
ffffd25d7920
ffffd2ef8136
ffffd381894c
ffffd4139162
ffffd4a59978
ffffd537a18e
ffffd5c9a9a4
ffffd65bb1ba
ffffd6edb9d0
ffffd77fc1e6
ffffd811c9fc
ffffd8a3d212
ffffd935da28
ffffd9c7e23e
ffffda59ea54
ffffdaebf26a
ffffdb7dfa80
ffffdc100296
ffffdca20aac
ffffdd3412c2
ffffddc61ad8
ffffde5822ee
ffffdeea2b04
ffffdf7c331a
ffffe00e3b30
ffffe0a04346
ffffe1324b5c
ffffe1c45372
ffffe2565b88
ffffe2e8639e
ffffe37a6bb4
ffffe40c73ca
ffffe49e7be0
ffffe53083f6
ffffe5c28c0c
ffffe6549422
ffffe6e69c38
ffffe778a44e
ffffe80aac64
ffffe89cb47a
ffffe92ebc90
ffffe9c0c4a6
ffffea52ccbc
ffffeae4d4d2
ffffeb76dce8
ffffec08e4fe
ffffec9aed14
ffffed2cf52a
ffffedbefd40
ffffee510556
ffffeee30d6c
ffffef751582
fffff0071d98
fffff09925ae
fffff12b2dc4
fffff1bd35da
fffff24f3df0
fffff2e14606
fffff3734e1c
fffff4055632
fffff4975e48
fffff529665e
fffff5bb6e74
fffff64d768a
fffff6df7ea0
fffff77186b6
fffff8038ecc
fffff89596e2
fffff9279ef8
fffff9b9a70e
fffffa4baf24
fffffaddb73a
fffffb6fbf50
fffffc01c766
fffffc93cf7c
fffffd25d792
fffffdb7dfa8
fffffe49e7be
fffffedbefd4
ffffff6df7ea
000000000000
000000af3ce8
0000015e79d0
0000020db6b8
000002bcf3a0
0000036c3088
0000041b6d70
000004caaa58
00000579e740
000006292428
000006d86110
000007879df8
00000836dae0
000008e617c8
0000099554b0
00000a449198
00000af3ce80
00000ba30b68
00000c524850
00000d018538
00000db0c220
00000e5fff08
00000f0f3bf0
00000fbe78d8
0000106db5c0
0000111cf2a8
000011cc2f90
0000127b6c78
0000132aa960
000013d9e648
000014892330
000015386018
000015e79d00
00001696d9e8
0000174616d0
000017f553b8
000018a490a0
00001953cd88
00001a030a70
00001ab24758
00001b618440
00001c10c128
00001cbffe10
00001d6f3af8
00001e1e77e0
00001ecdb4c8
00001f7cf1b0
0000202c2e98
000020db6b80
0000218aa868
00002239e550
000022e92238
000023985f20
000024479c08
000024f6d8f0
000025a615d8
0000265552c0
000027048fa8
000027b3cc90
000028630978
000029124660
000029c18348
00002a70c030
00002b1ffd18
00002bcf3a00
00002c7e76e8
00002d2db3d0
00002ddcf0b8
00002e8c2da0
00002f3b6a88
00002feaa770
00003099e458
000031492140
000031f85e28
000032a79b10
00003356d7f8
0000340614e0
000034b551c8
000035648eb0
00003613cb98
000036c30880
000037724568
000038218250
000038d0bf38
0000397ffc20
00003a2f3908
00003ade75f0
00003b8db2d8
00003c3cefc0
00003cec2ca8
00003d9b6990
00003e4aa678
00003ef9e360
00003fa92048
000040585d30
000041079a18
000041b6d700
0000426613e8
0000431550d0
000043c48db8
00004473caa0
000045230788
000045d24470
000046818158
00004730be40
000047dffb28
0000488f3810
0000493e74f8
000049edb1e0
00004a9ceec8
00004b4c2bb0
00004bfb6898
00004caaa580
00004d59e268
00004e091f50
00004eb85c38
00004f679920
00005016d608
000050c612f0
000051754fd8
000052248cc0
000052d3c9a8
000053830690
000054324378
000054e18060
00005590bd48
0000563ffa30
000056ef3718
ffffa8618c00
ffffa910c8e8
ffffa9c005d0
ffffaa6f42b8
ffffab1e7fa0
ffffabcdbc88
ffffac7cf970
ffffad2c3658
ffffaddb7340
ffffae8ab028
ffffaf39ed10
ffffafe929f8
ffffb09866e0
ffffb147a3c8
ffffb1f6e0b0
ffffb2a61d98
ffffb3555a80
ffffb4049768
ffffb4b3d450
ffffb5631138
ffffb6124e20
ffffb6c18b08
ffffb770c7f0
ffffb82004d8
ffffb8cf41c0
ffffb97e7ea8
ffffba2dbb90
ffffbadcf878
ffffbb8c3560
ffffbc3b7248
ffffbceaaf30
ffffbd99ec18
ffffbe492900
ffffbef865e8
ffffbfa7a2d0
ffffc056dfb8
ffffc1061ca0
ffffc1b55988
ffffc2649670
ffffc313d358
ffffc3c31040
ffffc4724d28
ffffc5218a10
ffffc5d0c6f8
ffffc68003e0
ffffc72f40c8
ffffc7de7db0
ffffc88dba98
ffffc93cf780
ffffc9ec3468
ffffca9b7150
ffffcb4aae38
ffffcbf9eb20
ffffcca92808
ffffcd5864f0
ffffce07a1d8
ffffceb6dec0
ffffcf661ba8
ffffd0155890
ffffd0c49578
ffffd173d260
ffffd2230f48
ffffd2d24c30
ffffd3818918
ffffd430c600
ffffd4e002e8
ffffd58f3fd0
ffffd63e7cb8
ffffd6edb9a0
ffffd79cf688
ffffd84c3370
ffffd8fb7058
ffffd9aaad40
ffffda59ea28
ffffdb092710
ffffdbb863f8
ffffdc67a0e0
ffffdd16ddc8
ffffddc61ab0
ffffde755798
ffffdf249480
ffffdfd3d168
ffffe0830e50
ffffe1324b38
ffffe1e18820
ffffe290c508
ffffe34001f0
ffffe3ef3ed8
ffffe49e7bc0
ffffe54db8a8
ffffe5fcf590
ffffe6ac3278
ffffe75b6f60
ffffe80aac48
ffffe8b9e930
ffffe9692618
ffffea186300
ffffeac79fe8
ffffeb76dcd0
ffffec2619b8
ffffecd556a0
ffffed849388
ffffee33d070
ffffeee30d58
ffffef924a40
fffff0418728
fffff0f0c410
fffff1a000f8
fffff24f3de0
fffff2fe7ac8
fffff3adb7b0
fffff45cf498
fffff50c3180
fffff5bb6e68
fffff66aab50
fffff719e838
fffff7c92520
fffff8786208
fffff9279ef0
fffff9d6dbd8
fffffa8618c0
fffffb3555a8
fffffbe49290
fffffc93cf78
fffffd430c60
fffffdf24948
fffffea18630
ffffff50c318
000000000000
000000af3ce8
0000015e79d0
0000020db6b8
000002bcf3a0
0000036c3088
0000041b6d70
000004caaa58
00000579e740
000006292428
000006d86110
000007879df8
00000836dae0
000008e617c8
0000099554b0
00000a449198
00000af3ce80
00000ba30b68
00000c524850
00000d018538
00000db0c220
00000e5fff08
00000f0f3bf0
00000fbe78d8
0000106db5c0
0000111cf2a8
000011cc2f90
0000127b6c78
0000132aa960
000013d9e648
000014892330
000015386018
000015e79d00
00001696d9e8
0000174616d0
000017f553b8
000018a490a0
00001953cd88
00001a030a70
00001ab24758
00001b618440
00001c10c128
00001cbffe10
00001d6f3af8
00001e1e77e0
00001ecdb4c8
00001f7cf1b0
0000202c2e98
000020db6b80
0000218aa868
00002239e550
000022e92238
000023985f20
000024479c08
000024f6d8f0
000025a615d8
0000265552c0
000027048fa8
000027b3cc90
000028630978
000029124660
000029c18348
00002a70c030
00002b1ffd18
00002bcf3a00
00002c7e76e8
00002d2db3d0
00002ddcf0b8
00002e8c2da0
00002f3b6a88
00002feaa770
00003099e458
000031492140
000031f85e28
000032a79b10
00003356d7f8
0000340614e0
000034b551c8
000035648eb0
00003613cb98
000036c30880
000037724568
000038218250
000038d0bf38
0000397ffc20
00003a2f3908
00003ade75f0
00003b8db2d8
00003c3cefc0
00003cec2ca8
00003d9b6990
00003e4aa678
00003ef9e360
00003fa92048
000040585d30
000041079a18
000041b6d700
0000426613e8
0000431550d0
000043c48db8
00004473caa0
000045230788
000045d24470
000046818158
00004730be40
000047dffb28
0000488f3810
0000493e74f8
000049edb1e0
00004a9ceec8
00004b4c2bb0
00004bfb6898
00004caaa580
00004d59e268
00004e091f50
00004eb85c38
00004f679920
00005016d608
000050c612f0
000051754fd8
000052248cc0
000052d3c9a8
000053830690
000054324378
000054e18060
00005590bd48
0000563ffa30
000056ef3718
ffffa8618c00
ffffa910c8e8
ffffa9c005d0
ffffaa6f42b8
ffffab1e7fa0
ffffabcdbc88
ffffac7cf970
ffffad2c3658
ffffaddb7340
ffffae8ab028
ffffaf39ed10
ffffafe929f8
ffffb09866e0
ffffb147a3c8
ffffb1f6e0b0
ffffb2a61d98
ffffb3555a80
ffffb4049768
ffffb4b3d450
ffffb5631138
ffffb6124e20
ffffb6c18b08
ffffb770c7f0
ffffb82004d8
ffffb8cf41c0
ffffb97e7ea8
ffffba2dbb90
ffffbadcf878
ffffbb8c3560
ffffbc3b7248
ffffbceaaf30
ffffbd99ec18
ffffbe492900
ffffbef865e8
ffffbfa7a2d0
ffffc056dfb8
ffffc1061ca0
ffffc1b55988
ffffc2649670
ffffc313d358
ffffc3c31040
ffffc4724d28
ffffc5218a10
ffffc5d0c6f8
ffffc68003e0
ffffc72f40c8
ffffc7de7db0
ffffc88dba98
ffffc93cf780
ffffc9ec3468
ffffca9b7150
ffffcb4aae38
ffffcbf9eb20
ffffcca92808
ffffcd5864f0
ffffce07a1d8
ffffceb6dec0
ffffcf661ba8
ffffd0155890
ffffd0c49578
ffffd173d260
ffffd2230f48
ffffd2d24c30
ffffd3818918
ffffd430c600
ffffd4e002e8
ffffd58f3fd0
ffffd63e7cb8
ffffd6edb9a0
ffffd79cf688
ffffd84c3370
ffffd8fb7058
ffffd9aaad40
ffffda59ea28
ffffdb092710
ffffdbb863f8
ffffdc67a0e0
ffffdd16ddc8
ffffddc61ab0
ffffde755798
ffffdf249480
ffffdfd3d168
ffffe0830e50
ffffe1324b38
ffffe1e18820
ffffe290c508
ffffe34001f0
ffffe3ef3ed8
ffffe49e7bc0
ffffe54db8a8
ffffe5fcf590
ffffe6ac3278
ffffe75b6f60
ffffe80aac48
ffffe8b9e930
ffffe9692618
ffffea186300
ffffeac79fe8
ffffeb76dcd0
ffffec2619b8
ffffecd556a0
ffffed849388
ffffee33d070
ffffeee30d58
ffffef924a40
fffff0418728
fffff0f0c410
fffff1a000f8
fffff24f3de0
fffff2fe7ac8
fffff3adb7b0
fffff45cf498
fffff50c3180
fffff5bb6e68
fffff66aab50
fffff719e838
fffff7c92520
fffff8786208
fffff9279ef0
fffff9d6dbd8
fffffa8618c0
fffffb3555a8
fffffbe49290
fffffc93cf78
fffffd430c60
fffffdf24948
fffffea18630
ffffff50c318
000000000000
000000af3ce8
0000015e79d0
0000020db6b8
000002bcf3a0
0000036c3088
0000041b6d70
000004caaa58
00000579e740
000006292428
000006d86110
000007879df8
00000836dae0
000008e617c8
0000099554b0
00000a449198
00000af3ce80
00000ba30b68
00000c524850
00000d018538
00000db0c220
00000e5fff08
00000f0f3bf0
00000fbe78d8
0000106db5c0
0000111cf2a8
000011cc2f90
0000127b6c78
0000132aa960
000013d9e648
000014892330
000015386018
000015e79d00
00001696d9e8
0000174616d0
000017f553b8
000018a490a0
00001953cd88
00001a030a70
00001ab24758
00001b618440
00001c10c128
00001cbffe10
00001d6f3af8
00001e1e77e0
00001ecdb4c8
00001f7cf1b0
0000202c2e98
000020db6b80
0000218aa868
00002239e550
000022e92238
000023985f20
000024479c08
000024f6d8f0
000025a615d8
0000265552c0
000027048fa8
000027b3cc90
000028630978
000029124660
000029c18348
00002a70c030
00002b1ffd18
00002bcf3a00
00002c7e76e8
00002d2db3d0
00002ddcf0b8
00002e8c2da0
00002f3b6a88
00002feaa770
00003099e458
000031492140
000031f85e28
000032a79b10
00003356d7f8
0000340614e0
000034b551c8
000035648eb0
00003613cb98
000036c30880
000037724568
000038218250
000038d0bf38
0000397ffc20
00003a2f3908
00003ade75f0
00003b8db2d8
00003c3cefc0
00003cec2ca8
00003d9b6990
00003e4aa678
00003ef9e360
00003fa92048
000040585d30
000041079a18
000041b6d700
0000426613e8
0000431550d0
000043c48db8
00004473caa0
000045230788
000045d24470
000046818158
00004730be40
000047dffb28
0000488f3810
0000493e74f8
000049edb1e0
00004a9ceec8
00004b4c2bb0
00004bfb6898
00004caaa580
00004d59e268
00004e091f50
00004eb85c38
00004f679920
00005016d608
000050c612f0
000051754fd8
000052248cc0
000052d3c9a8
000053830690
000054324378
000054e18060
00005590bd48
0000563ffa30
000056ef3718
ffffa8618c00
ffffa910c8e8
ffffa9c005d0
ffffaa6f42b8
ffffab1e7fa0
ffffabcdbc88
ffffac7cf970
ffffad2c3658
ffffaddb7340
ffffae8ab028
ffffaf39ed10
ffffafe929f8
ffffb09866e0
ffffb147a3c8
ffffb1f6e0b0
ffffb2a61d98
ffffb3555a80
ffffb4049768
ffffb4b3d450
ffffb5631138
ffffb6124e20
ffffb6c18b08
ffffb770c7f0
ffffb82004d8
ffffb8cf41c0
ffffb97e7ea8
ffffba2dbb90
ffffbadcf878
ffffbb8c3560
ffffbc3b7248
ffffbceaaf30
ffffbd99ec18
ffffbe492900
ffffbef865e8
ffffbfa7a2d0
ffffc056dfb8
ffffc1061ca0
ffffc1b55988
ffffc2649670
ffffc313d358
ffffc3c31040
ffffc4724d28
ffffc5218a10
ffffc5d0c6f8
ffffc68003e0
ffffc72f40c8
ffffc7de7db0
ffffc88dba98
ffffc93cf780
ffffc9ec3468
ffffca9b7150
ffffcb4aae38
ffffcbf9eb20
ffffcca92808
ffffcd5864f0
ffffce07a1d8
ffffceb6dec0
ffffcf661ba8
ffffd0155890
ffffd0c49578
ffffd173d260
ffffd2230f48
ffffd2d24c30
ffffd3818918
ffffd430c600
ffffd4e002e8
ffffd58f3fd0
ffffd63e7cb8
ffffd6edb9a0
ffffd79cf688
ffffd84c3370
ffffd8fb7058
ffffd9aaad40
ffffda59ea28
ffffdb092710
ffffdbb863f8
ffffdc67a0e0
ffffdd16ddc8
ffffddc61ab0
ffffde755798
ffffdf249480
ffffdfd3d168
ffffe0830e50
ffffe1324b38
ffffe1e18820
ffffe290c508
ffffe34001f0
ffffe3ef3ed8
ffffe49e7bc0
ffffe54db8a8
ffffe5fcf590
ffffe6ac3278
ffffe75b6f60
ffffe80aac48
ffffe8b9e930
ffffe9692618
ffffea186300
ffffeac79fe8
ffffeb76dcd0
ffffec2619b8
ffffecd556a0
ffffed849388
ffffee33d070
ffffeee30d58
ffffef924a40
fffff0418728
fffff0f0c410
fffff1a000f8
fffff24f3de0
fffff2fe7ac8
fffff3adb7b0
fffff45cf498
fffff50c3180
fffff5bb6e68
fffff66aab50
fffff719e838
fffff7c92520
fffff8786208
fffff9279ef0
fffff9d6dbd8
fffffa8618c0
fffffb3555a8
fffffbe49290
fffffc93cf78
fffffd430c60
fffffdf24948
fffffea18630
ffffff50c318
000000000000
000000af3ce8
0000015e79d0
0000020db6b8
000002bcf3a0
0000036c3088
0000041b6d70
000004caaa58
00000579e740
000006292428
000006d86110
000007879df8
00000836dae0
000008e617c8
0000099554b0
00000a449198
00000af3ce80
00000ba30b68
00000c524850
00000d018538
00000db0c220
00000e5fff08
00000f0f3bf0
00000fbe78d8
0000106db5c0
0000111cf2a8
000011cc2f90
0000127b6c78
0000132aa960
000013d9e648
000014892330
000015386018
000015e79d00
00001696d9e8
0000174616d0
000017f553b8
000018a490a0
00001953cd88
00001a030a70
00001ab24758
00001b618440
00001c10c128
00001cbffe10
00001d6f3af8
00001e1e77e0
00001ecdb4c8
00001f7cf1b0
0000202c2e98
000020db6b80
0000218aa868
00002239e550
000022e92238
000023985f20
000024479c08
000024f6d8f0
000025a615d8
0000265552c0
000027048fa8
000027b3cc90
000028630978
000029124660
000029c18348
00002a70c030
00002b1ffd18
00002bcf3a00
00002c7e76e8
00002d2db3d0
00002ddcf0b8
00002e8c2da0
00002f3b6a88
00002feaa770
00003099e458
000031492140
000031f85e28
000032a79b10
00003356d7f8
0000340614e0
000034b551c8
000035648eb0
00003613cb98
000036c30880
000037724568
000038218250
000038d0bf38
0000397ffc20
00003a2f3908
00003ade75f0
00003b8db2d8
00003c3cefc0
00003cec2ca8
00003d9b6990
00003e4aa678
00003ef9e360
00003fa92048
000040585d30
000041079a18
000041b6d700
0000426613e8
0000431550d0
000043c48db8
00004473caa0
000045230788
000045d24470
000046818158
00004730be40
000047dffb28
0000488f3810
0000493e74f8
000049edb1e0
00004a9ceec8
00004b4c2bb0
00004bfb6898
00004caaa580
00004d59e268
00004e091f50
00004eb85c38
00004f679920
00005016d608
000050c612f0
000051754fd8
000052248cc0
000052d3c9a8
000053830690
000054324378
000054e18060
00005590bd48
0000563ffa30
000056ef3718
ffffa8618c00
ffffa910c8e8
ffffa9c005d0
ffffaa6f42b8
ffffab1e7fa0
ffffabcdbc88
ffffac7cf970
ffffad2c3658
ffffaddb7340
ffffae8ab028
ffffaf39ed10
ffffafe929f8
ffffb09866e0
ffffb147a3c8
ffffb1f6e0b0
ffffb2a61d98
ffffb3555a80
ffffb4049768
ffffb4b3d450
ffffb5631138
ffffb6124e20
ffffb6c18b08
ffffb770c7f0
ffffb82004d8
ffffb8cf41c0
ffffb97e7ea8
ffffba2dbb90
ffffbadcf878
ffffbb8c3560
ffffbc3b7248
ffffbceaaf30
ffffbd99ec18
ffffbe492900
ffffbef865e8
ffffbfa7a2d0
ffffc056dfb8
ffffc1061ca0
ffffc1b55988
ffffc2649670
ffffc313d358
ffffc3c31040
ffffc4724d28
ffffc5218a10
ffffc5d0c6f8
ffffc68003e0
ffffc72f40c8
ffffc7de7db0
ffffc88dba98
ffffc93cf780
ffffc9ec3468
ffffca9b7150
ffffcb4aae38
ffffcbf9eb20
ffffcca92808
ffffcd5864f0
ffffce07a1d8
ffffceb6dec0
ffffcf661ba8
ffffd0155890
ffffd0c49578
ffffd173d260
ffffd2230f48
ffffd2d24c30
ffffd3818918
ffffd430c600
ffffd4e002e8
ffffd58f3fd0
ffffd63e7cb8
ffffd6edb9a0
ffffd79cf688
ffffd84c3370
ffffd8fb7058
ffffd9aaad40
ffffda59ea28
ffffdb092710
ffffdbb863f8
ffffdc67a0e0
ffffdd16ddc8
ffffddc61ab0
ffffde755798
ffffdf249480
ffffdfd3d168
ffffe0830e50
ffffe1324b38
ffffe1e18820
ffffe290c508
ffffe34001f0
ffffe3ef3ed8
ffffe49e7bc0
ffffe54db8a8
ffffe5fcf590
ffffe6ac3278
ffffe75b6f60
ffffe80aac48
ffffe8b9e930
ffffe9692618
ffffea186300
ffffeac79fe8
ffffeb76dcd0
ffffec2619b8
ffffecd556a0
ffffed849388
ffffee33d070
ffffeee30d58
ffffef924a40
fffff0418728
fffff0f0c410
fffff1a000f8
fffff24f3de0
fffff2fe7ac8
fffff3adb7b0
fffff45cf498
fffff50c3180
fffff5bb6e68
fffff66aab50
fffff719e838
fffff7c92520
fffff8786208
fffff9279ef0
fffff9d6dbd8
fffffa8618c0
fffffb3555a8
fffffbe49290
fffffc93cf78
fffffd430c60
fffffdf24948
fffffea18630
ffffff50c318
000000000000
000000af3ce8
0000015e79d0
0000020db6b8
000002bcf3a0
0000036c3088
0000041b6d70
000004caaa58
00000579e740
000006292428
000006d86110
000007879df8
00000836dae0
000008e617c8
0000099554b0
00000a449198
00000af3ce80
00000ba30b68
00000c524850
00000d018538
00000db0c220
00000e5fff08
00000f0f3bf0
00000fbe78d8
0000106db5c0
0000111cf2a8
000011cc2f90
0000127b6c78
0000132aa960
000013d9e648
000014892330
000015386018
000015e79d00
00001696d9e8
0000174616d0
000017f553b8
000018a490a0
00001953cd88
00001a030a70
00001ab24758
00001b618440
00001c10c128
00001cbffe10
00001d6f3af8
00001e1e77e0
00001ecdb4c8
00001f7cf1b0
0000202c2e98
000020db6b80
0000218aa868
00002239e550
000022e92238
000023985f20
000024479c08
000024f6d8f0
000025a615d8
0000265552c0
000027048fa8
000027b3cc90
000028630978
000029124660
000029c18348
00002a70c030
00002b1ffd18
00002bcf3a00
00002c7e76e8
00002d2db3d0
00002ddcf0b8
00002e8c2da0
00002f3b6a88
00002feaa770
00003099e458
000031492140
000031f85e28
000032a79b10
00003356d7f8
0000340614e0
000034b551c8
000035648eb0
00003613cb98
000036c30880
000037724568
000038218250
000038d0bf38
0000397ffc20
00003a2f3908
00003ade75f0
00003b8db2d8
00003c3cefc0
00003cec2ca8
00003d9b6990
00003e4aa678
00003ef9e360
00003fa92048
000040585d30
000041079a18
000041b6d700
0000426613e8
0000431550d0
000043c48db8
00004473caa0
000045230788
000045d24470
000046818158
00004730be40
000047dffb28
0000488f3810
0000493e74f8
000049edb1e0
00004a9ceec8
00004b4c2bb0
00004bfb6898
00004caaa580
00004d59e268
00004e091f50
00004eb85c38
00004f679920
00005016d608
000050c612f0
000051754fd8
000052248cc0
000052d3c9a8
000053830690
000054324378
000054e18060
00005590bd48
0000563ffa30
000056ef3718
ffffa8618c00
ffffa910c8e8
ffffa9c005d0
ffffaa6f42b8
ffffab1e7fa0
ffffabcdbc88
ffffac7cf970
ffffad2c3658
ffffaddb7340
ffffae8ab028
ffffaf39ed10
ffffafe929f8
ffffb09866e0
ffffb147a3c8
ffffb1f6e0b0
ffffb2a61d98
ffffb3555a80
ffffb4049768
ffffb4b3d450
ffffb5631138
ffffb6124e20
ffffb6c18b08
ffffb770c7f0
ffffb82004d8
ffffb8cf41c0
ffffb97e7ea8
ffffba2dbb90
ffffbadcf878
ffffbb8c3560
ffffbc3b7248
ffffbceaaf30
ffffbd99ec18
ffffbe492900
ffffbef865e8
ffffbfa7a2d0
ffffc056dfb8
ffffc1061ca0
ffffc1b55988
ffffc2649670
ffffc313d358
ffffc3c31040
ffffc4724d28
ffffc5218a10
ffffc5d0c6f8
ffffc68003e0
ffffc72f40c8
ffffc7de7db0
ffffc88dba98
ffffc93cf780
ffffc9ec3468
ffffca9b7150
ffffcb4aae38
ffffcbf9eb20
ffffcca92808
ffffcd5864f0
ffffce07a1d8
ffffceb6dec0
ffffcf661ba8
ffffd0155890
ffffd0c49578
ffffd173d260
ffffd2230f48
ffffd2d24c30
ffffd3818918
ffffd430c600
ffffd4e002e8
ffffd58f3fd0
ffffd63e7cb8
ffffd6edb9a0
ffffd79cf688
ffffd84c3370
ffffd8fb7058
ffffd9aaad40
ffffda59ea28
ffffdb092710
ffffdbb863f8
ffffdc67a0e0
ffffdd16ddc8
ffffddc61ab0
ffffde755798
ffffdf249480
ffffdfd3d168
ffffe0830e50
ffffe1324b38
ffffe1e18820
ffffe290c508
ffffe34001f0
ffffe3ef3ed8
ffffe49e7bc0
ffffe54db8a8
ffffe5fcf590
ffffe6ac3278
ffffe75b6f60
ffffe80aac48
ffffe8b9e930
ffffe9692618
ffffea186300
ffffeac79fe8
ffffeb76dcd0
ffffec2619b8
ffffecd556a0
ffffed849388
ffffee33d070
ffffeee30d58
ffffef924a40
fffff0418728
fffff0f0c410
fffff1a000f8
fffff24f3de0
fffff2fe7ac8
fffff3adb7b0
fffff45cf498
fffff50c3180
fffff5bb6e68
fffff66aab50
fffff719e838
fffff7c92520
fffff8786208
fffff9279ef0
fffff9d6dbd8
fffffa8618c0
fffffb3555a8
fffffbe49290
fffffc93cf78
fffffd430c60
fffffdf24948
fffffea18630
ffffff50c318
000000000000
000000af3ce8
0000015e79d0
0000020db6b8
000002bcf3a0
0000036c3088
0000041b6d70
000004caaa58
00000579e740
000006292428
000006d86110
000007879df8
00000836dae0
000008e617c8
0000099554b0
00000a449198
00000af3ce80
00000ba30b68
00000c524850
00000d018538
00000db0c220
00000e5fff08
00000f0f3bf0
00000fbe78d8
0000106db5c0
0000111cf2a8
000011cc2f90
0000127b6c78
0000132aa960
000013d9e648
000014892330
000015386018
000015e79d00
00001696d9e8
0000174616d0
000017f553b8
000018a490a0
00001953cd88
00001a030a70
00001ab24758
00001b618440
00001c10c128
00001cbffe10
00001d6f3af8
00001e1e77e0
00001ecdb4c8
00001f7cf1b0
0000202c2e98
000020db6b80
0000218aa868
00002239e550
000022e92238
000023985f20
000024479c08
000024f6d8f0
000025a615d8
0000265552c0
000027048fa8
000027b3cc90
000028630978
000029124660
000029c18348
00002a70c030
00002b1ffd18
00002bcf3a00
00002c7e76e8
00002d2db3d0
00002ddcf0b8
00002e8c2da0
00002f3b6a88
00002feaa770
00003099e458
000031492140
000031f85e28
000032a79b10
00003356d7f8
0000340614e0
000034b551c8
000035648eb0
00003613cb98
000036c30880
000037724568
000038218250
000038d0bf38
0000397ffc20
00003a2f3908
00003ade75f0
00003b8db2d8
00003c3cefc0
00003cec2ca8
00003d9b6990
00003e4aa678
00003ef9e360
00003fa92048
000040585d30
000041079a18
000041b6d700
0000426613e8
0000431550d0
000043c48db8
00004473caa0
000045230788
000045d24470
000046818158
00004730be40
000047dffb28
0000488f3810
0000493e74f8
000049edb1e0
00004a9ceec8
00004b4c2bb0
00004bfb6898
00004caaa580
00004d59e268
00004e091f50
00004eb85c38
00004f679920
00005016d608
000050c612f0
000051754fd8
000052248cc0
000052d3c9a8
000053830690
000054324378
000054e18060
00005590bd48
0000563ffa30
000056ef3718
ffffa8618c00
ffffa910c8e8
ffffa9c005d0
ffffaa6f42b8
ffffab1e7fa0
ffffabcdbc88
ffffac7cf970
ffffad2c3658
ffffaddb7340
ffffae8ab028
ffffaf39ed10
ffffafe929f8
ffffb09866e0
ffffb147a3c8
ffffb1f6e0b0
ffffb2a61d98
ffffb3555a80
ffffb4049768
ffffb4b3d450
ffffb5631138
ffffb6124e20
ffffb6c18b08
ffffb770c7f0
ffffb82004d8
ffffb8cf41c0
ffffb97e7ea8
ffffba2dbb90
ffffbadcf878
ffffbb8c3560
ffffbc3b7248
ffffbceaaf30
ffffbd99ec18
ffffbe492900
ffffbef865e8
ffffbfa7a2d0
ffffc056dfb8
ffffc1061ca0
ffffc1b55988
ffffc2649670
ffffc313d358
ffffc3c31040
ffffc4724d28
ffffc5218a10
ffffc5d0c6f8
ffffc68003e0
ffffc72f40c8
ffffc7de7db0
ffffc88dba98
ffffc93cf780
ffffc9ec3468
ffffca9b7150
ffffcb4aae38
ffffcbf9eb20
ffffcca92808
ffffcd5864f0
ffffce07a1d8
ffffceb6dec0
ffffcf661ba8
ffffd0155890
ffffd0c49578
ffffd173d260
ffffd2230f48
ffffd2d24c30
ffffd3818918
ffffd430c600
ffffd4e002e8
ffffd58f3fd0
ffffd63e7cb8
ffffd6edb9a0
ffffd79cf688
ffffd84c3370
ffffd8fb7058
ffffd9aaad40
ffffda59ea28
ffffdb092710
ffffdbb863f8
ffffdc67a0e0
ffffdd16ddc8
ffffddc61ab0
ffffde755798
ffffdf249480
ffffdfd3d168
ffffe0830e50
ffffe1324b38
ffffe1e18820
ffffe290c508
ffffe34001f0
ffffe3ef3ed8
ffffe49e7bc0
ffffe54db8a8
ffffe5fcf590
ffffe6ac3278
ffffe75b6f60
ffffe80aac48
ffffe8b9e930
ffffe9692618
ffffea186300
ffffeac79fe8
ffffeb76dcd0
ffffec2619b8
ffffecd556a0
ffffed849388
ffffee33d070
ffffeee30d58
ffffef924a40
fffff0418728
fffff0f0c410
fffff1a000f8
fffff24f3de0
fffff2fe7ac8
fffff3adb7b0
fffff45cf498
fffff50c3180
fffff5bb6e68
fffff66aab50
fffff719e838
fffff7c92520
fffff8786208
fffff9279ef0
fffff9d6dbd8
fffffa8618c0
fffffb3555a8
fffffbe49290
fffffc93cf78
fffffd430c60
fffffdf24948
fffffea18630
ffffff50c318
000000000000
000000af3ce8
0000015e79d0
0000020db6b8
000002bcf3a0
0000036c3088
0000041b6d70
000004caaa58
00000579e740
000006292428
000006d86110
000007879df8
00000836dae0
000008e617c8
0000099554b0
00000a449198
00000af3ce80
00000ba30b68
00000c524850
00000d018538
00000db0c220
00000e5fff08
00000f0f3bf0
00000fbe78d8
0000106db5c0
0000111cf2a8
000011cc2f90
0000127b6c78
0000132aa960
000013d9e648
000014892330
000015386018
000015e79d00
00001696d9e8
0000174616d0
000017f553b8
000018a490a0
00001953cd88
00001a030a70
00001ab24758
00001b618440
00001c10c128
00001cbffe10
00001d6f3af8
00001e1e77e0
00001ecdb4c8
00001f7cf1b0
0000202c2e98
000020db6b80
0000218aa868
00002239e550
000022e92238
000023985f20
000024479c08
000024f6d8f0
000025a615d8
0000265552c0
000027048fa8
000027b3cc90
000028630978
000029124660
000029c18348
00002a70c030
00002b1ffd18
00002bcf3a00
00002c7e76e8
00002d2db3d0
00002ddcf0b8
00002e8c2da0
00002f3b6a88
00002feaa770
00003099e458
000031492140
000031f85e28
000032a79b10
00003356d7f8
0000340614e0
000034b551c8
000035648eb0
00003613cb98
000036c30880
000037724568
000038218250
000038d0bf38
0000397ffc20
00003a2f3908
00003ade75f0
00003b8db2d8
00003c3cefc0
00003cec2ca8
00003d9b6990
00003e4aa678
00003ef9e360
00003fa92048
000040585d30
000041079a18
000041b6d700
0000426613e8
0000431550d0
000043c48db8
00004473caa0
000045230788
000045d24470
000046818158
00004730be40
000047dffb28
0000488f3810
0000493e74f8
000049edb1e0
00004a9ceec8
00004b4c2bb0
00004bfb6898
00004caaa580
00004d59e268
00004e091f50
00004eb85c38
00004f679920
00005016d608
000050c612f0
000051754fd8
000052248cc0
000052d3c9a8
000053830690
000054324378
000054e18060
00005590bd48
0000563ffa30
000056ef3718
ffffa8618c00
ffffa910c8e8
ffffa9c005d0
ffffaa6f42b8
ffffab1e7fa0
ffffabcdbc88
ffffac7cf970
ffffad2c3658
ffffaddb7340
ffffae8ab028
ffffaf39ed10
ffffafe929f8
ffffb09866e0
ffffb147a3c8
ffffb1f6e0b0
ffffb2a61d98
ffffb3555a80
ffffb4049768
ffffb4b3d450
ffffb5631138
ffffb6124e20
ffffb6c18b08
ffffb770c7f0
ffffb82004d8
ffffb8cf41c0
ffffb97e7ea8
ffffba2dbb90
ffffbadcf878
ffffbb8c3560
ffffbc3b7248
ffffbceaaf30
ffffbd99ec18
ffffbe492900
ffffbef865e8
ffffbfa7a2d0
ffffc056dfb8
ffffc1061ca0
ffffc1b55988
ffffc2649670
ffffc313d358
ffffc3c31040
ffffc4724d28
ffffc5218a10
ffffc5d0c6f8
ffffc68003e0
ffffc72f40c8
ffffc7de7db0
ffffc88dba98
ffffc93cf780
ffffc9ec3468
ffffca9b7150
ffffcb4aae38
ffffcbf9eb20
ffffcca92808
ffffcd5864f0
ffffce07a1d8
ffffceb6dec0
ffffcf661ba8
ffffd0155890
ffffd0c49578
ffffd173d260
ffffd2230f48
ffffd2d24c30
ffffd3818918
ffffd430c600
ffffd4e002e8
ffffd58f3fd0
ffffd63e7cb8
ffffd6edb9a0
ffffd79cf688
ffffd84c3370
ffffd8fb7058
ffffd9aaad40
ffffda59ea28
ffffdb092710
ffffdbb863f8
ffffdc67a0e0
ffffdd16ddc8
ffffddc61ab0
ffffde755798
ffffdf249480
ffffdfd3d168
ffffe0830e50
ffffe1324b38
ffffe1e18820
ffffe290c508
ffffe34001f0
ffffe3ef3ed8
ffffe49e7bc0
ffffe54db8a8
ffffe5fcf590
ffffe6ac3278
ffffe75b6f60
ffffe80aac48
ffffe8b9e930
ffffe9692618
ffffea186300
ffffeac79fe8
ffffeb76dcd0
ffffec2619b8
ffffecd556a0
ffffed849388
ffffee33d070
ffffeee30d58
ffffef924a40
fffff0418728
fffff0f0c410
fffff1a000f8
fffff24f3de0
fffff2fe7ac8
fffff3adb7b0
fffff45cf498
fffff50c3180
fffff5bb6e68
fffff66aab50
fffff719e838
fffff7c92520
fffff8786208
fffff9279ef0
fffff9d6dbd8
fffffa8618c0
fffffb3555a8
fffffbe49290
fffffc93cf78
fffffd430c60
fffffdf24948
fffffea18630
ffffff50c318
000000000000
000000af3ce8
0000015e79d0
0000020db6b8
000002bcf3a0
0000036c3088
0000041b6d70
000004caaa58
00000579e740
000006292428
000006d86110
000007879df8
00000836dae0
000008e617c8
0000099554b0
00000a449198
00000af3ce80
00000ba30b68
00000c524850
00000d018538
00000db0c220
00000e5fff08
00000f0f3bf0
00000fbe78d8
0000106db5c0
0000111cf2a8
000011cc2f90
0000127b6c78
0000132aa960
000013d9e648
000014892330
000015386018
000015e79d00
00001696d9e8
0000174616d0
000017f553b8
000018a490a0
00001953cd88
00001a030a70
00001ab24758
00001b618440
00001c10c128
00001cbffe10
00001d6f3af8
00001e1e77e0
00001ecdb4c8
00001f7cf1b0
0000202c2e98
000020db6b80
0000218aa868
00002239e550
000022e92238
000023985f20
000024479c08
000024f6d8f0
000025a615d8
0000265552c0
000027048fa8
000027b3cc90
000028630978
000029124660
000029c18348
00002a70c030
00002b1ffd18
00002bcf3a00
00002c7e76e8
00002d2db3d0
00002ddcf0b8
00002e8c2da0
00002f3b6a88
00002feaa770
00003099e458
000031492140
000031f85e28
000032a79b10
00003356d7f8
0000340614e0
000034b551c8
000035648eb0
00003613cb98
000036c30880
000037724568
000038218250
000038d0bf38
0000397ffc20
00003a2f3908
00003ade75f0
00003b8db2d8
00003c3cefc0
00003cec2ca8
00003d9b6990
00003e4aa678
00003ef9e360
00003fa92048
000040585d30
000041079a18
000041b6d700
0000426613e8
0000431550d0
000043c48db8
00004473caa0
000045230788
000045d24470
000046818158
00004730be40
000047dffb28
0000488f3810
0000493e74f8
000049edb1e0
00004a9ceec8
00004b4c2bb0
00004bfb6898
00004caaa580
00004d59e268
00004e091f50
00004eb85c38
00004f679920
00005016d608
000050c612f0
000051754fd8
000052248cc0
000052d3c9a8
000053830690
000054324378
000054e18060
00005590bd48
0000563ffa30
000056ef3718
ffffa8618c00
ffffa910c8e8
ffffa9c005d0
ffffaa6f42b8
ffffab1e7fa0
ffffabcdbc88
ffffac7cf970
ffffad2c3658
ffffaddb7340
ffffae8ab028
ffffaf39ed10
ffffafe929f8
ffffb09866e0
ffffb147a3c8
ffffb1f6e0b0
ffffb2a61d98
ffffb3555a80
ffffb4049768
ffffb4b3d450
ffffb5631138
ffffb6124e20
ffffb6c18b08
ffffb770c7f0
ffffb82004d8
ffffb8cf41c0
ffffb97e7ea8
ffffba2dbb90
ffffbadcf878
ffffbb8c3560
ffffbc3b7248
ffffbceaaf30
ffffbd99ec18
ffffbe492900
ffffbef865e8
ffffbfa7a2d0
ffffc056dfb8
ffffc1061ca0
ffffc1b55988
ffffc2649670
ffffc313d358
ffffc3c31040
ffffc4724d28
ffffc5218a10
ffffc5d0c6f8
ffffc68003e0
ffffc72f40c8
ffffc7de7db0
ffffc88dba98
ffffc93cf780
ffffc9ec3468
ffffca9b7150
ffffcb4aae38
ffffcbf9eb20
ffffcca92808
ffffcd5864f0
ffffce07a1d8
ffffceb6dec0
ffffcf661ba8
ffffd0155890
ffffd0c49578
ffffd173d260
ffffd2230f48
ffffd2d24c30
ffffd3818918
ffffd430c600
ffffd4e002e8
ffffd58f3fd0
ffffd63e7cb8
ffffd6edb9a0
ffffd79cf688
ffffd84c3370
ffffd8fb7058
ffffd9aaad40
ffffda59ea28
ffffdb092710
ffffdbb863f8
ffffdc67a0e0
ffffdd16ddc8
ffffddc61ab0
ffffde755798
ffffdf249480
ffffdfd3d168
ffffe0830e50
ffffe1324b38
ffffe1e18820
ffffe290c508
ffffe34001f0
ffffe3ef3ed8
ffffe49e7bc0
ffffe54db8a8
ffffe5fcf590
ffffe6ac3278
ffffe75b6f60
ffffe80aac48
ffffe8b9e930
ffffe9692618
ffffea186300
ffffeac79fe8
ffffeb76dcd0
ffffec2619b8
ffffecd556a0
ffffed849388
ffffee33d070
ffffeee30d58
ffffef924a40
fffff0418728
fffff0f0c410
fffff1a000f8
fffff24f3de0
fffff2fe7ac8
fffff3adb7b0
fffff45cf498
fffff50c3180
fffff5bb6e68
fffff66aab50
fffff719e838
fffff7c92520
fffff8786208
fffff9279ef0
fffff9d6dbd8
fffffa8618c0
fffffb3555a8
fffffbe49290
fffffc93cf78
fffffd430c60
fffffdf24948
fffffea18630
ffffff50c318
000000000000
000000af3ce8
0000015e79d0
0000020db6b8
000002bcf3a0
0000036c3088
0000041b6d70
000004caaa58
00000579e740
000006292428
000006d86110
000007879df8
00000836dae0
000008e617c8
0000099554b0
00000a449198
00000af3ce80
00000ba30b68
00000c524850
00000d018538
00000db0c220
00000e5fff08
00000f0f3bf0
00000fbe78d8
0000106db5c0
0000111cf2a8
000011cc2f90
0000127b6c78
0000132aa960
000013d9e648
000014892330
000015386018
000015e79d00
00001696d9e8
0000174616d0
000017f553b8
000018a490a0
00001953cd88
00001a030a70
00001ab24758
00001b618440
00001c10c128
00001cbffe10
00001d6f3af8
00001e1e77e0
00001ecdb4c8
00001f7cf1b0
0000202c2e98
000020db6b80
0000218aa868
00002239e550
000022e92238
000023985f20
000024479c08
000024f6d8f0
000025a615d8
0000265552c0
000027048fa8
000027b3cc90
000028630978
000029124660
000029c18348
00002a70c030
00002b1ffd18
00002bcf3a00
00002c7e76e8
00002d2db3d0
00002ddcf0b8
00002e8c2da0
00002f3b6a88
00002feaa770
00003099e458
000031492140
000031f85e28
000032a79b10
00003356d7f8
0000340614e0
000034b551c8
000035648eb0
00003613cb98
000036c30880
000037724568
000038218250
000038d0bf38
0000397ffc20
00003a2f3908
00003ade75f0
00003b8db2d8
00003c3cefc0
00003cec2ca8
00003d9b6990
00003e4aa678
00003ef9e360
00003fa92048
000040585d30
000041079a18
000041b6d700
0000426613e8
0000431550d0
000043c48db8
00004473caa0
000045230788
000045d24470
000046818158
00004730be40
000047dffb28
0000488f3810
0000493e74f8
000049edb1e0
00004a9ceec8
00004b4c2bb0
00004bfb6898
00004caaa580
00004d59e268
00004e091f50
00004eb85c38
00004f679920
00005016d608
000050c612f0
000051754fd8
000052248cc0
000052d3c9a8
000053830690
000054324378
000054e18060
00005590bd48
0000563ffa30
000056ef3718
ffffa8618c00
ffffa910c8e8
ffffa9c005d0
ffffaa6f42b8
ffffab1e7fa0
ffffabcdbc88
ffffac7cf970
ffffad2c3658
ffffaddb7340
ffffae8ab028
ffffaf39ed10
ffffafe929f8
ffffb09866e0
ffffb147a3c8
ffffb1f6e0b0
ffffb2a61d98
ffffb3555a80
ffffb4049768
ffffb4b3d450
ffffb5631138
ffffb6124e20
ffffb6c18b08
ffffb770c7f0
ffffb82004d8
ffffb8cf41c0
ffffb97e7ea8
ffffba2dbb90
ffffbadcf878
ffffbb8c3560
ffffbc3b7248
ffffbceaaf30
ffffbd99ec18
ffffbe492900
ffffbef865e8
ffffbfa7a2d0
ffffc056dfb8
ffffc1061ca0
ffffc1b55988
ffffc2649670
ffffc313d358
ffffc3c31040
ffffc4724d28
ffffc5218a10
ffffc5d0c6f8
ffffc68003e0
ffffc72f40c8
ffffc7de7db0
ffffc88dba98
ffffc93cf780
ffffc9ec3468
ffffca9b7150
ffffcb4aae38
ffffcbf9eb20
ffffcca92808
ffffcd5864f0
ffffce07a1d8
ffffceb6dec0
ffffcf661ba8
ffffd0155890
ffffd0c49578
ffffd173d260
ffffd2230f48
ffffd2d24c30
ffffd3818918
ffffd430c600
ffffd4e002e8
ffffd58f3fd0
ffffd63e7cb8
ffffd6edb9a0
ffffd79cf688
ffffd84c3370
ffffd8fb7058
ffffd9aaad40
ffffda59ea28
ffffdb092710
ffffdbb863f8
ffffdc67a0e0
ffffdd16ddc8
ffffddc61ab0
ffffde755798
ffffdf249480
ffffdfd3d168
ffffe0830e50
ffffe1324b38
ffffe1e18820
ffffe290c508
ffffe34001f0
ffffe3ef3ed8
ffffe49e7bc0
ffffe54db8a8
ffffe5fcf590
ffffe6ac3278
ffffe75b6f60
ffffe80aac48
ffffe8b9e930
ffffe9692618
ffffea186300
ffffeac79fe8
ffffeb76dcd0
ffffec2619b8
ffffecd556a0
ffffed849388
ffffee33d070
ffffeee30d58
ffffef924a40
fffff0418728
fffff0f0c410
fffff1a000f8
fffff24f3de0
fffff2fe7ac8
fffff3adb7b0
fffff45cf498
fffff50c3180
fffff5bb6e68
fffff66aab50
fffff719e838
fffff7c92520
fffff8786208
fffff9279ef0
fffff9d6dbd8
fffffa8618c0
fffffb3555a8
fffffbe49290
fffffc93cf78
fffffd430c60
fffffdf24948
fffffea18630
ffffff50c318
000000000000
000000af3ce8
0000015e79d0
0000020db6b8
000002bcf3a0
0000036c3088
0000041b6d70
000004caaa58
00000579e740
000006292428
000006d86110
000007879df8
00000836dae0
000008e617c8
0000099554b0
00000a449198
00000af3ce80
00000ba30b68
00000c524850
00000d018538
00000db0c220
00000e5fff08
00000f0f3bf0
00000fbe78d8
0000106db5c0
0000111cf2a8
000011cc2f90
0000127b6c78
0000132aa960
000013d9e648
000014892330
000015386018
000015e79d00
00001696d9e8
0000174616d0
000017f553b8
000018a490a0
00001953cd88
00001a030a70
00001ab24758
00001b618440
00001c10c128
00001cbffe10
00001d6f3af8
00001e1e77e0
00001ecdb4c8
00001f7cf1b0
0000202c2e98
000020db6b80
0000218aa868
00002239e550
000022e92238
000023985f20
000024479c08
000024f6d8f0
000025a615d8
0000265552c0
000027048fa8
000027b3cc90
000028630978
000029124660
000029c18348
00002a70c030
00002b1ffd18
00002bcf3a00
00002c7e76e8
00002d2db3d0
00002ddcf0b8
00002e8c2da0
00002f3b6a88
00002feaa770
00003099e458
000031492140
000031f85e28
000032a79b10
00003356d7f8
0000340614e0
000034b551c8
000035648eb0
00003613cb98
000036c30880
000037724568
000038218250
000038d0bf38
0000397ffc20
00003a2f3908
00003ade75f0
00003b8db2d8
00003c3cefc0
00003cec2ca8
00003d9b6990
00003e4aa678
00003ef9e360
00003fa92048
000040585d30
000041079a18
000041b6d700
0000426613e8
0000431550d0
000043c48db8
00004473caa0
000045230788
000045d24470
000046818158
00004730be40
000047dffb28
0000488f3810
0000493e74f8
000049edb1e0
00004a9ceec8
00004b4c2bb0
00004bfb6898
00004caaa580
00004d59e268
00004e091f50
00004eb85c38
00004f679920
00005016d608
000050c612f0
000051754fd8
000052248cc0
000052d3c9a8
000053830690
000054324378
000054e18060
00005590bd48
0000563ffa30
000056ef3718
ffffa8618c00
ffffa910c8e8
ffffa9c005d0
ffffaa6f42b8
ffffab1e7fa0
ffffabcdbc88
ffffac7cf970
ffffad2c3658
ffffaddb7340
ffffae8ab028
ffffaf39ed10
ffffafe929f8
ffffb09866e0
ffffb147a3c8
ffffb1f6e0b0
ffffb2a61d98
ffffb3555a80
ffffb4049768
ffffb4b3d450
ffffb5631138
ffffb6124e20
ffffb6c18b08
ffffb770c7f0
ffffb82004d8
ffffb8cf41c0
ffffb97e7ea8
ffffba2dbb90
ffffbadcf878
ffffbb8c3560
ffffbc3b7248
ffffbceaaf30
ffffbd99ec18
ffffbe492900
ffffbef865e8
ffffbfa7a2d0
ffffc056dfb8
ffffc1061ca0
ffffc1b55988
ffffc2649670
ffffc313d358
ffffc3c31040
ffffc4724d28
ffffc5218a10
ffffc5d0c6f8
ffffc68003e0
ffffc72f40c8
ffffc7de7db0
ffffc88dba98
ffffc93cf780
ffffc9ec3468
ffffca9b7150
ffffcb4aae38
ffffcbf9eb20
ffffcca92808
ffffcd5864f0
ffffce07a1d8
ffffceb6dec0
ffffcf661ba8
ffffd0155890
ffffd0c49578
ffffd173d260
ffffd2230f48
ffffd2d24c30
ffffd3818918
ffffd430c600
ffffd4e002e8
ffffd58f3fd0
ffffd63e7cb8
ffffd6edb9a0
ffffd79cf688
ffffd84c3370
ffffd8fb7058
ffffd9aaad40
ffffda59ea28
ffffdb092710
ffffdbb863f8
ffffdc67a0e0
ffffdd16ddc8
ffffddc61ab0
ffffde755798
ffffdf249480
ffffdfd3d168
ffffe0830e50
ffffe1324b38
ffffe1e18820
ffffe290c508
ffffe34001f0
ffffe3ef3ed8
ffffe49e7bc0
ffffe54db8a8
ffffe5fcf590
ffffe6ac3278
ffffe75b6f60
ffffe80aac48
ffffe8b9e930
ffffe9692618
ffffea186300
ffffeac79fe8
ffffeb76dcd0
ffffec2619b8
ffffecd556a0
ffffed849388
ffffee33d070
ffffeee30d58
ffffef924a40
fffff0418728
fffff0f0c410
fffff1a000f8
fffff24f3de0
fffff2fe7ac8
fffff3adb7b0
fffff45cf498
fffff50c3180
fffff5bb6e68
fffff66aab50
fffff719e838
fffff7c92520
fffff8786208
fffff9279ef0
fffff9d6dbd8
fffffa8618c0
fffffb3555a8
fffffbe49290
fffffc93cf78
fffffd430c60
fffffdf24948
fffffea18630
ffffff50c318
000000000000
000000920816
00000124102c
000001b61842
000002482058
000002da286e
0000036c3084
000003fe389a
0000049040b0
0000052248c6
000005b450dc
0000064658f2
000006d86108
0000076a691e
000007fc7134
0000088e794a
000009208160
000009b28976
00000a44918c
00000ad699a2
00000b68a1b8
00000bfaa9ce
00000c8cb1e4
00000d1eb9fa
00000db0c210
00000e42ca26
00000ed4d23c
00000f66da52
00000ff8e268
0000108aea7e
0000111cf294
000011aefaaa
0000124102c0
000012d30ad6
0000136512ec
000013f71b02
000014892318
0000151b2b2e
000015ad3344
0000163f3b5a
000016d14370
000017634b86
000017f5539c
000018875bb2
0000191963c8
000019ab6bde
00001a3d73f4
00001acf7c0a
00001b618420
00001bf38c36
00001c85944c
00001d179c62
00001da9a478
00001e3bac8e
00001ecdb4a4
00001f5fbcba
00001ff1c4d0
00002083cce6
00002115d4fc
000021a7dd12
00002239e528
000022cbed3e
0000235df554
000023effd6a
000024820580
000025140d96
000025a615ac
000026381dc2
000026ca25d8
0000275c2dee
000027ee3604
000028803e1a
000029124630
000029a44e46
00002a36565c
00002ac85e72
00002b5a6688
00002bec6e9e
00002c7e76b4
00002d107eca
00002da286e0
00002e348ef6
00002ec6970c
00002f589f22
00002feaa738
0000307caf4e
0000310eb764
000031a0bf7a
00003232c790
000032c4cfa6
00003356d7bc
000033e8dfd2
0000347ae7e8
0000350ceffe
0000359ef814
00003631002a
000036c30840
000037551056
000037e7186c
000038792082
0000390b2898
0000399d30ae
00003a2f38c4
00003ac140da
00003b5348f0
00003be55106
00003c77591c
00003d096132
00003d9b6948
00003e2d715e
00003ebf7974
00003f51818a
00003fe389a0
0000407591b6
0000410799cc
00004199a1e2
0000422ba9f8
000042bdb20e
0000434fba24
000043e1c23a
00004473ca50
00004505d266
00004597da7c
00004629e292
000046bbeaa8
0000474df2be
000047dffad4
0000487202ea
ffffb6fbf500
ffffb78dfd16
ffffb820052c
ffffb8b20d42
ffffb9441558
ffffb9d61d6e
ffffba682584
ffffbafa2d9a
ffffbb8c35b0
ffffbc1e3dc6
ffffbcb045dc
ffffbd424df2
ffffbdd45608
ffffbe665e1e
ffffbef86634
ffffbf8a6e4a
ffffc01c7660
ffffc0ae7e76
ffffc140868c
ffffc1d28ea2
ffffc26496b8
ffffc2f69ece
ffffc388a6e4
ffffc41aaefa
ffffc4acb710
ffffc53ebf26
ffffc5d0c73c
ffffc662cf52
ffffc6f4d768
ffffc786df7e
ffffc818e794
ffffc8aaefaa
ffffc93cf7c0
ffffc9ceffd6
ffffca6107ec
ffffcaf31002
ffffcb851818
ffffcc17202e
ffffcca92844
ffffcd3b305a
ffffcdcd3870
ffffce5f4086
ffffcef1489c
ffffcf8350b2
ffffd01558c8
ffffd0a760de
ffffd13968f4
ffffd1cb710a
ffffd25d7920
ffffd2ef8136
ffffd381894c
ffffd4139162
ffffd4a59978
ffffd537a18e
ffffd5c9a9a4
ffffd65bb1ba
ffffd6edb9d0
ffffd77fc1e6
ffffd811c9fc
ffffd8a3d212
ffffd935da28
ffffd9c7e23e
ffffda59ea54
ffffdaebf26a
ffffdb7dfa80
ffffdc100296
ffffdca20aac
ffffdd3412c2
ffffddc61ad8
ffffde5822ee
ffffdeea2b04
ffffdf7c331a
ffffe00e3b30
ffffe0a04346
ffffe1324b5c
ffffe1c45372
ffffe2565b88
ffffe2e8639e
ffffe37a6bb4
ffffe40c73ca
ffffe49e7be0
ffffe53083f6
ffffe5c28c0c
ffffe6549422
ffffe6e69c38
ffffe778a44e
ffffe80aac64
ffffe89cb47a
ffffe92ebc90
ffffe9c0c4a6
ffffea52ccbc
ffffeae4d4d2
ffffeb76dce8
ffffec08e4fe
ffffec9aed14
ffffed2cf52a
ffffedbefd40
ffffee510556
ffffeee30d6c
ffffef751582
fffff0071d98
fffff09925ae
fffff12b2dc4
fffff1bd35da
fffff24f3df0
fffff2e14606
fffff3734e1c
fffff4055632
fffff4975e48
fffff529665e
fffff5bb6e74
fffff64d768a
fffff6df7ea0
fffff77186b6
fffff8038ecc
fffff89596e2
fffff9279ef8
fffff9b9a70e
fffffa4baf24
fffffaddb73a
fffffb6fbf50
fffffc01c766
fffffc93cf7c
fffffd25d792
fffffdb7dfa8
fffffe49e7be
fffffedbefd4
ffffff6df7ea
000000000000
000000920816
00000124102c
000001b61842
000002482058
000002da286e
0000036c3084
000003fe389a
0000049040b0
0000052248c6
000005b450dc
0000064658f2
000006d86108
0000076a691e
000007fc7134
0000088e794a
000009208160
000009b28976
00000a44918c
00000ad699a2
00000b68a1b8
00000bfaa9ce
00000c8cb1e4
00000d1eb9fa
00000db0c210
00000e42ca26
00000ed4d23c
00000f66da52
00000ff8e268
0000108aea7e
0000111cf294
000011aefaaa
0000124102c0
000012d30ad6
0000136512ec
000013f71b02
000014892318
0000151b2b2e
000015ad3344
0000163f3b5a
000016d14370
000017634b86
000017f5539c
000018875bb2
0000191963c8
000019ab6bde
00001a3d73f4
00001acf7c0a
00001b618420
00001bf38c36
00001c85944c
00001d179c62
00001da9a478
00001e3bac8e
00001ecdb4a4
00001f5fbcba
00001ff1c4d0
00002083cce6
00002115d4fc
000021a7dd12
00002239e528
000022cbed3e
0000235df554
000023effd6a
000024820580
000025140d96
000025a615ac
000026381dc2
000026ca25d8
0000275c2dee
000027ee3604
000028803e1a
000029124630
000029a44e46
00002a36565c
00002ac85e72
00002b5a6688
00002bec6e9e
00002c7e76b4
00002d107eca
00002da286e0
00002e348ef6
00002ec6970c
00002f589f22
00002feaa738
0000307caf4e
0000310eb764
000031a0bf7a
00003232c790
000032c4cfa6
00003356d7bc
000033e8dfd2
0000347ae7e8
0000350ceffe
0000359ef814
00003631002a
000036c30840
000037551056
000037e7186c
000038792082
0000390b2898
0000399d30ae
00003a2f38c4
00003ac140da
00003b5348f0
00003be55106
00003c77591c
00003d096132
00003d9b6948
00003e2d715e
00003ebf7974
00003f51818a
00003fe389a0
0000407591b6
0000410799cc
00004199a1e2
0000422ba9f8
000042bdb20e
0000434fba24
000043e1c23a
00004473ca50
00004505d266
00004597da7c
00004629e292
000046bbeaa8
0000474df2be
000047dffad4
0000487202ea
ffffb6fbf500
ffffb78dfd16
ffffb820052c
ffffb8b20d42
ffffb9441558
ffffb9d61d6e
ffffba682584
ffffbafa2d9a
ffffbb8c35b0
ffffbc1e3dc6
ffffbcb045dc
ffffbd424df2
ffffbdd45608
ffffbe665e1e
ffffbef86634
ffffbf8a6e4a
ffffc01c7660
ffffc0ae7e76
ffffc140868c
ffffc1d28ea2
ffffc26496b8
ffffc2f69ece
ffffc388a6e4
ffffc41aaefa
ffffc4acb710
ffffc53ebf26
ffffc5d0c73c
ffffc662cf52
ffffc6f4d768
ffffc786df7e
ffffc818e794
ffffc8aaefaa
ffffc93cf7c0
ffffc9ceffd6
ffffca6107ec
ffffcaf31002
ffffcb851818
ffffcc17202e
ffffcca92844
ffffcd3b305a
ffffcdcd3870
ffffce5f4086
ffffcef1489c
ffffcf8350b2
ffffd01558c8
ffffd0a760de
ffffd13968f4
ffffd1cb710a
ffffd25d7920
ffffd2ef8136
ffffd381894c
ffffd4139162
ffffd4a59978
ffffd537a18e
ffffd5c9a9a4
ffffd65bb1ba
ffffd6edb9d0
ffffd77fc1e6
ffffd811c9fc
ffffd8a3d212
ffffd935da28
ffffd9c7e23e
ffffda59ea54
ffffdaebf26a
ffffdb7dfa80
ffffdc100296
ffffdca20aac
ffffdd3412c2
ffffddc61ad8
ffffde5822ee
ffffdeea2b04
ffffdf7c331a
ffffe00e3b30
ffffe0a04346
ffffe1324b5c
ffffe1c45372
ffffe2565b88
ffffe2e8639e
ffffe37a6bb4
ffffe40c73ca
ffffe49e7be0
ffffe53083f6
ffffe5c28c0c
ffffe6549422
ffffe6e69c38
ffffe778a44e
ffffe80aac64
ffffe89cb47a
ffffe92ebc90
ffffe9c0c4a6
ffffea52ccbc
ffffeae4d4d2
ffffeb76dce8
ffffec08e4fe
ffffec9aed14
ffffed2cf52a
ffffedbefd40
ffffee510556
ffffeee30d6c
ffffef751582
fffff0071d98
fffff09925ae
fffff12b2dc4
fffff1bd35da
fffff24f3df0
fffff2e14606
fffff3734e1c
fffff4055632
fffff4975e48
fffff529665e
fffff5bb6e74
fffff64d768a
fffff6df7ea0
fffff77186b6
fffff8038ecc
fffff89596e2
fffff9279ef8
fffff9b9a70e
fffffa4baf24
fffffaddb73a
fffffb6fbf50
fffffc01c766
fffffc93cf7c
fffffd25d792
fffffdb7dfa8
fffffe49e7be
fffffedbefd4
ffffff6df7ea
000000000000
000000af3ce8
0000015e79d0
0000020db6b8
000002bcf3a0
0000036c3088
0000041b6d70
000004caaa58
00000579e740
000006292428
000006d86110
000007879df8
00000836dae0
000008e617c8
0000099554b0
00000a449198
00000af3ce80
00000ba30b68
00000c524850
00000d018538
00000db0c220
00000e5fff08
00000f0f3bf0
00000fbe78d8
0000106db5c0
0000111cf2a8
000011cc2f90
0000127b6c78
0000132aa960
000013d9e648
000014892330
000015386018
000015e79d00
00001696d9e8
0000174616d0
000017f553b8
000018a490a0
00001953cd88
00001a030a70
00001ab24758
00001b618440
00001c10c128
00001cbffe10
00001d6f3af8
00001e1e77e0
00001ecdb4c8
00001f7cf1b0
0000202c2e98
000020db6b80
0000218aa868
00002239e550
000022e92238
000023985f20
000024479c08
000024f6d8f0
000025a615d8
0000265552c0
000027048fa8
000027b3cc90
000028630978
000029124660
000029c18348
00002a70c030
00002b1ffd18
00002bcf3a00
00002c7e76e8
00002d2db3d0
00002ddcf0b8
00002e8c2da0
00002f3b6a88
00002feaa770
00003099e458
000031492140
000031f85e28
000032a79b10
00003356d7f8
0000340614e0
000034b551c8
000035648eb0
00003613cb98
000036c30880
000037724568
000038218250
000038d0bf38
0000397ffc20
00003a2f3908
00003ade75f0
00003b8db2d8
00003c3cefc0
00003cec2ca8
00003d9b6990
00003e4aa678
00003ef9e360
00003fa92048
000040585d30
000041079a18
000041b6d700
0000426613e8
0000431550d0
000043c48db8
00004473caa0
000045230788
000045d24470
000046818158
00004730be40
000047dffb28
0000488f3810
0000493e74f8
000049edb1e0
00004a9ceec8
00004b4c2bb0
00004bfb6898
00004caaa580
00004d59e268
00004e091f50
00004eb85c38
00004f679920
00005016d608
000050c612f0
000051754fd8
000052248cc0
000052d3c9a8
000053830690
000054324378
000054e18060
00005590bd48
0000563ffa30
000056ef3718
ffffa8618c00
ffffa910c8e8
ffffa9c005d0
ffffaa6f42b8
ffffab1e7fa0
ffffabcdbc88
ffffac7cf970
ffffad2c3658
ffffaddb7340
ffffae8ab028
ffffaf39ed10
ffffafe929f8
ffffb09866e0
ffffb147a3c8
ffffb1f6e0b0
ffffb2a61d98
ffffb3555a80
ffffb4049768
ffffb4b3d450
ffffb5631138
ffffb6124e20
ffffb6c18b08
ffffb770c7f0
ffffb82004d8
ffffb8cf41c0
ffffb97e7ea8
ffffba2dbb90
ffffbadcf878
ffffbb8c3560
ffffbc3b7248
ffffbceaaf30
ffffbd99ec18
ffffbe492900
ffffbef865e8
ffffbfa7a2d0
ffffc056dfb8
ffffc1061ca0
ffffc1b55988
ffffc2649670
ffffc313d358
ffffc3c31040
ffffc4724d28
ffffc5218a10
ffffc5d0c6f8
ffffc68003e0
ffffc72f40c8
ffffc7de7db0
ffffc88dba98
ffffc93cf780
ffffc9ec3468
ffffca9b7150
ffffcb4aae38
ffffcbf9eb20
ffffcca92808
ffffcd5864f0
ffffce07a1d8
ffffceb6dec0
ffffcf661ba8
ffffd0155890
ffffd0c49578
ffffd173d260
ffffd2230f48
ffffd2d24c30
ffffd3818918
ffffd430c600
ffffd4e002e8
ffffd58f3fd0
ffffd63e7cb8
ffffd6edb9a0
ffffd79cf688
ffffd84c3370
ffffd8fb7058
ffffd9aaad40
ffffda59ea28
ffffdb092710
ffffdbb863f8
ffffdc67a0e0
ffffdd16ddc8
ffffddc61ab0
ffffde755798
ffffdf249480
ffffdfd3d168
ffffe0830e50
ffffe1324b38
ffffe1e18820
ffffe290c508
ffffe34001f0
ffffe3ef3ed8
ffffe49e7bc0
ffffe54db8a8
ffffe5fcf590
ffffe6ac3278
ffffe75b6f60
ffffe80aac48
ffffe8b9e930
ffffe9692618
ffffea186300
ffffeac79fe8
ffffeb76dcd0
ffffec2619b8
ffffecd556a0
ffffed849388
ffffee33d070
ffffeee30d58
ffffef924a40
fffff0418728
fffff0f0c410
fffff1a000f8
fffff24f3de0
fffff2fe7ac8
fffff3adb7b0
fffff45cf498
fffff50c3180
fffff5bb6e68
fffff66aab50
fffff719e838
fffff7c92520
fffff8786208
fffff9279ef0
fffff9d6dbd8
fffffa8618c0
fffffb3555a8
fffffbe49290
fffffc93cf78
fffffd430c60
fffffdf24948
fffffea18630
ffffff50c318
000000000000
000000af3ce8
0000015e79d0
0000020db6b8
000002bcf3a0
0000036c3088
0000041b6d70
000004caaa58
00000579e740
000006292428
000006d86110
000007879df8
00000836dae0
000008e617c8
0000099554b0
00000a449198
00000af3ce80
00000ba30b68
00000c524850
00000d018538
00000db0c220
00000e5fff08
00000f0f3bf0
00000fbe78d8
0000106db5c0
0000111cf2a8
000011cc2f90
0000127b6c78
0000132aa960
000013d9e648
000014892330
000015386018
000015e79d00
00001696d9e8
0000174616d0
000017f553b8
000018a490a0
00001953cd88
00001a030a70
00001ab24758
00001b618440
00001c10c128
00001cbffe10
00001d6f3af8
00001e1e77e0
00001ecdb4c8
00001f7cf1b0
0000202c2e98
000020db6b80
0000218aa868
00002239e550
000022e92238
000023985f20
000024479c08
000024f6d8f0
000025a615d8
0000265552c0
000027048fa8
000027b3cc90
000028630978
000029124660
000029c18348
00002a70c030
00002b1ffd18
00002bcf3a00
00002c7e76e8
00002d2db3d0
00002ddcf0b8
00002e8c2da0
00002f3b6a88
00002feaa770
00003099e458
000031492140
000031f85e28
000032a79b10
00003356d7f8
0000340614e0
000034b551c8
000035648eb0
00003613cb98
000036c30880
000037724568
000038218250
000038d0bf38
0000397ffc20
00003a2f3908
00003ade75f0
00003b8db2d8
00003c3cefc0
00003cec2ca8
00003d9b6990
00003e4aa678
00003ef9e360
00003fa92048
000040585d30
000041079a18
000041b6d700
0000426613e8
0000431550d0
000043c48db8
00004473caa0
000045230788
000045d24470
000046818158
00004730be40
000047dffb28
0000488f3810
0000493e74f8
000049edb1e0
00004a9ceec8
00004b4c2bb0
00004bfb6898
00004caaa580
00004d59e268
00004e091f50
00004eb85c38
00004f679920
00005016d608
000050c612f0
000051754fd8
000052248cc0
000052d3c9a8
000053830690
000054324378
000054e18060
00005590bd48
0000563ffa30
000056ef3718
ffffa8618c00
ffffa910c8e8
ffffa9c005d0
ffffaa6f42b8
ffffab1e7fa0
ffffabcdbc88
ffffac7cf970
ffffad2c3658
ffffaddb7340
ffffae8ab028
ffffaf39ed10
ffffafe929f8
ffffb09866e0
ffffb147a3c8
ffffb1f6e0b0
ffffb2a61d98
ffffb3555a80
ffffb4049768
ffffb4b3d450
ffffb5631138
ffffb6124e20
ffffb6c18b08
ffffb770c7f0
ffffb82004d8
ffffb8cf41c0
ffffb97e7ea8
ffffba2dbb90
ffffbadcf878
ffffbb8c3560
ffffbc3b7248
ffffbceaaf30
ffffbd99ec18
ffffbe492900
ffffbef865e8
ffffbfa7a2d0
ffffc056dfb8
ffffc1061ca0
ffffc1b55988
ffffc2649670
ffffc313d358
ffffc3c31040
ffffc4724d28
ffffc5218a10
ffffc5d0c6f8
ffffc68003e0
ffffc72f40c8
ffffc7de7db0
ffffc88dba98
ffffc93cf780
ffffc9ec3468
ffffca9b7150
ffffcb4aae38
ffffcbf9eb20
ffffcca92808
ffffcd5864f0
ffffce07a1d8
ffffceb6dec0
ffffcf661ba8
ffffd0155890
ffffd0c49578
ffffd173d260
ffffd2230f48
ffffd2d24c30
ffffd3818918
ffffd430c600
ffffd4e002e8
ffffd58f3fd0
ffffd63e7cb8
ffffd6edb9a0
ffffd79cf688
ffffd84c3370
ffffd8fb7058
ffffd9aaad40
ffffda59ea28
ffffdb092710
ffffdbb863f8
ffffdc67a0e0
ffffdd16ddc8
ffffddc61ab0
ffffde755798
ffffdf249480
ffffdfd3d168
ffffe0830e50
ffffe1324b38
ffffe1e18820
ffffe290c508
ffffe34001f0
ffffe3ef3ed8
ffffe49e7bc0
ffffe54db8a8
ffffe5fcf590
ffffe6ac3278
ffffe75b6f60
ffffe80aac48
ffffe8b9e930
ffffe9692618
ffffea186300
ffffeac79fe8
ffffeb76dcd0
ffffec2619b8
ffffecd556a0
ffffed849388
ffffee33d070
ffffeee30d58
ffffef924a40
fffff0418728
fffff0f0c410
fffff1a000f8
fffff24f3de0
fffff2fe7ac8
fffff3adb7b0
fffff45cf498
fffff50c3180
fffff5bb6e68
fffff66aab50
fffff719e838
fffff7c92520
fffff8786208
fffff9279ef0
fffff9d6dbd8
fffffa8618c0
fffffb3555a8
fffffbe49290
fffffc93cf78
fffffd430c60
fffffdf24948
fffffea18630
ffffff50c318
000000000000
000000920816
00000124102c
000001b61842
000002482058
000002da286e
0000036c3084
000003fe389a
0000049040b0
0000052248c6
000005b450dc
0000064658f2
000006d86108
0000076a691e
000007fc7134
0000088e794a
000009208160
000009b28976
00000a44918c
00000ad699a2
00000b68a1b8
00000bfaa9ce
00000c8cb1e4
00000d1eb9fa
00000db0c210
00000e42ca26
00000ed4d23c
00000f66da52
00000ff8e268
0000108aea7e
0000111cf294
000011aefaaa
0000124102c0
000012d30ad6
0000136512ec
000013f71b02
000014892318
0000151b2b2e
000015ad3344
0000163f3b5a
000016d14370
000017634b86
000017f5539c
000018875bb2
0000191963c8
000019ab6bde
00001a3d73f4
00001acf7c0a
00001b618420
00001bf38c36
00001c85944c
00001d179c62
00001da9a478
00001e3bac8e
00001ecdb4a4
00001f5fbcba
00001ff1c4d0
00002083cce6
00002115d4fc
000021a7dd12
00002239e528
000022cbed3e
0000235df554
000023effd6a
000024820580
000025140d96
000025a615ac
000026381dc2
000026ca25d8
0000275c2dee
000027ee3604
000028803e1a
000029124630
000029a44e46
00002a36565c
00002ac85e72
00002b5a6688
00002bec6e9e
00002c7e76b4
00002d107eca
00002da286e0
00002e348ef6
00002ec6970c
00002f589f22
00002feaa738
0000307caf4e
0000310eb764
000031a0bf7a
00003232c790
000032c4cfa6
00003356d7bc
000033e8dfd2
0000347ae7e8
0000350ceffe
0000359ef814
00003631002a
000036c30840
000037551056
000037e7186c
000038792082
0000390b2898
0000399d30ae
00003a2f38c4
00003ac140da
00003b5348f0
00003be55106
00003c77591c
00003d096132
00003d9b6948
00003e2d715e
00003ebf7974
00003f51818a
00003fe389a0
0000407591b6
0000410799cc
00004199a1e2
0000422ba9f8
000042bdb20e
0000434fba24
000043e1c23a
00004473ca50
00004505d266
00004597da7c
00004629e292
000046bbeaa8
0000474df2be
000047dffad4
0000487202ea
ffffb6fbf500
ffffb78dfd16
ffffb820052c
ffffb8b20d42
ffffb9441558
ffffb9d61d6e
ffffba682584
ffffbafa2d9a
ffffbb8c35b0
ffffbc1e3dc6
ffffbcb045dc
ffffbd424df2
ffffbdd45608
ffffbe665e1e
ffffbef86634
ffffbf8a6e4a
ffffc01c7660
ffffc0ae7e76
ffffc140868c
ffffc1d28ea2
ffffc26496b8
ffffc2f69ece
ffffc388a6e4
ffffc41aaefa
ffffc4acb710
ffffc53ebf26
ffffc5d0c73c
ffffc662cf52
ffffc6f4d768
ffffc786df7e
ffffc818e794
ffffc8aaefaa
ffffc93cf7c0
ffffc9ceffd6
ffffca6107ec
ffffcaf31002
ffffcb851818
ffffcc17202e
ffffcca92844
ffffcd3b305a
ffffcdcd3870
ffffce5f4086
ffffcef1489c
ffffcf8350b2
ffffd01558c8
ffffd0a760de
ffffd13968f4
ffffd1cb710a
ffffd25d7920
ffffd2ef8136
ffffd381894c
ffffd4139162
ffffd4a59978
ffffd537a18e
ffffd5c9a9a4
ffffd65bb1ba
ffffd6edb9d0
ffffd77fc1e6
ffffd811c9fc
ffffd8a3d212
ffffd935da28
ffffd9c7e23e
ffffda59ea54
ffffdaebf26a
ffffdb7dfa80
ffffdc100296
ffffdca20aac
ffffdd3412c2
ffffddc61ad8
ffffde5822ee
ffffdeea2b04
ffffdf7c331a
ffffe00e3b30
ffffe0a04346
ffffe1324b5c
ffffe1c45372
ffffe2565b88
ffffe2e8639e
ffffe37a6bb4
ffffe40c73ca
ffffe49e7be0
ffffe53083f6
ffffe5c28c0c
ffffe6549422
ffffe6e69c38
ffffe778a44e
ffffe80aac64
ffffe89cb47a
ffffe92ebc90
ffffe9c0c4a6
ffffea52ccbc
ffffeae4d4d2
ffffeb76dce8
ffffec08e4fe
ffffec9aed14
ffffed2cf52a
ffffedbefd40
ffffee510556
ffffeee30d6c
ffffef751582
fffff0071d98
fffff09925ae
fffff12b2dc4
fffff1bd35da
fffff24f3df0
fffff2e14606
fffff3734e1c
fffff4055632
fffff4975e48
fffff529665e
fffff5bb6e74
fffff64d768a
fffff6df7ea0
fffff77186b6
fffff8038ecc
fffff89596e2
fffff9279ef8
fffff9b9a70e
fffffa4baf24
fffffaddb73a
fffffb6fbf50
fffffc01c766
fffffc93cf7c
fffffd25d792
fffffdb7dfa8
fffffe49e7be
fffffedbefd4
ffffff6df7ea
000000000000
000000af3ce8
0000015e79d0
0000020db6b8
000002bcf3a0
0000036c3088
0000041b6d70
000004caaa58
00000579e740
000006292428
000006d86110
000007879df8
00000836dae0
000008e617c8
0000099554b0
00000a449198
00000af3ce80
00000ba30b68
00000c524850
00000d018538
00000db0c220
00000e5fff08
00000f0f3bf0
00000fbe78d8
0000106db5c0
0000111cf2a8
000011cc2f90
0000127b6c78
0000132aa960
000013d9e648
000014892330
000015386018
000015e79d00
00001696d9e8
0000174616d0
000017f553b8
000018a490a0
00001953cd88
00001a030a70
00001ab24758
00001b618440
00001c10c128
00001cbffe10
00001d6f3af8
00001e1e77e0
00001ecdb4c8
00001f7cf1b0
0000202c2e98
000020db6b80
0000218aa868
00002239e550
000022e92238
000023985f20
000024479c08
000024f6d8f0
000025a615d8
0000265552c0
000027048fa8
000027b3cc90
000028630978
000029124660
000029c18348
00002a70c030
00002b1ffd18
00002bcf3a00
00002c7e76e8
00002d2db3d0
00002ddcf0b8
00002e8c2da0
00002f3b6a88
00002feaa770
00003099e458
000031492140
000031f85e28
000032a79b10
00003356d7f8
0000340614e0
000034b551c8
000035648eb0
00003613cb98
000036c30880
000037724568
000038218250
000038d0bf38
0000397ffc20
00003a2f3908
00003ade75f0
00003b8db2d8
00003c3cefc0
00003cec2ca8
00003d9b6990
00003e4aa678
00003ef9e360
00003fa92048
000040585d30
000041079a18
000041b6d700
0000426613e8
0000431550d0
000043c48db8
00004473caa0
000045230788
000045d24470
000046818158
00004730be40
000047dffb28
0000488f3810
0000493e74f8
000049edb1e0
00004a9ceec8
00004b4c2bb0
00004bfb6898
00004caaa580
00004d59e268
00004e091f50
00004eb85c38
00004f679920
00005016d608
000050c612f0
000051754fd8
000052248cc0
000052d3c9a8
000053830690
000054324378
000054e18060
00005590bd48
0000563ffa30
000056ef3718
ffffa8618c00
ffffa910c8e8
ffffa9c005d0
ffffaa6f42b8
ffffab1e7fa0
ffffabcdbc88
ffffac7cf970
ffffad2c3658
ffffaddb7340
ffffae8ab028
ffffaf39ed10
ffffafe929f8
ffffb09866e0
ffffb147a3c8
ffffb1f6e0b0
ffffb2a61d98
ffffb3555a80
ffffb4049768
ffffb4b3d450
ffffb5631138
ffffb6124e20
ffffb6c18b08
ffffb770c7f0
ffffb82004d8
ffffb8cf41c0
ffffb97e7ea8
ffffba2dbb90
ffffbadcf878
ffffbb8c3560
ffffbc3b7248
ffffbceaaf30
ffffbd99ec18
ffffbe492900
ffffbef865e8
ffffbfa7a2d0
ffffc056dfb8
ffffc1061ca0
ffffc1b55988
ffffc2649670
ffffc313d358
ffffc3c31040
ffffc4724d28
ffffc5218a10
ffffc5d0c6f8
ffffc68003e0
ffffc72f40c8
ffffc7de7db0
ffffc88dba98
ffffc93cf780
ffffc9ec3468
ffffca9b7150
ffffcb4aae38
ffffcbf9eb20
ffffcca92808
ffffcd5864f0
ffffce07a1d8
ffffceb6dec0
ffffcf661ba8
ffffd0155890
ffffd0c49578
ffffd173d260
ffffd2230f48
ffffd2d24c30
ffffd3818918
ffffd430c600
ffffd4e002e8
ffffd58f3fd0
ffffd63e7cb8
ffffd6edb9a0
ffffd79cf688
ffffd84c3370
ffffd8fb7058
ffffd9aaad40
ffffda59ea28
ffffdb092710
ffffdbb863f8
ffffdc67a0e0
ffffdd16ddc8
ffffddc61ab0
ffffde755798
ffffdf249480
ffffdfd3d168
ffffe0830e50
ffffe1324b38
ffffe1e18820
ffffe290c508
ffffe34001f0
ffffe3ef3ed8
ffffe49e7bc0
ffffe54db8a8
ffffe5fcf590
ffffe6ac3278
ffffe75b6f60
ffffe80aac48
ffffe8b9e930
ffffe9692618
ffffea186300
ffffeac79fe8
ffffeb76dcd0
ffffec2619b8
ffffecd556a0
ffffed849388
ffffee33d070
ffffeee30d58
ffffef924a40
fffff0418728
fffff0f0c410
fffff1a000f8
fffff24f3de0
fffff2fe7ac8
fffff3adb7b0
fffff45cf498
fffff50c3180
fffff5bb6e68
fffff66aab50
fffff719e838
fffff7c92520
fffff8786208
fffff9279ef0
fffff9d6dbd8
fffffa8618c0
fffffb3555a8
fffffbe49290
fffffc93cf78
fffffd430c60
fffffdf24948
fffffea18630
ffffff50c318
000000000000
000000cc71b9
00000198e372
00000265552b
00000331c6e4
000003fe389d
000004caaa56
000005971c0f
000006638dc8
0000072fff81
000007fc713a
000008c8e2f3
0000099554ac
00000a61c665
00000b2e381e
00000bfaa9d7
00000cc71b90
00000d938d49
00000e5fff02
00000f2c70bb
00000ff8e274
000010c5542d
00001191c5e6
0000125e379f
0000132aa958
000013f71b11
000014c38cca
0000158ffe83
0000165c703c
00001728e1f5
000017f553ae
000018c1c567
0000198e3720
00001a5aa8d9
00001b271a92
00001bf38c4b
00001cbffe04
00001d8c6fbd
00001e58e176
00001f25532f
00001ff1c4e8
000020be36a1
0000218aa85a
000022571a13
000023238bcc
000023effd85
000024bc6f3e
00002588e0f7
0000265552b0
00002721c469
000027ee3622
000028baa7db
000029871994
00002a538b4d
00002b1ffd06
00002bec6ebf
00002cb8e078
00002d855231
00002e51c3ea
00002f1e35a3
00002feaa75c
000030b71915
000031838ace
0000324ffc87
0000331c6e40
000033e8dff9
000034b551b2
00003581c36b
0000364e3524
0000371aa6dd
000037e71896
000038b38a4f
0000397ffc08
00003a4c6dc1
00003b18df7a
00003be55133
00003cb1c2ec
00003d7e34a5
00003e4aa65e
00003f171817
00003fe389d0
000040affb89
0000417c6d42
00004248defb
0000431550b4
000043e1c26d
000044ae3426
0000457aa5df
000046471798
000047138951
000047dffb0a
000048ac6cc3
00004978de7c
00004a455035
00004b11c1ee
00004bde33a7
00004caaa560
00004d771719
00004e4388d2
00004f0ffa8b
00004fdc6c44
000050a8ddfd
000051754fb6
00005241c16f
0000530e3328
000053daa4e1
000054a7169a
000055738853
0000563ffa0c
0000570c6bc5
000057d8dd7e
000058a54f37
00005971c0f0
00005a3e32a9
00005b0aa462
00005bd7161b
00005ca387d4
00005d6ff98d
00005e3c6b46
00005f08dcff
00005fd54eb8
000060a1c071
0000616e322a
0000623aa3e3
00006307159c
000063d38755
0000649ff90e
0000656c6ac7
ffff99c72380
ffff9a939539
ffff9b6006f2
ffff9c2c78ab
ffff9cf8ea64
ffff9dc55c1d
ffff9e91cdd6
ffff9f5e3f8f
ffffa02ab148
ffffa0f72301
ffffa1c394ba
ffffa2900673
ffffa35c782c
ffffa428e9e5
ffffa4f55b9e
ffffa5c1cd57
ffffa68e3f10
ffffa75ab0c9
ffffa8272282
ffffa8f3943b
ffffa9c005f4
ffffaa8c77ad
ffffab58e966
ffffac255b1f
ffffacf1ccd8
ffffadbe3e91
ffffae8ab04a
ffffaf572203
ffffb02393bc
ffffb0f00575
ffffb1bc772e
ffffb288e8e7
ffffb3555aa0
ffffb421cc59
ffffb4ee3e12
ffffb5baafcb
ffffb6872184
ffffb753933d
ffffb82004f6
ffffb8ec76af
ffffb9b8e868
ffffba855a21
ffffbb51cbda
ffffbc1e3d93
ffffbceaaf4c
ffffbdb72105
ffffbe8392be
ffffbf500477
ffffc01c7630
ffffc0e8e7e9
ffffc1b559a2
ffffc281cb5b
ffffc34e3d14
ffffc41aaecd
ffffc4e72086
ffffc5b3923f
ffffc68003f8
ffffc74c75b1
ffffc818e76a
ffffc8e55923
ffffc9b1cadc
ffffca7e3c95
ffffcb4aae4e
ffffcc172007
ffffcce391c0
ffffcdb00379
ffffce7c7532
ffffcf48e6eb
ffffd01558a4
ffffd0e1ca5d
ffffd1ae3c16
ffffd27aadcf
ffffd3471f88
ffffd4139141
ffffd4e002fa
ffffd5ac74b3
ffffd678e66c
ffffd7455825
ffffd811c9de
ffffd8de3b97
ffffd9aaad50
ffffda771f09
ffffdb4390c2
ffffdc10027b
ffffdcdc7434
ffffdda8e5ed
ffffde7557a6
ffffdf41c95f
ffffe00e3b18
ffffe0daacd1
ffffe1a71e8a
ffffe2739043
ffffe34001fc
ffffe40c73b5
ffffe4d8e56e
ffffe5a55727
ffffe671c8e0
ffffe73e3a99
ffffe80aac52
ffffe8d71e0b
ffffe9a38fc4
ffffea70017d
ffffeb3c7336
ffffec08e4ef
ffffecd556a8
ffffeda1c861
ffffee6e3a1a
ffffef3aabd3
fffff0071d8c
fffff0d38f45
fffff1a000fe
fffff26c72b7
fffff338e470
fffff4055629
fffff4d1c7e2
fffff59e399b
fffff66aab54
fffff7371d0d
fffff8038ec6
fffff8d0007f
fffff99c7238
fffffa68e3f1
fffffb3555aa
fffffc01c763
fffffcce391c
fffffd9aaad5
fffffe671c8e
ffffff338e47
000000000000
000000af3ce8
0000015e79d0
0000020db6b8
000002bcf3a0
0000036c3088
0000041b6d70
000004caaa58
00000579e740
000006292428
000006d86110
000007879df8
00000836dae0
000008e617c8
0000099554b0
00000a449198
00000af3ce80
00000ba30b68
00000c524850
00000d018538
00000db0c220
00000e5fff08
00000f0f3bf0
00000fbe78d8
0000106db5c0
0000111cf2a8
000011cc2f90
0000127b6c78
0000132aa960
000013d9e648
000014892330
000015386018
000015e79d00
00001696d9e8
0000174616d0
000017f553b8
000018a490a0
00001953cd88
00001a030a70
00001ab24758
00001b618440
00001c10c128
00001cbffe10
00001d6f3af8
00001e1e77e0
00001ecdb4c8
00001f7cf1b0
0000202c2e98
000020db6b80
0000218aa868
00002239e550
000022e92238
000023985f20
000024479c08
000024f6d8f0
000025a615d8
0000265552c0
000027048fa8
000027b3cc90
000028630978
000029124660
000029c18348
00002a70c030
00002b1ffd18
00002bcf3a00
00002c7e76e8
00002d2db3d0
00002ddcf0b8
00002e8c2da0
00002f3b6a88
00002feaa770
00003099e458
000031492140
000031f85e28
000032a79b10
00003356d7f8
0000340614e0
000034b551c8
000035648eb0
00003613cb98
000036c30880
000037724568
000038218250
000038d0bf38
0000397ffc20
00003a2f3908
00003ade75f0
00003b8db2d8
00003c3cefc0
00003cec2ca8
00003d9b6990
00003e4aa678
00003ef9e360
00003fa92048
000040585d30
000041079a18
000041b6d700
0000426613e8
0000431550d0
000043c48db8
00004473caa0
000045230788
000045d24470
000046818158
00004730be40
000047dffb28
0000488f3810
0000493e74f8
000049edb1e0
00004a9ceec8
00004b4c2bb0
00004bfb6898
00004caaa580
00004d59e268
00004e091f50
00004eb85c38
00004f679920
00005016d608
000050c612f0
000051754fd8
000052248cc0
000052d3c9a8
000053830690
000054324378
000054e18060
00005590bd48
0000563ffa30
000056ef3718
ffffa8618c00
ffffa910c8e8
ffffa9c005d0
ffffaa6f42b8
ffffab1e7fa0
ffffabcdbc88
ffffac7cf970
ffffad2c3658
ffffaddb7340
ffffae8ab028
ffffaf39ed10
ffffafe929f8
ffffb09866e0
ffffb147a3c8
ffffb1f6e0b0
ffffb2a61d98
ffffb3555a80
ffffb4049768
ffffb4b3d450
ffffb5631138
ffffb6124e20
ffffb6c18b08
ffffb770c7f0
ffffb82004d8
ffffb8cf41c0
ffffb97e7ea8
ffffba2dbb90
ffffbadcf878
ffffbb8c3560
ffffbc3b7248
ffffbceaaf30
ffffbd99ec18
ffffbe492900
ffffbef865e8
ffffbfa7a2d0
ffffc056dfb8
ffffc1061ca0
ffffc1b55988
ffffc2649670
ffffc313d358
ffffc3c31040
ffffc4724d28
ffffc5218a10
ffffc5d0c6f8
ffffc68003e0
ffffc72f40c8
ffffc7de7db0
ffffc88dba98
ffffc93cf780
ffffc9ec3468
ffffca9b7150
ffffcb4aae38
ffffcbf9eb20
ffffcca92808
ffffcd5864f0
ffffce07a1d8
ffffceb6dec0
ffffcf661ba8
ffffd0155890
ffffd0c49578
ffffd173d260
ffffd2230f48
ffffd2d24c30
ffffd3818918
ffffd430c600
ffffd4e002e8
ffffd58f3fd0
ffffd63e7cb8
ffffd6edb9a0
ffffd79cf688
ffffd84c3370
ffffd8fb7058
ffffd9aaad40
ffffda59ea28
ffffdb092710
ffffdbb863f8
ffffdc67a0e0
ffffdd16ddc8
ffffddc61ab0
ffffde755798
ffffdf249480
ffffdfd3d168
ffffe0830e50
ffffe1324b38
ffffe1e18820
ffffe290c508
ffffe34001f0
ffffe3ef3ed8
ffffe49e7bc0
ffffe54db8a8
ffffe5fcf590
ffffe6ac3278
ffffe75b6f60
ffffe80aac48
ffffe8b9e930
ffffe9692618
ffffea186300
ffffeac79fe8
ffffeb76dcd0
ffffec2619b8
ffffecd556a0
ffffed849388
ffffee33d070
ffffeee30d58
ffffef924a40
fffff0418728
fffff0f0c410
fffff1a000f8
fffff24f3de0
fffff2fe7ac8
fffff3adb7b0
fffff45cf498
fffff50c3180
fffff5bb6e68
fffff66aab50
fffff719e838
fffff7c92520
fffff8786208
fffff9279ef0
fffff9d6dbd8
fffffa8618c0
fffffb3555a8
fffffbe49290
fffffc93cf78
fffffd430c60
fffffdf24948
fffffea18630
ffffff50c318
000000000000
000000af3ce8
0000015e79d0
0000020db6b8
000002bcf3a0
0000036c3088
0000041b6d70
000004caaa58
00000579e740
000006292428
000006d86110
000007879df8
00000836dae0
000008e617c8
0000099554b0
00000a449198
00000af3ce80
00000ba30b68
00000c524850
00000d018538
00000db0c220
00000e5fff08
00000f0f3bf0
00000fbe78d8
0000106db5c0
0000111cf2a8
000011cc2f90
0000127b6c78
0000132aa960
000013d9e648
000014892330
000015386018
000015e79d00
00001696d9e8
0000174616d0
000017f553b8
000018a490a0
00001953cd88
00001a030a70
00001ab24758
00001b618440
00001c10c128
00001cbffe10
00001d6f3af8
00001e1e77e0
00001ecdb4c8
00001f7cf1b0
0000202c2e98
000020db6b80
0000218aa868
00002239e550
000022e92238
000023985f20
000024479c08
000024f6d8f0
000025a615d8
0000265552c0
000027048fa8
000027b3cc90
000028630978
000029124660
000029c18348
00002a70c030
00002b1ffd18
00002bcf3a00
00002c7e76e8
00002d2db3d0
00002ddcf0b8
00002e8c2da0
00002f3b6a88
00002feaa770
00003099e458
000031492140
000031f85e28
000032a79b10
00003356d7f8
0000340614e0
000034b551c8
000035648eb0
00003613cb98
000036c30880
000037724568
000038218250
000038d0bf38
0000397ffc20
00003a2f3908
00003ade75f0
00003b8db2d8
00003c3cefc0
00003cec2ca8
00003d9b6990
00003e4aa678
00003ef9e360
00003fa92048
000040585d30
000041079a18
000041b6d700
0000426613e8
0000431550d0
000043c48db8
00004473caa0
000045230788
000045d24470
000046818158
00004730be40
000047dffb28
0000488f3810
0000493e74f8
000049edb1e0
00004a9ceec8
00004b4c2bb0
00004bfb6898
00004caaa580
00004d59e268
00004e091f50
00004eb85c38
00004f679920
00005016d608
000050c612f0
000051754fd8
000052248cc0
000052d3c9a8
000053830690
000054324378
000054e18060
00005590bd48
0000563ffa30
000056ef3718
ffffa8618c00
ffffa910c8e8
ffffa9c005d0
ffffaa6f42b8
ffffab1e7fa0
ffffabcdbc88
ffffac7cf970
ffffad2c3658
ffffaddb7340
ffffae8ab028
ffffaf39ed10
ffffafe929f8
ffffb09866e0
ffffb147a3c8
ffffb1f6e0b0
ffffb2a61d98
ffffb3555a80
ffffb4049768
ffffb4b3d450
ffffb5631138
ffffb6124e20
ffffb6c18b08
ffffb770c7f0
ffffb82004d8
ffffb8cf41c0
ffffb97e7ea8
ffffba2dbb90
ffffbadcf878
ffffbb8c3560
ffffbc3b7248
ffffbceaaf30
ffffbd99ec18
ffffbe492900
ffffbef865e8
ffffbfa7a2d0
ffffc056dfb8
ffffc1061ca0
ffffc1b55988
ffffc2649670
ffffc313d358
ffffc3c31040
ffffc4724d28
ffffc5218a10
ffffc5d0c6f8
ffffc68003e0
ffffc72f40c8
ffffc7de7db0
ffffc88dba98
ffffc93cf780
ffffc9ec3468
ffffca9b7150
ffffcb4aae38
ffffcbf9eb20
ffffcca92808
ffffcd5864f0
ffffce07a1d8
ffffceb6dec0
ffffcf661ba8
ffffd0155890
ffffd0c49578
ffffd173d260
ffffd2230f48
ffffd2d24c30
ffffd3818918
ffffd430c600
ffffd4e002e8
ffffd58f3fd0
ffffd63e7cb8
ffffd6edb9a0
ffffd79cf688
ffffd84c3370
ffffd8fb7058
ffffd9aaad40
ffffda59ea28
ffffdb092710
ffffdbb863f8
ffffdc67a0e0
ffffdd16ddc8
ffffddc61ab0
ffffde755798
ffffdf249480
ffffdfd3d168
ffffe0830e50
ffffe1324b38
ffffe1e18820
ffffe290c508
ffffe34001f0
ffffe3ef3ed8
ffffe49e7bc0
ffffe54db8a8
ffffe5fcf590
ffffe6ac3278
ffffe75b6f60
ffffe80aac48
ffffe8b9e930
ffffe9692618
ffffea186300
ffffeac79fe8
ffffeb76dcd0
ffffec2619b8
ffffecd556a0
ffffed849388
ffffee33d070
ffffeee30d58
ffffef924a40
fffff0418728
fffff0f0c410
fffff1a000f8
fffff24f3de0
fffff2fe7ac8
fffff3adb7b0
fffff45cf498
fffff50c3180
fffff5bb6e68
fffff66aab50
fffff719e838
fffff7c92520
fffff8786208
fffff9279ef0
fffff9d6dbd8
fffffa8618c0
fffffb3555a8
fffffbe49290
fffffc93cf78
fffffd430c60
fffffdf24948
fffffea18630
ffffff50c318
000000000000
000000920816
00000124102c
000001b61842
000002482058
000002da286e
0000036c3084
000003fe389a
0000049040b0
0000052248c6
000005b450dc
0000064658f2
000006d86108
0000076a691e
000007fc7134
0000088e794a
000009208160
000009b28976
00000a44918c
00000ad699a2
00000b68a1b8
00000bfaa9ce
00000c8cb1e4
00000d1eb9fa
00000db0c210
00000e42ca26
00000ed4d23c
00000f66da52
00000ff8e268
0000108aea7e
0000111cf294
000011aefaaa
0000124102c0
000012d30ad6
0000136512ec
000013f71b02
000014892318
0000151b2b2e
000015ad3344
0000163f3b5a
000016d14370
000017634b86
000017f5539c
000018875bb2
0000191963c8
000019ab6bde
00001a3d73f4
00001acf7c0a
00001b618420
00001bf38c36
00001c85944c
00001d179c62
00001da9a478
00001e3bac8e
00001ecdb4a4
00001f5fbcba
00001ff1c4d0
00002083cce6
00002115d4fc
000021a7dd12
00002239e528
000022cbed3e
0000235df554
000023effd6a
000024820580
000025140d96
000025a615ac
000026381dc2
000026ca25d8
0000275c2dee
000027ee3604
000028803e1a
000029124630
000029a44e46
00002a36565c
00002ac85e72
00002b5a6688
00002bec6e9e
00002c7e76b4
00002d107eca
00002da286e0
00002e348ef6
00002ec6970c
00002f589f22
00002feaa738
0000307caf4e
0000310eb764
000031a0bf7a
00003232c790
000032c4cfa6
00003356d7bc
000033e8dfd2
0000347ae7e8
0000350ceffe
0000359ef814
00003631002a
000036c30840
000037551056
000037e7186c
000038792082
0000390b2898
0000399d30ae
00003a2f38c4
00003ac140da
00003b5348f0
00003be55106
00003c77591c
00003d096132
00003d9b6948
00003e2d715e
00003ebf7974
00003f51818a
00003fe389a0
0000407591b6
0000410799cc
00004199a1e2
0000422ba9f8
000042bdb20e
0000434fba24
000043e1c23a
00004473ca50
00004505d266
00004597da7c
00004629e292
000046bbeaa8
0000474df2be
000047dffad4
0000487202ea
ffffb6fbf500
ffffb78dfd16
ffffb820052c
ffffb8b20d42
ffffb9441558
ffffb9d61d6e
ffffba682584
ffffbafa2d9a
ffffbb8c35b0
ffffbc1e3dc6
ffffbcb045dc
ffffbd424df2
ffffbdd45608
ffffbe665e1e
ffffbef86634
ffffbf8a6e4a
ffffc01c7660
ffffc0ae7e76
ffffc140868c
ffffc1d28ea2
ffffc26496b8
ffffc2f69ece
ffffc388a6e4
ffffc41aaefa
ffffc4acb710
ffffc53ebf26
ffffc5d0c73c
ffffc662cf52
ffffc6f4d768
ffffc786df7e
ffffc818e794
ffffc8aaefaa
ffffc93cf7c0
ffffc9ceffd6
ffffca6107ec
ffffcaf31002
ffffcb851818
ffffcc17202e
ffffcca92844
ffffcd3b305a
ffffcdcd3870
ffffce5f4086
ffffcef1489c
ffffcf8350b2
ffffd01558c8
ffffd0a760de
ffffd13968f4
ffffd1cb710a
ffffd25d7920
ffffd2ef8136
ffffd381894c
ffffd4139162
ffffd4a59978
ffffd537a18e
ffffd5c9a9a4
ffffd65bb1ba
ffffd6edb9d0
ffffd77fc1e6
ffffd811c9fc
ffffd8a3d212
ffffd935da28
ffffd9c7e23e
ffffda59ea54
ffffdaebf26a
ffffdb7dfa80
ffffdc100296
ffffdca20aac
ffffdd3412c2
ffffddc61ad8
ffffde5822ee
ffffdeea2b04
ffffdf7c331a
ffffe00e3b30
ffffe0a04346
ffffe1324b5c
ffffe1c45372
ffffe2565b88
ffffe2e8639e
ffffe37a6bb4
ffffe40c73ca
ffffe49e7be0
ffffe53083f6
ffffe5c28c0c
ffffe6549422
ffffe6e69c38
ffffe778a44e
ffffe80aac64
ffffe89cb47a
ffffe92ebc90
ffffe9c0c4a6
ffffea52ccbc
ffffeae4d4d2
ffffeb76dce8
ffffec08e4fe
ffffec9aed14
ffffed2cf52a
ffffedbefd40
ffffee510556
ffffeee30d6c
ffffef751582
fffff0071d98
fffff09925ae
fffff12b2dc4
fffff1bd35da
fffff24f3df0
fffff2e14606
fffff3734e1c
fffff4055632
fffff4975e48
fffff529665e
fffff5bb6e74
fffff64d768a
fffff6df7ea0
fffff77186b6
fffff8038ecc
fffff89596e2
fffff9279ef8
fffff9b9a70e
fffffa4baf24
fffffaddb73a
fffffb6fbf50
fffffc01c766
fffffc93cf7c
fffffd25d792
fffffdb7dfa8
fffffe49e7be
fffffedbefd4
ffffff6df7ea
000000000000
000000af3ce8
0000015e79d0
0000020db6b8
000002bcf3a0
0000036c3088
0000041b6d70
000004caaa58
00000579e740
000006292428
000006d86110
000007879df8
00000836dae0
000008e617c8
0000099554b0
00000a449198
00000af3ce80
00000ba30b68
00000c524850
00000d018538
00000db0c220
00000e5fff08
00000f0f3bf0
00000fbe78d8
0000106db5c0
0000111cf2a8
000011cc2f90
0000127b6c78
0000132aa960
000013d9e648
000014892330
000015386018
000015e79d00
00001696d9e8
0000174616d0
000017f553b8
000018a490a0
00001953cd88
00001a030a70
00001ab24758
00001b618440
00001c10c128
00001cbffe10
00001d6f3af8
00001e1e77e0
00001ecdb4c8
00001f7cf1b0
0000202c2e98
000020db6b80
0000218aa868
00002239e550
000022e92238
000023985f20
000024479c08
000024f6d8f0
000025a615d8
0000265552c0
000027048fa8
000027b3cc90
000028630978
000029124660
000029c18348
00002a70c030
00002b1ffd18
00002bcf3a00
00002c7e76e8
00002d2db3d0
00002ddcf0b8
00002e8c2da0
00002f3b6a88
00002feaa770
00003099e458
000031492140
000031f85e28
000032a79b10
00003356d7f8
0000340614e0
000034b551c8
000035648eb0
00003613cb98
000036c30880
000037724568
000038218250
000038d0bf38
0000397ffc20
00003a2f3908
00003ade75f0
00003b8db2d8
00003c3cefc0
00003cec2ca8
00003d9b6990
00003e4aa678
00003ef9e360
00003fa92048
000040585d30
000041079a18
000041b6d700
0000426613e8
0000431550d0
000043c48db8
00004473caa0
000045230788
000045d24470
000046818158
00004730be40
000047dffb28
0000488f3810
0000493e74f8
000049edb1e0
00004a9ceec8
00004b4c2bb0
00004bfb6898
00004caaa580
00004d59e268
00004e091f50
00004eb85c38
00004f679920
00005016d608
000050c612f0
000051754fd8
000052248cc0
000052d3c9a8
000053830690
000054324378
000054e18060
00005590bd48
0000563ffa30
000056ef3718
ffffa8618c00
ffffa910c8e8
ffffa9c005d0
ffffaa6f42b8
ffffab1e7fa0
ffffabcdbc88
ffffac7cf970
ffffad2c3658
ffffaddb7340
ffffae8ab028
ffffaf39ed10
ffffafe929f8
ffffb09866e0
ffffb147a3c8
ffffb1f6e0b0
ffffb2a61d98
ffffb3555a80
ffffb4049768
ffffb4b3d450
ffffb5631138
ffffb6124e20
ffffb6c18b08
ffffb770c7f0
ffffb82004d8
ffffb8cf41c0
ffffb97e7ea8
ffffba2dbb90
ffffbadcf878
ffffbb8c3560
ffffbc3b7248
ffffbceaaf30
ffffbd99ec18
ffffbe492900
ffffbef865e8
ffffbfa7a2d0
ffffc056dfb8
ffffc1061ca0
ffffc1b55988
ffffc2649670
ffffc313d358
ffffc3c31040
ffffc4724d28
ffffc5218a10
ffffc5d0c6f8
ffffc68003e0
ffffc72f40c8
ffffc7de7db0
ffffc88dba98
ffffc93cf780
ffffc9ec3468
ffffca9b7150
ffffcb4aae38
ffffcbf9eb20
ffffcca92808
ffffcd5864f0
ffffce07a1d8
ffffceb6dec0
ffffcf661ba8
ffffd0155890
ffffd0c49578
ffffd173d260
ffffd2230f48
ffffd2d24c30
ffffd3818918
ffffd430c600
ffffd4e002e8
ffffd58f3fd0
ffffd63e7cb8
ffffd6edb9a0
ffffd79cf688
ffffd84c3370
ffffd8fb7058
ffffd9aaad40
ffffda59ea28
ffffdb092710
ffffdbb863f8
ffffdc67a0e0
ffffdd16ddc8
ffffddc61ab0
ffffde755798
ffffdf249480
ffffdfd3d168
ffffe0830e50
ffffe1324b38
ffffe1e18820
ffffe290c508
ffffe34001f0
ffffe3ef3ed8
ffffe49e7bc0
ffffe54db8a8
ffffe5fcf590
ffffe6ac3278
ffffe75b6f60
ffffe80aac48
ffffe8b9e930
ffffe9692618
ffffea186300
ffffeac79fe8
ffffeb76dcd0
ffffec2619b8
ffffecd556a0
ffffed849388
ffffee33d070
ffffeee30d58
ffffef924a40
fffff0418728
fffff0f0c410
fffff1a000f8
fffff24f3de0
fffff2fe7ac8
fffff3adb7b0
fffff45cf498
fffff50c3180
fffff5bb6e68
fffff66aab50
fffff719e838
fffff7c92520
fffff8786208
fffff9279ef0
fffff9d6dbd8
fffffa8618c0
fffffb3555a8
fffffbe49290
fffffc93cf78
fffffd430c60
fffffdf24948
fffffea18630
ffffff50c318
000000000000
000000920816
00000124102c
000001b61842
000002482058
000002da286e
0000036c3084
000003fe389a
0000049040b0
0000052248c6
000005b450dc
0000064658f2
000006d86108
0000076a691e
000007fc7134
0000088e794a
000009208160
000009b28976
00000a44918c
00000ad699a2
00000b68a1b8
00000bfaa9ce
00000c8cb1e4
00000d1eb9fa
00000db0c210
00000e42ca26
00000ed4d23c
00000f66da52
00000ff8e268
0000108aea7e
0000111cf294
000011aefaaa
0000124102c0
000012d30ad6
0000136512ec
000013f71b02
000014892318
0000151b2b2e
000015ad3344
0000163f3b5a
000016d14370
000017634b86
000017f5539c
000018875bb2
0000191963c8
000019ab6bde
00001a3d73f4
00001acf7c0a
00001b618420
00001bf38c36
00001c85944c
00001d179c62
00001da9a478
00001e3bac8e
00001ecdb4a4
00001f5fbcba
00001ff1c4d0
00002083cce6
00002115d4fc
000021a7dd12
00002239e528
000022cbed3e
0000235df554
000023effd6a
000024820580
000025140d96
000025a615ac
000026381dc2
000026ca25d8
0000275c2dee
000027ee3604
000028803e1a
000029124630
000029a44e46
00002a36565c
00002ac85e72
00002b5a6688
00002bec6e9e
00002c7e76b4
00002d107eca
00002da286e0
00002e348ef6
00002ec6970c
00002f589f22
00002feaa738
0000307caf4e
0000310eb764
000031a0bf7a
00003232c790
000032c4cfa6
00003356d7bc
000033e8dfd2
0000347ae7e8
0000350ceffe
0000359ef814
00003631002a
000036c30840
000037551056
000037e7186c
000038792082
0000390b2898
0000399d30ae
00003a2f38c4
00003ac140da
00003b5348f0
00003be55106
00003c77591c
00003d096132
00003d9b6948
00003e2d715e
00003ebf7974
00003f51818a
00003fe389a0
0000407591b6
0000410799cc
00004199a1e2
0000422ba9f8
000042bdb20e
0000434fba24
000043e1c23a
00004473ca50
00004505d266
00004597da7c
00004629e292
000046bbeaa8
0000474df2be
000047dffad4
0000487202ea
ffffb6fbf500
ffffb78dfd16
ffffb820052c
ffffb8b20d42
ffffb9441558
ffffb9d61d6e
ffffba682584
ffffbafa2d9a
ffffbb8c35b0
ffffbc1e3dc6
ffffbcb045dc
ffffbd424df2
ffffbdd45608
ffffbe665e1e
ffffbef86634
ffffbf8a6e4a
ffffc01c7660
ffffc0ae7e76
ffffc140868c
ffffc1d28ea2
ffffc26496b8
ffffc2f69ece
ffffc388a6e4
ffffc41aaefa
ffffc4acb710
ffffc53ebf26
ffffc5d0c73c
ffffc662cf52
ffffc6f4d768
ffffc786df7e
ffffc818e794
ffffc8aaefaa
ffffc93cf7c0
ffffc9ceffd6
ffffca6107ec
ffffcaf31002
ffffcb851818
ffffcc17202e
ffffcca92844
ffffcd3b305a
ffffcdcd3870
ffffce5f4086
ffffcef1489c
ffffcf8350b2
ffffd01558c8
ffffd0a760de
ffffd13968f4
ffffd1cb710a
ffffd25d7920
ffffd2ef8136
ffffd381894c
ffffd4139162
ffffd4a59978
ffffd537a18e
ffffd5c9a9a4
ffffd65bb1ba
ffffd6edb9d0
ffffd77fc1e6
ffffd811c9fc
ffffd8a3d212
ffffd935da28
ffffd9c7e23e
ffffda59ea54
ffffdaebf26a
ffffdb7dfa80
ffffdc100296
ffffdca20aac
ffffdd3412c2
ffffddc61ad8
ffffde5822ee
ffffdeea2b04
ffffdf7c331a
ffffe00e3b30
ffffe0a04346
ffffe1324b5c
ffffe1c45372
ffffe2565b88
ffffe2e8639e
ffffe37a6bb4
ffffe40c73ca
ffffe49e7be0
ffffe53083f6
ffffe5c28c0c
ffffe6549422
ffffe6e69c38
ffffe778a44e
ffffe80aac64
ffffe89cb47a
ffffe92ebc90
ffffe9c0c4a6
ffffea52ccbc
ffffeae4d4d2
ffffeb76dce8
ffffec08e4fe
ffffec9aed14
ffffed2cf52a
ffffedbefd40
ffffee510556
ffffeee30d6c
ffffef751582
fffff0071d98
fffff09925ae
fffff12b2dc4
fffff1bd35da
fffff24f3df0
fffff2e14606
fffff3734e1c
fffff4055632
fffff4975e48
fffff529665e
fffff5bb6e74
fffff64d768a
fffff6df7ea0
fffff77186b6
fffff8038ecc
fffff89596e2
fffff9279ef8
fffff9b9a70e
fffffa4baf24
fffffaddb73a
fffffb6fbf50
fffffc01c766
fffffc93cf7c
fffffd25d792
fffffdb7dfa8
fffffe49e7be
fffffedbefd4
ffffff6df7ea
000000000000
000000af3ce8
0000015e79d0
0000020db6b8
000002bcf3a0
0000036c3088
0000041b6d70
000004caaa58
00000579e740
000006292428
000006d86110
000007879df8
00000836dae0
000008e617c8
0000099554b0
00000a449198
00000af3ce80
00000ba30b68
00000c524850
00000d018538
00000db0c220
00000e5fff08
00000f0f3bf0
00000fbe78d8
0000106db5c0
0000111cf2a8
000011cc2f90
0000127b6c78
0000132aa960
000013d9e648
000014892330
000015386018
000015e79d00
00001696d9e8
0000174616d0
000017f553b8
000018a490a0
00001953cd88
00001a030a70
00001ab24758
00001b618440
00001c10c128
00001cbffe10
00001d6f3af8
00001e1e77e0
00001ecdb4c8
00001f7cf1b0
0000202c2e98
000020db6b80
0000218aa868
00002239e550
000022e92238
000023985f20
000024479c08
000024f6d8f0
000025a615d8
0000265552c0
000027048fa8
000027b3cc90
000028630978
000029124660
000029c18348
00002a70c030
00002b1ffd18
00002bcf3a00
00002c7e76e8
00002d2db3d0
00002ddcf0b8
00002e8c2da0
00002f3b6a88
00002feaa770
00003099e458
000031492140
000031f85e28
000032a79b10
00003356d7f8
0000340614e0
000034b551c8
000035648eb0
00003613cb98
000036c30880
000037724568
000038218250
000038d0bf38
0000397ffc20
00003a2f3908
00003ade75f0
00003b8db2d8
00003c3cefc0
00003cec2ca8
00003d9b6990
00003e4aa678
00003ef9e360
00003fa92048
000040585d30
000041079a18
000041b6d700
0000426613e8
0000431550d0
000043c48db8
00004473caa0
000045230788
000045d24470
000046818158
00004730be40
000047dffb28
0000488f3810
0000493e74f8
000049edb1e0
00004a9ceec8
00004b4c2bb0
00004bfb6898
00004caaa580
00004d59e268
00004e091f50
00004eb85c38
00004f679920
00005016d608
000050c612f0
000051754fd8
000052248cc0
000052d3c9a8
000053830690
000054324378
000054e18060
00005590bd48
0000563ffa30
000056ef3718
ffffa8618c00
ffffa910c8e8
ffffa9c005d0
ffffaa6f42b8
ffffab1e7fa0
ffffabcdbc88
ffffac7cf970
ffffad2c3658
ffffaddb7340
ffffae8ab028
ffffaf39ed10
ffffafe929f8
ffffb09866e0
ffffb147a3c8
ffffb1f6e0b0
ffffb2a61d98
ffffb3555a80
ffffb4049768
ffffb4b3d450
ffffb5631138
ffffb6124e20
ffffb6c18b08
ffffb770c7f0
ffffb82004d8
ffffb8cf41c0
ffffb97e7ea8
ffffba2dbb90
ffffbadcf878
ffffbb8c3560
ffffbc3b7248
ffffbceaaf30
ffffbd99ec18
ffffbe492900
ffffbef865e8
ffffbfa7a2d0
ffffc056dfb8
ffffc1061ca0
ffffc1b55988
ffffc2649670
ffffc313d358
ffffc3c31040
ffffc4724d28
ffffc5218a10
ffffc5d0c6f8
ffffc68003e0
ffffc72f40c8
ffffc7de7db0
ffffc88dba98
ffffc93cf780
ffffc9ec3468
ffffca9b7150
ffffcb4aae38
ffffcbf9eb20
ffffcca92808
ffffcd5864f0
ffffce07a1d8
ffffceb6dec0
ffffcf661ba8
ffffd0155890
ffffd0c49578
ffffd173d260
ffffd2230f48
ffffd2d24c30
ffffd3818918
ffffd430c600
ffffd4e002e8
ffffd58f3fd0
ffffd63e7cb8
ffffd6edb9a0
ffffd79cf688
ffffd84c3370
ffffd8fb7058
ffffd9aaad40
ffffda59ea28
ffffdb092710
ffffdbb863f8
ffffdc67a0e0
ffffdd16ddc8
ffffddc61ab0
ffffde755798
ffffdf249480
ffffdfd3d168
ffffe0830e50
ffffe1324b38
ffffe1e18820
ffffe290c508
ffffe34001f0
ffffe3ef3ed8
ffffe49e7bc0
ffffe54db8a8
ffffe5fcf590
ffffe6ac3278
ffffe75b6f60
ffffe80aac48
ffffe8b9e930
ffffe9692618
ffffea186300
ffffeac79fe8
ffffeb76dcd0
ffffec2619b8
ffffecd556a0
ffffed849388
ffffee33d070
ffffeee30d58
ffffef924a40
fffff0418728
fffff0f0c410
fffff1a000f8
fffff24f3de0
fffff2fe7ac8
fffff3adb7b0
fffff45cf498
fffff50c3180
fffff5bb6e68
fffff66aab50
fffff719e838
fffff7c92520
fffff8786208
fffff9279ef0
fffff9d6dbd8
fffffa8618c0
fffffb3555a8
fffffbe49290
fffffc93cf78
fffffd430c60
fffffdf24948
fffffea18630
ffffff50c318
000000000000
000000af3ce8
0000015e79d0
0000020db6b8
000002bcf3a0
0000036c3088
0000041b6d70
000004caaa58
00000579e740
000006292428
000006d86110
000007879df8
00000836dae0
000008e617c8
0000099554b0
00000a449198
00000af3ce80
00000ba30b68
00000c524850
00000d018538
00000db0c220
00000e5fff08
00000f0f3bf0
00000fbe78d8
0000106db5c0
0000111cf2a8
000011cc2f90
0000127b6c78
0000132aa960
000013d9e648
000014892330
000015386018
000015e79d00
00001696d9e8
0000174616d0
000017f553b8
000018a490a0
00001953cd88
00001a030a70
00001ab24758
00001b618440
00001c10c128
00001cbffe10
00001d6f3af8
00001e1e77e0
00001ecdb4c8
00001f7cf1b0
0000202c2e98
000020db6b80
0000218aa868
00002239e550
000022e92238
000023985f20
000024479c08
000024f6d8f0
000025a615d8
0000265552c0
000027048fa8
000027b3cc90
000028630978
000029124660
000029c18348
00002a70c030
00002b1ffd18
00002bcf3a00
00002c7e76e8
00002d2db3d0
00002ddcf0b8
00002e8c2da0
00002f3b6a88
00002feaa770
00003099e458
000031492140
000031f85e28
000032a79b10
00003356d7f8
0000340614e0
000034b551c8
000035648eb0
00003613cb98
000036c30880
000037724568
000038218250
000038d0bf38
0000397ffc20
00003a2f3908
00003ade75f0
00003b8db2d8
00003c3cefc0
00003cec2ca8
00003d9b6990
00003e4aa678
00003ef9e360
00003fa92048
000040585d30
000041079a18
000041b6d700
0000426613e8
0000431550d0
000043c48db8
00004473caa0
000045230788
000045d24470
000046818158
00004730be40
000047dffb28
0000488f3810
0000493e74f8
000049edb1e0
00004a9ceec8
00004b4c2bb0
00004bfb6898
00004caaa580
00004d59e268
00004e091f50
00004eb85c38
00004f679920
00005016d608
000050c612f0
000051754fd8
000052248cc0
000052d3c9a8
000053830690
000054324378
000054e18060
00005590bd48
0000563ffa30
000056ef3718
ffffa8618c00
ffffa910c8e8
ffffa9c005d0
ffffaa6f42b8
ffffab1e7fa0
ffffabcdbc88
ffffac7cf970
ffffad2c3658
ffffaddb7340
ffffae8ab028
ffffaf39ed10
ffffafe929f8
ffffb09866e0
ffffb147a3c8
ffffb1f6e0b0
ffffb2a61d98
ffffb3555a80
ffffb4049768
ffffb4b3d450
ffffb5631138
ffffb6124e20
ffffb6c18b08
ffffb770c7f0
ffffb82004d8
ffffb8cf41c0
ffffb97e7ea8
ffffba2dbb90
ffffbadcf878
ffffbb8c3560
ffffbc3b7248
ffffbceaaf30
ffffbd99ec18
ffffbe492900
ffffbef865e8
ffffbfa7a2d0
ffffc056dfb8
ffffc1061ca0
ffffc1b55988
ffffc2649670
ffffc313d358
ffffc3c31040
ffffc4724d28
ffffc5218a10
ffffc5d0c6f8
ffffc68003e0
ffffc72f40c8
ffffc7de7db0
ffffc88dba98
ffffc93cf780
ffffc9ec3468
ffffca9b7150
ffffcb4aae38
ffffcbf9eb20
ffffcca92808
ffffcd5864f0
ffffce07a1d8
ffffceb6dec0
ffffcf661ba8
ffffd0155890
ffffd0c49578
ffffd173d260
ffffd2230f48
ffffd2d24c30
ffffd3818918
ffffd430c600
ffffd4e002e8
ffffd58f3fd0
ffffd63e7cb8
ffffd6edb9a0
ffffd79cf688
ffffd84c3370
ffffd8fb7058
ffffd9aaad40
ffffda59ea28
ffffdb092710
ffffdbb863f8
ffffdc67a0e0
ffffdd16ddc8
ffffddc61ab0
ffffde755798
ffffdf249480
ffffdfd3d168
ffffe0830e50
ffffe1324b38
ffffe1e18820
ffffe290c508
ffffe34001f0
ffffe3ef3ed8
ffffe49e7bc0
ffffe54db8a8
ffffe5fcf590
ffffe6ac3278
ffffe75b6f60
ffffe80aac48
ffffe8b9e930
ffffe9692618
ffffea186300
ffffeac79fe8
ffffeb76dcd0
ffffec2619b8
ffffecd556a0
ffffed849388
ffffee33d070
ffffeee30d58
ffffef924a40
fffff0418728
fffff0f0c410
fffff1a000f8
fffff24f3de0
fffff2fe7ac8
fffff3adb7b0
fffff45cf498
fffff50c3180
fffff5bb6e68
fffff66aab50
fffff719e838
fffff7c92520
fffff8786208
fffff9279ef0
fffff9d6dbd8
fffffa8618c0
fffffb3555a8
fffffbe49290
fffffc93cf78
fffffd430c60
fffffdf24948
fffffea18630
ffffff50c318
000000000000
000000af3ce8
0000015e79d0
0000020db6b8
000002bcf3a0
0000036c3088
0000041b6d70
000004caaa58
00000579e740
000006292428
000006d86110
000007879df8
00000836dae0
000008e617c8
0000099554b0
00000a449198
00000af3ce80
00000ba30b68
00000c524850
00000d018538
00000db0c220
00000e5fff08
00000f0f3bf0
00000fbe78d8
0000106db5c0
0000111cf2a8
000011cc2f90
0000127b6c78
0000132aa960
000013d9e648
000014892330
000015386018
000015e79d00
00001696d9e8
0000174616d0
000017f553b8
000018a490a0
00001953cd88
00001a030a70
00001ab24758
00001b618440
00001c10c128
00001cbffe10
00001d6f3af8
00001e1e77e0
00001ecdb4c8
00001f7cf1b0
0000202c2e98
000020db6b80
0000218aa868
00002239e550
000022e92238
000023985f20
000024479c08
000024f6d8f0
000025a615d8
0000265552c0
000027048fa8
000027b3cc90
000028630978
000029124660
000029c18348
00002a70c030
00002b1ffd18
00002bcf3a00
00002c7e76e8
00002d2db3d0
00002ddcf0b8
00002e8c2da0
00002f3b6a88
00002feaa770
00003099e458
000031492140
000031f85e28
000032a79b10
00003356d7f8
0000340614e0
000034b551c8
000035648eb0
00003613cb98
000036c30880
000037724568
000038218250
000038d0bf38
0000397ffc20
00003a2f3908
00003ade75f0
00003b8db2d8
00003c3cefc0
00003cec2ca8
00003d9b6990
00003e4aa678
00003ef9e360
00003fa92048
000040585d30
000041079a18
000041b6d700
0000426613e8
0000431550d0
000043c48db8
00004473caa0
000045230788
000045d24470
000046818158
00004730be40
000047dffb28
0000488f3810
0000493e74f8
000049edb1e0
00004a9ceec8
00004b4c2bb0
00004bfb6898
00004caaa580
00004d59e268
00004e091f50
00004eb85c38
00004f679920
00005016d608
000050c612f0
000051754fd8
000052248cc0
000052d3c9a8
000053830690
000054324378
000054e18060
00005590bd48
0000563ffa30
000056ef3718
ffffa8618c00
ffffa910c8e8
ffffa9c005d0
ffffaa6f42b8
ffffab1e7fa0
ffffabcdbc88
ffffac7cf970
ffffad2c3658
ffffaddb7340
ffffae8ab028
ffffaf39ed10
ffffafe929f8
ffffb09866e0
ffffb147a3c8
ffffb1f6e0b0
ffffb2a61d98
ffffb3555a80
ffffb4049768
ffffb4b3d450
ffffb5631138
ffffb6124e20
ffffb6c18b08
ffffb770c7f0
ffffb82004d8
ffffb8cf41c0
ffffb97e7ea8
ffffba2dbb90
ffffbadcf878
ffffbb8c3560
ffffbc3b7248
ffffbceaaf30
ffffbd99ec18
ffffbe492900
ffffbef865e8
ffffbfa7a2d0
ffffc056dfb8
ffffc1061ca0
ffffc1b55988
ffffc2649670
ffffc313d358
ffffc3c31040
ffffc4724d28
ffffc5218a10
ffffc5d0c6f8
ffffc68003e0
ffffc72f40c8
ffffc7de7db0
ffffc88dba98
ffffc93cf780
ffffc9ec3468
ffffca9b7150
ffffcb4aae38
ffffcbf9eb20
ffffcca92808
ffffcd5864f0
ffffce07a1d8
ffffceb6dec0
ffffcf661ba8
ffffd0155890
ffffd0c49578
ffffd173d260
ffffd2230f48
ffffd2d24c30
ffffd3818918
ffffd430c600
ffffd4e002e8
ffffd58f3fd0
ffffd63e7cb8
ffffd6edb9a0
ffffd79cf688
ffffd84c3370
ffffd8fb7058
ffffd9aaad40
ffffda59ea28
ffffdb092710
ffffdbb863f8
ffffdc67a0e0
ffffdd16ddc8
ffffddc61ab0
ffffde755798
ffffdf249480
ffffdfd3d168
ffffe0830e50
ffffe1324b38
ffffe1e18820
ffffe290c508
ffffe34001f0
ffffe3ef3ed8
ffffe49e7bc0
ffffe54db8a8
ffffe5fcf590
ffffe6ac3278
ffffe75b6f60
ffffe80aac48
ffffe8b9e930
ffffe9692618
ffffea186300
ffffeac79fe8
ffffeb76dcd0
ffffec2619b8
ffffecd556a0
ffffed849388
ffffee33d070
ffffeee30d58
ffffef924a40
fffff0418728
fffff0f0c410
fffff1a000f8
fffff24f3de0
fffff2fe7ac8
fffff3adb7b0
fffff45cf498
fffff50c3180
fffff5bb6e68
fffff66aab50
fffff719e838
fffff7c92520
fffff8786208
fffff9279ef0
fffff9d6dbd8
fffffa8618c0
fffffb3555a8
fffffbe49290
fffffc93cf78
fffffd430c60
fffffdf24948
fffffea18630
ffffff50c318
000000000000
000000af3ce8
0000015e79d0
0000020db6b8
000002bcf3a0
0000036c3088
0000041b6d70
000004caaa58
00000579e740
000006292428
000006d86110
000007879df8
00000836dae0
000008e617c8
0000099554b0
00000a449198
00000af3ce80
00000ba30b68
00000c524850
00000d018538
00000db0c220
00000e5fff08
00000f0f3bf0
00000fbe78d8
0000106db5c0
0000111cf2a8
000011cc2f90
0000127b6c78
0000132aa960
000013d9e648
000014892330
000015386018
000015e79d00
00001696d9e8
0000174616d0
000017f553b8
000018a490a0
00001953cd88
00001a030a70
00001ab24758
00001b618440
00001c10c128
00001cbffe10
00001d6f3af8
00001e1e77e0
00001ecdb4c8
00001f7cf1b0
0000202c2e98
000020db6b80
0000218aa868
00002239e550
000022e92238
000023985f20
000024479c08
000024f6d8f0
000025a615d8
0000265552c0
000027048fa8
000027b3cc90
000028630978
000029124660
000029c18348
00002a70c030
00002b1ffd18
00002bcf3a00
00002c7e76e8
00002d2db3d0
00002ddcf0b8
00002e8c2da0
00002f3b6a88
00002feaa770
00003099e458
000031492140
000031f85e28
000032a79b10
00003356d7f8
0000340614e0
000034b551c8
000035648eb0
00003613cb98
000036c30880
000037724568
000038218250
000038d0bf38
0000397ffc20
00003a2f3908
00003ade75f0
00003b8db2d8
00003c3cefc0
00003cec2ca8
00003d9b6990
00003e4aa678
00003ef9e360
00003fa92048
000040585d30
000041079a18
000041b6d700
0000426613e8
0000431550d0
000043c48db8
00004473caa0
000045230788
000045d24470
000046818158
00004730be40
000047dffb28
0000488f3810
0000493e74f8
000049edb1e0
00004a9ceec8
00004b4c2bb0
00004bfb6898
00004caaa580
00004d59e268
00004e091f50
00004eb85c38
00004f679920
00005016d608
000050c612f0
000051754fd8
000052248cc0
000052d3c9a8
000053830690
000054324378
000054e18060
00005590bd48
0000563ffa30
000056ef3718
ffffa8618c00
ffffa910c8e8
ffffa9c005d0
ffffaa6f42b8
ffffab1e7fa0
ffffabcdbc88
ffffac7cf970
ffffad2c3658
ffffaddb7340
ffffae8ab028
ffffaf39ed10
ffffafe929f8
ffffb09866e0
ffffb147a3c8
ffffb1f6e0b0
ffffb2a61d98
ffffb3555a80
ffffb4049768
ffffb4b3d450
ffffb5631138
ffffb6124e20
ffffb6c18b08
ffffb770c7f0
ffffb82004d8
ffffb8cf41c0
ffffb97e7ea8
ffffba2dbb90
ffffbadcf878
ffffbb8c3560
ffffbc3b7248
ffffbceaaf30
ffffbd99ec18
ffffbe492900
ffffbef865e8
ffffbfa7a2d0
ffffc056dfb8
ffffc1061ca0
ffffc1b55988
ffffc2649670
ffffc313d358
ffffc3c31040
ffffc4724d28
ffffc5218a10
ffffc5d0c6f8
ffffc68003e0
ffffc72f40c8
ffffc7de7db0
ffffc88dba98
ffffc93cf780
ffffc9ec3468
ffffca9b7150
ffffcb4aae38
ffffcbf9eb20
ffffcca92808
ffffcd5864f0
ffffce07a1d8
ffffceb6dec0
ffffcf661ba8
ffffd0155890
ffffd0c49578
ffffd173d260
ffffd2230f48
ffffd2d24c30
ffffd3818918
ffffd430c600
ffffd4e002e8
ffffd58f3fd0
ffffd63e7cb8
ffffd6edb9a0
ffffd79cf688
ffffd84c3370
ffffd8fb7058
ffffd9aaad40
ffffda59ea28
ffffdb092710
ffffdbb863f8
ffffdc67a0e0
ffffdd16ddc8
ffffddc61ab0
ffffde755798
ffffdf249480
ffffdfd3d168
ffffe0830e50
ffffe1324b38
ffffe1e18820
ffffe290c508
ffffe34001f0
ffffe3ef3ed8
ffffe49e7bc0
ffffe54db8a8
ffffe5fcf590
ffffe6ac3278
ffffe75b6f60
ffffe80aac48
ffffe8b9e930
ffffe9692618
ffffea186300
ffffeac79fe8
ffffeb76dcd0
ffffec2619b8
ffffecd556a0
ffffed849388
ffffee33d070
ffffeee30d58
ffffef924a40
fffff0418728
fffff0f0c410
fffff1a000f8
fffff24f3de0
fffff2fe7ac8
fffff3adb7b0
fffff45cf498
fffff50c3180
fffff5bb6e68
fffff66aab50
fffff719e838
fffff7c92520
fffff8786208
fffff9279ef0
fffff9d6dbd8
fffffa8618c0
fffffb3555a8
fffffbe49290
fffffc93cf78
fffffd430c60
fffffdf24948
fffffea18630
ffffff50c318
000000000000
000000af3ce8
0000015e79d0
0000020db6b8
000002bcf3a0
0000036c3088
0000041b6d70
000004caaa58
00000579e740
000006292428
000006d86110
000007879df8
00000836dae0
000008e617c8
0000099554b0
00000a449198
00000af3ce80
00000ba30b68
00000c524850
00000d018538
00000db0c220
00000e5fff08
00000f0f3bf0
00000fbe78d8
0000106db5c0
0000111cf2a8
000011cc2f90
0000127b6c78
0000132aa960
000013d9e648
000014892330
000015386018
000015e79d00
00001696d9e8
0000174616d0
000017f553b8
000018a490a0
00001953cd88
00001a030a70
00001ab24758
00001b618440
00001c10c128
00001cbffe10
00001d6f3af8
00001e1e77e0
00001ecdb4c8
00001f7cf1b0
0000202c2e98
000020db6b80
0000218aa868
00002239e550
000022e92238
000023985f20
000024479c08
000024f6d8f0
000025a615d8
0000265552c0
000027048fa8
000027b3cc90
000028630978
000029124660
000029c18348
00002a70c030
00002b1ffd18
00002bcf3a00
00002c7e76e8
00002d2db3d0
00002ddcf0b8
00002e8c2da0
00002f3b6a88
00002feaa770
00003099e458
000031492140
000031f85e28
000032a79b10
00003356d7f8
0000340614e0
000034b551c8
000035648eb0
00003613cb98
000036c30880
000037724568
000038218250
000038d0bf38
0000397ffc20
00003a2f3908
00003ade75f0
00003b8db2d8
00003c3cefc0
00003cec2ca8
00003d9b6990
00003e4aa678
00003ef9e360
00003fa92048
000040585d30
000041079a18
000041b6d700
0000426613e8
0000431550d0
000043c48db8
00004473caa0
000045230788
000045d24470
000046818158
00004730be40
000047dffb28
0000488f3810
0000493e74f8
000049edb1e0
00004a9ceec8
00004b4c2bb0
00004bfb6898
00004caaa580
00004d59e268
00004e091f50
00004eb85c38
00004f679920
00005016d608
000050c612f0
000051754fd8
000052248cc0
000052d3c9a8
000053830690
000054324378
000054e18060
00005590bd48
0000563ffa30
000056ef3718
ffffa8618c00
ffffa910c8e8
ffffa9c005d0
ffffaa6f42b8
ffffab1e7fa0
ffffabcdbc88
ffffac7cf970
ffffad2c3658
ffffaddb7340
ffffae8ab028
ffffaf39ed10
ffffafe929f8
ffffb09866e0
ffffb147a3c8
ffffb1f6e0b0
ffffb2a61d98
ffffb3555a80
ffffb4049768
ffffb4b3d450
ffffb5631138
ffffb6124e20
ffffb6c18b08
ffffb770c7f0
ffffb82004d8
ffffb8cf41c0
ffffb97e7ea8
ffffba2dbb90
ffffbadcf878
ffffbb8c3560
ffffbc3b7248
ffffbceaaf30
ffffbd99ec18
ffffbe492900
ffffbef865e8
ffffbfa7a2d0
ffffc056dfb8
ffffc1061ca0
ffffc1b55988
ffffc2649670
ffffc313d358
ffffc3c31040
ffffc4724d28
ffffc5218a10
ffffc5d0c6f8
ffffc68003e0
ffffc72f40c8
ffffc7de7db0
ffffc88dba98
ffffc93cf780
ffffc9ec3468
ffffca9b7150
ffffcb4aae38
ffffcbf9eb20
ffffcca92808
ffffcd5864f0
ffffce07a1d8
ffffceb6dec0
ffffcf661ba8
ffffd0155890
ffffd0c49578
ffffd173d260
ffffd2230f48
ffffd2d24c30
ffffd3818918
ffffd430c600
ffffd4e002e8
ffffd58f3fd0
ffffd63e7cb8
ffffd6edb9a0
ffffd79cf688
ffffd84c3370
ffffd8fb7058
ffffd9aaad40
ffffda59ea28
ffffdb092710
ffffdbb863f8
ffffdc67a0e0
ffffdd16ddc8
ffffddc61ab0
ffffde755798
ffffdf249480
ffffdfd3d168
ffffe0830e50
ffffe1324b38
ffffe1e18820
ffffe290c508
ffffe34001f0
ffffe3ef3ed8
ffffe49e7bc0
ffffe54db8a8
ffffe5fcf590
ffffe6ac3278
ffffe75b6f60
ffffe80aac48
ffffe8b9e930
ffffe9692618
ffffea186300
ffffeac79fe8
ffffeb76dcd0
ffffec2619b8
ffffecd556a0
ffffed849388
ffffee33d070
ffffeee30d58
ffffef924a40
fffff0418728
fffff0f0c410
fffff1a000f8
fffff24f3de0
fffff2fe7ac8
fffff3adb7b0
fffff45cf498
fffff50c3180
fffff5bb6e68
fffff66aab50
fffff719e838
fffff7c92520
fffff8786208
fffff9279ef0
fffff9d6dbd8
fffffa8618c0
fffffb3555a8
fffffbe49290
fffffc93cf78
fffffd430c60
fffffdf24948
fffffea18630
ffffff50c318
000000000000
000000920816
00000124102c
000001b61842
000002482058
000002da286e
0000036c3084
000003fe389a
0000049040b0
0000052248c6
000005b450dc
0000064658f2
000006d86108
0000076a691e
000007fc7134
0000088e794a
000009208160
000009b28976
00000a44918c
00000ad699a2
00000b68a1b8
00000bfaa9ce
00000c8cb1e4
00000d1eb9fa
00000db0c210
00000e42ca26
00000ed4d23c
00000f66da52
00000ff8e268
0000108aea7e
0000111cf294
000011aefaaa
0000124102c0
000012d30ad6
0000136512ec
000013f71b02
000014892318
0000151b2b2e
000015ad3344
0000163f3b5a
000016d14370
000017634b86
000017f5539c
000018875bb2
0000191963c8
000019ab6bde
00001a3d73f4
00001acf7c0a
00001b618420
00001bf38c36
00001c85944c
00001d179c62
00001da9a478
00001e3bac8e
00001ecdb4a4
00001f5fbcba
00001ff1c4d0
00002083cce6
00002115d4fc
000021a7dd12
00002239e528
000022cbed3e
0000235df554
000023effd6a
000024820580
000025140d96
000025a615ac
000026381dc2
000026ca25d8
0000275c2dee
000027ee3604
000028803e1a
000029124630
000029a44e46
00002a36565c
00002ac85e72
00002b5a6688
00002bec6e9e
00002c7e76b4
00002d107eca
00002da286e0
00002e348ef6
00002ec6970c
00002f589f22
00002feaa738
0000307caf4e
0000310eb764
000031a0bf7a
00003232c790
000032c4cfa6
00003356d7bc
000033e8dfd2
0000347ae7e8
0000350ceffe
0000359ef814
00003631002a
000036c30840
000037551056
000037e7186c
000038792082
0000390b2898
0000399d30ae
00003a2f38c4
00003ac140da
00003b5348f0
00003be55106
00003c77591c
00003d096132
00003d9b6948
00003e2d715e
00003ebf7974
00003f51818a
00003fe389a0
0000407591b6
0000410799cc
00004199a1e2
0000422ba9f8
000042bdb20e
0000434fba24
000043e1c23a
00004473ca50
00004505d266
00004597da7c
00004629e292
000046bbeaa8
0000474df2be
000047dffad4
0000487202ea
ffffb6fbf500
ffffb78dfd16
ffffb820052c
ffffb8b20d42
ffffb9441558
ffffb9d61d6e
ffffba682584
ffffbafa2d9a
ffffbb8c35b0
ffffbc1e3dc6
ffffbcb045dc
ffffbd424df2
ffffbdd45608
ffffbe665e1e
ffffbef86634
ffffbf8a6e4a
ffffc01c7660
ffffc0ae7e76
ffffc140868c
ffffc1d28ea2
ffffc26496b8
ffffc2f69ece
ffffc388a6e4
ffffc41aaefa
ffffc4acb710
ffffc53ebf26
ffffc5d0c73c
ffffc662cf52
ffffc6f4d768
ffffc786df7e
ffffc818e794
ffffc8aaefaa
ffffc93cf7c0
ffffc9ceffd6
ffffca6107ec
ffffcaf31002
ffffcb851818
ffffcc17202e
ffffcca92844
ffffcd3b305a
ffffcdcd3870
ffffce5f4086
ffffcef1489c
ffffcf8350b2
ffffd01558c8
ffffd0a760de
ffffd13968f4
ffffd1cb710a
ffffd25d7920
ffffd2ef8136
ffffd381894c
ffffd4139162
ffffd4a59978
ffffd537a18e
ffffd5c9a9a4
ffffd65bb1ba
ffffd6edb9d0
ffffd77fc1e6
ffffd811c9fc
ffffd8a3d212
ffffd935da28
ffffd9c7e23e
ffffda59ea54
ffffdaebf26a
ffffdb7dfa80
ffffdc100296
ffffdca20aac
ffffdd3412c2
ffffddc61ad8
ffffde5822ee
ffffdeea2b04
ffffdf7c331a
ffffe00e3b30
ffffe0a04346
ffffe1324b5c
ffffe1c45372
ffffe2565b88
ffffe2e8639e
ffffe37a6bb4
ffffe40c73ca
ffffe49e7be0
ffffe53083f6
ffffe5c28c0c
ffffe6549422
ffffe6e69c38
ffffe778a44e
ffffe80aac64
ffffe89cb47a
ffffe92ebc90
ffffe9c0c4a6
ffffea52ccbc
ffffeae4d4d2
ffffeb76dce8
ffffec08e4fe
ffffec9aed14
ffffed2cf52a
ffffedbefd40
ffffee510556
ffffeee30d6c
ffffef751582
fffff0071d98
fffff09925ae
fffff12b2dc4
fffff1bd35da
fffff24f3df0
fffff2e14606
fffff3734e1c
fffff4055632
fffff4975e48
fffff529665e
fffff5bb6e74
fffff64d768a
fffff6df7ea0
fffff77186b6
fffff8038ecc
fffff89596e2
fffff9279ef8
fffff9b9a70e
fffffa4baf24
fffffaddb73a
fffffb6fbf50
fffffc01c766
fffffc93cf7c
fffffd25d792
fffffdb7dfa8
fffffe49e7be
fffffedbefd4
ffffff6df7ea
000000000000
000000af3ce8
0000015e79d0
0000020db6b8
000002bcf3a0
0000036c3088
0000041b6d70
000004caaa58
00000579e740
000006292428
000006d86110
000007879df8
00000836dae0
000008e617c8
0000099554b0
00000a449198
00000af3ce80
00000ba30b68
00000c524850
00000d018538
00000db0c220
00000e5fff08
00000f0f3bf0
00000fbe78d8
0000106db5c0
0000111cf2a8
000011cc2f90
0000127b6c78
0000132aa960
000013d9e648
000014892330
000015386018
000015e79d00
00001696d9e8
0000174616d0
000017f553b8
000018a490a0
00001953cd88
00001a030a70
00001ab24758
00001b618440
00001c10c128
00001cbffe10
00001d6f3af8
00001e1e77e0
00001ecdb4c8
00001f7cf1b0
0000202c2e98
000020db6b80
0000218aa868
00002239e550
000022e92238
000023985f20
000024479c08
000024f6d8f0
000025a615d8
0000265552c0
000027048fa8
000027b3cc90
000028630978
000029124660
000029c18348
00002a70c030
00002b1ffd18
00002bcf3a00
00002c7e76e8
00002d2db3d0
00002ddcf0b8
00002e8c2da0
00002f3b6a88
00002feaa770
00003099e458
000031492140
000031f85e28
000032a79b10
00003356d7f8
0000340614e0
000034b551c8
000035648eb0
00003613cb98
000036c30880
000037724568
000038218250
000038d0bf38
0000397ffc20
00003a2f3908
00003ade75f0
00003b8db2d8
00003c3cefc0
00003cec2ca8
00003d9b6990
00003e4aa678
00003ef9e360
00003fa92048
000040585d30
000041079a18
000041b6d700
0000426613e8
0000431550d0
000043c48db8
00004473caa0
000045230788
000045d24470
000046818158
00004730be40
000047dffb28
0000488f3810
0000493e74f8
000049edb1e0
00004a9ceec8
00004b4c2bb0
00004bfb6898
00004caaa580
00004d59e268
00004e091f50
00004eb85c38
00004f679920
00005016d608
000050c612f0
000051754fd8
000052248cc0
000052d3c9a8
000053830690
000054324378
000054e18060
00005590bd48
0000563ffa30
000056ef3718
ffffa8618c00
ffffa910c8e8
ffffa9c005d0
ffffaa6f42b8
ffffab1e7fa0
ffffabcdbc88
ffffac7cf970
ffffad2c3658
ffffaddb7340
ffffae8ab028
ffffaf39ed10
ffffafe929f8
ffffb09866e0
ffffb147a3c8
ffffb1f6e0b0
ffffb2a61d98
ffffb3555a80
ffffb4049768
ffffb4b3d450
ffffb5631138
ffffb6124e20
ffffb6c18b08
ffffb770c7f0
ffffb82004d8
ffffb8cf41c0
ffffb97e7ea8
ffffba2dbb90
ffffbadcf878
ffffbb8c3560
ffffbc3b7248
ffffbceaaf30
ffffbd99ec18
ffffbe492900
ffffbef865e8
ffffbfa7a2d0
ffffc056dfb8
ffffc1061ca0
ffffc1b55988
ffffc2649670
ffffc313d358
ffffc3c31040
ffffc4724d28
ffffc5218a10
ffffc5d0c6f8
ffffc68003e0
ffffc72f40c8
ffffc7de7db0
ffffc88dba98
ffffc93cf780
ffffc9ec3468
ffffca9b7150
ffffcb4aae38
ffffcbf9eb20
ffffcca92808
ffffcd5864f0
ffffce07a1d8
ffffceb6dec0
ffffcf661ba8
ffffd0155890
ffffd0c49578
ffffd173d260
ffffd2230f48
ffffd2d24c30
ffffd3818918
ffffd430c600
ffffd4e002e8
ffffd58f3fd0
ffffd63e7cb8
ffffd6edb9a0
ffffd79cf688
ffffd84c3370
ffffd8fb7058
ffffd9aaad40
ffffda59ea28
ffffdb092710
ffffdbb863f8
ffffdc67a0e0
ffffdd16ddc8
ffffddc61ab0
ffffde755798
ffffdf249480
ffffdfd3d168
ffffe0830e50
ffffe1324b38
ffffe1e18820
ffffe290c508
ffffe34001f0
ffffe3ef3ed8
ffffe49e7bc0
ffffe54db8a8
ffffe5fcf590
ffffe6ac3278
ffffe75b6f60
ffffe80aac48
ffffe8b9e930
ffffe9692618
ffffea186300
ffffeac79fe8
ffffeb76dcd0
ffffec2619b8
ffffecd556a0
ffffed849388
ffffee33d070
ffffeee30d58
ffffef924a40
fffff0418728
fffff0f0c410
fffff1a000f8
fffff24f3de0
fffff2fe7ac8
fffff3adb7b0
fffff45cf498
fffff50c3180
fffff5bb6e68
fffff66aab50
fffff719e838
fffff7c92520
fffff8786208
fffff9279ef0
fffff9d6dbd8
fffffa8618c0
fffffb3555a8
fffffbe49290
fffffc93cf78
fffffd430c60
fffffdf24948
fffffea18630
ffffff50c318
000000000000
000000920816
00000124102c
000001b61842
000002482058
000002da286e
0000036c3084
000003fe389a
0000049040b0
0000052248c6
000005b450dc
0000064658f2
000006d86108
0000076a691e
000007fc7134
0000088e794a
000009208160
000009b28976
00000a44918c
00000ad699a2
00000b68a1b8
00000bfaa9ce
00000c8cb1e4
00000d1eb9fa
00000db0c210
00000e42ca26
00000ed4d23c
00000f66da52
00000ff8e268
0000108aea7e
0000111cf294
000011aefaaa
0000124102c0
000012d30ad6
0000136512ec
000013f71b02
000014892318
0000151b2b2e
000015ad3344
0000163f3b5a
000016d14370
000017634b86
000017f5539c
000018875bb2
0000191963c8
000019ab6bde
00001a3d73f4
00001acf7c0a
00001b618420
00001bf38c36
00001c85944c
00001d179c62
00001da9a478
00001e3bac8e
00001ecdb4a4
00001f5fbcba
00001ff1c4d0
00002083cce6
00002115d4fc
000021a7dd12
00002239e528
000022cbed3e
0000235df554
000023effd6a
000024820580
000025140d96
000025a615ac
000026381dc2
000026ca25d8
0000275c2dee
000027ee3604
000028803e1a
000029124630
000029a44e46
00002a36565c
00002ac85e72
00002b5a6688
00002bec6e9e
00002c7e76b4
00002d107eca
00002da286e0
00002e348ef6
00002ec6970c
00002f589f22
00002feaa738
0000307caf4e
0000310eb764
000031a0bf7a
00003232c790
000032c4cfa6
00003356d7bc
000033e8dfd2
0000347ae7e8
0000350ceffe
0000359ef814
00003631002a
000036c30840
000037551056
000037e7186c
000038792082
0000390b2898
0000399d30ae
00003a2f38c4
00003ac140da
00003b5348f0
00003be55106
00003c77591c
00003d096132
00003d9b6948
00003e2d715e
00003ebf7974
00003f51818a
00003fe389a0
0000407591b6
0000410799cc
00004199a1e2
0000422ba9f8
000042bdb20e
0000434fba24
000043e1c23a
00004473ca50
00004505d266
00004597da7c
00004629e292
000046bbeaa8
0000474df2be
000047dffad4
0000487202ea
ffffb6fbf500
ffffb78dfd16
ffffb820052c
ffffb8b20d42
ffffb9441558
ffffb9d61d6e
ffffba682584
ffffbafa2d9a
ffffbb8c35b0
ffffbc1e3dc6
ffffbcb045dc
ffffbd424df2
ffffbdd45608
ffffbe665e1e
ffffbef86634
ffffbf8a6e4a
ffffc01c7660
ffffc0ae7e76
ffffc140868c
ffffc1d28ea2
ffffc26496b8
ffffc2f69ece
ffffc388a6e4
ffffc41aaefa
ffffc4acb710
ffffc53ebf26
ffffc5d0c73c
ffffc662cf52
ffffc6f4d768
ffffc786df7e
ffffc818e794
ffffc8aaefaa
ffffc93cf7c0
ffffc9ceffd6
ffffca6107ec
ffffcaf31002
ffffcb851818
ffffcc17202e
ffffcca92844
ffffcd3b305a
ffffcdcd3870
ffffce5f4086
ffffcef1489c
ffffcf8350b2
ffffd01558c8
ffffd0a760de
ffffd13968f4
ffffd1cb710a
ffffd25d7920
ffffd2ef8136
ffffd381894c
ffffd4139162
ffffd4a59978
ffffd537a18e
ffffd5c9a9a4
ffffd65bb1ba
ffffd6edb9d0
ffffd77fc1e6
ffffd811c9fc
ffffd8a3d212
ffffd935da28
ffffd9c7e23e
ffffda59ea54
ffffdaebf26a
ffffdb7dfa80
ffffdc100296
ffffdca20aac
ffffdd3412c2
ffffddc61ad8
ffffde5822ee
ffffdeea2b04
ffffdf7c331a
ffffe00e3b30
ffffe0a04346
ffffe1324b5c
ffffe1c45372
ffffe2565b88
ffffe2e8639e
ffffe37a6bb4
ffffe40c73ca
ffffe49e7be0
ffffe53083f6
ffffe5c28c0c
ffffe6549422
ffffe6e69c38
ffffe778a44e
ffffe80aac64
ffffe89cb47a
ffffe92ebc90
ffffe9c0c4a6
ffffea52ccbc
ffffeae4d4d2
ffffeb76dce8
ffffec08e4fe
ffffec9aed14
ffffed2cf52a
ffffedbefd40
ffffee510556
ffffeee30d6c
ffffef751582
fffff0071d98
fffff09925ae
fffff12b2dc4
fffff1bd35da
fffff24f3df0
fffff2e14606
fffff3734e1c
fffff4055632
fffff4975e48
fffff529665e
fffff5bb6e74
fffff64d768a
fffff6df7ea0
fffff77186b6
fffff8038ecc
fffff89596e2
fffff9279ef8
fffff9b9a70e
fffffa4baf24
fffffaddb73a
fffffb6fbf50
fffffc01c766
fffffc93cf7c
fffffd25d792
fffffdb7dfa8
fffffe49e7be
fffffedbefd4
ffffff6df7ea
000000000000
000000920816
00000124102c
000001b61842
000002482058
000002da286e
0000036c3084
000003fe389a
0000049040b0
0000052248c6
000005b450dc
0000064658f2
000006d86108
0000076a691e
000007fc7134
0000088e794a
000009208160
000009b28976
00000a44918c
00000ad699a2
00000b68a1b8
00000bfaa9ce
00000c8cb1e4
00000d1eb9fa
00000db0c210
00000e42ca26
00000ed4d23c
00000f66da52
00000ff8e268
0000108aea7e
0000111cf294
000011aefaaa
0000124102c0
000012d30ad6
0000136512ec
000013f71b02
000014892318
0000151b2b2e
000015ad3344
0000163f3b5a
000016d14370
000017634b86
000017f5539c
000018875bb2
0000191963c8
000019ab6bde
00001a3d73f4
00001acf7c0a
00001b618420
00001bf38c36
00001c85944c
00001d179c62
00001da9a478
00001e3bac8e
00001ecdb4a4
00001f5fbcba
00001ff1c4d0
00002083cce6
00002115d4fc
000021a7dd12
00002239e528
000022cbed3e
0000235df554
000023effd6a
000024820580
000025140d96
000025a615ac
000026381dc2
000026ca25d8
0000275c2dee
000027ee3604
000028803e1a
000029124630
000029a44e46
00002a36565c
00002ac85e72
00002b5a6688
00002bec6e9e
00002c7e76b4
00002d107eca
00002da286e0
00002e348ef6
00002ec6970c
00002f589f22
00002feaa738
0000307caf4e
0000310eb764
000031a0bf7a
00003232c790
000032c4cfa6
00003356d7bc
000033e8dfd2
0000347ae7e8
0000350ceffe
0000359ef814
00003631002a
000036c30840
000037551056
000037e7186c
000038792082
0000390b2898
0000399d30ae
00003a2f38c4
00003ac140da
00003b5348f0
00003be55106
00003c77591c
00003d096132
00003d9b6948
00003e2d715e
00003ebf7974
00003f51818a
00003fe389a0
0000407591b6
0000410799cc
00004199a1e2
0000422ba9f8
000042bdb20e
0000434fba24
000043e1c23a
00004473ca50
00004505d266
00004597da7c
00004629e292
000046bbeaa8
0000474df2be
000047dffad4
0000487202ea
ffffb6fbf500
ffffb78dfd16
ffffb820052c
ffffb8b20d42
ffffb9441558
ffffb9d61d6e
ffffba682584
ffffbafa2d9a
ffffbb8c35b0
ffffbc1e3dc6
ffffbcb045dc
ffffbd424df2
ffffbdd45608
ffffbe665e1e
ffffbef86634
ffffbf8a6e4a
ffffc01c7660
ffffc0ae7e76
ffffc140868c
ffffc1d28ea2
ffffc26496b8
ffffc2f69ece
ffffc388a6e4
ffffc41aaefa
ffffc4acb710
ffffc53ebf26
ffffc5d0c73c
ffffc662cf52
ffffc6f4d768
ffffc786df7e
ffffc818e794
ffffc8aaefaa
ffffc93cf7c0
ffffc9ceffd6
ffffca6107ec
ffffcaf31002
ffffcb851818
ffffcc17202e
ffffcca92844
ffffcd3b305a
ffffcdcd3870
ffffce5f4086
ffffcef1489c
ffffcf8350b2
ffffd01558c8
ffffd0a760de
ffffd13968f4
ffffd1cb710a
ffffd25d7920
ffffd2ef8136
ffffd381894c
ffffd4139162
ffffd4a59978
ffffd537a18e
ffffd5c9a9a4
ffffd65bb1ba
ffffd6edb9d0
ffffd77fc1e6
ffffd811c9fc
ffffd8a3d212
ffffd935da28
ffffd9c7e23e
ffffda59ea54
ffffdaebf26a
ffffdb7dfa80
ffffdc100296
ffffdca20aac
ffffdd3412c2
ffffddc61ad8
ffffde5822ee
ffffdeea2b04
ffffdf7c331a
ffffe00e3b30
ffffe0a04346
ffffe1324b5c
ffffe1c45372
ffffe2565b88
ffffe2e8639e
ffffe37a6bb4
ffffe40c73ca
ffffe49e7be0
ffffe53083f6
ffffe5c28c0c
ffffe6549422
ffffe6e69c38
ffffe778a44e
ffffe80aac64
ffffe89cb47a
ffffe92ebc90
ffffe9c0c4a6
ffffea52ccbc
ffffeae4d4d2
ffffeb76dce8
ffffec08e4fe
ffffec9aed14
ffffed2cf52a
ffffedbefd40
ffffee510556
ffffeee30d6c
ffffef751582
fffff0071d98
fffff09925ae
fffff12b2dc4
fffff1bd35da
fffff24f3df0
fffff2e14606
fffff3734e1c
fffff4055632
fffff4975e48
fffff529665e
fffff5bb6e74
fffff64d768a
fffff6df7ea0
fffff77186b6
fffff8038ecc
fffff89596e2
fffff9279ef8
fffff9b9a70e
fffffa4baf24
fffffaddb73a
fffffb6fbf50
fffffc01c766
fffffc93cf7c
fffffd25d792
fffffdb7dfa8
fffffe49e7be
fffffedbefd4
ffffff6df7ea
000000000000
000000af3ce8
0000015e79d0
0000020db6b8
000002bcf3a0
0000036c3088
0000041b6d70
000004caaa58
00000579e740
000006292428
000006d86110
000007879df8
00000836dae0
000008e617c8
0000099554b0
00000a449198
00000af3ce80
00000ba30b68
00000c524850
00000d018538
00000db0c220
00000e5fff08
00000f0f3bf0
00000fbe78d8
0000106db5c0
0000111cf2a8
000011cc2f90
0000127b6c78
0000132aa960
000013d9e648
000014892330
000015386018
000015e79d00
00001696d9e8
0000174616d0
000017f553b8
000018a490a0
00001953cd88
00001a030a70
00001ab24758
00001b618440
00001c10c128
00001cbffe10
00001d6f3af8
00001e1e77e0
00001ecdb4c8
00001f7cf1b0
0000202c2e98
000020db6b80
0000218aa868
00002239e550
000022e92238
000023985f20
000024479c08
000024f6d8f0
000025a615d8
0000265552c0
000027048fa8
000027b3cc90
000028630978
000029124660
000029c18348
00002a70c030
00002b1ffd18
00002bcf3a00
00002c7e76e8
00002d2db3d0
00002ddcf0b8
00002e8c2da0
00002f3b6a88
00002feaa770
00003099e458
000031492140
000031f85e28
000032a79b10
00003356d7f8
0000340614e0
000034b551c8
000035648eb0
00003613cb98
000036c30880
000037724568
000038218250
000038d0bf38
0000397ffc20
00003a2f3908
00003ade75f0
00003b8db2d8
00003c3cefc0
00003cec2ca8
00003d9b6990
00003e4aa678
00003ef9e360
00003fa92048
000040585d30
000041079a18
000041b6d700
0000426613e8
0000431550d0
000043c48db8
00004473caa0
000045230788
000045d24470
000046818158
00004730be40
000047dffb28
0000488f3810
0000493e74f8
000049edb1e0
00004a9ceec8
00004b4c2bb0
00004bfb6898
00004caaa580
00004d59e268
00004e091f50
00004eb85c38
00004f679920
00005016d608
000050c612f0
000051754fd8
000052248cc0
000052d3c9a8
000053830690
000054324378
000054e18060
00005590bd48
0000563ffa30
000056ef3718
ffffa8618c00
ffffa910c8e8
ffffa9c005d0
ffffaa6f42b8
ffffab1e7fa0
ffffabcdbc88
ffffac7cf970
ffffad2c3658
ffffaddb7340
ffffae8ab028
ffffaf39ed10
ffffafe929f8
ffffb09866e0
ffffb147a3c8
ffffb1f6e0b0
ffffb2a61d98
ffffb3555a80
ffffb4049768
ffffb4b3d450
ffffb5631138
ffffb6124e20
ffffb6c18b08
ffffb770c7f0
ffffb82004d8
ffffb8cf41c0
ffffb97e7ea8
ffffba2dbb90
ffffbadcf878
ffffbb8c3560
ffffbc3b7248
ffffbceaaf30
ffffbd99ec18
ffffbe492900
ffffbef865e8
ffffbfa7a2d0
ffffc056dfb8
ffffc1061ca0
ffffc1b55988
ffffc2649670
ffffc313d358
ffffc3c31040
ffffc4724d28
ffffc5218a10
ffffc5d0c6f8
ffffc68003e0
ffffc72f40c8
ffffc7de7db0
ffffc88dba98
ffffc93cf780
ffffc9ec3468
ffffca9b7150
ffffcb4aae38
ffffcbf9eb20
ffffcca92808
ffffcd5864f0
ffffce07a1d8
ffffceb6dec0
ffffcf661ba8
ffffd0155890
ffffd0c49578
ffffd173d260
ffffd2230f48
ffffd2d24c30
ffffd3818918
ffffd430c600
ffffd4e002e8
ffffd58f3fd0
ffffd63e7cb8
ffffd6edb9a0
ffffd79cf688
ffffd84c3370
ffffd8fb7058
ffffd9aaad40
ffffda59ea28
ffffdb092710
ffffdbb863f8
ffffdc67a0e0
ffffdd16ddc8
ffffddc61ab0
ffffde755798
ffffdf249480
ffffdfd3d168
ffffe0830e50
ffffe1324b38
ffffe1e18820
ffffe290c508
ffffe34001f0
ffffe3ef3ed8
ffffe49e7bc0
ffffe54db8a8
ffffe5fcf590
ffffe6ac3278
ffffe75b6f60
ffffe80aac48
ffffe8b9e930
ffffe9692618
ffffea186300
ffffeac79fe8
ffffeb76dcd0
ffffec2619b8
ffffecd556a0
ffffed849388
ffffee33d070
ffffeee30d58
ffffef924a40
fffff0418728
fffff0f0c410
fffff1a000f8
fffff24f3de0
fffff2fe7ac8
fffff3adb7b0
fffff45cf498
fffff50c3180
fffff5bb6e68
fffff66aab50
fffff719e838
fffff7c92520
fffff8786208
fffff9279ef0
fffff9d6dbd8
fffffa8618c0
fffffb3555a8
fffffbe49290
fffffc93cf78
fffffd430c60
fffffdf24948
fffffea18630
ffffff50c318
000000000000
000000af3ce8
0000015e79d0
0000020db6b8
000002bcf3a0
0000036c3088
0000041b6d70
000004caaa58
00000579e740
000006292428
000006d86110
000007879df8
00000836dae0
000008e617c8
0000099554b0
00000a449198
00000af3ce80
00000ba30b68
00000c524850
00000d018538
00000db0c220
00000e5fff08
00000f0f3bf0
00000fbe78d8
0000106db5c0
0000111cf2a8
000011cc2f90
0000127b6c78
0000132aa960
000013d9e648
000014892330
000015386018
000015e79d00
00001696d9e8
0000174616d0
000017f553b8
000018a490a0
00001953cd88
00001a030a70
00001ab24758
00001b618440
00001c10c128
00001cbffe10
00001d6f3af8
00001e1e77e0
00001ecdb4c8
00001f7cf1b0
0000202c2e98
000020db6b80
0000218aa868
00002239e550
000022e92238
000023985f20
000024479c08
000024f6d8f0
000025a615d8
0000265552c0
000027048fa8
000027b3cc90
000028630978
000029124660
000029c18348
00002a70c030
00002b1ffd18
00002bcf3a00
00002c7e76e8
00002d2db3d0
00002ddcf0b8
00002e8c2da0
00002f3b6a88
00002feaa770
00003099e458
000031492140
000031f85e28
000032a79b10
00003356d7f8
0000340614e0
000034b551c8
000035648eb0
00003613cb98
000036c30880
000037724568
000038218250
000038d0bf38
0000397ffc20
00003a2f3908
00003ade75f0
00003b8db2d8
00003c3cefc0
00003cec2ca8
00003d9b6990
00003e4aa678
00003ef9e360
00003fa92048
000040585d30
000041079a18
000041b6d700
0000426613e8
0000431550d0
000043c48db8
00004473caa0
000045230788
000045d24470
000046818158
00004730be40
000047dffb28
0000488f3810
0000493e74f8
000049edb1e0
00004a9ceec8
00004b4c2bb0
00004bfb6898
00004caaa580
00004d59e268
00004e091f50
00004eb85c38
00004f679920
00005016d608
000050c612f0
000051754fd8
000052248cc0
000052d3c9a8
000053830690
000054324378
000054e18060
00005590bd48
0000563ffa30
000056ef3718
ffffa8618c00
ffffa910c8e8
ffffa9c005d0
ffffaa6f42b8
ffffab1e7fa0
ffffabcdbc88
ffffac7cf970
ffffad2c3658
ffffaddb7340
ffffae8ab028
ffffaf39ed10
ffffafe929f8
ffffb09866e0
ffffb147a3c8
ffffb1f6e0b0
ffffb2a61d98
ffffb3555a80
ffffb4049768
ffffb4b3d450
ffffb5631138
ffffb6124e20
ffffb6c18b08
ffffb770c7f0
ffffb82004d8
ffffb8cf41c0
ffffb97e7ea8
ffffba2dbb90
ffffbadcf878
ffffbb8c3560
ffffbc3b7248
ffffbceaaf30
ffffbd99ec18
ffffbe492900
ffffbef865e8
ffffbfa7a2d0
ffffc056dfb8
ffffc1061ca0
ffffc1b55988
ffffc2649670
ffffc313d358
ffffc3c31040
ffffc4724d28
ffffc5218a10
ffffc5d0c6f8
ffffc68003e0
ffffc72f40c8
ffffc7de7db0
ffffc88dba98
ffffc93cf780
ffffc9ec3468
ffffca9b7150
ffffcb4aae38
ffffcbf9eb20
ffffcca92808
ffffcd5864f0
ffffce07a1d8
ffffceb6dec0
ffffcf661ba8
ffffd0155890
ffffd0c49578
ffffd173d260
ffffd2230f48
ffffd2d24c30
ffffd3818918
ffffd430c600
ffffd4e002e8
ffffd58f3fd0
ffffd63e7cb8
ffffd6edb9a0
ffffd79cf688
ffffd84c3370
ffffd8fb7058
ffffd9aaad40
ffffda59ea28
ffffdb092710
ffffdbb863f8
ffffdc67a0e0
ffffdd16ddc8
ffffddc61ab0
ffffde755798
ffffdf249480
ffffdfd3d168
ffffe0830e50
ffffe1324b38
ffffe1e18820
ffffe290c508
ffffe34001f0
ffffe3ef3ed8
ffffe49e7bc0
ffffe54db8a8
ffffe5fcf590
ffffe6ac3278
ffffe75b6f60
ffffe80aac48
ffffe8b9e930
ffffe9692618
ffffea186300
ffffeac79fe8
ffffeb76dcd0
ffffec2619b8
ffffecd556a0
ffffed849388
ffffee33d070
ffffeee30d58
ffffef924a40
fffff0418728
fffff0f0c410
fffff1a000f8
fffff24f3de0
fffff2fe7ac8
fffff3adb7b0
fffff45cf498
fffff50c3180
fffff5bb6e68
fffff66aab50
fffff719e838
fffff7c92520
fffff8786208
fffff9279ef0
fffff9d6dbd8
fffffa8618c0
fffffb3555a8
fffffbe49290
fffffc93cf78
fffffd430c60
fffffdf24948
fffffea18630
ffffff50c318
000000000000
000000af3ce8
0000015e79d0
0000020db6b8
000002bcf3a0
0000036c3088
0000041b6d70
000004caaa58
00000579e740
000006292428
000006d86110
000007879df8
00000836dae0
000008e617c8
0000099554b0
00000a449198
00000af3ce80
00000ba30b68
00000c524850
00000d018538
00000db0c220
00000e5fff08
00000f0f3bf0
00000fbe78d8
0000106db5c0
0000111cf2a8
000011cc2f90
0000127b6c78
0000132aa960
000013d9e648
000014892330
000015386018
000015e79d00
00001696d9e8
0000174616d0
000017f553b8
000018a490a0
00001953cd88
00001a030a70
00001ab24758
00001b618440
00001c10c128
00001cbffe10
00001d6f3af8
00001e1e77e0
00001ecdb4c8
00001f7cf1b0
0000202c2e98
000020db6b80
0000218aa868
00002239e550
000022e92238
000023985f20
000024479c08
000024f6d8f0
000025a615d8
0000265552c0
000027048fa8
000027b3cc90
000028630978
000029124660
000029c18348
00002a70c030
00002b1ffd18
00002bcf3a00
00002c7e76e8
00002d2db3d0
00002ddcf0b8
00002e8c2da0
00002f3b6a88
00002feaa770
00003099e458
000031492140
000031f85e28
000032a79b10
00003356d7f8
0000340614e0
000034b551c8
000035648eb0
00003613cb98
000036c30880
000037724568
000038218250
000038d0bf38
0000397ffc20
00003a2f3908
00003ade75f0
00003b8db2d8
00003c3cefc0
00003cec2ca8
00003d9b6990
00003e4aa678
00003ef9e360
00003fa92048
000040585d30
000041079a18
000041b6d700
0000426613e8
0000431550d0
000043c48db8
00004473caa0
000045230788
000045d24470
000046818158
00004730be40
000047dffb28
0000488f3810
0000493e74f8
000049edb1e0
00004a9ceec8
00004b4c2bb0
00004bfb6898
00004caaa580
00004d59e268
00004e091f50
00004eb85c38
00004f679920
00005016d608
000050c612f0
000051754fd8
000052248cc0
000052d3c9a8
000053830690
000054324378
000054e18060
00005590bd48
0000563ffa30
000056ef3718
ffffa8618c00
ffffa910c8e8
ffffa9c005d0
ffffaa6f42b8
ffffab1e7fa0
ffffabcdbc88
ffffac7cf970
ffffad2c3658
ffffaddb7340
ffffae8ab028
ffffaf39ed10
ffffafe929f8
ffffb09866e0
ffffb147a3c8
ffffb1f6e0b0
ffffb2a61d98
ffffb3555a80
ffffb4049768
ffffb4b3d450
ffffb5631138
ffffb6124e20
ffffb6c18b08
ffffb770c7f0
ffffb82004d8
ffffb8cf41c0
ffffb97e7ea8
ffffba2dbb90
ffffbadcf878
ffffbb8c3560
ffffbc3b7248
ffffbceaaf30
ffffbd99ec18
ffffbe492900
ffffbef865e8
ffffbfa7a2d0
ffffc056dfb8
ffffc1061ca0
ffffc1b55988
ffffc2649670
ffffc313d358
ffffc3c31040
ffffc4724d28
ffffc5218a10
ffffc5d0c6f8
ffffc68003e0
ffffc72f40c8
ffffc7de7db0
ffffc88dba98
ffffc93cf780
ffffc9ec3468
ffffca9b7150
ffffcb4aae38
ffffcbf9eb20
ffffcca92808
ffffcd5864f0
ffffce07a1d8
ffffceb6dec0
ffffcf661ba8
ffffd0155890
ffffd0c49578
ffffd173d260
ffffd2230f48
ffffd2d24c30
ffffd3818918
ffffd430c600
ffffd4e002e8
ffffd58f3fd0
ffffd63e7cb8
ffffd6edb9a0
ffffd79cf688
ffffd84c3370
ffffd8fb7058
ffffd9aaad40
ffffda59ea28
ffffdb092710
ffffdbb863f8
ffffdc67a0e0
ffffdd16ddc8
ffffddc61ab0
ffffde755798
ffffdf249480
ffffdfd3d168
ffffe0830e50
ffffe1324b38
ffffe1e18820
ffffe290c508
ffffe34001f0
ffffe3ef3ed8
ffffe49e7bc0
ffffe54db8a8
ffffe5fcf590
ffffe6ac3278
ffffe75b6f60
ffffe80aac48
ffffe8b9e930
ffffe9692618
ffffea186300
ffffeac79fe8
ffffeb76dcd0
ffffec2619b8
ffffecd556a0
ffffed849388
ffffee33d070
ffffeee30d58
ffffef924a40
fffff0418728
fffff0f0c410
fffff1a000f8
fffff24f3de0
fffff2fe7ac8
fffff3adb7b0
fffff45cf498
fffff50c3180
fffff5bb6e68
fffff66aab50
fffff719e838
fffff7c92520
fffff8786208
fffff9279ef0
fffff9d6dbd8
fffffa8618c0
fffffb3555a8
fffffbe49290
fffffc93cf78
fffffd430c60
fffffdf24948
fffffea18630
ffffff50c318
000000000000
000000920816
00000124102c
000001b61842
000002482058
000002da286e
0000036c3084
000003fe389a
0000049040b0
0000052248c6
000005b450dc
0000064658f2
000006d86108
0000076a691e
000007fc7134
0000088e794a
000009208160
000009b28976
00000a44918c
00000ad699a2
00000b68a1b8
00000bfaa9ce
00000c8cb1e4
00000d1eb9fa
00000db0c210
00000e42ca26
00000ed4d23c
00000f66da52
00000ff8e268
0000108aea7e
0000111cf294
000011aefaaa
0000124102c0
000012d30ad6
0000136512ec
000013f71b02
000014892318
0000151b2b2e
000015ad3344
0000163f3b5a
000016d14370
000017634b86
000017f5539c
000018875bb2
0000191963c8
000019ab6bde
00001a3d73f4
00001acf7c0a
00001b618420
00001bf38c36
00001c85944c
00001d179c62
00001da9a478
00001e3bac8e
00001ecdb4a4
00001f5fbcba
00001ff1c4d0
00002083cce6
00002115d4fc
000021a7dd12
00002239e528
000022cbed3e
0000235df554
000023effd6a
000024820580
000025140d96
000025a615ac
000026381dc2
000026ca25d8
0000275c2dee
000027ee3604
000028803e1a
000029124630
000029a44e46
00002a36565c
00002ac85e72
00002b5a6688
00002bec6e9e
00002c7e76b4
00002d107eca
00002da286e0
00002e348ef6
00002ec6970c
00002f589f22
00002feaa738
0000307caf4e
0000310eb764
000031a0bf7a
00003232c790
000032c4cfa6
00003356d7bc
000033e8dfd2
0000347ae7e8
0000350ceffe
0000359ef814
00003631002a
000036c30840
000037551056
000037e7186c
000038792082
0000390b2898
0000399d30ae
00003a2f38c4
00003ac140da
00003b5348f0
00003be55106
00003c77591c
00003d096132
00003d9b6948
00003e2d715e
00003ebf7974
00003f51818a
00003fe389a0
0000407591b6
0000410799cc
00004199a1e2
0000422ba9f8
000042bdb20e
0000434fba24
000043e1c23a
00004473ca50
00004505d266
00004597da7c
00004629e292
000046bbeaa8
0000474df2be
000047dffad4
0000487202ea
ffffb6fbf500
ffffb78dfd16
ffffb820052c
ffffb8b20d42
ffffb9441558
ffffb9d61d6e
ffffba682584
ffffbafa2d9a
ffffbb8c35b0
ffffbc1e3dc6
ffffbcb045dc
ffffbd424df2
ffffbdd45608
ffffbe665e1e
ffffbef86634
ffffbf8a6e4a
ffffc01c7660
ffffc0ae7e76
ffffc140868c
ffffc1d28ea2
ffffc26496b8
ffffc2f69ece
ffffc388a6e4
ffffc41aaefa
ffffc4acb710
ffffc53ebf26
ffffc5d0c73c
ffffc662cf52
ffffc6f4d768
ffffc786df7e
ffffc818e794
ffffc8aaefaa
ffffc93cf7c0
ffffc9ceffd6
ffffca6107ec
ffffcaf31002
ffffcb851818
ffffcc17202e
ffffcca92844
ffffcd3b305a
ffffcdcd3870
ffffce5f4086
ffffcef1489c
ffffcf8350b2
ffffd01558c8
ffffd0a760de
ffffd13968f4
ffffd1cb710a
ffffd25d7920
ffffd2ef8136
ffffd381894c
ffffd4139162
ffffd4a59978
ffffd537a18e
ffffd5c9a9a4
ffffd65bb1ba
ffffd6edb9d0
ffffd77fc1e6
ffffd811c9fc
ffffd8a3d212
ffffd935da28
ffffd9c7e23e
ffffda59ea54
ffffdaebf26a
ffffdb7dfa80
ffffdc100296
ffffdca20aac
ffffdd3412c2
ffffddc61ad8
ffffde5822ee
ffffdeea2b04
ffffdf7c331a
ffffe00e3b30
ffffe0a04346
ffffe1324b5c
ffffe1c45372
ffffe2565b88
ffffe2e8639e
ffffe37a6bb4
ffffe40c73ca
ffffe49e7be0
ffffe53083f6
ffffe5c28c0c
ffffe6549422
ffffe6e69c38
ffffe778a44e
ffffe80aac64
ffffe89cb47a
ffffe92ebc90
ffffe9c0c4a6
ffffea52ccbc
ffffeae4d4d2
ffffeb76dce8
ffffec08e4fe
ffffec9aed14
ffffed2cf52a
ffffedbefd40
ffffee510556
ffffeee30d6c
ffffef751582
fffff0071d98
fffff09925ae
fffff12b2dc4
fffff1bd35da
fffff24f3df0
fffff2e14606
fffff3734e1c
fffff4055632
fffff4975e48
fffff529665e
fffff5bb6e74
fffff64d768a
fffff6df7ea0
fffff77186b6
fffff8038ecc
fffff89596e2
fffff9279ef8
fffff9b9a70e
fffffa4baf24
fffffaddb73a
fffffb6fbf50
fffffc01c766
fffffc93cf7c
fffffd25d792
fffffdb7dfa8
fffffe49e7be
fffffedbefd4
ffffff6df7ea
000000000000
000000920816
00000124102c
000001b61842
000002482058
000002da286e
0000036c3084
000003fe389a
0000049040b0
0000052248c6
000005b450dc
0000064658f2
000006d86108
0000076a691e
000007fc7134
0000088e794a
000009208160
000009b28976
00000a44918c
00000ad699a2
00000b68a1b8
00000bfaa9ce
00000c8cb1e4
00000d1eb9fa
00000db0c210
00000e42ca26
00000ed4d23c
00000f66da52
00000ff8e268
0000108aea7e
0000111cf294
000011aefaaa
0000124102c0
000012d30ad6
0000136512ec
000013f71b02
000014892318
0000151b2b2e
000015ad3344
0000163f3b5a
000016d14370
000017634b86
000017f5539c
000018875bb2
0000191963c8
000019ab6bde
00001a3d73f4
00001acf7c0a
00001b618420
00001bf38c36
00001c85944c
00001d179c62
00001da9a478
00001e3bac8e
00001ecdb4a4
00001f5fbcba
00001ff1c4d0
00002083cce6
00002115d4fc
000021a7dd12
00002239e528
000022cbed3e
0000235df554
000023effd6a
000024820580
000025140d96
000025a615ac
000026381dc2
000026ca25d8
0000275c2dee
000027ee3604
000028803e1a
000029124630
000029a44e46
00002a36565c
00002ac85e72
00002b5a6688
00002bec6e9e
00002c7e76b4
00002d107eca
00002da286e0
00002e348ef6
00002ec6970c
00002f589f22
00002feaa738
0000307caf4e
0000310eb764
000031a0bf7a
00003232c790
000032c4cfa6
00003356d7bc
000033e8dfd2
0000347ae7e8
0000350ceffe
0000359ef814
00003631002a
000036c30840
000037551056
000037e7186c
000038792082
0000390b2898
0000399d30ae
00003a2f38c4
00003ac140da
00003b5348f0
00003be55106
00003c77591c
00003d096132
00003d9b6948
00003e2d715e
00003ebf7974
00003f51818a
00003fe389a0
0000407591b6
0000410799cc
00004199a1e2
0000422ba9f8
000042bdb20e
0000434fba24
000043e1c23a
00004473ca50
00004505d266
00004597da7c
00004629e292
000046bbeaa8
0000474df2be
000047dffad4
0000487202ea
ffffb6fbf500
ffffb78dfd16
ffffb820052c
ffffb8b20d42
ffffb9441558
ffffb9d61d6e
ffffba682584
ffffbafa2d9a
ffffbb8c35b0
ffffbc1e3dc6
ffffbcb045dc
ffffbd424df2
ffffbdd45608
ffffbe665e1e
ffffbef86634
ffffbf8a6e4a
ffffc01c7660
ffffc0ae7e76
ffffc140868c
ffffc1d28ea2
ffffc26496b8
ffffc2f69ece
ffffc388a6e4
ffffc41aaefa
ffffc4acb710
ffffc53ebf26
ffffc5d0c73c
ffffc662cf52
ffffc6f4d768
ffffc786df7e
ffffc818e794
ffffc8aaefaa
ffffc93cf7c0
ffffc9ceffd6
ffffca6107ec
ffffcaf31002
ffffcb851818
ffffcc17202e
ffffcca92844
ffffcd3b305a
ffffcdcd3870
ffffce5f4086
ffffcef1489c
ffffcf8350b2
ffffd01558c8
ffffd0a760de
ffffd13968f4
ffffd1cb710a
ffffd25d7920
ffffd2ef8136
ffffd381894c
ffffd4139162
ffffd4a59978
ffffd537a18e
ffffd5c9a9a4
ffffd65bb1ba
ffffd6edb9d0
ffffd77fc1e6
ffffd811c9fc
ffffd8a3d212
ffffd935da28
ffffd9c7e23e
ffffda59ea54
ffffdaebf26a
ffffdb7dfa80
ffffdc100296
ffffdca20aac
ffffdd3412c2
ffffddc61ad8
ffffde5822ee
ffffdeea2b04
ffffdf7c331a
ffffe00e3b30
ffffe0a04346
ffffe1324b5c
ffffe1c45372
ffffe2565b88
ffffe2e8639e
ffffe37a6bb4
ffffe40c73ca
ffffe49e7be0
ffffe53083f6
ffffe5c28c0c
ffffe6549422
ffffe6e69c38
ffffe778a44e
ffffe80aac64
ffffe89cb47a
ffffe92ebc90
ffffe9c0c4a6
ffffea52ccbc
ffffeae4d4d2
ffffeb76dce8
ffffec08e4fe
ffffec9aed14
ffffed2cf52a
ffffedbefd40
ffffee510556
ffffeee30d6c
ffffef751582
fffff0071d98
fffff09925ae
fffff12b2dc4
fffff1bd35da
fffff24f3df0
fffff2e14606
fffff3734e1c
fffff4055632
fffff4975e48
fffff529665e
fffff5bb6e74
fffff64d768a
fffff6df7ea0
fffff77186b6
fffff8038ecc
fffff89596e2
fffff9279ef8
fffff9b9a70e
fffffa4baf24
fffffaddb73a
fffffb6fbf50
fffffc01c766
fffffc93cf7c
fffffd25d792
fffffdb7dfa8
fffffe49e7be
fffffedbefd4
ffffff6df7ea
000000000000
000000920816
00000124102c
000001b61842
000002482058
000002da286e
0000036c3084
000003fe389a
0000049040b0
0000052248c6
000005b450dc
0000064658f2
000006d86108
0000076a691e
000007fc7134
0000088e794a
000009208160
000009b28976
00000a44918c
00000ad699a2
00000b68a1b8
00000bfaa9ce
00000c8cb1e4
00000d1eb9fa
00000db0c210
00000e42ca26
00000ed4d23c
00000f66da52
00000ff8e268
0000108aea7e
0000111cf294
000011aefaaa
0000124102c0
000012d30ad6
0000136512ec
000013f71b02
000014892318
0000151b2b2e
000015ad3344
0000163f3b5a
000016d14370
000017634b86
000017f5539c
000018875bb2
0000191963c8
000019ab6bde
00001a3d73f4
00001acf7c0a
00001b618420
00001bf38c36
00001c85944c
00001d179c62
00001da9a478
00001e3bac8e
00001ecdb4a4
00001f5fbcba
00001ff1c4d0
00002083cce6
00002115d4fc
000021a7dd12
00002239e528
000022cbed3e
0000235df554
000023effd6a
000024820580
000025140d96
000025a615ac
000026381dc2
000026ca25d8
0000275c2dee
000027ee3604
000028803e1a
000029124630
000029a44e46
00002a36565c
00002ac85e72
00002b5a6688
00002bec6e9e
00002c7e76b4
00002d107eca
00002da286e0
00002e348ef6
00002ec6970c
00002f589f22
00002feaa738
0000307caf4e
0000310eb764
000031a0bf7a
00003232c790
000032c4cfa6
00003356d7bc
000033e8dfd2
0000347ae7e8
0000350ceffe
0000359ef814
00003631002a
000036c30840
000037551056
000037e7186c
000038792082
0000390b2898
0000399d30ae
00003a2f38c4
00003ac140da
00003b5348f0
00003be55106
00003c77591c
00003d096132
00003d9b6948
00003e2d715e
00003ebf7974
00003f51818a
00003fe389a0
0000407591b6
0000410799cc
00004199a1e2
0000422ba9f8
000042bdb20e
0000434fba24
000043e1c23a
00004473ca50
00004505d266
00004597da7c
00004629e292
000046bbeaa8
0000474df2be
000047dffad4
0000487202ea
ffffb6fbf500
ffffb78dfd16
ffffb820052c
ffffb8b20d42
ffffb9441558
ffffb9d61d6e
ffffba682584
ffffbafa2d9a
ffffbb8c35b0
ffffbc1e3dc6
ffffbcb045dc
ffffbd424df2
ffffbdd45608
ffffbe665e1e
ffffbef86634
ffffbf8a6e4a
ffffc01c7660
ffffc0ae7e76
ffffc140868c
ffffc1d28ea2
ffffc26496b8
ffffc2f69ece
ffffc388a6e4
ffffc41aaefa
ffffc4acb710
ffffc53ebf26
ffffc5d0c73c
ffffc662cf52
ffffc6f4d768
ffffc786df7e
ffffc818e794
ffffc8aaefaa
ffffc93cf7c0
ffffc9ceffd6
ffffca6107ec
ffffcaf31002
ffffcb851818
ffffcc17202e
ffffcca92844
ffffcd3b305a
ffffcdcd3870
ffffce5f4086
ffffcef1489c
ffffcf8350b2
ffffd01558c8
ffffd0a760de
ffffd13968f4
ffffd1cb710a
ffffd25d7920
ffffd2ef8136
ffffd381894c
ffffd4139162
ffffd4a59978
ffffd537a18e
ffffd5c9a9a4
ffffd65bb1ba
ffffd6edb9d0
ffffd77fc1e6
ffffd811c9fc
ffffd8a3d212
ffffd935da28
ffffd9c7e23e
ffffda59ea54
ffffdaebf26a
ffffdb7dfa80
ffffdc100296
ffffdca20aac
ffffdd3412c2
ffffddc61ad8
ffffde5822ee
ffffdeea2b04
ffffdf7c331a
ffffe00e3b30
ffffe0a04346
ffffe1324b5c
ffffe1c45372
ffffe2565b88
ffffe2e8639e
ffffe37a6bb4
ffffe40c73ca
ffffe49e7be0
ffffe53083f6
ffffe5c28c0c
ffffe6549422
ffffe6e69c38
ffffe778a44e
ffffe80aac64
ffffe89cb47a
ffffe92ebc90
ffffe9c0c4a6
ffffea52ccbc
ffffeae4d4d2
ffffeb76dce8
ffffec08e4fe
ffffec9aed14
ffffed2cf52a
ffffedbefd40
ffffee510556
ffffeee30d6c
ffffef751582
fffff0071d98
fffff09925ae
fffff12b2dc4
fffff1bd35da
fffff24f3df0
fffff2e14606
fffff3734e1c
fffff4055632
fffff4975e48
fffff529665e
fffff5bb6e74
fffff64d768a
fffff6df7ea0
fffff77186b6
fffff8038ecc
fffff89596e2
fffff9279ef8
fffff9b9a70e
fffffa4baf24
fffffaddb73a
fffffb6fbf50
fffffc01c766
fffffc93cf7c
fffffd25d792
fffffdb7dfa8
fffffe49e7be
fffffedbefd4
ffffff6df7ea
000000000000
000000af3ce8
0000015e79d0
0000020db6b8
000002bcf3a0
0000036c3088
0000041b6d70
000004caaa58
00000579e740
000006292428
000006d86110
000007879df8
00000836dae0
000008e617c8
0000099554b0
00000a449198
00000af3ce80
00000ba30b68
00000c524850
00000d018538
00000db0c220
00000e5fff08
00000f0f3bf0
00000fbe78d8
0000106db5c0
0000111cf2a8
000011cc2f90
0000127b6c78
0000132aa960
000013d9e648
000014892330
000015386018
000015e79d00
00001696d9e8
0000174616d0
000017f553b8
000018a490a0
00001953cd88
00001a030a70
00001ab24758
00001b618440
00001c10c128
00001cbffe10
00001d6f3af8
00001e1e77e0
00001ecdb4c8
00001f7cf1b0
0000202c2e98
000020db6b80
0000218aa868
00002239e550
000022e92238
000023985f20
000024479c08
000024f6d8f0
000025a615d8
0000265552c0
000027048fa8
000027b3cc90
000028630978
000029124660
000029c18348
00002a70c030
00002b1ffd18
00002bcf3a00
00002c7e76e8
00002d2db3d0
00002ddcf0b8
00002e8c2da0
00002f3b6a88
00002feaa770
00003099e458
000031492140
000031f85e28
000032a79b10
00003356d7f8
0000340614e0
000034b551c8
000035648eb0
00003613cb98
000036c30880
000037724568
000038218250
000038d0bf38
0000397ffc20
00003a2f3908
00003ade75f0
00003b8db2d8
00003c3cefc0
00003cec2ca8
00003d9b6990
00003e4aa678
00003ef9e360
00003fa92048
000040585d30
000041079a18
000041b6d700
0000426613e8
0000431550d0
000043c48db8
00004473caa0
000045230788
000045d24470
000046818158
00004730be40
000047dffb28
0000488f3810
0000493e74f8
000049edb1e0
00004a9ceec8
00004b4c2bb0
00004bfb6898
00004caaa580
00004d59e268
00004e091f50
00004eb85c38
00004f679920
00005016d608
000050c612f0
000051754fd8
000052248cc0
000052d3c9a8
000053830690
000054324378
000054e18060
00005590bd48
0000563ffa30
000056ef3718
ffffa8618c00
ffffa910c8e8
ffffa9c005d0
ffffaa6f42b8
ffffab1e7fa0
ffffabcdbc88
ffffac7cf970
ffffad2c3658
ffffaddb7340
ffffae8ab028
ffffaf39ed10
ffffafe929f8
ffffb09866e0
ffffb147a3c8
ffffb1f6e0b0
ffffb2a61d98
ffffb3555a80
ffffb4049768
ffffb4b3d450
ffffb5631138
ffffb6124e20
ffffb6c18b08
ffffb770c7f0
ffffb82004d8
ffffb8cf41c0
ffffb97e7ea8
ffffba2dbb90
ffffbadcf878
ffffbb8c3560
ffffbc3b7248
ffffbceaaf30
ffffbd99ec18
ffffbe492900
ffffbef865e8
ffffbfa7a2d0
ffffc056dfb8
ffffc1061ca0
ffffc1b55988
ffffc2649670
ffffc313d358
ffffc3c31040
ffffc4724d28
ffffc5218a10
ffffc5d0c6f8
ffffc68003e0
ffffc72f40c8
ffffc7de7db0
ffffc88dba98
ffffc93cf780
ffffc9ec3468
ffffca9b7150
ffffcb4aae38
ffffcbf9eb20
ffffcca92808
ffffcd5864f0
ffffce07a1d8
ffffceb6dec0
ffffcf661ba8
ffffd0155890
ffffd0c49578
ffffd173d260
ffffd2230f48
ffffd2d24c30
ffffd3818918
ffffd430c600
ffffd4e002e8
ffffd58f3fd0
ffffd63e7cb8
ffffd6edb9a0
ffffd79cf688
ffffd84c3370
ffffd8fb7058
ffffd9aaad40
ffffda59ea28
ffffdb092710
ffffdbb863f8
ffffdc67a0e0
ffffdd16ddc8
ffffddc61ab0
ffffde755798
ffffdf249480
ffffdfd3d168
ffffe0830e50
ffffe1324b38
ffffe1e18820
ffffe290c508
ffffe34001f0
ffffe3ef3ed8
ffffe49e7bc0
ffffe54db8a8
ffffe5fcf590
ffffe6ac3278
ffffe75b6f60
ffffe80aac48
ffffe8b9e930
ffffe9692618
ffffea186300
ffffeac79fe8
ffffeb76dcd0
ffffec2619b8
ffffecd556a0
ffffed849388
ffffee33d070
ffffeee30d58
ffffef924a40
fffff0418728
fffff0f0c410
fffff1a000f8
fffff24f3de0
fffff2fe7ac8
fffff3adb7b0
fffff45cf498
fffff50c3180
fffff5bb6e68
fffff66aab50
fffff719e838
fffff7c92520
fffff8786208
fffff9279ef0
fffff9d6dbd8
fffffa8618c0
fffffb3555a8
fffffbe49290
fffffc93cf78
fffffd430c60
fffffdf24948
fffffea18630
ffffff50c318
000000000000
000000920816
00000124102c
000001b61842
000002482058
000002da286e
0000036c3084
000003fe389a
0000049040b0
0000052248c6
000005b450dc
0000064658f2
000006d86108
0000076a691e
000007fc7134
0000088e794a
000009208160
000009b28976
00000a44918c
00000ad699a2
00000b68a1b8
00000bfaa9ce
00000c8cb1e4
00000d1eb9fa
00000db0c210
00000e42ca26
00000ed4d23c
00000f66da52
00000ff8e268
0000108aea7e
0000111cf294
000011aefaaa
0000124102c0
000012d30ad6
0000136512ec
000013f71b02
000014892318
0000151b2b2e
000015ad3344
0000163f3b5a
000016d14370
000017634b86
000017f5539c
000018875bb2
0000191963c8
000019ab6bde
00001a3d73f4
00001acf7c0a
00001b618420
00001bf38c36
00001c85944c
00001d179c62
00001da9a478
00001e3bac8e
00001ecdb4a4
00001f5fbcba
00001ff1c4d0
00002083cce6
00002115d4fc
000021a7dd12
00002239e528
000022cbed3e
0000235df554
000023effd6a
000024820580
000025140d96
000025a615ac
000026381dc2
000026ca25d8
0000275c2dee
000027ee3604
000028803e1a
000029124630
000029a44e46
00002a36565c
00002ac85e72
00002b5a6688
00002bec6e9e
00002c7e76b4
00002d107eca
00002da286e0
00002e348ef6
00002ec6970c
00002f589f22
00002feaa738
0000307caf4e
0000310eb764
000031a0bf7a
00003232c790
000032c4cfa6
00003356d7bc
000033e8dfd2
0000347ae7e8
0000350ceffe
0000359ef814
00003631002a
000036c30840
000037551056
000037e7186c
000038792082
0000390b2898
0000399d30ae
00003a2f38c4
00003ac140da
00003b5348f0
00003be55106
00003c77591c
00003d096132
00003d9b6948
00003e2d715e
00003ebf7974
00003f51818a
00003fe389a0
0000407591b6
0000410799cc
00004199a1e2
0000422ba9f8
000042bdb20e
0000434fba24
000043e1c23a
00004473ca50
00004505d266
00004597da7c
00004629e292
000046bbeaa8
0000474df2be
000047dffad4
0000487202ea
ffffb6fbf500
ffffb78dfd16
ffffb820052c
ffffb8b20d42
ffffb9441558
ffffb9d61d6e
ffffba682584
ffffbafa2d9a
ffffbb8c35b0
ffffbc1e3dc6
ffffbcb045dc
ffffbd424df2
ffffbdd45608
ffffbe665e1e
ffffbef86634
ffffbf8a6e4a
ffffc01c7660
ffffc0ae7e76
ffffc140868c
ffffc1d28ea2
ffffc26496b8
ffffc2f69ece
ffffc388a6e4
ffffc41aaefa
ffffc4acb710
ffffc53ebf26
ffffc5d0c73c
ffffc662cf52
ffffc6f4d768
ffffc786df7e
ffffc818e794
ffffc8aaefaa
ffffc93cf7c0
ffffc9ceffd6
ffffca6107ec
ffffcaf31002
ffffcb851818
ffffcc17202e
ffffcca92844
ffffcd3b305a
ffffcdcd3870
ffffce5f4086
ffffcef1489c
ffffcf8350b2
ffffd01558c8
ffffd0a760de
ffffd13968f4
ffffd1cb710a
ffffd25d7920
ffffd2ef8136
ffffd381894c
ffffd4139162
ffffd4a59978
ffffd537a18e
ffffd5c9a9a4
ffffd65bb1ba
ffffd6edb9d0
ffffd77fc1e6
ffffd811c9fc
ffffd8a3d212
ffffd935da28
ffffd9c7e23e
ffffda59ea54
ffffdaebf26a
ffffdb7dfa80
ffffdc100296
ffffdca20aac
ffffdd3412c2
ffffddc61ad8
ffffde5822ee
ffffdeea2b04
ffffdf7c331a
ffffe00e3b30
ffffe0a04346
ffffe1324b5c
ffffe1c45372
ffffe2565b88
ffffe2e8639e
ffffe37a6bb4
ffffe40c73ca
ffffe49e7be0
ffffe53083f6
ffffe5c28c0c
ffffe6549422
ffffe6e69c38
ffffe778a44e
ffffe80aac64
ffffe89cb47a
ffffe92ebc90
ffffe9c0c4a6
ffffea52ccbc
ffffeae4d4d2
ffffeb76dce8
ffffec08e4fe
ffffec9aed14
ffffed2cf52a
ffffedbefd40
ffffee510556
ffffeee30d6c
ffffef751582
fffff0071d98
fffff09925ae
fffff12b2dc4
fffff1bd35da
fffff24f3df0
fffff2e14606
fffff3734e1c
fffff4055632
fffff4975e48
fffff529665e
fffff5bb6e74
fffff64d768a
fffff6df7ea0
fffff77186b6
fffff8038ecc
fffff89596e2
fffff9279ef8
fffff9b9a70e
fffffa4baf24
fffffaddb73a
fffffb6fbf50
fffffc01c766
fffffc93cf7c
fffffd25d792
fffffdb7dfa8
fffffe49e7be
fffffedbefd4
ffffff6df7ea
000000000000
000000af3ce8
0000015e79d0
0000020db6b8
000002bcf3a0
0000036c3088
0000041b6d70
000004caaa58
00000579e740
000006292428
000006d86110
000007879df8
00000836dae0
000008e617c8
0000099554b0
00000a449198
00000af3ce80
00000ba30b68
00000c524850
00000d018538
00000db0c220
00000e5fff08
00000f0f3bf0
00000fbe78d8
0000106db5c0
0000111cf2a8
000011cc2f90
0000127b6c78
0000132aa960
000013d9e648
000014892330
000015386018
000015e79d00
00001696d9e8
0000174616d0
000017f553b8
000018a490a0
00001953cd88
00001a030a70
00001ab24758
00001b618440
00001c10c128
00001cbffe10
00001d6f3af8
00001e1e77e0
00001ecdb4c8
00001f7cf1b0
0000202c2e98
000020db6b80
0000218aa868
00002239e550
000022e92238
000023985f20
000024479c08
000024f6d8f0
000025a615d8
0000265552c0
000027048fa8
000027b3cc90
000028630978
000029124660
000029c18348
00002a70c030
00002b1ffd18
00002bcf3a00
00002c7e76e8
00002d2db3d0
00002ddcf0b8
00002e8c2da0
00002f3b6a88
00002feaa770
00003099e458
000031492140
000031f85e28
000032a79b10
00003356d7f8
0000340614e0
000034b551c8
000035648eb0
00003613cb98
000036c30880
000037724568
000038218250
000038d0bf38
0000397ffc20
00003a2f3908
00003ade75f0
00003b8db2d8
00003c3cefc0
00003cec2ca8
00003d9b6990
00003e4aa678
00003ef9e360
00003fa92048
000040585d30
000041079a18
000041b6d700
0000426613e8
0000431550d0
000043c48db8
00004473caa0
000045230788
000045d24470
000046818158
00004730be40
000047dffb28
0000488f3810
0000493e74f8
000049edb1e0
00004a9ceec8
00004b4c2bb0
00004bfb6898
00004caaa580
00004d59e268
00004e091f50
00004eb85c38
00004f679920
00005016d608
000050c612f0
000051754fd8
000052248cc0
000052d3c9a8
000053830690
000054324378
000054e18060
00005590bd48
0000563ffa30
000056ef3718
ffffa8618c00
ffffa910c8e8
ffffa9c005d0
ffffaa6f42b8
ffffab1e7fa0
ffffabcdbc88
ffffac7cf970
ffffad2c3658
ffffaddb7340
ffffae8ab028
ffffaf39ed10
ffffafe929f8
ffffb09866e0
ffffb147a3c8
ffffb1f6e0b0
ffffb2a61d98
ffffb3555a80
ffffb4049768
ffffb4b3d450
ffffb5631138
ffffb6124e20
ffffb6c18b08
ffffb770c7f0
ffffb82004d8
ffffb8cf41c0
ffffb97e7ea8
ffffba2dbb90
ffffbadcf878
ffffbb8c3560
ffffbc3b7248
ffffbceaaf30
ffffbd99ec18
ffffbe492900
ffffbef865e8
ffffbfa7a2d0
ffffc056dfb8
ffffc1061ca0
ffffc1b55988
ffffc2649670
ffffc313d358
ffffc3c31040
ffffc4724d28
ffffc5218a10
ffffc5d0c6f8
ffffc68003e0
ffffc72f40c8
ffffc7de7db0
ffffc88dba98
ffffc93cf780
ffffc9ec3468
ffffca9b7150
ffffcb4aae38
ffffcbf9eb20
ffffcca92808
ffffcd5864f0
ffffce07a1d8
ffffceb6dec0
ffffcf661ba8
ffffd0155890
ffffd0c49578
ffffd173d260
ffffd2230f48
ffffd2d24c30
ffffd3818918
ffffd430c600
ffffd4e002e8
ffffd58f3fd0
ffffd63e7cb8
ffffd6edb9a0
ffffd79cf688
ffffd84c3370
ffffd8fb7058
ffffd9aaad40
ffffda59ea28
ffffdb092710
ffffdbb863f8
ffffdc67a0e0
ffffdd16ddc8
ffffddc61ab0
ffffde755798
ffffdf249480
ffffdfd3d168
ffffe0830e50
ffffe1324b38
ffffe1e18820
ffffe290c508
ffffe34001f0
ffffe3ef3ed8
ffffe49e7bc0
ffffe54db8a8
ffffe5fcf590
ffffe6ac3278
ffffe75b6f60
ffffe80aac48
ffffe8b9e930
ffffe9692618
ffffea186300
ffffeac79fe8
ffffeb76dcd0
ffffec2619b8
ffffecd556a0
ffffed849388
ffffee33d070
ffffeee30d58
ffffef924a40
fffff0418728
fffff0f0c410
fffff1a000f8
fffff24f3de0
fffff2fe7ac8
fffff3adb7b0
fffff45cf498
fffff50c3180
fffff5bb6e68
fffff66aab50
fffff719e838
fffff7c92520
fffff8786208
fffff9279ef0
fffff9d6dbd8
fffffa8618c0
fffffb3555a8
fffffbe49290
fffffc93cf78
fffffd430c60
fffffdf24948
fffffea18630
ffffff50c318
000000000000
000000af3ce8
0000015e79d0
0000020db6b8
000002bcf3a0
0000036c3088
0000041b6d70
000004caaa58
00000579e740
000006292428
000006d86110
000007879df8
00000836dae0
000008e617c8
0000099554b0
00000a449198
00000af3ce80
00000ba30b68
00000c524850
00000d018538
00000db0c220
00000e5fff08
00000f0f3bf0
00000fbe78d8
0000106db5c0
0000111cf2a8
000011cc2f90
0000127b6c78
0000132aa960
000013d9e648
000014892330
000015386018
000015e79d00
00001696d9e8
0000174616d0
000017f553b8
000018a490a0
00001953cd88
00001a030a70
00001ab24758
00001b618440
00001c10c128
00001cbffe10
00001d6f3af8
00001e1e77e0
00001ecdb4c8
00001f7cf1b0
0000202c2e98
000020db6b80
0000218aa868
00002239e550
000022e92238
000023985f20
000024479c08
000024f6d8f0
000025a615d8
0000265552c0
000027048fa8
000027b3cc90
000028630978
000029124660
000029c18348
00002a70c030
00002b1ffd18
00002bcf3a00
00002c7e76e8
00002d2db3d0
00002ddcf0b8
00002e8c2da0
00002f3b6a88
00002feaa770
00003099e458
000031492140
000031f85e28
000032a79b10
00003356d7f8
0000340614e0
000034b551c8
000035648eb0
00003613cb98
000036c30880
000037724568
000038218250
000038d0bf38
0000397ffc20
00003a2f3908
00003ade75f0
00003b8db2d8
00003c3cefc0
00003cec2ca8
00003d9b6990
00003e4aa678
00003ef9e360
00003fa92048
000040585d30
000041079a18
000041b6d700
0000426613e8
0000431550d0
000043c48db8
00004473caa0
000045230788
000045d24470
000046818158
00004730be40
000047dffb28
0000488f3810
0000493e74f8
000049edb1e0
00004a9ceec8
00004b4c2bb0
00004bfb6898
00004caaa580
00004d59e268
00004e091f50
00004eb85c38
00004f679920
00005016d608
000050c612f0
000051754fd8
000052248cc0
000052d3c9a8
000053830690
000054324378
000054e18060
00005590bd48
0000563ffa30
000056ef3718
ffffa8618c00
ffffa910c8e8
ffffa9c005d0
ffffaa6f42b8
ffffab1e7fa0
ffffabcdbc88
ffffac7cf970
ffffad2c3658
ffffaddb7340
ffffae8ab028
ffffaf39ed10
ffffafe929f8
ffffb09866e0
ffffb147a3c8
ffffb1f6e0b0
ffffb2a61d98
ffffb3555a80
ffffb4049768
ffffb4b3d450
ffffb5631138
ffffb6124e20
ffffb6c18b08
ffffb770c7f0
ffffb82004d8
ffffb8cf41c0
ffffb97e7ea8
ffffba2dbb90
ffffbadcf878
ffffbb8c3560
ffffbc3b7248
ffffbceaaf30
ffffbd99ec18
ffffbe492900
ffffbef865e8
ffffbfa7a2d0
ffffc056dfb8
ffffc1061ca0
ffffc1b55988
ffffc2649670
ffffc313d358
ffffc3c31040
ffffc4724d28
ffffc5218a10
ffffc5d0c6f8
ffffc68003e0
ffffc72f40c8
ffffc7de7db0
ffffc88dba98
ffffc93cf780
ffffc9ec3468
ffffca9b7150
ffffcb4aae38
ffffcbf9eb20
ffffcca92808
ffffcd5864f0
ffffce07a1d8
ffffceb6dec0
ffffcf661ba8
ffffd0155890
ffffd0c49578
ffffd173d260
ffffd2230f48
ffffd2d24c30
ffffd3818918
ffffd430c600
ffffd4e002e8
ffffd58f3fd0
ffffd63e7cb8
ffffd6edb9a0
ffffd79cf688
ffffd84c3370
ffffd8fb7058
ffffd9aaad40
ffffda59ea28
ffffdb092710
ffffdbb863f8
ffffdc67a0e0
ffffdd16ddc8
ffffddc61ab0
ffffde755798
ffffdf249480
ffffdfd3d168
ffffe0830e50
ffffe1324b38
ffffe1e18820
ffffe290c508
ffffe34001f0
ffffe3ef3ed8
ffffe49e7bc0
ffffe54db8a8
ffffe5fcf590
ffffe6ac3278
ffffe75b6f60
ffffe80aac48
ffffe8b9e930
ffffe9692618
ffffea186300
ffffeac79fe8
ffffeb76dcd0
ffffec2619b8
ffffecd556a0
ffffed849388
ffffee33d070
ffffeee30d58
ffffef924a40
fffff0418728
fffff0f0c410
fffff1a000f8
fffff24f3de0
fffff2fe7ac8
fffff3adb7b0
fffff45cf498
fffff50c3180
fffff5bb6e68
fffff66aab50
fffff719e838
fffff7c92520
fffff8786208
fffff9279ef0
fffff9d6dbd8
fffffa8618c0
fffffb3555a8
fffffbe49290
fffffc93cf78
fffffd430c60
fffffdf24948
fffffea18630
ffffff50c318
000000000000
000000af3ce8
0000015e79d0
0000020db6b8
000002bcf3a0
0000036c3088
0000041b6d70
000004caaa58
00000579e740
000006292428
000006d86110
000007879df8
00000836dae0
000008e617c8
0000099554b0
00000a449198
00000af3ce80
00000ba30b68
00000c524850
00000d018538
00000db0c220
00000e5fff08
00000f0f3bf0
00000fbe78d8
0000106db5c0
0000111cf2a8
000011cc2f90
0000127b6c78
0000132aa960
000013d9e648
000014892330
000015386018
000015e79d00
00001696d9e8
0000174616d0
000017f553b8
000018a490a0
00001953cd88
00001a030a70
00001ab24758
00001b618440
00001c10c128
00001cbffe10
00001d6f3af8
00001e1e77e0
00001ecdb4c8
00001f7cf1b0
0000202c2e98
000020db6b80
0000218aa868
00002239e550
000022e92238
000023985f20
000024479c08
000024f6d8f0
000025a615d8
0000265552c0
000027048fa8
000027b3cc90
000028630978
000029124660
000029c18348
00002a70c030
00002b1ffd18
00002bcf3a00
00002c7e76e8
00002d2db3d0
00002ddcf0b8
00002e8c2da0
00002f3b6a88
00002feaa770
00003099e458
000031492140
000031f85e28
000032a79b10
00003356d7f8
0000340614e0
000034b551c8
000035648eb0
00003613cb98
000036c30880
000037724568
000038218250
000038d0bf38
0000397ffc20
00003a2f3908
00003ade75f0
00003b8db2d8
00003c3cefc0
00003cec2ca8
00003d9b6990
00003e4aa678
00003ef9e360
00003fa92048
000040585d30
000041079a18
000041b6d700
0000426613e8
0000431550d0
000043c48db8
00004473caa0
000045230788
000045d24470
000046818158
00004730be40
000047dffb28
0000488f3810
0000493e74f8
000049edb1e0
00004a9ceec8
00004b4c2bb0
00004bfb6898
00004caaa580
00004d59e268
00004e091f50
00004eb85c38
00004f679920
00005016d608
000050c612f0
000051754fd8
000052248cc0
000052d3c9a8
000053830690
000054324378
000054e18060
00005590bd48
0000563ffa30
000056ef3718
ffffa8618c00
ffffa910c8e8
ffffa9c005d0
ffffaa6f42b8
ffffab1e7fa0
ffffabcdbc88
ffffac7cf970
ffffad2c3658
ffffaddb7340
ffffae8ab028
ffffaf39ed10
ffffafe929f8
ffffb09866e0
ffffb147a3c8
ffffb1f6e0b0
ffffb2a61d98
ffffb3555a80
ffffb4049768
ffffb4b3d450
ffffb5631138
ffffb6124e20
ffffb6c18b08
ffffb770c7f0
ffffb82004d8
ffffb8cf41c0
ffffb97e7ea8
ffffba2dbb90
ffffbadcf878
ffffbb8c3560
ffffbc3b7248
ffffbceaaf30
ffffbd99ec18
ffffbe492900
ffffbef865e8
ffffbfa7a2d0
ffffc056dfb8
ffffc1061ca0
ffffc1b55988
ffffc2649670
ffffc313d358
ffffc3c31040
ffffc4724d28
ffffc5218a10
ffffc5d0c6f8
ffffc68003e0
ffffc72f40c8
ffffc7de7db0
ffffc88dba98
ffffc93cf780
ffffc9ec3468
ffffca9b7150
ffffcb4aae38
ffffcbf9eb20
ffffcca92808
ffffcd5864f0
ffffce07a1d8
ffffceb6dec0
ffffcf661ba8
ffffd0155890
ffffd0c49578
ffffd173d260
ffffd2230f48
ffffd2d24c30
ffffd3818918
ffffd430c600
ffffd4e002e8
ffffd58f3fd0
ffffd63e7cb8
ffffd6edb9a0
ffffd79cf688
ffffd84c3370
ffffd8fb7058
ffffd9aaad40
ffffda59ea28
ffffdb092710
ffffdbb863f8
ffffdc67a0e0
ffffdd16ddc8
ffffddc61ab0
ffffde755798
ffffdf249480
ffffdfd3d168
ffffe0830e50
ffffe1324b38
ffffe1e18820
ffffe290c508
ffffe34001f0
ffffe3ef3ed8
ffffe49e7bc0
ffffe54db8a8
ffffe5fcf590
ffffe6ac3278
ffffe75b6f60
ffffe80aac48
ffffe8b9e930
ffffe9692618
ffffea186300
ffffeac79fe8
ffffeb76dcd0
ffffec2619b8
ffffecd556a0
ffffed849388
ffffee33d070
ffffeee30d58
ffffef924a40
fffff0418728
fffff0f0c410
fffff1a000f8
fffff24f3de0
fffff2fe7ac8
fffff3adb7b0
fffff45cf498
fffff50c3180
fffff5bb6e68
fffff66aab50
fffff719e838
fffff7c92520
fffff8786208
fffff9279ef0
fffff9d6dbd8
fffffa8618c0
fffffb3555a8
fffffbe49290
fffffc93cf78
fffffd430c60
fffffdf24948
fffffea18630
ffffff50c318
000000000000
000000af3ce8
0000015e79d0
0000020db6b8
000002bcf3a0
0000036c3088
0000041b6d70
000004caaa58
00000579e740
000006292428
000006d86110
000007879df8
00000836dae0
000008e617c8
0000099554b0
00000a449198
00000af3ce80
00000ba30b68
00000c524850
00000d018538
00000db0c220
00000e5fff08
00000f0f3bf0
00000fbe78d8
0000106db5c0
0000111cf2a8
000011cc2f90
0000127b6c78
0000132aa960
000013d9e648
000014892330
000015386018
000015e79d00
00001696d9e8
0000174616d0
000017f553b8
000018a490a0
00001953cd88
00001a030a70
00001ab24758
00001b618440
00001c10c128
00001cbffe10
00001d6f3af8
00001e1e77e0
00001ecdb4c8
00001f7cf1b0
0000202c2e98
000020db6b80
0000218aa868
00002239e550
000022e92238
000023985f20
000024479c08
000024f6d8f0
000025a615d8
0000265552c0
000027048fa8
000027b3cc90
000028630978
000029124660
000029c18348
00002a70c030
00002b1ffd18
00002bcf3a00
00002c7e76e8
00002d2db3d0
00002ddcf0b8
00002e8c2da0
00002f3b6a88
00002feaa770
00003099e458
000031492140
000031f85e28
000032a79b10
00003356d7f8
0000340614e0
000034b551c8
000035648eb0
00003613cb98
000036c30880
000037724568
000038218250
000038d0bf38
0000397ffc20
00003a2f3908
00003ade75f0
00003b8db2d8
00003c3cefc0
00003cec2ca8
00003d9b6990
00003e4aa678
00003ef9e360
00003fa92048
000040585d30
000041079a18
000041b6d700
0000426613e8
0000431550d0
000043c48db8
00004473caa0
000045230788
000045d24470
000046818158
00004730be40
000047dffb28
0000488f3810
0000493e74f8
000049edb1e0
00004a9ceec8
00004b4c2bb0
00004bfb6898
00004caaa580
00004d59e268
00004e091f50
00004eb85c38
00004f679920
00005016d608
000050c612f0
000051754fd8
000052248cc0
000052d3c9a8
000053830690
000054324378
000054e18060
00005590bd48
0000563ffa30
000056ef3718
ffffa8618c00
ffffa910c8e8
ffffa9c005d0
ffffaa6f42b8
ffffab1e7fa0
ffffabcdbc88
ffffac7cf970
ffffad2c3658
ffffaddb7340
ffffae8ab028
ffffaf39ed10
ffffafe929f8
ffffb09866e0
ffffb147a3c8
ffffb1f6e0b0
ffffb2a61d98
ffffb3555a80
ffffb4049768
ffffb4b3d450
ffffb5631138
ffffb6124e20
ffffb6c18b08
ffffb770c7f0
ffffb82004d8
ffffb8cf41c0
ffffb97e7ea8
ffffba2dbb90
ffffbadcf878
ffffbb8c3560
ffffbc3b7248
ffffbceaaf30
ffffbd99ec18
ffffbe492900
ffffbef865e8
ffffbfa7a2d0
ffffc056dfb8
ffffc1061ca0
ffffc1b55988
ffffc2649670
ffffc313d358
ffffc3c31040
ffffc4724d28
ffffc5218a10
ffffc5d0c6f8
ffffc68003e0
ffffc72f40c8
ffffc7de7db0
ffffc88dba98
ffffc93cf780
ffffc9ec3468
ffffca9b7150
ffffcb4aae38
ffffcbf9eb20
ffffcca92808
ffffcd5864f0
ffffce07a1d8
ffffceb6dec0
ffffcf661ba8
ffffd0155890
ffffd0c49578
ffffd173d260
ffffd2230f48
ffffd2d24c30
ffffd3818918
ffffd430c600
ffffd4e002e8
ffffd58f3fd0
ffffd63e7cb8
ffffd6edb9a0
ffffd79cf688
ffffd84c3370
ffffd8fb7058
ffffd9aaad40
ffffda59ea28
ffffdb092710
ffffdbb863f8
ffffdc67a0e0
ffffdd16ddc8
ffffddc61ab0
ffffde755798
ffffdf249480
ffffdfd3d168
ffffe0830e50
ffffe1324b38
ffffe1e18820
ffffe290c508
ffffe34001f0
ffffe3ef3ed8
ffffe49e7bc0
ffffe54db8a8
ffffe5fcf590
ffffe6ac3278
ffffe75b6f60
ffffe80aac48
ffffe8b9e930
ffffe9692618
ffffea186300
ffffeac79fe8
ffffeb76dcd0
ffffec2619b8
ffffecd556a0
ffffed849388
ffffee33d070
ffffeee30d58
ffffef924a40
fffff0418728
fffff0f0c410
fffff1a000f8
fffff24f3de0
fffff2fe7ac8
fffff3adb7b0
fffff45cf498
fffff50c3180
fffff5bb6e68
fffff66aab50
fffff719e838
fffff7c92520
fffff8786208
fffff9279ef0
fffff9d6dbd8
fffffa8618c0
fffffb3555a8
fffffbe49290
fffffc93cf78
fffffd430c60
fffffdf24948
fffffea18630
ffffff50c318
000000000000
000000af3ce8
0000015e79d0
0000020db6b8
000002bcf3a0
0000036c3088
0000041b6d70
000004caaa58
00000579e740
000006292428
000006d86110
000007879df8
00000836dae0
000008e617c8
0000099554b0
00000a449198
00000af3ce80
00000ba30b68
00000c524850
00000d018538
00000db0c220
00000e5fff08
00000f0f3bf0
00000fbe78d8
0000106db5c0
0000111cf2a8
000011cc2f90
0000127b6c78
0000132aa960
000013d9e648
000014892330
000015386018
000015e79d00
00001696d9e8
0000174616d0
000017f553b8
000018a490a0
00001953cd88
00001a030a70
00001ab24758
00001b618440
00001c10c128
00001cbffe10
00001d6f3af8
00001e1e77e0
00001ecdb4c8
00001f7cf1b0
0000202c2e98
000020db6b80
0000218aa868
00002239e550
000022e92238
000023985f20
000024479c08
000024f6d8f0
000025a615d8
0000265552c0
000027048fa8
000027b3cc90
000028630978
000029124660
000029c18348
00002a70c030
00002b1ffd18
00002bcf3a00
00002c7e76e8
00002d2db3d0
00002ddcf0b8
00002e8c2da0
00002f3b6a88
00002feaa770
00003099e458
000031492140
000031f85e28
000032a79b10
00003356d7f8
0000340614e0
000034b551c8
000035648eb0
00003613cb98
000036c30880
000037724568
000038218250
000038d0bf38
0000397ffc20
00003a2f3908
00003ade75f0
00003b8db2d8
00003c3cefc0
00003cec2ca8
00003d9b6990
00003e4aa678
00003ef9e360
00003fa92048
000040585d30
000041079a18
000041b6d700
0000426613e8
0000431550d0
000043c48db8
00004473caa0
000045230788
000045d24470
000046818158
00004730be40
000047dffb28
0000488f3810
0000493e74f8
000049edb1e0
00004a9ceec8
00004b4c2bb0
00004bfb6898
00004caaa580
00004d59e268
00004e091f50
00004eb85c38
00004f679920
00005016d608
000050c612f0
000051754fd8
000052248cc0
000052d3c9a8
000053830690
000054324378
000054e18060
00005590bd48
0000563ffa30
000056ef3718
ffffa8618c00
ffffa910c8e8
ffffa9c005d0
ffffaa6f42b8
ffffab1e7fa0
ffffabcdbc88
ffffac7cf970
ffffad2c3658
ffffaddb7340
ffffae8ab028
ffffaf39ed10
ffffafe929f8
ffffb09866e0
ffffb147a3c8
ffffb1f6e0b0
ffffb2a61d98
ffffb3555a80
ffffb4049768
ffffb4b3d450
ffffb5631138
ffffb6124e20
ffffb6c18b08
ffffb770c7f0
ffffb82004d8
ffffb8cf41c0
ffffb97e7ea8
ffffba2dbb90
ffffbadcf878
ffffbb8c3560
ffffbc3b7248
ffffbceaaf30
ffffbd99ec18
ffffbe492900
ffffbef865e8
ffffbfa7a2d0
ffffc056dfb8
ffffc1061ca0
ffffc1b55988
ffffc2649670
ffffc313d358
ffffc3c31040
ffffc4724d28
ffffc5218a10
ffffc5d0c6f8
ffffc68003e0
ffffc72f40c8
ffffc7de7db0
ffffc88dba98
ffffc93cf780
ffffc9ec3468
ffffca9b7150
ffffcb4aae38
ffffcbf9eb20
ffffcca92808
ffffcd5864f0
ffffce07a1d8
ffffceb6dec0
ffffcf661ba8
ffffd0155890
ffffd0c49578
ffffd173d260
ffffd2230f48
ffffd2d24c30
ffffd3818918
ffffd430c600
ffffd4e002e8
ffffd58f3fd0
ffffd63e7cb8
ffffd6edb9a0
ffffd79cf688
ffffd84c3370
ffffd8fb7058
ffffd9aaad40
ffffda59ea28
ffffdb092710
ffffdbb863f8
ffffdc67a0e0
ffffdd16ddc8
ffffddc61ab0
ffffde755798
ffffdf249480
ffffdfd3d168
ffffe0830e50
ffffe1324b38
ffffe1e18820
ffffe290c508
ffffe34001f0
ffffe3ef3ed8
ffffe49e7bc0
ffffe54db8a8
ffffe5fcf590
ffffe6ac3278
ffffe75b6f60
ffffe80aac48
ffffe8b9e930
ffffe9692618
ffffea186300
ffffeac79fe8
ffffeb76dcd0
ffffec2619b8
ffffecd556a0
ffffed849388
ffffee33d070
ffffeee30d58
ffffef924a40
fffff0418728
fffff0f0c410
fffff1a000f8
fffff24f3de0
fffff2fe7ac8
fffff3adb7b0
fffff45cf498
fffff50c3180
fffff5bb6e68
fffff66aab50
fffff719e838
fffff7c92520
fffff8786208
fffff9279ef0
fffff9d6dbd8
fffffa8618c0
fffffb3555a8
fffffbe49290
fffffc93cf78
fffffd430c60
fffffdf24948
fffffea18630
ffffff50c318
000000000000
000000920816
00000124102c
000001b61842
000002482058
000002da286e
0000036c3084
000003fe389a
0000049040b0
0000052248c6
000005b450dc
0000064658f2
000006d86108
0000076a691e
000007fc7134
0000088e794a
000009208160
000009b28976
00000a44918c
00000ad699a2
00000b68a1b8
00000bfaa9ce
00000c8cb1e4
00000d1eb9fa
00000db0c210
00000e42ca26
00000ed4d23c
00000f66da52
00000ff8e268
0000108aea7e
0000111cf294
000011aefaaa
0000124102c0
000012d30ad6
0000136512ec
000013f71b02
000014892318
0000151b2b2e
000015ad3344
0000163f3b5a
000016d14370
000017634b86
000017f5539c
000018875bb2
0000191963c8
000019ab6bde
00001a3d73f4
00001acf7c0a
00001b618420
00001bf38c36
00001c85944c
00001d179c62
00001da9a478
00001e3bac8e
00001ecdb4a4
00001f5fbcba
00001ff1c4d0
00002083cce6
00002115d4fc
000021a7dd12
00002239e528
000022cbed3e
0000235df554
000023effd6a
000024820580
000025140d96
000025a615ac
000026381dc2
000026ca25d8
0000275c2dee
000027ee3604
000028803e1a
000029124630
000029a44e46
00002a36565c
00002ac85e72
00002b5a6688
00002bec6e9e
00002c7e76b4
00002d107eca
00002da286e0
00002e348ef6
00002ec6970c
00002f589f22
00002feaa738
0000307caf4e
0000310eb764
000031a0bf7a
00003232c790
000032c4cfa6
00003356d7bc
000033e8dfd2
0000347ae7e8
0000350ceffe
0000359ef814
00003631002a
000036c30840
000037551056
000037e7186c
000038792082
0000390b2898
0000399d30ae
00003a2f38c4
00003ac140da
00003b5348f0
00003be55106
00003c77591c
00003d096132
00003d9b6948
00003e2d715e
00003ebf7974
00003f51818a
00003fe389a0
0000407591b6
0000410799cc
00004199a1e2
0000422ba9f8
000042bdb20e
0000434fba24
000043e1c23a
00004473ca50
00004505d266
00004597da7c
00004629e292
000046bbeaa8
0000474df2be
000047dffad4
0000487202ea
ffffb6fbf500
ffffb78dfd16
ffffb820052c
ffffb8b20d42
ffffb9441558
ffffb9d61d6e
ffffba682584
ffffbafa2d9a
ffffbb8c35b0
ffffbc1e3dc6
ffffbcb045dc
ffffbd424df2
ffffbdd45608
ffffbe665e1e
ffffbef86634
ffffbf8a6e4a
ffffc01c7660
ffffc0ae7e76
ffffc140868c
ffffc1d28ea2
ffffc26496b8
ffffc2f69ece
ffffc388a6e4
ffffc41aaefa
ffffc4acb710
ffffc53ebf26
ffffc5d0c73c
ffffc662cf52
ffffc6f4d768
ffffc786df7e
ffffc818e794
ffffc8aaefaa
ffffc93cf7c0
ffffc9ceffd6
ffffca6107ec
ffffcaf31002
ffffcb851818
ffffcc17202e
ffffcca92844
ffffcd3b305a
ffffcdcd3870
ffffce5f4086
ffffcef1489c
ffffcf8350b2
ffffd01558c8
ffffd0a760de
ffffd13968f4
ffffd1cb710a
ffffd25d7920
ffffd2ef8136
ffffd381894c
ffffd4139162
ffffd4a59978
ffffd537a18e
ffffd5c9a9a4
ffffd65bb1ba
ffffd6edb9d0
ffffd77fc1e6
ffffd811c9fc
ffffd8a3d212
ffffd935da28
ffffd9c7e23e
ffffda59ea54
ffffdaebf26a
ffffdb7dfa80
ffffdc100296
ffffdca20aac
ffffdd3412c2
ffffddc61ad8
ffffde5822ee
ffffdeea2b04
ffffdf7c331a
ffffe00e3b30
ffffe0a04346
ffffe1324b5c
ffffe1c45372
ffffe2565b88
ffffe2e8639e
ffffe37a6bb4
ffffe40c73ca
ffffe49e7be0
ffffe53083f6
ffffe5c28c0c
ffffe6549422
ffffe6e69c38
ffffe778a44e
ffffe80aac64
ffffe89cb47a
ffffe92ebc90
ffffe9c0c4a6
ffffea52ccbc
ffffeae4d4d2
ffffeb76dce8
ffffec08e4fe
ffffec9aed14
ffffed2cf52a
ffffedbefd40
ffffee510556
ffffeee30d6c
ffffef751582
fffff0071d98
fffff09925ae
fffff12b2dc4
fffff1bd35da
fffff24f3df0
fffff2e14606
fffff3734e1c
fffff4055632
fffff4975e48
fffff529665e
fffff5bb6e74
fffff64d768a
fffff6df7ea0
fffff77186b6
fffff8038ecc
fffff89596e2
fffff9279ef8
fffff9b9a70e
fffffa4baf24
fffffaddb73a
fffffb6fbf50
fffffc01c766
fffffc93cf7c
fffffd25d792
fffffdb7dfa8
fffffe49e7be
fffffedbefd4
ffffff6df7ea
000000000000
000000920816
00000124102c
000001b61842
000002482058
000002da286e
0000036c3084
000003fe389a
0000049040b0
0000052248c6
000005b450dc
0000064658f2
000006d86108
0000076a691e
000007fc7134
0000088e794a
000009208160
000009b28976
00000a44918c
00000ad699a2
00000b68a1b8
00000bfaa9ce
00000c8cb1e4
00000d1eb9fa
00000db0c210
00000e42ca26
00000ed4d23c
00000f66da52
00000ff8e268
0000108aea7e
0000111cf294
000011aefaaa
0000124102c0
000012d30ad6
0000136512ec
000013f71b02
000014892318
0000151b2b2e
000015ad3344
0000163f3b5a
000016d14370
000017634b86
000017f5539c
000018875bb2
0000191963c8
000019ab6bde
00001a3d73f4
00001acf7c0a
00001b618420
00001bf38c36
00001c85944c
00001d179c62
00001da9a478
00001e3bac8e
00001ecdb4a4
00001f5fbcba
00001ff1c4d0
00002083cce6
00002115d4fc
000021a7dd12
00002239e528
000022cbed3e
0000235df554
000023effd6a
000024820580
000025140d96
000025a615ac
000026381dc2
000026ca25d8
0000275c2dee
000027ee3604
000028803e1a
000029124630
000029a44e46
00002a36565c
00002ac85e72
00002b5a6688
00002bec6e9e
00002c7e76b4
00002d107eca
00002da286e0
00002e348ef6
00002ec6970c
00002f589f22
00002feaa738
0000307caf4e
0000310eb764
000031a0bf7a
00003232c790
000032c4cfa6
00003356d7bc
000033e8dfd2
0000347ae7e8
0000350ceffe
0000359ef814
00003631002a
000036c30840
000037551056
000037e7186c
000038792082
0000390b2898
0000399d30ae
00003a2f38c4
00003ac140da
00003b5348f0
00003be55106
00003c77591c
00003d096132
00003d9b6948
00003e2d715e
00003ebf7974
00003f51818a
00003fe389a0
0000407591b6
0000410799cc
00004199a1e2
0000422ba9f8
000042bdb20e
0000434fba24
000043e1c23a
00004473ca50
00004505d266
00004597da7c
00004629e292
000046bbeaa8
0000474df2be
000047dffad4
0000487202ea
ffffb6fbf500
ffffb78dfd16
ffffb820052c
ffffb8b20d42
ffffb9441558
ffffb9d61d6e
ffffba682584
ffffbafa2d9a
ffffbb8c35b0
ffffbc1e3dc6
ffffbcb045dc
ffffbd424df2
ffffbdd45608
ffffbe665e1e
ffffbef86634
ffffbf8a6e4a
ffffc01c7660
ffffc0ae7e76
ffffc140868c
ffffc1d28ea2
ffffc26496b8
ffffc2f69ece
ffffc388a6e4
ffffc41aaefa
ffffc4acb710
ffffc53ebf26
ffffc5d0c73c
ffffc662cf52
ffffc6f4d768
ffffc786df7e
ffffc818e794
ffffc8aaefaa
ffffc93cf7c0
ffffc9ceffd6
ffffca6107ec
ffffcaf31002
ffffcb851818
ffffcc17202e
ffffcca92844
ffffcd3b305a
ffffcdcd3870
ffffce5f4086
ffffcef1489c
ffffcf8350b2
ffffd01558c8
ffffd0a760de
ffffd13968f4
ffffd1cb710a
ffffd25d7920
ffffd2ef8136
ffffd381894c
ffffd4139162
ffffd4a59978
ffffd537a18e
ffffd5c9a9a4
ffffd65bb1ba
ffffd6edb9d0
ffffd77fc1e6
ffffd811c9fc
ffffd8a3d212
ffffd935da28
ffffd9c7e23e
ffffda59ea54
ffffdaebf26a
ffffdb7dfa80
ffffdc100296
ffffdca20aac
ffffdd3412c2
ffffddc61ad8
ffffde5822ee
ffffdeea2b04
ffffdf7c331a
ffffe00e3b30
ffffe0a04346
ffffe1324b5c
ffffe1c45372
ffffe2565b88
ffffe2e8639e
ffffe37a6bb4
ffffe40c73ca
ffffe49e7be0
ffffe53083f6
ffffe5c28c0c
ffffe6549422
ffffe6e69c38
ffffe778a44e
ffffe80aac64
ffffe89cb47a
ffffe92ebc90
ffffe9c0c4a6
ffffea52ccbc
ffffeae4d4d2
ffffeb76dce8
ffffec08e4fe
ffffec9aed14
ffffed2cf52a
ffffedbefd40
ffffee510556
ffffeee30d6c
ffffef751582
fffff0071d98
fffff09925ae
fffff12b2dc4
fffff1bd35da
fffff24f3df0
fffff2e14606
fffff3734e1c
fffff4055632
fffff4975e48
fffff529665e
fffff5bb6e74
fffff64d768a
fffff6df7ea0
fffff77186b6
fffff8038ecc
fffff89596e2
fffff9279ef8
fffff9b9a70e
fffffa4baf24
fffffaddb73a
fffffb6fbf50
fffffc01c766
fffffc93cf7c
fffffd25d792
fffffdb7dfa8
fffffe49e7be
fffffedbefd4
ffffff6df7ea
000000000000
000000af3ce8
0000015e79d0
0000020db6b8
000002bcf3a0
0000036c3088
0000041b6d70
000004caaa58
00000579e740
000006292428
000006d86110
000007879df8
00000836dae0
000008e617c8
0000099554b0
00000a449198
00000af3ce80
00000ba30b68
00000c524850
00000d018538
00000db0c220
00000e5fff08
00000f0f3bf0
00000fbe78d8
0000106db5c0
0000111cf2a8
000011cc2f90
0000127b6c78
0000132aa960
000013d9e648
000014892330
000015386018
000015e79d00
00001696d9e8
0000174616d0
000017f553b8
000018a490a0
00001953cd88
00001a030a70
00001ab24758
00001b618440
00001c10c128
00001cbffe10
00001d6f3af8
00001e1e77e0
00001ecdb4c8
00001f7cf1b0
0000202c2e98
000020db6b80
0000218aa868
00002239e550
000022e92238
000023985f20
000024479c08
000024f6d8f0
000025a615d8
0000265552c0
000027048fa8
000027b3cc90
000028630978
000029124660
000029c18348
00002a70c030
00002b1ffd18
00002bcf3a00
00002c7e76e8
00002d2db3d0
00002ddcf0b8
00002e8c2da0
00002f3b6a88
00002feaa770
00003099e458
000031492140
000031f85e28
000032a79b10
00003356d7f8
0000340614e0
000034b551c8
000035648eb0
00003613cb98
000036c30880
000037724568
000038218250
000038d0bf38
0000397ffc20
00003a2f3908
00003ade75f0
00003b8db2d8
00003c3cefc0
00003cec2ca8
00003d9b6990
00003e4aa678
00003ef9e360
00003fa92048
000040585d30
000041079a18
000041b6d700
0000426613e8
0000431550d0
000043c48db8
00004473caa0
000045230788
000045d24470
000046818158
00004730be40
000047dffb28
0000488f3810
0000493e74f8
000049edb1e0
00004a9ceec8
00004b4c2bb0
00004bfb6898
00004caaa580
00004d59e268
00004e091f50
00004eb85c38
00004f679920
00005016d608
000050c612f0
000051754fd8
000052248cc0
000052d3c9a8
000053830690
000054324378
000054e18060
00005590bd48
0000563ffa30
000056ef3718
ffffa8618c00
ffffa910c8e8
ffffa9c005d0
ffffaa6f42b8
ffffab1e7fa0
ffffabcdbc88
ffffac7cf970
ffffad2c3658
ffffaddb7340
ffffae8ab028
ffffaf39ed10
ffffafe929f8
ffffb09866e0
ffffb147a3c8
ffffb1f6e0b0
ffffb2a61d98
ffffb3555a80
ffffb4049768
ffffb4b3d450
ffffb5631138
ffffb6124e20
ffffb6c18b08
ffffb770c7f0
ffffb82004d8
ffffb8cf41c0
ffffb97e7ea8
ffffba2dbb90
ffffbadcf878
ffffbb8c3560
ffffbc3b7248
ffffbceaaf30
ffffbd99ec18
ffffbe492900
ffffbef865e8
ffffbfa7a2d0
ffffc056dfb8
ffffc1061ca0
ffffc1b55988
ffffc2649670
ffffc313d358
ffffc3c31040
ffffc4724d28
ffffc5218a10
ffffc5d0c6f8
ffffc68003e0
ffffc72f40c8
ffffc7de7db0
ffffc88dba98
ffffc93cf780
ffffc9ec3468
ffffca9b7150
ffffcb4aae38
ffffcbf9eb20
ffffcca92808
ffffcd5864f0
ffffce07a1d8
ffffceb6dec0
ffffcf661ba8
ffffd0155890
ffffd0c49578
ffffd173d260
ffffd2230f48
ffffd2d24c30
ffffd3818918
ffffd430c600
ffffd4e002e8
ffffd58f3fd0
ffffd63e7cb8
ffffd6edb9a0
ffffd79cf688
ffffd84c3370
ffffd8fb7058
ffffd9aaad40
ffffda59ea28
ffffdb092710
ffffdbb863f8
ffffdc67a0e0
ffffdd16ddc8
ffffddc61ab0
ffffde755798
ffffdf249480
ffffdfd3d168
ffffe0830e50
ffffe1324b38
ffffe1e18820
ffffe290c508
ffffe34001f0
ffffe3ef3ed8
ffffe49e7bc0
ffffe54db8a8
ffffe5fcf590
ffffe6ac3278
ffffe75b6f60
ffffe80aac48
ffffe8b9e930
ffffe9692618
ffffea186300
ffffeac79fe8
ffffeb76dcd0
ffffec2619b8
ffffecd556a0
ffffed849388
ffffee33d070
ffffeee30d58
ffffef924a40
fffff0418728
fffff0f0c410
fffff1a000f8
fffff24f3de0
fffff2fe7ac8
fffff3adb7b0
fffff45cf498
fffff50c3180
fffff5bb6e68
fffff66aab50
fffff719e838
fffff7c92520
fffff8786208
fffff9279ef0
fffff9d6dbd8
fffffa8618c0
fffffb3555a8
fffffbe49290
fffffc93cf78
fffffd430c60
fffffdf24948
fffffea18630
ffffff50c318
000000000000
000000920816
00000124102c
000001b61842
000002482058
000002da286e
0000036c3084
000003fe389a
0000049040b0
0000052248c6
000005b450dc
0000064658f2
000006d86108
0000076a691e
000007fc7134
0000088e794a
000009208160
000009b28976
00000a44918c
00000ad699a2
00000b68a1b8
00000bfaa9ce
00000c8cb1e4
00000d1eb9fa
00000db0c210
00000e42ca26
00000ed4d23c
00000f66da52
00000ff8e268
0000108aea7e
0000111cf294
000011aefaaa
0000124102c0
000012d30ad6
0000136512ec
000013f71b02
000014892318
0000151b2b2e
000015ad3344
0000163f3b5a
000016d14370
000017634b86
000017f5539c
000018875bb2
0000191963c8
000019ab6bde
00001a3d73f4
00001acf7c0a
00001b618420
00001bf38c36
00001c85944c
00001d179c62
00001da9a478
00001e3bac8e
00001ecdb4a4
00001f5fbcba
00001ff1c4d0
00002083cce6
00002115d4fc
000021a7dd12
00002239e528
000022cbed3e
0000235df554
000023effd6a
000024820580
000025140d96
000025a615ac
000026381dc2
000026ca25d8
0000275c2dee
000027ee3604
000028803e1a
000029124630
000029a44e46
00002a36565c
00002ac85e72
00002b5a6688
00002bec6e9e
00002c7e76b4
00002d107eca
00002da286e0
00002e348ef6
00002ec6970c
00002f589f22
00002feaa738
0000307caf4e
0000310eb764
000031a0bf7a
00003232c790
000032c4cfa6
00003356d7bc
000033e8dfd2
0000347ae7e8
0000350ceffe
0000359ef814
00003631002a
000036c30840
000037551056
000037e7186c
000038792082
0000390b2898
0000399d30ae
00003a2f38c4
00003ac140da
00003b5348f0
00003be55106
00003c77591c
00003d096132
00003d9b6948
00003e2d715e
00003ebf7974
00003f51818a
00003fe389a0
0000407591b6
0000410799cc
00004199a1e2
0000422ba9f8
000042bdb20e
0000434fba24
000043e1c23a
00004473ca50
00004505d266
00004597da7c
00004629e292
000046bbeaa8
0000474df2be
000047dffad4
0000487202ea
ffffb6fbf500
ffffb78dfd16
ffffb820052c
ffffb8b20d42
ffffb9441558
ffffb9d61d6e
ffffba682584
ffffbafa2d9a
ffffbb8c35b0
ffffbc1e3dc6
ffffbcb045dc
ffffbd424df2
ffffbdd45608
ffffbe665e1e
ffffbef86634
ffffbf8a6e4a
ffffc01c7660
ffffc0ae7e76
ffffc140868c
ffffc1d28ea2
ffffc26496b8
ffffc2f69ece
ffffc388a6e4
ffffc41aaefa
ffffc4acb710
ffffc53ebf26
ffffc5d0c73c
ffffc662cf52
ffffc6f4d768
ffffc786df7e
ffffc818e794
ffffc8aaefaa
ffffc93cf7c0
ffffc9ceffd6
ffffca6107ec
ffffcaf31002
ffffcb851818
ffffcc17202e
ffffcca92844
ffffcd3b305a
ffffcdcd3870
ffffce5f4086
ffffcef1489c
ffffcf8350b2
ffffd01558c8
ffffd0a760de
ffffd13968f4
ffffd1cb710a
ffffd25d7920
ffffd2ef8136
ffffd381894c
ffffd4139162
ffffd4a59978
ffffd537a18e
ffffd5c9a9a4
ffffd65bb1ba
ffffd6edb9d0
ffffd77fc1e6
ffffd811c9fc
ffffd8a3d212
ffffd935da28
ffffd9c7e23e
ffffda59ea54
ffffdaebf26a
ffffdb7dfa80
ffffdc100296
ffffdca20aac
ffffdd3412c2
ffffddc61ad8
ffffde5822ee
ffffdeea2b04
ffffdf7c331a
ffffe00e3b30
ffffe0a04346
ffffe1324b5c
ffffe1c45372
ffffe2565b88
ffffe2e8639e
ffffe37a6bb4
ffffe40c73ca
ffffe49e7be0
ffffe53083f6
ffffe5c28c0c
ffffe6549422
ffffe6e69c38
ffffe778a44e
ffffe80aac64
ffffe89cb47a
ffffe92ebc90
ffffe9c0c4a6
ffffea52ccbc
ffffeae4d4d2
ffffeb76dce8
ffffec08e4fe
ffffec9aed14
ffffed2cf52a
ffffedbefd40
ffffee510556
ffffeee30d6c
ffffef751582
fffff0071d98
fffff09925ae
fffff12b2dc4
fffff1bd35da
fffff24f3df0
fffff2e14606
fffff3734e1c
fffff4055632
fffff4975e48
fffff529665e
fffff5bb6e74
fffff64d768a
fffff6df7ea0
fffff77186b6
fffff8038ecc
fffff89596e2
fffff9279ef8
fffff9b9a70e
fffffa4baf24
fffffaddb73a
fffffb6fbf50
fffffc01c766
fffffc93cf7c
fffffd25d792
fffffdb7dfa8
fffffe49e7be
fffffedbefd4
ffffff6df7ea
000000000000
000000af3ce8
0000015e79d0
0000020db6b8
000002bcf3a0
0000036c3088
0000041b6d70
000004caaa58
00000579e740
000006292428
000006d86110
000007879df8
00000836dae0
000008e617c8
0000099554b0
00000a449198
00000af3ce80
00000ba30b68
00000c524850
00000d018538
00000db0c220
00000e5fff08
00000f0f3bf0
00000fbe78d8
0000106db5c0
0000111cf2a8
000011cc2f90
0000127b6c78
0000132aa960
000013d9e648
000014892330
000015386018
000015e79d00
00001696d9e8
0000174616d0
000017f553b8
000018a490a0
00001953cd88
00001a030a70
00001ab24758
00001b618440
00001c10c128
00001cbffe10
00001d6f3af8
00001e1e77e0
00001ecdb4c8
00001f7cf1b0
0000202c2e98
000020db6b80
0000218aa868
00002239e550
000022e92238
000023985f20
000024479c08
000024f6d8f0
000025a615d8
0000265552c0
000027048fa8
000027b3cc90
000028630978
000029124660
000029c18348
00002a70c030
00002b1ffd18
00002bcf3a00
00002c7e76e8
00002d2db3d0
00002ddcf0b8
00002e8c2da0
00002f3b6a88
00002feaa770
00003099e458
000031492140
000031f85e28
000032a79b10
00003356d7f8
0000340614e0
000034b551c8
000035648eb0
00003613cb98
000036c30880
000037724568
000038218250
000038d0bf38
0000397ffc20
00003a2f3908
00003ade75f0
00003b8db2d8
00003c3cefc0
00003cec2ca8
00003d9b6990
00003e4aa678
00003ef9e360
00003fa92048
000040585d30
000041079a18
000041b6d700
0000426613e8
0000431550d0
000043c48db8
00004473caa0
000045230788
000045d24470
000046818158
00004730be40
000047dffb28
0000488f3810
0000493e74f8
000049edb1e0
00004a9ceec8
00004b4c2bb0
00004bfb6898
00004caaa580
00004d59e268
00004e091f50
00004eb85c38
00004f679920
00005016d608
000050c612f0
000051754fd8
000052248cc0
000052d3c9a8
000053830690
000054324378
000054e18060
00005590bd48
0000563ffa30
000056ef3718
ffffa8618c00
ffffa910c8e8
ffffa9c005d0
ffffaa6f42b8
ffffab1e7fa0
ffffabcdbc88
ffffac7cf970
ffffad2c3658
ffffaddb7340
ffffae8ab028
ffffaf39ed10
ffffafe929f8
ffffb09866e0
ffffb147a3c8
ffffb1f6e0b0
ffffb2a61d98
ffffb3555a80
ffffb4049768
ffffb4b3d450
ffffb5631138
ffffb6124e20
ffffb6c18b08
ffffb770c7f0
ffffb82004d8
ffffb8cf41c0
ffffb97e7ea8
ffffba2dbb90
ffffbadcf878
ffffbb8c3560
ffffbc3b7248
ffffbceaaf30
ffffbd99ec18
ffffbe492900
ffffbef865e8
ffffbfa7a2d0
ffffc056dfb8
ffffc1061ca0
ffffc1b55988
ffffc2649670
ffffc313d358
ffffc3c31040
ffffc4724d28
ffffc5218a10
ffffc5d0c6f8
ffffc68003e0
ffffc72f40c8
ffffc7de7db0
ffffc88dba98
ffffc93cf780
ffffc9ec3468
ffffca9b7150
ffffcb4aae38
ffffcbf9eb20
ffffcca92808
ffffcd5864f0
ffffce07a1d8
ffffceb6dec0
ffffcf661ba8
ffffd0155890
ffffd0c49578
ffffd173d260
ffffd2230f48
ffffd2d24c30
ffffd3818918
ffffd430c600
ffffd4e002e8
ffffd58f3fd0
ffffd63e7cb8
ffffd6edb9a0
ffffd79cf688
ffffd84c3370
ffffd8fb7058
ffffd9aaad40
ffffda59ea28
ffffdb092710
ffffdbb863f8
ffffdc67a0e0
ffffdd16ddc8
ffffddc61ab0
ffffde755798
ffffdf249480
ffffdfd3d168
ffffe0830e50
ffffe1324b38
ffffe1e18820
ffffe290c508
ffffe34001f0
ffffe3ef3ed8
ffffe49e7bc0
ffffe54db8a8
ffffe5fcf590
ffffe6ac3278
ffffe75b6f60
ffffe80aac48
ffffe8b9e930
ffffe9692618
ffffea186300
ffffeac79fe8
ffffeb76dcd0
ffffec2619b8
ffffecd556a0
ffffed849388
ffffee33d070
ffffeee30d58
ffffef924a40
fffff0418728
fffff0f0c410
fffff1a000f8
fffff24f3de0
fffff2fe7ac8
fffff3adb7b0
fffff45cf498
fffff50c3180
fffff5bb6e68
fffff66aab50
fffff719e838
fffff7c92520
fffff8786208
fffff9279ef0
fffff9d6dbd8
fffffa8618c0
fffffb3555a8
fffffbe49290
fffffc93cf78
fffffd430c60
fffffdf24948
fffffea18630
ffffff50c318
000000000000
000000af3ce8
0000015e79d0
0000020db6b8
000002bcf3a0
0000036c3088
0000041b6d70
000004caaa58
00000579e740
000006292428
000006d86110
000007879df8
00000836dae0
000008e617c8
0000099554b0
00000a449198
00000af3ce80
00000ba30b68
00000c524850
00000d018538
00000db0c220
00000e5fff08
00000f0f3bf0
00000fbe78d8
0000106db5c0
0000111cf2a8
000011cc2f90
0000127b6c78
0000132aa960
000013d9e648
000014892330
000015386018
000015e79d00
00001696d9e8
0000174616d0
000017f553b8
000018a490a0
00001953cd88
00001a030a70
00001ab24758
00001b618440
00001c10c128
00001cbffe10
00001d6f3af8
00001e1e77e0
00001ecdb4c8
00001f7cf1b0
0000202c2e98
000020db6b80
0000218aa868
00002239e550
000022e92238
000023985f20
000024479c08
000024f6d8f0
000025a615d8
0000265552c0
000027048fa8
000027b3cc90
000028630978
000029124660
000029c18348
00002a70c030
00002b1ffd18
00002bcf3a00
00002c7e76e8
00002d2db3d0
00002ddcf0b8
00002e8c2da0
00002f3b6a88
00002feaa770
00003099e458
000031492140
000031f85e28
000032a79b10
00003356d7f8
0000340614e0
000034b551c8
000035648eb0
00003613cb98
000036c30880
000037724568
000038218250
000038d0bf38
0000397ffc20
00003a2f3908
00003ade75f0
00003b8db2d8
00003c3cefc0
00003cec2ca8
00003d9b6990
00003e4aa678
00003ef9e360
00003fa92048
000040585d30
000041079a18
000041b6d700
0000426613e8
0000431550d0
000043c48db8
00004473caa0
000045230788
000045d24470
000046818158
00004730be40
000047dffb28
0000488f3810
0000493e74f8
000049edb1e0
00004a9ceec8
00004b4c2bb0
00004bfb6898
00004caaa580
00004d59e268
00004e091f50
00004eb85c38
00004f679920
00005016d608
000050c612f0
000051754fd8
000052248cc0
000052d3c9a8
000053830690
000054324378
000054e18060
00005590bd48
0000563ffa30
000056ef3718
ffffa8618c00
ffffa910c8e8
ffffa9c005d0
ffffaa6f42b8
ffffab1e7fa0
ffffabcdbc88
ffffac7cf970
ffffad2c3658
ffffaddb7340
ffffae8ab028
ffffaf39ed10
ffffafe929f8
ffffb09866e0
ffffb147a3c8
ffffb1f6e0b0
ffffb2a61d98
ffffb3555a80
ffffb4049768
ffffb4b3d450
ffffb5631138
ffffb6124e20
ffffb6c18b08
ffffb770c7f0
ffffb82004d8
ffffb8cf41c0
ffffb97e7ea8
ffffba2dbb90
ffffbadcf878
ffffbb8c3560
ffffbc3b7248
ffffbceaaf30
ffffbd99ec18
ffffbe492900
ffffbef865e8
ffffbfa7a2d0
ffffc056dfb8
ffffc1061ca0
ffffc1b55988
ffffc2649670
ffffc313d358
ffffc3c31040
ffffc4724d28
ffffc5218a10
ffffc5d0c6f8
ffffc68003e0
ffffc72f40c8
ffffc7de7db0
ffffc88dba98
ffffc93cf780
ffffc9ec3468
ffffca9b7150
ffffcb4aae38
ffffcbf9eb20
ffffcca92808
ffffcd5864f0
ffffce07a1d8
ffffceb6dec0
ffffcf661ba8
ffffd0155890
ffffd0c49578
ffffd173d260
ffffd2230f48
ffffd2d24c30
ffffd3818918
ffffd430c600
ffffd4e002e8
ffffd58f3fd0
ffffd63e7cb8
ffffd6edb9a0
ffffd79cf688
ffffd84c3370
ffffd8fb7058
ffffd9aaad40
ffffda59ea28
ffffdb092710
ffffdbb863f8
ffffdc67a0e0
ffffdd16ddc8
ffffddc61ab0
ffffde755798
ffffdf249480
ffffdfd3d168
ffffe0830e50
ffffe1324b38
ffffe1e18820
ffffe290c508
ffffe34001f0
ffffe3ef3ed8
ffffe49e7bc0
ffffe54db8a8
ffffe5fcf590
ffffe6ac3278
ffffe75b6f60
ffffe80aac48
ffffe8b9e930
ffffe9692618
ffffea186300
ffffeac79fe8
ffffeb76dcd0
ffffec2619b8
ffffecd556a0
ffffed849388
ffffee33d070
ffffeee30d58
ffffef924a40
fffff0418728
fffff0f0c410
fffff1a000f8
fffff24f3de0
fffff2fe7ac8
fffff3adb7b0
fffff45cf498
fffff50c3180
fffff5bb6e68
fffff66aab50
fffff719e838
fffff7c92520
fffff8786208
fffff9279ef0
fffff9d6dbd8
fffffa8618c0
fffffb3555a8
fffffbe49290
fffffc93cf78
fffffd430c60
fffffdf24948
fffffea18630
ffffff50c318
