Copyright 1986-2022 Xilinx, Inc. All Rights Reserved. Copyright 2022-2025 Advanced Micro Devices, Inc. All Rights Reserved.
--------------------------------------------------------------------------------------------------------------------------------------------------
| Tool Version      : Vivado v.2025.2 (win64) Build 6299465 Fri Nov 14 19:35:11 GMT 2025
| Date              : Tue Sep 15 20:50:35 2026
| Host              : CHINAMI-1GGEFB2 running 64-bit major release  (build 9200)
| Command           : report_timing_summary -file E:/hdmi_demo/d1_v1/d1_timing_summary.rpt
| Design            : up_pcie_network_hdmi_top
| Device            : xcku060-ffva1156
| Speed File        : -2  PRODUCTION 1.25 12-04-2018
| Design State      : Physopt postRoute
| Temperature Grade : I
--------------------------------------------------------------------------------------------------------------------------------------------------

Timing Summary Report

------------------------------------------------------------------------------------------------
| Timer Settings
| --------------
------------------------------------------------------------------------------------------------

  Enable Multi Corner Analysis               :  Yes
  Enable Pessimism Removal                   :  Yes
  Pessimism Removal Resolution               :  Nearest Common Node
  Enable Input Delay Default Clock           :  No
  Enable Preset / Clear Arcs                 :  No
  Disable Flight Delays                      :  No
  Ignore I/O Paths                           :  No
  Timing Early Launch at Borrowing Latches   :  No
  Borrow Time for Max Delay Exceptions       :  Yes
  Merge Timing Exceptions                    :  Yes
  Inter-SLR Compensation                     :  Conservative

  Corner  Analyze    Analyze    
  Name    Max Paths  Min Paths  
  ------  ---------  ---------  
  Slow    Yes        Yes        
  Fast    Yes        Yes        


------------------------------------------------------------------------------------------------
| Report Methodology
| ------------------
------------------------------------------------------------------------------------------------

Rule       Severity  Description                                  Violations  
---------  --------  -------------------------------------------  ----------  
HPDR-1     Warning   Port pin direction inconsistency             1           
LUTAR-1    Warning   LUT drives async reset alert                 18          
SYNTH-6    Warning   Timing of a RAM block might be sub-optimal   78          
TIMING-18  Warning   Missing input or output delay                29          
XDCB-5     Warning   Runtime inefficient way to find pin objects  2           
CLKC-39    Advisory  Substitute PLLE3 for MMCME3 check            1           
CLKC-55    Advisory  MMCME3 with global clock driver has no LOC   1           
RTGT-1     Advisory  RAM retargeting possibility                  20          

Note: This report is based on the most recent report_methodology run and may not be up-to-date. Run report_methodology on the current design for the latest report.



check_timing report

Table of Contents
-----------------
1. checking no_clock (0)
2. checking constant_clock (0)
3. checking pulse_width_clock (0)
4. checking unconstrained_internal_endpoints (0)
5. checking no_input_delay (1)
6. checking no_output_delay (34)
7. checking multiple_clock (0)
8. checking generated_clocks (0)
9. checking loops (0)
10. checking partial_input_delay (0)
11. checking partial_output_delay (0)
12. checking latch_loops (0)

1. checking no_clock (0)
------------------------
 There are 0 register/latch pins with no clock.


2. checking constant_clock (0)
------------------------------
 There are 0 register/latch pins with constant_clock.


3. checking pulse_width_clock (0)
---------------------------------
 There are 0 register/latch pins which need pulse_width check


4. checking unconstrained_internal_endpoints (0)
------------------------------------------------
 There are 0 pins that are not constrained for maximum delay.

 There are 0 pins that are not constrained for maximum delay due to constant clock.


5. checking no_input_delay (1)
------------------------------
 There are 0 input ports with no input delay specified.

 There is 1 input port with no input delay but user has a false path constraint. (MEDIUM)


6. checking no_output_delay (34)
--------------------------------
 There are 33 ports with no output delay specified. (HIGH)

 There are 0 ports with no output delay but user has a false path constraint

 There is 1 port with no output delay but with a timing clock defined on it or propagating through it (LOW)


7. checking multiple_clock (0)
------------------------------
 There are 0 register/latch pins with multiple clocks.


8. checking generated_clocks (0)
--------------------------------
 There are 0 generated clocks that are not connected to a clock source.


9. checking loops (0)
---------------------
 There are 0 combinational loops in the design.


10. checking partial_input_delay (0)
------------------------------------
 There are 0 input ports with partial input delay specified.


11. checking partial_output_delay (0)
-------------------------------------
 There are 0 ports with partial output delay specified.


12. checking latch_loops (0)
----------------------------
 There are 0 combinational latch loops in the design through latch input



------------------------------------------------------------------------------------------------
| Design Timing Summary
| ---------------------
------------------------------------------------------------------------------------------------

    WNS(ns)      TNS(ns)  TNS Failing Endpoints  TNS Total Endpoints      WHS(ns)      THS(ns)  THS Failing Endpoints  THS Total Endpoints     WPWS(ns)     TPWS(ns)  TPWS Failing Endpoints  TPWS Total Endpoints  
    -------      -------  ---------------------  -------------------      -------      -------  ---------------------  -------------------     --------     --------  ----------------------  --------------------  
      0.034        0.000                      0               839287        0.030        0.000                      0               838363        0.000        0.000                       0                253645  


All user specified timing constraints are met.


------------------------------------------------------------------------------------------------
| Clock Summary
| -------------
------------------------------------------------------------------------------------------------

Clock                                                                                       Waveform(ns)           Period(ns)      Frequency(MHz)
-----                                                                                       ------------           ----------      --------------
dbg_hub/inst/BSCANID.u_xsdbm_id/SWITCH_N_EXT_BSCAN.bscan_inst/SERIES7_BSCAN.bscan_inst/TCK  {0.000 16.500}         33.000          30.303          
pcie_ref_clk_p                                                                              {0.000 5.000}          10.000          100.000         
  qpll1outclk_out[0]                                                                        {0.000 0.100}          0.200           5000.000        
  qpll1outclk_out[0]_1                                                                      {0.000 0.100}          0.200           5000.000        
  qpll1outrefclk_out[0]                                                                     {0.000 5.000}          10.000          100.000         
  qpll1outrefclk_out[0]_1                                                                   {0.000 5.000}          10.000          100.000         
  txoutclk_out[0]                                                                           {0.000 1.000}          2.000           500.000         
    mcap_clk                                                                                {0.000 4.000}          8.000           125.000         
    pcie_clk                                                                                {0.000 2.000}          4.000           250.000         
    pipe_clk                                                                                {0.000 2.000}          4.000           250.000         
sys_clk_p                                                                                   {0.000 4.998}          9.996           100.040         
  mmcm_clkout0                                                                              {0.000 1.666}          3.332           300.120         
    pll_clk[0]                                                                              {0.000 0.208}          0.417           2400.960        
      pll_clk[0]_DIV                                                                        {0.000 1.666}          3.332           300.120         
    pll_clk[1]                                                                              {0.000 0.208}          0.417           2400.960        
      pll_clk[1]_DIV                                                                        {0.000 1.666}          3.332           300.120         
    pll_clk[2]                                                                              {0.000 0.208}          0.417           2400.960        
      pll_clk[2]_DIV                                                                        {0.000 1.666}          3.332           300.120         
  mmcm_clkout1                                                                              {0.000 9.996}          19.992          50.020          
    clk_out1_hdmi_net_clock                                                                 {0.000 4.998}          9.996           100.040         
  mmcm_clkout2                                                                              {0.000 6.664}          13.328          75.030          
    hdmi_video_forwarded                                                                    {6.664 13.328}         13.328          75.030          
  mmcm_clkout3                                                                              {0.000 49.980}         99.960          10.004          
    hdmi_i2c_driver                                                                         {0.000 499.800}        999.600         1.000           
  mmcm_clkout5                                                                              {0.000 6.664}          13.328          75.030          
  mmcm_clkout6                                                                              {0.000 3.332}          6.664           150.060         


------------------------------------------------------------------------------------------------
| Intra Clock Table
| -----------------
------------------------------------------------------------------------------------------------

Clock                                                                                           WNS(ns)      TNS(ns)  TNS Failing Endpoints  TNS Total Endpoints      WHS(ns)      THS(ns)  THS Failing Endpoints  THS Total Endpoints     WPWS(ns)     TPWS(ns)  TPWS Failing Endpoints  TPWS Total Endpoints  
-----                                                                                           -------      -------  ---------------------  -------------------      -------      -------  ---------------------  -------------------     --------     --------  ----------------------  --------------------  
dbg_hub/inst/BSCANID.u_xsdbm_id/SWITCH_N_EXT_BSCAN.bscan_inst/SERIES7_BSCAN.bscan_inst/TCK       29.144        0.000                      0                  910        0.043        0.000                      0                  910       15.832        0.000                       0                   479  
pcie_ref_clk_p                                                                                    7.411        0.000                      0                  175        0.044        0.000                      0                  175        3.200        0.000                       0                   230  
  txoutclk_out[0]                                                                                 0.357        0.000                      0                 1172        0.030        0.000                      0                 1172        0.000        0.000                       0                    37  
    mcap_clk                                                                                                                                                                                                                                  0.000        0.000                       0                     1  
    pcie_clk                                                                                      0.101        0.000                      0               113914        0.030        0.000                      0               113914        0.000        0.000                       0                 38944  
    pipe_clk                                                                                      0.336        0.000                      0                 3618        0.030        0.000                      0                 3618        0.000        0.000                       0                  2075  
sys_clk_p                                                                                         7.882        0.000                      0                   23        0.053        0.000                      0                   23        1.999        0.000                       0                    19  
  mmcm_clkout0                                                                                    0.034        0.000                      0                38185        0.030        0.000                      0                38185        0.500        0.000                       0                 17450  
    pll_clk[0]                                                                                                                                                                                                                                0.022        0.000                       0                     9  
      pll_clk[0]_DIV                                                                                                                                                                                                                          0.172        0.000                       0                    40  
    pll_clk[1]                                                                                                                                                                                                                                0.022        0.000                       0                     7  
      pll_clk[1]_DIV                                                                                                                                                                                                                          0.172        0.000                       0                    25  
    pll_clk[2]                                                                                                                                                                                                                                0.022        0.000                       0                     9  
      pll_clk[2]_DIV                                                                                                                                                                                                                          0.172        0.000                       0                    40  
  mmcm_clkout1                                                                                                                                                                                                                                3.998        0.000                       0                     3  
    clk_out1_hdmi_net_clock                                                                       0.249        0.000                      0               668026        0.030        0.000                      0               668026        4.018        0.000                       0                191076  
  mmcm_clkout2                                                                                    5.378        0.000                      0                 3855        0.046        0.000                      0                 3855        5.810        0.000                       0                   769  
  mmcm_clkout3                                                                                   98.303        0.000                      0                   14        0.053        0.000                      0                   14       49.705        0.000                       0                    17  
    hdmi_i2c_driver                                                                             996.243        0.000                      0                  173        0.050        0.000                      0                  173      499.525        0.000                       0                   115  
  mmcm_clkout5                                                                                    9.190        0.000                      0                  827        0.041        0.000                      0                  827        5.996        0.000                       0                   570  
  mmcm_clkout6                                                                                    0.733        0.000                      0                 5643        0.036        0.000                      0                 5159        0.694        0.000                       0                  1730  


------------------------------------------------------------------------------------------------
| Inter Clock Table
| -----------------
------------------------------------------------------------------------------------------------

From Clock                                                                                  To Clock                                                                                        WNS(ns)      TNS(ns)  TNS Failing Endpoints  TNS Total Endpoints      WHS(ns)      THS(ns)  THS Failing Endpoints  THS Total Endpoints  
----------                                                                                  --------                                                                                        -------      -------  ---------------------  -------------------      -------      -------  ---------------------  -------------------  
mmcm_clkout5                                                                                dbg_hub/inst/BSCANID.u_xsdbm_id/SWITCH_N_EXT_BSCAN.bscan_inst/SERIES7_BSCAN.bscan_inst/TCK       12.576        0.000                      0                    8                                                                        
mmcm_clkout0                                                                                pcie_clk                                                                                          2.294        0.000                      0                    8                                                                        
clk_out1_hdmi_net_clock                                                                     pcie_clk                                                                                          2.755        0.000                      0                  169                                                                        
pcie_clk                                                                                    pipe_clk                                                                                          0.894        0.000                      0                  963        0.142        0.000                      0                  963  
pcie_clk                                                                                    mmcm_clkout0                                                                                      2.449        0.000                      0                    8                                                                        
clk_out1_hdmi_net_clock                                                                     mmcm_clkout0                                                                                      9.266        0.000                      0                    6                                                                        
mmcm_clkout2                                                                                mmcm_clkout0                                                                                     12.708        0.000                      0                    8                                                                        
mmcm_clkout5                                                                                mmcm_clkout0                                                                                      2.109        0.000                      0                   28                                                                        
mmcm_clkout6                                                                                mmcm_clkout0                                                                                      1.425        0.000                      0                  129                                                                        
mmcm_clkout0                                                                                pll_clk[0]_DIV                                                                                    0.608        0.000                      0                  352        0.033        0.000                      0                  352  
mmcm_clkout0                                                                                pll_clk[1]_DIV                                                                                    0.740        0.000                      0                  216        0.031        0.000                      0                  216  
mmcm_clkout0                                                                                pll_clk[2]_DIV                                                                                    0.497        0.000                      0                  352        0.031        0.000                      0                  352  
pcie_clk                                                                                    clk_out1_hdmi_net_clock                                                                           3.307        0.000                      0                    9                                                                        
mmcm_clkout0                                                                                clk_out1_hdmi_net_clock                                                                           1.386        0.000                      0                    9        0.056        0.000                      0                    3  
mmcm_clkout2                                                                                clk_out1_hdmi_net_clock                                                                           1.426        0.000                      0                    1        0.141        0.000                      0                    1  
mmcm_clkout0                                                                                mmcm_clkout2                                                                                      1.422        0.000                      0                    9        0.265        0.000                      0                    1  
hdmi_i2c_driver                                                                             mmcm_clkout3                                                                                     99.603        0.000                      0                    1        0.078        0.000                      0                    1  
mmcm_clkout3                                                                                hdmi_i2c_driver                                                                                  96.452        0.000                      0                   16        0.701        0.000                      0                   16  
dbg_hub/inst/BSCANID.u_xsdbm_id/SWITCH_N_EXT_BSCAN.bscan_inst/SERIES7_BSCAN.bscan_inst/TCK  mmcm_clkout5                                                                                     32.349        0.000                      0                    8                                                                        
mmcm_clkout0                                                                                mmcm_clkout5                                                                                     11.320        0.000                      0                   10                                                                        
mmcm_clkout0                                                                                mmcm_clkout6                                                                                      1.861        0.000                      0                   36        0.068        0.000                      0                    1  


------------------------------------------------------------------------------------------------
| Other Path Groups Table
| -----------------------
------------------------------------------------------------------------------------------------

Path Group                                                                                  From Clock                                                                                  To Clock                                                                                        WNS(ns)      TNS(ns)  TNS Failing Endpoints  TNS Total Endpoints      WHS(ns)      THS(ns)  THS Failing Endpoints  THS Total Endpoints  
----------                                                                                  ----------                                                                                  --------                                                                                        -------      -------  ---------------------  -------------------      -------      -------  ---------------------  -------------------  
**async_default**                                                                           dbg_hub/inst/BSCANID.u_xsdbm_id/SWITCH_N_EXT_BSCAN.bscan_inst/SERIES7_BSCAN.bscan_inst/TCK  dbg_hub/inst/BSCANID.u_xsdbm_id/SWITCH_N_EXT_BSCAN.bscan_inst/SERIES7_BSCAN.bscan_inst/TCK       30.499        0.000                      0                  100        0.141        0.000                      0                  100  
**async_default**                                                                           hdmi_i2c_driver                                                                             hdmi_i2c_driver                                                                                 994.852        0.000                      0                   57        0.735        0.000                      0                   57  
**async_default**                                                                           mmcm_clkout3                                                                                hdmi_i2c_driver                                                                                  95.200        0.000                      0                   98        0.133        0.000                      0                   98  
**async_default**                                                                           mmcm_clkout3                                                                                mmcm_clkout3                                                                                     98.436        0.000                      0                   11        0.323        0.000                      0                   11  
**async_default**                                                                           mmcm_clkout5                                                                                mmcm_clkout5                                                                                     11.282        0.000                      0                  105        0.112        0.000                      0                  105  
**async_default**                                                                           pcie_clk                                                                                    pcie_clk                                                                                          0.512        0.000                      0                   70        0.210        0.000                      0                   70  
**async_default**                                                                           pcie_ref_clk_p                                                                              pcie_ref_clk_p                                                                                    7.999        0.000                      0                   25        0.204        0.000                      0                   25  


------------------------------------------------------------------------------------------------
| Timing Details
| --------------
------------------------------------------------------------------------------------------------


---------------------------------------------------------------------------------------------------
From Clock:  dbg_hub/inst/BSCANID.u_xsdbm_id/SWITCH_N_EXT_BSCAN.bscan_inst/SERIES7_BSCAN.bscan_inst/TCK
  To Clock:  dbg_hub/inst/BSCANID.u_xsdbm_id/SWITCH_N_EXT_BSCAN.bscan_inst/SERIES7_BSCAN.bscan_inst/TCK

Setup :            0  Failing Endpoints,  Worst Slack       29.144ns,  Total Violation        0.000ns
Hold  :            0  Failing Endpoints,  Worst Slack        0.043ns,  Total Violation        0.000ns
PW    :            0  Failing Endpoints,  Worst Slack       15.832ns,  Total Violation        0.000ns
---------------------------------------------------------------------------------------------------


Max Delay Paths
--------------------------------------------------------------------------------------
Slack (MET) :             29.144ns  (required time - arrival time)
  Source:                 dbg_hub/inst/BSCANID.u_xsdbm_id/CORE_XSDB.UUT_MASTER/U_ICON_INTERFACE/U_CMD5/shift_reg_in_reg[17]/C
                            (rising edge-triggered cell FDRE clocked by dbg_hub/inst/BSCANID.u_xsdbm_id/SWITCH_N_EXT_BSCAN.bscan_inst/SERIES7_BSCAN.bscan_inst/TCK  {rise@0.000ns fall@16.500ns period=33.000ns})
  Destination:            dbg_hub/inst/BSCANID.u_xsdbm_id/CORE_XSDB.UUT_MASTER/U_ICON_INTERFACE/U_CMD6_WR/U_WR_FIFO/SUBCORE_FIFO.xsdbm_v3_0_5_wrfifo_inst/inst_fifo_gen/gconvfifo.rf/grf.rf/gntv_or_sync_fifo.mem/gdm.dm_gen.dm/RAM_reg_0_15_14_15/DP/WE
                            (rising edge-triggered cell RAMD32 clocked by dbg_hub/inst/BSCANID.u_xsdbm_id/SWITCH_N_EXT_BSCAN.bscan_inst/SERIES7_BSCAN.bscan_inst/TCK  {rise@0.000ns fall@16.500ns period=33.000ns})
  Path Group:             dbg_hub/inst/BSCANID.u_xsdbm_id/SWITCH_N_EXT_BSCAN.bscan_inst/SERIES7_BSCAN.bscan_inst/TCK
  Path Type:              Setup (Max at Slow Process Corner)
  Requirement:            33.000ns  (dbg_hub/inst/BSCANID.u_xsdbm_id/SWITCH_N_EXT_BSCAN.bscan_inst/SERIES7_BSCAN.bscan_inst/TCK rise@33.000ns - dbg_hub/inst/BSCANID.u_xsdbm_id/SWITCH_N_EXT_BSCAN.bscan_inst/SERIES7_BSCAN.bscan_inst/TCK rise@0.000ns)
  Data Path Delay:        3.527ns  (logic 0.275ns (7.797%)  route 3.252ns (92.203%))
  Logic Levels:           2  (LUT2=1 LUT6=1)
  Clock Path Skew:        0.111ns (DCD - SCD + CPR)
    Destination Clock Delay (DCD):    6.687ns = ( 39.687 - 33.000 ) 
    Source Clock Delay      (SCD):    7.751ns
    Clock Pessimism Removal (CPR):    1.175ns
  Clock Uncertainty:      0.035ns  ((TSJ^2 + TIJ^2)^1/2 + DJ) / 2 + PE
    Total System Jitter     (TSJ):    0.071ns
    Total Input Jitter      (TIJ):    0.000ns
    Discrete Jitter          (DJ):    0.000ns
    Phase Error              (PE):    0.000ns
  Clock Net Delay (Source):      2.789ns (routing 1.521ns, distribution 1.268ns)
  Clock Net Delay (Destination): 2.722ns (routing 1.393ns, distribution 1.329ns)

    Location             Delay type                Incr(ns)  Path(ns)    Netlist Resource(s)
  -------------------------------------------------------------------    -------------------
                         (clock dbg_hub/inst/BSCANID.u_xsdbm_id/SWITCH_N_EXT_BSCAN.bscan_inst/SERIES7_BSCAN.bscan_inst/TCK rise edge)
                                                      0.000     0.000 r  
    CONFIG_SITE_X0Y0     BSCANE2                      0.000     0.000 r  dbg_hub/inst/BSCANID.u_xsdbm_id/SWITCH_N_EXT_BSCAN.bscan_inst/SERIES7_BSCAN.bscan_inst/TCK
                         net (fo=1, routed)           4.879     4.879    dbg_hub/inst/BSCANID.u_xsdbm_id/tck_bs
    BUFGCE_X1Y107        BUFGCE (Prop_BUFCE_BUFGCE_I_O)
                                                      0.083     4.962 r  dbg_hub/inst/BSCANID.u_xsdbm_id/SWITCH_N_EXT_BSCAN.u_bufg_icon_tck/O
    X3Y0 (CLOCK_ROOT)    net (fo=478, routed)         2.789     7.751    dbg_hub/inst/BSCANID.u_xsdbm_id/CORE_XSDB.UUT_MASTER/U_ICON_INTERFACE/U_CMD5/m_bscan_tck[0]
    SLICE_X82Y7          FDRE                                         r  dbg_hub/inst/BSCANID.u_xsdbm_id/CORE_XSDB.UUT_MASTER/U_ICON_INTERFACE/U_CMD5/shift_reg_in_reg[17]/C
  -------------------------------------------------------------------    -------------------
    SLICE_X82Y7          FDRE (Prop_HFF2_SLICEM_C_Q)
                                                      0.117     7.868 r  dbg_hub/inst/BSCANID.u_xsdbm_id/CORE_XSDB.UUT_MASTER/U_ICON_INTERFACE/U_CMD5/shift_reg_in_reg[17]/Q
                         net (fo=25, routed)          1.334     9.202    dbg_hub/inst/BSCANID.u_xsdbm_id/CORE_XSDB.UUT_MASTER/U_ICON_INTERFACE/U_CMD6_WR/U_WR_FIFO/out[0]
    SLICE_X91Y28         LUT6 (Prop_A6LUT_SLICEL_I1_O)
                                                      0.115     9.317 r  dbg_hub/inst/BSCANID.u_xsdbm_id/CORE_XSDB.UUT_MASTER/U_ICON_INTERFACE/U_CMD6_WR/U_WR_FIFO/SUBCORE_FIFO.xsdbm_v3_0_5_wrfifo_inst_i_1/O
                         net (fo=3, routed)           0.489     9.806    dbg_hub/inst/BSCANID.u_xsdbm_id/CORE_XSDB.UUT_MASTER/U_ICON_INTERFACE/U_CMD6_WR/U_WR_FIFO/SUBCORE_FIFO.xsdbm_v3_0_5_wrfifo_inst/inst_fifo_gen/gconvfifo.rf/grf.rf/gntv_or_sync_fifo.gl0.wr/gwas.wsts/wr_en
    SLICE_X89Y29         LUT2 (Prop_H6LUT_SLICEM_I0_O)
                                                      0.043     9.849 r  dbg_hub/inst/BSCANID.u_xsdbm_id/CORE_XSDB.UUT_MASTER/U_ICON_INTERFACE/U_CMD6_WR/U_WR_FIFO/SUBCORE_FIFO.xsdbm_v3_0_5_wrfifo_inst/inst_fifo_gen/gconvfifo.rf/grf.rf/gntv_or_sync_fifo.gl0.wr/gwas.wsts/gic0.gc0.count_d1[3]_i_1/O
                         net (fo=32, routed)          1.429    11.278    dbg_hub/inst/BSCANID.u_xsdbm_id/CORE_XSDB.UUT_MASTER/U_ICON_INTERFACE/U_CMD6_WR/U_WR_FIFO/SUBCORE_FIFO.xsdbm_v3_0_5_wrfifo_inst/inst_fifo_gen/gconvfifo.rf/grf.rf/gntv_or_sync_fifo.mem/gdm.dm_gen.dm/RAM_reg_0_15_14_15/WE
    SLICE_X97Y20         RAMD32                                       r  dbg_hub/inst/BSCANID.u_xsdbm_id/CORE_XSDB.UUT_MASTER/U_ICON_INTERFACE/U_CMD6_WR/U_WR_FIFO/SUBCORE_FIFO.xsdbm_v3_0_5_wrfifo_inst/inst_fifo_gen/gconvfifo.rf/grf.rf/gntv_or_sync_fifo.mem/gdm.dm_gen.dm/RAM_reg_0_15_14_15/DP/WE
  -------------------------------------------------------------------    -------------------

                         (clock dbg_hub/inst/BSCANID.u_xsdbm_id/SWITCH_N_EXT_BSCAN.bscan_inst/SERIES7_BSCAN.bscan_inst/TCK rise edge)
                                                     33.000    33.000 r  
    CONFIG_SITE_X0Y0     BSCANE2                      0.000    33.000 r  dbg_hub/inst/BSCANID.u_xsdbm_id/SWITCH_N_EXT_BSCAN.bscan_inst/SERIES7_BSCAN.bscan_inst/TCK
                         net (fo=1, routed)           3.890    36.890    dbg_hub/inst/BSCANID.u_xsdbm_id/tck_bs
    BUFGCE_X1Y107        BUFGCE (Prop_BUFCE_BUFGCE_I_O)
                                                      0.075    36.965 r  dbg_hub/inst/BSCANID.u_xsdbm_id/SWITCH_N_EXT_BSCAN.u_bufg_icon_tck/O
    X3Y0 (CLOCK_ROOT)    net (fo=478, routed)         2.722    39.687    dbg_hub/inst/BSCANID.u_xsdbm_id/CORE_XSDB.UUT_MASTER/U_ICON_INTERFACE/U_CMD6_WR/U_WR_FIFO/SUBCORE_FIFO.xsdbm_v3_0_5_wrfifo_inst/inst_fifo_gen/gconvfifo.rf/grf.rf/gntv_or_sync_fifo.mem/gdm.dm_gen.dm/RAM_reg_0_15_14_15/WCLK
    SLICE_X97Y20         RAMD32                                       r  dbg_hub/inst/BSCANID.u_xsdbm_id/CORE_XSDB.UUT_MASTER/U_ICON_INTERFACE/U_CMD6_WR/U_WR_FIFO/SUBCORE_FIFO.xsdbm_v3_0_5_wrfifo_inst/inst_fifo_gen/gconvfifo.rf/grf.rf/gntv_or_sync_fifo.mem/gdm.dm_gen.dm/RAM_reg_0_15_14_15/DP/CLK
                         clock pessimism              1.175    40.862    
                         clock uncertainty           -0.035    40.826    
    SLICE_X97Y20         RAMD32 (Setup_G6LUT_SLICEM_CLK_WE)
                                                     -0.404    40.422    dbg_hub/inst/BSCANID.u_xsdbm_id/CORE_XSDB.UUT_MASTER/U_ICON_INTERFACE/U_CMD6_WR/U_WR_FIFO/SUBCORE_FIFO.xsdbm_v3_0_5_wrfifo_inst/inst_fifo_gen/gconvfifo.rf/grf.rf/gntv_or_sync_fifo.mem/gdm.dm_gen.dm/RAM_reg_0_15_14_15/DP
  -------------------------------------------------------------------
                         required time                         40.422    
                         arrival time                         -11.278    
  -------------------------------------------------------------------
                         slack                                 29.144    





Min Delay Paths
--------------------------------------------------------------------------------------
Slack (MET) :             0.043ns  (arrival time - required time)
  Source:                 dbg_hub/inst/BSCANID.u_xsdbm_id/CORE_XSDB.UUT_MASTER/U_ICON_INTERFACE/U_CMD7_CTL/icn_cmd_din_temp_reg/C
                            (rising edge-triggered cell FDRE clocked by dbg_hub/inst/BSCANID.u_xsdbm_id/SWITCH_N_EXT_BSCAN.bscan_inst/SERIES7_BSCAN.bscan_inst/TCK  {rise@0.000ns fall@16.500ns period=33.000ns})
  Destination:            dbg_hub/inst/BSCANID.u_xsdbm_id/CORE_XSDB.UUT_MASTER/U_ICON_INTERFACE/U_CMD7_CTL/shift_reg_in_reg[2]/D
                            (rising edge-triggered cell FDRE clocked by dbg_hub/inst/BSCANID.u_xsdbm_id/SWITCH_N_EXT_BSCAN.bscan_inst/SERIES7_BSCAN.bscan_inst/TCK  {rise@0.000ns fall@16.500ns period=33.000ns})
  Path Group:             dbg_hub/inst/BSCANID.u_xsdbm_id/SWITCH_N_EXT_BSCAN.bscan_inst/SERIES7_BSCAN.bscan_inst/TCK
  Path Type:              Hold (Min at Fast Process Corner)
  Requirement:            0.000ns  (dbg_hub/inst/BSCANID.u_xsdbm_id/SWITCH_N_EXT_BSCAN.bscan_inst/SERIES7_BSCAN.bscan_inst/TCK rise@0.000ns - dbg_hub/inst/BSCANID.u_xsdbm_id/SWITCH_N_EXT_BSCAN.bscan_inst/SERIES7_BSCAN.bscan_inst/TCK rise@0.000ns)
  Data Path Delay:        0.141ns  (logic 0.048ns (34.043%)  route 0.093ns (65.958%))
  Logic Levels:           0  
  Clock Path Skew:        0.042ns (DCD - SCD - CPR)
    Destination Clock Delay (DCD):    4.831ns
    Source Clock Delay      (SCD):    3.771ns
    Clock Pessimism Removal (CPR):    1.018ns
  Clock Net Delay (Source):      1.241ns (routing 0.735ns, distribution 0.506ns)
  Clock Net Delay (Destination): 1.437ns (routing 0.814ns, distribution 0.623ns)

    Location             Delay type                Incr(ns)  Path(ns)    Netlist Resource(s)
  -------------------------------------------------------------------    -------------------
                         (clock dbg_hub/inst/BSCANID.u_xsdbm_id/SWITCH_N_EXT_BSCAN.bscan_inst/SERIES7_BSCAN.bscan_inst/TCK rise edge)
                                                      0.000     0.000 r  
    CONFIG_SITE_X0Y0     BSCANE2                      0.000     0.000 r  dbg_hub/inst/BSCANID.u_xsdbm_id/SWITCH_N_EXT_BSCAN.bscan_inst/SERIES7_BSCAN.bscan_inst/TCK
                         net (fo=1, routed)           2.503     2.503    dbg_hub/inst/BSCANID.u_xsdbm_id/tck_bs
    BUFGCE_X1Y107        BUFGCE (Prop_BUFCE_BUFGCE_I_O)
                                                      0.027     2.530 r  dbg_hub/inst/BSCANID.u_xsdbm_id/SWITCH_N_EXT_BSCAN.u_bufg_icon_tck/O
    X3Y0 (CLOCK_ROOT)    net (fo=478, routed)         1.241     3.771    dbg_hub/inst/BSCANID.u_xsdbm_id/CORE_XSDB.UUT_MASTER/U_ICON_INTERFACE/U_CMD7_CTL/m_bscan_tck[0]
    SLICE_X86Y27         FDRE                                         r  dbg_hub/inst/BSCANID.u_xsdbm_id/CORE_XSDB.UUT_MASTER/U_ICON_INTERFACE/U_CMD7_CTL/icn_cmd_din_temp_reg/C
  -------------------------------------------------------------------    -------------------
    SLICE_X86Y27         FDRE (Prop_HFF2_SLICEL_C_Q)
                                                      0.048     3.819 r  dbg_hub/inst/BSCANID.u_xsdbm_id/CORE_XSDB.UUT_MASTER/U_ICON_INTERFACE/U_CMD7_CTL/icn_cmd_din_temp_reg/Q
                         net (fo=1, routed)           0.093     3.912    dbg_hub/inst/BSCANID.u_xsdbm_id/CORE_XSDB.UUT_MASTER/U_ICON_INTERFACE/U_CMD7_CTL/icn_cmd_din_temp
    SLICE_X86Y28         FDRE                                         r  dbg_hub/inst/BSCANID.u_xsdbm_id/CORE_XSDB.UUT_MASTER/U_ICON_INTERFACE/U_CMD7_CTL/shift_reg_in_reg[2]/D
  -------------------------------------------------------------------    -------------------

                         (clock dbg_hub/inst/BSCANID.u_xsdbm_id/SWITCH_N_EXT_BSCAN.bscan_inst/SERIES7_BSCAN.bscan_inst/TCK rise edge)
                                                      0.000     0.000 r  
    CONFIG_SITE_X0Y0     BSCANE2                      0.000     0.000 r  dbg_hub/inst/BSCANID.u_xsdbm_id/SWITCH_N_EXT_BSCAN.bscan_inst/SERIES7_BSCAN.bscan_inst/TCK
                         net (fo=1, routed)           3.363     3.363    dbg_hub/inst/BSCANID.u_xsdbm_id/tck_bs
    BUFGCE_X1Y107        BUFGCE (Prop_BUFCE_BUFGCE_I_O)
                                                      0.031     3.394 r  dbg_hub/inst/BSCANID.u_xsdbm_id/SWITCH_N_EXT_BSCAN.u_bufg_icon_tck/O
    X3Y0 (CLOCK_ROOT)    net (fo=478, routed)         1.437     4.831    dbg_hub/inst/BSCANID.u_xsdbm_id/CORE_XSDB.UUT_MASTER/U_ICON_INTERFACE/U_CMD7_CTL/m_bscan_tck[0]
    SLICE_X86Y28         FDRE                                         r  dbg_hub/inst/BSCANID.u_xsdbm_id/CORE_XSDB.UUT_MASTER/U_ICON_INTERFACE/U_CMD7_CTL/shift_reg_in_reg[2]/C
                         clock pessimism             -1.018     3.813    
    SLICE_X86Y28         FDRE (Hold_CFF2_SLICEL_C_D)
                                                      0.056     3.869    dbg_hub/inst/BSCANID.u_xsdbm_id/CORE_XSDB.UUT_MASTER/U_ICON_INTERFACE/U_CMD7_CTL/shift_reg_in_reg[2]
  -------------------------------------------------------------------
                         required time                         -3.869    
                         arrival time                           3.912    
  -------------------------------------------------------------------
                         slack                                  0.043    





Pulse Width Checks
--------------------------------------------------------------------------------------
Clock Name:         dbg_hub/inst/BSCANID.u_xsdbm_id/SWITCH_N_EXT_BSCAN.bscan_inst/SERIES7_BSCAN.bscan_inst/TCK
Waveform(ns):       { 0.000 16.500 }
Period(ns):         33.000
Sources:            { dbg_hub/inst/BSCANID.u_xsdbm_id/SWITCH_N_EXT_BSCAN.bscan_inst/SERIES7_BSCAN.bscan_inst/TCK }

Check Type        Corner  Lib Pin     Reference Pin  Required(ns)  Actual(ns)  Slack(ns)  Location       Pin
Min Period        n/a     BUFGCE/I    n/a            1.379         33.000      31.621     BUFGCE_X1Y107  dbg_hub/inst/BSCANID.u_xsdbm_id/SWITCH_N_EXT_BSCAN.u_bufg_icon_tck/I
Low Pulse Width   Slow    RAMD32/CLK  n/a            0.668         16.500      15.832     SLICE_X89Y18   dbg_hub/inst/BSCANID.u_xsdbm_id/CORE_XSDB.UUT_MASTER/U_ICON_INTERFACE/U_CMD6_WR/U_WR_FIFO/SUBCORE_FIFO.xsdbm_v3_0_5_wrfifo_inst/inst_fifo_gen/gconvfifo.rf/grf.rf/gntv_or_sync_fifo.mem/gdm.dm_gen.dm/RAM_reg_0_15_0_13/RAMA/CLK
High Pulse Width  Slow    RAMD32/CLK  n/a            0.668         16.500      15.832     SLICE_X89Y18   dbg_hub/inst/BSCANID.u_xsdbm_id/CORE_XSDB.UUT_MASTER/U_ICON_INTERFACE/U_CMD6_WR/U_WR_FIFO/SUBCORE_FIFO.xsdbm_v3_0_5_wrfifo_inst/inst_fifo_gen/gconvfifo.rf/grf.rf/gntv_or_sync_fifo.mem/gdm.dm_gen.dm/RAM_reg_0_15_0_13/RAMA/CLK



---------------------------------------------------------------------------------------------------
From Clock:  pcie_ref_clk_p
  To Clock:  pcie_ref_clk_p

Setup :            0  Failing Endpoints,  Worst Slack        7.411ns,  Total Violation        0.000ns
Hold  :            0  Failing Endpoints,  Worst Slack        0.044ns,  Total Violation        0.000ns
PW    :            0  Failing Endpoints,  Worst Slack        3.200ns,  Total Violation        0.000ns
---------------------------------------------------------------------------------------------------


Max Delay Paths
--------------------------------------------------------------------------------------
Slack (MET) :             7.411ns  (required time - arrival time)
  Source:                 u_pcie/design_1_i/xdma_0/inst/pcie3_ip_i/inst/design_1_xdma_0_0_pcie3_ip_gt_top_i/phy_rst_i/sync_phystatus/sync_vec[3].sync_cell_i/sync_reg[3]/C
                            (rising edge-triggered cell FDRE clocked by pcie_ref_clk_p  {rise@0.000ns fall@5.000ns period=10.000ns})
  Destination:            u_pcie/design_1_i/xdma_0/inst/pcie3_ip_i/inst/design_1_xdma_0_0_pcie3_ip_gt_top_i/phy_rst_i/FSM_onehot_fsm_reg[7]/D
                            (rising edge-triggered cell FDCE clocked by pcie_ref_clk_p  {rise@0.000ns fall@5.000ns period=10.000ns})
  Path Group:             pcie_ref_clk_p
  Path Type:              Setup (Max at Slow Process Corner)
  Requirement:            10.000ns  (pcie_ref_clk_p rise@10.000ns - pcie_ref_clk_p rise@0.000ns)
  Data Path Delay:        2.480ns  (logic 0.646ns (26.048%)  route 1.834ns (73.952%))
  Logic Levels:           3  (LUT3=1 LUT4=1 LUT5=1)
  Clock Path Skew:        -0.135ns (DCD - SCD + CPR)
    Destination Clock Delay (DCD):    2.195ns = ( 12.195 - 10.000 ) 
    Source Clock Delay      (SCD):    2.596ns
    Clock Pessimism Removal (CPR):    0.265ns
  Clock Uncertainty:      0.035ns  ((TSJ^2 + TIJ^2)^1/2 + DJ) / 2 + PE
    Total System Jitter     (TSJ):    0.071ns
    Total Input Jitter      (TIJ):    0.000ns
    Discrete Jitter          (DJ):    0.000ns
    Phase Error              (PE):    0.000ns
  Clock Net Delay (Source):      1.862ns (routing 0.427ns, distribution 1.435ns)
  Clock Net Delay (Destination): 1.685ns (routing 0.385ns, distribution 1.300ns)

    Location             Delay type                Incr(ns)  Path(ns)    Netlist Resource(s)
  -------------------------------------------------------------------    -------------------
                         (clock pcie_ref_clk_p rise edge)
                                                      0.000     0.000 r  
    GTHE3_COMMON_X1Y1                                 0.000     0.000 r  pcie_ref_clk_p[0] (IN)
                         net (fo=0)                   0.000     0.000    u_pcie/design_1_i/util_ds_buf/U0/IBUF_DS_P[0]
    GTHE3_COMMON_X1Y1    IBUFDS_GTE3 (Prop_IBUFDS1_GTE3_GTHE3_COMMON_I_ODIV2)
                                                      0.337     0.337 r  u_pcie/design_1_i/util_ds_buf/U0/USE_IBUFDS_GTE3.GEN_IBUFDS_GTE3[0].IBUFDS_GTE3_I/ODIV2
                         net (fo=2, routed)           0.082     0.419    u_pcie/design_1_i/xdma_0/inst/pcie3_ip_i/inst/sys_clk
    BUFG_GT_X1Y27        BUFG_GT (Prop_BUFG_GT_I_O)
                                                      0.315     0.734 r  u_pcie/design_1_i/xdma_0/inst/pcie3_ip_i/inst/bufg_gt_sysclk/O
    X5Y1 (CLOCK_ROOT)    net (fo=237, routed)         1.862     2.596    u_pcie/design_1_i/xdma_0/inst/pcie3_ip_i/inst/design_1_xdma_0_0_pcie3_ip_gt_top_i/phy_rst_i/sync_phystatus/sync_vec[3].sync_cell_i/sync_reg[0]_0
    SLICE_X140Y60        FDRE                                         r  u_pcie/design_1_i/xdma_0/inst/pcie3_ip_i/inst/design_1_xdma_0_0_pcie3_ip_gt_top_i/phy_rst_i/sync_phystatus/sync_vec[3].sync_cell_i/sync_reg[3]/C
  -------------------------------------------------------------------    -------------------
    SLICE_X140Y60        FDRE (Prop_CFF2_SLICEL_C_Q)
                                                      0.117     2.713 f  u_pcie/design_1_i/xdma_0/inst/pcie3_ip_i/inst/design_1_xdma_0_0_pcie3_ip_gt_top_i/phy_rst_i/sync_phystatus/sync_vec[3].sync_cell_i/sync_reg[3]/Q
                         net (fo=1, routed)           0.277     2.990    u_pcie/design_1_i/xdma_0/inst/pcie3_ip_i/inst/design_1_xdma_0_0_pcie3_ip_gt_top_i/phy_rst_i/sync_phystatus/sync_vec[3].sync_cell_i/sync[3]
    SLICE_X140Y56        LUT4 (Prop_A6LUT_SLICEL_I0_O)
                                                      0.131     3.121 f  u_pcie/design_1_i/xdma_0/inst/pcie3_ip_i/inst/design_1_xdma_0_0_pcie3_ip_gt_top_i/phy_rst_i/sync_phystatus/sync_vec[3].sync_cell_i/FSM_onehot_fsm[7]_i_4/O
                         net (fo=1, routed)           0.344     3.465    u_pcie/design_1_i/xdma_0/inst/pcie3_ip_i/inst/design_1_xdma_0_0_pcie3_ip_gt_top_i/phy_rst_i/sync_phystatus/sync_vec[4].sync_cell_i/FSM_onehot_fsm_reg[7]_0
    SLICE_X139Y48        LUT5 (Prop_E6LUT_SLICEL_I4_O)
                                                      0.185     3.650 f  u_pcie/design_1_i/xdma_0/inst/pcie3_ip_i/inst/design_1_xdma_0_0_pcie3_ip_gt_top_i/phy_rst_i/sync_phystatus/sync_vec[4].sync_cell_i/FSM_onehot_fsm[7]_i_3/O
                         net (fo=2, routed)           1.175     4.825    u_pcie/design_1_i/xdma_0/inst/pcie3_ip_i/inst/design_1_xdma_0_0_pcie3_ip_gt_top_i/phy_rst_i/sync_phystatus/sync_vec[4].sync_cell_i/in8
    SLICE_X142Y127       LUT3 (Prop_G5LUT_SLICEM_I0_O)
                                                      0.213     5.038 r  u_pcie/design_1_i/xdma_0/inst/pcie3_ip_i/inst/design_1_xdma_0_0_pcie3_ip_gt_top_i/phy_rst_i/sync_phystatus/sync_vec[4].sync_cell_i/FSM_onehot_fsm[7]_i_1/O
                         net (fo=1, routed)           0.038     5.076    u_pcie/design_1_i/xdma_0/inst/pcie3_ip_i/inst/design_1_xdma_0_0_pcie3_ip_gt_top_i/phy_rst_i/sync_phystatus_n_0
    SLICE_X142Y127       FDCE                                         r  u_pcie/design_1_i/xdma_0/inst/pcie3_ip_i/inst/design_1_xdma_0_0_pcie3_ip_gt_top_i/phy_rst_i/FSM_onehot_fsm_reg[7]/D
  -------------------------------------------------------------------    -------------------

                         (clock pcie_ref_clk_p rise edge)
                                                     10.000    10.000 r  
    GTHE3_COMMON_X1Y1                                 0.000    10.000 r  pcie_ref_clk_p[0] (IN)
                         net (fo=0)                   0.000    10.000    u_pcie/design_1_i/util_ds_buf/U0/IBUF_DS_P[0]
    GTHE3_COMMON_X1Y1    IBUFDS_GTE3 (Prop_IBUFDS1_GTE3_GTHE3_COMMON_I_ODIV2)
                                                      0.181    10.181 r  u_pcie/design_1_i/util_ds_buf/U0/USE_IBUFDS_GTE3.GEN_IBUFDS_GTE3[0].IBUFDS_GTE3_I/ODIV2
                         net (fo=2, routed)           0.046    10.227    u_pcie/design_1_i/xdma_0/inst/pcie3_ip_i/inst/sys_clk
    BUFG_GT_X1Y27        BUFG_GT (Prop_BUFG_GT_I_O)
                                                      0.283    10.510 r  u_pcie/design_1_i/xdma_0/inst/pcie3_ip_i/inst/bufg_gt_sysclk/O
    X5Y1 (CLOCK_ROOT)    net (fo=237, routed)         1.685    12.195    u_pcie/design_1_i/xdma_0/inst/pcie3_ip_i/inst/design_1_xdma_0_0_pcie3_ip_gt_top_i/phy_rst_i/sync_reg[0]
    SLICE_X142Y127       FDCE                                         r  u_pcie/design_1_i/xdma_0/inst/pcie3_ip_i/inst/design_1_xdma_0_0_pcie3_ip_gt_top_i/phy_rst_i/FSM_onehot_fsm_reg[7]/C
                         clock pessimism              0.265    12.461    
                         clock uncertainty           -0.035    12.425    
    SLICE_X142Y127       FDCE (Setup_GFF2_SLICEM_C_D)
                                                      0.061    12.486    u_pcie/design_1_i/xdma_0/inst/pcie3_ip_i/inst/design_1_xdma_0_0_pcie3_ip_gt_top_i/phy_rst_i/FSM_onehot_fsm_reg[7]
  -------------------------------------------------------------------
                         required time                         12.486    
                         arrival time                          -5.076    
  -------------------------------------------------------------------
                         slack                                  7.411    





Min Delay Paths
--------------------------------------------------------------------------------------
Slack (MET) :             0.044ns  (arrival time - required time)
  Source:                 u_pcie/design_1_i/xdma_0/inst/pcie3_ip_i/inst/design_1_xdma_0_0_pcie3_ip_gt_top_i/phy_rst_i/txsync_start_cnt_reg[1]/C
                            (rising edge-triggered cell FDCE clocked by pcie_ref_clk_p  {rise@0.000ns fall@5.000ns period=10.000ns})
  Destination:            u_pcie/design_1_i/xdma_0/inst/pcie3_ip_i/inst/design_1_xdma_0_0_pcie3_ip_gt_top_i/phy_rst_i/FSM_onehot_fsm_reg[4]/D
                            (rising edge-triggered cell FDCE clocked by pcie_ref_clk_p  {rise@0.000ns fall@5.000ns period=10.000ns})
  Path Group:             pcie_ref_clk_p
  Path Type:              Hold (Min at Fast Process Corner)
  Requirement:            0.000ns  (pcie_ref_clk_p rise@0.000ns - pcie_ref_clk_p rise@0.000ns)
  Data Path Delay:        0.189ns  (logic 0.094ns (49.735%)  route 0.095ns (50.265%))
  Logic Levels:           1  (LUT6=1)
  Clock Path Skew:        0.089ns (DCD - SCD - CPR)
    Destination Clock Delay (DCD):    1.412ns
    Source Clock Delay      (SCD):    1.096ns
    Clock Pessimism Removal (CPR):    0.226ns
  Clock Net Delay (Source):      0.843ns (routing 0.224ns, distribution 0.619ns)
  Clock Net Delay (Destination): 1.024ns (routing 0.258ns, distribution 0.766ns)

    Location             Delay type                Incr(ns)  Path(ns)    Netlist Resource(s)
  -------------------------------------------------------------------    -------------------
                         (clock pcie_ref_clk_p rise edge)
                                                      0.000     0.000 r  
    GTHE3_COMMON_X1Y1                                 0.000     0.000 r  pcie_ref_clk_p[0] (IN)
                         net (fo=0)                   0.000     0.000    u_pcie/design_1_i/util_ds_buf/U0/IBUF_DS_P[0]
    GTHE3_COMMON_X1Y1    IBUFDS_GTE3 (Prop_IBUFDS1_GTE3_GTHE3_COMMON_I_ODIV2)
                                                      0.135     0.135 r  u_pcie/design_1_i/util_ds_buf/U0/USE_IBUFDS_GTE3.GEN_IBUFDS_GTE3[0].IBUFDS_GTE3_I/ODIV2
                         net (fo=2, routed)           0.018     0.153    u_pcie/design_1_i/xdma_0/inst/pcie3_ip_i/inst/sys_clk
    BUFG_GT_X1Y27        BUFG_GT (Prop_BUFG_GT_I_O)
                                                      0.100     0.253 r  u_pcie/design_1_i/xdma_0/inst/pcie3_ip_i/inst/bufg_gt_sysclk/O
    X5Y1 (CLOCK_ROOT)    net (fo=237, routed)         0.843     1.096    u_pcie/design_1_i/xdma_0/inst/pcie3_ip_i/inst/design_1_xdma_0_0_pcie3_ip_gt_top_i/phy_rst_i/sync_reg[0]
    SLICE_X142Y129       FDCE                                         r  u_pcie/design_1_i/xdma_0/inst/pcie3_ip_i/inst/design_1_xdma_0_0_pcie3_ip_gt_top_i/phy_rst_i/txsync_start_cnt_reg[1]/C
  -------------------------------------------------------------------    -------------------
    SLICE_X142Y129       FDCE (Prop_FFF_SLICEM_C_Q)
                                                      0.049     1.145 f  u_pcie/design_1_i/xdma_0/inst/pcie3_ip_i/inst/design_1_xdma_0_0_pcie3_ip_gt_top_i/phy_rst_i/txsync_start_cnt_reg[1]/Q
                         net (fo=3, routed)           0.080     1.225    u_pcie/design_1_i/xdma_0/inst/pcie3_ip_i/inst/design_1_xdma_0_0_pcie3_ip_gt_top_i/phy_rst_i/sync_txsync_done/sync_vec[4].sync_cell_i/FSM_onehot_fsm_reg[4]_0[1]
    SLICE_X141Y129       LUT6 (Prop_B6LUT_SLICEL_I0_O)
                                                      0.045     1.270 r  u_pcie/design_1_i/xdma_0/inst/pcie3_ip_i/inst/design_1_xdma_0_0_pcie3_ip_gt_top_i/phy_rst_i/sync_txsync_done/sync_vec[4].sync_cell_i/FSM_onehot_fsm[4]_i_1/O
                         net (fo=1, routed)           0.015     1.285    u_pcie/design_1_i/xdma_0/inst/pcie3_ip_i/inst/design_1_xdma_0_0_pcie3_ip_gt_top_i/phy_rst_i/sync_txsync_done_n_1
    SLICE_X141Y129       FDCE                                         r  u_pcie/design_1_i/xdma_0/inst/pcie3_ip_i/inst/design_1_xdma_0_0_pcie3_ip_gt_top_i/phy_rst_i/FSM_onehot_fsm_reg[4]/D
  -------------------------------------------------------------------    -------------------

                         (clock pcie_ref_clk_p rise edge)
                                                      0.000     0.000 r  
    GTHE3_COMMON_X1Y1                                 0.000     0.000 r  pcie_ref_clk_p[0] (IN)
                         net (fo=0)                   0.000     0.000    u_pcie/design_1_i/util_ds_buf/U0/IBUF_DS_P[0]
    GTHE3_COMMON_X1Y1    IBUFDS_GTE3 (Prop_IBUFDS1_GTE3_GTHE3_COMMON_I_ODIV2)
                                                      0.223     0.223 r  u_pcie/design_1_i/util_ds_buf/U0/USE_IBUFDS_GTE3.GEN_IBUFDS_GTE3[0].IBUFDS_GTE3_I/ODIV2
                         net (fo=2, routed)           0.035     0.258    u_pcie/design_1_i/xdma_0/inst/pcie3_ip_i/inst/sys_clk
    BUFG_GT_X1Y27        BUFG_GT (Prop_BUFG_GT_I_O)
                                                      0.130     0.388 r  u_pcie/design_1_i/xdma_0/inst/pcie3_ip_i/inst/bufg_gt_sysclk/O
    X5Y1 (CLOCK_ROOT)    net (fo=237, routed)         1.024     1.412    u_pcie/design_1_i/xdma_0/inst/pcie3_ip_i/inst/design_1_xdma_0_0_pcie3_ip_gt_top_i/phy_rst_i/sync_reg[0]
    SLICE_X141Y129       FDCE                                         r  u_pcie/design_1_i/xdma_0/inst/pcie3_ip_i/inst/design_1_xdma_0_0_pcie3_ip_gt_top_i/phy_rst_i/FSM_onehot_fsm_reg[4]/C
                         clock pessimism             -0.226     1.185    
    SLICE_X141Y129       FDCE (Hold_BFF_SLICEL_C_D)
                                                      0.056     1.241    u_pcie/design_1_i/xdma_0/inst/pcie3_ip_i/inst/design_1_xdma_0_0_pcie3_ip_gt_top_i/phy_rst_i/FSM_onehot_fsm_reg[4]
  -------------------------------------------------------------------
                         required time                         -1.241    
                         arrival time                           1.285    
  -------------------------------------------------------------------
                         slack                                  0.044    





Pulse Width Checks
--------------------------------------------------------------------------------------
Clock Name:         pcie_ref_clk_p
Waveform(ns):       { 0.000 5.000 }
Period(ns):         10.000
Sources:            { pcie_ref_clk_p[0] }

Check Type        Corner  Lib Pin               Reference Pin  Required(ns)  Actual(ns)  Slack(ns)  Location            Pin
Min Period        n/a     GTHE3_CHANNEL/DRPCLK  n/a            4.000         10.000      6.000      GTHE3_CHANNEL_X1Y0  u_pcie/design_1_i/xdma_0/inst/pcie3_ip_i/inst/design_1_xdma_0_0_pcie3_ip_gt_top_i/gt_wizard.gtwizard_top_i/design_1_xdma_0_0_pcie3_ip_gt_i/inst/gen_gtwizard_gthe3_top.design_1_xdma_0_0_pcie3_ip_gt_gtwizard_gthe3_inst/gen_gtwizard_gthe3.gen_channel_container[24].gen_enabled_channel.gthe3_channel_wrapper_inst/channel_inst/gthe3_channel_gen.gen_gthe3_channel_inst[0].GTHE3_CHANNEL_PRIM_INST/DRPCLK
Low Pulse Width   Slow    GTHE3_CHANNEL/DRPCLK  n/a            1.800         5.000       3.200      GTHE3_CHANNEL_X1Y0  u_pcie/design_1_i/xdma_0/inst/pcie3_ip_i/inst/design_1_xdma_0_0_pcie3_ip_gt_top_i/gt_wizard.gtwizard_top_i/design_1_xdma_0_0_pcie3_ip_gt_i/inst/gen_gtwizard_gthe3_top.design_1_xdma_0_0_pcie3_ip_gt_gtwizard_gthe3_inst/gen_gtwizard_gthe3.gen_channel_container[24].gen_enabled_channel.gthe3_channel_wrapper_inst/channel_inst/gthe3_channel_gen.gen_gthe3_channel_inst[0].GTHE3_CHANNEL_PRIM_INST/DRPCLK
High Pulse Width  Slow    GTHE3_CHANNEL/DRPCLK  n/a            1.800         5.000       3.200      GTHE3_CHANNEL_X1Y0  u_pcie/design_1_i/xdma_0/inst/pcie3_ip_i/inst/design_1_xdma_0_0_pcie3_ip_gt_top_i/gt_wizard.gtwizard_top_i/design_1_xdma_0_0_pcie3_ip_gt_i/inst/gen_gtwizard_gthe3_top.design_1_xdma_0_0_pcie3_ip_gt_gtwizard_gthe3_inst/gen_gtwizard_gthe3.gen_channel_container[24].gen_enabled_channel.gthe3_channel_wrapper_inst/channel_inst/gthe3_channel_gen.gen_gthe3_channel_inst[0].GTHE3_CHANNEL_PRIM_INST/DRPCLK



---------------------------------------------------------------------------------------------------
From Clock:  txoutclk_out[0]
  To Clock:  txoutclk_out[0]

Setup :            0  Failing Endpoints,  Worst Slack        0.357ns,  Total Violation        0.000ns
Hold  :            0  Failing Endpoints,  Worst Slack        0.030ns,  Total Violation        0.000ns
PW    :            0  Failing Endpoints,  Worst Slack        0.000ns,  Total Violation        0.000ns
---------------------------------------------------------------------------------------------------


Max Delay Paths
--------------------------------------------------------------------------------------
Slack (MET) :             0.357ns  (required time - arrival time)
  Source:                 u_pcie/design_1_i/xdma_0/inst/pcie3_ip_i/inst/design_1_xdma_0_0_pcie3_ip_pcie3_uscale_top_inst/pcie3_uscale_wrapper_inst/bram_inst/bram_rep_inst/bram_rep_8k_inst/RAMB36E2[1].ramb36e2_inst/CLKARDCLK
                            (rising edge-triggered cell RAMB36E2 clocked by txoutclk_out[0]  {rise@0.000ns fall@1.000ns period=2.000ns})
  Destination:            u_pcie/design_1_i/xdma_0/inst/pcie3_ip_i/inst/design_1_xdma_0_0_pcie3_ip_pcie3_uscale_top_inst/pcie3_uscale_wrapper_inst/PCIE_3_1_inst/MIREPLAYRAMREADDATA[72]
                            (rising edge-triggered cell PCIE_3_1 clocked by txoutclk_out[0]  {rise@0.000ns fall@1.000ns period=2.000ns})
  Path Group:             txoutclk_out[0]
  Path Type:              Setup (Max at Slow Process Corner)
  Requirement:            2.000ns  (txoutclk_out[0] rise@2.000ns - txoutclk_out[0] rise@0.000ns)
  Data Path Delay:        1.536ns  (logic 0.424ns (27.604%)  route 1.112ns (72.396%))
  Logic Levels:           0  
  Clock Path Skew:        -0.261ns (DCD - SCD + CPR)
    Destination Clock Delay (DCD):    2.114ns = ( 4.114 - 2.000 ) 
    Source Clock Delay      (SCD):    2.562ns
    Clock Pessimism Removal (CPR):    0.187ns
  Clock Uncertainty:      0.035ns  ((TSJ^2 + TIJ^2)^1/2 + DJ) / 2 + PE
    Total System Jitter     (TSJ):    0.071ns
    Total Input Jitter      (TIJ):    0.000ns
    Discrete Jitter          (DJ):    0.000ns
    Phase Error              (PE):    0.000ns
  Clock Net Delay (Source):      2.165ns (routing 0.517ns, distribution 1.648ns)
  Clock Net Delay (Destination): 1.785ns (routing 0.469ns, distribution 1.316ns)

    Location             Delay type                Incr(ns)  Path(ns)    Netlist Resource(s)
  -------------------------------------------------------------------    -------------------
                         (clock txoutclk_out[0] rise edge)
                                                      0.000     0.000 r  
    GTHE3_CHANNEL_X1Y7   GTHE3_CHANNEL                0.000     0.000 r  u_pcie/design_1_i/xdma_0/inst/pcie3_ip_i/inst/design_1_xdma_0_0_pcie3_ip_gt_top_i/gt_wizard.gtwizard_top_i/design_1_xdma_0_0_pcie3_ip_gt_i/inst/gen_gtwizard_gthe3_top.design_1_xdma_0_0_pcie3_ip_gt_gtwizard_gthe3_inst/gen_gtwizard_gthe3.gen_channel_container[25].gen_enabled_channel.gthe3_channel_wrapper_inst/channel_inst/gthe3_channel_gen.gen_gthe3_channel_inst[3].GTHE3_CHANNEL_PRIM_INST/TXOUTCLK
                         net (fo=5, routed)           0.082     0.082    u_pcie/design_1_i/xdma_0/inst/pcie3_ip_i/inst/design_1_xdma_0_0_pcie3_ip_gt_top_i/phy_clk_i/CLK_USERCLK_IN
    BUFG_GT_X1Y36        BUFG_GT (Prop_BUFG_GT_I_O)
                                                      0.315     0.397 r  u_pcie/design_1_i/xdma_0/inst/pcie3_ip_i/inst/design_1_xdma_0_0_pcie3_ip_gt_top_i/phy_clk_i/bufg_gt_coreclk/O
    X4Y1 (CLOCK_ROOT)    net (fo=33, routed)          2.165     2.562    u_pcie/design_1_i/xdma_0/inst/pcie3_ip_i/inst/design_1_xdma_0_0_pcie3_ip_pcie3_uscale_top_inst/pcie3_uscale_wrapper_inst/bram_inst/bram_rep_inst/bram_rep_8k_inst/CORECLKMIREQUESTRAM
    RAMB36_X16Y10        RAMB36E2                                     r  u_pcie/design_1_i/xdma_0/inst/pcie3_ip_i/inst/design_1_xdma_0_0_pcie3_ip_pcie3_uscale_top_inst/pcie3_uscale_wrapper_inst/bram_inst/bram_rep_inst/bram_rep_8k_inst/RAMB36E2[1].ramb36e2_inst/CLKARDCLK
  -------------------------------------------------------------------    -------------------
    RAMB36_X16Y10        RAMB36E2 (Prop_RAMB36E2_RAMB36_CLKARDCLK_DOUTADOUT[0])
                                                      0.424     2.986 r  u_pcie/design_1_i/xdma_0/inst/pcie3_ip_i/inst/design_1_xdma_0_0_pcie3_ip_pcie3_uscale_top_inst/pcie3_uscale_wrapper_inst/bram_inst/bram_rep_inst/bram_rep_8k_inst/RAMB36E2[1].ramb36e2_inst/DOUTADOUT[0]
                         net (fo=1, routed)           1.112     4.098    u_pcie/design_1_i/xdma_0/inst/pcie3_ip_i/inst/design_1_xdma_0_0_pcie3_ip_pcie3_uscale_top_inst/pcie3_uscale_wrapper_inst/MIREPLAYRAMREADDATA[72]
    PCIE_3_1_X0Y0        PCIE_3_1                                     r  u_pcie/design_1_i/xdma_0/inst/pcie3_ip_i/inst/design_1_xdma_0_0_pcie3_ip_pcie3_uscale_top_inst/pcie3_uscale_wrapper_inst/PCIE_3_1_inst/MIREPLAYRAMREADDATA[72]
  -------------------------------------------------------------------    -------------------

                         (clock txoutclk_out[0] rise edge)
                                                      2.000     2.000 r  
    GTHE3_CHANNEL_X1Y7   GTHE3_CHANNEL                0.000     2.000 r  u_pcie/design_1_i/xdma_0/inst/pcie3_ip_i/inst/design_1_xdma_0_0_pcie3_ip_gt_top_i/gt_wizard.gtwizard_top_i/design_1_xdma_0_0_pcie3_ip_gt_i/inst/gen_gtwizard_gthe3_top.design_1_xdma_0_0_pcie3_ip_gt_gtwizard_gthe3_inst/gen_gtwizard_gthe3.gen_channel_container[25].gen_enabled_channel.gthe3_channel_wrapper_inst/channel_inst/gthe3_channel_gen.gen_gthe3_channel_inst[3].GTHE3_CHANNEL_PRIM_INST/TXOUTCLK
                         net (fo=5, routed)           0.046     2.046    u_pcie/design_1_i/xdma_0/inst/pcie3_ip_i/inst/design_1_xdma_0_0_pcie3_ip_gt_top_i/phy_clk_i/CLK_USERCLK_IN
    BUFG_GT_X1Y36        BUFG_GT (Prop_BUFG_GT_I_O)
                                                      0.283     2.329 r  u_pcie/design_1_i/xdma_0/inst/pcie3_ip_i/inst/design_1_xdma_0_0_pcie3_ip_gt_top_i/phy_clk_i/bufg_gt_coreclk/O
    X4Y1 (CLOCK_ROOT)    net (fo=33, routed)          1.785     4.114    u_pcie/design_1_i/xdma_0/inst/pcie3_ip_i/inst/design_1_xdma_0_0_pcie3_ip_pcie3_uscale_top_inst/pcie3_uscale_wrapper_inst/CORECLKMIREQUESTRAM
    PCIE_3_1_X0Y0        PCIE_3_1                                     r  u_pcie/design_1_i/xdma_0/inst/pcie3_ip_i/inst/design_1_xdma_0_0_pcie3_ip_pcie3_uscale_top_inst/pcie3_uscale_wrapper_inst/PCIE_3_1_inst/CORECLK
                         clock pessimism              0.187     4.301    
                         clock uncertainty           -0.035     4.265    
    PCIE_3_1_X0Y0        PCIE_3_1 (Setup_PCIE_3_1_CORECLK_MIREPLAYRAMREADDATA[72])
                                                      0.190     4.455    u_pcie/design_1_i/xdma_0/inst/pcie3_ip_i/inst/design_1_xdma_0_0_pcie3_ip_pcie3_uscale_top_inst/pcie3_uscale_wrapper_inst/PCIE_3_1_inst
  -------------------------------------------------------------------
                         required time                          4.455    
                         arrival time                          -4.098    
  -------------------------------------------------------------------
                         slack                                  0.357    





Min Delay Paths
--------------------------------------------------------------------------------------
Slack (MET) :             0.030ns  (arrival time - required time)
  Source:                 u_pcie/design_1_i/xdma_0/inst/pcie3_ip_i/inst/design_1_xdma_0_0_pcie3_ip_pcie3_uscale_top_inst/pcie3_uscale_wrapper_inst/bram_inst/bram_cpl_inst/CPL_FIFO_16KB.bram_16k_inst/RAMB18E2[7].ramb18e2_inst/CLKBWRCLK
                            (rising edge-triggered cell RAMB18E2 clocked by txoutclk_out[0]  {rise@0.000ns fall@1.000ns period=2.000ns})
  Destination:            u_pcie/design_1_i/xdma_0/inst/pcie3_ip_i/inst/design_1_xdma_0_0_pcie3_ip_pcie3_uscale_top_inst/pcie3_uscale_wrapper_inst/PCIE_3_1_inst/MICOMPLETIONRAMREADDATA[132]
                            (rising edge-triggered cell PCIE_3_1 clocked by txoutclk_out[0]  {rise@0.000ns fall@1.000ns period=2.000ns})
  Path Group:             txoutclk_out[0]
  Path Type:              Hold (Min at Fast Process Corner)
  Requirement:            0.000ns  (txoutclk_out[0] rise@0.000ns - txoutclk_out[0] rise@0.000ns)
  Data Path Delay:        0.369ns  (logic 0.139ns (37.669%)  route 0.230ns (62.331%))
  Logic Levels:           0  
  Clock Path Skew:        0.030ns (DCD - SCD - CPR)
    Destination Clock Delay (DCD):    1.257ns
    Source Clock Delay      (SCD):    1.077ns
    Clock Pessimism Removal (CPR):    0.150ns
  Clock Net Delay (Source):      0.959ns (routing 0.275ns, distribution 0.684ns)
  Clock Net Delay (Destination): 1.092ns (routing 0.314ns, distribution 0.778ns)

    Location             Delay type                Incr(ns)  Path(ns)    Netlist Resource(s)
  -------------------------------------------------------------------    -------------------
                         (clock txoutclk_out[0] rise edge)
                                                      0.000     0.000 r  
    GTHE3_CHANNEL_X1Y7   GTHE3_CHANNEL                0.000     0.000 r  u_pcie/design_1_i/xdma_0/inst/pcie3_ip_i/inst/design_1_xdma_0_0_pcie3_ip_gt_top_i/gt_wizard.gtwizard_top_i/design_1_xdma_0_0_pcie3_ip_gt_i/inst/gen_gtwizard_gthe3_top.design_1_xdma_0_0_pcie3_ip_gt_gtwizard_gthe3_inst/gen_gtwizard_gthe3.gen_channel_container[25].gen_enabled_channel.gthe3_channel_wrapper_inst/channel_inst/gthe3_channel_gen.gen_gthe3_channel_inst[3].GTHE3_CHANNEL_PRIM_INST/TXOUTCLK
                         net (fo=5, routed)           0.018     0.018    u_pcie/design_1_i/xdma_0/inst/pcie3_ip_i/inst/design_1_xdma_0_0_pcie3_ip_gt_top_i/phy_clk_i/CLK_USERCLK_IN
    BUFG_GT_X1Y36        BUFG_GT (Prop_BUFG_GT_I_O)
                                                      0.100     0.118 r  u_pcie/design_1_i/xdma_0/inst/pcie3_ip_i/inst/design_1_xdma_0_0_pcie3_ip_gt_top_i/phy_clk_i/bufg_gt_coreclk/O
    X4Y1 (CLOCK_ROOT)    net (fo=33, routed)          0.959     1.077    u_pcie/design_1_i/xdma_0/inst/pcie3_ip_i/inst/design_1_xdma_0_0_pcie3_ip_pcie3_uscale_top_inst/pcie3_uscale_wrapper_inst/bram_inst/bram_cpl_inst/CPL_FIFO_16KB.bram_16k_inst/CORECLKMIREQUESTRAM
    RAMB18_X16Y15        RAMB18E2                                     r  u_pcie/design_1_i/xdma_0/inst/pcie3_ip_i/inst/design_1_xdma_0_0_pcie3_ip_pcie3_uscale_top_inst/pcie3_uscale_wrapper_inst/bram_inst/bram_cpl_inst/CPL_FIFO_16KB.bram_16k_inst/RAMB18E2[7].ramb18e2_inst/CLKBWRCLK
  -------------------------------------------------------------------    -------------------
    RAMB18_X16Y15        RAMB18E2 (Prop_RAMB18E2_U_RAMB181_CLKBWRCLK_DOUTBDOUT[6])
                                                      0.139     1.216 r  u_pcie/design_1_i/xdma_0/inst/pcie3_ip_i/inst/design_1_xdma_0_0_pcie3_ip_pcie3_uscale_top_inst/pcie3_uscale_wrapper_inst/bram_inst/bram_cpl_inst/CPL_FIFO_16KB.bram_16k_inst/RAMB18E2[7].ramb18e2_inst/DOUTBDOUT[6]
                         net (fo=1, routed)           0.230     1.446    u_pcie/design_1_i/xdma_0/inst/pcie3_ip_i/inst/design_1_xdma_0_0_pcie3_ip_pcie3_uscale_top_inst/pcie3_uscale_wrapper_inst/MICOMPLETIONRAMREADDATA[132]
    PCIE_3_1_X0Y0        PCIE_3_1                                     r  u_pcie/design_1_i/xdma_0/inst/pcie3_ip_i/inst/design_1_xdma_0_0_pcie3_ip_pcie3_uscale_top_inst/pcie3_uscale_wrapper_inst/PCIE_3_1_inst/MICOMPLETIONRAMREADDATA[132]
  -------------------------------------------------------------------    -------------------

                         (clock txoutclk_out[0] rise edge)
                                                      0.000     0.000 r  
    GTHE3_CHANNEL_X1Y7   GTHE3_CHANNEL                0.000     0.000 r  u_pcie/design_1_i/xdma_0/inst/pcie3_ip_i/inst/design_1_xdma_0_0_pcie3_ip_gt_top_i/gt_wizard.gtwizard_top_i/design_1_xdma_0_0_pcie3_ip_gt_i/inst/gen_gtwizard_gthe3_top.design_1_xdma_0_0_pcie3_ip_gt_gtwizard_gthe3_inst/gen_gtwizard_gthe3.gen_channel_container[25].gen_enabled_channel.gthe3_channel_wrapper_inst/channel_inst/gthe3_channel_gen.gen_gthe3_channel_inst[3].GTHE3_CHANNEL_PRIM_INST/TXOUTCLK
                         net (fo=5, routed)           0.035     0.035    u_pcie/design_1_i/xdma_0/inst/pcie3_ip_i/inst/design_1_xdma_0_0_pcie3_ip_gt_top_i/phy_clk_i/CLK_USERCLK_IN
    BUFG_GT_X1Y36        BUFG_GT (Prop_BUFG_GT_I_O)
                                                      0.130     0.165 r  u_pcie/design_1_i/xdma_0/inst/pcie3_ip_i/inst/design_1_xdma_0_0_pcie3_ip_gt_top_i/phy_clk_i/bufg_gt_coreclk/O
    X4Y1 (CLOCK_ROOT)    net (fo=33, routed)          1.092     1.257    u_pcie/design_1_i/xdma_0/inst/pcie3_ip_i/inst/design_1_xdma_0_0_pcie3_ip_pcie3_uscale_top_inst/pcie3_uscale_wrapper_inst/CORECLKMIREQUESTRAM
    PCIE_3_1_X0Y0        PCIE_3_1                                     r  u_pcie/design_1_i/xdma_0/inst/pcie3_ip_i/inst/design_1_xdma_0_0_pcie3_ip_pcie3_uscale_top_inst/pcie3_uscale_wrapper_inst/PCIE_3_1_inst/CORECLK
                         clock pessimism             -0.150     1.107    
    PCIE_3_1_X0Y0        PCIE_3_1 (Hold_PCIE_3_1_CORECLK_MICOMPLETIONRAMREADDATA[132])
                                                      0.309     1.416    u_pcie/design_1_i/xdma_0/inst/pcie3_ip_i/inst/design_1_xdma_0_0_pcie3_ip_pcie3_uscale_top_inst/pcie3_uscale_wrapper_inst/PCIE_3_1_inst
  -------------------------------------------------------------------
                         required time                         -1.416    
                         arrival time                           1.446    
  -------------------------------------------------------------------
                         slack                                  0.030    





Pulse Width Checks
--------------------------------------------------------------------------------------
Clock Name:         txoutclk_out[0]
Waveform(ns):       { 0.000 1.000 }
Period(ns):         2.000
Sources:            { u_pcie/design_1_i/xdma_0/inst/pcie3_ip_i/inst/design_1_xdma_0_0_pcie3_ip_gt_top_i/gt_wizard.gtwizard_top_i/design_1_xdma_0_0_pcie3_ip_gt_i/inst/gen_gtwizard_gthe3_top.design_1_xdma_0_0_pcie3_ip_gt_gtwizard_gthe3_inst/gen_gtwizard_gthe3.gen_channel_container[25].gen_enabled_channel.gthe3_channel_wrapper_inst/channel_inst/gthe3_channel_gen.gen_gthe3_channel_inst[3].GTHE3_CHANNEL_PRIM_INST/TXOUTCLK }

Check Type        Corner  Lib Pin             Reference Pin     Required(ns)  Actual(ns)  Slack(ns)  Location       Pin
Min Period        n/a     PCIE_3_1/CORECLK    n/a               2.000         2.000       0.000      PCIE_3_1_X0Y0  u_pcie/design_1_i/xdma_0/inst/pcie3_ip_i/inst/design_1_xdma_0_0_pcie3_ip_pcie3_uscale_top_inst/pcie3_uscale_wrapper_inst/PCIE_3_1_inst/CORECLK
Low Pulse Width   Slow    RAMB18E2/CLKBWRCLK  n/a               0.980         1.000       0.020      RAMB18_X16Y9   u_pcie/design_1_i/xdma_0/inst/pcie3_ip_i/inst/design_1_xdma_0_0_pcie3_ip_pcie3_uscale_top_inst/pcie3_uscale_wrapper_inst/bram_inst/bram_cpl_inst/CPL_FIFO_16KB.bram_16k_inst/RAMB18E2[1].ramb18e2_inst/CLKBWRCLK
High Pulse Width  Slow    RAMB18E2/CLKARDCLK  n/a               0.980         1.000       0.020      RAMB18_X16Y8   u_pcie/design_1_i/xdma_0/inst/pcie3_ip_i/inst/design_1_xdma_0_0_pcie3_ip_pcie3_uscale_top_inst/pcie3_uscale_wrapper_inst/bram_inst/bram_cpl_inst/CPL_FIFO_16KB.bram_16k_inst/RAMB18E2[0].ramb18e2_inst/CLKARDCLK
Max Skew          Fast    PCIE_3_1/CORECLK    PCIE_3_1/USERCLK  0.374         0.223       0.151      PCIE_3_1_X0Y0  u_pcie/design_1_i/xdma_0/inst/pcie3_ip_i/inst/design_1_xdma_0_0_pcie3_ip_pcie3_uscale_top_inst/pcie3_uscale_wrapper_inst/PCIE_3_1_inst/CORECLK



---------------------------------------------------------------------------------------------------
From Clock:  mcap_clk
  To Clock:  mcap_clk

Setup :           NA  Failing Endpoints,  Worst Slack           NA  ,  Total Violation           NA
Hold  :           NA  Failing Endpoints,  Worst Slack           NA  ,  Total Violation           NA
PW    :            0  Failing Endpoints,  Worst Slack        0.000ns,  Total Violation        0.000ns
---------------------------------------------------------------------------------------------------


Pulse Width Checks
--------------------------------------------------------------------------------------
Clock Name:         mcap_clk
Waveform(ns):       { 0.000 4.000 }
Period(ns):         8.000
Sources:            { u_pcie/design_1_i/xdma_0/inst/pcie3_ip_i/inst/design_1_xdma_0_0_pcie3_ip_gt_top_i/bufg_mcap_clk/O }

Check Type  Corner  Lib Pin           Reference Pin  Required(ns)  Actual(ns)  Slack(ns)  Location       Pin
Min Period  n/a     PCIE_3_1/MCAPCLK  n/a            8.000         8.000       0.000      PCIE_3_1_X0Y0  u_pcie/design_1_i/xdma_0/inst/pcie3_ip_i/inst/design_1_xdma_0_0_pcie3_ip_pcie3_uscale_top_inst/pcie3_uscale_wrapper_inst/PCIE_3_1_inst/MCAPCLK



---------------------------------------------------------------------------------------------------
From Clock:  pcie_clk
  To Clock:  pcie_clk

Setup :            0  Failing Endpoints,  Worst Slack        0.101ns,  Total Violation        0.000ns
Hold  :            0  Failing Endpoints,  Worst Slack        0.030ns,  Total Violation        0.000ns
PW    :            0  Failing Endpoints,  Worst Slack        0.000ns,  Total Violation        0.000ns
---------------------------------------------------------------------------------------------------


Max Delay Paths
--------------------------------------------------------------------------------------
Slack (MET) :             0.101ns  (required time - arrival time)
  Source:                 u_pcie/design_1_i/xdma_0/inst/udma_wrapper/dma_top/user_rst_n_3ff_reg[1]_rep__1/C
                            (rising edge-triggered cell FDCE clocked by pcie_clk  {rise@0.000ns fall@2.000ns period=4.000ns})
  Destination:            u_pcie/design_1_i/xdma_0/inst/udma_wrapper/dma_top/dma_enable.aximm.dma_aximm/axi4mm_axi_mm_master_rd/addrstrQptr_ff_reg[0]/R
                            (rising edge-triggered cell FDRE clocked by pcie_clk  {rise@0.000ns fall@2.000ns period=4.000ns})
  Path Group:             pcie_clk
  Path Type:              Setup (Max at Slow Process Corner)
  Requirement:            4.000ns  (pcie_clk rise@4.000ns - pcie_clk rise@0.000ns)
  Data Path Delay:        3.682ns  (logic 0.114ns (3.096%)  route 3.568ns (96.904%))
  Logic Levels:           0  
  Clock Path Skew:        -0.099ns (DCD - SCD + CPR)
    Destination Clock Delay (DCD):    2.214ns = ( 6.214 - 4.000 ) 
    Source Clock Delay      (SCD):    2.430ns
    Clock Pessimism Removal (CPR):    0.117ns
  Clock Uncertainty:      0.035ns  ((TSJ^2 + TIJ^2)^1/2 + DJ) / 2 + PE
    Total System Jitter     (TSJ):    0.071ns
    Total Input Jitter      (TIJ):    0.000ns
    Discrete Jitter          (DJ):    0.000ns
    Phase Error              (PE):    0.000ns
  Clock Net Delay (Source):      2.033ns (routing 0.522ns, distribution 1.511ns)
  Clock Net Delay (Destination): 1.885ns (routing 0.473ns, distribution 1.412ns)

    Location             Delay type                Incr(ns)  Path(ns)    Netlist Resource(s)
  -------------------------------------------------------------------    -------------------
                         (clock pcie_clk rise edge)
                                                      0.000     0.000 r  
    GTHE3_CHANNEL_X1Y7   GTHE3_CHANNEL                0.000     0.000 r  u_pcie/design_1_i/xdma_0/inst/pcie3_ip_i/inst/design_1_xdma_0_0_pcie3_ip_gt_top_i/gt_wizard.gtwizard_top_i/design_1_xdma_0_0_pcie3_ip_gt_i/inst/gen_gtwizard_gthe3_top.design_1_xdma_0_0_pcie3_ip_gt_gtwizard_gthe3_inst/gen_gtwizard_gthe3.gen_channel_container[25].gen_enabled_channel.gthe3_channel_wrapper_inst/channel_inst/gthe3_channel_gen.gen_gthe3_channel_inst[3].GTHE3_CHANNEL_PRIM_INST/TXOUTCLK
                         net (fo=5, routed)           0.082     0.082    u_pcie/design_1_i/xdma_0/inst/pcie3_ip_i/inst/design_1_xdma_0_0_pcie3_ip_gt_top_i/phy_clk_i/CLK_USERCLK_IN
    BUFG_GT_X1Y47        BUFG_GT (Prop_BUFG_GT_I_O)
                                                      0.315     0.397 r  u_pcie/design_1_i/xdma_0/inst/pcie3_ip_i/inst/design_1_xdma_0_0_pcie3_ip_gt_top_i/phy_clk_i/bufg_gt_userclk/O
    X4Y1 (CLOCK_ROOT)    net (fo=38944, routed)       2.033     2.430    u_pcie/design_1_i/xdma_0/inst/udma_wrapper/dma_top/user_clk
    SLICE_X121Y29        FDCE                                         r  u_pcie/design_1_i/xdma_0/inst/udma_wrapper/dma_top/user_rst_n_3ff_reg[1]_rep__1/C
  -------------------------------------------------------------------    -------------------
    SLICE_X121Y29        FDCE (Prop_FFF_SLICEL_C_Q)
                                                      0.114     2.544 f  u_pcie/design_1_i/xdma_0/inst/udma_wrapper/dma_top/user_rst_n_3ff_reg[1]_rep__1/Q
                         net (fo=233, routed)         3.568     6.112    u_pcie/design_1_i/xdma_0/inst/udma_wrapper/dma_top/dma_enable.aximm.dma_aximm/axi4mm_axi_mm_master_rd/rdDataBufRdPtr_ff_reg[2]_rep__0_0
    SLICE_X142Y144       FDRE                                         r  u_pcie/design_1_i/xdma_0/inst/udma_wrapper/dma_top/dma_enable.aximm.dma_aximm/axi4mm_axi_mm_master_rd/addrstrQptr_ff_reg[0]/R  (IS_INVERTED)
  -------------------------------------------------------------------    -------------------

                         (clock pcie_clk rise edge)
                                                      4.000     4.000 r  
    GTHE3_CHANNEL_X1Y7   GTHE3_CHANNEL                0.000     4.000 r  u_pcie/design_1_i/xdma_0/inst/pcie3_ip_i/inst/design_1_xdma_0_0_pcie3_ip_gt_top_i/gt_wizard.gtwizard_top_i/design_1_xdma_0_0_pcie3_ip_gt_i/inst/gen_gtwizard_gthe3_top.design_1_xdma_0_0_pcie3_ip_gt_gtwizard_gthe3_inst/gen_gtwizard_gthe3.gen_channel_container[25].gen_enabled_channel.gthe3_channel_wrapper_inst/channel_inst/gthe3_channel_gen.gen_gthe3_channel_inst[3].GTHE3_CHANNEL_PRIM_INST/TXOUTCLK
                         net (fo=5, routed)           0.046     4.046    u_pcie/design_1_i/xdma_0/inst/pcie3_ip_i/inst/design_1_xdma_0_0_pcie3_ip_gt_top_i/phy_clk_i/CLK_USERCLK_IN
    BUFG_GT_X1Y47        BUFG_GT (Prop_BUFG_GT_I_O)
                                                      0.283     4.329 r  u_pcie/design_1_i/xdma_0/inst/pcie3_ip_i/inst/design_1_xdma_0_0_pcie3_ip_gt_top_i/phy_clk_i/bufg_gt_userclk/O
    X4Y1 (CLOCK_ROOT)    net (fo=38944, routed)       1.885     6.214    u_pcie/design_1_i/xdma_0/inst/udma_wrapper/dma_top/dma_enable.aximm.dma_aximm/axi4mm_axi_mm_master_rd/user_clk
    SLICE_X142Y144       FDRE                                         r  u_pcie/design_1_i/xdma_0/inst/udma_wrapper/dma_top/dma_enable.aximm.dma_aximm/axi4mm_axi_mm_master_rd/addrstrQptr_ff_reg[0]/C
                         clock pessimism              0.117     6.331    
                         clock uncertainty           -0.035     6.296    
    SLICE_X142Y144       FDRE (Setup_HFF2_SLICEM_C_R)
                                                     -0.083     6.213    u_pcie/design_1_i/xdma_0/inst/udma_wrapper/dma_top/dma_enable.aximm.dma_aximm/axi4mm_axi_mm_master_rd/addrstrQptr_ff_reg[0]
  -------------------------------------------------------------------
                         required time                          6.213    
                         arrival time                          -6.112    
  -------------------------------------------------------------------
                         slack                                  0.101    





Min Delay Paths
--------------------------------------------------------------------------------------
Slack (MET) :             0.030ns  (arrival time - required time)
  Source:                 u_pcie/design_1_i/xdma_0/inst/udma_wrapper/dma_top/dma_enable.vul_dma/WR/gen_rdwr_loop[0].gen_rdwr_eng.RDWR_INST/rcp_dat_101_reg[5]/C
                            (rising edge-triggered cell FDRE clocked by pcie_clk  {rise@0.000ns fall@2.000ns period=4.000ns})
  Destination:            u_pcie/design_1_i/xdma_0/inst/ram_top/gen_c2h_bram.C2H_DAT0_FIFO/xpm_memory_sdpram_inst_loop[0].xpm_memory_sdpram_inst/xpm_memory_base_inst/gen_wr_a.gen_word_narrow.mem_reg_0/DINADIN[5]
                            (rising edge-triggered cell RAMB36E2 clocked by pcie_clk  {rise@0.000ns fall@2.000ns period=4.000ns})
  Path Group:             pcie_clk
  Path Type:              Hold (Min at Fast Process Corner)
  Requirement:            0.000ns  (pcie_clk rise@0.000ns - pcie_clk rise@0.000ns)
  Data Path Delay:        0.202ns  (logic 0.048ns (23.762%)  route 0.154ns (76.238%))
  Logic Levels:           0  
  Clock Path Skew:        0.143ns (DCD - SCD - CPR)
    Destination Clock Delay (DCD):    1.366ns
    Source Clock Delay      (SCD):    1.071ns
    Clock Pessimism Removal (CPR):    0.152ns
  Clock Net Delay (Source):      0.953ns (routing 0.275ns, distribution 0.678ns)
  Clock Net Delay (Destination): 1.201ns (routing 0.315ns, distribution 0.886ns)

    Location             Delay type                Incr(ns)  Path(ns)    Netlist Resource(s)
  -------------------------------------------------------------------    -------------------
                         (clock pcie_clk rise edge)
                                                      0.000     0.000 r  
    GTHE3_CHANNEL_X1Y7   GTHE3_CHANNEL                0.000     0.000 r  u_pcie/design_1_i/xdma_0/inst/pcie3_ip_i/inst/design_1_xdma_0_0_pcie3_ip_gt_top_i/gt_wizard.gtwizard_top_i/design_1_xdma_0_0_pcie3_ip_gt_i/inst/gen_gtwizard_gthe3_top.design_1_xdma_0_0_pcie3_ip_gt_gtwizard_gthe3_inst/gen_gtwizard_gthe3.gen_channel_container[25].gen_enabled_channel.gthe3_channel_wrapper_inst/channel_inst/gthe3_channel_gen.gen_gthe3_channel_inst[3].GTHE3_CHANNEL_PRIM_INST/TXOUTCLK
                         net (fo=5, routed)           0.018     0.018    u_pcie/design_1_i/xdma_0/inst/pcie3_ip_i/inst/design_1_xdma_0_0_pcie3_ip_gt_top_i/phy_clk_i/CLK_USERCLK_IN
    BUFG_GT_X1Y47        BUFG_GT (Prop_BUFG_GT_I_O)
                                                      0.100     0.118 r  u_pcie/design_1_i/xdma_0/inst/pcie3_ip_i/inst/design_1_xdma_0_0_pcie3_ip_gt_top_i/phy_clk_i/bufg_gt_userclk/O
    X4Y1 (CLOCK_ROOT)    net (fo=38944, routed)       0.953     1.071    u_pcie/design_1_i/xdma_0/inst/udma_wrapper/dma_top/dma_enable.vul_dma/WR/gen_rdwr_loop[0].gen_rdwr_eng.RDWR_INST/user_clk
    SLICE_X132Y118       FDRE                                         r  u_pcie/design_1_i/xdma_0/inst/udma_wrapper/dma_top/dma_enable.vul_dma/WR/gen_rdwr_loop[0].gen_rdwr_eng.RDWR_INST/rcp_dat_101_reg[5]/C
  -------------------------------------------------------------------    -------------------
    SLICE_X132Y118       FDRE (Prop_FFF2_SLICEL_C_Q)
                                                      0.048     1.119 r  u_pcie/design_1_i/xdma_0/inst/udma_wrapper/dma_top/dma_enable.vul_dma/WR/gen_rdwr_loop[0].gen_rdwr_eng.RDWR_INST/rcp_dat_101_reg[5]/Q
                         net (fo=1, routed)           0.154     1.273    u_pcie/design_1_i/xdma_0/inst/ram_top/gen_c2h_bram.C2H_DAT0_FIFO/xpm_memory_sdpram_inst_loop[0].xpm_memory_sdpram_inst/xpm_memory_base_inst/dina[5]
    RAMB36_X17Y23        RAMB36E2                                     r  u_pcie/design_1_i/xdma_0/inst/ram_top/gen_c2h_bram.C2H_DAT0_FIFO/xpm_memory_sdpram_inst_loop[0].xpm_memory_sdpram_inst/xpm_memory_base_inst/gen_wr_a.gen_word_narrow.mem_reg_0/DINADIN[5]
  -------------------------------------------------------------------    -------------------

                         (clock pcie_clk rise edge)
                                                      0.000     0.000 r  
    GTHE3_CHANNEL_X1Y7   GTHE3_CHANNEL                0.000     0.000 r  u_pcie/design_1_i/xdma_0/inst/pcie3_ip_i/inst/design_1_xdma_0_0_pcie3_ip_gt_top_i/gt_wizard.gtwizard_top_i/design_1_xdma_0_0_pcie3_ip_gt_i/inst/gen_gtwizard_gthe3_top.design_1_xdma_0_0_pcie3_ip_gt_gtwizard_gthe3_inst/gen_gtwizard_gthe3.gen_channel_container[25].gen_enabled_channel.gthe3_channel_wrapper_inst/channel_inst/gthe3_channel_gen.gen_gthe3_channel_inst[3].GTHE3_CHANNEL_PRIM_INST/TXOUTCLK
                         net (fo=5, routed)           0.035     0.035    u_pcie/design_1_i/xdma_0/inst/pcie3_ip_i/inst/design_1_xdma_0_0_pcie3_ip_gt_top_i/phy_clk_i/CLK_USERCLK_IN
    BUFG_GT_X1Y47        BUFG_GT (Prop_BUFG_GT_I_O)
                                                      0.130     0.165 r  u_pcie/design_1_i/xdma_0/inst/pcie3_ip_i/inst/design_1_xdma_0_0_pcie3_ip_gt_top_i/phy_clk_i/bufg_gt_userclk/O
    X4Y1 (CLOCK_ROOT)    net (fo=38944, routed)       1.201     1.366    u_pcie/design_1_i/xdma_0/inst/ram_top/gen_c2h_bram.C2H_DAT0_FIFO/xpm_memory_sdpram_inst_loop[0].xpm_memory_sdpram_inst/xpm_memory_base_inst/clka
    RAMB36_X17Y23        RAMB36E2                                     r  u_pcie/design_1_i/xdma_0/inst/ram_top/gen_c2h_bram.C2H_DAT0_FIFO/xpm_memory_sdpram_inst_loop[0].xpm_memory_sdpram_inst/xpm_memory_base_inst/gen_wr_a.gen_word_narrow.mem_reg_0/CLKBWRCLK
                         clock pessimism             -0.152     1.214    
    RAMB36_X17Y23        RAMB36E2 (Hold_RAMB36E2_RAMB36_CLKBWRCLK_DINADIN[5])
                                                      0.029     1.243    u_pcie/design_1_i/xdma_0/inst/ram_top/gen_c2h_bram.C2H_DAT0_FIFO/xpm_memory_sdpram_inst_loop[0].xpm_memory_sdpram_inst/xpm_memory_base_inst/gen_wr_a.gen_word_narrow.mem_reg_0
  -------------------------------------------------------------------
                         required time                         -1.243    
                         arrival time                           1.273    
  -------------------------------------------------------------------
                         slack                                  0.030    





Pulse Width Checks
--------------------------------------------------------------------------------------
Clock Name:         pcie_clk
Waveform(ns):       { 0.000 2.000 }
Period(ns):         4.000
Sources:            { u_pcie/design_1_i/xdma_0/inst/pcie3_ip_i/inst/design_1_xdma_0_0_pcie3_ip_gt_top_i/phy_clk_i/bufg_gt_userclk/O }

Check Type        Corner  Lib Pin             Reference Pin     Required(ns)  Actual(ns)  Slack(ns)  Location       Pin
Min Period        n/a     PCIE_3_1/USERCLK    n/a               4.000         4.000       0.000      PCIE_3_1_X0Y0  u_pcie/design_1_i/xdma_0/inst/pcie3_ip_i/inst/design_1_xdma_0_0_pcie3_ip_pcie3_uscale_top_inst/pcie3_uscale_wrapper_inst/PCIE_3_1_inst/USERCLK
Low Pulse Width   Slow    RAMB36E2/CLKARDCLK  n/a               0.980         2.000       1.020      RAMB36_X15Y8   u_pcie/design_1_i/xdma_0/inst/ram_top/C2H_PCIE_DSC_CPLD_RAM/the_bram_reg_bram_0/CLKARDCLK
High Pulse Width  Slow    RAMB36E2/CLKARDCLK  n/a               0.980         2.000       1.020      RAMB36_X15Y8   u_pcie/design_1_i/xdma_0/inst/ram_top/C2H_PCIE_DSC_CPLD_RAM/the_bram_reg_bram_0/CLKARDCLK
Max Skew          Fast    PCIE_3_1/USERCLK    PCIE_3_1/PIPECLK  0.374         0.218       0.156      PCIE_3_1_X0Y0  u_pcie/design_1_i/xdma_0/inst/pcie3_ip_i/inst/design_1_xdma_0_0_pcie3_ip_pcie3_uscale_top_inst/pcie3_uscale_wrapper_inst/PCIE_3_1_inst/USERCLK



---------------------------------------------------------------------------------------------------
From Clock:  pipe_clk
  To Clock:  pipe_clk

Setup :            0  Failing Endpoints,  Worst Slack        0.336ns,  Total Violation        0.000ns
Hold  :            0  Failing Endpoints,  Worst Slack        0.030ns,  Total Violation        0.000ns
PW    :            0  Failing Endpoints,  Worst Slack        0.000ns,  Total Violation        0.000ns
---------------------------------------------------------------------------------------------------


Max Delay Paths
--------------------------------------------------------------------------------------
Slack (MET) :             0.336ns  (required time - arrival time)
  Source:                 u_pcie/design_1_i/xdma_0/inst/pcie3_ip_i/inst/design_1_xdma_0_0_pcie3_ip_gt_top_i/phy_rst_i/prst_n_r_reg_reg/C
                            (rising edge-triggered cell FDCE clocked by pipe_clk  {rise@0.000ns fall@2.000ns period=4.000ns})
  Destination:            u_pcie/design_1_i/xdma_0/inst/pcie3_ip_i/inst/design_1_xdma_0_0_pcie3_ip_gt_top_i/phy_lane[3].phy_txeq_i/coeff_reg[17]/D
                            (rising edge-triggered cell FDRE clocked by pipe_clk  {rise@0.000ns fall@2.000ns period=4.000ns})
  Path Group:             pipe_clk
  Path Type:              Setup (Max at Slow Process Corner)
  Requirement:            4.000ns  (pipe_clk rise@4.000ns - pipe_clk rise@0.000ns)
  Data Path Delay:        3.472ns  (logic 0.461ns (13.278%)  route 3.011ns (86.722%))
  Logic Levels:           2  (LUT5=2)
  Clock Path Skew:        -0.215ns (DCD - SCD + CPR)
    Destination Clock Delay (DCD):    2.224ns = ( 6.224 - 4.000 ) 
    Source Clock Delay      (SCD):    2.556ns
    Clock Pessimism Removal (CPR):    0.117ns
  Clock Uncertainty:      0.035ns  ((TSJ^2 + TIJ^2)^1/2 + DJ) / 2 + PE
    Total System Jitter     (TSJ):    0.071ns
    Total Input Jitter      (TIJ):    0.000ns
    Discrete Jitter          (DJ):    0.000ns
    Phase Error              (PE):    0.000ns
  Clock Net Delay (Source):      2.159ns (routing 0.517ns, distribution 1.642ns)
  Clock Net Delay (Destination): 1.895ns (routing 0.468ns, distribution 1.427ns)

    Location             Delay type                Incr(ns)  Path(ns)    Netlist Resource(s)
  -------------------------------------------------------------------    -------------------
                         (clock pipe_clk rise edge)
                                                      0.000     0.000 r  
    GTHE3_CHANNEL_X1Y7   GTHE3_CHANNEL                0.000     0.000 r  u_pcie/design_1_i/xdma_0/inst/pcie3_ip_i/inst/design_1_xdma_0_0_pcie3_ip_gt_top_i/gt_wizard.gtwizard_top_i/design_1_xdma_0_0_pcie3_ip_gt_i/inst/gen_gtwizard_gthe3_top.design_1_xdma_0_0_pcie3_ip_gt_gtwizard_gthe3_inst/gen_gtwizard_gthe3.gen_channel_container[25].gen_enabled_channel.gthe3_channel_wrapper_inst/channel_inst/gthe3_channel_gen.gen_gthe3_channel_inst[3].GTHE3_CHANNEL_PRIM_INST/TXOUTCLK
                         net (fo=5, routed)           0.082     0.082    u_pcie/design_1_i/xdma_0/inst/pcie3_ip_i/inst/design_1_xdma_0_0_pcie3_ip_gt_top_i/phy_clk_i/CLK_USERCLK_IN
    BUFG_GT_X1Y37        BUFG_GT (Prop_BUFG_GT_I_O)
                                                      0.315     0.397 r  u_pcie/design_1_i/xdma_0/inst/pcie3_ip_i/inst/design_1_xdma_0_0_pcie3_ip_gt_top_i/phy_clk_i/bufg_gt_pclk/O
    X4Y1 (CLOCK_ROOT)    net (fo=2075, routed)        2.159     2.556    u_pcie/design_1_i/xdma_0/inst/pcie3_ip_i/inst/design_1_xdma_0_0_pcie3_ip_gt_top_i/phy_rst_i/CLK_PCLK
    SLICE_X141Y144       FDCE                                         r  u_pcie/design_1_i/xdma_0/inst/pcie3_ip_i/inst/design_1_xdma_0_0_pcie3_ip_gt_top_i/phy_rst_i/prst_n_r_reg_reg/C
  -------------------------------------------------------------------    -------------------
    SLICE_X141Y144       FDCE (Prop_EFF_SLICEL_C_Q)
                                                      0.114     2.670 r  u_pcie/design_1_i/xdma_0/inst/pcie3_ip_i/inst/design_1_xdma_0_0_pcie3_ip_gt_top_i/phy_rst_i/prst_n_r_reg_reg/Q
                         net (fo=409, routed)         2.746     5.416    u_pcie/design_1_i/xdma_0/inst/pcie3_ip_i/inst/design_1_xdma_0_0_pcie3_ip_gt_top_i/phy_lane[3].phy_txeq_i/D[0]
    SLICE_X139Y2         LUT5 (Prop_F6LUT_SLICEL_I4_O)
                                                      0.174     5.590 r  u_pcie/design_1_i/xdma_0/inst/pcie3_ip_i/inst/design_1_xdma_0_0_pcie3_ip_gt_top_i/phy_lane[3].phy_txeq_i/coeff[17]_i_3__2/O
                         net (fo=1, routed)           0.239     5.829    u_pcie/design_1_i/xdma_0/inst/pcie3_ip_i/inst/design_1_xdma_0_0_pcie3_ip_gt_top_i/phy_lane[3].phy_txeq_i/sync_coeff/sync_vec[4].sync_cell_i/coeff_reg[17]_2
    SLICE_X139Y1         LUT5 (Prop_B6LUT_SLICEL_I4_O)
                                                      0.173     6.002 r  u_pcie/design_1_i/xdma_0/inst/pcie3_ip_i/inst/design_1_xdma_0_0_pcie3_ip_gt_top_i/phy_lane[3].phy_txeq_i/sync_coeff/sync_vec[4].sync_cell_i/coeff[17]_i_1__2/O
                         net (fo=1, routed)           0.026     6.028    u_pcie/design_1_i/xdma_0/inst/pcie3_ip_i/inst/design_1_xdma_0_0_pcie3_ip_gt_top_i/phy_lane[3].phy_txeq_i/p_1_in[17]
    SLICE_X139Y1         FDRE                                         r  u_pcie/design_1_i/xdma_0/inst/pcie3_ip_i/inst/design_1_xdma_0_0_pcie3_ip_gt_top_i/phy_lane[3].phy_txeq_i/coeff_reg[17]/D
  -------------------------------------------------------------------    -------------------

                         (clock pipe_clk rise edge)
                                                      4.000     4.000 r  
    GTHE3_CHANNEL_X1Y7   GTHE3_CHANNEL                0.000     4.000 r  u_pcie/design_1_i/xdma_0/inst/pcie3_ip_i/inst/design_1_xdma_0_0_pcie3_ip_gt_top_i/gt_wizard.gtwizard_top_i/design_1_xdma_0_0_pcie3_ip_gt_i/inst/gen_gtwizard_gthe3_top.design_1_xdma_0_0_pcie3_ip_gt_gtwizard_gthe3_inst/gen_gtwizard_gthe3.gen_channel_container[25].gen_enabled_channel.gthe3_channel_wrapper_inst/channel_inst/gthe3_channel_gen.gen_gthe3_channel_inst[3].GTHE3_CHANNEL_PRIM_INST/TXOUTCLK
                         net (fo=5, routed)           0.046     4.046    u_pcie/design_1_i/xdma_0/inst/pcie3_ip_i/inst/design_1_xdma_0_0_pcie3_ip_gt_top_i/phy_clk_i/CLK_USERCLK_IN
    BUFG_GT_X1Y37        BUFG_GT (Prop_BUFG_GT_I_O)
                                                      0.283     4.329 r  u_pcie/design_1_i/xdma_0/inst/pcie3_ip_i/inst/design_1_xdma_0_0_pcie3_ip_gt_top_i/phy_clk_i/bufg_gt_pclk/O
    X4Y1 (CLOCK_ROOT)    net (fo=2075, routed)        1.895     6.224    u_pcie/design_1_i/xdma_0/inst/pcie3_ip_i/inst/design_1_xdma_0_0_pcie3_ip_gt_top_i/phy_lane[3].phy_txeq_i/CLK_PCLK
    SLICE_X139Y1         FDRE                                         r  u_pcie/design_1_i/xdma_0/inst/pcie3_ip_i/inst/design_1_xdma_0_0_pcie3_ip_gt_top_i/phy_lane[3].phy_txeq_i/coeff_reg[17]/C
                         clock pessimism              0.117     6.341    
                         clock uncertainty           -0.035     6.306    
    SLICE_X139Y1         FDRE (Setup_BFF_SLICEL_C_D)
                                                      0.058     6.364    u_pcie/design_1_i/xdma_0/inst/pcie3_ip_i/inst/design_1_xdma_0_0_pcie3_ip_gt_top_i/phy_lane[3].phy_txeq_i/coeff_reg[17]
  -------------------------------------------------------------------
                         required time                          6.364    
                         arrival time                          -6.028    
  -------------------------------------------------------------------
                         slack                                  0.336    





Min Delay Paths
--------------------------------------------------------------------------------------
Slack (MET) :             0.030ns  (arrival time - required time)
  Source:                 u_pcie/design_1_i/xdma_0/inst/pcie3_ip_i/inst/design_1_xdma_0_0_pcie3_ip_pcie3_uscale_top_inst/pipe_pipeline_inst/pipe_8_lane.pipe_lane_5_inst/pipe_stages_1.pipe_rx_data_q_reg[1]/C
                            (rising edge-triggered cell FDRE clocked by pipe_clk  {rise@0.000ns fall@2.000ns period=4.000ns})
  Destination:            u_pcie/design_1_i/xdma_0/inst/pcie3_ip_i/inst/design_1_xdma_0_0_pcie3_ip_pcie3_uscale_top_inst/pcie3_uscale_wrapper_inst/PCIE_3_1_inst/PIPERX5DATA[1]
                            (rising edge-triggered cell PCIE_3_1 clocked by pipe_clk  {rise@0.000ns fall@2.000ns period=4.000ns})
  Path Group:             pipe_clk
  Path Type:              Hold (Min at Fast Process Corner)
  Requirement:            0.000ns  (pipe_clk rise@0.000ns - pipe_clk rise@0.000ns)
  Data Path Delay:        0.452ns  (logic 0.049ns (10.841%)  route 0.403ns (89.159%))
  Logic Levels:           0  
  Clock Path Skew:        0.004ns (DCD - SCD - CPR)
    Destination Clock Delay (DCD):    1.250ns
    Source Clock Delay      (SCD):    1.094ns
    Clock Pessimism Removal (CPR):    0.152ns
  Clock Net Delay (Source):      0.976ns (routing 0.276ns, distribution 0.700ns)
  Clock Net Delay (Destination): 1.085ns (routing 0.315ns, distribution 0.770ns)

    Location             Delay type                Incr(ns)  Path(ns)    Netlist Resource(s)
  -------------------------------------------------------------------    -------------------
                         (clock pipe_clk rise edge)
                                                      0.000     0.000 r  
    GTHE3_CHANNEL_X1Y7   GTHE3_CHANNEL                0.000     0.000 r  u_pcie/design_1_i/xdma_0/inst/pcie3_ip_i/inst/design_1_xdma_0_0_pcie3_ip_gt_top_i/gt_wizard.gtwizard_top_i/design_1_xdma_0_0_pcie3_ip_gt_i/inst/gen_gtwizard_gthe3_top.design_1_xdma_0_0_pcie3_ip_gt_gtwizard_gthe3_inst/gen_gtwizard_gthe3.gen_channel_container[25].gen_enabled_channel.gthe3_channel_wrapper_inst/channel_inst/gthe3_channel_gen.gen_gthe3_channel_inst[3].GTHE3_CHANNEL_PRIM_INST/TXOUTCLK
                         net (fo=5, routed)           0.018     0.018    u_pcie/design_1_i/xdma_0/inst/pcie3_ip_i/inst/design_1_xdma_0_0_pcie3_ip_gt_top_i/phy_clk_i/CLK_USERCLK_IN
    BUFG_GT_X1Y37        BUFG_GT (Prop_BUFG_GT_I_O)
                                                      0.100     0.118 r  u_pcie/design_1_i/xdma_0/inst/pcie3_ip_i/inst/design_1_xdma_0_0_pcie3_ip_gt_top_i/phy_clk_i/bufg_gt_pclk/O
    X4Y1 (CLOCK_ROOT)    net (fo=2075, routed)        0.976     1.094    u_pcie/design_1_i/xdma_0/inst/pcie3_ip_i/inst/design_1_xdma_0_0_pcie3_ip_pcie3_uscale_top_inst/pipe_pipeline_inst/pipe_8_lane.pipe_lane_5_inst/pipe_stages_1.pipe_rx_polarity_q_reg_0
    SLICE_X138Y33        FDRE                                         r  u_pcie/design_1_i/xdma_0/inst/pcie3_ip_i/inst/design_1_xdma_0_0_pcie3_ip_pcie3_uscale_top_inst/pipe_pipeline_inst/pipe_8_lane.pipe_lane_5_inst/pipe_stages_1.pipe_rx_data_q_reg[1]/C
  -------------------------------------------------------------------    -------------------
    SLICE_X138Y33        FDRE (Prop_EFF_SLICEL_C_Q)
                                                      0.049     1.143 r  u_pcie/design_1_i/xdma_0/inst/pcie3_ip_i/inst/design_1_xdma_0_0_pcie3_ip_pcie3_uscale_top_inst/pipe_pipeline_inst/pipe_8_lane.pipe_lane_5_inst/pipe_stages_1.pipe_rx_data_q_reg[1]/Q
                         net (fo=1, routed)           0.403     1.546    u_pcie/design_1_i/xdma_0/inst/pcie3_ip_i/inst/design_1_xdma_0_0_pcie3_ip_pcie3_uscale_top_inst/pcie3_uscale_wrapper_inst/PCIE_3_1_inst_40[1]
    PCIE_3_1_X0Y0        PCIE_3_1                                     r  u_pcie/design_1_i/xdma_0/inst/pcie3_ip_i/inst/design_1_xdma_0_0_pcie3_ip_pcie3_uscale_top_inst/pcie3_uscale_wrapper_inst/PCIE_3_1_inst/PIPERX5DATA[1]
  -------------------------------------------------------------------    -------------------

                         (clock pipe_clk rise edge)
                                                      0.000     0.000 r  
    GTHE3_CHANNEL_X1Y7   GTHE3_CHANNEL                0.000     0.000 r  u_pcie/design_1_i/xdma_0/inst/pcie3_ip_i/inst/design_1_xdma_0_0_pcie3_ip_gt_top_i/gt_wizard.gtwizard_top_i/design_1_xdma_0_0_pcie3_ip_gt_i/inst/gen_gtwizard_gthe3_top.design_1_xdma_0_0_pcie3_ip_gt_gtwizard_gthe3_inst/gen_gtwizard_gthe3.gen_channel_container[25].gen_enabled_channel.gthe3_channel_wrapper_inst/channel_inst/gthe3_channel_gen.gen_gthe3_channel_inst[3].GTHE3_CHANNEL_PRIM_INST/TXOUTCLK
                         net (fo=5, routed)           0.035     0.035    u_pcie/design_1_i/xdma_0/inst/pcie3_ip_i/inst/design_1_xdma_0_0_pcie3_ip_gt_top_i/phy_clk_i/CLK_USERCLK_IN
    BUFG_GT_X1Y37        BUFG_GT (Prop_BUFG_GT_I_O)
                                                      0.130     0.165 r  u_pcie/design_1_i/xdma_0/inst/pcie3_ip_i/inst/design_1_xdma_0_0_pcie3_ip_gt_top_i/phy_clk_i/bufg_gt_pclk/O
    X4Y1 (CLOCK_ROOT)    net (fo=2075, routed)        1.085     1.250    u_pcie/design_1_i/xdma_0/inst/pcie3_ip_i/inst/design_1_xdma_0_0_pcie3_ip_pcie3_uscale_top_inst/pcie3_uscale_wrapper_inst/PCIE_3_1_inst_3
    PCIE_3_1_X0Y0        PCIE_3_1                                     r  u_pcie/design_1_i/xdma_0/inst/pcie3_ip_i/inst/design_1_xdma_0_0_pcie3_ip_pcie3_uscale_top_inst/pcie3_uscale_wrapper_inst/PCIE_3_1_inst/PIPECLK
                         clock pessimism             -0.152     1.098    
    PCIE_3_1_X0Y0        PCIE_3_1 (Hold_PCIE_3_1_PIPECLK_PIPERX5DATA[1])
                                                      0.418     1.516    u_pcie/design_1_i/xdma_0/inst/pcie3_ip_i/inst/design_1_xdma_0_0_pcie3_ip_pcie3_uscale_top_inst/pcie3_uscale_wrapper_inst/PCIE_3_1_inst
  -------------------------------------------------------------------
                         required time                         -1.516    
                         arrival time                           1.546    
  -------------------------------------------------------------------
                         slack                                  0.030    





Pulse Width Checks
--------------------------------------------------------------------------------------
Clock Name:         pipe_clk
Waveform(ns):       { 0.000 2.000 }
Period(ns):         4.000
Sources:            { u_pcie/design_1_i/xdma_0/inst/pcie3_ip_i/inst/design_1_xdma_0_0_pcie3_ip_gt_top_i/phy_clk_i/bufg_gt_pclk/O }

Check Type        Corner  Lib Pin                 Reference Pin     Required(ns)  Actual(ns)  Slack(ns)  Location            Pin
Min Period        n/a     PCIE_3_1/PIPECLK        n/a               4.000         4.000       0.000      PCIE_3_1_X0Y0       u_pcie/design_1_i/xdma_0/inst/pcie3_ip_i/inst/design_1_xdma_0_0_pcie3_ip_pcie3_uscale_top_inst/pcie3_uscale_wrapper_inst/PCIE_3_1_inst/PIPECLK
Low Pulse Width   Slow    GTHE3_CHANNEL/RXUSRCLK  n/a               1.100         2.000       0.900      GTHE3_CHANNEL_X1Y0  u_pcie/design_1_i/xdma_0/inst/pcie3_ip_i/inst/design_1_xdma_0_0_pcie3_ip_gt_top_i/gt_wizard.gtwizard_top_i/design_1_xdma_0_0_pcie3_ip_gt_i/inst/gen_gtwizard_gthe3_top.design_1_xdma_0_0_pcie3_ip_gt_gtwizard_gthe3_inst/gen_gtwizard_gthe3.gen_channel_container[24].gen_enabled_channel.gthe3_channel_wrapper_inst/channel_inst/gthe3_channel_gen.gen_gthe3_channel_inst[0].GTHE3_CHANNEL_PRIM_INST/RXUSRCLK
High Pulse Width  Slow    GTHE3_CHANNEL/RXUSRCLK  n/a               1.100         2.000       0.900      GTHE3_CHANNEL_X1Y0  u_pcie/design_1_i/xdma_0/inst/pcie3_ip_i/inst/design_1_xdma_0_0_pcie3_ip_gt_top_i/gt_wizard.gtwizard_top_i/design_1_xdma_0_0_pcie3_ip_gt_i/inst/gen_gtwizard_gthe3_top.design_1_xdma_0_0_pcie3_ip_gt_gtwizard_gthe3_inst/gen_gtwizard_gthe3.gen_channel_container[24].gen_enabled_channel.gthe3_channel_wrapper_inst/channel_inst/gthe3_channel_gen.gen_gthe3_channel_inst[0].GTHE3_CHANNEL_PRIM_INST/RXUSRCLK
Max Skew          Fast    PCIE_3_1/PIPECLK        PCIE_3_1/USERCLK  0.374         0.216       0.158      PCIE_3_1_X0Y0       u_pcie/design_1_i/xdma_0/inst/pcie3_ip_i/inst/design_1_xdma_0_0_pcie3_ip_pcie3_uscale_top_inst/pcie3_uscale_wrapper_inst/PCIE_3_1_inst/PIPECLK



---------------------------------------------------------------------------------------------------
From Clock:  sys_clk_p
  To Clock:  sys_clk_p

Setup :            0  Failing Endpoints,  Worst Slack        7.882ns,  Total Violation        0.000ns
Hold  :            0  Failing Endpoints,  Worst Slack        0.053ns,  Total Violation        0.000ns
PW    :            0  Failing Endpoints,  Worst Slack        1.999ns,  Total Violation        0.000ns
---------------------------------------------------------------------------------------------------


Max Delay Paths
--------------------------------------------------------------------------------------
Slack (MET) :             7.882ns  (required time - arrival time)
  Source:                 u_ddr4/inst/u_ddr4_infrastructure/input_rst_design_reg/C
                            (rising edge-triggered cell FDRE clocked by sys_clk_p  {rise@0.000ns fall@4.998ns period=9.996ns})
  Destination:            u_ddr4/inst/u_ddr4_infrastructure/rst_async_riu_div_reg/D
                            (rising edge-triggered cell FDRE clocked by sys_clk_p  {rise@0.000ns fall@4.998ns period=9.996ns})
  Path Group:             sys_clk_p
  Path Type:              Setup (Max at Slow Process Corner)
  Requirement:            9.996ns  (sys_clk_p rise@9.996ns - sys_clk_p rise@0.000ns)
  Data Path Delay:        2.025ns  (logic 0.326ns (16.099%)  route 1.699ns (83.901%))
  Logic Levels:           1  (LUT3=1)
  Clock Path Skew:        -0.115ns (DCD - SCD + CPR)
    Destination Clock Delay (DCD):    2.878ns = ( 12.874 - 9.996 ) 
    Source Clock Delay      (SCD):    3.394ns
    Clock Pessimism Removal (CPR):    0.401ns
  Clock Uncertainty:      0.035ns  ((TSJ^2 + TIJ^2)^1/2 + DJ) / 2 + PE
    Total System Jitter     (TSJ):    0.071ns
    Total Input Jitter      (TIJ):    0.000ns
    Discrete Jitter          (DJ):    0.000ns
    Phase Error              (PE):    0.000ns
  Clock Net Delay (Source):      1.936ns (routing 0.651ns, distribution 1.285ns)
  Clock Net Delay (Destination): 1.725ns (routing 0.598ns, distribution 1.127ns)

    Location             Delay type                Incr(ns)  Path(ns)    Netlist Resource(s)
  -------------------------------------------------------------------    -------------------
                         (clock sys_clk_p rise edge)
                                                      0.000     0.000 r  
    AK17                                              0.000     0.000 r  sys_clk_p (IN)
                         net (fo=0)                   0.001     0.001    u_ddr4/inst/u_ddr4_mem_intfc/u_mig_ddr4_phy/inst/u_ddr4_phy_pll/diff_input_clk.u_ibufg_sys_clk/I
    HPIOBDIFFINBUF_X1Y35 DIFFINBUF (Prop_DIFFINBUF_HPIOBDIFFINBUF_DIFF_IN_P_O)
                                                      0.534     0.535 r  u_ddr4/inst/u_ddr4_mem_intfc/u_mig_ddr4_phy/inst/u_ddr4_phy_pll/diff_input_clk.u_ibufg_sys_clk/DIFFINBUF_INST/O
                         net (fo=1, routed)           0.090     0.625    u_ddr4/inst/u_ddr4_mem_intfc/u_mig_ddr4_phy/inst/u_ddr4_phy_pll/diff_input_clk.u_ibufg_sys_clk/OUT
    AK17                 IBUFCTRL (Prop_IBUFCTRL_HPIOB_I_O)
                                                      0.000     0.625 r  u_ddr4/inst/u_ddr4_mem_intfc/u_mig_ddr4_phy/inst/u_ddr4_phy_pll/diff_input_clk.u_ibufg_sys_clk/IBUFCTRL_INST/O
                         net (fo=2, routed)           0.750     1.375    u_ddr4/inst/u_ddr4_infrastructure/sys_clk_in
    BUFGCE_X1Y25         BUFGCE (Prop_BUFCE_BUFGCE_I_O)
                                                      0.083     1.458 r  u_ddr4/inst/u_ddr4_infrastructure/u_bufg_inst/O
    X2Y2 (CLOCK_ROOT)    net (fo=17, routed)          1.936     3.394    u_ddr4/inst/u_ddr4_infrastructure/sys_clk_in_bufg
    SLICE_X70Y156        FDRE                                         r  u_ddr4/inst/u_ddr4_infrastructure/input_rst_design_reg/C
  -------------------------------------------------------------------    -------------------
    SLICE_X70Y156        FDRE (Prop_DFF_SLICEM_C_Q)
                                                      0.114     3.508 r  u_ddr4/inst/u_ddr4_infrastructure/input_rst_design_reg/Q
                         net (fo=2, routed)           0.597     4.105    u_ddr4/inst/u_ddr4_infrastructure/input_rst_design
    SLICE_X70Y156        LUT3 (Prop_C5LUT_SLICEM_I1_O)
                                                      0.212     4.317 r  u_ddr4/inst/u_ddr4_infrastructure/rst_async_riu_div_i_1/O
                         net (fo=1, routed)           1.102     5.419    u_ddr4/inst/u_ddr4_infrastructure/rst_async_riu_div_reg0
    SLICE_X69Y170        FDRE                                         r  u_ddr4/inst/u_ddr4_infrastructure/rst_async_riu_div_reg/D
  -------------------------------------------------------------------    -------------------

                         (clock sys_clk_p rise edge)
                                                      9.996     9.996 r  
    AK17                                              0.000     9.996 r  sys_clk_p (IN)
                         net (fo=0)                   0.001     9.997    u_ddr4/inst/u_ddr4_mem_intfc/u_mig_ddr4_phy/inst/u_ddr4_phy_pll/diff_input_clk.u_ibufg_sys_clk/I
    HPIOBDIFFINBUF_X1Y35 DIFFINBUF (Prop_DIFFINBUF_HPIOBDIFFINBUF_DIFF_IN_P_O)
                                                      0.377    10.374 r  u_ddr4/inst/u_ddr4_mem_intfc/u_mig_ddr4_phy/inst/u_ddr4_phy_pll/diff_input_clk.u_ibufg_sys_clk/DIFFINBUF_INST/O
                         net (fo=1, routed)           0.051    10.425    u_ddr4/inst/u_ddr4_mem_intfc/u_mig_ddr4_phy/inst/u_ddr4_phy_pll/diff_input_clk.u_ibufg_sys_clk/OUT
    AK17                 IBUFCTRL (Prop_IBUFCTRL_HPIOB_I_O)
                                                      0.000    10.425 r  u_ddr4/inst/u_ddr4_mem_intfc/u_mig_ddr4_phy/inst/u_ddr4_phy_pll/diff_input_clk.u_ibufg_sys_clk/IBUFCTRL_INST/O
                         net (fo=2, routed)           0.649    11.074    u_ddr4/inst/u_ddr4_infrastructure/sys_clk_in
    BUFGCE_X1Y25         BUFGCE (Prop_BUFCE_BUFGCE_I_O)
                                                      0.075    11.149 r  u_ddr4/inst/u_ddr4_infrastructure/u_bufg_inst/O
    X2Y2 (CLOCK_ROOT)    net (fo=17, routed)          1.725    12.874    u_ddr4/inst/u_ddr4_infrastructure/sys_clk_in_bufg
    SLICE_X69Y170        FDRE                                         r  u_ddr4/inst/u_ddr4_infrastructure/rst_async_riu_div_reg/C
                         clock pessimism              0.401    13.275    
                         clock uncertainty           -0.035    13.240    
    SLICE_X69Y170        FDRE (Setup_AFF2_SLICEL_C_D)
                                                      0.061    13.301    u_ddr4/inst/u_ddr4_infrastructure/rst_async_riu_div_reg
  -------------------------------------------------------------------
                         required time                         13.301    
                         arrival time                          -5.419    
  -------------------------------------------------------------------
                         slack                                  7.882    





Min Delay Paths
--------------------------------------------------------------------------------------
Slack (MET) :             0.053ns  (arrival time - required time)
  Source:                 u_ddr4/inst/u_ddr4_infrastructure/counter_input_rst_reg[4]/C
                            (rising edge-triggered cell FDSE clocked by sys_clk_p  {rise@0.000ns fall@4.998ns period=9.996ns})
  Destination:            u_ddr4/inst/u_ddr4_infrastructure/counter_input_rst_reg[1]/D
                            (rising edge-triggered cell FDSE clocked by sys_clk_p  {rise@0.000ns fall@4.998ns period=9.996ns})
  Path Group:             sys_clk_p
  Path Type:              Hold (Min at Fast Process Corner)
  Requirement:            0.000ns  (sys_clk_p rise@0.000ns - sys_clk_p rise@0.000ns)
  Data Path Delay:        0.113ns  (logic 0.063ns (55.752%)  route 0.050ns (44.248%))
  Logic Levels:           1  (LUT6=1)
  Clock Path Skew:        0.004ns (DCD - SCD - CPR)
    Destination Clock Delay (DCD):    1.879ns
    Source Clock Delay      (SCD):    1.465ns
    Clock Pessimism Removal (CPR):    0.410ns
  Clock Net Delay (Source):      0.821ns (routing 0.283ns, distribution 0.538ns)
  Clock Net Delay (Destination): 0.969ns (routing 0.314ns, distribution 0.655ns)

    Location             Delay type                Incr(ns)  Path(ns)    Netlist Resource(s)
  -------------------------------------------------------------------    -------------------
                         (clock sys_clk_p rise edge)
                                                      0.000     0.000 r  
    AK17                                              0.000     0.000 r  sys_clk_p (IN)
                         net (fo=0)                   0.001     0.001    u_ddr4/inst/u_ddr4_mem_intfc/u_mig_ddr4_phy/inst/u_ddr4_phy_pll/diff_input_clk.u_ibufg_sys_clk/I
    HPIOBDIFFINBUF_X1Y35 DIFFINBUF (Prop_DIFFINBUF_HPIOBDIFFINBUF_DIFF_IN_P_O)
                                                      0.238     0.239 r  u_ddr4/inst/u_ddr4_mem_intfc/u_mig_ddr4_phy/inst/u_ddr4_phy_pll/diff_input_clk.u_ibufg_sys_clk/DIFFINBUF_INST/O
                         net (fo=1, routed)           0.028     0.267    u_ddr4/inst/u_ddr4_mem_intfc/u_mig_ddr4_phy/inst/u_ddr4_phy_pll/diff_input_clk.u_ibufg_sys_clk/OUT
    AK17                 IBUFCTRL (Prop_IBUFCTRL_HPIOB_I_O)
                                                      0.000     0.267 r  u_ddr4/inst/u_ddr4_mem_intfc/u_mig_ddr4_phy/inst/u_ddr4_phy_pll/diff_input_clk.u_ibufg_sys_clk/IBUFCTRL_INST/O
                         net (fo=2, routed)           0.350     0.617    u_ddr4/inst/u_ddr4_infrastructure/sys_clk_in
    BUFGCE_X1Y25         BUFGCE (Prop_BUFCE_BUFGCE_I_O)
                                                      0.027     0.644 r  u_ddr4/inst/u_ddr4_infrastructure/u_bufg_inst/O
    X2Y2 (CLOCK_ROOT)    net (fo=17, routed)          0.821     1.465    u_ddr4/inst/u_ddr4_infrastructure/sys_clk_in_bufg
    SLICE_X70Y163        FDSE                                         r  u_ddr4/inst/u_ddr4_infrastructure/counter_input_rst_reg[4]/C
  -------------------------------------------------------------------    -------------------
    SLICE_X70Y163        FDSE (Prop_HFF_SLICEM_C_Q)
                                                      0.048     1.513 r  u_ddr4/inst/u_ddr4_infrastructure/counter_input_rst_reg[4]/Q
                         net (fo=7, routed)           0.036     1.549    u_ddr4/inst/u_ddr4_infrastructure/counter_input_rst[4]
    SLICE_X70Y163        LUT6 (Prop_G6LUT_SLICEM_I4_O)
                                                      0.015     1.564 r  u_ddr4/inst/u_ddr4_infrastructure/counter_input_rst[1]_i_1/O
                         net (fo=1, routed)           0.014     1.578    u_ddr4/inst/u_ddr4_infrastructure/counter_input_rst[1]_i_1_n_0
    SLICE_X70Y163        FDSE                                         r  u_ddr4/inst/u_ddr4_infrastructure/counter_input_rst_reg[1]/D
  -------------------------------------------------------------------    -------------------

                         (clock sys_clk_p rise edge)
                                                      0.000     0.000 r  
    AK17                                              0.000     0.000 r  sys_clk_p (IN)
                         net (fo=0)                   0.001     0.001    u_ddr4/inst/u_ddr4_mem_intfc/u_mig_ddr4_phy/inst/u_ddr4_phy_pll/diff_input_clk.u_ibufg_sys_clk/I
    HPIOBDIFFINBUF_X1Y35 DIFFINBUF (Prop_DIFFINBUF_HPIOBDIFFINBUF_DIFF_IN_P_O)
                                                      0.421     0.422 r  u_ddr4/inst/u_ddr4_mem_intfc/u_mig_ddr4_phy/inst/u_ddr4_phy_pll/diff_input_clk.u_ibufg_sys_clk/DIFFINBUF_INST/O
                         net (fo=1, routed)           0.048     0.470    u_ddr4/inst/u_ddr4_mem_intfc/u_mig_ddr4_phy/inst/u_ddr4_phy_pll/diff_input_clk.u_ibufg_sys_clk/OUT
    AK17                 IBUFCTRL (Prop_IBUFCTRL_HPIOB_I_O)
                                                      0.000     0.470 r  u_ddr4/inst/u_ddr4_mem_intfc/u_mig_ddr4_phy/inst/u_ddr4_phy_pll/diff_input_clk.u_ibufg_sys_clk/IBUFCTRL_INST/O
                         net (fo=2, routed)           0.409     0.879    u_ddr4/inst/u_ddr4_infrastructure/sys_clk_in
    BUFGCE_X1Y25         BUFGCE (Prop_BUFCE_BUFGCE_I_O)
                                                      0.031     0.910 r  u_ddr4/inst/u_ddr4_infrastructure/u_bufg_inst/O
    X2Y2 (CLOCK_ROOT)    net (fo=17, routed)          0.969     1.879    u_ddr4/inst/u_ddr4_infrastructure/sys_clk_in_bufg
    SLICE_X70Y163        FDSE                                         r  u_ddr4/inst/u_ddr4_infrastructure/counter_input_rst_reg[1]/C
                         clock pessimism             -0.410     1.469    
    SLICE_X70Y163        FDSE (Hold_GFF_SLICEM_C_D)
                                                      0.056     1.525    u_ddr4/inst/u_ddr4_infrastructure/counter_input_rst_reg[1]
  -------------------------------------------------------------------
                         required time                         -1.525    
                         arrival time                           1.578    
  -------------------------------------------------------------------
                         slack                                  0.053    





Pulse Width Checks
--------------------------------------------------------------------------------------
Clock Name:         sys_clk_p
Waveform(ns):       { 0.000 4.998 }
Period(ns):         9.996
Sources:            { sys_clk_p }

Check Type        Corner  Lib Pin            Reference Pin  Required(ns)  Actual(ns)  Slack(ns)  Location         Pin
Min Period        n/a     BUFGCE/I           n/a            1.379         9.996       8.617      BUFGCE_X1Y25     u_ddr4/inst/u_ddr4_infrastructure/u_bufg_inst/I
Low Pulse Width   Slow    MMCME3_ADV/CLKIN1  n/a            2.999         4.998       1.999      MMCME3_ADV_X1Y1  u_ddr4/inst/u_ddr4_infrastructure/gen_mmcme3.u_mmcme_adv_inst/CLKIN1
High Pulse Width  Slow    MMCME3_ADV/CLKIN1  n/a            2.999         4.998       1.999      MMCME3_ADV_X1Y1  u_ddr4/inst/u_ddr4_infrastructure/gen_mmcme3.u_mmcme_adv_inst/CLKIN1



---------------------------------------------------------------------------------------------------
From Clock:  mmcm_clkout0
  To Clock:  mmcm_clkout0

Setup :            0  Failing Endpoints,  Worst Slack        0.034ns,  Total Violation        0.000ns
Hold  :            0  Failing Endpoints,  Worst Slack        0.030ns,  Total Violation        0.000ns
PW    :            0  Failing Endpoints,  Worst Slack        0.500ns,  Total Violation        0.000ns
---------------------------------------------------------------------------------------------------


Max Delay Paths
--------------------------------------------------------------------------------------
Slack (MET) :             0.034ns  (required time - arrival time)
  Source:                 u_ddr4/inst/u_ddr4_mem_intfc/u_ddr_mc/bgr[0].u_ddr_mc_group/txn_fifo_output_reg[0]/C
                            (rising edge-triggered cell FDRE clocked by mmcm_clkout0  {rise@0.000ns fall@1.666ns period=3.332ns})
  Destination:            u_ddr4/inst/u_ddr4_mem_intfc/u_ddr_mc/bgr[0].u_ddr_mc_group/txn_fifo_output_reg[1]_replica/D
                            (rising edge-triggered cell FDRE clocked by mmcm_clkout0  {rise@0.000ns fall@1.666ns period=3.332ns})
  Path Group:             mmcm_clkout0
  Path Type:              Setup (Max at Slow Process Corner)
  Requirement:            3.332ns  (mmcm_clkout0 rise@3.332ns - mmcm_clkout0 rise@0.000ns)
  Data Path Delay:        3.237ns  (logic 0.807ns (24.930%)  route 2.430ns (75.070%))
  Logic Levels:           7  (CARRY8=1 LUT4=2 LUT6=4)
  Clock Path Skew:        -0.062ns (DCD - SCD + CPR)
    Destination Clock Delay (DCD):    3.832ns = ( 7.164 - 3.332 ) 
    Source Clock Delay      (SCD):    3.846ns
    Clock Pessimism Removal (CPR):    -0.048ns
  Clock Uncertainty:      0.058ns  ((TSJ^2 + DJ^2)^1/2) / 2 + PE
    Total System Jitter     (TSJ):    0.071ns
    Discrete Jitter          (DJ):    0.093ns
    Phase Error              (PE):    0.000ns
  Clock Net Delay (Source):      1.957ns (routing 0.495ns, distribution 1.462ns)
  Clock Net Delay (Destination): 1.733ns (routing 0.456ns, distribution 1.277ns)

    Location             Delay type                Incr(ns)  Path(ns)    Netlist Resource(s)
  -------------------------------------------------------------------    -------------------
                         (clock mmcm_clkout0 rise edge)
                                                      0.000     0.000 r  
    AK17                                              0.000     0.000 r  sys_clk_p (IN)
                         net (fo=0)                   0.001     0.001    u_ddr4/inst/u_ddr4_mem_intfc/u_mig_ddr4_phy/inst/u_ddr4_phy_pll/diff_input_clk.u_ibufg_sys_clk/I
    HPIOBDIFFINBUF_X1Y35 DIFFINBUF (Prop_DIFFINBUF_HPIOBDIFFINBUF_DIFF_IN_P_O)
                                                      0.534     0.535 r  u_ddr4/inst/u_ddr4_mem_intfc/u_mig_ddr4_phy/inst/u_ddr4_phy_pll/diff_input_clk.u_ibufg_sys_clk/DIFFINBUF_INST/O
                         net (fo=1, routed)           0.090     0.625    u_ddr4/inst/u_ddr4_mem_intfc/u_mig_ddr4_phy/inst/u_ddr4_phy_pll/diff_input_clk.u_ibufg_sys_clk/OUT
    AK17                 IBUFCTRL (Prop_IBUFCTRL_HPIOB_I_O)
                                                      0.000     0.625 r  u_ddr4/inst/u_ddr4_mem_intfc/u_mig_ddr4_phy/inst/u_ddr4_phy_pll/diff_input_clk.u_ibufg_sys_clk/IBUFCTRL_INST/O
                         net (fo=2, routed)           0.865     1.490    u_ddr4/inst/u_ddr4_infrastructure/mmcm_clk_in
    MMCME3_ADV_X1Y1      MMCME3_ADV (Prop_MMCME3_ADV_CLKIN1_CLKOUT0)
                                                     -0.121     1.369 r  u_ddr4/inst/u_ddr4_infrastructure/gen_mmcme3.u_mmcme_adv_inst/CLKOUT0
                         net (fo=1, routed)           0.437     1.806    u_ddr4/inst/u_ddr4_infrastructure/mmcm_clkout0
    BUFGCE_X1Y31         BUFGCE (Prop_BUFCE_BUFGCE_I_O)
                                                      0.083     1.889 r  u_ddr4/inst/u_ddr4_infrastructure/u_bufg_divClk/O
    X2Y1 (CLOCK_ROOT)    net (fo=17454, routed)       1.957     3.846    u_ddr4/inst/u_ddr4_mem_intfc/u_ddr_mc/bgr[0].u_ddr_mc_group/per_rd_accept_reg_0
    SLICE_X68Y112        FDRE                                         r  u_ddr4/inst/u_ddr4_mem_intfc/u_ddr_mc/bgr[0].u_ddr_mc_group/txn_fifo_output_reg[0]/C
  -------------------------------------------------------------------    -------------------
    SLICE_X68Y112        FDRE (Prop_CFF_SLICEL_C_Q)
                                                      0.114     3.960 r  u_ddr4/inst/u_ddr4_mem_intfc/u_ddr_mc/bgr[0].u_ddr_mc_group/txn_fifo_output_reg[0]/Q
                         net (fo=56, routed)          0.525     4.485    u_ddr4/inst/u_ddr4_mem_intfc/u_ddr_mc/bgr[0].u_ddr_mc_group/Q[0]
    SLICE_X67Y105        LUT6 (Prop_G6LUT_SLICEM_I3_O)
                                                      0.176     4.661 r  u_ddr4/inst/u_ddr4_mem_intfc/u_ddr_mc/bgr[0].u_ddr_mc_group/i__carry_i_11/O
                         net (fo=1, routed)           0.210     4.871    u_ddr4/inst/u_ddr4_mem_intfc/u_ddr_mc/bgr[0].u_ddr_mc_group/i__carry_i_11_n_0
    SLICE_X68Y103        LUT6 (Prop_D6LUT_SLICEL_I0_O)
                                                      0.115     4.986 r  u_ddr4/inst/u_ddr4_mem_intfc/u_ddr_mc/bgr[0].u_ddr_mc_group/i__carry_i_3/O
                         net (fo=1, routed)           0.000     4.986    u_ddr4/inst/u_ddr4_mem_intfc/u_ddr_mc/bgr[0].u_ddr_mc_group/i__carry_i_3_n_0
    SLICE_X68Y103        CARRY8 (Prop_CARRY8_SLICEL_S[3]_CO[5])
                                                      0.211     5.197 r  u_ddr4/inst/u_ddr4_mem_intfc/u_ddr_mc/bgr[0].u_ddr_mc_group/issue_cas3_inferred__0/i__carry/CO[5]
                         net (fo=5, routed)           0.420     5.617    u_ddr4/inst/u_ddr4_mem_intfc/u_ddr_mc/bgr[0].u_ddr_mc_group/issue_cas3215_in
    SLICE_X68Y119        LUT6 (Prop_E6LUT_SLICEL_I2_O)
                                                      0.040     5.657 f  u_ddr4/inst/u_ddr4_mem_intfc/u_ddr_mc/bgr[0].u_ddr_mc_group/txn_fifo_rptr[0]_i_2/O
                         net (fo=3, routed)           0.224     5.881    u_ddr4/inst/u_ddr4_mem_intfc/u_ddr_mc/bgr[0].u_ddr_mc_group/txn_fifo_rptr[0]_i_2_n_0
    SLICE_X68Y123        LUT4 (Prop_E6LUT_SLICEL_I2_O)
                                                      0.040     5.921 r  u_ddr4/inst/u_ddr4_mem_intfc/u_ddr_mc/bgr[0].u_ddr_mc_group/FSM_sequential_grSt[1]_i_3/O
                         net (fo=72, routed)          0.290     6.211    u_ddr4/inst/u_ddr4_mem_intfc/u_ddr_mc/bgr[0].u_ddr_mc_group/FSM_sequential_grSt[1]_i_3_n_0
    SLICE_X67Y125        LUT4 (Prop_E6LUT_SLICEM_I1_O)
                                                      0.040     6.251 f  u_ddr4/inst/u_ddr4_mem_intfc/u_ddr_mc/bgr[0].u_ddr_mc_group/txn_fifo_output[48]_i_2/O
                         net (fo=31, routed)          0.517     6.768    u_ddr4/inst/u_ddr4_mem_intfc/u_ddr_mc/bgr[0].u_ddr_mc_group/txn_fifo_output[48]_i_2_n_0
    SLICE_X68Y112        LUT6 (Prop_B6LUT_SLICEL_I5_O)
                                                      0.071     6.839 r  u_ddr4/inst/u_ddr4_mem_intfc/u_ddr_mc/bgr[0].u_ddr_mc_group/txn_fifo_output[1]_i_1/O
                         net (fo=2, routed)           0.244     7.083    u_ddr4/inst/u_ddr4_mem_intfc/u_ddr_mc/bgr[0].u_ddr_mc_group/txn_fifo_output_nxt[1]
    SLICE_X68Y113        FDRE                                         r  u_ddr4/inst/u_ddr4_mem_intfc/u_ddr_mc/bgr[0].u_ddr_mc_group/txn_fifo_output_reg[1]_replica/D
  -------------------------------------------------------------------    -------------------

                         (clock mmcm_clkout0 rise edge)
                                                      3.332     3.332 r  
    AK17                                              0.000     3.332 r  sys_clk_p (IN)
                         net (fo=0)                   0.001     3.333    u_ddr4/inst/u_ddr4_mem_intfc/u_mig_ddr4_phy/inst/u_ddr4_phy_pll/diff_input_clk.u_ibufg_sys_clk/I
    HPIOBDIFFINBUF_X1Y35 DIFFINBUF (Prop_DIFFINBUF_HPIOBDIFFINBUF_DIFF_IN_P_O)
                                                      0.377     3.710 r  u_ddr4/inst/u_ddr4_mem_intfc/u_mig_ddr4_phy/inst/u_ddr4_phy_pll/diff_input_clk.u_ibufg_sys_clk/DIFFINBUF_INST/O
                         net (fo=1, routed)           0.051     3.761    u_ddr4/inst/u_ddr4_mem_intfc/u_mig_ddr4_phy/inst/u_ddr4_phy_pll/diff_input_clk.u_ibufg_sys_clk/OUT
    AK17                 IBUFCTRL (Prop_IBUFCTRL_HPIOB_I_O)
                                                      0.000     3.761 r  u_ddr4/inst/u_ddr4_mem_intfc/u_mig_ddr4_phy/inst/u_ddr4_phy_pll/diff_input_clk.u_ibufg_sys_clk/IBUFCTRL_INST/O
                         net (fo=2, routed)           0.778     4.539    u_ddr4/inst/u_ddr4_infrastructure/mmcm_clk_in
    MMCME3_ADV_X1Y1      MMCME3_ADV (Prop_MMCME3_ADV_CLKIN1_CLKOUT0)
                                                      0.445     4.984 r  u_ddr4/inst/u_ddr4_infrastructure/gen_mmcme3.u_mmcme_adv_inst/CLKOUT0
                         net (fo=1, routed)           0.372     5.356    u_ddr4/inst/u_ddr4_infrastructure/mmcm_clkout0
    BUFGCE_X1Y31         BUFGCE (Prop_BUFCE_BUFGCE_I_O)
                                                      0.075     5.431 r  u_ddr4/inst/u_ddr4_infrastructure/u_bufg_divClk/O
    X2Y1 (CLOCK_ROOT)    net (fo=17454, routed)       1.733     7.164    u_ddr4/inst/u_ddr4_mem_intfc/u_ddr_mc/bgr[0].u_ddr_mc_group/per_rd_accept_reg_0
    SLICE_X68Y113        FDRE                                         r  u_ddr4/inst/u_ddr4_mem_intfc/u_ddr_mc/bgr[0].u_ddr_mc_group/txn_fifo_output_reg[1]_replica/C
                         clock pessimism             -0.048     7.116    
                         clock uncertainty           -0.058     7.058    
    SLICE_X68Y113        FDRE (Setup_AFF_SLICEL_C_D)
                                                      0.059     7.117    u_ddr4/inst/u_ddr4_mem_intfc/u_ddr_mc/bgr[0].u_ddr_mc_group/txn_fifo_output_reg[1]_replica
  -------------------------------------------------------------------
                         required time                          7.117    
                         arrival time                          -7.083    
  -------------------------------------------------------------------
                         slack                                  0.034    





Min Delay Paths
--------------------------------------------------------------------------------------
Slack (MET) :             0.030ns  (arrival time - required time)
  Source:                 u_output/u_store/rb_response_data_reg[478]/C
                            (rising edge-triggered cell FDRE clocked by mmcm_clkout0  {rise@0.000ns fall@1.666ns period=3.332ns})
  Destination:            u_readback/responses/u_fifo/gnuram_async_fifo.xpm_fifo_base_inst/gen_sdpram.xpm_memory_base_inst/gen_wr_a.gen_word_narrow.mem_reg_6/DINBDIN[14]
                            (rising edge-triggered cell RAMB36E2 clocked by mmcm_clkout0  {rise@0.000ns fall@1.666ns period=3.332ns})
  Path Group:             mmcm_clkout0
  Path Type:              Hold (Min at Fast Process Corner)
  Requirement:            0.000ns  (mmcm_clkout0 rise@0.000ns - mmcm_clkout0 rise@0.000ns)
  Data Path Delay:        0.184ns  (logic 0.048ns (26.087%)  route 0.136ns (73.913%))
  Logic Levels:           0  
  Clock Path Skew:        0.125ns (DCD - SCD - CPR)
    Destination Clock Delay (DCD):    2.077ns
    Source Clock Delay      (SCD):    2.039ns
    Clock Pessimism Removal (CPR):    -0.087ns
  Clock Net Delay (Source):      0.903ns (routing 0.208ns, distribution 0.695ns)
  Clock Net Delay (Destination): 1.117ns (routing 0.232ns, distribution 0.885ns)

    Location             Delay type                Incr(ns)  Path(ns)    Netlist Resource(s)
  -------------------------------------------------------------------    -------------------
                         (clock mmcm_clkout0 rise edge)
                                                      0.000     0.000 r  
    AK17                                              0.000     0.000 r  sys_clk_p (IN)
                         net (fo=0)                   0.001     0.001    u_ddr4/inst/u_ddr4_mem_intfc/u_mig_ddr4_phy/inst/u_ddr4_phy_pll/diff_input_clk.u_ibufg_sys_clk/I
    HPIOBDIFFINBUF_X1Y35 DIFFINBUF (Prop_DIFFINBUF_HPIOBDIFFINBUF_DIFF_IN_P_O)
                                                      0.238     0.239 r  u_ddr4/inst/u_ddr4_mem_intfc/u_mig_ddr4_phy/inst/u_ddr4_phy_pll/diff_input_clk.u_ibufg_sys_clk/DIFFINBUF_INST/O
                         net (fo=1, routed)           0.028     0.267    u_ddr4/inst/u_ddr4_mem_intfc/u_mig_ddr4_phy/inst/u_ddr4_phy_pll/diff_input_clk.u_ibufg_sys_clk/OUT
    AK17                 IBUFCTRL (Prop_IBUFCTRL_HPIOB_I_O)
                                                      0.000     0.267 r  u_ddr4/inst/u_ddr4_mem_intfc/u_mig_ddr4_phy/inst/u_ddr4_phy_pll/diff_input_clk.u_ibufg_sys_clk/IBUFCTRL_INST/O
                         net (fo=2, routed)           0.405     0.672    u_ddr4/inst/u_ddr4_infrastructure/mmcm_clk_in
    MMCME3_ADV_X1Y1      MMCME3_ADV (Prop_MMCME3_ADV_CLKIN1_CLKOUT0)
                                                      0.270     0.942 r  u_ddr4/inst/u_ddr4_infrastructure/gen_mmcme3.u_mmcme_adv_inst/CLKOUT0
                         net (fo=1, routed)           0.167     1.109    u_ddr4/inst/u_ddr4_infrastructure/mmcm_clkout0
    BUFGCE_X1Y31         BUFGCE (Prop_BUFCE_BUFGCE_I_O)
                                                      0.027     1.136 r  u_ddr4/inst/u_ddr4_infrastructure/u_bufg_divClk/O
    X2Y1 (CLOCK_ROOT)    net (fo=17454, routed)       0.903     2.039    u_output/u_store/c0_ddr4_ui_clk
    SLICE_X82Y77         FDRE                                         r  u_output/u_store/rb_response_data_reg[478]/C
  -------------------------------------------------------------------    -------------------
    SLICE_X82Y77         FDRE (Prop_BFF2_SLICEM_C_Q)
                                                      0.048     2.087 r  u_output/u_store/rb_response_data_reg[478]/Q
                         net (fo=1, routed)           0.136     2.223    u_readback/responses/u_fifo/gnuram_async_fifo.xpm_fifo_base_inst/gen_sdpram.xpm_memory_base_inst/dina[478]
    RAMB36_X10Y15        RAMB36E2                                     r  u_readback/responses/u_fifo/gnuram_async_fifo.xpm_fifo_base_inst/gen_sdpram.xpm_memory_base_inst/gen_wr_a.gen_word_narrow.mem_reg_6/DINBDIN[14]
  -------------------------------------------------------------------    -------------------

                         (clock mmcm_clkout0 rise edge)
                                                      0.000     0.000 r  
    AK17                                              0.000     0.000 r  sys_clk_p (IN)
                         net (fo=0)                   0.001     0.001    u_ddr4/inst/u_ddr4_mem_intfc/u_mig_ddr4_phy/inst/u_ddr4_phy_pll/diff_input_clk.u_ibufg_sys_clk/I
    HPIOBDIFFINBUF_X1Y35 DIFFINBUF (Prop_DIFFINBUF_HPIOBDIFFINBUF_DIFF_IN_P_O)
                                                      0.421     0.422 r  u_ddr4/inst/u_ddr4_mem_intfc/u_mig_ddr4_phy/inst/u_ddr4_phy_pll/diff_input_clk.u_ibufg_sys_clk/DIFFINBUF_INST/O
                         net (fo=1, routed)           0.048     0.470    u_ddr4/inst/u_ddr4_mem_intfc/u_mig_ddr4_phy/inst/u_ddr4_phy_pll/diff_input_clk.u_ibufg_sys_clk/OUT
    AK17                 IBUFCTRL (Prop_IBUFCTRL_HPIOB_I_O)
                                                      0.000     0.470 r  u_ddr4/inst/u_ddr4_mem_intfc/u_mig_ddr4_phy/inst/u_ddr4_phy_pll/diff_input_clk.u_ibufg_sys_clk/IBUFCTRL_INST/O
                         net (fo=2, routed)           0.457     0.927    u_ddr4/inst/u_ddr4_infrastructure/mmcm_clk_in
    MMCME3_ADV_X1Y1      MMCME3_ADV (Prop_MMCME3_ADV_CLKIN1_CLKOUT0)
                                                     -0.207     0.720 r  u_ddr4/inst/u_ddr4_infrastructure/gen_mmcme3.u_mmcme_adv_inst/CLKOUT0
                         net (fo=1, routed)           0.209     0.929    u_ddr4/inst/u_ddr4_infrastructure/mmcm_clkout0
    BUFGCE_X1Y31         BUFGCE (Prop_BUFCE_BUFGCE_I_O)
                                                      0.031     0.960 r  u_ddr4/inst/u_ddr4_infrastructure/u_bufg_divClk/O
    X2Y1 (CLOCK_ROOT)    net (fo=17454, routed)       1.117     2.077    u_readback/responses/u_fifo/gnuram_async_fifo.xpm_fifo_base_inst/gen_sdpram.xpm_memory_base_inst/clka
    RAMB36_X10Y15        RAMB36E2                                     r  u_readback/responses/u_fifo/gnuram_async_fifo.xpm_fifo_base_inst/gen_sdpram.xpm_memory_base_inst/gen_wr_a.gen_word_narrow.mem_reg_6/CLKBWRCLK
                         clock pessimism              0.087     2.164    
    RAMB36_X10Y15        RAMB36E2 (Hold_RAMB36E2_RAMB36_CLKBWRCLK_DINBDIN[14])
                                                      0.029     2.193    u_readback/responses/u_fifo/gnuram_async_fifo.xpm_fifo_base_inst/gen_sdpram.xpm_memory_base_inst/gen_wr_a.gen_word_narrow.mem_reg_6
  -------------------------------------------------------------------
                         required time                         -2.193    
                         arrival time                           2.223    
  -------------------------------------------------------------------
                         slack                                  0.030    





Pulse Width Checks
--------------------------------------------------------------------------------------
Clock Name:         mmcm_clkout0
Waveform(ns):       { 0.000 1.666 }
Period(ns):         3.332
Sources:            { u_ddr4/inst/u_ddr4_infrastructure/gen_mmcme3.u_mmcme_adv_inst/CLKOUT0 }

Check Type        Corner  Lib Pin             Reference Pin  Required(ns)  Actual(ns)  Slack(ns)  Location        Pin
Min Period        n/a     RAMB36E2/CLKARDCLK  n/a            1.709         3.332       1.623      RAMB36_X7Y4     u_ddr4/inst/u_ddr4_mem_intfc/u_ddr_cal_top/u_ddr_cal/DDR_XSDB_BRAM/mem_inst/gen_mem[0].inst/mem_reg_bram_0/CLKARDCLK
Low Pulse Width   Slow    PLLE3_ADV/CLKIN     n/a            1.166         1.666       0.500      PLLE3_ADV_X1Y1  u_ddr4/inst/u_ddr4_mem_intfc/u_mig_ddr4_phy/inst/u_ddr4_phy_pll/plle_loop[0].gen_plle3.PLLE3_BASE_INST_OTHER/CLKIN
High Pulse Width  Slow    PLLE3_ADV/CLKIN     n/a            1.166         1.666       0.500      PLLE3_ADV_X1Y1  u_ddr4/inst/u_ddr4_mem_intfc/u_mig_ddr4_phy/inst/u_ddr4_phy_pll/plle_loop[0].gen_plle3.PLLE3_BASE_INST_OTHER/CLKIN



---------------------------------------------------------------------------------------------------
From Clock:  pll_clk[0]
  To Clock:  pll_clk[0]

Setup :           NA  Failing Endpoints,  Worst Slack           NA  ,  Total Violation           NA
Hold  :           NA  Failing Endpoints,  Worst Slack           NA  ,  Total Violation           NA
PW    :            0  Failing Endpoints,  Worst Slack        0.022ns,  Total Violation        0.000ns
---------------------------------------------------------------------------------------------------


Pulse Width Checks
--------------------------------------------------------------------------------------
Clock Name:         pll_clk[0]
Waveform(ns):       { 0.000 0.208 }
Period(ns):         0.417
Sources:            { u_ddr4/inst/u_ddr4_mem_intfc/u_mig_ddr4_phy/inst/u_ddr4_phy_pll/plle_loop[0].gen_plle3.PLLE3_BASE_INST_OTHER/CLKOUTPHY }

Check Type        Corner  Lib Pin                   Reference Pin             Required(ns)  Actual(ns)  Slack(ns)  Location               Pin
Min Period        n/a     BITSLICE_CONTROL/PLL_CLK  n/a                       0.395         0.417       0.022      BITSLICE_CONTROL_X1Y0  u_ddr4/inst/u_ddr4_mem_intfc/u_mig_ddr4_phy/inst/generate_block1.u_ddr_xiphy/byte_num[0].xiphy_byte_wrapper.u_xiphy_byte_wrapper/I_CONTROL[0].GEN_I_CONTROL.u_xiphy_control/xiphy_control/PLL_CLK
Low Pulse Width   Slow    BITSLICE_CONTROL/PLL_CLK  n/a                       0.178         0.208       0.030      BITSLICE_CONTROL_X1Y0  u_ddr4/inst/u_ddr4_mem_intfc/u_mig_ddr4_phy/inst/generate_block1.u_ddr_xiphy/byte_num[0].xiphy_byte_wrapper.u_xiphy_byte_wrapper/I_CONTROL[0].GEN_I_CONTROL.u_xiphy_control/xiphy_control/PLL_CLK
High Pulse Width  Slow    BITSLICE_CONTROL/PLL_CLK  n/a                       0.178         0.208       0.030      BITSLICE_CONTROL_X1Y0  u_ddr4/inst/u_ddr4_mem_intfc/u_mig_ddr4_phy/inst/generate_block1.u_ddr_xiphy/byte_num[0].xiphy_byte_wrapper.u_xiphy_byte_wrapper/I_CONTROL[0].GEN_I_CONTROL.u_xiphy_control/xiphy_control/PLL_CLK
Max Skew          Slow    BITSLICE_CONTROL/PLL_CLK  BITSLICE_CONTROL/RIU_CLK  0.190         -0.440      0.630      BITSLICE_CONTROL_X1Y3  u_ddr4/inst/u_ddr4_mem_intfc/u_mig_ddr4_phy/inst/generate_block1.u_ddr_xiphy/byte_num[1].xiphy_byte_wrapper.u_xiphy_byte_wrapper/I_CONTROL[1].GEN_I_CONTROL.u_xiphy_control/xiphy_control/PLL_CLK



---------------------------------------------------------------------------------------------------
From Clock:  pll_clk[0]_DIV
  To Clock:  pll_clk[0]_DIV

Setup :           NA  Failing Endpoints,  Worst Slack           NA  ,  Total Violation           NA
Hold  :           NA  Failing Endpoints,  Worst Slack           NA  ,  Total Violation           NA
PW    :            0  Failing Endpoints,  Worst Slack        0.172ns,  Total Violation        0.000ns
---------------------------------------------------------------------------------------------------


Pulse Width Checks
--------------------------------------------------------------------------------------
Clock Name:         pll_clk[0]_DIV
Waveform(ns):       { 0.000 1.666 }
Period(ns):         3.332
Sources:            { u_ddr4/inst/u_ddr4_mem_intfc/u_mig_ddr4_phy/inst/generate_block1.u_ddr_xiphy/byte_num[0].xiphy_byte_wrapper.u_xiphy_byte_wrapper/I_CONTROL[0].GEN_I_CONTROL.u_xiphy_control/xiphy_control/TX_BIT_CTRL_OUT0[26] u_ddr4/inst/u_ddr4_mem_intfc/u_mig_ddr4_phy/inst/generate_block1.u_ddr_xiphy/byte_num[0].xiphy_byte_wrapper.u_xiphy_byte_wrapper/I_CONTROL[0].GEN_I_CONTROL.u_xiphy_control/xiphy_control/TX_BIT_CTRL_OUT2[26] u_ddr4/inst/u_ddr4_mem_intfc/u_mig_ddr4_phy/inst/generate_block1.u_ddr_xiphy/byte_num[0].xiphy_byte_wrapper.u_xiphy_byte_wrapper/I_CONTROL[0].GEN_I_CONTROL.u_xiphy_control/xiphy_control/TX_BIT_CTRL_OUT3[26] u_ddr4/inst/u_ddr4_mem_intfc/u_mig_ddr4_phy/inst/generate_block1.u_ddr_xiphy/byte_num[0].xiphy_byte_wrapper.u_xiphy_byte_wrapper/I_CONTROL[0].GEN_I_CONTROL.u_xiphy_control/xiphy_control/TX_BIT_CTRL_OUT4[26] u_ddr4/inst/u_ddr4_mem_intfc/u_mig_ddr4_phy/inst/generate_block1.u_ddr_xiphy/byte_num[0].xiphy_byte_wrapper.u_xiphy_byte_wrapper/I_CONTROL[0].GEN_I_CONTROL.u_xiphy_control/xiphy_control/TX_BIT_CTRL_OUT5[26] u_ddr4/inst/u_ddr4_mem_intfc/u_mig_ddr4_phy/inst/generate_block1.u_ddr_xiphy/byte_num[0].xiphy_byte_wrapper.u_xiphy_byte_wrapper/I_CONTROL[1].GEN_I_CONTROL.u_xiphy_control/xiphy_control/TX_BIT_CTRL_OUT0[26] u_ddr4/inst/u_ddr4_mem_intfc/u_mig_ddr4_phy/inst/generate_block1.u_ddr_xiphy/byte_num[0].xiphy_byte_wrapper.u_xiphy_byte_wrapper/I_CONTROL[1].GEN_I_CONTROL.u_xiphy_control/xiphy_control/TX_BIT_CTRL_OUT2[26] u_ddr4/inst/u_ddr4_mem_intfc/u_mig_ddr4_phy/inst/generate_block1.u_ddr_xiphy/byte_num[0].xiphy_byte_wrapper.u_xiphy_byte_wrapper/I_CONTROL[1].GEN_I_CONTROL.u_xiphy_control/xiphy_control/TX_BIT_CTRL_OUT3[26] u_ddr4/inst/u_ddr4_mem_intfc/u_mig_ddr4_phy/inst/generate_block1.u_ddr_xiphy/byte_num[0].xiphy_byte_wrapper.u_xiphy_byte_wrapper/I_CONTROL[1].GEN_I_CONTROL.u_xiphy_control/xiphy_control/TX_BIT_CTRL_OUT4[26] u_ddr4/inst/u_ddr4_mem_intfc/u_mig_ddr4_phy/inst/generate_block1.u_ddr_xiphy/byte_num[0].xiphy_byte_wrapper.u_xiphy_byte_wrapper/I_CONTROL[1].GEN_I_CONTROL.u_xiphy_control/xiphy_control/TX_BIT_CTRL_OUT5[26] u_ddr4/inst/u_ddr4_mem_intfc/u_mig_ddr4_phy/inst/generate_block1.u_ddr_xiphy/byte_num[1].xiphy_byte_wrapper.u_xiphy_byte_wrapper/I_CONTROL[0].GEN_I_CONTROL.u_xiphy_control/xiphy_control/TX_BIT_CTRL_OUT0[26] u_ddr4/inst/u_ddr4_mem_intfc/u_mig_ddr4_phy/inst/generate_block1.u_ddr_xiphy/byte_num[1].xiphy_byte_wrapper.u_xiphy_byte_wrapper/I_CONTROL[0].GEN_I_CONTROL.u_xiphy_control/xiphy_control/TX_BIT_CTRL_OUT2[26] u_ddr4/inst/u_ddr4_mem_intfc/u_mig_ddr4_phy/inst/generate_block1.u_ddr_xiphy/byte_num[1].xiphy_byte_wrapper.u_xiphy_byte_wrapper/I_CONTROL[0].GEN_I_CONTROL.u_xiphy_control/xiphy_control/TX_BIT_CTRL_OUT3[26] u_ddr4/inst/u_ddr4_mem_intfc/u_mig_ddr4_phy/inst/generate_block1.u_ddr_xiphy/byte_num[1].xiphy_byte_wrapper.u_xiphy_byte_wrapper/I_CONTROL[0].GEN_I_CONTROL.u_xiphy_control/xiphy_control/TX_BIT_CTRL_OUT4[26] u_ddr4/inst/u_ddr4_mem_intfc/u_mig_ddr4_phy/inst/generate_block1.u_ddr_xiphy/byte_num[1].xiphy_byte_wrapper.u_xiphy_byte_wrapper/I_CONTROL[0].GEN_I_CONTROL.u_xiphy_control/xiphy_control/TX_BIT_CTRL_OUT5[26] u_ddr4/inst/u_ddr4_mem_intfc/u_mig_ddr4_phy/inst/generate_block1.u_ddr_xiphy/byte_num[1].xiphy_byte_wrapper.u_xiphy_byte_wrapper/I_CONTROL[1].GEN_I_CONTROL.u_xiphy_control/xiphy_control/TX_BIT_CTRL_OUT0[26] u_ddr4/inst/u_ddr4_mem_intfc/u_mig_ddr4_phy/inst/generate_block1.u_ddr_xiphy/byte_num[1].xiphy_byte_wrapper.u_xiphy_byte_wrapper/I_CONTROL[1].GEN_I_CONTROL.u_xiphy_control/xiphy_control/TX_BIT_CTRL_OUT2[26] u_ddr4/inst/u_ddr4_mem_intfc/u_mig_ddr4_phy/inst/generate_block1.u_ddr_xiphy/byte_num[1].xiphy_byte_wrapper.u_xiphy_byte_wrapper/I_CONTROL[1].GEN_I_CONTROL.u_xiphy_control/xiphy_control/TX_BIT_CTRL_OUT3[26] u_ddr4/inst/u_ddr4_mem_intfc/u_mig_ddr4_phy/inst/generate_block1.u_ddr_xiphy/byte_num[1].xiphy_byte_wrapper.u_xiphy_byte_wrapper/I_CONTROL[1].GEN_I_CONTROL.u_xiphy_control/xiphy_control/TX_BIT_CTRL_OUT4[26] u_ddr4/inst/u_ddr4_mem_intfc/u_mig_ddr4_phy/inst/generate_block1.u_ddr_xiphy/byte_num[1].xiphy_byte_wrapper.u_xiphy_byte_wrapper/I_CONTROL[1].GEN_I_CONTROL.u_xiphy_control/xiphy_control/TX_BIT_CTRL_OUT5[26] u_ddr4/inst/u_ddr4_mem_intfc/u_mig_ddr4_phy/inst/generate_block1.u_ddr_xiphy/byte_num[2].xiphy_byte_wrapper.u_xiphy_byte_wrapper/I_CONTROL[0].GEN_I_CONTROL.u_xiphy_control/xiphy_control/TX_BIT_CTRL_OUT0[26] u_ddr4/inst/u_ddr4_mem_intfc/u_mig_ddr4_phy/inst/generate_block1.u_ddr_xiphy/byte_num[2].xiphy_byte_wrapper.u_xiphy_byte_wrapper/I_CONTROL[0].GEN_I_CONTROL.u_xiphy_control/xiphy_control/TX_BIT_CTRL_OUT2[26] u_ddr4/inst/u_ddr4_mem_intfc/u_mig_ddr4_phy/inst/generate_block1.u_ddr_xiphy/byte_num[2].xiphy_byte_wrapper.u_xiphy_byte_wrapper/I_CONTROL[0].GEN_I_CONTROL.u_xiphy_control/xiphy_control/TX_BIT_CTRL_OUT3[26] u_ddr4/inst/u_ddr4_mem_intfc/u_mig_ddr4_phy/inst/generate_block1.u_ddr_xiphy/byte_num[2].xiphy_byte_wrapper.u_xiphy_byte_wrapper/I_CONTROL[0].GEN_I_CONTROL.u_xiphy_control/xiphy_control/TX_BIT_CTRL_OUT4[26] ... }

Check Type        Corner  Lib Pin                           Reference Pin  Required(ns)  Actual(ns)  Slack(ns)  Location             Pin
Min Period        n/a     RXTX_BITSLICE/TX_BIT_CTRL_IN[26]  n/a            3.160         3.332       0.172      BITSLICE_RX_TX_X1Y0  u_ddr4/inst/u_ddr4_mem_intfc/u_mig_ddr4_phy/inst/generate_block1.u_ddr_xiphy/byte_num[0].xiphy_byte_wrapper.u_xiphy_byte_wrapper/I_BITSLICE_LOWER[0].GEN_RXTX_BITSLICE_EN.u_xiphy_bitslice_lower/xiphy_rxtx_bitslice/TX_BIT_CTRL_IN[26]
Low Pulse Width   Slow    RXTX_BITSLICE/TX_BIT_CTRL_IN[26]  n/a            1.422         1.666       0.244      BITSLICE_RX_TX_X1Y0  u_ddr4/inst/u_ddr4_mem_intfc/u_mig_ddr4_phy/inst/generate_block1.u_ddr_xiphy/byte_num[0].xiphy_byte_wrapper.u_xiphy_byte_wrapper/I_BITSLICE_LOWER[0].GEN_RXTX_BITSLICE_EN.u_xiphy_bitslice_lower/xiphy_rxtx_bitslice/TX_BIT_CTRL_IN[26]
High Pulse Width  Slow    RXTX_BITSLICE/TX_BIT_CTRL_IN[26]  n/a            1.422         1.666       0.244      BITSLICE_RX_TX_X1Y0  u_ddr4/inst/u_ddr4_mem_intfc/u_mig_ddr4_phy/inst/generate_block1.u_ddr_xiphy/byte_num[0].xiphy_byte_wrapper.u_xiphy_byte_wrapper/I_BITSLICE_LOWER[0].GEN_RXTX_BITSLICE_EN.u_xiphy_bitslice_lower/xiphy_rxtx_bitslice/TX_BIT_CTRL_IN[26]



---------------------------------------------------------------------------------------------------
From Clock:  pll_clk[1]
  To Clock:  pll_clk[1]

Setup :           NA  Failing Endpoints,  Worst Slack           NA  ,  Total Violation           NA
Hold  :           NA  Failing Endpoints,  Worst Slack           NA  ,  Total Violation           NA
PW    :            0  Failing Endpoints,  Worst Slack        0.022ns,  Total Violation        0.000ns
---------------------------------------------------------------------------------------------------


Pulse Width Checks
--------------------------------------------------------------------------------------
Clock Name:         pll_clk[1]
Waveform(ns):       { 0.000 0.208 }
Period(ns):         0.417
Sources:            { u_ddr4/inst/u_ddr4_mem_intfc/u_mig_ddr4_phy/inst/u_ddr4_phy_pll/plle_loop[1].gen_plle3.PLLE3_BASE_INST_OTHER/CLKOUTPHY }

Check Type        Corner  Lib Pin                   Reference Pin  Required(ns)  Actual(ns)  Slack(ns)  Location                Pin
Min Period        n/a     BITSLICE_CONTROL/PLL_CLK  n/a            0.395         0.417       0.022      BITSLICE_CONTROL_X1Y10  u_ddr4/inst/u_ddr4_mem_intfc/u_mig_ddr4_phy/inst/generate_block1.u_ddr_xiphy/byte_num[5].xiphy_byte_wrapper.u_xiphy_byte_wrapper/I_CONTROL[0].GEN_I_CONTROL.u_xiphy_control/xiphy_control/PLL_CLK
Low Pulse Width   Slow    BITSLICE_CONTROL/PLL_CLK  n/a            0.178         0.208       0.030      BITSLICE_CONTROL_X1Y10  u_ddr4/inst/u_ddr4_mem_intfc/u_mig_ddr4_phy/inst/generate_block1.u_ddr_xiphy/byte_num[5].xiphy_byte_wrapper.u_xiphy_byte_wrapper/I_CONTROL[0].GEN_I_CONTROL.u_xiphy_control/xiphy_control/PLL_CLK
High Pulse Width  Slow    BITSLICE_CONTROL/PLL_CLK  n/a            0.178         0.208       0.030      BITSLICE_CONTROL_X1Y10  u_ddr4/inst/u_ddr4_mem_intfc/u_mig_ddr4_phy/inst/generate_block1.u_ddr_xiphy/byte_num[5].xiphy_byte_wrapper.u_xiphy_byte_wrapper/I_CONTROL[0].GEN_I_CONTROL.u_xiphy_control/xiphy_control/PLL_CLK



---------------------------------------------------------------------------------------------------
From Clock:  pll_clk[1]_DIV
  To Clock:  pll_clk[1]_DIV

Setup :           NA  Failing Endpoints,  Worst Slack           NA  ,  Total Violation           NA
Hold  :           NA  Failing Endpoints,  Worst Slack           NA  ,  Total Violation           NA
PW    :            0  Failing Endpoints,  Worst Slack        0.172ns,  Total Violation        0.000ns
---------------------------------------------------------------------------------------------------


Pulse Width Checks
--------------------------------------------------------------------------------------
Clock Name:         pll_clk[1]_DIV
Waveform(ns):       { 0.000 1.666 }
Period(ns):         3.332
Sources:            { u_ddr4/inst/u_ddr4_mem_intfc/u_mig_ddr4_phy/inst/generate_block1.u_ddr_xiphy/byte_num[5].xiphy_byte_wrapper.u_xiphy_byte_wrapper/I_CONTROL[0].GEN_I_CONTROL.u_xiphy_control/xiphy_control/TX_BIT_CTRL_OUT0[26] u_ddr4/inst/u_ddr4_mem_intfc/u_mig_ddr4_phy/inst/generate_block1.u_ddr_xiphy/byte_num[5].xiphy_byte_wrapper.u_xiphy_byte_wrapper/I_CONTROL[0].GEN_I_CONTROL.u_xiphy_control/xiphy_control/TX_BIT_CTRL_OUT2[26] u_ddr4/inst/u_ddr4_mem_intfc/u_mig_ddr4_phy/inst/generate_block1.u_ddr_xiphy/byte_num[5].xiphy_byte_wrapper.u_xiphy_byte_wrapper/I_CONTROL[0].GEN_I_CONTROL.u_xiphy_control/xiphy_control/TX_BIT_CTRL_OUT3[26] u_ddr4/inst/u_ddr4_mem_intfc/u_mig_ddr4_phy/inst/generate_block1.u_ddr_xiphy/byte_num[5].xiphy_byte_wrapper.u_xiphy_byte_wrapper/I_CONTROL[0].GEN_I_CONTROL.u_xiphy_control/xiphy_control/TX_BIT_CTRL_OUT5[26] u_ddr4/inst/u_ddr4_mem_intfc/u_mig_ddr4_phy/inst/generate_block1.u_ddr_xiphy/byte_num[5].xiphy_byte_wrapper.u_xiphy_byte_wrapper/I_CONTROL[1].GEN_I_CONTROL.u_xiphy_control/xiphy_control/TX_BIT_CTRL_OUT0[26] u_ddr4/inst/u_ddr4_mem_intfc/u_mig_ddr4_phy/inst/generate_block1.u_ddr_xiphy/byte_num[5].xiphy_byte_wrapper.u_xiphy_byte_wrapper/I_CONTROL[1].GEN_I_CONTROL.u_xiphy_control/xiphy_control/TX_BIT_CTRL_OUT1[26] u_ddr4/inst/u_ddr4_mem_intfc/u_mig_ddr4_phy/inst/generate_block1.u_ddr_xiphy/byte_num[5].xiphy_byte_wrapper.u_xiphy_byte_wrapper/I_CONTROL[1].GEN_I_CONTROL.u_xiphy_control/xiphy_control/TX_BIT_CTRL_OUT3[26] u_ddr4/inst/u_ddr4_mem_intfc/u_mig_ddr4_phy/inst/generate_block1.u_ddr_xiphy/byte_num[6].xiphy_byte_wrapper.u_xiphy_byte_wrapper/I_CONTROL[0].GEN_I_CONTROL.u_xiphy_control/xiphy_control/TX_BIT_CTRL_OUT0[26] u_ddr4/inst/u_ddr4_mem_intfc/u_mig_ddr4_phy/inst/generate_block1.u_ddr_xiphy/byte_num[6].xiphy_byte_wrapper.u_xiphy_byte_wrapper/I_CONTROL[0].GEN_I_CONTROL.u_xiphy_control/xiphy_control/TX_BIT_CTRL_OUT2[26] u_ddr4/inst/u_ddr4_mem_intfc/u_mig_ddr4_phy/inst/generate_block1.u_ddr_xiphy/byte_num[6].xiphy_byte_wrapper.u_xiphy_byte_wrapper/I_CONTROL[0].GEN_I_CONTROL.u_xiphy_control/xiphy_control/TX_BIT_CTRL_OUT3[26] u_ddr4/inst/u_ddr4_mem_intfc/u_mig_ddr4_phy/inst/generate_block1.u_ddr_xiphy/byte_num[6].xiphy_byte_wrapper.u_xiphy_byte_wrapper/I_CONTROL[0].GEN_I_CONTROL.u_xiphy_control/xiphy_control/TX_BIT_CTRL_OUT4[26] u_ddr4/inst/u_ddr4_mem_intfc/u_mig_ddr4_phy/inst/generate_block1.u_ddr_xiphy/byte_num[6].xiphy_byte_wrapper.u_xiphy_byte_wrapper/I_CONTROL[1].GEN_I_CONTROL.u_xiphy_control/xiphy_control/TX_BIT_CTRL_OUT0[26] u_ddr4/inst/u_ddr4_mem_intfc/u_mig_ddr4_phy/inst/generate_block1.u_ddr_xiphy/byte_num[6].xiphy_byte_wrapper.u_xiphy_byte_wrapper/I_CONTROL[1].GEN_I_CONTROL.u_xiphy_control/xiphy_control/TX_BIT_CTRL_OUT1[26] u_ddr4/inst/u_ddr4_mem_intfc/u_mig_ddr4_phy/inst/generate_block1.u_ddr_xiphy/byte_num[6].xiphy_byte_wrapper.u_xiphy_byte_wrapper/I_CONTROL[1].GEN_I_CONTROL.u_xiphy_control/xiphy_control/TX_BIT_CTRL_OUT2[26] u_ddr4/inst/u_ddr4_mem_intfc/u_mig_ddr4_phy/inst/generate_block1.u_ddr_xiphy/byte_num[6].xiphy_byte_wrapper.u_xiphy_byte_wrapper/I_CONTROL[1].GEN_I_CONTROL.u_xiphy_control/xiphy_control/TX_BIT_CTRL_OUT4[26] u_ddr4/inst/u_ddr4_mem_intfc/u_mig_ddr4_phy/inst/generate_block1.u_ddr_xiphy/byte_num[6].xiphy_byte_wrapper.u_xiphy_byte_wrapper/I_CONTROL[1].GEN_I_CONTROL.u_xiphy_control/xiphy_control/TX_BIT_CTRL_OUT5[26] u_ddr4/inst/u_ddr4_mem_intfc/u_mig_ddr4_phy/inst/generate_block1.u_ddr_xiphy/byte_num[7].xiphy_byte_wrapper.u_xiphy_byte_wrapper/I_CONTROL[0].GEN_I_CONTROL.u_xiphy_control/xiphy_control/TX_BIT_CTRL_OUT0[26] u_ddr4/inst/u_ddr4_mem_intfc/u_mig_ddr4_phy/inst/generate_block1.u_ddr_xiphy/byte_num[7].xiphy_byte_wrapper.u_xiphy_byte_wrapper/I_CONTROL[0].GEN_I_CONTROL.u_xiphy_control/xiphy_control/TX_BIT_CTRL_OUT1[26] u_ddr4/inst/u_ddr4_mem_intfc/u_mig_ddr4_phy/inst/generate_block1.u_ddr_xiphy/byte_num[7].xiphy_byte_wrapper.u_xiphy_byte_wrapper/I_CONTROL[0].GEN_I_CONTROL.u_xiphy_control/xiphy_control/TX_BIT_CTRL_OUT2[26] u_ddr4/inst/u_ddr4_mem_intfc/u_mig_ddr4_phy/inst/generate_block1.u_ddr_xiphy/byte_num[7].xiphy_byte_wrapper.u_xiphy_byte_wrapper/I_CONTROL[0].GEN_I_CONTROL.u_xiphy_control/xiphy_control/TX_BIT_CTRL_OUT4[26] u_ddr4/inst/u_ddr4_mem_intfc/u_mig_ddr4_phy/inst/generate_block1.u_ddr_xiphy/byte_num[7].xiphy_byte_wrapper.u_xiphy_byte_wrapper/I_CONTROL[0].GEN_I_CONTROL.u_xiphy_control/xiphy_control/TX_BIT_CTRL_OUT5[26] u_ddr4/inst/u_ddr4_mem_intfc/u_mig_ddr4_phy/inst/generate_block1.u_ddr_xiphy/byte_num[7].xiphy_byte_wrapper.u_xiphy_byte_wrapper/I_CONTROL[1].GEN_I_CONTROL.u_xiphy_control/xiphy_control/TX_BIT_CTRL_OUT0[26] u_ddr4/inst/u_ddr4_mem_intfc/u_mig_ddr4_phy/inst/generate_block1.u_ddr_xiphy/byte_num[7].xiphy_byte_wrapper.u_xiphy_byte_wrapper/I_CONTROL[1].GEN_I_CONTROL.u_xiphy_control/xiphy_control/TX_BIT_CTRL_OUT2[26] u_ddr4/inst/u_ddr4_mem_intfc/u_mig_ddr4_phy/inst/generate_block1.u_ddr_xiphy/byte_num[7].xiphy_byte_wrapper.u_xiphy_byte_wrapper/I_CONTROL[1].GEN_I_CONTROL.u_xiphy_control/xiphy_control/TX_BIT_CTRL_OUT3[26] ... }

Check Type        Corner  Lib Pin                           Reference Pin  Required(ns)  Actual(ns)  Slack(ns)  Location              Pin
Min Period        n/a     RXTX_BITSLICE/TX_BIT_CTRL_IN[26]  n/a            3.160         3.332       0.172      BITSLICE_RX_TX_X1Y67  u_ddr4/inst/u_ddr4_mem_intfc/u_mig_ddr4_phy/inst/generate_block1.u_ddr_xiphy/byte_num[5].xiphy_byte_wrapper.u_xiphy_byte_wrapper/I_BITSLICE_LOWER[2].GEN_RXTX_BITSLICE_EN.u_xiphy_bitslice_lower/xiphy_rxtx_bitslice/TX_BIT_CTRL_IN[26]
Low Pulse Width   Slow    RXTX_BITSLICE/TX_BIT_CTRL_IN[26]  n/a            1.422         1.666       0.244      BITSLICE_RX_TX_X1Y67  u_ddr4/inst/u_ddr4_mem_intfc/u_mig_ddr4_phy/inst/generate_block1.u_ddr_xiphy/byte_num[5].xiphy_byte_wrapper.u_xiphy_byte_wrapper/I_BITSLICE_LOWER[2].GEN_RXTX_BITSLICE_EN.u_xiphy_bitslice_lower/xiphy_rxtx_bitslice/TX_BIT_CTRL_IN[26]
High Pulse Width  Slow    RXTX_BITSLICE/TX_BIT_CTRL_IN[26]  n/a            1.422         1.666       0.244      BITSLICE_RX_TX_X1Y67  u_ddr4/inst/u_ddr4_mem_intfc/u_mig_ddr4_phy/inst/generate_block1.u_ddr_xiphy/byte_num[5].xiphy_byte_wrapper.u_xiphy_byte_wrapper/I_BITSLICE_LOWER[2].GEN_RXTX_BITSLICE_EN.u_xiphy_bitslice_lower/xiphy_rxtx_bitslice/TX_BIT_CTRL_IN[26]



---------------------------------------------------------------------------------------------------
From Clock:  pll_clk[2]
  To Clock:  pll_clk[2]

Setup :           NA  Failing Endpoints,  Worst Slack           NA  ,  Total Violation           NA
Hold  :           NA  Failing Endpoints,  Worst Slack           NA  ,  Total Violation           NA
PW    :            0  Failing Endpoints,  Worst Slack        0.022ns,  Total Violation        0.000ns
---------------------------------------------------------------------------------------------------


Pulse Width Checks
--------------------------------------------------------------------------------------
Clock Name:         pll_clk[2]
Waveform(ns):       { 0.000 0.208 }
Period(ns):         0.417
Sources:            { u_ddr4/inst/u_ddr4_mem_intfc/u_mig_ddr4_phy/inst/u_ddr4_phy_pll/plle_loop[2].gen_plle3.PLLE3_BASE_INST_OTHER/CLKOUTPHY }

Check Type        Corner  Lib Pin                   Reference Pin             Required(ns)  Actual(ns)  Slack(ns)  Location                Pin
Min Period        n/a     BITSLICE_CONTROL/PLL_CLK  n/a                       0.395         0.417       0.022      BITSLICE_CONTROL_X1Y20  u_ddr4/inst/u_ddr4_mem_intfc/u_mig_ddr4_phy/inst/generate_block1.u_ddr_xiphy/byte_num[10].xiphy_byte_wrapper.u_xiphy_byte_wrapper/I_CONTROL[0].GEN_I_CONTROL.u_xiphy_control/xiphy_control/PLL_CLK
Low Pulse Width   Slow    BITSLICE_CONTROL/PLL_CLK  n/a                       0.178         0.208       0.030      BITSLICE_CONTROL_X1Y20  u_ddr4/inst/u_ddr4_mem_intfc/u_mig_ddr4_phy/inst/generate_block1.u_ddr_xiphy/byte_num[10].xiphy_byte_wrapper.u_xiphy_byte_wrapper/I_CONTROL[0].GEN_I_CONTROL.u_xiphy_control/xiphy_control/PLL_CLK
High Pulse Width  Slow    BITSLICE_CONTROL/PLL_CLK  n/a                       0.178         0.208       0.030      BITSLICE_CONTROL_X1Y20  u_ddr4/inst/u_ddr4_mem_intfc/u_mig_ddr4_phy/inst/generate_block1.u_ddr_xiphy/byte_num[10].xiphy_byte_wrapper.u_xiphy_byte_wrapper/I_CONTROL[0].GEN_I_CONTROL.u_xiphy_control/xiphy_control/PLL_CLK
Max Skew          Slow    BITSLICE_CONTROL/PLL_CLK  BITSLICE_CONTROL/RIU_CLK  0.190         -0.438      0.628      BITSLICE_CONTROL_X1Y19  u_ddr4/inst/u_ddr4_mem_intfc/u_mig_ddr4_phy/inst/generate_block1.u_ddr_xiphy/byte_num[9].xiphy_byte_wrapper.u_xiphy_byte_wrapper/I_CONTROL[1].GEN_I_CONTROL.u_xiphy_control/xiphy_control/PLL_CLK



---------------------------------------------------------------------------------------------------
From Clock:  pll_clk[2]_DIV
  To Clock:  pll_clk[2]_DIV

Setup :           NA  Failing Endpoints,  Worst Slack           NA  ,  Total Violation           NA
Hold  :           NA  Failing Endpoints,  Worst Slack           NA  ,  Total Violation           NA
PW    :            0  Failing Endpoints,  Worst Slack        0.172ns,  Total Violation        0.000ns
---------------------------------------------------------------------------------------------------


Pulse Width Checks
--------------------------------------------------------------------------------------
Clock Name:         pll_clk[2]_DIV
Waveform(ns):       { 0.000 1.666 }
Period(ns):         3.332
Sources:            { u_ddr4/inst/u_ddr4_mem_intfc/u_mig_ddr4_phy/inst/generate_block1.u_ddr_xiphy/byte_num[10].xiphy_byte_wrapper.u_xiphy_byte_wrapper/I_CONTROL[0].GEN_I_CONTROL.u_xiphy_control/xiphy_control/TX_BIT_CTRL_OUT0[26] u_ddr4/inst/u_ddr4_mem_intfc/u_mig_ddr4_phy/inst/generate_block1.u_ddr_xiphy/byte_num[10].xiphy_byte_wrapper.u_xiphy_byte_wrapper/I_CONTROL[0].GEN_I_CONTROL.u_xiphy_control/xiphy_control/TX_BIT_CTRL_OUT2[26] u_ddr4/inst/u_ddr4_mem_intfc/u_mig_ddr4_phy/inst/generate_block1.u_ddr_xiphy/byte_num[10].xiphy_byte_wrapper.u_xiphy_byte_wrapper/I_CONTROL[0].GEN_I_CONTROL.u_xiphy_control/xiphy_control/TX_BIT_CTRL_OUT3[26] u_ddr4/inst/u_ddr4_mem_intfc/u_mig_ddr4_phy/inst/generate_block1.u_ddr_xiphy/byte_num[10].xiphy_byte_wrapper.u_xiphy_byte_wrapper/I_CONTROL[0].GEN_I_CONTROL.u_xiphy_control/xiphy_control/TX_BIT_CTRL_OUT4[26] u_ddr4/inst/u_ddr4_mem_intfc/u_mig_ddr4_phy/inst/generate_block1.u_ddr_xiphy/byte_num[10].xiphy_byte_wrapper.u_xiphy_byte_wrapper/I_CONTROL[0].GEN_I_CONTROL.u_xiphy_control/xiphy_control/TX_BIT_CTRL_OUT5[26] u_ddr4/inst/u_ddr4_mem_intfc/u_mig_ddr4_phy/inst/generate_block1.u_ddr_xiphy/byte_num[10].xiphy_byte_wrapper.u_xiphy_byte_wrapper/I_CONTROL[1].GEN_I_CONTROL.u_xiphy_control/xiphy_control/TX_BIT_CTRL_OUT0[26] u_ddr4/inst/u_ddr4_mem_intfc/u_mig_ddr4_phy/inst/generate_block1.u_ddr_xiphy/byte_num[10].xiphy_byte_wrapper.u_xiphy_byte_wrapper/I_CONTROL[1].GEN_I_CONTROL.u_xiphy_control/xiphy_control/TX_BIT_CTRL_OUT2[26] u_ddr4/inst/u_ddr4_mem_intfc/u_mig_ddr4_phy/inst/generate_block1.u_ddr_xiphy/byte_num[10].xiphy_byte_wrapper.u_xiphy_byte_wrapper/I_CONTROL[1].GEN_I_CONTROL.u_xiphy_control/xiphy_control/TX_BIT_CTRL_OUT3[26] u_ddr4/inst/u_ddr4_mem_intfc/u_mig_ddr4_phy/inst/generate_block1.u_ddr_xiphy/byte_num[10].xiphy_byte_wrapper.u_xiphy_byte_wrapper/I_CONTROL[1].GEN_I_CONTROL.u_xiphy_control/xiphy_control/TX_BIT_CTRL_OUT4[26] u_ddr4/inst/u_ddr4_mem_intfc/u_mig_ddr4_phy/inst/generate_block1.u_ddr_xiphy/byte_num[10].xiphy_byte_wrapper.u_xiphy_byte_wrapper/I_CONTROL[1].GEN_I_CONTROL.u_xiphy_control/xiphy_control/TX_BIT_CTRL_OUT5[26] u_ddr4/inst/u_ddr4_mem_intfc/u_mig_ddr4_phy/inst/generate_block1.u_ddr_xiphy/byte_num[11].xiphy_byte_wrapper.u_xiphy_byte_wrapper/I_CONTROL[0].GEN_I_CONTROL.u_xiphy_control/xiphy_control/TX_BIT_CTRL_OUT0[26] u_ddr4/inst/u_ddr4_mem_intfc/u_mig_ddr4_phy/inst/generate_block1.u_ddr_xiphy/byte_num[11].xiphy_byte_wrapper.u_xiphy_byte_wrapper/I_CONTROL[0].GEN_I_CONTROL.u_xiphy_control/xiphy_control/TX_BIT_CTRL_OUT2[26] u_ddr4/inst/u_ddr4_mem_intfc/u_mig_ddr4_phy/inst/generate_block1.u_ddr_xiphy/byte_num[11].xiphy_byte_wrapper.u_xiphy_byte_wrapper/I_CONTROL[0].GEN_I_CONTROL.u_xiphy_control/xiphy_control/TX_BIT_CTRL_OUT3[26] u_ddr4/inst/u_ddr4_mem_intfc/u_mig_ddr4_phy/inst/generate_block1.u_ddr_xiphy/byte_num[11].xiphy_byte_wrapper.u_xiphy_byte_wrapper/I_CONTROL[0].GEN_I_CONTROL.u_xiphy_control/xiphy_control/TX_BIT_CTRL_OUT4[26] u_ddr4/inst/u_ddr4_mem_intfc/u_mig_ddr4_phy/inst/generate_block1.u_ddr_xiphy/byte_num[11].xiphy_byte_wrapper.u_xiphy_byte_wrapper/I_CONTROL[0].GEN_I_CONTROL.u_xiphy_control/xiphy_control/TX_BIT_CTRL_OUT5[26] u_ddr4/inst/u_ddr4_mem_intfc/u_mig_ddr4_phy/inst/generate_block1.u_ddr_xiphy/byte_num[11].xiphy_byte_wrapper.u_xiphy_byte_wrapper/I_CONTROL[1].GEN_I_CONTROL.u_xiphy_control/xiphy_control/TX_BIT_CTRL_OUT0[26] u_ddr4/inst/u_ddr4_mem_intfc/u_mig_ddr4_phy/inst/generate_block1.u_ddr_xiphy/byte_num[11].xiphy_byte_wrapper.u_xiphy_byte_wrapper/I_CONTROL[1].GEN_I_CONTROL.u_xiphy_control/xiphy_control/TX_BIT_CTRL_OUT2[26] u_ddr4/inst/u_ddr4_mem_intfc/u_mig_ddr4_phy/inst/generate_block1.u_ddr_xiphy/byte_num[11].xiphy_byte_wrapper.u_xiphy_byte_wrapper/I_CONTROL[1].GEN_I_CONTROL.u_xiphy_control/xiphy_control/TX_BIT_CTRL_OUT3[26] u_ddr4/inst/u_ddr4_mem_intfc/u_mig_ddr4_phy/inst/generate_block1.u_ddr_xiphy/byte_num[11].xiphy_byte_wrapper.u_xiphy_byte_wrapper/I_CONTROL[1].GEN_I_CONTROL.u_xiphy_control/xiphy_control/TX_BIT_CTRL_OUT4[26] u_ddr4/inst/u_ddr4_mem_intfc/u_mig_ddr4_phy/inst/generate_block1.u_ddr_xiphy/byte_num[11].xiphy_byte_wrapper.u_xiphy_byte_wrapper/I_CONTROL[1].GEN_I_CONTROL.u_xiphy_control/xiphy_control/TX_BIT_CTRL_OUT5[26] u_ddr4/inst/u_ddr4_mem_intfc/u_mig_ddr4_phy/inst/generate_block1.u_ddr_xiphy/byte_num[8].xiphy_byte_wrapper.u_xiphy_byte_wrapper/I_CONTROL[0].GEN_I_CONTROL.u_xiphy_control/xiphy_control/TX_BIT_CTRL_OUT0[26] u_ddr4/inst/u_ddr4_mem_intfc/u_mig_ddr4_phy/inst/generate_block1.u_ddr_xiphy/byte_num[8].xiphy_byte_wrapper.u_xiphy_byte_wrapper/I_CONTROL[0].GEN_I_CONTROL.u_xiphy_control/xiphy_control/TX_BIT_CTRL_OUT2[26] u_ddr4/inst/u_ddr4_mem_intfc/u_mig_ddr4_phy/inst/generate_block1.u_ddr_xiphy/byte_num[8].xiphy_byte_wrapper.u_xiphy_byte_wrapper/I_CONTROL[0].GEN_I_CONTROL.u_xiphy_control/xiphy_control/TX_BIT_CTRL_OUT3[26] u_ddr4/inst/u_ddr4_mem_intfc/u_mig_ddr4_phy/inst/generate_block1.u_ddr_xiphy/byte_num[8].xiphy_byte_wrapper.u_xiphy_byte_wrapper/I_CONTROL[0].GEN_I_CONTROL.u_xiphy_control/xiphy_control/TX_BIT_CTRL_OUT4[26] ... }

Check Type        Corner  Lib Pin                           Reference Pin  Required(ns)  Actual(ns)  Slack(ns)  Location               Pin
Min Period        n/a     RXTX_BITSLICE/TX_BIT_CTRL_IN[26]  n/a            3.160         3.332       0.172      BITSLICE_RX_TX_X1Y130  u_ddr4/inst/u_ddr4_mem_intfc/u_mig_ddr4_phy/inst/generate_block1.u_ddr_xiphy/byte_num[10].xiphy_byte_wrapper.u_xiphy_byte_wrapper/I_BITSLICE_LOWER[0].GEN_RXTX_BITSLICE_EN.u_xiphy_bitslice_lower/xiphy_rxtx_bitslice/TX_BIT_CTRL_IN[26]
Low Pulse Width   Slow    RXTX_BITSLICE/TX_BIT_CTRL_IN[26]  n/a            1.422         1.666       0.244      BITSLICE_RX_TX_X1Y130  u_ddr4/inst/u_ddr4_mem_intfc/u_mig_ddr4_phy/inst/generate_block1.u_ddr_xiphy/byte_num[10].xiphy_byte_wrapper.u_xiphy_byte_wrapper/I_BITSLICE_LOWER[0].GEN_RXTX_BITSLICE_EN.u_xiphy_bitslice_lower/xiphy_rxtx_bitslice/TX_BIT_CTRL_IN[26]
High Pulse Width  Slow    RXTX_BITSLICE/TX_BIT_CTRL_IN[26]  n/a            1.422         1.666       0.244      BITSLICE_RX_TX_X1Y130  u_ddr4/inst/u_ddr4_mem_intfc/u_mig_ddr4_phy/inst/generate_block1.u_ddr_xiphy/byte_num[10].xiphy_byte_wrapper.u_xiphy_byte_wrapper/I_BITSLICE_LOWER[0].GEN_RXTX_BITSLICE_EN.u_xiphy_bitslice_lower/xiphy_rxtx_bitslice/TX_BIT_CTRL_IN[26]



---------------------------------------------------------------------------------------------------
From Clock:  mmcm_clkout1
  To Clock:  mmcm_clkout1

Setup :           NA  Failing Endpoints,  Worst Slack           NA  ,  Total Violation           NA
Hold  :           NA  Failing Endpoints,  Worst Slack           NA  ,  Total Violation           NA
PW    :            0  Failing Endpoints,  Worst Slack        3.998ns,  Total Violation        0.000ns
---------------------------------------------------------------------------------------------------


Pulse Width Checks
--------------------------------------------------------------------------------------
Clock Name:         mmcm_clkout1
Waveform(ns):       { 0.000 9.996 }
Period(ns):         19.992
Sources:            { u_ddr4/inst/u_ddr4_infrastructure/gen_mmcme3.u_mmcme_adv_inst/CLKOUT1 }

Check Type        Corner  Lib Pin            Reference Pin  Required(ns)  Actual(ns)  Slack(ns)  Location         Pin
Min Period        n/a     BUFGCE/I           n/a            1.379         19.992      18.613     BUFGCE_X1Y30     u_ddr4/inst/u_ddr4_infrastructure/u_bufg_addn_ui_clk_1/I
Low Pulse Width   Slow    MMCME3_ADV/CLKIN1  n/a            5.998         9.996       3.998      MMCME3_ADV_X1Y2  u_net_clock/inst/mmcme3_adv_inst/CLKIN1
High Pulse Width  Slow    MMCME3_ADV/CLKIN1  n/a            5.998         9.996       3.998      MMCME3_ADV_X1Y2  u_net_clock/inst/mmcme3_adv_inst/CLKIN1



---------------------------------------------------------------------------------------------------
From Clock:  clk_out1_hdmi_net_clock
  To Clock:  clk_out1_hdmi_net_clock

Setup :            0  Failing Endpoints,  Worst Slack        0.249ns,  Total Violation        0.000ns
Hold  :            0  Failing Endpoints,  Worst Slack        0.030ns,  Total Violation        0.000ns
PW    :            0  Failing Endpoints,  Worst Slack        4.018ns,  Total Violation        0.000ns
---------------------------------------------------------------------------------------------------


Max Delay Paths
--------------------------------------------------------------------------------------
Slack (MET) :             0.249ns  (required time - arrival time)
  Source:                 rn/u_reset/arststages_ff_reg[3]/C
                            (rising edge-triggered cell FDCE clocked by clk_out1_hdmi_net_clock  {rise@0.000ns fall@4.998ns period=9.996ns})
  Destination:            u_network/u_features/u_patch/sum_l2_reg[10][10]/CE
                            (rising edge-triggered cell FDRE clocked by clk_out1_hdmi_net_clock  {rise@0.000ns fall@4.998ns period=9.996ns})
  Path Group:             clk_out1_hdmi_net_clock
  Path Type:              Setup (Max at Slow Process Corner)
  Requirement:            9.996ns  (clk_out1_hdmi_net_clock rise@9.996ns - clk_out1_hdmi_net_clock rise@0.000ns)
  Data Path Delay:        9.356ns  (logic 0.247ns (2.640%)  route 9.109ns (97.360%))
  Logic Levels:           1  (LUT2=1)
  Clock Path Skew:        -0.257ns (DCD - SCD + CPR)
    Destination Clock Delay (DCD):    6.352ns = ( 16.348 - 9.996 ) 
    Source Clock Delay      (SCD):    6.082ns
    Clock Pessimism Removal (CPR):    -0.527ns
  Clock Uncertainty:      0.087ns  ((TSJ^2 + DJ^2)^1/2) / 2 + PE
    Total System Jitter     (TSJ):    0.071ns
    Discrete Jitter          (DJ):    0.159ns
    Phase Error              (PE):    0.000ns
  Clock Net Delay (Source):      2.238ns (routing 0.335ns, distribution 1.903ns)
  Clock Net Delay (Destination): 1.955ns (routing 0.309ns, distribution 1.646ns)

    Location             Delay type                Incr(ns)  Path(ns)    Netlist Resource(s)
  -------------------------------------------------------------------    -------------------
                         (clock clk_out1_hdmi_net_clock rise edge)
                                                      0.000     0.000 r  
    AK17                                              0.000     0.000 r  sys_clk_p (IN)
                         net (fo=0)                   0.001     0.001    u_ddr4/inst/u_ddr4_mem_intfc/u_mig_ddr4_phy/inst/u_ddr4_phy_pll/diff_input_clk.u_ibufg_sys_clk/I
    HPIOBDIFFINBUF_X1Y35 DIFFINBUF (Prop_DIFFINBUF_HPIOBDIFFINBUF_DIFF_IN_P_O)
                                                      0.534     0.535 r  u_ddr4/inst/u_ddr4_mem_intfc/u_mig_ddr4_phy/inst/u_ddr4_phy_pll/diff_input_clk.u_ibufg_sys_clk/DIFFINBUF_INST/O
                         net (fo=1, routed)           0.090     0.625    u_ddr4/inst/u_ddr4_mem_intfc/u_mig_ddr4_phy/inst/u_ddr4_phy_pll/diff_input_clk.u_ibufg_sys_clk/OUT
    AK17                 IBUFCTRL (Prop_IBUFCTRL_HPIOB_I_O)
                                                      0.000     0.625 r  u_ddr4/inst/u_ddr4_mem_intfc/u_mig_ddr4_phy/inst/u_ddr4_phy_pll/diff_input_clk.u_ibufg_sys_clk/IBUFCTRL_INST/O
                         net (fo=2, routed)           0.865     1.490    u_ddr4/inst/u_ddr4_infrastructure/mmcm_clk_in
    MMCME3_ADV_X1Y1      MMCME3_ADV (Prop_MMCME3_ADV_CLKIN1_CLKOUT1)
                                                     -0.121     1.369 r  u_ddr4/inst/u_ddr4_infrastructure/gen_mmcme3.u_mmcme_adv_inst/CLKOUT1
                         net (fo=1, routed)           0.437     1.806    u_ddr4/inst/u_ddr4_infrastructure/mmcm_clkout1
    BUFGCE_X1Y30         BUFGCE (Prop_BUFCE_BUFGCE_I_O)
                                                      0.083     1.889 r  u_ddr4/inst/u_ddr4_infrastructure/u_bufg_addn_ui_clk_1/O
                         net (fo=1, routed)           1.556     3.445    u_net_clock/inst/clk_in1
    MMCME3_ADV_X1Y2      MMCME3_ADV (Prop_MMCME3_ADV_CLKIN1_CLKOUT0)
                                                     -0.121     3.324 r  u_net_clock/inst/mmcme3_adv_inst/CLKOUT0
                         net (fo=1, routed)           0.437     3.761    u_net_clock/inst/clk_out1_hdmi_net_clock
    BUFGCE_X1Y63         BUFGCE (Prop_BUFCE_BUFGCE_I_O)
                                                      0.083     3.844 r  u_net_clock/inst/clkout1_buf/O
    X2Y2 (CLOCK_ROOT)    net (fo=200888, routed)      2.238     6.082    rn/u_reset/dest_clk
    SLICE_X82Y165        FDCE                                         r  rn/u_reset/arststages_ff_reg[3]/C
  -------------------------------------------------------------------    -------------------
    SLICE_X82Y165        FDCE (Prop_CFF2_SLICEM_C_Q)
                                                      0.117     6.199 r  rn/u_reset/arststages_ff_reg[3]/Q
                         net (fo=279, routed)         6.243    12.442    u_network/u_features/u_patch/lopt
    SLICE_X96Y5          LUT2 (Prop_C6LUT_SLICEL_I0_O)
                                                      0.130    12.572 r  u_network/u_features/u_patch/sum_l2[3][17]_i_1/O
                         net (fo=312, routed)         2.866    15.438    u_network/u_features/u_patch/borrow_l2[0]
    SLICE_X80Y26         FDRE                                         r  u_network/u_features/u_patch/sum_l2_reg[10][10]/CE
  -------------------------------------------------------------------    -------------------

                         (clock clk_out1_hdmi_net_clock rise edge)
                                                      9.996     9.996 r  
    AK17                                              0.000     9.996 r  sys_clk_p (IN)
                         net (fo=0)                   0.001     9.997    u_ddr4/inst/u_ddr4_mem_intfc/u_mig_ddr4_phy/inst/u_ddr4_phy_pll/diff_input_clk.u_ibufg_sys_clk/I
    HPIOBDIFFINBUF_X1Y35 DIFFINBUF (Prop_DIFFINBUF_HPIOBDIFFINBUF_DIFF_IN_P_O)
                                                      0.377    10.374 r  u_ddr4/inst/u_ddr4_mem_intfc/u_mig_ddr4_phy/inst/u_ddr4_phy_pll/diff_input_clk.u_ibufg_sys_clk/DIFFINBUF_INST/O
                         net (fo=1, routed)           0.051    10.425    u_ddr4/inst/u_ddr4_mem_intfc/u_mig_ddr4_phy/inst/u_ddr4_phy_pll/diff_input_clk.u_ibufg_sys_clk/OUT
    AK17                 IBUFCTRL (Prop_IBUFCTRL_HPIOB_I_O)
                                                      0.000    10.425 r  u_ddr4/inst/u_ddr4_mem_intfc/u_mig_ddr4_phy/inst/u_ddr4_phy_pll/diff_input_clk.u_ibufg_sys_clk/IBUFCTRL_INST/O
                         net (fo=2, routed)           0.778    11.203    u_ddr4/inst/u_ddr4_infrastructure/mmcm_clk_in
    MMCME3_ADV_X1Y1      MMCME3_ADV (Prop_MMCME3_ADV_CLKIN1_CLKOUT1)
                                                      0.445    11.648 r  u_ddr4/inst/u_ddr4_infrastructure/gen_mmcme3.u_mmcme_adv_inst/CLKOUT1
                         net (fo=1, routed)           0.372    12.020    u_ddr4/inst/u_ddr4_infrastructure/mmcm_clkout1
    BUFGCE_X1Y30         BUFGCE (Prop_BUFCE_BUFGCE_I_O)
                                                      0.075    12.095 r  u_ddr4/inst/u_ddr4_infrastructure/u_bufg_addn_ui_clk_1/O
                         net (fo=1, routed)           1.406    13.501    u_net_clock/inst/clk_in1
    MMCME3_ADV_X1Y2      MMCME3_ADV (Prop_MMCME3_ADV_CLKIN1_CLKOUT0)
                                                      0.445    13.946 r  u_net_clock/inst/mmcme3_adv_inst/CLKOUT0
                         net (fo=1, routed)           0.372    14.318    u_net_clock/inst/clk_out1_hdmi_net_clock
    BUFGCE_X1Y63         BUFGCE (Prop_BUFCE_BUFGCE_I_O)
                                                      0.075    14.393 r  u_net_clock/inst/clkout1_buf/O
    X2Y2 (CLOCK_ROOT)    net (fo=200888, routed)      1.955    16.348    u_network/u_features/u_patch/clk
    SLICE_X80Y26         FDRE                                         r  u_network/u_features/u_patch/sum_l2_reg[10][10]/C
                         clock pessimism             -0.527    15.821    
                         clock uncertainty           -0.087    15.734    
    SLICE_X80Y26         FDRE (Setup_CFF_SLICEL_C_CE)
                                                     -0.047    15.687    u_network/u_features/u_patch/sum_l2_reg[10][10]
  -------------------------------------------------------------------
                         required time                         15.687    
                         arrival time                         -15.438    
  -------------------------------------------------------------------
                         slack                                  0.249    





Min Delay Paths
--------------------------------------------------------------------------------------
Slack (MET) :             0.030ns  (arrival time - required time)
  Source:                 u_network/u_features/u_block2/u_sx/GS.u/b_data_reg[39]/C
                            (rising edge-triggered cell FDRE clocked by clk_out1_hdmi_net_clock  {rise@0.000ns fall@4.998ns period=9.996ns})
  Destination:            u_network/u_features/u_block2/u_tail/u_both_ssm/u_spa_ssm/GS_FUSED.u/u_b_record_bram/GEN_BRAM_256.u_bram/U0/inst_blk_mem_gen/gnbram.gnativebmg.native_blk_mem_gen/valid.cstr/ramloop[0].ram.r/prim_noinit.ram/DEVICE_8SERIES.NO_BMM_INFO.SDP.WIDE_PRIM36_NO_ECC.ram/DINBDIN[3]
                            (rising edge-triggered cell RAMB36E2 clocked by clk_out1_hdmi_net_clock  {rise@0.000ns fall@4.998ns period=9.996ns})
  Path Group:             clk_out1_hdmi_net_clock
  Path Type:              Hold (Min at Fast Process Corner)
  Requirement:            0.000ns  (clk_out1_hdmi_net_clock rise@0.000ns - clk_out1_hdmi_net_clock rise@0.000ns)
  Data Path Delay:        0.184ns  (logic 0.048ns (26.087%)  route 0.136ns (73.913%))
  Logic Levels:           0  
  Clock Path Skew:        0.125ns (DCD - SCD - CPR)
    Destination Clock Delay (DCD):    2.887ns
    Source Clock Delay      (SCD):    3.158ns
    Clock Pessimism Removal (CPR):    -0.396ns
  Clock Net Delay (Source):      0.931ns (routing 0.127ns, distribution 0.804ns)
  Clock Net Delay (Destination): 1.157ns (routing 0.142ns, distribution 1.015ns)

    Location             Delay type                Incr(ns)  Path(ns)    Netlist Resource(s)
  -------------------------------------------------------------------    -------------------
                         (clock clk_out1_hdmi_net_clock rise edge)
                                                      0.000     0.000 r  
    AK17                                              0.000     0.000 r  sys_clk_p (IN)
                         net (fo=0)                   0.001     0.001    u_ddr4/inst/u_ddr4_mem_intfc/u_mig_ddr4_phy/inst/u_ddr4_phy_pll/diff_input_clk.u_ibufg_sys_clk/I
    HPIOBDIFFINBUF_X1Y35 DIFFINBUF (Prop_DIFFINBUF_HPIOBDIFFINBUF_DIFF_IN_P_O)
                                                      0.238     0.239 r  u_ddr4/inst/u_ddr4_mem_intfc/u_mig_ddr4_phy/inst/u_ddr4_phy_pll/diff_input_clk.u_ibufg_sys_clk/DIFFINBUF_INST/O
                         net (fo=1, routed)           0.028     0.267    u_ddr4/inst/u_ddr4_mem_intfc/u_mig_ddr4_phy/inst/u_ddr4_phy_pll/diff_input_clk.u_ibufg_sys_clk/OUT
    AK17                 IBUFCTRL (Prop_IBUFCTRL_HPIOB_I_O)
                                                      0.000     0.267 r  u_ddr4/inst/u_ddr4_mem_intfc/u_mig_ddr4_phy/inst/u_ddr4_phy_pll/diff_input_clk.u_ibufg_sys_clk/IBUFCTRL_INST/O
                         net (fo=2, routed)           0.405     0.672    u_ddr4/inst/u_ddr4_infrastructure/mmcm_clk_in
    MMCME3_ADV_X1Y1      MMCME3_ADV (Prop_MMCME3_ADV_CLKIN1_CLKOUT1)
                                                      0.270     0.942 r  u_ddr4/inst/u_ddr4_infrastructure/gen_mmcme3.u_mmcme_adv_inst/CLKOUT1
                         net (fo=1, routed)           0.167     1.109    u_ddr4/inst/u_ddr4_infrastructure/mmcm_clkout1
    BUFGCE_X1Y30         BUFGCE (Prop_BUFCE_BUFGCE_I_O)
                                                      0.027     1.136 r  u_ddr4/inst/u_ddr4_infrastructure/u_bufg_addn_ui_clk_1/O
                         net (fo=1, routed)           0.627     1.763    u_net_clock/inst/clk_in1
    MMCME3_ADV_X1Y2      MMCME3_ADV (Prop_MMCME3_ADV_CLKIN1_CLKOUT0)
                                                      0.270     2.033 r  u_net_clock/inst/mmcme3_adv_inst/CLKOUT0
                         net (fo=1, routed)           0.167     2.200    u_net_clock/inst/clk_out1_hdmi_net_clock
    BUFGCE_X1Y63         BUFGCE (Prop_BUFCE_BUFGCE_I_O)
                                                      0.027     2.227 r  u_net_clock/inst/clkout1_buf/O
    X2Y2 (CLOCK_ROOT)    net (fo=200888, routed)      0.931     3.158    u_network/u_features/u_block2/u_sx/GS.u/clk
    SLICE_X46Y271        FDRE                                         r  u_network/u_features/u_block2/u_sx/GS.u/b_data_reg[39]/C
  -------------------------------------------------------------------    -------------------
    SLICE_X46Y271        FDRE (Prop_HFF_SLICEL_C_Q)
                                                      0.048     3.206 r  u_network/u_features/u_block2/u_sx/GS.u/b_data_reg[39]/Q
                         net (fo=2, routed)           0.136     3.342    u_network/u_features/u_block2/u_tail/u_both_ssm/u_spa_ssm/GS_FUSED.u/u_b_record_bram/GEN_BRAM_256.u_bram/U0/inst_blk_mem_gen/gnbram.gnativebmg.native_blk_mem_gen/valid.cstr/ramloop[0].ram.r/prim_noinit.ram/dina[39]
    RAMB36_X5Y53         RAMB36E2                                     r  u_network/u_features/u_block2/u_tail/u_both_ssm/u_spa_ssm/GS_FUSED.u/u_b_record_bram/GEN_BRAM_256.u_bram/U0/inst_blk_mem_gen/gnbram.gnativebmg.native_blk_mem_gen/valid.cstr/ramloop[0].ram.r/prim_noinit.ram/DEVICE_8SERIES.NO_BMM_INFO.SDP.WIDE_PRIM36_NO_ECC.ram/DINBDIN[3]
  -------------------------------------------------------------------    -------------------

                         (clock clk_out1_hdmi_net_clock rise edge)
                                                      0.000     0.000 r  
    AK17                                              0.000     0.000 r  sys_clk_p (IN)
                         net (fo=0)                   0.001     0.001    u_ddr4/inst/u_ddr4_mem_intfc/u_mig_ddr4_phy/inst/u_ddr4_phy_pll/diff_input_clk.u_ibufg_sys_clk/I
    HPIOBDIFFINBUF_X1Y35 DIFFINBUF (Prop_DIFFINBUF_HPIOBDIFFINBUF_DIFF_IN_P_O)
                                                      0.421     0.422 r  u_ddr4/inst/u_ddr4_mem_intfc/u_mig_ddr4_phy/inst/u_ddr4_phy_pll/diff_input_clk.u_ibufg_sys_clk/DIFFINBUF_INST/O
                         net (fo=1, routed)           0.048     0.470    u_ddr4/inst/u_ddr4_mem_intfc/u_mig_ddr4_phy/inst/u_ddr4_phy_pll/diff_input_clk.u_ibufg_sys_clk/OUT
    AK17                 IBUFCTRL (Prop_IBUFCTRL_HPIOB_I_O)
                                                      0.000     0.470 r  u_ddr4/inst/u_ddr4_mem_intfc/u_mig_ddr4_phy/inst/u_ddr4_phy_pll/diff_input_clk.u_ibufg_sys_clk/IBUFCTRL_INST/O
                         net (fo=2, routed)           0.457     0.927    u_ddr4/inst/u_ddr4_infrastructure/mmcm_clk_in
    MMCME3_ADV_X1Y1      MMCME3_ADV (Prop_MMCME3_ADV_CLKIN1_CLKOUT1)
                                                     -0.207     0.720 r  u_ddr4/inst/u_ddr4_infrastructure/gen_mmcme3.u_mmcme_adv_inst/CLKOUT1
                         net (fo=1, routed)           0.209     0.929    u_ddr4/inst/u_ddr4_infrastructure/mmcm_clkout1
    BUFGCE_X1Y30         BUFGCE (Prop_BUFCE_BUFGCE_I_O)
                                                      0.031     0.960 r  u_ddr4/inst/u_ddr4_infrastructure/u_bufg_addn_ui_clk_1/O
                         net (fo=1, routed)           0.737     1.697    u_net_clock/inst/clk_in1
    MMCME3_ADV_X1Y2      MMCME3_ADV (Prop_MMCME3_ADV_CLKIN1_CLKOUT0)
                                                     -0.207     1.490 r  u_net_clock/inst/mmcme3_adv_inst/CLKOUT0
                         net (fo=1, routed)           0.209     1.699    u_net_clock/inst/clk_out1_hdmi_net_clock
    BUFGCE_X1Y63         BUFGCE (Prop_BUFCE_BUFGCE_I_O)
                                                      0.031     1.730 r  u_net_clock/inst/clkout1_buf/O
    X2Y2 (CLOCK_ROOT)    net (fo=200888, routed)      1.157     2.887    u_network/u_features/u_block2/u_tail/u_both_ssm/u_spa_ssm/GS_FUSED.u/u_b_record_bram/GEN_BRAM_256.u_bram/U0/inst_blk_mem_gen/gnbram.gnativebmg.native_blk_mem_gen/valid.cstr/ramloop[0].ram.r/prim_noinit.ram/clka
    RAMB36_X5Y53         RAMB36E2                                     r  u_network/u_features/u_block2/u_tail/u_both_ssm/u_spa_ssm/GS_FUSED.u/u_b_record_bram/GEN_BRAM_256.u_bram/U0/inst_blk_mem_gen/gnbram.gnativebmg.native_blk_mem_gen/valid.cstr/ramloop[0].ram.r/prim_noinit.ram/DEVICE_8SERIES.NO_BMM_INFO.SDP.WIDE_PRIM36_NO_ECC.ram/CLKBWRCLK
                         clock pessimism              0.396     3.283    
    RAMB36_X5Y53         RAMB36E2 (Hold_RAMB36E2_RAMB36_CLKBWRCLK_DINBDIN[3])
                                                      0.029     3.312    u_network/u_features/u_block2/u_tail/u_both_ssm/u_spa_ssm/GS_FUSED.u/u_b_record_bram/GEN_BRAM_256.u_bram/U0/inst_blk_mem_gen/gnbram.gnativebmg.native_blk_mem_gen/valid.cstr/ramloop[0].ram.r/prim_noinit.ram/DEVICE_8SERIES.NO_BMM_INFO.SDP.WIDE_PRIM36_NO_ECC.ram
  -------------------------------------------------------------------
                         required time                         -3.312    
                         arrival time                           3.342    
  -------------------------------------------------------------------
                         slack                                  0.030    





Pulse Width Checks
--------------------------------------------------------------------------------------
Clock Name:         clk_out1_hdmi_net_clock
Waveform(ns):       { 0.000 4.998 }
Period(ns):         9.996
Sources:            { u_net_clock/inst/mmcme3_adv_inst/CLKOUT0 }

Check Type        Corner  Lib Pin             Reference Pin  Required(ns)  Actual(ns)  Slack(ns)  Location       Pin
Min Period        n/a     RAMB36E2/CLKARDCLK  n/a            1.961         9.996       8.035      RAMB36_X13Y21  u_network/u_features/u_block0/u_tail/u_both_ssm/u_spe_ssm/G0_FUSED.u/G_FRAME_RECORD_INPUT.u_b_record_bram/GEN_BRAM_1024.u_bram/U0/inst_blk_mem_gen/gnbram.gnativebmg.native_blk_mem_gen/valid.cstr/ramloop[0].ram.r/prim_noinit.ram/DEVICE_8SERIES.NO_BMM_INFO.SDP.SIMPLE_PRIM36.ram/CLKARDCLK
Low Pulse Width   Slow    RAMB36E2/CLKARDCLK  n/a            0.980         4.998       4.018      RAMB36_X13Y21  u_network/u_features/u_block0/u_tail/u_both_ssm/u_spe_ssm/G0_FUSED.u/G_FRAME_RECORD_INPUT.u_b_record_bram/GEN_BRAM_1024.u_bram/U0/inst_blk_mem_gen/gnbram.gnativebmg.native_blk_mem_gen/valid.cstr/ramloop[0].ram.r/prim_noinit.ram/DEVICE_8SERIES.NO_BMM_INFO.SDP.SIMPLE_PRIM36.ram/CLKARDCLK
High Pulse Width  Slow    RAMB36E2/CLKARDCLK  n/a            0.980         4.998       4.018      RAMB36_X13Y21  u_network/u_features/u_block0/u_tail/u_both_ssm/u_spe_ssm/G0_FUSED.u/G_FRAME_RECORD_INPUT.u_b_record_bram/GEN_BRAM_1024.u_bram/U0/inst_blk_mem_gen/gnbram.gnativebmg.native_blk_mem_gen/valid.cstr/ramloop[0].ram.r/prim_noinit.ram/DEVICE_8SERIES.NO_BMM_INFO.SDP.SIMPLE_PRIM36.ram/CLKARDCLK



---------------------------------------------------------------------------------------------------
From Clock:  mmcm_clkout2
  To Clock:  mmcm_clkout2

Setup :            0  Failing Endpoints,  Worst Slack        5.378ns,  Total Violation        0.000ns
Hold  :            0  Failing Endpoints,  Worst Slack        0.046ns,  Total Violation        0.000ns
PW    :            0  Failing Endpoints,  Worst Slack        5.810ns,  Total Violation        0.000ns
---------------------------------------------------------------------------------------------------


Max Delay Paths
--------------------------------------------------------------------------------------
Slack (MET) :             5.378ns  (required time - arrival time)
  Source:                 u_output/u_scan/h_reg[0]/C
                            (rising edge-triggered cell FDRE clocked by mmcm_clkout2  {rise@0.000ns fall@6.664ns period=13.328ns})
  Destination:            u_output/u_scan/rgb_reg[20]/D
                            (rising edge-triggered cell FDRE clocked by mmcm_clkout2  {rise@0.000ns fall@6.664ns period=13.328ns})
  Path Group:             mmcm_clkout2
  Path Type:              Setup (Max at Slow Process Corner)
  Requirement:            13.328ns  (mmcm_clkout2 rise@13.328ns - mmcm_clkout2 rise@0.000ns)
  Data Path Delay:        7.827ns  (logic 1.294ns (16.533%)  route 6.533ns (83.467%))
  Logic Levels:           10  (LUT2=2 LUT5=1 LUT6=6 RAMD32=1)
  Clock Path Skew:        -0.112ns (DCD - SCD + CPR)
    Destination Clock Delay (DCD):    3.878ns = ( 17.206 - 13.328 ) 
    Source Clock Delay      (SCD):    3.879ns
    Clock Pessimism Removal (CPR):    -0.110ns
  Clock Uncertainty:      0.070ns  ((TSJ^2 + DJ^2)^1/2) / 2 + PE
    Total System Jitter     (TSJ):    0.071ns
    Discrete Jitter          (DJ):    0.121ns
    Phase Error              (PE):    0.000ns
  Clock Net Delay (Source):      1.990ns (routing 0.718ns, distribution 1.272ns)
  Clock Net Delay (Destination): 1.779ns (routing 0.662ns, distribution 1.117ns)

    Location             Delay type                Incr(ns)  Path(ns)    Netlist Resource(s)
  -------------------------------------------------------------------    -------------------
                         (clock mmcm_clkout2 rise edge)
                                                      0.000     0.000 r  
    AK17                                              0.000     0.000 r  sys_clk_p (IN)
                         net (fo=0)                   0.001     0.001    u_ddr4/inst/u_ddr4_mem_intfc/u_mig_ddr4_phy/inst/u_ddr4_phy_pll/diff_input_clk.u_ibufg_sys_clk/I
    HPIOBDIFFINBUF_X1Y35 DIFFINBUF (Prop_DIFFINBUF_HPIOBDIFFINBUF_DIFF_IN_P_O)
                                                      0.534     0.535 r  u_ddr4/inst/u_ddr4_mem_intfc/u_mig_ddr4_phy/inst/u_ddr4_phy_pll/diff_input_clk.u_ibufg_sys_clk/DIFFINBUF_INST/O
                         net (fo=1, routed)           0.090     0.625    u_ddr4/inst/u_ddr4_mem_intfc/u_mig_ddr4_phy/inst/u_ddr4_phy_pll/diff_input_clk.u_ibufg_sys_clk/OUT
    AK17                 IBUFCTRL (Prop_IBUFCTRL_HPIOB_I_O)
                                                      0.000     0.625 r  u_ddr4/inst/u_ddr4_mem_intfc/u_mig_ddr4_phy/inst/u_ddr4_phy_pll/diff_input_clk.u_ibufg_sys_clk/IBUFCTRL_INST/O
                         net (fo=2, routed)           0.865     1.490    u_ddr4/inst/u_ddr4_infrastructure/mmcm_clk_in
    MMCME3_ADV_X1Y1      MMCME3_ADV (Prop_MMCME3_ADV_CLKIN1_CLKOUT2)
                                                     -0.121     1.369 r  u_ddr4/inst/u_ddr4_infrastructure/gen_mmcme3.u_mmcme_adv_inst/CLKOUT2
                         net (fo=1, routed)           0.437     1.806    u_ddr4/inst/u_ddr4_infrastructure/mmcm_clkout2
    BUFGCE_X1Y29         BUFGCE (Prop_BUFCE_BUFGCE_I_O)
                                                      0.083     1.889 r  u_ddr4/inst/u_ddr4_infrastructure/u_bufg_addn_ui_clk_2/O
    X3Y1 (CLOCK_ROOT)    net (fo=767, routed)         1.990     3.879    u_output/u_scan/CLK
    SLICE_X83Y92         FDRE                                         r  u_output/u_scan/h_reg[0]/C
  -------------------------------------------------------------------    -------------------
    SLICE_X83Y92         FDRE (Prop_DFF2_SLICEM_C_Q)
                                                      0.117     3.996 f  u_output/u_scan/h_reg[0]/Q
                         net (fo=24, routed)          0.488     4.484    u_output/u_scan/h_reg[0]
    SLICE_X85Y88         LUT2 (Prop_D5LUT_SLICEM_I1_O)
                                                      0.210     4.694 f  u_output/u_scan/lines_reg_0_15_0_13_i_17/O
                         net (fo=1, routed)           0.316     5.010    u_output/u_scan/lines_reg_0_15_0_13_i_17_n_0
    SLICE_X86Y89         LUT6 (Prop_G6LUT_SLICEL_I3_O)
                                                      0.071     5.081 r  u_output/u_scan/lines_reg_0_15_0_13_i_14/O
                         net (fo=2, routed)           0.205     5.286    u_output/u_scan/lines_reg_0_15_0_13_i_14_n_0
    SLICE_X86Y89         LUT6 (Prop_H6LUT_SLICEL_I3_O)
                                                      0.172     5.458 r  u_output/u_scan/lines_reg_0_15_0_13_i_11/O
                         net (fo=1, routed)           0.223     5.681    u_output/u_scan/lines_reg_0_15_0_13_i_11_n_0
    SLICE_X86Y90         LUT6 (Prop_B6LUT_SLICEL_I5_O)
                                                      0.071     5.752 r  u_output/u_scan/lines_reg_0_15_0_13_i_2/O
                         net (fo=518, routed)         1.383     7.135    u_output/u_scan/lines_reg_0_15_126_139/ADDRD3
    SLICE_X76Y71         RAMD32 (Prop_D5LUT_SLICEM_RADR3_O)
                                                      0.136     7.271 f  u_output/u_scan/lines_reg_0_15_126_139/RAMD/O
                         net (fo=1, routed)           0.426     7.697    u_output/u_scan/id0[132]
    SLICE_X77Y81         LUT6 (Prop_H6LUT_SLICEM_I1_O)
                                                      0.137     7.834 r  u_output/u_scan/rgb[13]_i_12/O
                         net (fo=2, routed)           0.790     8.624    u_output/u_scan/rgb[13]_i_12_n_0
    SLICE_X73Y90         LUT6 (Prop_F6LUT_SLICEM_I0_O)
                                                      0.137     8.761 r  u_output/u_scan/rgb[23]_i_32/O
                         net (fo=1, routed)           0.685     9.446    u_output/u_scan/rgb[23]_i_32_n_0
    SLICE_X81Y88         LUT6 (Prop_G6LUT_SLICEL_I1_O)
                                                      0.040     9.486 r  u_output/u_scan/rgb[23]_i_11/O
                         net (fo=4, routed)           0.430     9.916    u_output/u_scan/rgb[23]_i_11_n_0
    SLICE_X85Y91         LUT2 (Prop_E6LUT_SLICEM_I1_O)
                                                      0.072     9.988 f  u_output/u_scan/rgb[23]_i_4/O
                         net (fo=13, routed)          0.678    10.666    u_output/u_scan/rgb[23]_i_4_n_0
    SLICE_X94Y94         LUT5 (Prop_E6LUT_SLICEL_I1_O)
                                                      0.131    10.797 r  u_output/u_scan/rgb[20]_i_1/O
                         net (fo=3, routed)           0.909    11.706    u_output/u_scan/rgb[20]_i_1_n_0
    SLICE_X95Y80         FDRE                                         r  u_output/u_scan/rgb_reg[20]/D
  -------------------------------------------------------------------    -------------------

                         (clock mmcm_clkout2 rise edge)
                                                     13.328    13.328 r  
    AK17                                              0.000    13.328 r  sys_clk_p (IN)
                         net (fo=0)                   0.001    13.329    u_ddr4/inst/u_ddr4_mem_intfc/u_mig_ddr4_phy/inst/u_ddr4_phy_pll/diff_input_clk.u_ibufg_sys_clk/I
    HPIOBDIFFINBUF_X1Y35 DIFFINBUF (Prop_DIFFINBUF_HPIOBDIFFINBUF_DIFF_IN_P_O)
                                                      0.377    13.706 r  u_ddr4/inst/u_ddr4_mem_intfc/u_mig_ddr4_phy/inst/u_ddr4_phy_pll/diff_input_clk.u_ibufg_sys_clk/DIFFINBUF_INST/O
                         net (fo=1, routed)           0.051    13.757    u_ddr4/inst/u_ddr4_mem_intfc/u_mig_ddr4_phy/inst/u_ddr4_phy_pll/diff_input_clk.u_ibufg_sys_clk/OUT
    AK17                 IBUFCTRL (Prop_IBUFCTRL_HPIOB_I_O)
                                                      0.000    13.757 r  u_ddr4/inst/u_ddr4_mem_intfc/u_mig_ddr4_phy/inst/u_ddr4_phy_pll/diff_input_clk.u_ibufg_sys_clk/IBUFCTRL_INST/O
                         net (fo=2, routed)           0.778    14.535    u_ddr4/inst/u_ddr4_infrastructure/mmcm_clk_in
    MMCME3_ADV_X1Y1      MMCME3_ADV (Prop_MMCME3_ADV_CLKIN1_CLKOUT2)
                                                      0.445    14.980 r  u_ddr4/inst/u_ddr4_infrastructure/gen_mmcme3.u_mmcme_adv_inst/CLKOUT2
                         net (fo=1, routed)           0.372    15.352    u_ddr4/inst/u_ddr4_infrastructure/mmcm_clkout2
    BUFGCE_X1Y29         BUFGCE (Prop_BUFCE_BUFGCE_I_O)
                                                      0.075    15.427 r  u_ddr4/inst/u_ddr4_infrastructure/u_bufg_addn_ui_clk_2/O
    X3Y1 (CLOCK_ROOT)    net (fo=767, routed)         1.779    17.206    u_output/u_scan/CLK
    SLICE_X95Y80         FDRE                                         r  u_output/u_scan/rgb_reg[20]/C
                         clock pessimism             -0.110    17.095    
                         clock uncertainty           -0.070    17.025    
    SLICE_X95Y80         FDRE (Setup_AFF_SLICEM_C_D)
                                                      0.059    17.084    u_output/u_scan/rgb_reg[20]
  -------------------------------------------------------------------
                         required time                         17.084    
                         arrival time                         -11.706    
  -------------------------------------------------------------------
                         slack                                  5.378    





Min Delay Paths
--------------------------------------------------------------------------------------
Slack (MET) :             0.046ns  (arrival time - required time)
  Source:                 u_output/u_scan/h_reg[3]/C
                            (rising edge-triggered cell FDRE clocked by mmcm_clkout2  {rise@0.000ns fall@6.664ns period=13.328ns})
  Destination:            u_output/u_scan/hs_reg/D
                            (rising edge-triggered cell FDSE clocked by mmcm_clkout2  {rise@0.000ns fall@6.664ns period=13.328ns})
  Path Group:             mmcm_clkout2
  Path Type:              Hold (Min at Fast Process Corner)
  Requirement:            0.000ns  (mmcm_clkout2 rise@0.000ns - mmcm_clkout2 rise@0.000ns)
  Data Path Delay:        0.183ns  (logic 0.087ns (47.541%)  route 0.096ns (52.459%))
  Logic Levels:           1  (LUT4=1)
  Clock Path Skew:        0.081ns (DCD - SCD - CPR)
    Destination Clock Delay (DCD):    1.960ns
    Source Clock Delay      (SCD):    1.975ns
    Clock Pessimism Removal (CPR):    -0.095ns
  Clock Net Delay (Source):      0.839ns (routing 0.330ns, distribution 0.509ns)
  Clock Net Delay (Destination): 1.000ns (routing 0.366ns, distribution 0.634ns)

    Location             Delay type                Incr(ns)  Path(ns)    Netlist Resource(s)
  -------------------------------------------------------------------    -------------------
                         (clock mmcm_clkout2 rise edge)
                                                      0.000     0.000 r  
    AK17                                              0.000     0.000 r  sys_clk_p (IN)
                         net (fo=0)                   0.001     0.001    u_ddr4/inst/u_ddr4_mem_intfc/u_mig_ddr4_phy/inst/u_ddr4_phy_pll/diff_input_clk.u_ibufg_sys_clk/I
    HPIOBDIFFINBUF_X1Y35 DIFFINBUF (Prop_DIFFINBUF_HPIOBDIFFINBUF_DIFF_IN_P_O)
                                                      0.238     0.239 r  u_ddr4/inst/u_ddr4_mem_intfc/u_mig_ddr4_phy/inst/u_ddr4_phy_pll/diff_input_clk.u_ibufg_sys_clk/DIFFINBUF_INST/O
                         net (fo=1, routed)           0.028     0.267    u_ddr4/inst/u_ddr4_mem_intfc/u_mig_ddr4_phy/inst/u_ddr4_phy_pll/diff_input_clk.u_ibufg_sys_clk/OUT
    AK17                 IBUFCTRL (Prop_IBUFCTRL_HPIOB_I_O)
                                                      0.000     0.267 r  u_ddr4/inst/u_ddr4_mem_intfc/u_mig_ddr4_phy/inst/u_ddr4_phy_pll/diff_input_clk.u_ibufg_sys_clk/IBUFCTRL_INST/O
                         net (fo=2, routed)           0.405     0.672    u_ddr4/inst/u_ddr4_infrastructure/mmcm_clk_in
    MMCME3_ADV_X1Y1      MMCME3_ADV (Prop_MMCME3_ADV_CLKIN1_CLKOUT2)
                                                      0.270     0.942 r  u_ddr4/inst/u_ddr4_infrastructure/gen_mmcme3.u_mmcme_adv_inst/CLKOUT2
                         net (fo=1, routed)           0.167     1.109    u_ddr4/inst/u_ddr4_infrastructure/mmcm_clkout2
    BUFGCE_X1Y29         BUFGCE (Prop_BUFCE_BUFGCE_I_O)
                                                      0.027     1.136 r  u_ddr4/inst/u_ddr4_infrastructure/u_bufg_addn_ui_clk_2/O
    X3Y1 (CLOCK_ROOT)    net (fo=767, routed)         0.839     1.975    u_output/u_scan/CLK
    SLICE_X84Y90         FDRE                                         r  u_output/u_scan/h_reg[3]/C
  -------------------------------------------------------------------    -------------------
    SLICE_X84Y90         FDRE (Prop_DFF2_SLICEL_C_Q)
                                                      0.049     2.024 r  u_output/u_scan/h_reg[3]/Q
                         net (fo=20, routed)          0.085     2.109    u_output/u_scan/h_reg[3]
    SLICE_X86Y90         LUT4 (Prop_C5LUT_SLICEL_I1_O)
                                                      0.038     2.147 r  u_output/u_scan/hs_i_1/O
                         net (fo=1, routed)           0.011     2.158    u_output/u_scan/p_1_in
    SLICE_X86Y90         FDSE                                         r  u_output/u_scan/hs_reg/D
  -------------------------------------------------------------------    -------------------

                         (clock mmcm_clkout2 rise edge)
                                                      0.000     0.000 r  
    AK17                                              0.000     0.000 r  sys_clk_p (IN)
                         net (fo=0)                   0.001     0.001    u_ddr4/inst/u_ddr4_mem_intfc/u_mig_ddr4_phy/inst/u_ddr4_phy_pll/diff_input_clk.u_ibufg_sys_clk/I
    HPIOBDIFFINBUF_X1Y35 DIFFINBUF (Prop_DIFFINBUF_HPIOBDIFFINBUF_DIFF_IN_P_O)
                                                      0.421     0.422 r  u_ddr4/inst/u_ddr4_mem_intfc/u_mig_ddr4_phy/inst/u_ddr4_phy_pll/diff_input_clk.u_ibufg_sys_clk/DIFFINBUF_INST/O
                         net (fo=1, routed)           0.048     0.470    u_ddr4/inst/u_ddr4_mem_intfc/u_mig_ddr4_phy/inst/u_ddr4_phy_pll/diff_input_clk.u_ibufg_sys_clk/OUT
    AK17                 IBUFCTRL (Prop_IBUFCTRL_HPIOB_I_O)
                                                      0.000     0.470 r  u_ddr4/inst/u_ddr4_mem_intfc/u_mig_ddr4_phy/inst/u_ddr4_phy_pll/diff_input_clk.u_ibufg_sys_clk/IBUFCTRL_INST/O
                         net (fo=2, routed)           0.457     0.927    u_ddr4/inst/u_ddr4_infrastructure/mmcm_clk_in
    MMCME3_ADV_X1Y1      MMCME3_ADV (Prop_MMCME3_ADV_CLKIN1_CLKOUT2)
                                                     -0.207     0.720 r  u_ddr4/inst/u_ddr4_infrastructure/gen_mmcme3.u_mmcme_adv_inst/CLKOUT2
                         net (fo=1, routed)           0.209     0.929    u_ddr4/inst/u_ddr4_infrastructure/mmcm_clkout2
    BUFGCE_X1Y29         BUFGCE (Prop_BUFCE_BUFGCE_I_O)
                                                      0.031     0.960 r  u_ddr4/inst/u_ddr4_infrastructure/u_bufg_addn_ui_clk_2/O
    X3Y1 (CLOCK_ROOT)    net (fo=767, routed)         1.000     1.960    u_output/u_scan/CLK
    SLICE_X86Y90         FDSE                                         r  u_output/u_scan/hs_reg/C
                         clock pessimism              0.095     2.055    
    SLICE_X86Y90         FDSE (Hold_CFF2_SLICEL_C_D)
                                                      0.056     2.111    u_output/u_scan/hs_reg
  -------------------------------------------------------------------
                         required time                         -2.111    
                         arrival time                           2.158    
  -------------------------------------------------------------------
                         slack                                  0.046    





Pulse Width Checks
--------------------------------------------------------------------------------------
Clock Name:         mmcm_clkout2
Waveform(ns):       { 0.000 6.664 }
Period(ns):         13.328
Sources:            { u_ddr4/inst/u_ddr4_infrastructure/gen_mmcme3.u_mmcme_adv_inst/CLKOUT2 }

Check Type        Corner  Lib Pin             Reference Pin  Required(ns)  Actual(ns)  Slack(ns)  Location      Pin
Min Period        n/a     RAMB18E2/CLKBWRCLK  n/a            1.709         13.328      11.619     RAMB18_X9Y42  u_output/requestq/u_fifo/gnuram_async_fifo.xpm_fifo_base_inst/gen_sdpram.xpm_memory_base_inst/gen_wr_a.gen_word_narrow.mem_reg_bram_0/CLKBWRCLK
Low Pulse Width   Slow    RAMB18E2/CLKBWRCLK  n/a            0.854         6.664       5.810      RAMB18_X9Y42  u_output/requestq/u_fifo/gnuram_async_fifo.xpm_fifo_base_inst/gen_sdpram.xpm_memory_base_inst/gen_wr_a.gen_word_narrow.mem_reg_bram_0/CLKBWRCLK
High Pulse Width  Slow    RAMB18E2/CLKBWRCLK  n/a            0.854         6.664       5.810      RAMB18_X9Y42  u_output/requestq/u_fifo/gnuram_async_fifo.xpm_fifo_base_inst/gen_sdpram.xpm_memory_base_inst/gen_wr_a.gen_word_narrow.mem_reg_bram_0/CLKBWRCLK



---------------------------------------------------------------------------------------------------
From Clock:  mmcm_clkout3
  To Clock:  mmcm_clkout3

Setup :            0  Failing Endpoints,  Worst Slack       98.303ns,  Total Violation        0.000ns
Hold  :            0  Failing Endpoints,  Worst Slack        0.053ns,  Total Violation        0.000ns
PW    :            0  Failing Endpoints,  Worst Slack       49.705ns,  Total Violation        0.000ns
---------------------------------------------------------------------------------------------------


Max Delay Paths
--------------------------------------------------------------------------------------
Slack (MET) :             98.303ns  (required time - arrival time)
  Source:                 u_config/u_i2c_dri/clk_cnt_reg[9]/C
                            (rising edge-triggered cell FDCE clocked by mmcm_clkout3  {rise@0.000ns fall@49.980ns period=99.960ns})
  Destination:            u_config/u_i2c_dri/dri_clk_reg/D
                            (rising edge-triggered cell FDCE clocked by mmcm_clkout3  {rise@0.000ns fall@49.980ns period=99.960ns})
  Path Group:             mmcm_clkout3
  Path Type:              Setup (Max at Slow Process Corner)
  Requirement:            99.960ns  (mmcm_clkout3 rise@99.960ns - mmcm_clkout3 rise@0.000ns)
  Data Path Delay:        1.512ns  (logic 0.563ns (37.235%)  route 0.949ns (62.765%))
  Logic Levels:           3  (LUT2=1 LUT5=1 LUT6=1)
  Clock Path Skew:        -0.111ns (DCD - SCD + CPR)
    Destination Clock Delay (DCD):    3.887ns = ( 103.847 - 99.960 ) 
    Source Clock Delay      (SCD):    3.890ns
    Clock Pessimism Removal (CPR):    -0.107ns
  Clock Uncertainty:      0.095ns  ((TSJ^2 + DJ^2)^1/2) / 2 + PE
    Total System Jitter     (TSJ):    0.071ns
    Discrete Jitter          (DJ):    0.176ns
    Phase Error              (PE):    0.000ns
  Clock Net Delay (Source):      2.001ns (routing 0.712ns, distribution 1.289ns)
  Clock Net Delay (Destination): 1.788ns (routing 0.656ns, distribution 1.132ns)

    Location             Delay type                Incr(ns)  Path(ns)    Netlist Resource(s)
  -------------------------------------------------------------------    -------------------
                         (clock mmcm_clkout3 rise edge)
                                                      0.000     0.000 r  
    AK17                                              0.000     0.000 r  sys_clk_p (IN)
                         net (fo=0)                   0.001     0.001    u_ddr4/inst/u_ddr4_mem_intfc/u_mig_ddr4_phy/inst/u_ddr4_phy_pll/diff_input_clk.u_ibufg_sys_clk/I
    HPIOBDIFFINBUF_X1Y35 DIFFINBUF (Prop_DIFFINBUF_HPIOBDIFFINBUF_DIFF_IN_P_O)
                                                      0.534     0.535 r  u_ddr4/inst/u_ddr4_mem_intfc/u_mig_ddr4_phy/inst/u_ddr4_phy_pll/diff_input_clk.u_ibufg_sys_clk/DIFFINBUF_INST/O
                         net (fo=1, routed)           0.090     0.625    u_ddr4/inst/u_ddr4_mem_intfc/u_mig_ddr4_phy/inst/u_ddr4_phy_pll/diff_input_clk.u_ibufg_sys_clk/OUT
    AK17                 IBUFCTRL (Prop_IBUFCTRL_HPIOB_I_O)
                                                      0.000     0.625 r  u_ddr4/inst/u_ddr4_mem_intfc/u_mig_ddr4_phy/inst/u_ddr4_phy_pll/diff_input_clk.u_ibufg_sys_clk/IBUFCTRL_INST/O
                         net (fo=2, routed)           0.865     1.490    u_ddr4/inst/u_ddr4_infrastructure/mmcm_clk_in
    MMCME3_ADV_X1Y1      MMCME3_ADV (Prop_MMCME3_ADV_CLKIN1_CLKOUT3)
                                                     -0.121     1.369 r  u_ddr4/inst/u_ddr4_infrastructure/gen_mmcme3.u_mmcme_adv_inst/CLKOUT3
                         net (fo=1, routed)           0.437     1.806    u_ddr4/inst/u_ddr4_infrastructure/mmcm_clkout3
    BUFGCE_X1Y28         BUFGCE (Prop_BUFCE_BUFGCE_I_O)
                                                      0.083     1.889 r  u_ddr4/inst/u_ddr4_infrastructure/u_bufg_addn_ui_clk_3/O
    X3Y1 (CLOCK_ROOT)    net (fo=15, routed)          2.001     3.890    u_config/u_i2c_dri/addn_ui_clkout3
    SLICE_X86Y149        FDCE                                         r  u_config/u_i2c_dri/clk_cnt_reg[9]/C
  -------------------------------------------------------------------    -------------------
    SLICE_X86Y149        FDCE (Prop_CFF_SLICEL_C_Q)
                                                      0.114     4.004 f  u_config/u_i2c_dri/clk_cnt_reg[9]/Q
                         net (fo=2, routed)           0.620     4.624    u_config/u_i2c_dri/clk_cnt[9]
    SLICE_X89Y148        LUT6 (Prop_H6LUT_SLICEM_I5_O)
                                                      0.120     4.744 f  u_config/u_i2c_dri/clk_cnt[2]_i_3/O
                         net (fo=1, routed)           0.213     4.957    u_config/u_i2c_dri/clk_cnt[2]_i_3_n_0
    SLICE_X89Y149        LUT5 (Prop_E6LUT_SLICEM_I4_O)
                                                      0.191     5.148 r  u_config/u_i2c_dri/clk_cnt[2]_i_2/O
                         net (fo=3, routed)           0.081     5.229    u_config/u_i2c_dri/dri_clk
    SLICE_X89Y149        LUT2 (Prop_H5LUT_SLICEM_I0_O)
                                                      0.138     5.367 r  u_config/u_i2c_dri/dri_clk_i_1/O
                         net (fo=1, routed)           0.035     5.402    u_config/u_i2c_dri/dri_clk_i_1_n_0
    SLICE_X89Y149        FDCE                                         r  u_config/u_i2c_dri/dri_clk_reg/D
  -------------------------------------------------------------------    -------------------

                         (clock mmcm_clkout3 rise edge)
                                                     99.960    99.960 r  
    AK17                                              0.000    99.960 r  sys_clk_p (IN)
                         net (fo=0)                   0.001    99.961    u_ddr4/inst/u_ddr4_mem_intfc/u_mig_ddr4_phy/inst/u_ddr4_phy_pll/diff_input_clk.u_ibufg_sys_clk/I
    HPIOBDIFFINBUF_X1Y35 DIFFINBUF (Prop_DIFFINBUF_HPIOBDIFFINBUF_DIFF_IN_P_O)
                                                      0.377   100.338 r  u_ddr4/inst/u_ddr4_mem_intfc/u_mig_ddr4_phy/inst/u_ddr4_phy_pll/diff_input_clk.u_ibufg_sys_clk/DIFFINBUF_INST/O
                         net (fo=1, routed)           0.051   100.389    u_ddr4/inst/u_ddr4_mem_intfc/u_mig_ddr4_phy/inst/u_ddr4_phy_pll/diff_input_clk.u_ibufg_sys_clk/OUT
    AK17                 IBUFCTRL (Prop_IBUFCTRL_HPIOB_I_O)
                                                      0.000   100.389 r  u_ddr4/inst/u_ddr4_mem_intfc/u_mig_ddr4_phy/inst/u_ddr4_phy_pll/diff_input_clk.u_ibufg_sys_clk/IBUFCTRL_INST/O
                         net (fo=2, routed)           0.778   101.167    u_ddr4/inst/u_ddr4_infrastructure/mmcm_clk_in
    MMCME3_ADV_X1Y1      MMCME3_ADV (Prop_MMCME3_ADV_CLKIN1_CLKOUT3)
                                                      0.445   101.612 r  u_ddr4/inst/u_ddr4_infrastructure/gen_mmcme3.u_mmcme_adv_inst/CLKOUT3
                         net (fo=1, routed)           0.372   101.984    u_ddr4/inst/u_ddr4_infrastructure/mmcm_clkout3
    BUFGCE_X1Y28         BUFGCE (Prop_BUFCE_BUFGCE_I_O)
                                                      0.075   102.059 r  u_ddr4/inst/u_ddr4_infrastructure/u_bufg_addn_ui_clk_3/O
    X3Y1 (CLOCK_ROOT)    net (fo=15, routed)          1.788   103.847    u_config/u_i2c_dri/addn_ui_clkout3
    SLICE_X89Y149        FDCE                                         r  u_config/u_i2c_dri/dri_clk_reg/C
                         clock pessimism             -0.107   103.740    
                         clock uncertainty           -0.095   103.645    
    SLICE_X89Y149        FDCE (Setup_HFF2_SLICEM_C_D)
                                                      0.060   103.705    u_config/u_i2c_dri/dri_clk_reg
  -------------------------------------------------------------------
                         required time                        103.705    
                         arrival time                          -5.402    
  -------------------------------------------------------------------
                         slack                                 98.303    





Min Delay Paths
--------------------------------------------------------------------------------------
Slack (MET) :             0.053ns  (arrival time - required time)
  Source:                 u_config/u_i2c_dri/clk_cnt_reg[7]/C
                            (rising edge-triggered cell FDCE clocked by mmcm_clkout3  {rise@0.000ns fall@49.980ns period=99.960ns})
  Destination:            u_config/u_i2c_dri/clk_cnt_reg[9]/D
                            (rising edge-triggered cell FDCE clocked by mmcm_clkout3  {rise@0.000ns fall@49.980ns period=99.960ns})
  Path Group:             mmcm_clkout3
  Path Type:              Hold (Min at Fast Process Corner)
  Requirement:            0.000ns  (mmcm_clkout3 rise@0.000ns - mmcm_clkout3 rise@0.000ns)
  Data Path Delay:        0.114ns  (logic 0.064ns (56.140%)  route 0.050ns (43.860%))
  Logic Levels:           1  (LUT6=1)
  Clock Path Skew:        0.005ns (DCD - SCD - CPR)
    Destination Clock Delay (DCD):    1.973ns
    Source Clock Delay      (SCD):    1.998ns
    Clock Pessimism Removal (CPR):    -0.030ns
  Clock Net Delay (Source):      0.862ns (routing 0.326ns, distribution 0.536ns)
  Clock Net Delay (Destination): 1.013ns (routing 0.362ns, distribution 0.651ns)

    Location             Delay type                Incr(ns)  Path(ns)    Netlist Resource(s)
  -------------------------------------------------------------------    -------------------
                         (clock mmcm_clkout3 rise edge)
                                                      0.000     0.000 r  
    AK17                                              0.000     0.000 r  sys_clk_p (IN)
                         net (fo=0)                   0.001     0.001    u_ddr4/inst/u_ddr4_mem_intfc/u_mig_ddr4_phy/inst/u_ddr4_phy_pll/diff_input_clk.u_ibufg_sys_clk/I
    HPIOBDIFFINBUF_X1Y35 DIFFINBUF (Prop_DIFFINBUF_HPIOBDIFFINBUF_DIFF_IN_P_O)
                                                      0.238     0.239 r  u_ddr4/inst/u_ddr4_mem_intfc/u_mig_ddr4_phy/inst/u_ddr4_phy_pll/diff_input_clk.u_ibufg_sys_clk/DIFFINBUF_INST/O
                         net (fo=1, routed)           0.028     0.267    u_ddr4/inst/u_ddr4_mem_intfc/u_mig_ddr4_phy/inst/u_ddr4_phy_pll/diff_input_clk.u_ibufg_sys_clk/OUT
    AK17                 IBUFCTRL (Prop_IBUFCTRL_HPIOB_I_O)
                                                      0.000     0.267 r  u_ddr4/inst/u_ddr4_mem_intfc/u_mig_ddr4_phy/inst/u_ddr4_phy_pll/diff_input_clk.u_ibufg_sys_clk/IBUFCTRL_INST/O
                         net (fo=2, routed)           0.405     0.672    u_ddr4/inst/u_ddr4_infrastructure/mmcm_clk_in
    MMCME3_ADV_X1Y1      MMCME3_ADV (Prop_MMCME3_ADV_CLKIN1_CLKOUT3)
                                                      0.270     0.942 r  u_ddr4/inst/u_ddr4_infrastructure/gen_mmcme3.u_mmcme_adv_inst/CLKOUT3
                         net (fo=1, routed)           0.167     1.109    u_ddr4/inst/u_ddr4_infrastructure/mmcm_clkout3
    BUFGCE_X1Y28         BUFGCE (Prop_BUFCE_BUFGCE_I_O)
                                                      0.027     1.136 r  u_ddr4/inst/u_ddr4_infrastructure/u_bufg_addn_ui_clk_3/O
    X3Y1 (CLOCK_ROOT)    net (fo=15, routed)          0.862     1.998    u_config/u_i2c_dri/addn_ui_clkout3
    SLICE_X86Y149        FDCE                                         r  u_config/u_i2c_dri/clk_cnt_reg[7]/C
  -------------------------------------------------------------------    -------------------
    SLICE_X86Y149        FDCE (Prop_DFF_SLICEL_C_Q)
                                                      0.049     2.047 r  u_config/u_i2c_dri/clk_cnt_reg[7]/Q
                         net (fo=4, routed)           0.034     2.081    u_config/u_i2c_dri/clk_cnt[7]
    SLICE_X86Y149        LUT6 (Prop_C6LUT_SLICEL_I1_O)
                                                      0.015     2.096 r  u_config/u_i2c_dri/clk_cnt[9]_i_1/O
                         net (fo=1, routed)           0.016     2.112    u_config/u_i2c_dri/clk_cnt_1[9]
    SLICE_X86Y149        FDCE                                         r  u_config/u_i2c_dri/clk_cnt_reg[9]/D
  -------------------------------------------------------------------    -------------------

                         (clock mmcm_clkout3 rise edge)
                                                      0.000     0.000 r  
    AK17                                              0.000     0.000 r  sys_clk_p (IN)
                         net (fo=0)                   0.001     0.001    u_ddr4/inst/u_ddr4_mem_intfc/u_mig_ddr4_phy/inst/u_ddr4_phy_pll/diff_input_clk.u_ibufg_sys_clk/I
    HPIOBDIFFINBUF_X1Y35 DIFFINBUF (Prop_DIFFINBUF_HPIOBDIFFINBUF_DIFF_IN_P_O)
                                                      0.421     0.422 r  u_ddr4/inst/u_ddr4_mem_intfc/u_mig_ddr4_phy/inst/u_ddr4_phy_pll/diff_input_clk.u_ibufg_sys_clk/DIFFINBUF_INST/O
                         net (fo=1, routed)           0.048     0.470    u_ddr4/inst/u_ddr4_mem_intfc/u_mig_ddr4_phy/inst/u_ddr4_phy_pll/diff_input_clk.u_ibufg_sys_clk/OUT
    AK17                 IBUFCTRL (Prop_IBUFCTRL_HPIOB_I_O)
                                                      0.000     0.470 r  u_ddr4/inst/u_ddr4_mem_intfc/u_mig_ddr4_phy/inst/u_ddr4_phy_pll/diff_input_clk.u_ibufg_sys_clk/IBUFCTRL_INST/O
                         net (fo=2, routed)           0.457     0.927    u_ddr4/inst/u_ddr4_infrastructure/mmcm_clk_in
    MMCME3_ADV_X1Y1      MMCME3_ADV (Prop_MMCME3_ADV_CLKIN1_CLKOUT3)
                                                     -0.207     0.720 r  u_ddr4/inst/u_ddr4_infrastructure/gen_mmcme3.u_mmcme_adv_inst/CLKOUT3
                         net (fo=1, routed)           0.209     0.929    u_ddr4/inst/u_ddr4_infrastructure/mmcm_clkout3
    BUFGCE_X1Y28         BUFGCE (Prop_BUFCE_BUFGCE_I_O)
                                                      0.031     0.960 r  u_ddr4/inst/u_ddr4_infrastructure/u_bufg_addn_ui_clk_3/O
    X3Y1 (CLOCK_ROOT)    net (fo=15, routed)          1.013     1.973    u_config/u_i2c_dri/addn_ui_clkout3
    SLICE_X86Y149        FDCE                                         r  u_config/u_i2c_dri/clk_cnt_reg[9]/C
                         clock pessimism              0.030     2.003    
    SLICE_X86Y149        FDCE (Hold_CFF_SLICEL_C_D)
                                                      0.056     2.059    u_config/u_i2c_dri/clk_cnt_reg[9]
  -------------------------------------------------------------------
                         required time                         -2.059    
                         arrival time                           2.112    
  -------------------------------------------------------------------
                         slack                                  0.053    





Pulse Width Checks
--------------------------------------------------------------------------------------
Clock Name:         mmcm_clkout3
Waveform(ns):       { 0.000 49.980 }
Period(ns):         99.960
Sources:            { u_ddr4/inst/u_ddr4_infrastructure/gen_mmcme3.u_mmcme_adv_inst/CLKOUT3 }

Check Type        Corner  Lib Pin   Reference Pin  Required(ns)  Actual(ns)  Slack(ns)  Location       Pin
Min Period        n/a     BUFGCE/I  n/a            1.379         99.960      98.581     BUFGCE_X1Y28   u_ddr4/inst/u_ddr4_infrastructure/u_bufg_addn_ui_clk_3/I
Low Pulse Width   Slow    FDCE/C    n/a            0.275         49.980      49.705     SLICE_X90Y106  rc/u_reset/arststages_ff_reg[0]/C
High Pulse Width  Slow    FDCE/C    n/a            0.275         49.980      49.705     SLICE_X90Y106  rc/u_reset/arststages_ff_reg[0]/C



---------------------------------------------------------------------------------------------------
From Clock:  hdmi_i2c_driver
  To Clock:  hdmi_i2c_driver

Setup :            0  Failing Endpoints,  Worst Slack      996.243ns,  Total Violation        0.000ns
Hold  :            0  Failing Endpoints,  Worst Slack        0.050ns,  Total Violation        0.000ns
PW    :            0  Failing Endpoints,  Worst Slack      499.525ns,  Total Violation        0.000ns
---------------------------------------------------------------------------------------------------


Max Delay Paths
--------------------------------------------------------------------------------------
Slack (MET) :             996.243ns  (required time - arrival time)
  Source:                 u_config/u_i2c_ms7210_cfg/init_reg_cnt_reg[0]/C
                            (rising edge-triggered cell FDCE clocked by hdmi_i2c_driver  {rise@0.000ns fall@499.800ns period=999.600ns})
  Destination:            u_config/u_i2c_ms7210_cfg/i2c_data_reg[1]/D
                            (rising edge-triggered cell FDCE clocked by hdmi_i2c_driver  {rise@0.000ns fall@499.800ns period=999.600ns})
  Path Group:             hdmi_i2c_driver
  Path Type:              Setup (Max at Slow Process Corner)
  Requirement:            999.600ns  (hdmi_i2c_driver rise@999.600ns - hdmi_i2c_driver rise@0.000ns)
  Data Path Delay:        3.057ns  (logic 0.422ns (13.804%)  route 2.635ns (86.196%))
  Logic Levels:           2  (LUT6=2)
  Clock Path Skew:        -0.264ns (DCD - SCD + CPR)
    Destination Clock Delay (DCD):    7.043ns = ( 1006.643 - 999.600 ) 
    Source Clock Delay      (SCD):    7.816ns
    Clock Pessimism Removal (CPR):    0.509ns
  Clock Uncertainty:      0.095ns  ((TSJ^2 + DJ^2)^1/2) / 2 + PE
    Total System Jitter     (TSJ):    0.071ns
    Discrete Jitter          (DJ):    0.176ns
    Phase Error              (PE):    0.000ns
  Clock Net Delay (Source):      1.333ns (routing 0.002ns, distribution 1.331ns)
  Clock Net Delay (Destination): 1.047ns (routing 0.002ns, distribution 1.045ns)

    Location             Delay type                Incr(ns)  Path(ns)    Netlist Resource(s)
  -------------------------------------------------------------------    -------------------
                         (clock hdmi_i2c_driver rise edge)
                                                      0.000     0.000 r  
    AK17                                              0.000     0.000 r  sys_clk_p (IN)
                         net (fo=0)                   0.001     0.001    u_ddr4/inst/u_ddr4_mem_intfc/u_mig_ddr4_phy/inst/u_ddr4_phy_pll/diff_input_clk.u_ibufg_sys_clk/I
    HPIOBDIFFINBUF_X1Y35 DIFFINBUF (Prop_DIFFINBUF_HPIOBDIFFINBUF_DIFF_IN_P_O)
                                                      0.534     0.535 r  u_ddr4/inst/u_ddr4_mem_intfc/u_mig_ddr4_phy/inst/u_ddr4_phy_pll/diff_input_clk.u_ibufg_sys_clk/DIFFINBUF_INST/O
                         net (fo=1, routed)           0.090     0.625    u_ddr4/inst/u_ddr4_mem_intfc/u_mig_ddr4_phy/inst/u_ddr4_phy_pll/diff_input_clk.u_ibufg_sys_clk/OUT
    AK17                 IBUFCTRL (Prop_IBUFCTRL_HPIOB_I_O)
                                                      0.000     0.625 r  u_ddr4/inst/u_ddr4_mem_intfc/u_mig_ddr4_phy/inst/u_ddr4_phy_pll/diff_input_clk.u_ibufg_sys_clk/IBUFCTRL_INST/O
                         net (fo=2, routed)           0.865     1.490    u_ddr4/inst/u_ddr4_infrastructure/mmcm_clk_in
    MMCME3_ADV_X1Y1      MMCME3_ADV (Prop_MMCME3_ADV_CLKIN1_CLKOUT3)
                                                     -0.121     1.369 r  u_ddr4/inst/u_ddr4_infrastructure/gen_mmcme3.u_mmcme_adv_inst/CLKOUT3
                         net (fo=1, routed)           0.437     1.806    u_ddr4/inst/u_ddr4_infrastructure/mmcm_clkout3
    BUFGCE_X1Y28         BUFGCE (Prop_BUFCE_BUFGCE_I_O)
                                                      0.083     1.889 r  u_ddr4/inst/u_ddr4_infrastructure/u_bufg_addn_ui_clk_3/O
                         net (fo=15, routed)          2.009     3.898    u_config/u_i2c_dri/addn_ui_clkout3
    SLICE_X89Y149        FDCE (Prop_HFF2_SLICEM_C_Q)
                                                      0.117     4.015 r  u_config/u_i2c_dri/dri_clk_reg/Q
                         net (fo=2, routed)           2.385     6.400    u_config_n_3
    BUFGCE_X2Y9          BUFGCE (Prop_BUFCE_BUFGCE_I_O)
                                                      0.083     6.483 r  FSM_onehot_cur_state_reg[5]_i_2/O
    X4Y0 (CLOCK_ROOT)    net (fo=114, routed)         1.333     7.816    u_config/u_i2c_ms7210_cfg/i2c_dri_clk
    SLICE_X87Y8          FDCE                                         r  u_config/u_i2c_ms7210_cfg/init_reg_cnt_reg[0]/C
  -------------------------------------------------------------------    -------------------
    SLICE_X87Y8          FDCE (Prop_CFF_SLICEM_C_Q)
                                                      0.114     7.930 f  u_config/u_i2c_ms7210_cfg/init_reg_cnt_reg[0]/Q
                         net (fo=37, routed)          2.036     9.966    u_config/u_i2c_ms7210_cfg/init_reg_cnt_reg[0]
    SLICE_X95Y4          LUT6 (Prop_G6LUT_SLICEM_I4_O)
                                                      0.193    10.159 r  u_config/u_i2c_ms7210_cfg/i2c_data[1]_i_3/O
                         net (fo=1, routed)           0.572    10.731    u_config/u_i2c_ms7210_cfg/i2c_data[1]_i_3_n_0
    SLICE_X96Y4          LUT6 (Prop_D6LUT_SLICEL_I5_O)
                                                      0.115    10.846 r  u_config/u_i2c_ms7210_cfg/i2c_data[1]_i_1/O
                         net (fo=1, routed)           0.027    10.873    u_config/u_i2c_ms7210_cfg/i2c_data[1]_i_1_n_0
    SLICE_X96Y4          FDCE                                         r  u_config/u_i2c_ms7210_cfg/i2c_data_reg[1]/D
  -------------------------------------------------------------------    -------------------

                         (clock hdmi_i2c_driver rise edge)
                                                    999.600   999.600 r  
    AK17                                              0.000   999.600 r  sys_clk_p (IN)
                         net (fo=0)                   0.001   999.601    u_ddr4/inst/u_ddr4_mem_intfc/u_mig_ddr4_phy/inst/u_ddr4_phy_pll/diff_input_clk.u_ibufg_sys_clk/I
    HPIOBDIFFINBUF_X1Y35 DIFFINBUF (Prop_DIFFINBUF_HPIOBDIFFINBUF_DIFF_IN_P_O)
                                                      0.377   999.978 r  u_ddr4/inst/u_ddr4_mem_intfc/u_mig_ddr4_phy/inst/u_ddr4_phy_pll/diff_input_clk.u_ibufg_sys_clk/DIFFINBUF_INST/O
                         net (fo=1, routed)           0.051  1000.029    u_ddr4/inst/u_ddr4_mem_intfc/u_mig_ddr4_phy/inst/u_ddr4_phy_pll/diff_input_clk.u_ibufg_sys_clk/OUT
    AK17                 IBUFCTRL (Prop_IBUFCTRL_HPIOB_I_O)
                                                      0.000  1000.029 r  u_ddr4/inst/u_ddr4_mem_intfc/u_mig_ddr4_phy/inst/u_ddr4_phy_pll/diff_input_clk.u_ibufg_sys_clk/IBUFCTRL_INST/O
                         net (fo=2, routed)           0.778  1000.807    u_ddr4/inst/u_ddr4_infrastructure/mmcm_clk_in
    MMCME3_ADV_X1Y1      MMCME3_ADV (Prop_MMCME3_ADV_CLKIN1_CLKOUT3)
                                                      0.445  1001.252 r  u_ddr4/inst/u_ddr4_infrastructure/gen_mmcme3.u_mmcme_adv_inst/CLKOUT3
                         net (fo=1, routed)           0.372  1001.624    u_ddr4/inst/u_ddr4_infrastructure/mmcm_clkout3
    BUFGCE_X1Y28         BUFGCE (Prop_BUFCE_BUFGCE_I_O)
                                                      0.075  1001.699 r  u_ddr4/inst/u_ddr4_infrastructure/u_bufg_addn_ui_clk_3/O
                         net (fo=15, routed)          1.788  1003.487    u_config/u_i2c_dri/addn_ui_clkout3
    SLICE_X89Y149        FDCE (Prop_HFF2_SLICEM_C_Q)
                                                      0.106  1003.593 r  u_config/u_i2c_dri/dri_clk_reg/Q
                         net (fo=2, routed)           1.928  1005.521    u_config_n_3
    BUFGCE_X2Y9          BUFGCE (Prop_BUFCE_BUFGCE_I_O)
                                                      0.075  1005.596 r  FSM_onehot_cur_state_reg[5]_i_2/O
    X4Y0 (CLOCK_ROOT)    net (fo=114, routed)         1.047  1006.643    u_config/u_i2c_ms7210_cfg/i2c_dri_clk
    SLICE_X96Y4          FDCE                                         r  u_config/u_i2c_ms7210_cfg/i2c_data_reg[1]/C
                         clock pessimism              0.509  1007.152    
                         clock uncertainty           -0.095  1007.057    
    SLICE_X96Y4          FDCE (Setup_DFF_SLICEL_C_D)
                                                      0.059  1007.116    u_config/u_i2c_ms7210_cfg/i2c_data_reg[1]
  -------------------------------------------------------------------
                         required time                       1007.116    
                         arrival time                         -10.873    
  -------------------------------------------------------------------
                         slack                                996.243    





Min Delay Paths
--------------------------------------------------------------------------------------
Slack (MET) :             0.050ns  (arrival time - required time)
  Source:                 u_config/u_i2c_ms7210_cfg/init_reg_cnt_reg[6]/C
                            (rising edge-triggered cell FDCE clocked by hdmi_i2c_driver  {rise@0.000ns fall@499.800ns period=999.600ns})
  Destination:            u_config/u_i2c_ms7210_cfg/init_reg_cnt_reg[6]/D
                            (rising edge-triggered cell FDCE clocked by hdmi_i2c_driver  {rise@0.000ns fall@499.800ns period=999.600ns})
  Path Group:             hdmi_i2c_driver
  Path Type:              Hold (Min at Fast Process Corner)
  Requirement:            0.000ns  (hdmi_i2c_driver rise@0.000ns - hdmi_i2c_driver rise@0.000ns)
  Data Path Delay:        0.111ns  (logic 0.064ns (57.658%)  route 0.047ns (42.342%))
  Logic Levels:           1  (LUT6=1)
  Clock Path Skew:        0.005ns (DCD - SCD - CPR)
    Destination Clock Delay (DCD):    4.248ns
    Source Clock Delay      (SCD):    3.797ns
    Clock Pessimism Removal (CPR):    0.446ns
  Clock Net Delay (Source):      0.555ns (routing 0.002ns, distribution 0.553ns)
  Clock Net Delay (Destination): 0.643ns (routing 0.002ns, distribution 0.641ns)

    Location             Delay type                Incr(ns)  Path(ns)    Netlist Resource(s)
  -------------------------------------------------------------------    -------------------
                         (clock hdmi_i2c_driver rise edge)
                                                      0.000     0.000 r  
    AK17                                              0.000     0.000 r  sys_clk_p (IN)
                         net (fo=0)                   0.001     0.001    u_ddr4/inst/u_ddr4_mem_intfc/u_mig_ddr4_phy/inst/u_ddr4_phy_pll/diff_input_clk.u_ibufg_sys_clk/I
    HPIOBDIFFINBUF_X1Y35 DIFFINBUF (Prop_DIFFINBUF_HPIOBDIFFINBUF_DIFF_IN_P_O)
                                                      0.238     0.239 r  u_ddr4/inst/u_ddr4_mem_intfc/u_mig_ddr4_phy/inst/u_ddr4_phy_pll/diff_input_clk.u_ibufg_sys_clk/DIFFINBUF_INST/O
                         net (fo=1, routed)           0.028     0.267    u_ddr4/inst/u_ddr4_mem_intfc/u_mig_ddr4_phy/inst/u_ddr4_phy_pll/diff_input_clk.u_ibufg_sys_clk/OUT
    AK17                 IBUFCTRL (Prop_IBUFCTRL_HPIOB_I_O)
                                                      0.000     0.267 r  u_ddr4/inst/u_ddr4_mem_intfc/u_mig_ddr4_phy/inst/u_ddr4_phy_pll/diff_input_clk.u_ibufg_sys_clk/IBUFCTRL_INST/O
                         net (fo=2, routed)           0.405     0.672    u_ddr4/inst/u_ddr4_infrastructure/mmcm_clk_in
    MMCME3_ADV_X1Y1      MMCME3_ADV (Prop_MMCME3_ADV_CLKIN1_CLKOUT3)
                                                      0.270     0.942 r  u_ddr4/inst/u_ddr4_infrastructure/gen_mmcme3.u_mmcme_adv_inst/CLKOUT3
                         net (fo=1, routed)           0.167     1.109    u_ddr4/inst/u_ddr4_infrastructure/mmcm_clkout3
    BUFGCE_X1Y28         BUFGCE (Prop_BUFCE_BUFGCE_I_O)
                                                      0.027     1.136 r  u_ddr4/inst/u_ddr4_infrastructure/u_bufg_addn_ui_clk_3/O
                         net (fo=15, routed)          0.868     2.004    u_config/u_i2c_dri/addn_ui_clkout3
    SLICE_X89Y149        FDCE (Prop_HFF2_SLICEM_C_Q)
                                                      0.048     2.052 r  u_config/u_i2c_dri/dri_clk_reg/Q
                         net (fo=2, routed)           1.163     3.215    u_config_n_3
    BUFGCE_X2Y9          BUFGCE (Prop_BUFCE_BUFGCE_I_O)
                                                      0.027     3.242 r  FSM_onehot_cur_state_reg[5]_i_2/O
    X4Y0 (CLOCK_ROOT)    net (fo=114, routed)         0.555     3.797    u_config/u_i2c_ms7210_cfg/i2c_dri_clk
    SLICE_X93Y4          FDCE                                         r  u_config/u_i2c_ms7210_cfg/init_reg_cnt_reg[6]/C
  -------------------------------------------------------------------    -------------------
    SLICE_X93Y4          FDCE (Prop_AFF_SLICEL_C_Q)
                                                      0.049     3.846 r  u_config/u_i2c_ms7210_cfg/init_reg_cnt_reg[6]/Q
                         net (fo=16, routed)          0.035     3.881    u_config/u_i2c_ms7210_cfg/init_reg_cnt_reg[6]
    SLICE_X93Y4          LUT6 (Prop_A6LUT_SLICEL_I0_O)
                                                      0.015     3.896 r  u_config/u_i2c_ms7210_cfg/init_reg_cnt[6]_i_1/O
                         net (fo=1, routed)           0.012     3.908    u_config/u_i2c_ms7210_cfg/p_0_in__0__0[6]
    SLICE_X93Y4          FDCE                                         r  u_config/u_i2c_ms7210_cfg/init_reg_cnt_reg[6]/D
  -------------------------------------------------------------------    -------------------

                         (clock hdmi_i2c_driver rise edge)
                                                      0.000     0.000 r  
    AK17                                              0.000     0.000 r  sys_clk_p (IN)
                         net (fo=0)                   0.001     0.001    u_ddr4/inst/u_ddr4_mem_intfc/u_mig_ddr4_phy/inst/u_ddr4_phy_pll/diff_input_clk.u_ibufg_sys_clk/I
    HPIOBDIFFINBUF_X1Y35 DIFFINBUF (Prop_DIFFINBUF_HPIOBDIFFINBUF_DIFF_IN_P_O)
                                                      0.421     0.422 r  u_ddr4/inst/u_ddr4_mem_intfc/u_mig_ddr4_phy/inst/u_ddr4_phy_pll/diff_input_clk.u_ibufg_sys_clk/DIFFINBUF_INST/O
                         net (fo=1, routed)           0.048     0.470    u_ddr4/inst/u_ddr4_mem_intfc/u_mig_ddr4_phy/inst/u_ddr4_phy_pll/diff_input_clk.u_ibufg_sys_clk/OUT
    AK17                 IBUFCTRL (Prop_IBUFCTRL_HPIOB_I_O)
                                                      0.000     0.470 r  u_ddr4/inst/u_ddr4_mem_intfc/u_mig_ddr4_phy/inst/u_ddr4_phy_pll/diff_input_clk.u_ibufg_sys_clk/IBUFCTRL_INST/O
                         net (fo=2, routed)           0.457     0.927    u_ddr4/inst/u_ddr4_infrastructure/mmcm_clk_in
    MMCME3_ADV_X1Y1      MMCME3_ADV (Prop_MMCME3_ADV_CLKIN1_CLKOUT3)
                                                     -0.207     0.720 r  u_ddr4/inst/u_ddr4_infrastructure/gen_mmcme3.u_mmcme_adv_inst/CLKOUT3
                         net (fo=1, routed)           0.209     0.929    u_ddr4/inst/u_ddr4_infrastructure/mmcm_clkout3
    BUFGCE_X1Y28         BUFGCE (Prop_BUFCE_BUFGCE_I_O)
                                                      0.031     0.960 r  u_ddr4/inst/u_ddr4_infrastructure/u_bufg_addn_ui_clk_3/O
                         net (fo=15, routed)          1.019     1.979    u_config/u_i2c_dri/addn_ui_clkout3
    SLICE_X89Y149        FDCE (Prop_HFF2_SLICEM_C_Q)
                                                      0.063     2.042 r  u_config/u_i2c_dri/dri_clk_reg/Q
                         net (fo=2, routed)           1.532     3.574    u_config_n_3
    BUFGCE_X2Y9          BUFGCE (Prop_BUFCE_BUFGCE_I_O)
                                                      0.031     3.605 r  FSM_onehot_cur_state_reg[5]_i_2/O
    X4Y0 (CLOCK_ROOT)    net (fo=114, routed)         0.643     4.248    u_config/u_i2c_ms7210_cfg/i2c_dri_clk
    SLICE_X93Y4          FDCE                                         r  u_config/u_i2c_ms7210_cfg/init_reg_cnt_reg[6]/C
                         clock pessimism             -0.446     3.802    
    SLICE_X93Y4          FDCE (Hold_AFF_SLICEL_C_D)
                                                      0.056     3.858    u_config/u_i2c_ms7210_cfg/init_reg_cnt_reg[6]
  -------------------------------------------------------------------
                         required time                         -3.858    
                         arrival time                           3.908    
  -------------------------------------------------------------------
                         slack                                  0.050    





Pulse Width Checks
--------------------------------------------------------------------------------------
Clock Name:         hdmi_i2c_driver
Waveform(ns):       { 0.000 499.800 }
Period(ns):         999.600
Sources:            { u_config/u_i2c_dri/dri_clk_reg/Q }

Check Type        Corner  Lib Pin   Reference Pin  Required(ns)  Actual(ns)  Slack(ns)  Location      Pin
Min Period        n/a     BUFGCE/I  n/a            1.379         999.600     998.221    BUFGCE_X2Y9   FSM_onehot_cur_state_reg[5]_i_2/I
Low Pulse Width   Slow    FDPE/C    n/a            0.275         499.800     499.525    SLICE_X88Y11  u_config/u_i2c_dri/FSM_onehot_cur_state_reg[0]/C
High Pulse Width  Slow    FDPE/C    n/a            0.275         499.800     499.525    SLICE_X88Y11  u_config/u_i2c_dri/FSM_onehot_cur_state_reg[0]/C



---------------------------------------------------------------------------------------------------
From Clock:  mmcm_clkout5
  To Clock:  mmcm_clkout5

Setup :            0  Failing Endpoints,  Worst Slack        9.190ns,  Total Violation        0.000ns
Hold  :            0  Failing Endpoints,  Worst Slack        0.041ns,  Total Violation        0.000ns
PW    :            0  Failing Endpoints,  Worst Slack        5.996ns,  Total Violation        0.000ns
---------------------------------------------------------------------------------------------------


Max Delay Paths
--------------------------------------------------------------------------------------
Slack (MET) :             9.190ns  (required time - arrival time)
  Source:                 dbg_hub/inst/BSCANID.u_xsdbm_id/CORE_XSDB.UUT_MASTER/U_XSDB_BUS_MSTR2SL_PORT_IFACE/SL_DRDY_O_reg/C
                            (rising edge-triggered cell FDRE clocked by mmcm_clkout5  {rise@0.000ns fall@6.664ns period=13.328ns})
  Destination:            dbg_hub/inst/BSCANID.u_xsdbm_id/CORE_XSDB.UUT_MASTER/U_XSDB_BUS_CONTROLLER/inc_addr_r_reg/D
                            (rising edge-triggered cell FDCE clocked by mmcm_clkout5  {rise@0.000ns fall@6.664ns period=13.328ns})
  Path Group:             mmcm_clkout5
  Path Type:              Setup (Max at Slow Process Corner)
  Requirement:            13.328ns  (mmcm_clkout5 rise@13.328ns - mmcm_clkout5 rise@0.000ns)
  Data Path Delay:        4.243ns  (logic 0.872ns (20.551%)  route 3.371ns (79.449%))
  Logic Levels:           5  (LUT2=1 LUT3=1 LUT5=1 LUT6=2)
  Clock Path Skew:        0.116ns (DCD - SCD + CPR)
    Destination Clock Delay (DCD):    4.381ns = ( 17.709 - 13.328 ) 
    Source Clock Delay      (SCD):    4.188ns
    Clock Pessimism Removal (CPR):    -0.077ns
  Clock Uncertainty:      0.070ns  ((TSJ^2 + DJ^2)^1/2) / 2 + PE
    Total System Jitter     (TSJ):    0.071ns
    Discrete Jitter          (DJ):    0.121ns
    Phase Error              (PE):    0.000ns
  Clock Net Delay (Source):      2.299ns (routing 1.024ns, distribution 1.275ns)
  Clock Net Delay (Destination): 2.282ns (routing 0.941ns, distribution 1.341ns)

    Location             Delay type                Incr(ns)  Path(ns)    Netlist Resource(s)
  -------------------------------------------------------------------    -------------------
                         (clock mmcm_clkout5 rise edge)
                                                      0.000     0.000 r  
    AK17                                              0.000     0.000 r  sys_clk_p (IN)
                         net (fo=0)                   0.001     0.001    u_ddr4/inst/u_ddr4_mem_intfc/u_mig_ddr4_phy/inst/u_ddr4_phy_pll/diff_input_clk.u_ibufg_sys_clk/I
    HPIOBDIFFINBUF_X1Y35 DIFFINBUF (Prop_DIFFINBUF_HPIOBDIFFINBUF_DIFF_IN_P_O)
                                                      0.534     0.535 r  u_ddr4/inst/u_ddr4_mem_intfc/u_mig_ddr4_phy/inst/u_ddr4_phy_pll/diff_input_clk.u_ibufg_sys_clk/DIFFINBUF_INST/O
                         net (fo=1, routed)           0.090     0.625    u_ddr4/inst/u_ddr4_mem_intfc/u_mig_ddr4_phy/inst/u_ddr4_phy_pll/diff_input_clk.u_ibufg_sys_clk/OUT
    AK17                 IBUFCTRL (Prop_IBUFCTRL_HPIOB_I_O)
                                                      0.000     0.625 r  u_ddr4/inst/u_ddr4_mem_intfc/u_mig_ddr4_phy/inst/u_ddr4_phy_pll/diff_input_clk.u_ibufg_sys_clk/IBUFCTRL_INST/O
                         net (fo=2, routed)           0.865     1.490    u_ddr4/inst/u_ddr4_infrastructure/mmcm_clk_in
    MMCME3_ADV_X1Y1      MMCME3_ADV (Prop_MMCME3_ADV_CLKIN1_CLKOUT5)
                                                     -0.121     1.369 r  u_ddr4/inst/u_ddr4_infrastructure/gen_mmcme3.u_mmcme_adv_inst/CLKOUT5
                         net (fo=1, routed)           0.437     1.806    u_ddr4/inst/u_ddr4_infrastructure/mmcm_clkout5
    BUFGCE_X1Y34         BUFGCE (Prop_BUFCE_BUFGCE_I_O)
                                                      0.083     1.889 r  u_ddr4/inst/u_ddr4_infrastructure/u_bufg_dbg_clk/O
    X3Y0 (CLOCK_ROOT)    net (fo=568, routed)         2.299     4.188    dbg_hub/inst/BSCANID.u_xsdbm_id/CORE_XSDB.UUT_MASTER/U_XSDB_BUS_MSTR2SL_PORT_IFACE/clk
    SLICE_X77Y2          FDRE                                         r  dbg_hub/inst/BSCANID.u_xsdbm_id/CORE_XSDB.UUT_MASTER/U_XSDB_BUS_MSTR2SL_PORT_IFACE/SL_DRDY_O_reg/C
  -------------------------------------------------------------------    -------------------
    SLICE_X77Y2          FDRE (Prop_EFF_SLICEM_C_Q)
                                                      0.114     4.302 f  dbg_hub/inst/BSCANID.u_xsdbm_id/CORE_XSDB.UUT_MASTER/U_XSDB_BUS_MSTR2SL_PORT_IFACE/SL_DRDY_O_reg/Q
                         net (fo=12, routed)          1.169     5.471    dbg_hub/inst/BSCANID.u_xsdbm_id/CORE_XSDB.UUT_MASTER/U_XSDB_BUS_CONTROLLER/sl_drdy
    SLICE_X93Y7          LUT2 (Prop_F6LUT_SLICEL_I1_O)
                                                      0.072     5.543 r  dbg_hub/inst/BSCANID.u_xsdbm_id/CORE_XSDB.UUT_MASTER/U_XSDB_BUS_CONTROLLER/FSM_onehot_current_state[16]_i_2/O
                         net (fo=5, routed)           0.301     5.844    dbg_hub/inst/BSCANID.u_xsdbm_id/CORE_XSDB.UUT_MASTER/U_XSDB_BUS_CONTROLLER/U_TIMER/FSM_onehot_current_state_reg[14]
    SLICE_X91Y8          LUT6 (Prop_G6LUT_SLICEL_I3_O)
                                                      0.116     5.960 f  dbg_hub/inst/BSCANID.u_xsdbm_id/CORE_XSDB.UUT_MASTER/U_XSDB_BUS_CONTROLLER/U_TIMER/in_normal_mode_i_4/O
                         net (fo=2, routed)           0.226     6.186    dbg_hub/inst/BSCANID.u_xsdbm_id/CORE_XSDB.UUT_MASTER/U_XSDB_BUS_CONTROLLER/U_RD_ABORT_FLAG/in_normal_mode_reg_1
    SLICE_X91Y11         LUT6 (Prop_H6LUT_SLICEL_I5_O)
                                                      0.188     6.374 r  dbg_hub/inst/BSCANID.u_xsdbm_id/CORE_XSDB.UUT_MASTER/U_XSDB_BUS_CONTROLLER/U_RD_ABORT_FLAG/in_normal_mode_i_1/O
                         net (fo=23, routed)          0.542     6.916    dbg_hub/inst/BSCANID.u_xsdbm_id/CORE_XSDB.UUT_MASTER/U_XSDB_BUS_CONTROLLER/U_TIMER/ma_err_r_reg[0]_0
    SLICE_X87Y14         LUT5 (Prop_B6LUT_SLICEM_I3_O)
                                                      0.191     7.107 r  dbg_hub/inst/BSCANID.u_xsdbm_id/CORE_XSDB.UUT_MASTER/U_XSDB_BUS_CONTROLLER/U_TIMER/g0_b0__5/O
                         net (fo=1, routed)           1.106     8.213    dbg_hub/inst/BSCANID.u_xsdbm_id/CORE_XSDB.UUT_MASTER/U_XSDB_BUS_CONTROLLER/U_TIMER/g0_b0__5_n_0
    SLICE_X97Y13         LUT3 (Prop_D6LUT_SLICEM_I0_O)
                                                      0.191     8.404 r  dbg_hub/inst/BSCANID.u_xsdbm_id/CORE_XSDB.UUT_MASTER/U_XSDB_BUS_CONTROLLER/U_TIMER/inc_addr_r_i_1/O
                         net (fo=1, routed)           0.027     8.431    dbg_hub/inst/BSCANID.u_xsdbm_id/CORE_XSDB.UUT_MASTER/U_XSDB_BUS_CONTROLLER/U_TIMER_n_8
    SLICE_X97Y13         FDCE                                         r  dbg_hub/inst/BSCANID.u_xsdbm_id/CORE_XSDB.UUT_MASTER/U_XSDB_BUS_CONTROLLER/inc_addr_r_reg/D
  -------------------------------------------------------------------    -------------------

                         (clock mmcm_clkout5 rise edge)
                                                     13.328    13.328 r  
    AK17                                              0.000    13.328 r  sys_clk_p (IN)
                         net (fo=0)                   0.001    13.329    u_ddr4/inst/u_ddr4_mem_intfc/u_mig_ddr4_phy/inst/u_ddr4_phy_pll/diff_input_clk.u_ibufg_sys_clk/I
    HPIOBDIFFINBUF_X1Y35 DIFFINBUF (Prop_DIFFINBUF_HPIOBDIFFINBUF_DIFF_IN_P_O)
                                                      0.377    13.706 r  u_ddr4/inst/u_ddr4_mem_intfc/u_mig_ddr4_phy/inst/u_ddr4_phy_pll/diff_input_clk.u_ibufg_sys_clk/DIFFINBUF_INST/O
                         net (fo=1, routed)           0.051    13.757    u_ddr4/inst/u_ddr4_mem_intfc/u_mig_ddr4_phy/inst/u_ddr4_phy_pll/diff_input_clk.u_ibufg_sys_clk/OUT
    AK17                 IBUFCTRL (Prop_IBUFCTRL_HPIOB_I_O)
                                                      0.000    13.757 r  u_ddr4/inst/u_ddr4_mem_intfc/u_mig_ddr4_phy/inst/u_ddr4_phy_pll/diff_input_clk.u_ibufg_sys_clk/IBUFCTRL_INST/O
                         net (fo=2, routed)           0.778    14.535    u_ddr4/inst/u_ddr4_infrastructure/mmcm_clk_in
    MMCME3_ADV_X1Y1      MMCME3_ADV (Prop_MMCME3_ADV_CLKIN1_CLKOUT5)
                                                      0.445    14.980 r  u_ddr4/inst/u_ddr4_infrastructure/gen_mmcme3.u_mmcme_adv_inst/CLKOUT5
                         net (fo=1, routed)           0.372    15.352    u_ddr4/inst/u_ddr4_infrastructure/mmcm_clkout5
    BUFGCE_X1Y34         BUFGCE (Prop_BUFCE_BUFGCE_I_O)
                                                      0.075    15.427 r  u_ddr4/inst/u_ddr4_infrastructure/u_bufg_dbg_clk/O
    X3Y0 (CLOCK_ROOT)    net (fo=568, routed)         2.282    17.709    dbg_hub/inst/BSCANID.u_xsdbm_id/CORE_XSDB.UUT_MASTER/U_XSDB_BUS_CONTROLLER/clk
    SLICE_X97Y13         FDCE                                         r  dbg_hub/inst/BSCANID.u_xsdbm_id/CORE_XSDB.UUT_MASTER/U_XSDB_BUS_CONTROLLER/inc_addr_r_reg/C
                         clock pessimism             -0.077    17.632    
                         clock uncertainty           -0.070    17.562    
    SLICE_X97Y13         FDCE (Setup_DFF_SLICEM_C_D)
                                                      0.059    17.621    dbg_hub/inst/BSCANID.u_xsdbm_id/CORE_XSDB.UUT_MASTER/U_XSDB_BUS_CONTROLLER/inc_addr_r_reg
  -------------------------------------------------------------------
                         required time                         17.621    
                         arrival time                          -8.431    
  -------------------------------------------------------------------
                         slack                                  9.190    





Min Delay Paths
--------------------------------------------------------------------------------------
Slack (MET) :             0.041ns  (arrival time - required time)
  Source:                 dbg_hub/inst/BSCANID.u_xsdbm_id/CORE_XSDB.UUT_MASTER/U_XSDB_BUS_MSTR2SL_PORT_IFACE/MA_RD_DIN_O_reg[13]/C
                            (rising edge-triggered cell FDRE clocked by mmcm_clkout5  {rise@0.000ns fall@6.664ns period=13.328ns})
  Destination:            dbg_hub/inst/BSCANID.u_xsdbm_id/CORE_XSDB.UUT_MASTER/U_ICON_INTERFACE/U_CMD6_RD/U_RD_FIFO/SUBCORE_FIFO.xsdbm_v3_0_5_rdfifo_inst/inst_fifo_gen/gconvfifo.rf/grf.rf/gntv_or_sync_fifo.mem/gdm.dm_gen.dm/RAM_reg_0_15_0_13/RAMG_D1/I
                            (rising edge-triggered cell RAMD32 clocked by mmcm_clkout5  {rise@0.000ns fall@6.664ns period=13.328ns})
  Path Group:             mmcm_clkout5
  Path Type:              Hold (Min at Fast Process Corner)
  Requirement:            0.000ns  (mmcm_clkout5 rise@0.000ns - mmcm_clkout5 rise@0.000ns)
  Data Path Delay:        0.171ns  (logic 0.048ns (28.070%)  route 0.123ns (71.930%))
  Logic Levels:           0  
  Clock Path Skew:        0.068ns (DCD - SCD - CPR)
    Destination Clock Delay (DCD):    2.135ns
    Source Clock Delay      (SCD):    2.147ns
    Clock Pessimism Removal (CPR):    -0.080ns
  Clock Net Delay (Source):      1.011ns (routing 0.483ns, distribution 0.528ns)
  Clock Net Delay (Destination): 1.175ns (routing 0.535ns, distribution 0.640ns)

    Location             Delay type                Incr(ns)  Path(ns)    Netlist Resource(s)
  -------------------------------------------------------------------    -------------------
                         (clock mmcm_clkout5 rise edge)
                                                      0.000     0.000 r  
    AK17                                              0.000     0.000 r  sys_clk_p (IN)
                         net (fo=0)                   0.001     0.001    u_ddr4/inst/u_ddr4_mem_intfc/u_mig_ddr4_phy/inst/u_ddr4_phy_pll/diff_input_clk.u_ibufg_sys_clk/I
    HPIOBDIFFINBUF_X1Y35 DIFFINBUF (Prop_DIFFINBUF_HPIOBDIFFINBUF_DIFF_IN_P_O)
                                                      0.238     0.239 r  u_ddr4/inst/u_ddr4_mem_intfc/u_mig_ddr4_phy/inst/u_ddr4_phy_pll/diff_input_clk.u_ibufg_sys_clk/DIFFINBUF_INST/O
                         net (fo=1, routed)           0.028     0.267    u_ddr4/inst/u_ddr4_mem_intfc/u_mig_ddr4_phy/inst/u_ddr4_phy_pll/diff_input_clk.u_ibufg_sys_clk/OUT
    AK17                 IBUFCTRL (Prop_IBUFCTRL_HPIOB_I_O)
                                                      0.000     0.267 r  u_ddr4/inst/u_ddr4_mem_intfc/u_mig_ddr4_phy/inst/u_ddr4_phy_pll/diff_input_clk.u_ibufg_sys_clk/IBUFCTRL_INST/O
                         net (fo=2, routed)           0.405     0.672    u_ddr4/inst/u_ddr4_infrastructure/mmcm_clk_in
    MMCME3_ADV_X1Y1      MMCME3_ADV (Prop_MMCME3_ADV_CLKIN1_CLKOUT5)
                                                      0.270     0.942 r  u_ddr4/inst/u_ddr4_infrastructure/gen_mmcme3.u_mmcme_adv_inst/CLKOUT5
                         net (fo=1, routed)           0.167     1.109    u_ddr4/inst/u_ddr4_infrastructure/mmcm_clkout5
    BUFGCE_X1Y34         BUFGCE (Prop_BUFCE_BUFGCE_I_O)
                                                      0.027     1.136 r  u_ddr4/inst/u_ddr4_infrastructure/u_bufg_dbg_clk/O
    X3Y0 (CLOCK_ROOT)    net (fo=568, routed)         1.011     2.147    dbg_hub/inst/BSCANID.u_xsdbm_id/CORE_XSDB.UUT_MASTER/U_XSDB_BUS_MSTR2SL_PORT_IFACE/clk
    SLICE_X85Y14         FDRE                                         r  dbg_hub/inst/BSCANID.u_xsdbm_id/CORE_XSDB.UUT_MASTER/U_XSDB_BUS_MSTR2SL_PORT_IFACE/MA_RD_DIN_O_reg[13]/C
  -------------------------------------------------------------------    -------------------
    SLICE_X85Y14         FDRE (Prop_HFF2_SLICEM_C_Q)
                                                      0.048     2.195 r  dbg_hub/inst/BSCANID.u_xsdbm_id/CORE_XSDB.UUT_MASTER/U_XSDB_BUS_MSTR2SL_PORT_IFACE/MA_RD_DIN_O_reg[13]/Q
                         net (fo=1, routed)           0.123     2.318    dbg_hub/inst/BSCANID.u_xsdbm_id/CORE_XSDB.UUT_MASTER/U_ICON_INTERFACE/U_CMD6_RD/U_RD_FIFO/SUBCORE_FIFO.xsdbm_v3_0_5_rdfifo_inst/inst_fifo_gen/gconvfifo.rf/grf.rf/gntv_or_sync_fifo.mem/gdm.dm_gen.dm/RAM_reg_0_15_0_13/DIG1
    SLICE_X83Y15         RAMD32                                       r  dbg_hub/inst/BSCANID.u_xsdbm_id/CORE_XSDB.UUT_MASTER/U_ICON_INTERFACE/U_CMD6_RD/U_RD_FIFO/SUBCORE_FIFO.xsdbm_v3_0_5_rdfifo_inst/inst_fifo_gen/gconvfifo.rf/grf.rf/gntv_or_sync_fifo.mem/gdm.dm_gen.dm/RAM_reg_0_15_0_13/RAMG_D1/I
  -------------------------------------------------------------------    -------------------

                         (clock mmcm_clkout5 rise edge)
                                                      0.000     0.000 r  
    AK17                                              0.000     0.000 r  sys_clk_p (IN)
                         net (fo=0)                   0.001     0.001    u_ddr4/inst/u_ddr4_mem_intfc/u_mig_ddr4_phy/inst/u_ddr4_phy_pll/diff_input_clk.u_ibufg_sys_clk/I
    HPIOBDIFFINBUF_X1Y35 DIFFINBUF (Prop_DIFFINBUF_HPIOBDIFFINBUF_DIFF_IN_P_O)
                                                      0.421     0.422 r  u_ddr4/inst/u_ddr4_mem_intfc/u_mig_ddr4_phy/inst/u_ddr4_phy_pll/diff_input_clk.u_ibufg_sys_clk/DIFFINBUF_INST/O
                         net (fo=1, routed)           0.048     0.470    u_ddr4/inst/u_ddr4_mem_intfc/u_mig_ddr4_phy/inst/u_ddr4_phy_pll/diff_input_clk.u_ibufg_sys_clk/OUT
    AK17                 IBUFCTRL (Prop_IBUFCTRL_HPIOB_I_O)
                                                      0.000     0.470 r  u_ddr4/inst/u_ddr4_mem_intfc/u_mig_ddr4_phy/inst/u_ddr4_phy_pll/diff_input_clk.u_ibufg_sys_clk/IBUFCTRL_INST/O
                         net (fo=2, routed)           0.457     0.927    u_ddr4/inst/u_ddr4_infrastructure/mmcm_clk_in
    MMCME3_ADV_X1Y1      MMCME3_ADV (Prop_MMCME3_ADV_CLKIN1_CLKOUT5)
                                                     -0.207     0.720 r  u_ddr4/inst/u_ddr4_infrastructure/gen_mmcme3.u_mmcme_adv_inst/CLKOUT5
                         net (fo=1, routed)           0.209     0.929    u_ddr4/inst/u_ddr4_infrastructure/mmcm_clkout5
    BUFGCE_X1Y34         BUFGCE (Prop_BUFCE_BUFGCE_I_O)
                                                      0.031     0.960 r  u_ddr4/inst/u_ddr4_infrastructure/u_bufg_dbg_clk/O
    X3Y0 (CLOCK_ROOT)    net (fo=568, routed)         1.175     2.135    dbg_hub/inst/BSCANID.u_xsdbm_id/CORE_XSDB.UUT_MASTER/U_ICON_INTERFACE/U_CMD6_RD/U_RD_FIFO/SUBCORE_FIFO.xsdbm_v3_0_5_rdfifo_inst/inst_fifo_gen/gconvfifo.rf/grf.rf/gntv_or_sync_fifo.mem/gdm.dm_gen.dm/RAM_reg_0_15_0_13/WCLK
    SLICE_X83Y15         RAMD32                                       r  dbg_hub/inst/BSCANID.u_xsdbm_id/CORE_XSDB.UUT_MASTER/U_ICON_INTERFACE/U_CMD6_RD/U_RD_FIFO/SUBCORE_FIFO.xsdbm_v3_0_5_rdfifo_inst/inst_fifo_gen/gconvfifo.rf/grf.rf/gntv_or_sync_fifo.mem/gdm.dm_gen.dm/RAM_reg_0_15_0_13/RAMG_D1/CLK
                         clock pessimism              0.080     2.215    
    SLICE_X83Y15         RAMD32 (Hold_G6LUT_SLICEM_CLK_I)
                                                      0.062     2.277    dbg_hub/inst/BSCANID.u_xsdbm_id/CORE_XSDB.UUT_MASTER/U_ICON_INTERFACE/U_CMD6_RD/U_RD_FIFO/SUBCORE_FIFO.xsdbm_v3_0_5_rdfifo_inst/inst_fifo_gen/gconvfifo.rf/grf.rf/gntv_or_sync_fifo.mem/gdm.dm_gen.dm/RAM_reg_0_15_0_13/RAMG_D1
  -------------------------------------------------------------------
                         required time                         -2.277    
                         arrival time                           2.318    
  -------------------------------------------------------------------
                         slack                                  0.041    





Pulse Width Checks
--------------------------------------------------------------------------------------
Clock Name:         mmcm_clkout5
Waveform(ns):       { 0.000 6.664 }
Period(ns):         13.328
Sources:            { u_ddr4/inst/u_ddr4_infrastructure/gen_mmcme3.u_mmcme_adv_inst/CLKOUT5 }

Check Type        Corner  Lib Pin     Reference Pin  Required(ns)  Actual(ns)  Slack(ns)  Location      Pin
Min Period        n/a     BUFGCE/I    n/a            1.379         13.328      11.949     BUFGCE_X1Y34  u_ddr4/inst/u_ddr4_infrastructure/u_bufg_dbg_clk/I
Low Pulse Width   Slow    RAMD32/CLK  n/a            0.668         6.664       5.996      SLICE_X83Y15  dbg_hub/inst/BSCANID.u_xsdbm_id/CORE_XSDB.UUT_MASTER/U_ICON_INTERFACE/U_CMD6_RD/U_RD_FIFO/SUBCORE_FIFO.xsdbm_v3_0_5_rdfifo_inst/inst_fifo_gen/gconvfifo.rf/grf.rf/gntv_or_sync_fifo.mem/gdm.dm_gen.dm/RAM_reg_0_15_0_13/RAMA/CLK
High Pulse Width  Slow    RAMD32/CLK  n/a            0.668         6.664       5.996      SLICE_X83Y15  dbg_hub/inst/BSCANID.u_xsdbm_id/CORE_XSDB.UUT_MASTER/U_ICON_INTERFACE/U_CMD6_RD/U_RD_FIFO/SUBCORE_FIFO.xsdbm_v3_0_5_rdfifo_inst/inst_fifo_gen/gconvfifo.rf/grf.rf/gntv_or_sync_fifo.mem/gdm.dm_gen.dm/RAM_reg_0_15_0_13/RAMA/CLK



---------------------------------------------------------------------------------------------------
From Clock:  mmcm_clkout6
  To Clock:  mmcm_clkout6

Setup :            0  Failing Endpoints,  Worst Slack        0.733ns,  Total Violation        0.000ns
Hold  :            0  Failing Endpoints,  Worst Slack        0.036ns,  Total Violation        0.000ns
PW    :            0  Failing Endpoints,  Worst Slack        0.694ns,  Total Violation        0.000ns
---------------------------------------------------------------------------------------------------


Max Delay Paths
--------------------------------------------------------------------------------------
Slack (MET) :             0.733ns  (required time - arrival time)
  Source:                 u_ddr4/inst/u_ddr4_mem_intfc/u_ddr_cal_riu/io_address_riuclk_reg[7]/C
                            (rising edge-triggered cell FDRE clocked by mmcm_clkout6  {rise@0.000ns fall@3.332ns period=6.664ns})
  Destination:            u_ddr4/inst/u_ddr4_mem_intfc/u_mig_ddr4_phy/inst/riu2clb_vld_read_data_reg[11]/D
                            (rising edge-triggered cell FDRE clocked by mmcm_clkout6  {rise@0.000ns fall@3.332ns period=6.664ns})
  Path Group:             mmcm_clkout6
  Path Type:              Setup (Max at Slow Process Corner)
  Requirement:            6.664ns  (mmcm_clkout6 rise@6.664ns - mmcm_clkout6 rise@0.000ns)
  Data Path Delay:        5.776ns  (logic 0.671ns (11.617%)  route 5.105ns (88.383%))
  Logic Levels:           6  (LUT2=1 LUT5=2 LUT6=3)
  Clock Path Skew:        -0.151ns (DCD - SCD + CPR)
    Destination Clock Delay (DCD):    3.840ns = ( 10.504 - 6.664 ) 
    Source Clock Delay      (SCD):    3.821ns
    Clock Pessimism Removal (CPR):    -0.170ns
  Clock Uncertainty:      0.064ns  ((TSJ^2 + DJ^2)^1/2) / 2 + PE
    Total System Jitter     (TSJ):    0.071ns
    Discrete Jitter          (DJ):    0.106ns
    Phase Error              (PE):    0.000ns
  Clock Net Delay (Source):      1.932ns (routing 0.496ns, distribution 1.436ns)
  Clock Net Delay (Destination): 1.741ns (routing 0.456ns, distribution 1.285ns)

    Location             Delay type                Incr(ns)  Path(ns)    Netlist Resource(s)
  -------------------------------------------------------------------    -------------------
                         (clock mmcm_clkout6 rise edge)
                                                      0.000     0.000 r  
    AK17                                              0.000     0.000 r  sys_clk_p (IN)
                         net (fo=0)                   0.001     0.001    u_ddr4/inst/u_ddr4_mem_intfc/u_mig_ddr4_phy/inst/u_ddr4_phy_pll/diff_input_clk.u_ibufg_sys_clk/I
    HPIOBDIFFINBUF_X1Y35 DIFFINBUF (Prop_DIFFINBUF_HPIOBDIFFINBUF_DIFF_IN_P_O)
                                                      0.534     0.535 r  u_ddr4/inst/u_ddr4_mem_intfc/u_mig_ddr4_phy/inst/u_ddr4_phy_pll/diff_input_clk.u_ibufg_sys_clk/DIFFINBUF_INST/O
                         net (fo=1, routed)           0.090     0.625    u_ddr4/inst/u_ddr4_mem_intfc/u_mig_ddr4_phy/inst/u_ddr4_phy_pll/diff_input_clk.u_ibufg_sys_clk/OUT
    AK17                 IBUFCTRL (Prop_IBUFCTRL_HPIOB_I_O)
                                                      0.000     0.625 r  u_ddr4/inst/u_ddr4_mem_intfc/u_mig_ddr4_phy/inst/u_ddr4_phy_pll/diff_input_clk.u_ibufg_sys_clk/IBUFCTRL_INST/O
                         net (fo=2, routed)           0.865     1.490    u_ddr4/inst/u_ddr4_infrastructure/mmcm_clk_in
    MMCME3_ADV_X1Y1      MMCME3_ADV (Prop_MMCME3_ADV_CLKIN1_CLKOUT6)
                                                     -0.121     1.369 r  u_ddr4/inst/u_ddr4_infrastructure/gen_mmcme3.u_mmcme_adv_inst/CLKOUT6
                         net (fo=1, routed)           0.437     1.806    u_ddr4/inst/u_ddr4_infrastructure/mmcm_clkout6
    BUFGCE_X1Y32         BUFGCE (Prop_BUFCE_BUFGCE_I_O)
                                                      0.083     1.889 r  u_ddr4/inst/u_ddr4_infrastructure/u_bufg_riuClk/O
    X2Y1 (CLOCK_ROOT)    net (fo=1744, routed)        1.932     3.821    u_ddr4/inst/u_ddr4_mem_intfc/u_ddr_cal_riu/CLK
    SLICE_X66Y92         FDRE                                         r  u_ddr4/inst/u_ddr4_mem_intfc/u_ddr_cal_riu/io_address_riuclk_reg[7]/C
  -------------------------------------------------------------------    -------------------
    SLICE_X66Y92         FDRE (Prop_GFF2_SLICEL_C_Q)
                                                      0.118     3.939 f  u_ddr4/inst/u_ddr4_mem_intfc/u_ddr_cal_riu/io_address_riuclk_reg[7]/Q
                         net (fo=43, routed)          0.451     4.390    u_ddr4/inst/u_ddr4_mem_intfc/u_mig_ddr4_phy/inst/io_address_riuclk[7]
    SLICE_X69Y91         LUT2 (Prop_D5LUT_SLICEL_I1_O)
                                                      0.133     4.523 r  u_ddr4/inst/u_ddr4_mem_intfc/u_mig_ddr4_phy/inst/riu_nibble_8[6]_INST_0_i_6/O
                         net (fo=7, routed)           0.441     4.964    u_ddr4/inst/u_ddr4_mem_intfc/u_mig_ddr4_phy/inst/riu_nibble_8[6]_INST_0_i_6_n_0
    SLICE_X68Y88         LUT6 (Prop_F6LUT_SLICEL_I4_O)
                                                      0.115     5.079 f  u_ddr4/inst/u_ddr4_mem_intfc/u_mig_ddr4_phy/inst/riu_nibble_8[2]_INST_0_i_13/O
                         net (fo=1, routed)           0.254     5.333    u_ddr4/inst/u_ddr4_mem_intfc/u_mig_ddr4_phy/inst/riu_nibble_8[2]_INST_0_i_13_n_0
    SLICE_X66Y90         LUT6 (Prop_F6LUT_SLICEL_I3_O)
                                                      0.072     5.405 r  u_ddr4/inst/u_ddr4_mem_intfc/u_mig_ddr4_phy/inst/riu_nibble_8[2]_INST_0_i_4/O
                         net (fo=2, routed)           0.352     5.757    u_ddr4/inst/u_ddr4_mem_intfc/u_mig_ddr4_phy/inst/riu_nibble_8[2]_INST_0_i_4_n_0
    SLICE_X67Y94         LUT5 (Prop_F6LUT_SLICEM_I2_O)
                                                      0.119     5.876 r  u_ddr4/inst/u_ddr4_mem_intfc/u_mig_ddr4_phy/inst/riu_nibble_8[2]_INST_0_i_1/O
                         net (fo=66, routed)          1.725     7.601    u_ddr4/inst/u_ddr4_mem_intfc/u_mig_ddr4_phy/inst/io_address_riuclk[12]_1
    SLICE_X51Y21         LUT6 (Prop_F6LUT_SLICEL_I2_O)
                                                      0.041     7.642 r  u_ddr4/inst/u_ddr4_mem_intfc/u_mig_ddr4_phy/inst/riu2clb_vld_read_data[11]_i_2/O
                         net (fo=1, routed)           1.855     9.497    u_ddr4/inst/u_ddr4_mem_intfc/u_mig_ddr4_phy/inst/riu2clb_vld_read_data[11]_i_2_n_0
    SLICE_X49Y160        LUT5 (Prop_H6LUT_SLICEM_I0_O)
                                                      0.073     9.570 r  u_ddr4/inst/u_ddr4_mem_intfc/u_mig_ddr4_phy/inst/riu2clb_vld_read_data[11]_i_1/O
                         net (fo=1, routed)           0.027     9.597    u_ddr4/inst/u_ddr4_mem_intfc/u_mig_ddr4_phy/inst/riu2clb_vld_read_data[11]_i_1_n_0
    SLICE_X49Y160        FDRE                                         r  u_ddr4/inst/u_ddr4_mem_intfc/u_mig_ddr4_phy/inst/riu2clb_vld_read_data_reg[11]/D
  -------------------------------------------------------------------    -------------------

                         (clock mmcm_clkout6 rise edge)
                                                      6.664     6.664 r  
    AK17                                              0.000     6.664 r  sys_clk_p (IN)
                         net (fo=0)                   0.001     6.665    u_ddr4/inst/u_ddr4_mem_intfc/u_mig_ddr4_phy/inst/u_ddr4_phy_pll/diff_input_clk.u_ibufg_sys_clk/I
    HPIOBDIFFINBUF_X1Y35 DIFFINBUF (Prop_DIFFINBUF_HPIOBDIFFINBUF_DIFF_IN_P_O)
                                                      0.377     7.042 r  u_ddr4/inst/u_ddr4_mem_intfc/u_mig_ddr4_phy/inst/u_ddr4_phy_pll/diff_input_clk.u_ibufg_sys_clk/DIFFINBUF_INST/O
                         net (fo=1, routed)           0.051     7.093    u_ddr4/inst/u_ddr4_mem_intfc/u_mig_ddr4_phy/inst/u_ddr4_phy_pll/diff_input_clk.u_ibufg_sys_clk/OUT
    AK17                 IBUFCTRL (Prop_IBUFCTRL_HPIOB_I_O)
                                                      0.000     7.093 r  u_ddr4/inst/u_ddr4_mem_intfc/u_mig_ddr4_phy/inst/u_ddr4_phy_pll/diff_input_clk.u_ibufg_sys_clk/IBUFCTRL_INST/O
                         net (fo=2, routed)           0.778     7.871    u_ddr4/inst/u_ddr4_infrastructure/mmcm_clk_in
    MMCME3_ADV_X1Y1      MMCME3_ADV (Prop_MMCME3_ADV_CLKIN1_CLKOUT6)
                                                      0.445     8.316 r  u_ddr4/inst/u_ddr4_infrastructure/gen_mmcme3.u_mmcme_adv_inst/CLKOUT6
                         net (fo=1, routed)           0.372     8.688    u_ddr4/inst/u_ddr4_infrastructure/mmcm_clkout6
    BUFGCE_X1Y32         BUFGCE (Prop_BUFCE_BUFGCE_I_O)
                                                      0.075     8.763 r  u_ddr4/inst/u_ddr4_infrastructure/u_bufg_riuClk/O
    X2Y1 (CLOCK_ROOT)    net (fo=1744, routed)        1.741    10.504    u_ddr4/inst/u_ddr4_mem_intfc/u_mig_ddr4_phy/inst/riu_clk
    SLICE_X49Y160        FDRE                                         r  u_ddr4/inst/u_ddr4_mem_intfc/u_mig_ddr4_phy/inst/riu2clb_vld_read_data_reg[11]/C
                         clock pessimism             -0.170    10.334    
                         clock uncertainty           -0.064    10.270    
    SLICE_X49Y160        FDRE (Setup_HFF_SLICEM_C_D)
                                                      0.060    10.330    u_ddr4/inst/u_ddr4_mem_intfc/u_mig_ddr4_phy/inst/riu2clb_vld_read_data_reg[11]
  -------------------------------------------------------------------
                         required time                         10.330    
                         arrival time                          -9.597    
  -------------------------------------------------------------------
                         slack                                  0.733    





Min Delay Paths
--------------------------------------------------------------------------------------
Slack (MET) :             0.036ns  (arrival time - required time)
  Source:                 u_ddr4/inst/u_ddr4_mem_intfc/u_mig_ddr4_phy/inst/clb2riu_nibble_sel_low_reg[5]/C
                            (rising edge-triggered cell FDRE clocked by mmcm_clkout6  {rise@0.000ns fall@3.332ns period=6.664ns})
  Destination:            u_ddr4/inst/u_ddr4_mem_intfc/u_mig_ddr4_phy/inst/generate_block1.u_ddr_xiphy/byte_num[5].xiphy_byte_wrapper.u_xiphy_byte_wrapper/I_CONTROL[0].GEN_I_CONTROL.u_xiphy_control/xiphy_control/RIU_NIBBLE_SEL
                            (rising edge-triggered cell BITSLICE_CONTROL clocked by mmcm_clkout6  {rise@0.000ns fall@3.332ns period=6.664ns})
  Path Group:             mmcm_clkout6
  Path Type:              Hold (Min at Fast Process Corner)
  Requirement:            0.000ns  (mmcm_clkout6 rise@0.000ns - mmcm_clkout6 rise@0.000ns)
  Data Path Delay:        0.482ns  (logic 0.049ns (10.166%)  route 0.433ns (89.834%))
  Logic Levels:           0  
  Clock Path Skew:        -0.006ns (DCD - SCD - CPR)
    Destination Clock Delay (DCD):    1.820ns
    Source Clock Delay      (SCD):    1.922ns
    Clock Pessimism Removal (CPR):    -0.096ns
  Clock Net Delay (Source):      0.786ns (routing 0.208ns, distribution 0.578ns)
  Clock Net Delay (Destination): 0.860ns (routing 0.232ns, distribution 0.628ns)

    Location             Delay type                Incr(ns)  Path(ns)    Netlist Resource(s)
  -------------------------------------------------------------------    -------------------
                         (clock mmcm_clkout6 rise edge)
                                                      0.000     0.000 r  
    AK17                                              0.000     0.000 r  sys_clk_p (IN)
                         net (fo=0)                   0.001     0.001    u_ddr4/inst/u_ddr4_mem_intfc/u_mig_ddr4_phy/inst/u_ddr4_phy_pll/diff_input_clk.u_ibufg_sys_clk/I
    HPIOBDIFFINBUF_X1Y35 DIFFINBUF (Prop_DIFFINBUF_HPIOBDIFFINBUF_DIFF_IN_P_O)
                                                      0.238     0.239 r  u_ddr4/inst/u_ddr4_mem_intfc/u_mig_ddr4_phy/inst/u_ddr4_phy_pll/diff_input_clk.u_ibufg_sys_clk/DIFFINBUF_INST/O
                         net (fo=1, routed)           0.028     0.267    u_ddr4/inst/u_ddr4_mem_intfc/u_mig_ddr4_phy/inst/u_ddr4_phy_pll/diff_input_clk.u_ibufg_sys_clk/OUT
    AK17                 IBUFCTRL (Prop_IBUFCTRL_HPIOB_I_O)
                                                      0.000     0.267 r  u_ddr4/inst/u_ddr4_mem_intfc/u_mig_ddr4_phy/inst/u_ddr4_phy_pll/diff_input_clk.u_ibufg_sys_clk/IBUFCTRL_INST/O
                         net (fo=2, routed)           0.405     0.672    u_ddr4/inst/u_ddr4_infrastructure/mmcm_clk_in
    MMCME3_ADV_X1Y1      MMCME3_ADV (Prop_MMCME3_ADV_CLKIN1_CLKOUT6)
                                                      0.270     0.942 r  u_ddr4/inst/u_ddr4_infrastructure/gen_mmcme3.u_mmcme_adv_inst/CLKOUT6
                         net (fo=1, routed)           0.167     1.109    u_ddr4/inst/u_ddr4_infrastructure/mmcm_clkout6
    BUFGCE_X1Y32         BUFGCE (Prop_BUFCE_BUFGCE_I_O)
                                                      0.027     1.136 r  u_ddr4/inst/u_ddr4_infrastructure/u_bufg_riuClk/O
    X2Y1 (CLOCK_ROOT)    net (fo=1744, routed)        0.786     1.922    u_ddr4/inst/u_ddr4_mem_intfc/u_mig_ddr4_phy/inst/riu_clk
    SLICE_X51Y101        FDRE                                         r  u_ddr4/inst/u_ddr4_mem_intfc/u_mig_ddr4_phy/inst/clb2riu_nibble_sel_low_reg[5]/C
  -------------------------------------------------------------------    -------------------
    SLICE_X51Y101        FDRE (Prop_FFF_SLICEL_C_Q)
                                                      0.049     1.971 r  u_ddr4/inst/u_ddr4_mem_intfc/u_mig_ddr4_phy/inst/clb2riu_nibble_sel_low_reg[5]/Q
                         net (fo=1, routed)           0.433     2.404    u_ddr4/inst/u_ddr4_mem_intfc/u_mig_ddr4_phy/inst/generate_block1.u_ddr_xiphy/byte_num[5].xiphy_byte_wrapper.u_xiphy_byte_wrapper/I_CONTROL[0].GEN_I_CONTROL.u_xiphy_control/Q[0]
    BITSLICE_CONTROL_X1Y10
                         BITSLICE_CONTROL                             r  u_ddr4/inst/u_ddr4_mem_intfc/u_mig_ddr4_phy/inst/generate_block1.u_ddr_xiphy/byte_num[5].xiphy_byte_wrapper.u_xiphy_byte_wrapper/I_CONTROL[0].GEN_I_CONTROL.u_xiphy_control/xiphy_control/RIU_NIBBLE_SEL
  -------------------------------------------------------------------    -------------------

                         (clock mmcm_clkout6 rise edge)
                                                      0.000     0.000 r  
    AK17                                              0.000     0.000 r  sys_clk_p (IN)
                         net (fo=0)                   0.001     0.001    u_ddr4/inst/u_ddr4_mem_intfc/u_mig_ddr4_phy/inst/u_ddr4_phy_pll/diff_input_clk.u_ibufg_sys_clk/I
    HPIOBDIFFINBUF_X1Y35 DIFFINBUF (Prop_DIFFINBUF_HPIOBDIFFINBUF_DIFF_IN_P_O)
                                                      0.421     0.422 r  u_ddr4/inst/u_ddr4_mem_intfc/u_mig_ddr4_phy/inst/u_ddr4_phy_pll/diff_input_clk.u_ibufg_sys_clk/DIFFINBUF_INST/O
                         net (fo=1, routed)           0.048     0.470    u_ddr4/inst/u_ddr4_mem_intfc/u_mig_ddr4_phy/inst/u_ddr4_phy_pll/diff_input_clk.u_ibufg_sys_clk/OUT
    AK17                 IBUFCTRL (Prop_IBUFCTRL_HPIOB_I_O)
                                                      0.000     0.470 r  u_ddr4/inst/u_ddr4_mem_intfc/u_mig_ddr4_phy/inst/u_ddr4_phy_pll/diff_input_clk.u_ibufg_sys_clk/IBUFCTRL_INST/O
                         net (fo=2, routed)           0.457     0.927    u_ddr4/inst/u_ddr4_infrastructure/mmcm_clk_in
    MMCME3_ADV_X1Y1      MMCME3_ADV (Prop_MMCME3_ADV_CLKIN1_CLKOUT6)
                                                     -0.207     0.720 r  u_ddr4/inst/u_ddr4_infrastructure/gen_mmcme3.u_mmcme_adv_inst/CLKOUT6
                         net (fo=1, routed)           0.209     0.929    u_ddr4/inst/u_ddr4_infrastructure/mmcm_clkout6
    BUFGCE_X1Y32         BUFGCE (Prop_BUFCE_BUFGCE_I_O)
                                                      0.031     0.960 r  u_ddr4/inst/u_ddr4_infrastructure/u_bufg_riuClk/O
    X2Y1 (CLOCK_ROOT)    net (fo=1744, routed)        0.860     1.820    u_ddr4/inst/u_ddr4_mem_intfc/u_mig_ddr4_phy/inst/generate_block1.u_ddr_xiphy/byte_num[5].xiphy_byte_wrapper.u_xiphy_byte_wrapper/I_CONTROL[0].GEN_I_CONTROL.u_xiphy_control/riu_clk
    BITSLICE_CONTROL_X1Y10
                         BITSLICE_CONTROL                             r  u_ddr4/inst/u_ddr4_mem_intfc/u_mig_ddr4_phy/inst/generate_block1.u_ddr_xiphy/byte_num[5].xiphy_byte_wrapper.u_xiphy_byte_wrapper/I_CONTROL[0].GEN_I_CONTROL.u_xiphy_control/xiphy_control/RIU_CLK
                         clock pessimism              0.096     1.916    
    BITSLICE_CONTROL_X1Y10
                         BITSLICE_CONTROL (Hold_CONTROL_BITSLICE_CONTROL_RIU_CLK_RIU_NIBBLE_SEL)
                                                      0.452     2.368    u_ddr4/inst/u_ddr4_mem_intfc/u_mig_ddr4_phy/inst/generate_block1.u_ddr_xiphy/byte_num[5].xiphy_byte_wrapper.u_xiphy_byte_wrapper/I_CONTROL[0].GEN_I_CONTROL.u_xiphy_control/xiphy_control
  -------------------------------------------------------------------
                         required time                         -2.368    
                         arrival time                           2.404    
  -------------------------------------------------------------------
                         slack                                  0.036    





Pulse Width Checks
--------------------------------------------------------------------------------------
Clock Name:         mmcm_clkout6
Waveform(ns):       { 0.000 3.332 }
Period(ns):         6.664
Sources:            { u_ddr4/inst/u_ddr4_infrastructure/gen_mmcme3.u_mmcme_adv_inst/CLKOUT6 }

Check Type        Corner  Lib Pin                   Reference Pin             Required(ns)  Actual(ns)  Slack(ns)  Location                Pin
Min Period        n/a     BITSLICE_CONTROL/RIU_CLK  n/a                       5.000         6.664       1.664      BITSLICE_CONTROL_X1Y0   u_ddr4/inst/u_ddr4_mem_intfc/u_mig_ddr4_phy/inst/generate_block1.u_ddr_xiphy/byte_num[0].xiphy_byte_wrapper.u_xiphy_byte_wrapper/I_CONTROL[0].GEN_I_CONTROL.u_xiphy_control/xiphy_control/RIU_CLK
Low Pulse Width   Slow    BITSLICE_CONTROL/RIU_CLK  n/a                       2.250         3.332       1.082      BITSLICE_CONTROL_X1Y0   u_ddr4/inst/u_ddr4_mem_intfc/u_mig_ddr4_phy/inst/generate_block1.u_ddr_xiphy/byte_num[0].xiphy_byte_wrapper.u_xiphy_byte_wrapper/I_CONTROL[0].GEN_I_CONTROL.u_xiphy_control/xiphy_control/RIU_CLK
High Pulse Width  Slow    BITSLICE_CONTROL/RIU_CLK  n/a                       2.250         3.332       1.082      BITSLICE_CONTROL_X1Y0   u_ddr4/inst/u_ddr4_mem_intfc/u_mig_ddr4_phy/inst/generate_block1.u_ddr_xiphy/byte_num[0].xiphy_byte_wrapper.u_xiphy_byte_wrapper/I_CONTROL[0].GEN_I_CONTROL.u_xiphy_control/xiphy_control/RIU_CLK
Max Skew          Fast    BITSLICE_CONTROL/RIU_CLK  BITSLICE_CONTROL/PLL_CLK  1.400         0.706       0.694      BITSLICE_CONTROL_X1Y23  u_ddr4/inst/u_ddr4_mem_intfc/u_mig_ddr4_phy/inst/generate_block1.u_ddr_xiphy/byte_num[11].xiphy_byte_wrapper.u_xiphy_byte_wrapper/I_CONTROL[1].GEN_I_CONTROL.u_xiphy_control/xiphy_control/RIU_CLK



---------------------------------------------------------------------------------------------------
From Clock:  mmcm_clkout5
  To Clock:  dbg_hub/inst/BSCANID.u_xsdbm_id/SWITCH_N_EXT_BSCAN.bscan_inst/SERIES7_BSCAN.bscan_inst/TCK

Setup :            0  Failing Endpoints,  Worst Slack       12.576ns,  Total Violation        0.000ns
Hold  :           NA  Failing Endpoints,  Worst Slack           NA  ,  Total Violation           NA
---------------------------------------------------------------------------------------------------


Max Delay Paths
--------------------------------------------------------------------------------------
Slack (MET) :             12.576ns  (required time - arrival time)
  Source:                 dbg_hub/inst/BSCANID.u_xsdbm_id/CORE_XSDB.UUT_MASTER/U_ICON_INTERFACE/U_CMD6_WR/U_WR_FIFO/SUBCORE_FIFO.xsdbm_v3_0_5_wrfifo_inst/inst_fifo_gen/gconvfifo.rf/grf.rf/gntv_or_sync_fifo.gcx.clkx/gnxpm_cdc.rd_pntr_gc_reg[0]/C
                            (rising edge-triggered cell FDCE clocked by mmcm_clkout5  {rise@0.000ns fall@6.664ns period=13.328ns})
  Destination:            dbg_hub/inst/BSCANID.u_xsdbm_id/CORE_XSDB.UUT_MASTER/U_ICON_INTERFACE/U_CMD6_WR/U_WR_FIFO/SUBCORE_FIFO.xsdbm_v3_0_5_wrfifo_inst/inst_fifo_gen/gconvfifo.rf/grf.rf/gntv_or_sync_fifo.gcx.clkx/gnxpm_cdc.gsync_stage[1].wr_stg_inst/Q_reg_reg[0]/D
                            (rising edge-triggered cell FDCE clocked by dbg_hub/inst/BSCANID.u_xsdbm_id/SWITCH_N_EXT_BSCAN.bscan_inst/SERIES7_BSCAN.bscan_inst/TCK  {rise@0.000ns fall@16.500ns period=33.000ns})
  Path Group:             dbg_hub/inst/BSCANID.u_xsdbm_id/SWITCH_N_EXT_BSCAN.bscan_inst/SERIES7_BSCAN.bscan_inst/TCK
  Path Type:              Setup (Max at Slow Process Corner)
  Requirement:            13.328ns  (MaxDelay Path 13.328ns)
  Data Path Delay:        0.814ns  (logic 0.114ns (14.005%)  route 0.700ns (85.995%))
  Logic Levels:           0  
  Timing Exception:       MaxDelay Path 13.328ns -datapath_only

    Location             Delay type                Incr(ns)  Path(ns)    Netlist Resource(s)
  -------------------------------------------------------------------    -------------------
    SLICE_X90Y24                                      0.000     0.000 r  dbg_hub/inst/BSCANID.u_xsdbm_id/CORE_XSDB.UUT_MASTER/U_ICON_INTERFACE/U_CMD6_WR/U_WR_FIFO/SUBCORE_FIFO.xsdbm_v3_0_5_wrfifo_inst/inst_fifo_gen/gconvfifo.rf/grf.rf/gntv_or_sync_fifo.gcx.clkx/gnxpm_cdc.rd_pntr_gc_reg[0]/C
    SLICE_X90Y24         FDCE (Prop_EFF_SLICEM_C_Q)
                                                      0.114     0.114 r  dbg_hub/inst/BSCANID.u_xsdbm_id/CORE_XSDB.UUT_MASTER/U_ICON_INTERFACE/U_CMD6_WR/U_WR_FIFO/SUBCORE_FIFO.xsdbm_v3_0_5_wrfifo_inst/inst_fifo_gen/gconvfifo.rf/grf.rf/gntv_or_sync_fifo.gcx.clkx/gnxpm_cdc.rd_pntr_gc_reg[0]/Q
                         net (fo=1, routed)           0.700     0.814    dbg_hub/inst/BSCANID.u_xsdbm_id/CORE_XSDB.UUT_MASTER/U_ICON_INTERFACE/U_CMD6_WR/U_WR_FIFO/SUBCORE_FIFO.xsdbm_v3_0_5_wrfifo_inst/inst_fifo_gen/gconvfifo.rf/grf.rf/gntv_or_sync_fifo.gcx.clkx/gnxpm_cdc.gsync_stage[1].wr_stg_inst/Q[0]
    SLICE_X90Y28         FDCE                                         r  dbg_hub/inst/BSCANID.u_xsdbm_id/CORE_XSDB.UUT_MASTER/U_ICON_INTERFACE/U_CMD6_WR/U_WR_FIFO/SUBCORE_FIFO.xsdbm_v3_0_5_wrfifo_inst/inst_fifo_gen/gconvfifo.rf/grf.rf/gntv_or_sync_fifo.gcx.clkx/gnxpm_cdc.gsync_stage[1].wr_stg_inst/Q_reg_reg[0]/D
  -------------------------------------------------------------------    -------------------

                         max delay                   13.328    13.328    
    SLICE_X90Y28         FDCE (Setup_CFF2_SLICEM_C_D)
                                                      0.062    13.390    dbg_hub/inst/BSCANID.u_xsdbm_id/CORE_XSDB.UUT_MASTER/U_ICON_INTERFACE/U_CMD6_WR/U_WR_FIFO/SUBCORE_FIFO.xsdbm_v3_0_5_wrfifo_inst/inst_fifo_gen/gconvfifo.rf/grf.rf/gntv_or_sync_fifo.gcx.clkx/gnxpm_cdc.gsync_stage[1].wr_stg_inst/Q_reg_reg[0]
  -------------------------------------------------------------------
                         required time                         13.390    
                         arrival time                          -0.814    
  -------------------------------------------------------------------
                         slack                                 12.576    





---------------------------------------------------------------------------------------------------
From Clock:  mmcm_clkout0
  To Clock:  pcie_clk

Setup :            0  Failing Endpoints,  Worst Slack        2.294ns,  Total Violation        0.000ns
Hold  :           NA  Failing Endpoints,  Worst Slack           NA  ,  Total Violation           NA
---------------------------------------------------------------------------------------------------


Max Delay Paths
--------------------------------------------------------------------------------------
Slack (MET) :             2.294ns  (required time - arrival time)
  Source:                 u_readback/requests/u_fifo/gnuram_async_fifo.xpm_fifo_base_inst/gen_cdc_pntr.rd_pntr_cdc_inst/src_gray_ff_reg[1]/C
                            (rising edge-triggered cell FDRE clocked by mmcm_clkout0  {rise@0.000ns fall@1.666ns period=3.332ns})
  Destination:            u_readback/requests/u_fifo/gnuram_async_fifo.xpm_fifo_base_inst/gen_cdc_pntr.rd_pntr_cdc_inst/dest_graysync_ff_reg[0][1]/D
                            (rising edge-triggered cell FDRE clocked by pcie_clk  {rise@0.000ns fall@2.000ns period=4.000ns})
  Path Group:             pcie_clk
  Path Type:              Setup (Max at Slow Process Corner)
  Requirement:            3.332ns  (MaxDelay Path 3.332ns)
  Data Path Delay:        1.101ns  (logic 0.118ns (10.718%)  route 0.983ns (89.282%))
  Logic Levels:           0  
  Timing Exception:       MaxDelay Path 3.332ns -datapath_only

    Location             Delay type                Incr(ns)  Path(ns)    Netlist Resource(s)
  -------------------------------------------------------------------    -------------------
    SLICE_X95Y95                                      0.000     0.000 r  u_readback/requests/u_fifo/gnuram_async_fifo.xpm_fifo_base_inst/gen_cdc_pntr.rd_pntr_cdc_inst/src_gray_ff_reg[1]/C
    SLICE_X95Y95         FDRE (Prop_GFF2_SLICEM_C_Q)
                                                      0.118     0.118 r  u_readback/requests/u_fifo/gnuram_async_fifo.xpm_fifo_base_inst/gen_cdc_pntr.rd_pntr_cdc_inst/src_gray_ff_reg[1]/Q
                         net (fo=1, routed)           0.983     1.101    u_readback/requests/u_fifo/gnuram_async_fifo.xpm_fifo_base_inst/gen_cdc_pntr.rd_pntr_cdc_inst/async_path[1]
    SLICE_X96Y89         FDRE                                         r  u_readback/requests/u_fifo/gnuram_async_fifo.xpm_fifo_base_inst/gen_cdc_pntr.rd_pntr_cdc_inst/dest_graysync_ff_reg[0][1]/D
  -------------------------------------------------------------------    -------------------

                         max delay                    3.332     3.332    
    SLICE_X96Y89         FDRE (Setup_DFF2_SLICEL_C_D)
                                                      0.063     3.395    u_readback/requests/u_fifo/gnuram_async_fifo.xpm_fifo_base_inst/gen_cdc_pntr.rd_pntr_cdc_inst/dest_graysync_ff_reg[0][1]
  -------------------------------------------------------------------
                         required time                          3.395    
                         arrival time                          -1.101    
  -------------------------------------------------------------------
                         slack                                  2.294    





---------------------------------------------------------------------------------------------------
From Clock:  clk_out1_hdmi_net_clock
  To Clock:  pcie_clk

Setup :            0  Failing Endpoints,  Worst Slack        2.755ns,  Total Violation        0.000ns
Hold  :           NA  Failing Endpoints,  Worst Slack           NA  ,  Total Violation           NA
---------------------------------------------------------------------------------------------------


Max Delay Paths
--------------------------------------------------------------------------------------
Slack (MET) :             2.755ns  (required time - arrival time)
  Source:                 u_ingress/c_stats/src_hsdata_ff_reg[100]/C
                            (rising edge-triggered cell FDRE clocked by clk_out1_hdmi_net_clock  {rise@0.000ns fall@4.998ns period=9.996ns})
  Destination:            u_ingress/c_stats/dest_hsdata_ff_reg[100]/D
                            (rising edge-triggered cell FDRE clocked by pcie_clk  {rise@0.000ns fall@2.000ns period=4.000ns})
  Path Group:             pcie_clk
  Path Type:              Setup (Max at Slow Process Corner)
  Requirement:            4.000ns  (MaxDelay Path 4.000ns)
  Data Path Delay:        1.305ns  (logic 0.117ns (8.966%)  route 1.188ns (91.034%))
  Logic Levels:           0  
  Timing Exception:       MaxDelay Path 4.000ns -datapath_only

    Location             Delay type                Incr(ns)  Path(ns)    Netlist Resource(s)
  -------------------------------------------------------------------    -------------------
    SLICE_X95Y67                                      0.000     0.000 r  u_ingress/c_stats/src_hsdata_ff_reg[100]/C
    SLICE_X95Y67         FDRE (Prop_DFF2_SLICEM_C_Q)
                                                      0.117     0.117 r  u_ingress/c_stats/src_hsdata_ff_reg[100]/Q
                         net (fo=1, routed)           1.188     1.305    u_ingress/c_stats/src_hsdata_ff[100]
    SLICE_X104Y67        FDRE                                         r  u_ingress/c_stats/dest_hsdata_ff_reg[100]/D
  -------------------------------------------------------------------    -------------------

                         max delay                    4.000     4.000    
    SLICE_X104Y67        FDRE (Setup_EFF_SLICEL_C_D)
                                                      0.060     4.060    u_ingress/c_stats/dest_hsdata_ff_reg[100]
  -------------------------------------------------------------------
                         required time                          4.060    
                         arrival time                          -1.305    
  -------------------------------------------------------------------
                         slack                                  2.755    





---------------------------------------------------------------------------------------------------
From Clock:  pcie_clk
  To Clock:  pipe_clk

Setup :            0  Failing Endpoints,  Worst Slack        0.894ns,  Total Violation        0.000ns
Hold  :            0  Failing Endpoints,  Worst Slack        0.142ns,  Total Violation        0.000ns
---------------------------------------------------------------------------------------------------


Max Delay Paths
--------------------------------------------------------------------------------------
Slack (MET) :             0.894ns  (required time - arrival time)
  Source:                 u_pcie/design_1_i/xdma_0/inst/pcie3_ip_i/inst/design_1_xdma_0_0_pcie3_ip_pcie3_uscale_top_inst/init_ctrl_inst/reg_state_reg[2]/C
                            (rising edge-triggered cell FDCE clocked by pcie_clk  {rise@0.000ns fall@2.000ns period=4.000ns})
  Destination:            u_pcie/design_1_i/xdma_0/inst/pcie3_ip_i/inst/design_1_xdma_0_0_pcie3_ip_pcie3_uscale_top_inst/pipe_pipeline_inst/pipe_8_lane.pipe_lane_7_inst/pipe_stages_1.pipe_rx_eqcontrol_q_reg[0]/R
                            (rising edge-triggered cell FDRE clocked by pipe_clk  {rise@0.000ns fall@2.000ns period=4.000ns})
  Path Group:             pipe_clk
  Path Type:              Setup (Max at Slow Process Corner)
  Requirement:            4.000ns  (pipe_clk rise@4.000ns - pcie_clk rise@0.000ns)
  Data Path Delay:        2.630ns  (logic 0.291ns (11.065%)  route 2.339ns (88.935%))
  Logic Levels:           1  (LUT2=1)
  Clock Path Skew:        -0.358ns (DCD - SCD + CPR)
    Destination Clock Delay (DCD):    2.140ns = ( 6.140 - 4.000 ) 
    Source Clock Delay      (SCD):    2.510ns
    Clock Pessimism Removal (CPR):    0.012ns
  Clock Uncertainty:      0.035ns  ((TSJ^2 + TIJ^2)^1/2 + DJ) / 2 + PE
    Total System Jitter     (TSJ):    0.071ns
    Total Input Jitter      (TIJ):    0.000ns
    Discrete Jitter          (DJ):    0.000ns
    Phase Error              (PE):    0.000ns
  Clock Net Delay (Source):      2.113ns (routing 0.522ns, distribution 1.591ns)
  Clock Net Delay (Destination): 1.811ns (routing 0.468ns, distribution 1.343ns)

    Location             Delay type                Incr(ns)  Path(ns)    Netlist Resource(s)
  -------------------------------------------------------------------    -------------------
                         (clock pcie_clk rise edge)
                                                      0.000     0.000 r  
    GTHE3_CHANNEL_X1Y7   GTHE3_CHANNEL                0.000     0.000 r  u_pcie/design_1_i/xdma_0/inst/pcie3_ip_i/inst/design_1_xdma_0_0_pcie3_ip_gt_top_i/gt_wizard.gtwizard_top_i/design_1_xdma_0_0_pcie3_ip_gt_i/inst/gen_gtwizard_gthe3_top.design_1_xdma_0_0_pcie3_ip_gt_gtwizard_gthe3_inst/gen_gtwizard_gthe3.gen_channel_container[25].gen_enabled_channel.gthe3_channel_wrapper_inst/channel_inst/gthe3_channel_gen.gen_gthe3_channel_inst[3].GTHE3_CHANNEL_PRIM_INST/TXOUTCLK
                         net (fo=5, routed)           0.082     0.082    u_pcie/design_1_i/xdma_0/inst/pcie3_ip_i/inst/design_1_xdma_0_0_pcie3_ip_gt_top_i/phy_clk_i/CLK_USERCLK_IN
    BUFG_GT_X1Y47        BUFG_GT (Prop_BUFG_GT_I_O)
                                                      0.315     0.397 r  u_pcie/design_1_i/xdma_0/inst/pcie3_ip_i/inst/design_1_xdma_0_0_pcie3_ip_gt_top_i/phy_clk_i/bufg_gt_userclk/O
    X4Y1 (CLOCK_ROOT)    net (fo=38944, routed)       2.113     2.510    u_pcie/design_1_i/xdma_0/inst/pcie3_ip_i/inst/design_1_xdma_0_0_pcie3_ip_pcie3_uscale_top_inst/init_ctrl_inst/CLK
    SLICE_X140Y49        FDCE                                         r  u_pcie/design_1_i/xdma_0/inst/pcie3_ip_i/inst/design_1_xdma_0_0_pcie3_ip_pcie3_uscale_top_inst/init_ctrl_inst/reg_state_reg[2]/C
  -------------------------------------------------------------------    -------------------
    SLICE_X140Y49        FDCE (Prop_BFF2_SLICEL_C_Q)
                                                      0.118     2.628 f  u_pcie/design_1_i/xdma_0/inst/pcie3_ip_i/inst/design_1_xdma_0_0_pcie3_ip_pcie3_uscale_top_inst/init_ctrl_inst/reg_state_reg[2]/Q
                         net (fo=8, routed)           0.665     3.293    u_pcie/design_1_i/xdma_0/inst/pcie3_ip_i/inst/design_1_xdma_0_0_pcie3_ip_pcie3_uscale_top_inst/init_ctrl_inst/reg_state_reg_n_0_[2]
    SLICE_X137Y22        LUT2 (Prop_E6LUT_SLICEL_I0_O)
                                                      0.173     3.466 r  u_pcie/design_1_i/xdma_0/inst/pcie3_ip_i/inst/design_1_xdma_0_0_pcie3_ip_pcie3_uscale_top_inst/init_ctrl_inst/reg_cfg_tph_stt_read_enable_i_i_1_replica/O
                         net (fo=326, routed)         1.674     5.140    u_pcie/design_1_i/xdma_0/inst/pcie3_ip_i/inst/design_1_xdma_0_0_pcie3_ip_pcie3_uscale_top_inst/pipe_pipeline_inst/pipe_8_lane.pipe_lane_7_inst/SR[0]_repN_alias
    SLICE_X124Y11        FDRE                                         r  u_pcie/design_1_i/xdma_0/inst/pcie3_ip_i/inst/design_1_xdma_0_0_pcie3_ip_pcie3_uscale_top_inst/pipe_pipeline_inst/pipe_8_lane.pipe_lane_7_inst/pipe_stages_1.pipe_rx_eqcontrol_q_reg[0]/R
  -------------------------------------------------------------------    -------------------

                         (clock pipe_clk rise edge)
                                                      4.000     4.000 r  
    GTHE3_CHANNEL_X1Y7   GTHE3_CHANNEL                0.000     4.000 r  u_pcie/design_1_i/xdma_0/inst/pcie3_ip_i/inst/design_1_xdma_0_0_pcie3_ip_gt_top_i/gt_wizard.gtwizard_top_i/design_1_xdma_0_0_pcie3_ip_gt_i/inst/gen_gtwizard_gthe3_top.design_1_xdma_0_0_pcie3_ip_gt_gtwizard_gthe3_inst/gen_gtwizard_gthe3.gen_channel_container[25].gen_enabled_channel.gthe3_channel_wrapper_inst/channel_inst/gthe3_channel_gen.gen_gthe3_channel_inst[3].GTHE3_CHANNEL_PRIM_INST/TXOUTCLK
                         net (fo=5, routed)           0.046     4.046    u_pcie/design_1_i/xdma_0/inst/pcie3_ip_i/inst/design_1_xdma_0_0_pcie3_ip_gt_top_i/phy_clk_i/CLK_USERCLK_IN
    BUFG_GT_X1Y37        BUFG_GT (Prop_BUFG_GT_I_O)
                                                      0.283     4.329 r  u_pcie/design_1_i/xdma_0/inst/pcie3_ip_i/inst/design_1_xdma_0_0_pcie3_ip_gt_top_i/phy_clk_i/bufg_gt_pclk/O
    X4Y1 (CLOCK_ROOT)    net (fo=2075, routed)        1.811     6.140    u_pcie/design_1_i/xdma_0/inst/pcie3_ip_i/inst/design_1_xdma_0_0_pcie3_ip_pcie3_uscale_top_inst/pipe_pipeline_inst/pipe_8_lane.pipe_lane_7_inst/pipe_stages_1.pipe_rx_polarity_q_reg_0
    SLICE_X124Y11        FDRE                                         r  u_pcie/design_1_i/xdma_0/inst/pcie3_ip_i/inst/design_1_xdma_0_0_pcie3_ip_pcie3_uscale_top_inst/pipe_pipeline_inst/pipe_8_lane.pipe_lane_7_inst/pipe_stages_1.pipe_rx_eqcontrol_q_reg[0]/C
                         clock pessimism              0.012     6.152    
                         clock uncertainty           -0.035     6.117    
    SLICE_X124Y11        FDRE (Setup_EFF_SLICEL_C_R)
                                                     -0.083     6.034    u_pcie/design_1_i/xdma_0/inst/pcie3_ip_i/inst/design_1_xdma_0_0_pcie3_ip_pcie3_uscale_top_inst/pipe_pipeline_inst/pipe_8_lane.pipe_lane_7_inst/pipe_stages_1.pipe_rx_eqcontrol_q_reg[0]
  -------------------------------------------------------------------
                         required time                          6.034    
                         arrival time                          -5.140    
  -------------------------------------------------------------------
                         slack                                  0.894    





Min Delay Paths
--------------------------------------------------------------------------------------
Slack (MET) :             0.142ns  (arrival time - required time)
  Source:                 u_pcie/design_1_i/xdma_0/inst/pcie3_ip_i/inst/design_1_xdma_0_0_pcie3_ip_pcie3_uscale_top_inst/init_ctrl_inst/reg_state_reg[0]/C
                            (rising edge-triggered cell FDCE clocked by pcie_clk  {rise@0.000ns fall@2.000ns period=4.000ns})
  Destination:            u_pcie/design_1_i/xdma_0/inst/pcie3_ip_i/inst/design_1_xdma_0_0_pcie3_ip_pcie3_uscale_top_inst/pipe_pipeline_inst/pipe_8_lane.pipe_lane_4_inst/pipe_stages_1.pipe_tx_data_q_reg[10]/R
                            (rising edge-triggered cell FDRE clocked by pipe_clk  {rise@0.000ns fall@2.000ns period=4.000ns})
  Path Group:             pipe_clk
  Path Type:              Hold (Min at Fast Process Corner)
  Requirement:            0.000ns  (pipe_clk rise@0.000ns - pcie_clk rise@0.000ns)
  Data Path Delay:        0.368ns  (logic 0.078ns (21.196%)  route 0.290ns (78.804%))
  Logic Levels:           1  (LUT2=1)
  Clock Path Skew:        0.221ns (DCD - SCD - CPR)
    Destination Clock Delay (DCD):    1.313ns
    Source Clock Delay      (SCD):    1.087ns
    Clock Pessimism Removal (CPR):    0.005ns
  Clock Net Delay (Source):      0.969ns (routing 0.275ns, distribution 0.694ns)
  Clock Net Delay (Destination): 1.148ns (routing 0.315ns, distribution 0.833ns)

    Location             Delay type                Incr(ns)  Path(ns)    Netlist Resource(s)
  -------------------------------------------------------------------    -------------------
                         (clock pcie_clk rise edge)
                                                      0.000     0.000 r  
    GTHE3_CHANNEL_X1Y7   GTHE3_CHANNEL                0.000     0.000 r  u_pcie/design_1_i/xdma_0/inst/pcie3_ip_i/inst/design_1_xdma_0_0_pcie3_ip_gt_top_i/gt_wizard.gtwizard_top_i/design_1_xdma_0_0_pcie3_ip_gt_i/inst/gen_gtwizard_gthe3_top.design_1_xdma_0_0_pcie3_ip_gt_gtwizard_gthe3_inst/gen_gtwizard_gthe3.gen_channel_container[25].gen_enabled_channel.gthe3_channel_wrapper_inst/channel_inst/gthe3_channel_gen.gen_gthe3_channel_inst[3].GTHE3_CHANNEL_PRIM_INST/TXOUTCLK
                         net (fo=5, routed)           0.018     0.018    u_pcie/design_1_i/xdma_0/inst/pcie3_ip_i/inst/design_1_xdma_0_0_pcie3_ip_gt_top_i/phy_clk_i/CLK_USERCLK_IN
    BUFG_GT_X1Y47        BUFG_GT (Prop_BUFG_GT_I_O)
                                                      0.100     0.118 r  u_pcie/design_1_i/xdma_0/inst/pcie3_ip_i/inst/design_1_xdma_0_0_pcie3_ip_gt_top_i/phy_clk_i/bufg_gt_userclk/O
    X4Y1 (CLOCK_ROOT)    net (fo=38944, routed)       0.969     1.087    u_pcie/design_1_i/xdma_0/inst/pcie3_ip_i/inst/design_1_xdma_0_0_pcie3_ip_pcie3_uscale_top_inst/init_ctrl_inst/CLK
    SLICE_X140Y49        FDCE                                         r  u_pcie/design_1_i/xdma_0/inst/pcie3_ip_i/inst/design_1_xdma_0_0_pcie3_ip_pcie3_uscale_top_inst/init_ctrl_inst/reg_state_reg[0]/C
  -------------------------------------------------------------------    -------------------
    SLICE_X140Y49        FDCE (Prop_CFF2_SLICEL_C_Q)
                                                      0.048     1.135 f  u_pcie/design_1_i/xdma_0/inst/pcie3_ip_i/inst/design_1_xdma_0_0_pcie3_ip_pcie3_uscale_top_inst/init_ctrl_inst/reg_state_reg[0]/Q
                         net (fo=8, routed)           0.131     1.266    u_pcie/design_1_i/xdma_0/inst/pcie3_ip_i/inst/design_1_xdma_0_0_pcie3_ip_pcie3_uscale_top_inst/init_ctrl_inst/reg_state_reg_n_0_[0]
    SLICE_X139Y44        LUT2 (Prop_A6LUT_SLICEL_I1_O)
                                                      0.030     1.296 r  u_pcie/design_1_i/xdma_0/inst/pcie3_ip_i/inst/design_1_xdma_0_0_pcie3_ip_pcie3_uscale_top_inst/init_ctrl_inst/reg_cfg_tph_stt_read_enable_i_i_1/O
                         net (fo=319, routed)         0.159     1.455    u_pcie/design_1_i/xdma_0/inst/pcie3_ip_i/inst/design_1_xdma_0_0_pcie3_ip_pcie3_uscale_top_inst/pipe_pipeline_inst/pipe_8_lane.pipe_lane_4_inst/SR[0]
    SLICE_X139Y44        FDRE                                         r  u_pcie/design_1_i/xdma_0/inst/pcie3_ip_i/inst/design_1_xdma_0_0_pcie3_ip_pcie3_uscale_top_inst/pipe_pipeline_inst/pipe_8_lane.pipe_lane_4_inst/pipe_stages_1.pipe_tx_data_q_reg[10]/R
  -------------------------------------------------------------------    -------------------

                         (clock pipe_clk rise edge)
                                                      0.000     0.000 r  
    GTHE3_CHANNEL_X1Y7   GTHE3_CHANNEL                0.000     0.000 r  u_pcie/design_1_i/xdma_0/inst/pcie3_ip_i/inst/design_1_xdma_0_0_pcie3_ip_gt_top_i/gt_wizard.gtwizard_top_i/design_1_xdma_0_0_pcie3_ip_gt_i/inst/gen_gtwizard_gthe3_top.design_1_xdma_0_0_pcie3_ip_gt_gtwizard_gthe3_inst/gen_gtwizard_gthe3.gen_channel_container[25].gen_enabled_channel.gthe3_channel_wrapper_inst/channel_inst/gthe3_channel_gen.gen_gthe3_channel_inst[3].GTHE3_CHANNEL_PRIM_INST/TXOUTCLK
                         net (fo=5, routed)           0.035     0.035    u_pcie/design_1_i/xdma_0/inst/pcie3_ip_i/inst/design_1_xdma_0_0_pcie3_ip_gt_top_i/phy_clk_i/CLK_USERCLK_IN
    BUFG_GT_X1Y37        BUFG_GT (Prop_BUFG_GT_I_O)
                                                      0.130     0.165 r  u_pcie/design_1_i/xdma_0/inst/pcie3_ip_i/inst/design_1_xdma_0_0_pcie3_ip_gt_top_i/phy_clk_i/bufg_gt_pclk/O
    X4Y1 (CLOCK_ROOT)    net (fo=2075, routed)        1.148     1.313    u_pcie/design_1_i/xdma_0/inst/pcie3_ip_i/inst/design_1_xdma_0_0_pcie3_ip_pcie3_uscale_top_inst/pipe_pipeline_inst/pipe_8_lane.pipe_lane_4_inst/pipe_stages_1.pipe_rx_polarity_q_reg_0
    SLICE_X139Y44        FDRE                                         r  u_pcie/design_1_i/xdma_0/inst/pcie3_ip_i/inst/design_1_xdma_0_0_pcie3_ip_pcie3_uscale_top_inst/pipe_pipeline_inst/pipe_8_lane.pipe_lane_4_inst/pipe_stages_1.pipe_tx_data_q_reg[10]/C
                         clock pessimism             -0.005     1.308    
    SLICE_X139Y44        FDRE (Hold_EFF2_SLICEL_C_R)
                                                      0.005     1.313    u_pcie/design_1_i/xdma_0/inst/pcie3_ip_i/inst/design_1_xdma_0_0_pcie3_ip_pcie3_uscale_top_inst/pipe_pipeline_inst/pipe_8_lane.pipe_lane_4_inst/pipe_stages_1.pipe_tx_data_q_reg[10]
  -------------------------------------------------------------------
                         required time                         -1.313    
                         arrival time                           1.455    
  -------------------------------------------------------------------
                         slack                                  0.142    





---------------------------------------------------------------------------------------------------
From Clock:  pcie_clk
  To Clock:  mmcm_clkout0

Setup :            0  Failing Endpoints,  Worst Slack        2.449ns,  Total Violation        0.000ns
Hold  :           NA  Failing Endpoints,  Worst Slack           NA  ,  Total Violation           NA
---------------------------------------------------------------------------------------------------


Max Delay Paths
--------------------------------------------------------------------------------------
Slack (MET) :             2.449ns  (required time - arrival time)
  Source:                 u_readback/requests/u_fifo/gnuram_async_fifo.xpm_fifo_base_inst/gen_cdc_pntr.wr_pntr_cdc_inst/src_gray_ff_reg[0]/C
                            (rising edge-triggered cell FDRE clocked by pcie_clk  {rise@0.000ns fall@2.000ns period=4.000ns})
  Destination:            u_readback/requests/u_fifo/gnuram_async_fifo.xpm_fifo_base_inst/gen_cdc_pntr.wr_pntr_cdc_inst/dest_graysync_ff_reg[0][0]/D
                            (rising edge-triggered cell FDRE clocked by mmcm_clkout0  {rise@0.000ns fall@1.666ns period=3.332ns})
  Path Group:             mmcm_clkout0
  Path Type:              Setup (Max at Slow Process Corner)
  Requirement:            4.000ns  (MaxDelay Path 4.000ns)
  Data Path Delay:        1.611ns  (logic 0.114ns (7.076%)  route 1.497ns (92.924%))
  Logic Levels:           0  
  Timing Exception:       MaxDelay Path 4.000ns -datapath_only

    Location             Delay type                Incr(ns)  Path(ns)    Netlist Resource(s)
  -------------------------------------------------------------------    -------------------
    SLICE_X95Y97                                      0.000     0.000 r  u_readback/requests/u_fifo/gnuram_async_fifo.xpm_fifo_base_inst/gen_cdc_pntr.wr_pntr_cdc_inst/src_gray_ff_reg[0]/C
    SLICE_X95Y97         FDRE (Prop_HFF_SLICEM_C_Q)
                                                      0.114     0.114 r  u_readback/requests/u_fifo/gnuram_async_fifo.xpm_fifo_base_inst/gen_cdc_pntr.wr_pntr_cdc_inst/src_gray_ff_reg[0]/Q
                         net (fo=1, routed)           1.497     1.611    u_readback/requests/u_fifo/gnuram_async_fifo.xpm_fifo_base_inst/gen_cdc_pntr.wr_pntr_cdc_inst/async_path[0]
    SLICE_X95Y98         FDRE                                         r  u_readback/requests/u_fifo/gnuram_async_fifo.xpm_fifo_base_inst/gen_cdc_pntr.wr_pntr_cdc_inst/dest_graysync_ff_reg[0][0]/D
  -------------------------------------------------------------------    -------------------

                         max delay                    4.000     4.000    
    SLICE_X95Y98         FDRE (Setup_HFF2_SLICEM_C_D)
                                                      0.060     4.060    u_readback/requests/u_fifo/gnuram_async_fifo.xpm_fifo_base_inst/gen_cdc_pntr.wr_pntr_cdc_inst/dest_graysync_ff_reg[0][0]
  -------------------------------------------------------------------
                         required time                          4.060    
                         arrival time                          -1.611    
  -------------------------------------------------------------------
                         slack                                  2.449    





---------------------------------------------------------------------------------------------------
From Clock:  clk_out1_hdmi_net_clock
  To Clock:  mmcm_clkout0

Setup :            0  Failing Endpoints,  Worst Slack        9.266ns,  Total Violation        0.000ns
Hold  :           NA  Failing Endpoints,  Worst Slack           NA  ,  Total Violation           NA
---------------------------------------------------------------------------------------------------


Max Delay Paths
--------------------------------------------------------------------------------------
Slack (MET) :             9.266ns  (required time - arrival time)
  Source:                 u_output/wrq/u_fifo/gnuram_async_fifo.xpm_fifo_base_inst/gen_cdc_pntr.wr_pntr_cdc_inst/src_gray_ff_reg[4]/C
                            (rising edge-triggered cell FDRE clocked by clk_out1_hdmi_net_clock  {rise@0.000ns fall@4.998ns period=9.996ns})
  Destination:            u_output/wrq/u_fifo/gnuram_async_fifo.xpm_fifo_base_inst/gen_cdc_pntr.wr_pntr_cdc_inst/dest_graysync_ff_reg[0][4]/D
                            (rising edge-triggered cell FDRE clocked by mmcm_clkout0  {rise@0.000ns fall@1.666ns period=3.332ns})
  Path Group:             mmcm_clkout0
  Path Type:              Setup (Max at Slow Process Corner)
  Requirement:            9.996ns  (MaxDelay Path 9.996ns)
  Data Path Delay:        0.790ns  (logic 0.114ns (14.430%)  route 0.676ns (85.570%))
  Logic Levels:           0  
  Timing Exception:       MaxDelay Path 9.996ns -datapath_only

    Location             Delay type                Incr(ns)  Path(ns)    Netlist Resource(s)
  -------------------------------------------------------------------    -------------------
    SLICE_X85Y113                                     0.000     0.000 r  u_output/wrq/u_fifo/gnuram_async_fifo.xpm_fifo_base_inst/gen_cdc_pntr.wr_pntr_cdc_inst/src_gray_ff_reg[4]/C
    SLICE_X85Y113        FDRE (Prop_DFF_SLICEM_C_Q)
                                                      0.114     0.114 r  u_output/wrq/u_fifo/gnuram_async_fifo.xpm_fifo_base_inst/gen_cdc_pntr.wr_pntr_cdc_inst/src_gray_ff_reg[4]/Q
                         net (fo=1, routed)           0.676     0.790    u_output/wrq/u_fifo/gnuram_async_fifo.xpm_fifo_base_inst/gen_cdc_pntr.wr_pntr_cdc_inst/async_path[4]
    SLICE_X85Y115        FDRE                                         r  u_output/wrq/u_fifo/gnuram_async_fifo.xpm_fifo_base_inst/gen_cdc_pntr.wr_pntr_cdc_inst/dest_graysync_ff_reg[0][4]/D
  -------------------------------------------------------------------    -------------------

                         max delay                    9.996     9.996    
    SLICE_X85Y115        FDRE (Setup_HFF2_SLICEM_C_D)
                                                      0.060    10.056    u_output/wrq/u_fifo/gnuram_async_fifo.xpm_fifo_base_inst/gen_cdc_pntr.wr_pntr_cdc_inst/dest_graysync_ff_reg[0][4]
  -------------------------------------------------------------------
                         required time                         10.056    
                         arrival time                          -0.790    
  -------------------------------------------------------------------
                         slack                                  9.266    





---------------------------------------------------------------------------------------------------
From Clock:  mmcm_clkout2
  To Clock:  mmcm_clkout0

Setup :            0  Failing Endpoints,  Worst Slack       12.708ns,  Total Violation        0.000ns
Hold  :           NA  Failing Endpoints,  Worst Slack           NA  ,  Total Violation           NA
---------------------------------------------------------------------------------------------------


Max Delay Paths
--------------------------------------------------------------------------------------
Slack (MET) :             12.708ns  (required time - arrival time)
  Source:                 u_output/requestq/u_fifo/gnuram_async_fifo.xpm_fifo_base_inst/gen_cdc_pntr.wr_pntr_cdc_inst/src_gray_ff_reg[3]/C
                            (rising edge-triggered cell FDRE clocked by mmcm_clkout2  {rise@0.000ns fall@6.664ns period=13.328ns})
  Destination:            u_output/requestq/u_fifo/gnuram_async_fifo.xpm_fifo_base_inst/gen_cdc_pntr.wr_pntr_cdc_inst/dest_graysync_ff_reg[0][3]/D
                            (rising edge-triggered cell FDRE clocked by mmcm_clkout0  {rise@0.000ns fall@1.666ns period=3.332ns})
  Path Group:             mmcm_clkout0
  Path Type:              Setup (Max at Slow Process Corner)
  Requirement:            13.328ns  (MaxDelay Path 13.328ns)
  Data Path Delay:        0.683ns  (logic 0.117ns (17.130%)  route 0.566ns (82.870%))
  Logic Levels:           0  
  Timing Exception:       MaxDelay Path 13.328ns -datapath_only

    Location             Delay type                Incr(ns)  Path(ns)    Netlist Resource(s)
  -------------------------------------------------------------------    -------------------
    SLICE_X80Y113                                     0.000     0.000 r  u_output/requestq/u_fifo/gnuram_async_fifo.xpm_fifo_base_inst/gen_cdc_pntr.wr_pntr_cdc_inst/src_gray_ff_reg[3]/C
    SLICE_X80Y113        FDRE (Prop_AFF2_SLICEL_C_Q)
                                                      0.117     0.117 r  u_output/requestq/u_fifo/gnuram_async_fifo.xpm_fifo_base_inst/gen_cdc_pntr.wr_pntr_cdc_inst/src_gray_ff_reg[3]/Q
                         net (fo=1, routed)           0.566     0.683    u_output/requestq/u_fifo/gnuram_async_fifo.xpm_fifo_base_inst/gen_cdc_pntr.wr_pntr_cdc_inst/async_path[3]
    SLICE_X80Y114        FDRE                                         r  u_output/requestq/u_fifo/gnuram_async_fifo.xpm_fifo_base_inst/gen_cdc_pntr.wr_pntr_cdc_inst/dest_graysync_ff_reg[0][3]/D
  -------------------------------------------------------------------    -------------------

                         max delay                   13.328    13.328    
    SLICE_X80Y114        FDRE (Setup_DFF2_SLICEL_C_D)
                                                      0.063    13.391    u_output/requestq/u_fifo/gnuram_async_fifo.xpm_fifo_base_inst/gen_cdc_pntr.wr_pntr_cdc_inst/dest_graysync_ff_reg[0][3]
  -------------------------------------------------------------------
                         required time                         13.391    
                         arrival time                          -0.683    
  -------------------------------------------------------------------
                         slack                                 12.708    





---------------------------------------------------------------------------------------------------
From Clock:  mmcm_clkout5
  To Clock:  mmcm_clkout0

Setup :            0  Failing Endpoints,  Worst Slack        2.109ns,  Total Violation        0.000ns
Hold  :           NA  Failing Endpoints,  Worst Slack           NA  ,  Total Violation           NA
---------------------------------------------------------------------------------------------------


Max Delay Paths
--------------------------------------------------------------------------------------
Slack (MET) :             2.109ns  (required time - arrival time)
  Source:                 u_ddr4/inst/u_ddr4_mem_intfc/u_ddr_cal_top/u_ddr_cal/u_xsdb_arbiter/slave_addr_r_reg[6]/C
                            (rising edge-triggered cell FDRE clocked by mmcm_clkout5  {rise@0.000ns fall@6.664ns period=13.328ns})
  Destination:            u_ddr4/inst/u_ddr4_mem_intfc/u_ddr_cal_top/u_ddr_cal/u_xsdb_arbiter/u_slave_addr_sync/SYNC[6].sync_reg_reg[0]/D
                            (rising edge-triggered cell FDRE clocked by mmcm_clkout0  {rise@0.000ns fall@1.666ns period=3.332ns})
  Path Group:             mmcm_clkout0
  Path Type:              Setup (Max at Slow Process Corner)
  Requirement:            3.000ns  (MaxDelay Path 3.000ns)
  Data Path Delay:        0.954ns  (logic 0.116ns (12.159%)  route 0.838ns (87.841%))
  Logic Levels:           0  
  Timing Exception:       MaxDelay Path 3.000ns -datapath_only

    Location             Delay type                Incr(ns)  Path(ns)    Netlist Resource(s)
  -------------------------------------------------------------------    -------------------
    SLICE_X66Y5                                       0.000     0.000 r  u_ddr4/inst/u_ddr4_mem_intfc/u_ddr_cal_top/u_ddr_cal/u_xsdb_arbiter/slave_addr_r_reg[6]/C
    SLICE_X66Y5          FDRE (Prop_EFF2_SLICEL_C_Q)
                                                      0.116     0.116 r  u_ddr4/inst/u_ddr4_mem_intfc/u_ddr_cal_top/u_ddr_cal/u_xsdb_arbiter/slave_addr_r_reg[6]/Q
                         net (fo=1, routed)           0.838     0.954    u_ddr4/inst/u_ddr4_mem_intfc/u_ddr_cal_top/u_ddr_cal/u_xsdb_arbiter/u_slave_addr_sync/out[6]
    SLICE_X54Y3          FDRE                                         r  u_ddr4/inst/u_ddr4_mem_intfc/u_ddr_cal_top/u_ddr_cal/u_xsdb_arbiter/u_slave_addr_sync/SYNC[6].sync_reg_reg[0]/D
  -------------------------------------------------------------------    -------------------

                         max delay                    3.000     3.000    
    SLICE_X54Y3          FDRE (Setup_DFF2_SLICEL_C_D)
                                                      0.063     3.063    u_ddr4/inst/u_ddr4_mem_intfc/u_ddr_cal_top/u_ddr_cal/u_xsdb_arbiter/u_slave_addr_sync/SYNC[6].sync_reg_reg[0]
  -------------------------------------------------------------------
                         required time                          3.063    
                         arrival time                          -0.954    
  -------------------------------------------------------------------
                         slack                                  2.109    





---------------------------------------------------------------------------------------------------
From Clock:  mmcm_clkout6
  To Clock:  mmcm_clkout0

Setup :            0  Failing Endpoints,  Worst Slack        1.425ns,  Total Violation        0.000ns
Hold  :           NA  Failing Endpoints,  Worst Slack           NA  ,  Total Violation           NA
---------------------------------------------------------------------------------------------------


Max Delay Paths
--------------------------------------------------------------------------------------
Slack (MET) :             1.425ns  (required time - arrival time)
  Source:                 u_ddr4/inst/u_ddr4_mem_intfc/u_ddr_cal_riu/io_write_strobe_riuclk_reg/C
                            (rising edge-triggered cell FDRE clocked by mmcm_clkout6  {rise@0.000ns fall@3.332ns period=6.664ns})
  Destination:            u_ddr4/inst/u_ddr4_mem_intfc/u_io_write_strobe_sync/SYNC[0].sync_reg_reg[0]/D
                            (rising edge-triggered cell FDRE clocked by mmcm_clkout0  {rise@0.000ns fall@1.666ns period=3.332ns})
  Path Group:             mmcm_clkout0
  Path Type:              Setup (Max at Slow Process Corner)
  Requirement:            3.000ns  (MaxDelay Path 3.000ns)
  Data Path Delay:        1.637ns  (logic 0.116ns (7.086%)  route 1.521ns (92.914%))
  Logic Levels:           0  
  Timing Exception:       MaxDelay Path 3.000ns -datapath_only

    Location             Delay type                Incr(ns)  Path(ns)    Netlist Resource(s)
  -------------------------------------------------------------------    -------------------
    SLICE_X64Y134                                     0.000     0.000 r  u_ddr4/inst/u_ddr4_mem_intfc/u_ddr_cal_riu/io_write_strobe_riuclk_reg/C
    SLICE_X64Y134        FDRE (Prop_EFF2_SLICEM_C_Q)
                                                      0.116     0.116 r  u_ddr4/inst/u_ddr4_mem_intfc/u_ddr_cal_riu/io_write_strobe_riuclk_reg/Q
                         net (fo=12, routed)          1.521     1.637    u_ddr4/inst/u_ddr4_mem_intfc/u_io_write_strobe_sync/D[0]
    SLICE_X65Y71         FDRE                                         r  u_ddr4/inst/u_ddr4_mem_intfc/u_io_write_strobe_sync/SYNC[0].sync_reg_reg[0]/D
  -------------------------------------------------------------------    -------------------

                         max delay                    3.000     3.000    
    SLICE_X65Y71         FDRE (Setup_CFF2_SLICEM_C_D)
                                                      0.062     3.062    u_ddr4/inst/u_ddr4_mem_intfc/u_io_write_strobe_sync/SYNC[0].sync_reg_reg[0]
  -------------------------------------------------------------------
                         required time                          3.062    
                         arrival time                          -1.637    
  -------------------------------------------------------------------
                         slack                                  1.425    





---------------------------------------------------------------------------------------------------
From Clock:  mmcm_clkout0
  To Clock:  pll_clk[0]_DIV

Setup :            0  Failing Endpoints,  Worst Slack        0.608ns,  Total Violation        0.000ns
Hold  :            0  Failing Endpoints,  Worst Slack        0.033ns,  Total Violation        0.000ns
---------------------------------------------------------------------------------------------------


Max Delay Paths
--------------------------------------------------------------------------------------
Slack (MET) :             0.608ns  (required time - arrival time)
  Source:                 u_ddr4/inst/u_ddr4_mem_intfc/u_ddr_cal_top/u_ddr_mc_pi/u_ddr_mc_write/genByte[0].u_ddr_mc_wr_byte/genBit[1].u_ddr_mc_wr_bit/dReg_reg[6]/C
                            (rising edge-triggered cell FDRE clocked by mmcm_clkout0  {rise@0.000ns fall@1.666ns period=3.332ns})
  Destination:            u_ddr4/inst/u_ddr4_mem_intfc/u_mig_ddr4_phy/inst/generate_block1.u_ddr_xiphy/byte_num[0].xiphy_byte_wrapper.u_xiphy_byte_wrapper/I_BITSLICE_UPPER[4].GEN_RXTX_BITSLICE_EN.u_xiphy_bitslice_upper/xiphy_rxtx_bitslice/D[6]
                            (rising edge-triggered cell RXTX_BITSLICE clocked by pll_clk[0]_DIV  {rise@0.000ns fall@1.666ns period=3.332ns})
  Path Group:             pll_clk[0]_DIV
  Path Type:              Setup (Max at Slow Process Corner)
  Requirement:            3.332ns  (pll_clk[0]_DIV rise@3.332ns - mmcm_clkout0 rise@0.000ns)
  Data Path Delay:        2.576ns  (logic 0.113ns (4.387%)  route 2.463ns (95.613%))
  Logic Levels:           0  
  Clock Path Skew:        0.025ns (DCD - SCD + CPR)
    Destination Clock Delay (DCD):    4.014ns = ( 7.346 - 3.332 ) 
    Source Clock Delay      (SCD):    3.818ns
    Clock Pessimism Removal (CPR):    -0.171ns
  Clock Uncertainty:      0.165ns  ((TSJ^2 + DJ^2)^1/2) / 2 + PE
    Total System Jitter     (TSJ):    0.071ns
    Discrete Jitter          (DJ):    0.065ns
    Phase Error              (PE):    0.117ns
  Clock Net Delay (Source):      1.929ns (routing 0.495ns, distribution 1.434ns)

    Location             Delay type                Incr(ns)  Path(ns)    Netlist Resource(s)
  -------------------------------------------------------------------    -------------------
                         (clock mmcm_clkout0 rise edge)
                                                      0.000     0.000 r  
    AK17                                              0.000     0.000 r  sys_clk_p (IN)
                         net (fo=0)                   0.001     0.001    u_ddr4/inst/u_ddr4_mem_intfc/u_mig_ddr4_phy/inst/u_ddr4_phy_pll/diff_input_clk.u_ibufg_sys_clk/I
    HPIOBDIFFINBUF_X1Y35 DIFFINBUF (Prop_DIFFINBUF_HPIOBDIFFINBUF_DIFF_IN_P_O)
                                                      0.534     0.535 r  u_ddr4/inst/u_ddr4_mem_intfc/u_mig_ddr4_phy/inst/u_ddr4_phy_pll/diff_input_clk.u_ibufg_sys_clk/DIFFINBUF_INST/O
                         net (fo=1, routed)           0.090     0.625    u_ddr4/inst/u_ddr4_mem_intfc/u_mig_ddr4_phy/inst/u_ddr4_phy_pll/diff_input_clk.u_ibufg_sys_clk/OUT
    AK17                 IBUFCTRL (Prop_IBUFCTRL_HPIOB_I_O)
                                                      0.000     0.625 r  u_ddr4/inst/u_ddr4_mem_intfc/u_mig_ddr4_phy/inst/u_ddr4_phy_pll/diff_input_clk.u_ibufg_sys_clk/IBUFCTRL_INST/O
                         net (fo=2, routed)           0.865     1.490    u_ddr4/inst/u_ddr4_infrastructure/mmcm_clk_in
    MMCME3_ADV_X1Y1      MMCME3_ADV (Prop_MMCME3_ADV_CLKIN1_CLKOUT0)
                                                     -0.121     1.369 r  u_ddr4/inst/u_ddr4_infrastructure/gen_mmcme3.u_mmcme_adv_inst/CLKOUT0
                         net (fo=1, routed)           0.437     1.806    u_ddr4/inst/u_ddr4_infrastructure/mmcm_clkout0
    BUFGCE_X1Y31         BUFGCE (Prop_BUFCE_BUFGCE_I_O)
                                                      0.083     1.889 r  u_ddr4/inst/u_ddr4_infrastructure/u_bufg_divClk/O
    X2Y1 (CLOCK_ROOT)    net (fo=17454, routed)       1.929     3.818    u_ddr4/inst/u_ddr4_mem_intfc/u_ddr_cal_top/u_ddr_mc_pi/u_ddr_mc_write/genByte[0].u_ddr_mc_wr_byte/genBit[1].u_ddr_mc_wr_bit/dReg_reg[10]_0
    SLICE_X57Y85         FDRE                                         r  u_ddr4/inst/u_ddr4_mem_intfc/u_ddr_cal_top/u_ddr_mc_pi/u_ddr_mc_write/genByte[0].u_ddr_mc_wr_byte/genBit[1].u_ddr_mc_wr_bit/dReg_reg[6]/C
  -------------------------------------------------------------------    -------------------
    SLICE_X57Y85         FDRE (Prop_BFF_SLICEL_C_Q)
                                                      0.113     3.931 r  u_ddr4/inst/u_ddr4_mem_intfc/u_ddr_cal_top/u_ddr_mc_pi/u_ddr_mc_write/genByte[0].u_ddr_mc_wr_byte/genBit[1].u_ddr_mc_wr_bit/dReg_reg[6]/Q
                         net (fo=1, routed)           2.463     6.394    u_ddr4/inst/u_ddr4_mem_intfc/u_mig_ddr4_phy/inst/generate_block1.u_ddr_xiphy/byte_num[0].xiphy_byte_wrapper.u_xiphy_byte_wrapper/I_BITSLICE_UPPER[4].GEN_RXTX_BITSLICE_EN.u_xiphy_bitslice_upper/ch0_mcal_DQOut[6]
    BITSLICE_RX_TX_X1Y10 RXTX_BITSLICE                                r  u_ddr4/inst/u_ddr4_mem_intfc/u_mig_ddr4_phy/inst/generate_block1.u_ddr_xiphy/byte_num[0].xiphy_byte_wrapper.u_xiphy_byte_wrapper/I_BITSLICE_UPPER[4].GEN_RXTX_BITSLICE_EN.u_xiphy_bitslice_upper/xiphy_rxtx_bitslice/D[6]
  -------------------------------------------------------------------    -------------------

                         (clock pll_clk[0]_DIV rise edge)
                                                      3.332     3.332 f  
    AK17                                              0.000     3.332 f  sys_clk_p (IN)
                         net (fo=0)                   0.001     3.333    u_ddr4/inst/u_ddr4_mem_intfc/u_mig_ddr4_phy/inst/u_ddr4_phy_pll/diff_input_clk.u_ibufg_sys_clk/I
    HPIOBDIFFINBUF_X1Y35 DIFFINBUF (Prop_DIFFINBUF_HPIOBDIFFINBUF_DIFF_IN_P_O)
                                                      0.377     3.710 f  u_ddr4/inst/u_ddr4_mem_intfc/u_mig_ddr4_phy/inst/u_ddr4_phy_pll/diff_input_clk.u_ibufg_sys_clk/DIFFINBUF_INST/O
                         net (fo=1, routed)           0.051     3.761    u_ddr4/inst/u_ddr4_mem_intfc/u_mig_ddr4_phy/inst/u_ddr4_phy_pll/diff_input_clk.u_ibufg_sys_clk/OUT
    AK17                 IBUFCTRL (Prop_IBUFCTRL_HPIOB_I_O)
                                                      0.000     3.761 f  u_ddr4/inst/u_ddr4_mem_intfc/u_mig_ddr4_phy/inst/u_ddr4_phy_pll/diff_input_clk.u_ibufg_sys_clk/IBUFCTRL_INST/O
                         net (fo=2, routed)           0.778     4.539    u_ddr4/inst/u_ddr4_infrastructure/mmcm_clk_in
    MMCME3_ADV_X1Y1      MMCME3_ADV (Prop_MMCME3_ADV_CLKIN1_CLKOUT0)
                                                      0.445     4.984 f  u_ddr4/inst/u_ddr4_infrastructure/gen_mmcme3.u_mmcme_adv_inst/CLKOUT0
                         net (fo=1, routed)           0.372     5.356    u_ddr4/inst/u_ddr4_infrastructure/mmcm_clkout0
    BUFGCE_X1Y31         BUFGCE (Prop_BUFCE_BUFGCE_I_O)
                                                      0.075     5.431 f  u_ddr4/inst/u_ddr4_infrastructure/u_bufg_divClk/O
                         net (fo=17454, routed)       1.753     7.184    u_ddr4/inst/u_ddr4_mem_intfc/u_mig_ddr4_phy/inst/u_ddr4_phy_pll/div_clk
    PLLE3_ADV_X1Y1       PLLE3_ADV (Prop_PLLE3_ADV_CLKIN_CLKOUTPHY)
                                                     -0.713     6.471 f  u_ddr4/inst/u_ddr4_mem_intfc/u_mig_ddr4_phy/inst/u_ddr4_phy_pll/plle_loop[0].gen_plle3.PLLE3_BASE_INST_OTHER/CLKOUTPHY
                         net (fo=8, routed)           0.196     6.667    u_ddr4/inst/u_ddr4_mem_intfc/u_mig_ddr4_phy/inst/generate_block1.u_ddr_xiphy/byte_num[0].xiphy_byte_wrapper.u_xiphy_byte_wrapper/I_CONTROL[1].GEN_I_CONTROL.u_xiphy_control/pll_clk[0]
    BITSLICE_CONTROL_X1Y1
                         BITSLICE_CONTROL (Prop_CONTROL_BITSLICE_CONTROL_PLL_CLK_TX_BIT_CTRL_OUT4[26])
                                                      0.678     7.345 r  u_ddr4/inst/u_ddr4_mem_intfc/u_mig_ddr4_phy/inst/generate_block1.u_ddr_xiphy/byte_num[0].xiphy_byte_wrapper.u_xiphy_byte_wrapper/I_CONTROL[1].GEN_I_CONTROL.u_xiphy_control/xiphy_control/TX_BIT_CTRL_OUT4[26]
                         net (fo=1, routed)           0.001     7.346    u_ddr4/inst/u_ddr4_mem_intfc/u_mig_ddr4_phy/inst/generate_block1.u_ddr_xiphy/byte_num[0].xiphy_byte_wrapper.u_xiphy_byte_wrapper/I_BITSLICE_UPPER[4].GEN_RXTX_BITSLICE_EN.u_xiphy_bitslice_upper/TX_BIT_CTRL_OUT4[26]
    BITSLICE_RX_TX_X1Y10 RXTX_BITSLICE                                r  u_ddr4/inst/u_ddr4_mem_intfc/u_mig_ddr4_phy/inst/generate_block1.u_ddr_xiphy/byte_num[0].xiphy_byte_wrapper.u_xiphy_byte_wrapper/I_BITSLICE_UPPER[4].GEN_RXTX_BITSLICE_EN.u_xiphy_bitslice_upper/xiphy_rxtx_bitslice/TX_BIT_CTRL_IN[26]
                         clock pessimism             -0.171     7.175    
                         clock uncertainty           -0.165     7.010    
    BITSLICE_RX_TX_X1Y10 RXTX_BITSLICE (Setup_RXTX_BITSLICE_BITSLICE_RX_TX_TX_BIT_CTRL_IN[26]_D[6])
                                                     -0.008     7.002    u_ddr4/inst/u_ddr4_mem_intfc/u_mig_ddr4_phy/inst/generate_block1.u_ddr_xiphy/byte_num[0].xiphy_byte_wrapper.u_xiphy_byte_wrapper/I_BITSLICE_UPPER[4].GEN_RXTX_BITSLICE_EN.u_xiphy_bitslice_upper/xiphy_rxtx_bitslice
  -------------------------------------------------------------------
                         required time                          7.002    
                         arrival time                          -6.394    
  -------------------------------------------------------------------
                         slack                                  0.608    





Min Delay Paths
--------------------------------------------------------------------------------------
Slack (MET) :             0.033ns  (arrival time - required time)
  Source:                 u_ddr4/inst/u_ddr4_mem_intfc/u_ddr_cal_top/u_ddr_mc_pi/u_ddr_mc_write/genByte[2].u_ddr_mc_wr_byte/genBit[3].u_ddr_mc_wr_bit/dReg_reg[3]/C
                            (rising edge-triggered cell FDRE clocked by mmcm_clkout0  {rise@0.000ns fall@1.666ns period=3.332ns})
  Destination:            u_ddr4/inst/u_ddr4_mem_intfc/u_mig_ddr4_phy/inst/generate_block1.u_ddr_xiphy/byte_num[2].xiphy_byte_wrapper.u_xiphy_byte_wrapper/I_BITSLICE_UPPER[3].GEN_RXTX_BITSLICE_EN.u_xiphy_bitslice_upper/xiphy_rxtx_bitslice/D[3]
                            (rising edge-triggered cell RXTX_BITSLICE clocked by pll_clk[0]_DIV  {rise@0.000ns fall@1.666ns period=3.332ns})
  Path Group:             pll_clk[0]_DIV
  Path Type:              Hold (Min at Slow Process Corner)
  Requirement:            0.000ns  (pll_clk[0]_DIV rise@0.000ns - mmcm_clkout0 rise@0.000ns)
  Data Path Delay:        0.764ns  (logic 0.104ns (13.613%)  route 0.660ns (86.387%))
  Logic Levels:           0  
  Clock Path Skew:        0.496ns (DCD - SCD - CPR)
    Destination Clock Delay (DCD):    4.156ns
    Source Clock Delay      (SCD):    3.831ns
    Clock Pessimism Removal (CPR):    -0.171ns
  Clock Uncertainty:      0.165ns  ((TSJ^2 + DJ^2)^1/2) / 2 + PE
    Total System Jitter     (TSJ):    0.071ns
    Discrete Jitter          (DJ):    0.065ns
    Phase Error              (PE):    0.117ns
  Clock Net Delay (Source):      1.732ns (routing 0.456ns, distribution 1.276ns)

    Location             Delay type                Incr(ns)  Path(ns)    Netlist Resource(s)
  -------------------------------------------------------------------    -------------------
                         (clock mmcm_clkout0 rise edge)
                                                      0.000     0.000 r  
    AK17                                              0.000     0.000 r  sys_clk_p (IN)
                         net (fo=0)                   0.001     0.001    u_ddr4/inst/u_ddr4_mem_intfc/u_mig_ddr4_phy/inst/u_ddr4_phy_pll/diff_input_clk.u_ibufg_sys_clk/I
    HPIOBDIFFINBUF_X1Y35 DIFFINBUF (Prop_DIFFINBUF_HPIOBDIFFINBUF_DIFF_IN_P_O)
                                                      0.377     0.378 r  u_ddr4/inst/u_ddr4_mem_intfc/u_mig_ddr4_phy/inst/u_ddr4_phy_pll/diff_input_clk.u_ibufg_sys_clk/DIFFINBUF_INST/O
                         net (fo=1, routed)           0.051     0.429    u_ddr4/inst/u_ddr4_mem_intfc/u_mig_ddr4_phy/inst/u_ddr4_phy_pll/diff_input_clk.u_ibufg_sys_clk/OUT
    AK17                 IBUFCTRL (Prop_IBUFCTRL_HPIOB_I_O)
                                                      0.000     0.429 r  u_ddr4/inst/u_ddr4_mem_intfc/u_mig_ddr4_phy/inst/u_ddr4_phy_pll/diff_input_clk.u_ibufg_sys_clk/IBUFCTRL_INST/O
                         net (fo=2, routed)           0.778     1.207    u_ddr4/inst/u_ddr4_infrastructure/mmcm_clk_in
    MMCME3_ADV_X1Y1      MMCME3_ADV (Prop_MMCME3_ADV_CLKIN1_CLKOUT0)
                                                      0.445     1.652 r  u_ddr4/inst/u_ddr4_infrastructure/gen_mmcme3.u_mmcme_adv_inst/CLKOUT0
                         net (fo=1, routed)           0.372     2.024    u_ddr4/inst/u_ddr4_infrastructure/mmcm_clkout0
    BUFGCE_X1Y31         BUFGCE (Prop_BUFCE_BUFGCE_I_O)
                                                      0.075     2.099 r  u_ddr4/inst/u_ddr4_infrastructure/u_bufg_divClk/O
    X2Y1 (CLOCK_ROOT)    net (fo=17454, routed)       1.732     3.831    u_ddr4/inst/u_ddr4_mem_intfc/u_ddr_cal_top/u_ddr_mc_pi/u_ddr_mc_write/genByte[2].u_ddr_mc_wr_byte/genBit[3].u_ddr_mc_wr_bit/dReg_reg[10]_0
    SLICE_X50Y71         FDRE                                         r  u_ddr4/inst/u_ddr4_mem_intfc/u_ddr_cal_top/u_ddr_mc_pi/u_ddr_mc_write/genByte[2].u_ddr_mc_wr_byte/genBit[3].u_ddr_mc_wr_bit/dReg_reg[3]/C
  -------------------------------------------------------------------    -------------------
    SLICE_X50Y71         FDRE (Prop_FFF_SLICEL_C_Q)
                                                      0.104     3.935 r  u_ddr4/inst/u_ddr4_mem_intfc/u_ddr_cal_top/u_ddr_mc_pi/u_ddr_mc_write/genByte[2].u_ddr_mc_wr_byte/genBit[3].u_ddr_mc_wr_bit/dReg_reg[3]/Q
                         net (fo=1, routed)           0.660     4.595    u_ddr4/inst/u_ddr4_mem_intfc/u_mig_ddr4_phy/inst/generate_block1.u_ddr_xiphy/byte_num[2].xiphy_byte_wrapper.u_xiphy_byte_wrapper/I_BITSLICE_UPPER[3].GEN_RXTX_BITSLICE_EN.u_xiphy_bitslice_upper/ch0_mcal_DQOut[3]
    BITSLICE_RX_TX_X1Y35 RXTX_BITSLICE                                r  u_ddr4/inst/u_ddr4_mem_intfc/u_mig_ddr4_phy/inst/generate_block1.u_ddr_xiphy/byte_num[2].xiphy_byte_wrapper.u_xiphy_byte_wrapper/I_BITSLICE_UPPER[3].GEN_RXTX_BITSLICE_EN.u_xiphy_bitslice_upper/xiphy_rxtx_bitslice/D[3]
  -------------------------------------------------------------------    -------------------

                         (clock pll_clk[0]_DIV rise edge)
                                                      0.000     0.000 r  
    AK17                                              0.000     0.000 r  sys_clk_p (IN)
                         net (fo=0)                   0.001     0.001    u_ddr4/inst/u_ddr4_mem_intfc/u_mig_ddr4_phy/inst/u_ddr4_phy_pll/diff_input_clk.u_ibufg_sys_clk/I
    HPIOBDIFFINBUF_X1Y35 DIFFINBUF (Prop_DIFFINBUF_HPIOBDIFFINBUF_DIFF_IN_P_O)
                                                      0.534     0.535 r  u_ddr4/inst/u_ddr4_mem_intfc/u_mig_ddr4_phy/inst/u_ddr4_phy_pll/diff_input_clk.u_ibufg_sys_clk/DIFFINBUF_INST/O
                         net (fo=1, routed)           0.090     0.625    u_ddr4/inst/u_ddr4_mem_intfc/u_mig_ddr4_phy/inst/u_ddr4_phy_pll/diff_input_clk.u_ibufg_sys_clk/OUT
    AK17                 IBUFCTRL (Prop_IBUFCTRL_HPIOB_I_O)
                                                      0.000     0.625 r  u_ddr4/inst/u_ddr4_mem_intfc/u_mig_ddr4_phy/inst/u_ddr4_phy_pll/diff_input_clk.u_ibufg_sys_clk/IBUFCTRL_INST/O
                         net (fo=2, routed)           0.865     1.490    u_ddr4/inst/u_ddr4_infrastructure/mmcm_clk_in
    MMCME3_ADV_X1Y1      MMCME3_ADV (Prop_MMCME3_ADV_CLKIN1_CLKOUT0)
                                                     -0.121     1.369 r  u_ddr4/inst/u_ddr4_infrastructure/gen_mmcme3.u_mmcme_adv_inst/CLKOUT0
                         net (fo=1, routed)           0.437     1.806    u_ddr4/inst/u_ddr4_infrastructure/mmcm_clkout0
    BUFGCE_X1Y31         BUFGCE (Prop_BUFCE_BUFGCE_I_O)
                                                      0.083     1.889 r  u_ddr4/inst/u_ddr4_infrastructure/u_bufg_divClk/O
                         net (fo=17454, routed)       1.934     3.823    u_ddr4/inst/u_ddr4_mem_intfc/u_mig_ddr4_phy/inst/u_ddr4_phy_pll/div_clk
    PLLE3_ADV_X1Y1       PLLE3_ADV (Prop_PLLE3_ADV_CLKIN_CLKOUTPHY)
                                                     -0.713     3.110 r  u_ddr4/inst/u_ddr4_mem_intfc/u_mig_ddr4_phy/inst/u_ddr4_phy_pll/plle_loop[0].gen_plle3.PLLE3_BASE_INST_OTHER/CLKOUTPHY
                         net (fo=8, routed)           0.235     3.345    u_ddr4/inst/u_ddr4_mem_intfc/u_mig_ddr4_phy/inst/generate_block1.u_ddr_xiphy/byte_num[2].xiphy_byte_wrapper.u_xiphy_byte_wrapper/I_CONTROL[1].GEN_I_CONTROL.u_xiphy_control/pll_clk[0]
    BITSLICE_CONTROL_X1Y5
                         BITSLICE_CONTROL (Prop_CONTROL_BITSLICE_CONTROL_PLL_CLK_TX_BIT_CTRL_OUT3[26])
                                                      0.799     4.144 r  u_ddr4/inst/u_ddr4_mem_intfc/u_mig_ddr4_phy/inst/generate_block1.u_ddr_xiphy/byte_num[2].xiphy_byte_wrapper.u_xiphy_byte_wrapper/I_CONTROL[1].GEN_I_CONTROL.u_xiphy_control/xiphy_control/TX_BIT_CTRL_OUT3[26]
                         net (fo=1, routed)           0.012     4.156    u_ddr4/inst/u_ddr4_mem_intfc/u_mig_ddr4_phy/inst/generate_block1.u_ddr_xiphy/byte_num[2].xiphy_byte_wrapper.u_xiphy_byte_wrapper/I_BITSLICE_UPPER[3].GEN_RXTX_BITSLICE_EN.u_xiphy_bitslice_upper/TX_BIT_CTRL_OUT3[26]
    BITSLICE_RX_TX_X1Y35 RXTX_BITSLICE                                r  u_ddr4/inst/u_ddr4_mem_intfc/u_mig_ddr4_phy/inst/generate_block1.u_ddr_xiphy/byte_num[2].xiphy_byte_wrapper.u_xiphy_byte_wrapper/I_BITSLICE_UPPER[3].GEN_RXTX_BITSLICE_EN.u_xiphy_bitslice_upper/xiphy_rxtx_bitslice/TX_BIT_CTRL_IN[26]
                         clock pessimism              0.171     4.327    
                         clock uncertainty            0.165     4.491    
    BITSLICE_RX_TX_X1Y35 RXTX_BITSLICE (Hold_RXTX_BITSLICE_BITSLICE_RX_TX_TX_BIT_CTRL_IN[26]_D[3])
                                                      0.070     4.561    u_ddr4/inst/u_ddr4_mem_intfc/u_mig_ddr4_phy/inst/generate_block1.u_ddr_xiphy/byte_num[2].xiphy_byte_wrapper.u_xiphy_byte_wrapper/I_BITSLICE_UPPER[3].GEN_RXTX_BITSLICE_EN.u_xiphy_bitslice_upper/xiphy_rxtx_bitslice
  -------------------------------------------------------------------
                         required time                         -4.561    
                         arrival time                           4.595    
  -------------------------------------------------------------------
                         slack                                  0.033    





---------------------------------------------------------------------------------------------------
From Clock:  mmcm_clkout0
  To Clock:  pll_clk[1]_DIV

Setup :            0  Failing Endpoints,  Worst Slack        0.740ns,  Total Violation        0.000ns
Hold  :            0  Failing Endpoints,  Worst Slack        0.031ns,  Total Violation        0.000ns
---------------------------------------------------------------------------------------------------


Max Delay Paths
--------------------------------------------------------------------------------------
Slack (MET) :             0.740ns  (required time - arrival time)
  Source:                 u_ddr4/inst/u_ddr4_mem_intfc/u_ddr_cal_top/mcal_ODT_dly_reg[0][4]/C
                            (rising edge-triggered cell FDRE clocked by mmcm_clkout0  {rise@0.000ns fall@1.666ns period=3.332ns})
  Destination:            u_ddr4/inst/u_ddr4_mem_intfc/u_mig_ddr4_phy/inst/generate_block1.u_ddr_xiphy/byte_num[6].xiphy_byte_wrapper.u_xiphy_byte_wrapper/I_BITSLICE_UPPER[2].GEN_RXTX_BITSLICE_EN.u_xiphy_bitslice_upper/xiphy_rxtx_bitslice/D[1]
                            (rising edge-triggered cell RXTX_BITSLICE clocked by pll_clk[1]_DIV  {rise@0.000ns fall@1.666ns period=3.332ns})
  Path Group:             pll_clk[1]_DIV
  Path Type:              Setup (Max at Slow Process Corner)
  Requirement:            3.332ns  (pll_clk[1]_DIV rise@3.332ns - mmcm_clkout0 rise@0.000ns)
  Data Path Delay:        2.345ns  (logic 0.114ns (4.861%)  route 2.231ns (95.139%))
  Logic Levels:           0  
  Clock Path Skew:        0.072ns (DCD - SCD + CPR)
    Destination Clock Delay (DCD):    4.025ns = ( 7.357 - 3.332 ) 
    Source Clock Delay      (SCD):    3.828ns
    Clock Pessimism Removal (CPR):    -0.125ns
  Clock Uncertainty:      0.165ns  ((TSJ^2 + DJ^2)^1/2) / 2 + PE
    Total System Jitter     (TSJ):    0.071ns
    Discrete Jitter          (DJ):    0.065ns
    Phase Error              (PE):    0.117ns
  Clock Net Delay (Source):      1.939ns (routing 0.495ns, distribution 1.444ns)

    Location             Delay type                Incr(ns)  Path(ns)    Netlist Resource(s)
  -------------------------------------------------------------------    -------------------
                         (clock mmcm_clkout0 rise edge)
                                                      0.000     0.000 r  
    AK17                                              0.000     0.000 r  sys_clk_p (IN)
                         net (fo=0)                   0.001     0.001    u_ddr4/inst/u_ddr4_mem_intfc/u_mig_ddr4_phy/inst/u_ddr4_phy_pll/diff_input_clk.u_ibufg_sys_clk/I
    HPIOBDIFFINBUF_X1Y35 DIFFINBUF (Prop_DIFFINBUF_HPIOBDIFFINBUF_DIFF_IN_P_O)
                                                      0.534     0.535 r  u_ddr4/inst/u_ddr4_mem_intfc/u_mig_ddr4_phy/inst/u_ddr4_phy_pll/diff_input_clk.u_ibufg_sys_clk/DIFFINBUF_INST/O
                         net (fo=1, routed)           0.090     0.625    u_ddr4/inst/u_ddr4_mem_intfc/u_mig_ddr4_phy/inst/u_ddr4_phy_pll/diff_input_clk.u_ibufg_sys_clk/OUT
    AK17                 IBUFCTRL (Prop_IBUFCTRL_HPIOB_I_O)
                                                      0.000     0.625 r  u_ddr4/inst/u_ddr4_mem_intfc/u_mig_ddr4_phy/inst/u_ddr4_phy_pll/diff_input_clk.u_ibufg_sys_clk/IBUFCTRL_INST/O
                         net (fo=2, routed)           0.865     1.490    u_ddr4/inst/u_ddr4_infrastructure/mmcm_clk_in
    MMCME3_ADV_X1Y1      MMCME3_ADV (Prop_MMCME3_ADV_CLKIN1_CLKOUT0)
                                                     -0.121     1.369 r  u_ddr4/inst/u_ddr4_infrastructure/gen_mmcme3.u_mmcme_adv_inst/CLKOUT0
                         net (fo=1, routed)           0.437     1.806    u_ddr4/inst/u_ddr4_infrastructure/mmcm_clkout0
    BUFGCE_X1Y31         BUFGCE (Prop_BUFCE_BUFGCE_I_O)
                                                      0.083     1.889 r  u_ddr4/inst/u_ddr4_infrastructure/u_bufg_divClk/O
    X2Y1 (CLOCK_ROOT)    net (fo=17454, routed)       1.939     3.828    u_ddr4/inst/u_ddr4_mem_intfc/u_ddr_cal_top/dReg_reg[10]
    SLICE_X51Y102        FDRE                                         r  u_ddr4/inst/u_ddr4_mem_intfc/u_ddr_cal_top/mcal_ODT_dly_reg[0][4]/C
  -------------------------------------------------------------------    -------------------
    SLICE_X51Y102        FDRE (Prop_FFF_SLICEL_C_Q)
                                                      0.114     3.942 r  u_ddr4/inst/u_ddr4_mem_intfc/u_ddr_cal_top/mcal_ODT_dly_reg[0][4]/Q
                         net (fo=4, routed)           2.231     6.173    u_ddr4/inst/u_ddr4_mem_intfc/u_mig_ddr4_phy/inst/generate_block1.u_ddr_xiphy/byte_num[6].xiphy_byte_wrapper.u_xiphy_byte_wrapper/I_BITSLICE_UPPER[2].GEN_RXTX_BITSLICE_EN.u_xiphy_bitslice_upper/mcal_ODT[1]
    BITSLICE_RX_TX_X1Y86 RXTX_BITSLICE                                r  u_ddr4/inst/u_ddr4_mem_intfc/u_mig_ddr4_phy/inst/generate_block1.u_ddr_xiphy/byte_num[6].xiphy_byte_wrapper.u_xiphy_byte_wrapper/I_BITSLICE_UPPER[2].GEN_RXTX_BITSLICE_EN.u_xiphy_bitslice_upper/xiphy_rxtx_bitslice/D[1]
  -------------------------------------------------------------------    -------------------

                         (clock pll_clk[1]_DIV rise edge)
                                                      3.332     3.332 f  
    AK17                                              0.000     3.332 f  sys_clk_p (IN)
                         net (fo=0)                   0.001     3.333    u_ddr4/inst/u_ddr4_mem_intfc/u_mig_ddr4_phy/inst/u_ddr4_phy_pll/diff_input_clk.u_ibufg_sys_clk/I
    HPIOBDIFFINBUF_X1Y35 DIFFINBUF (Prop_DIFFINBUF_HPIOBDIFFINBUF_DIFF_IN_P_O)
                                                      0.377     3.710 f  u_ddr4/inst/u_ddr4_mem_intfc/u_mig_ddr4_phy/inst/u_ddr4_phy_pll/diff_input_clk.u_ibufg_sys_clk/DIFFINBUF_INST/O
                         net (fo=1, routed)           0.051     3.761    u_ddr4/inst/u_ddr4_mem_intfc/u_mig_ddr4_phy/inst/u_ddr4_phy_pll/diff_input_clk.u_ibufg_sys_clk/OUT
    AK17                 IBUFCTRL (Prop_IBUFCTRL_HPIOB_I_O)
                                                      0.000     3.761 f  u_ddr4/inst/u_ddr4_mem_intfc/u_mig_ddr4_phy/inst/u_ddr4_phy_pll/diff_input_clk.u_ibufg_sys_clk/IBUFCTRL_INST/O
                         net (fo=2, routed)           0.778     4.539    u_ddr4/inst/u_ddr4_infrastructure/mmcm_clk_in
    MMCME3_ADV_X1Y1      MMCME3_ADV (Prop_MMCME3_ADV_CLKIN1_CLKOUT0)
                                                      0.445     4.984 f  u_ddr4/inst/u_ddr4_infrastructure/gen_mmcme3.u_mmcme_adv_inst/CLKOUT0
                         net (fo=1, routed)           0.372     5.356    u_ddr4/inst/u_ddr4_infrastructure/mmcm_clkout0
    BUFGCE_X1Y31         BUFGCE (Prop_BUFCE_BUFGCE_I_O)
                                                      0.075     5.431 f  u_ddr4/inst/u_ddr4_infrastructure/u_bufg_divClk/O
                         net (fo=17454, routed)       1.758     7.189    u_ddr4/inst/u_ddr4_mem_intfc/u_mig_ddr4_phy/inst/u_ddr4_phy_pll/div_clk
    PLLE3_ADV_X1Y3       PLLE3_ADV (Prop_PLLE3_ADV_CLKIN_CLKOUTPHY)
                                                     -0.713     6.476 f  u_ddr4/inst/u_ddr4_mem_intfc/u_mig_ddr4_phy/inst/u_ddr4_phy_pll/plle_loop[1].gen_plle3.PLLE3_BASE_INST_OTHER/CLKOUTPHY
                         net (fo=6, routed)           0.196     6.672    u_ddr4/inst/u_ddr4_mem_intfc/u_mig_ddr4_phy/inst/generate_block1.u_ddr_xiphy/byte_num[6].xiphy_byte_wrapper.u_xiphy_byte_wrapper/I_CONTROL[1].GEN_I_CONTROL.u_xiphy_control/pll_clk[0]
    BITSLICE_CONTROL_X1Y13
                         BITSLICE_CONTROL (Prop_CONTROL_BITSLICE_CONTROL_PLL_CLK_TX_BIT_CTRL_OUT2[26])
                                                      0.684     7.356 r  u_ddr4/inst/u_ddr4_mem_intfc/u_mig_ddr4_phy/inst/generate_block1.u_ddr_xiphy/byte_num[6].xiphy_byte_wrapper.u_xiphy_byte_wrapper/I_CONTROL[1].GEN_I_CONTROL.u_xiphy_control/xiphy_control/TX_BIT_CTRL_OUT2[26]
                         net (fo=1, routed)           0.001     7.357    u_ddr4/inst/u_ddr4_mem_intfc/u_mig_ddr4_phy/inst/generate_block1.u_ddr_xiphy/byte_num[6].xiphy_byte_wrapper.u_xiphy_byte_wrapper/I_BITSLICE_UPPER[2].GEN_RXTX_BITSLICE_EN.u_xiphy_bitslice_upper/TX_BIT_CTRL_OUT2[26]
    BITSLICE_RX_TX_X1Y86 RXTX_BITSLICE                                r  u_ddr4/inst/u_ddr4_mem_intfc/u_mig_ddr4_phy/inst/generate_block1.u_ddr_xiphy/byte_num[6].xiphy_byte_wrapper.u_xiphy_byte_wrapper/I_BITSLICE_UPPER[2].GEN_RXTX_BITSLICE_EN.u_xiphy_bitslice_upper/xiphy_rxtx_bitslice/TX_BIT_CTRL_IN[26]
                         clock pessimism             -0.125     7.232    
                         clock uncertainty           -0.165     7.067    
    BITSLICE_RX_TX_X1Y86 RXTX_BITSLICE (Setup_RXTX_BITSLICE_BITSLICE_RX_TX_TX_BIT_CTRL_IN[26]_D[1])
                                                     -0.154     6.913    u_ddr4/inst/u_ddr4_mem_intfc/u_mig_ddr4_phy/inst/generate_block1.u_ddr_xiphy/byte_num[6].xiphy_byte_wrapper.u_xiphy_byte_wrapper/I_BITSLICE_UPPER[2].GEN_RXTX_BITSLICE_EN.u_xiphy_bitslice_upper/xiphy_rxtx_bitslice
  -------------------------------------------------------------------
                         required time                          6.913    
                         arrival time                          -6.173    
  -------------------------------------------------------------------
                         slack                                  0.740    





Min Delay Paths
--------------------------------------------------------------------------------------
Slack (MET) :             0.031ns  (arrival time - required time)
  Source:                 u_ddr4/inst/u_ddr4_mem_intfc/u_ddr_cal_top/mcal_CKE_dly_reg[0][6]/C
                            (rising edge-triggered cell FDRE clocked by mmcm_clkout0  {rise@0.000ns fall@1.666ns period=3.332ns})
  Destination:            u_ddr4/inst/u_ddr4_mem_intfc/u_mig_ddr4_phy/inst/generate_block1.u_ddr_xiphy/byte_num[6].xiphy_byte_wrapper.u_xiphy_byte_wrapper/I_BITSLICE_LOWER[3].GEN_RXTX_BITSLICE_EN.u_xiphy_bitslice_lower/xiphy_rxtx_bitslice/D[6]
                            (rising edge-triggered cell RXTX_BITSLICE clocked by pll_clk[1]_DIV  {rise@0.000ns fall@1.666ns period=3.332ns})
  Path Group:             pll_clk[1]_DIV
  Path Type:              Hold (Min at Slow Process Corner)
  Requirement:            0.000ns  (pll_clk[1]_DIV rise@0.000ns - mmcm_clkout0 rise@0.000ns)
  Data Path Delay:        0.711ns  (logic 0.103ns (14.487%)  route 0.608ns (85.513%))
  Logic Levels:           0  
  Clock Path Skew:        0.462ns (DCD - SCD - CPR)
    Destination Clock Delay (DCD):    4.139ns
    Source Clock Delay      (SCD):    3.803ns
    Clock Pessimism Removal (CPR):    -0.126ns
  Clock Uncertainty:      0.165ns  ((TSJ^2 + DJ^2)^1/2) / 2 + PE
    Total System Jitter     (TSJ):    0.071ns
    Discrete Jitter          (DJ):    0.065ns
    Phase Error              (PE):    0.117ns
  Clock Net Delay (Source):      1.704ns (routing 0.456ns, distribution 1.248ns)

    Location             Delay type                Incr(ns)  Path(ns)    Netlist Resource(s)
  -------------------------------------------------------------------    -------------------
                         (clock mmcm_clkout0 rise edge)
                                                      0.000     0.000 r  
    AK17                                              0.000     0.000 r  sys_clk_p (IN)
                         net (fo=0)                   0.001     0.001    u_ddr4/inst/u_ddr4_mem_intfc/u_mig_ddr4_phy/inst/u_ddr4_phy_pll/diff_input_clk.u_ibufg_sys_clk/I
    HPIOBDIFFINBUF_X1Y35 DIFFINBUF (Prop_DIFFINBUF_HPIOBDIFFINBUF_DIFF_IN_P_O)
                                                      0.377     0.378 r  u_ddr4/inst/u_ddr4_mem_intfc/u_mig_ddr4_phy/inst/u_ddr4_phy_pll/diff_input_clk.u_ibufg_sys_clk/DIFFINBUF_INST/O
                         net (fo=1, routed)           0.051     0.429    u_ddr4/inst/u_ddr4_mem_intfc/u_mig_ddr4_phy/inst/u_ddr4_phy_pll/diff_input_clk.u_ibufg_sys_clk/OUT
    AK17                 IBUFCTRL (Prop_IBUFCTRL_HPIOB_I_O)
                                                      0.000     0.429 r  u_ddr4/inst/u_ddr4_mem_intfc/u_mig_ddr4_phy/inst/u_ddr4_phy_pll/diff_input_clk.u_ibufg_sys_clk/IBUFCTRL_INST/O
                         net (fo=2, routed)           0.778     1.207    u_ddr4/inst/u_ddr4_infrastructure/mmcm_clk_in
    MMCME3_ADV_X1Y1      MMCME3_ADV (Prop_MMCME3_ADV_CLKIN1_CLKOUT0)
                                                      0.445     1.652 r  u_ddr4/inst/u_ddr4_infrastructure/gen_mmcme3.u_mmcme_adv_inst/CLKOUT0
                         net (fo=1, routed)           0.372     2.024    u_ddr4/inst/u_ddr4_infrastructure/mmcm_clkout0
    BUFGCE_X1Y31         BUFGCE (Prop_BUFCE_BUFGCE_I_O)
                                                      0.075     2.099 r  u_ddr4/inst/u_ddr4_infrastructure/u_bufg_divClk/O
    X2Y1 (CLOCK_ROOT)    net (fo=17454, routed)       1.704     3.803    u_ddr4/inst/u_ddr4_mem_intfc/u_ddr_cal_top/dReg_reg[10]
    SLICE_X55Y94         FDRE                                         r  u_ddr4/inst/u_ddr4_mem_intfc/u_ddr_cal_top/mcal_CKE_dly_reg[0][6]/C
  -------------------------------------------------------------------    -------------------
    SLICE_X55Y94         FDRE (Prop_GFF_SLICEM_C_Q)
                                                      0.103     3.906 r  u_ddr4/inst/u_ddr4_mem_intfc/u_ddr_cal_top/mcal_CKE_dly_reg[0][6]/Q
                         net (fo=6, routed)           0.608     4.514    u_ddr4/inst/u_ddr4_mem_intfc/u_mig_ddr4_phy/inst/generate_block1.u_ddr_xiphy/byte_num[6].xiphy_byte_wrapper.u_xiphy_byte_wrapper/I_BITSLICE_LOWER[3].GEN_RXTX_BITSLICE_EN.u_xiphy_bitslice_lower/mcal_CKE[6]
    BITSLICE_RX_TX_X1Y81 RXTX_BITSLICE                                r  u_ddr4/inst/u_ddr4_mem_intfc/u_mig_ddr4_phy/inst/generate_block1.u_ddr_xiphy/byte_num[6].xiphy_byte_wrapper.u_xiphy_byte_wrapper/I_BITSLICE_LOWER[3].GEN_RXTX_BITSLICE_EN.u_xiphy_bitslice_lower/xiphy_rxtx_bitslice/D[6]
  -------------------------------------------------------------------    -------------------

                         (clock pll_clk[1]_DIV rise edge)
                                                      0.000     0.000 f  
    AK17                                              0.000     0.000 f  sys_clk_p (IN)
                         net (fo=0)                   0.001     0.001    u_ddr4/inst/u_ddr4_mem_intfc/u_mig_ddr4_phy/inst/u_ddr4_phy_pll/diff_input_clk.u_ibufg_sys_clk/I
    HPIOBDIFFINBUF_X1Y35 DIFFINBUF (Prop_DIFFINBUF_HPIOBDIFFINBUF_DIFF_IN_P_O)
                                                      0.534     0.535 f  u_ddr4/inst/u_ddr4_mem_intfc/u_mig_ddr4_phy/inst/u_ddr4_phy_pll/diff_input_clk.u_ibufg_sys_clk/DIFFINBUF_INST/O
                         net (fo=1, routed)           0.090     0.625    u_ddr4/inst/u_ddr4_mem_intfc/u_mig_ddr4_phy/inst/u_ddr4_phy_pll/diff_input_clk.u_ibufg_sys_clk/OUT
    AK17                 IBUFCTRL (Prop_IBUFCTRL_HPIOB_I_O)
                                                      0.000     0.625 f  u_ddr4/inst/u_ddr4_mem_intfc/u_mig_ddr4_phy/inst/u_ddr4_phy_pll/diff_input_clk.u_ibufg_sys_clk/IBUFCTRL_INST/O
                         net (fo=2, routed)           0.865     1.490    u_ddr4/inst/u_ddr4_infrastructure/mmcm_clk_in
    MMCME3_ADV_X1Y1      MMCME3_ADV (Prop_MMCME3_ADV_CLKIN1_CLKOUT0)
                                                     -0.121     1.369 f  u_ddr4/inst/u_ddr4_infrastructure/gen_mmcme3.u_mmcme_adv_inst/CLKOUT0
                         net (fo=1, routed)           0.437     1.806    u_ddr4/inst/u_ddr4_infrastructure/mmcm_clkout0
    BUFGCE_X1Y31         BUFGCE (Prop_BUFCE_BUFGCE_I_O)
                                                      0.083     1.889 f  u_ddr4/inst/u_ddr4_infrastructure/u_bufg_divClk/O
                         net (fo=17454, routed)       1.940     3.829    u_ddr4/inst/u_ddr4_mem_intfc/u_mig_ddr4_phy/inst/u_ddr4_phy_pll/div_clk
    PLLE3_ADV_X1Y3       PLLE3_ADV (Prop_PLLE3_ADV_CLKIN_CLKOUTPHY)
                                                     -0.713     3.116 f  u_ddr4/inst/u_ddr4_mem_intfc/u_mig_ddr4_phy/inst/u_ddr4_phy_pll/plle_loop[1].gen_plle3.PLLE3_BASE_INST_OTHER/CLKOUTPHY
                         net (fo=6, routed)           0.235     3.351    u_ddr4/inst/u_ddr4_mem_intfc/u_mig_ddr4_phy/inst/generate_block1.u_ddr_xiphy/byte_num[6].xiphy_byte_wrapper.u_xiphy_byte_wrapper/I_CONTROL[0].GEN_I_CONTROL.u_xiphy_control/pll_clk[0]
    BITSLICE_CONTROL_X1Y12
                         BITSLICE_CONTROL (Prop_CONTROL_BITSLICE_CONTROL_PLL_CLK_TX_BIT_CTRL_OUT3[26])
                                                      0.776     4.127 r  u_ddr4/inst/u_ddr4_mem_intfc/u_mig_ddr4_phy/inst/generate_block1.u_ddr_xiphy/byte_num[6].xiphy_byte_wrapper.u_xiphy_byte_wrapper/I_CONTROL[0].GEN_I_CONTROL.u_xiphy_control/xiphy_control/TX_BIT_CTRL_OUT3[26]
                         net (fo=1, routed)           0.012     4.139    u_ddr4/inst/u_ddr4_mem_intfc/u_mig_ddr4_phy/inst/generate_block1.u_ddr_xiphy/byte_num[6].xiphy_byte_wrapper.u_xiphy_byte_wrapper/I_BITSLICE_LOWER[3].GEN_RXTX_BITSLICE_EN.u_xiphy_bitslice_lower/TX_BIT_CTRL_OUT3[26]
    BITSLICE_RX_TX_X1Y81 RXTX_BITSLICE                                r  u_ddr4/inst/u_ddr4_mem_intfc/u_mig_ddr4_phy/inst/generate_block1.u_ddr_xiphy/byte_num[6].xiphy_byte_wrapper.u_xiphy_byte_wrapper/I_BITSLICE_LOWER[3].GEN_RXTX_BITSLICE_EN.u_xiphy_bitslice_lower/xiphy_rxtx_bitslice/TX_BIT_CTRL_IN[26]
                         clock pessimism              0.126     4.265    
                         clock uncertainty            0.165     4.429    
    BITSLICE_RX_TX_X1Y81 RXTX_BITSLICE (Hold_RXTX_BITSLICE_BITSLICE_RX_TX_TX_BIT_CTRL_IN[26]_D[6])
                                                      0.053     4.482    u_ddr4/inst/u_ddr4_mem_intfc/u_mig_ddr4_phy/inst/generate_block1.u_ddr_xiphy/byte_num[6].xiphy_byte_wrapper.u_xiphy_byte_wrapper/I_BITSLICE_LOWER[3].GEN_RXTX_BITSLICE_EN.u_xiphy_bitslice_lower/xiphy_rxtx_bitslice
  -------------------------------------------------------------------
                         required time                         -4.482    
                         arrival time                           4.514    
  -------------------------------------------------------------------
                         slack                                  0.031    





---------------------------------------------------------------------------------------------------
From Clock:  mmcm_clkout0
  To Clock:  pll_clk[2]_DIV

Setup :            0  Failing Endpoints,  Worst Slack        0.497ns,  Total Violation        0.000ns
Hold  :            0  Failing Endpoints,  Worst Slack        0.031ns,  Total Violation        0.000ns
---------------------------------------------------------------------------------------------------


Max Delay Paths
--------------------------------------------------------------------------------------
Slack (MET) :             0.497ns  (required time - arrival time)
  Source:                 u_ddr4/inst/u_ddr4_mem_intfc/u_ddr_cal_top/u_ddr_mc_pi/u_ddr_mc_write/oe_upp_reg[3]/C
                            (rising edge-triggered cell FDRE clocked by mmcm_clkout0  {rise@0.000ns fall@1.666ns period=3.332ns})
  Destination:            u_ddr4/inst/u_ddr4_mem_intfc/u_mig_ddr4_phy/inst/generate_block1.u_ddr_xiphy/byte_num[11].xiphy_byte_wrapper.u_xiphy_byte_wrapper/I_CONTROL[1].GEN_I_CONTROL.u_xiphy_control/xiphy_control/TBYTE_IN[3]
                            (rising edge-triggered cell BITSLICE_CONTROL clocked by pll_clk[2]_DIV  {rise@0.000ns fall@1.666ns period=3.332ns})
  Path Group:             pll_clk[2]_DIV
  Path Type:              Setup (Max at Slow Process Corner)
  Requirement:            3.332ns  (pll_clk[2]_DIV rise@3.332ns - mmcm_clkout0 rise@0.000ns)
  Data Path Delay:        2.288ns  (logic 0.115ns (5.026%)  route 2.173ns (94.974%))
  Logic Levels:           0  
  Clock Path Skew:        0.038ns (DCD - SCD + CPR)
    Destination Clock Delay (DCD):    4.051ns = ( 7.383 - 3.332 ) 
    Source Clock Delay      (SCD):    3.842ns
    Clock Pessimism Removal (CPR):    -0.171ns
  Clock Uncertainty:      0.165ns  ((TSJ^2 + DJ^2)^1/2) / 2 + PE
    Total System Jitter     (TSJ):    0.071ns
    Discrete Jitter          (DJ):    0.065ns
    Phase Error              (PE):    0.117ns
  Clock Net Delay (Source):      1.953ns (routing 0.495ns, distribution 1.458ns)
  Clock Net Delay (Destination): 1.787ns (routing 0.456ns, distribution 1.331ns)

    Location             Delay type                Incr(ns)  Path(ns)    Netlist Resource(s)
  -------------------------------------------------------------------    -------------------
                         (clock mmcm_clkout0 rise edge)
                                                      0.000     0.000 r  
    AK17                                              0.000     0.000 r  sys_clk_p (IN)
                         net (fo=0)                   0.001     0.001    u_ddr4/inst/u_ddr4_mem_intfc/u_mig_ddr4_phy/inst/u_ddr4_phy_pll/diff_input_clk.u_ibufg_sys_clk/I
    HPIOBDIFFINBUF_X1Y35 DIFFINBUF (Prop_DIFFINBUF_HPIOBDIFFINBUF_DIFF_IN_P_O)
                                                      0.534     0.535 r  u_ddr4/inst/u_ddr4_mem_intfc/u_mig_ddr4_phy/inst/u_ddr4_phy_pll/diff_input_clk.u_ibufg_sys_clk/DIFFINBUF_INST/O
                         net (fo=1, routed)           0.090     0.625    u_ddr4/inst/u_ddr4_mem_intfc/u_mig_ddr4_phy/inst/u_ddr4_phy_pll/diff_input_clk.u_ibufg_sys_clk/OUT
    AK17                 IBUFCTRL (Prop_IBUFCTRL_HPIOB_I_O)
                                                      0.000     0.625 r  u_ddr4/inst/u_ddr4_mem_intfc/u_mig_ddr4_phy/inst/u_ddr4_phy_pll/diff_input_clk.u_ibufg_sys_clk/IBUFCTRL_INST/O
                         net (fo=2, routed)           0.865     1.490    u_ddr4/inst/u_ddr4_infrastructure/mmcm_clk_in
    MMCME3_ADV_X1Y1      MMCME3_ADV (Prop_MMCME3_ADV_CLKIN1_CLKOUT0)
                                                     -0.121     1.369 r  u_ddr4/inst/u_ddr4_infrastructure/gen_mmcme3.u_mmcme_adv_inst/CLKOUT0
                         net (fo=1, routed)           0.437     1.806    u_ddr4/inst/u_ddr4_infrastructure/mmcm_clkout0
    BUFGCE_X1Y31         BUFGCE (Prop_BUFCE_BUFGCE_I_O)
                                                      0.083     1.889 r  u_ddr4/inst/u_ddr4_infrastructure/u_bufg_divClk/O
    X2Y1 (CLOCK_ROOT)    net (fo=17454, routed)       1.953     3.842    u_ddr4/inst/u_ddr4_mem_intfc/u_ddr_cal_top/u_ddr_mc_pi/u_ddr_mc_write/dReg_reg[10]
    SLICE_X48Y71         FDRE                                         r  u_ddr4/inst/u_ddr4_mem_intfc/u_ddr_cal_top/u_ddr_mc_pi/u_ddr_mc_write/oe_upp_reg[3]/C
  -------------------------------------------------------------------    -------------------
    SLICE_X48Y71         FDRE (Prop_AFF_SLICEL_C_Q)
                                                      0.115     3.957 r  u_ddr4/inst/u_ddr4_mem_intfc/u_ddr_cal_top/u_ddr_mc_pi/u_ddr_mc_write/oe_upp_reg[3]/Q
                         net (fo=8, routed)           2.173     6.130    u_ddr4/inst/u_ddr4_mem_intfc/u_mig_ddr4_phy/inst/generate_block1.u_ddr_xiphy/byte_num[11].xiphy_byte_wrapper.u_xiphy_byte_wrapper/I_CONTROL[1].GEN_I_CONTROL.u_xiphy_control/ch0_mcal_clb2phy_t_b_upp[3]
    BITSLICE_CONTROL_X1Y23
                         BITSLICE_CONTROL                             r  u_ddr4/inst/u_ddr4_mem_intfc/u_mig_ddr4_phy/inst/generate_block1.u_ddr_xiphy/byte_num[11].xiphy_byte_wrapper.u_xiphy_byte_wrapper/I_CONTROL[1].GEN_I_CONTROL.u_xiphy_control/xiphy_control/TBYTE_IN[3]
  -------------------------------------------------------------------    -------------------

                         (clock pll_clk[2]_DIV rise edge)
                                                      3.332     3.332 f  
    AK17                                              0.000     3.332 f  sys_clk_p (IN)
                         net (fo=0)                   0.001     3.333    u_ddr4/inst/u_ddr4_mem_intfc/u_mig_ddr4_phy/inst/u_ddr4_phy_pll/diff_input_clk.u_ibufg_sys_clk/I
    HPIOBDIFFINBUF_X1Y35 DIFFINBUF (Prop_DIFFINBUF_HPIOBDIFFINBUF_DIFF_IN_P_O)
                                                      0.377     3.710 f  u_ddr4/inst/u_ddr4_mem_intfc/u_mig_ddr4_phy/inst/u_ddr4_phy_pll/diff_input_clk.u_ibufg_sys_clk/DIFFINBUF_INST/O
                         net (fo=1, routed)           0.051     3.761    u_ddr4/inst/u_ddr4_mem_intfc/u_mig_ddr4_phy/inst/u_ddr4_phy_pll/diff_input_clk.u_ibufg_sys_clk/OUT
    AK17                 IBUFCTRL (Prop_IBUFCTRL_HPIOB_I_O)
                                                      0.000     3.761 f  u_ddr4/inst/u_ddr4_mem_intfc/u_mig_ddr4_phy/inst/u_ddr4_phy_pll/diff_input_clk.u_ibufg_sys_clk/IBUFCTRL_INST/O
                         net (fo=2, routed)           0.778     4.539    u_ddr4/inst/u_ddr4_infrastructure/mmcm_clk_in
    MMCME3_ADV_X1Y1      MMCME3_ADV (Prop_MMCME3_ADV_CLKIN1_CLKOUT0)
                                                      0.445     4.984 f  u_ddr4/inst/u_ddr4_infrastructure/gen_mmcme3.u_mmcme_adv_inst/CLKOUT0
                         net (fo=1, routed)           0.372     5.356    u_ddr4/inst/u_ddr4_infrastructure/mmcm_clkout0
    BUFGCE_X1Y31         BUFGCE (Prop_BUFCE_BUFGCE_I_O)
                                                      0.075     5.431 f  u_ddr4/inst/u_ddr4_infrastructure/u_bufg_divClk/O
    X2Y1 (CLOCK_ROOT)    net (fo=17454, routed)       1.787     7.218    u_ddr4/inst/u_ddr4_mem_intfc/u_mig_ddr4_phy/inst/u_ddr4_phy_pll/div_clk
    PLLE3_ADV_X1Y5       PLLE3_ADV (Prop_PLLE3_ADV_CLKIN_CLKOUTPHY)
                                                     -0.713     6.505 f  u_ddr4/inst/u_ddr4_mem_intfc/u_mig_ddr4_phy/inst/u_ddr4_phy_pll/plle_loop[2].gen_plle3.PLLE3_BASE_INST_OTHER/CLKOUTPHY
                         net (fo=8, routed)           0.196     6.701    u_ddr4/inst/u_ddr4_mem_intfc/u_mig_ddr4_phy/inst/generate_block1.u_ddr_xiphy/byte_num[11].xiphy_byte_wrapper.u_xiphy_byte_wrapper/I_CONTROL[1].GEN_I_CONTROL.u_xiphy_control/pll_clk[0]
    BITSLICE_CONTROL_X1Y23
                         BITSLICE_CONTROL (Prop_CONTROL_BITSLICE_CONTROL_PLL_CLK_TX_BIT_CTRL_OUT0[26])
                                                      0.682     7.383 r  u_ddr4/inst/u_ddr4_mem_intfc/u_mig_ddr4_phy/inst/generate_block1.u_ddr_xiphy/byte_num[11].xiphy_byte_wrapper.u_xiphy_byte_wrapper/I_CONTROL[1].GEN_I_CONTROL.u_xiphy_control/xiphy_control/TX_BIT_CTRL_OUT0[26]
                         clock pessimism             -0.171     7.212    
                         clock uncertainty           -0.165     7.047    
    BITSLICE_CONTROL_X1Y23
                         BITSLICE_CONTROL (Setup_CONTROL_BITSLICE_CONTROL_TX_BIT_CTRL_OUT0[26]_TBYTE_IN[3])
                                                     -0.420     6.627    u_ddr4/inst/u_ddr4_mem_intfc/u_mig_ddr4_phy/inst/generate_block1.u_ddr_xiphy/byte_num[11].xiphy_byte_wrapper.u_xiphy_byte_wrapper/I_CONTROL[1].GEN_I_CONTROL.u_xiphy_control/xiphy_control
  -------------------------------------------------------------------
                         required time                          6.627    
                         arrival time                          -6.130    
  -------------------------------------------------------------------
                         slack                                  0.497    





Min Delay Paths
--------------------------------------------------------------------------------------
Slack (MET) :             0.031ns  (arrival time - required time)
  Source:                 u_ddr4/inst/u_ddr4_mem_intfc/u_ddr_cal_top/u_ddr_mc_pi/u_ddr_mc_write/genByte[7].u_ddr_mc_wr_byte/genBit[3].u_ddr_mc_wr_bit/dReg_reg[5]/C
                            (rising edge-triggered cell FDRE clocked by mmcm_clkout0  {rise@0.000ns fall@1.666ns period=3.332ns})
  Destination:            u_ddr4/inst/u_ddr4_mem_intfc/u_mig_ddr4_phy/inst/generate_block1.u_ddr_xiphy/byte_num[11].xiphy_byte_wrapper.u_xiphy_byte_wrapper/I_BITSLICE_UPPER[2].GEN_RXTX_BITSLICE_EN.u_xiphy_bitslice_upper/xiphy_rxtx_bitslice/D[5]
                            (rising edge-triggered cell RXTX_BITSLICE clocked by pll_clk[2]_DIV  {rise@0.000ns fall@1.666ns period=3.332ns})
  Path Group:             pll_clk[2]_DIV
  Path Type:              Hold (Min at Slow Process Corner)
  Requirement:            0.000ns  (pll_clk[2]_DIV rise@0.000ns - mmcm_clkout0 rise@0.000ns)
  Data Path Delay:        0.738ns  (logic 0.103ns (13.957%)  route 0.635ns (86.043%))
  Logic Levels:           0  
  Clock Path Skew:        0.466ns (DCD - SCD - CPR)
    Destination Clock Delay (DCD):    4.198ns
    Source Clock Delay      (SCD):    3.855ns
    Clock Pessimism Removal (CPR):    -0.123ns
  Clock Uncertainty:      0.165ns  ((TSJ^2 + DJ^2)^1/2) / 2 + PE
    Total System Jitter     (TSJ):    0.071ns
    Discrete Jitter          (DJ):    0.065ns
    Phase Error              (PE):    0.117ns
  Clock Net Delay (Source):      1.756ns (routing 0.456ns, distribution 1.300ns)

    Location             Delay type                Incr(ns)  Path(ns)    Netlist Resource(s)
  -------------------------------------------------------------------    -------------------
                         (clock mmcm_clkout0 rise edge)
                                                      0.000     0.000 r  
    AK17                                              0.000     0.000 r  sys_clk_p (IN)
                         net (fo=0)                   0.001     0.001    u_ddr4/inst/u_ddr4_mem_intfc/u_mig_ddr4_phy/inst/u_ddr4_phy_pll/diff_input_clk.u_ibufg_sys_clk/I
    HPIOBDIFFINBUF_X1Y35 DIFFINBUF (Prop_DIFFINBUF_HPIOBDIFFINBUF_DIFF_IN_P_O)
                                                      0.377     0.378 r  u_ddr4/inst/u_ddr4_mem_intfc/u_mig_ddr4_phy/inst/u_ddr4_phy_pll/diff_input_clk.u_ibufg_sys_clk/DIFFINBUF_INST/O
                         net (fo=1, routed)           0.051     0.429    u_ddr4/inst/u_ddr4_mem_intfc/u_mig_ddr4_phy/inst/u_ddr4_phy_pll/diff_input_clk.u_ibufg_sys_clk/OUT
    AK17                 IBUFCTRL (Prop_IBUFCTRL_HPIOB_I_O)
                                                      0.000     0.429 r  u_ddr4/inst/u_ddr4_mem_intfc/u_mig_ddr4_phy/inst/u_ddr4_phy_pll/diff_input_clk.u_ibufg_sys_clk/IBUFCTRL_INST/O
                         net (fo=2, routed)           0.778     1.207    u_ddr4/inst/u_ddr4_infrastructure/mmcm_clk_in
    MMCME3_ADV_X1Y1      MMCME3_ADV (Prop_MMCME3_ADV_CLKIN1_CLKOUT0)
                                                      0.445     1.652 r  u_ddr4/inst/u_ddr4_infrastructure/gen_mmcme3.u_mmcme_adv_inst/CLKOUT0
                         net (fo=1, routed)           0.372     2.024    u_ddr4/inst/u_ddr4_infrastructure/mmcm_clkout0
    BUFGCE_X1Y31         BUFGCE (Prop_BUFCE_BUFGCE_I_O)
                                                      0.075     2.099 r  u_ddr4/inst/u_ddr4_infrastructure/u_bufg_divClk/O
    X2Y1 (CLOCK_ROOT)    net (fo=17454, routed)       1.756     3.855    u_ddr4/inst/u_ddr4_mem_intfc/u_ddr_cal_top/u_ddr_mc_pi/u_ddr_mc_write/genByte[7].u_ddr_mc_wr_byte/genBit[3].u_ddr_mc_wr_bit/dReg_reg[10]_0
    SLICE_X50Y174        FDRE                                         r  u_ddr4/inst/u_ddr4_mem_intfc/u_ddr_cal_top/u_ddr_mc_pi/u_ddr_mc_write/genByte[7].u_ddr_mc_wr_byte/genBit[3].u_ddr_mc_wr_bit/dReg_reg[5]/C
  -------------------------------------------------------------------    -------------------
    SLICE_X50Y174        FDRE (Prop_CFF_SLICEL_C_Q)
                                                      0.103     3.958 r  u_ddr4/inst/u_ddr4_mem_intfc/u_ddr_cal_top/u_ddr_mc_pi/u_ddr_mc_write/genByte[7].u_ddr_mc_wr_byte/genBit[3].u_ddr_mc_wr_bit/dReg_reg[5]/Q
                         net (fo=1, routed)           0.635     4.593    u_ddr4/inst/u_ddr4_mem_intfc/u_mig_ddr4_phy/inst/generate_block1.u_ddr_xiphy/byte_num[11].xiphy_byte_wrapper.u_xiphy_byte_wrapper/I_BITSLICE_UPPER[2].GEN_RXTX_BITSLICE_EN.u_xiphy_bitslice_upper/ch0_mcal_DQOut[5]
    BITSLICE_RX_TX_X1Y151
                         RXTX_BITSLICE                                r  u_ddr4/inst/u_ddr4_mem_intfc/u_mig_ddr4_phy/inst/generate_block1.u_ddr_xiphy/byte_num[11].xiphy_byte_wrapper.u_xiphy_byte_wrapper/I_BITSLICE_UPPER[2].GEN_RXTX_BITSLICE_EN.u_xiphy_bitslice_upper/xiphy_rxtx_bitslice/D[5]
  -------------------------------------------------------------------    -------------------

                         (clock pll_clk[2]_DIV rise edge)
                                                      0.000     0.000 f  
    AK17                                              0.000     0.000 f  sys_clk_p (IN)
                         net (fo=0)                   0.001     0.001    u_ddr4/inst/u_ddr4_mem_intfc/u_mig_ddr4_phy/inst/u_ddr4_phy_pll/diff_input_clk.u_ibufg_sys_clk/I
    HPIOBDIFFINBUF_X1Y35 DIFFINBUF (Prop_DIFFINBUF_HPIOBDIFFINBUF_DIFF_IN_P_O)
                                                      0.534     0.535 f  u_ddr4/inst/u_ddr4_mem_intfc/u_mig_ddr4_phy/inst/u_ddr4_phy_pll/diff_input_clk.u_ibufg_sys_clk/DIFFINBUF_INST/O
                         net (fo=1, routed)           0.090     0.625    u_ddr4/inst/u_ddr4_mem_intfc/u_mig_ddr4_phy/inst/u_ddr4_phy_pll/diff_input_clk.u_ibufg_sys_clk/OUT
    AK17                 IBUFCTRL (Prop_IBUFCTRL_HPIOB_I_O)
                                                      0.000     0.625 f  u_ddr4/inst/u_ddr4_mem_intfc/u_mig_ddr4_phy/inst/u_ddr4_phy_pll/diff_input_clk.u_ibufg_sys_clk/IBUFCTRL_INST/O
                         net (fo=2, routed)           0.865     1.490    u_ddr4/inst/u_ddr4_infrastructure/mmcm_clk_in
    MMCME3_ADV_X1Y1      MMCME3_ADV (Prop_MMCME3_ADV_CLKIN1_CLKOUT0)
                                                     -0.121     1.369 f  u_ddr4/inst/u_ddr4_infrastructure/gen_mmcme3.u_mmcme_adv_inst/CLKOUT0
                         net (fo=1, routed)           0.437     1.806    u_ddr4/inst/u_ddr4_infrastructure/mmcm_clkout0
    BUFGCE_X1Y31         BUFGCE (Prop_BUFCE_BUFGCE_I_O)
                                                      0.083     1.889 f  u_ddr4/inst/u_ddr4_infrastructure/u_bufg_divClk/O
                         net (fo=17454, routed)       1.972     3.861    u_ddr4/inst/u_ddr4_mem_intfc/u_mig_ddr4_phy/inst/u_ddr4_phy_pll/div_clk
    PLLE3_ADV_X1Y5       PLLE3_ADV (Prop_PLLE3_ADV_CLKIN_CLKOUTPHY)
                                                     -0.713     3.148 f  u_ddr4/inst/u_ddr4_mem_intfc/u_mig_ddr4_phy/inst/u_ddr4_phy_pll/plle_loop[2].gen_plle3.PLLE3_BASE_INST_OTHER/CLKOUTPHY
                         net (fo=8, routed)           0.235     3.383    u_ddr4/inst/u_ddr4_mem_intfc/u_mig_ddr4_phy/inst/generate_block1.u_ddr_xiphy/byte_num[11].xiphy_byte_wrapper.u_xiphy_byte_wrapper/I_CONTROL[1].GEN_I_CONTROL.u_xiphy_control/pll_clk[0]
    BITSLICE_CONTROL_X1Y23
                         BITSLICE_CONTROL (Prop_CONTROL_BITSLICE_CONTROL_PLL_CLK_TX_BIT_CTRL_OUT2[26])
                                                      0.803     4.186 r  u_ddr4/inst/u_ddr4_mem_intfc/u_mig_ddr4_phy/inst/generate_block1.u_ddr_xiphy/byte_num[11].xiphy_byte_wrapper.u_xiphy_byte_wrapper/I_CONTROL[1].GEN_I_CONTROL.u_xiphy_control/xiphy_control/TX_BIT_CTRL_OUT2[26]
                         net (fo=1, routed)           0.012     4.198    u_ddr4/inst/u_ddr4_mem_intfc/u_mig_ddr4_phy/inst/generate_block1.u_ddr_xiphy/byte_num[11].xiphy_byte_wrapper.u_xiphy_byte_wrapper/I_BITSLICE_UPPER[2].GEN_RXTX_BITSLICE_EN.u_xiphy_bitslice_upper/TX_BIT_CTRL_OUT2[26]
    BITSLICE_RX_TX_X1Y151
                         RXTX_BITSLICE                                r  u_ddr4/inst/u_ddr4_mem_intfc/u_mig_ddr4_phy/inst/generate_block1.u_ddr_xiphy/byte_num[11].xiphy_byte_wrapper.u_xiphy_byte_wrapper/I_BITSLICE_UPPER[2].GEN_RXTX_BITSLICE_EN.u_xiphy_bitslice_upper/xiphy_rxtx_bitslice/TX_BIT_CTRL_IN[26]
                         clock pessimism              0.123     4.321    
                         clock uncertainty            0.165     4.486    
    BITSLICE_RX_TX_X1Y151
                         RXTX_BITSLICE (Hold_RXTX_BITSLICE_BITSLICE_RX_TX_TX_BIT_CTRL_IN[26]_D[5])
                                                      0.076     4.562    u_ddr4/inst/u_ddr4_mem_intfc/u_mig_ddr4_phy/inst/generate_block1.u_ddr_xiphy/byte_num[11].xiphy_byte_wrapper.u_xiphy_byte_wrapper/I_BITSLICE_UPPER[2].GEN_RXTX_BITSLICE_EN.u_xiphy_bitslice_upper/xiphy_rxtx_bitslice
  -------------------------------------------------------------------
                         required time                         -4.562    
                         arrival time                           4.593    
  -------------------------------------------------------------------
                         slack                                  0.031    





---------------------------------------------------------------------------------------------------
From Clock:  pcie_clk
  To Clock:  clk_out1_hdmi_net_clock

Setup :            0  Failing Endpoints,  Worst Slack        3.307ns,  Total Violation        0.000ns
Hold  :           NA  Failing Endpoints,  Worst Slack           NA  ,  Total Violation           NA
---------------------------------------------------------------------------------------------------


Max Delay Paths
--------------------------------------------------------------------------------------
Slack (MET) :             3.307ns  (required time - arrival time)
  Source:                 u_ingress/u_tiles/u_fifo/gnuram_async_fifo.xpm_fifo_base_inst/gen_cdc_pntr.wr_pntr_cdc_inst/src_gray_ff_reg[3]/C
                            (rising edge-triggered cell FDRE clocked by pcie_clk  {rise@0.000ns fall@2.000ns period=4.000ns})
  Destination:            u_ingress/u_tiles/u_fifo/gnuram_async_fifo.xpm_fifo_base_inst/gen_cdc_pntr.wr_pntr_cdc_inst/dest_graysync_ff_reg[0][3]/D
                            (rising edge-triggered cell FDRE clocked by clk_out1_hdmi_net_clock  {rise@0.000ns fall@4.998ns period=9.996ns})
  Path Group:             clk_out1_hdmi_net_clock
  Path Type:              Setup (Max at Slow Process Corner)
  Requirement:            4.000ns  (MaxDelay Path 4.000ns)
  Data Path Delay:        0.756ns  (logic 0.117ns (15.476%)  route 0.639ns (84.524%))
  Logic Levels:           0  
  Timing Exception:       MaxDelay Path 4.000ns -datapath_only

    Location             Delay type                Incr(ns)  Path(ns)    Netlist Resource(s)
  -------------------------------------------------------------------    -------------------
    SLICE_X120Y63                                     0.000     0.000 r  u_ingress/u_tiles/u_fifo/gnuram_async_fifo.xpm_fifo_base_inst/gen_cdc_pntr.wr_pntr_cdc_inst/src_gray_ff_reg[3]/C
    SLICE_X120Y63        FDRE (Prop_DFF2_SLICEL_C_Q)
                                                      0.117     0.117 r  u_ingress/u_tiles/u_fifo/gnuram_async_fifo.xpm_fifo_base_inst/gen_cdc_pntr.wr_pntr_cdc_inst/src_gray_ff_reg[3]/Q
                         net (fo=1, routed)           0.639     0.756    u_ingress/u_tiles/u_fifo/gnuram_async_fifo.xpm_fifo_base_inst/gen_cdc_pntr.wr_pntr_cdc_inst/async_path[3]
    SLICE_X118Y57        FDRE                                         r  u_ingress/u_tiles/u_fifo/gnuram_async_fifo.xpm_fifo_base_inst/gen_cdc_pntr.wr_pntr_cdc_inst/dest_graysync_ff_reg[0][3]/D
  -------------------------------------------------------------------    -------------------

                         max delay                    4.000     4.000    
    SLICE_X118Y57        FDRE (Setup_DFF2_SLICEM_C_D)
                                                      0.063     4.063    u_ingress/u_tiles/u_fifo/gnuram_async_fifo.xpm_fifo_base_inst/gen_cdc_pntr.wr_pntr_cdc_inst/dest_graysync_ff_reg[0][3]
  -------------------------------------------------------------------
                         required time                          4.063    
                         arrival time                          -0.756    
  -------------------------------------------------------------------
                         slack                                  3.307    





---------------------------------------------------------------------------------------------------
From Clock:  mmcm_clkout0
  To Clock:  clk_out1_hdmi_net_clock

Setup :            0  Failing Endpoints,  Worst Slack        1.386ns,  Total Violation        0.000ns
Hold  :            0  Failing Endpoints,  Worst Slack        0.056ns,  Total Violation        0.000ns
---------------------------------------------------------------------------------------------------


Max Delay Paths
--------------------------------------------------------------------------------------
Slack (MET) :             1.386ns  (required time - arrival time)
  Source:                 u_output/u_store/frame_valid_reg/C
                            (rising edge-triggered cell FDRE clocked by mmcm_clkout0  {rise@0.000ns fall@1.666ns period=3.332ns})
  Destination:            fs_sync_reg[0]/D
                            (rising edge-triggered cell FDRE clocked by clk_out1_hdmi_net_clock  {rise@0.000ns fall@4.998ns period=9.996ns})
  Path Group:             clk_out1_hdmi_net_clock
  Path Type:              Setup (Max at Fast Process Corner)
  Requirement:            3.332ns  (clk_out1_hdmi_net_clock rise@9.996ns - mmcm_clkout0 rise@6.664ns)
  Data Path Delay:        2.633ns  (logic 0.064ns (2.431%)  route 2.569ns (97.569%))
  Logic Levels:           0  
  Clock Path Skew:        0.946ns (DCD - SCD + CPR)
    Destination Clock Delay (DCD):    3.165ns = ( 13.161 - 9.996 ) 
    Source Clock Delay      (SCD):    1.997ns = ( 8.661 - 6.664 ) 
    Clock Pessimism Removal (CPR):    -0.222ns
  Clock Uncertainty:      0.290ns  ((TSJ^2 + DJ^2)^1/2) / 2 + PE
    Total System Jitter     (TSJ):    0.071ns
    Discrete Jitter          (DJ):    0.156ns
    Phase Error              (PE):    0.204ns
  Clock Net Delay (Source):      1.037ns (routing 0.232ns, distribution 0.805ns)
  Clock Net Delay (Destination): 0.938ns (routing 0.127ns, distribution 0.811ns)

    Location             Delay type                Incr(ns)  Path(ns)    Netlist Resource(s)
  -------------------------------------------------------------------    -------------------
                         (clock mmcm_clkout0 rise edge)
                                                      6.664     6.664 r  
    AK17                                              0.000     6.664 r  sys_clk_p (IN)
                         net (fo=0)                   0.001     6.665    u_ddr4/inst/u_ddr4_mem_intfc/u_mig_ddr4_phy/inst/u_ddr4_phy_pll/diff_input_clk.u_ibufg_sys_clk/I
    HPIOBDIFFINBUF_X1Y35 DIFFINBUF (Prop_DIFFINBUF_HPIOBDIFFINBUF_DIFF_IN_P_O)
                                                      0.421     7.086 r  u_ddr4/inst/u_ddr4_mem_intfc/u_mig_ddr4_phy/inst/u_ddr4_phy_pll/diff_input_clk.u_ibufg_sys_clk/DIFFINBUF_INST/O
                         net (fo=1, routed)           0.048     7.134    u_ddr4/inst/u_ddr4_mem_intfc/u_mig_ddr4_phy/inst/u_ddr4_phy_pll/diff_input_clk.u_ibufg_sys_clk/OUT
    AK17                 IBUFCTRL (Prop_IBUFCTRL_HPIOB_I_O)
                                                      0.000     7.134 r  u_ddr4/inst/u_ddr4_mem_intfc/u_mig_ddr4_phy/inst/u_ddr4_phy_pll/diff_input_clk.u_ibufg_sys_clk/IBUFCTRL_INST/O
                         net (fo=2, routed)           0.457     7.591    u_ddr4/inst/u_ddr4_infrastructure/mmcm_clk_in
    MMCME3_ADV_X1Y1      MMCME3_ADV (Prop_MMCME3_ADV_CLKIN1_CLKOUT0)
                                                     -0.207     7.384 r  u_ddr4/inst/u_ddr4_infrastructure/gen_mmcme3.u_mmcme_adv_inst/CLKOUT0
                         net (fo=1, routed)           0.209     7.593    u_ddr4/inst/u_ddr4_infrastructure/mmcm_clkout0
    BUFGCE_X1Y31         BUFGCE (Prop_BUFCE_BUFGCE_I_O)
                                                      0.031     7.624 r  u_ddr4/inst/u_ddr4_infrastructure/u_bufg_divClk/O
    X2Y1 (CLOCK_ROOT)    net (fo=17454, routed)       1.037     8.661    u_output/u_store/c0_ddr4_ui_clk
    SLICE_X75Y104        FDRE                                         r  u_output/u_store/frame_valid_reg/C
  -------------------------------------------------------------------    -------------------
    SLICE_X75Y104        FDRE (Prop_DFF_SLICEL_C_Q)
                                                      0.064     8.725 r  u_output/u_store/frame_valid_reg/Q
                         net (fo=7, routed)           2.569    11.294    frame_stored
    SLICE_X81Y101        FDRE                                         r  fs_sync_reg[0]/D
  -------------------------------------------------------------------    -------------------

                         (clock clk_out1_hdmi_net_clock rise edge)
                                                      9.996     9.996 r  
    AK17                                              0.000     9.996 r  sys_clk_p (IN)
                         net (fo=0)                   0.001     9.997    u_ddr4/inst/u_ddr4_mem_intfc/u_mig_ddr4_phy/inst/u_ddr4_phy_pll/diff_input_clk.u_ibufg_sys_clk/I
    HPIOBDIFFINBUF_X1Y35 DIFFINBUF (Prop_DIFFINBUF_HPIOBDIFFINBUF_DIFF_IN_P_O)
                                                      0.238    10.235 r  u_ddr4/inst/u_ddr4_mem_intfc/u_mig_ddr4_phy/inst/u_ddr4_phy_pll/diff_input_clk.u_ibufg_sys_clk/DIFFINBUF_INST/O
                         net (fo=1, routed)           0.028    10.263    u_ddr4/inst/u_ddr4_mem_intfc/u_mig_ddr4_phy/inst/u_ddr4_phy_pll/diff_input_clk.u_ibufg_sys_clk/OUT
    AK17                 IBUFCTRL (Prop_IBUFCTRL_HPIOB_I_O)
                                                      0.000    10.263 r  u_ddr4/inst/u_ddr4_mem_intfc/u_mig_ddr4_phy/inst/u_ddr4_phy_pll/diff_input_clk.u_ibufg_sys_clk/IBUFCTRL_INST/O
                         net (fo=2, routed)           0.405    10.668    u_ddr4/inst/u_ddr4_infrastructure/mmcm_clk_in
    MMCME3_ADV_X1Y1      MMCME3_ADV (Prop_MMCME3_ADV_CLKIN1_CLKOUT1)
                                                      0.270    10.938 r  u_ddr4/inst/u_ddr4_infrastructure/gen_mmcme3.u_mmcme_adv_inst/CLKOUT1
                         net (fo=1, routed)           0.167    11.105    u_ddr4/inst/u_ddr4_infrastructure/mmcm_clkout1
    BUFGCE_X1Y30         BUFGCE (Prop_BUFCE_BUFGCE_I_O)
                                                      0.027    11.132 r  u_ddr4/inst/u_ddr4_infrastructure/u_bufg_addn_ui_clk_1/O
                         net (fo=1, routed)           0.627    11.759    u_net_clock/inst/clk_in1
    MMCME3_ADV_X1Y2      MMCME3_ADV (Prop_MMCME3_ADV_CLKIN1_CLKOUT0)
                                                      0.270    12.029 r  u_net_clock/inst/mmcme3_adv_inst/CLKOUT0
                         net (fo=1, routed)           0.167    12.196    u_net_clock/inst/clk_out1_hdmi_net_clock
    BUFGCE_X1Y63         BUFGCE (Prop_BUFCE_BUFGCE_I_O)
                                                      0.027    12.223 r  u_net_clock/inst/clkout1_buf/O
    X2Y2 (CLOCK_ROOT)    net (fo=200888, routed)      0.938    13.161    net_clk_out
    SLICE_X81Y101        FDRE                                         r  fs_sync_reg[0]/C
                         clock pessimism             -0.222    12.939    
                         clock uncertainty           -0.290    12.650    
    SLICE_X81Y101        FDRE (Setup_GFF2_SLICEL_C_D)
                                                      0.031    12.681    fs_sync_reg[0]
  -------------------------------------------------------------------
                         required time                         12.681    
                         arrival time                         -11.294    
  -------------------------------------------------------------------
                         slack                                  1.386    





Min Delay Paths
--------------------------------------------------------------------------------------
Slack (MET) :             0.056ns  (arrival time - required time)
  Source:                 u_ddr4/inst/u_ddr4_mem_intfc/u_ddr_cal_top/calDone_gated_reg/C
                            (rising edge-triggered cell FDRE clocked by mmcm_clkout0  {rise@0.000ns fall@1.666ns period=3.332ns})
  Destination:            u_output/cal0_reg/D
                            (rising edge-triggered cell FDRE clocked by clk_out1_hdmi_net_clock  {rise@0.000ns fall@4.998ns period=9.996ns})
  Path Group:             clk_out1_hdmi_net_clock
  Path Type:              Hold (Min at Slow Process Corner)
  Requirement:            0.000ns  (clk_out1_hdmi_net_clock rise@0.000ns - mmcm_clkout0 rise@0.000ns)
  Data Path Delay:        2.979ns  (logic 0.104ns (3.491%)  route 2.875ns (96.509%))
  Logic Levels:           0  
  Clock Path Skew:        2.525ns (DCD - SCD - CPR)
    Destination Clock Delay (DCD):    6.107ns
    Source Clock Delay      (SCD):    3.865ns
    Clock Pessimism Removal (CPR):    -0.283ns
  Clock Uncertainty:      0.290ns  ((TSJ^2 + DJ^2)^1/2) / 2 + PE
    Total System Jitter     (TSJ):    0.071ns
    Discrete Jitter          (DJ):    0.156ns
    Phase Error              (PE):    0.204ns
  Clock Net Delay (Source):      1.766ns (routing 0.456ns, distribution 1.310ns)
  Clock Net Delay (Destination): 2.263ns (routing 0.335ns, distribution 1.928ns)

    Location             Delay type                Incr(ns)  Path(ns)    Netlist Resource(s)
  -------------------------------------------------------------------    -------------------
                         (clock mmcm_clkout0 rise edge)
                                                      0.000     0.000 r  
    AK17                                              0.000     0.000 r  sys_clk_p (IN)
                         net (fo=0)                   0.001     0.001    u_ddr4/inst/u_ddr4_mem_intfc/u_mig_ddr4_phy/inst/u_ddr4_phy_pll/diff_input_clk.u_ibufg_sys_clk/I
    HPIOBDIFFINBUF_X1Y35 DIFFINBUF (Prop_DIFFINBUF_HPIOBDIFFINBUF_DIFF_IN_P_O)
                                                      0.377     0.378 r  u_ddr4/inst/u_ddr4_mem_intfc/u_mig_ddr4_phy/inst/u_ddr4_phy_pll/diff_input_clk.u_ibufg_sys_clk/DIFFINBUF_INST/O
                         net (fo=1, routed)           0.051     0.429    u_ddr4/inst/u_ddr4_mem_intfc/u_mig_ddr4_phy/inst/u_ddr4_phy_pll/diff_input_clk.u_ibufg_sys_clk/OUT
    AK17                 IBUFCTRL (Prop_IBUFCTRL_HPIOB_I_O)
                                                      0.000     0.429 r  u_ddr4/inst/u_ddr4_mem_intfc/u_mig_ddr4_phy/inst/u_ddr4_phy_pll/diff_input_clk.u_ibufg_sys_clk/IBUFCTRL_INST/O
                         net (fo=2, routed)           0.778     1.207    u_ddr4/inst/u_ddr4_infrastructure/mmcm_clk_in
    MMCME3_ADV_X1Y1      MMCME3_ADV (Prop_MMCME3_ADV_CLKIN1_CLKOUT0)
                                                      0.445     1.652 r  u_ddr4/inst/u_ddr4_infrastructure/gen_mmcme3.u_mmcme_adv_inst/CLKOUT0
                         net (fo=1, routed)           0.372     2.024    u_ddr4/inst/u_ddr4_infrastructure/mmcm_clkout0
    BUFGCE_X1Y31         BUFGCE (Prop_BUFCE_BUFGCE_I_O)
                                                      0.075     2.099 r  u_ddr4/inst/u_ddr4_infrastructure/u_bufg_divClk/O
    X2Y1 (CLOCK_ROOT)    net (fo=17454, routed)       1.766     3.865    u_ddr4/inst/u_ddr4_mem_intfc/u_ddr_cal_top/dReg_reg[10]
    SLICE_X65Y130        FDRE                                         r  u_ddr4/inst/u_ddr4_mem_intfc/u_ddr_cal_top/calDone_gated_reg/C
  -------------------------------------------------------------------    -------------------
    SLICE_X65Y130        FDRE (Prop_AFF_SLICEM_C_Q)
                                                      0.104     3.969 r  u_ddr4/inst/u_ddr4_mem_intfc/u_ddr_cal_top/calDone_gated_reg/Q
                         net (fo=78, routed)          2.875     6.844    u_output/c0_init_calib_complete
    SLICE_X87Y124        FDRE                                         r  u_output/cal0_reg/D
  -------------------------------------------------------------------    -------------------

                         (clock clk_out1_hdmi_net_clock rise edge)
                                                      0.000     0.000 r  
    AK17                                              0.000     0.000 r  sys_clk_p (IN)
                         net (fo=0)                   0.001     0.001    u_ddr4/inst/u_ddr4_mem_intfc/u_mig_ddr4_phy/inst/u_ddr4_phy_pll/diff_input_clk.u_ibufg_sys_clk/I
    HPIOBDIFFINBUF_X1Y35 DIFFINBUF (Prop_DIFFINBUF_HPIOBDIFFINBUF_DIFF_IN_P_O)
                                                      0.534     0.535 r  u_ddr4/inst/u_ddr4_mem_intfc/u_mig_ddr4_phy/inst/u_ddr4_phy_pll/diff_input_clk.u_ibufg_sys_clk/DIFFINBUF_INST/O
                         net (fo=1, routed)           0.090     0.625    u_ddr4/inst/u_ddr4_mem_intfc/u_mig_ddr4_phy/inst/u_ddr4_phy_pll/diff_input_clk.u_ibufg_sys_clk/OUT
    AK17                 IBUFCTRL (Prop_IBUFCTRL_HPIOB_I_O)
                                                      0.000     0.625 r  u_ddr4/inst/u_ddr4_mem_intfc/u_mig_ddr4_phy/inst/u_ddr4_phy_pll/diff_input_clk.u_ibufg_sys_clk/IBUFCTRL_INST/O
                         net (fo=2, routed)           0.865     1.490    u_ddr4/inst/u_ddr4_infrastructure/mmcm_clk_in
    MMCME3_ADV_X1Y1      MMCME3_ADV (Prop_MMCME3_ADV_CLKIN1_CLKOUT1)
                                                     -0.121     1.369 r  u_ddr4/inst/u_ddr4_infrastructure/gen_mmcme3.u_mmcme_adv_inst/CLKOUT1
                         net (fo=1, routed)           0.437     1.806    u_ddr4/inst/u_ddr4_infrastructure/mmcm_clkout1
    BUFGCE_X1Y30         BUFGCE (Prop_BUFCE_BUFGCE_I_O)
                                                      0.083     1.889 r  u_ddr4/inst/u_ddr4_infrastructure/u_bufg_addn_ui_clk_1/O
                         net (fo=1, routed)           1.556     3.445    u_net_clock/inst/clk_in1
    MMCME3_ADV_X1Y2      MMCME3_ADV (Prop_MMCME3_ADV_CLKIN1_CLKOUT0)
                                                     -0.121     3.324 r  u_net_clock/inst/mmcme3_adv_inst/CLKOUT0
                         net (fo=1, routed)           0.437     3.761    u_net_clock/inst/clk_out1_hdmi_net_clock
    BUFGCE_X1Y63         BUFGCE (Prop_BUFCE_BUFGCE_I_O)
                                                      0.083     3.844 r  u_net_clock/inst/clkout1_buf/O
    X2Y2 (CLOCK_ROOT)    net (fo=200888, routed)      2.263     6.107    u_output/clk_out1
    SLICE_X87Y124        FDRE                                         r  u_output/cal0_reg/C
                         clock pessimism              0.283     6.390    
                         clock uncertainty            0.290     6.679    
    SLICE_X87Y124        FDRE (Hold_HFF2_SLICEM_C_D)
                                                      0.108     6.787    u_output/cal0_reg
  -------------------------------------------------------------------
                         required time                         -6.787    
                         arrival time                           6.844    
  -------------------------------------------------------------------
                         slack                                  0.056    





---------------------------------------------------------------------------------------------------
From Clock:  mmcm_clkout2
  To Clock:  clk_out1_hdmi_net_clock

Setup :            0  Failing Endpoints,  Worst Slack        1.426ns,  Total Violation        0.000ns
Hold  :            0  Failing Endpoints,  Worst Slack        0.141ns,  Total Violation        0.000ns
---------------------------------------------------------------------------------------------------


Max Delay Paths
--------------------------------------------------------------------------------------
Slack (MET) :             1.426ns  (required time - arrival time)
  Source:                 u_output/u_scan/underflow_reg/C
                            (rising edge-triggered cell FDRE clocked by mmcm_clkout2  {rise@0.000ns fall@6.664ns period=13.328ns})
  Destination:            err_sync_reg[0]/D
                            (rising edge-triggered cell FDRE clocked by clk_out1_hdmi_net_clock  {rise@0.000ns fall@4.998ns period=9.996ns})
  Path Group:             clk_out1_hdmi_net_clock
  Path Type:              Setup (Max at Fast Process Corner)
  Requirement:            3.332ns  (clk_out1_hdmi_net_clock rise@29.988ns - mmcm_clkout2 rise@26.656ns)
  Data Path Delay:        2.631ns  (logic 0.148ns (5.625%)  route 2.483ns (94.375%))
  Logic Levels:           1  (LUT4=1)
  Clock Path Skew:        0.984ns (DCD - SCD + CPR)
    Destination Clock Delay (DCD):    3.165ns = ( 33.153 - 29.988 ) 
    Source Clock Delay      (SCD):    1.959ns = ( 28.615 - 26.656 ) 
    Clock Pessimism Removal (CPR):    -0.222ns
  Clock Uncertainty:      0.290ns  ((TSJ^2 + DJ^2)^1/2) / 2 + PE
    Total System Jitter     (TSJ):    0.071ns
    Discrete Jitter          (DJ):    0.157ns
    Phase Error              (PE):    0.204ns
  Clock Net Delay (Source):      0.999ns (routing 0.366ns, distribution 0.633ns)
  Clock Net Delay (Destination): 0.938ns (routing 0.127ns, distribution 0.811ns)

    Location             Delay type                Incr(ns)  Path(ns)    Netlist Resource(s)
  -------------------------------------------------------------------    -------------------
                         (clock mmcm_clkout2 rise edge)
                                                     26.656    26.656 r  
    AK17                                              0.000    26.656 r  sys_clk_p (IN)
                         net (fo=0)                   0.001    26.657    u_ddr4/inst/u_ddr4_mem_intfc/u_mig_ddr4_phy/inst/u_ddr4_phy_pll/diff_input_clk.u_ibufg_sys_clk/I
    HPIOBDIFFINBUF_X1Y35 DIFFINBUF (Prop_DIFFINBUF_HPIOBDIFFINBUF_DIFF_IN_P_O)
                                                      0.421    27.078 r  u_ddr4/inst/u_ddr4_mem_intfc/u_mig_ddr4_phy/inst/u_ddr4_phy_pll/diff_input_clk.u_ibufg_sys_clk/DIFFINBUF_INST/O
                         net (fo=1, routed)           0.048    27.126    u_ddr4/inst/u_ddr4_mem_intfc/u_mig_ddr4_phy/inst/u_ddr4_phy_pll/diff_input_clk.u_ibufg_sys_clk/OUT
    AK17                 IBUFCTRL (Prop_IBUFCTRL_HPIOB_I_O)
                                                      0.000    27.126 r  u_ddr4/inst/u_ddr4_mem_intfc/u_mig_ddr4_phy/inst/u_ddr4_phy_pll/diff_input_clk.u_ibufg_sys_clk/IBUFCTRL_INST/O
                         net (fo=2, routed)           0.457    27.583    u_ddr4/inst/u_ddr4_infrastructure/mmcm_clk_in
    MMCME3_ADV_X1Y1      MMCME3_ADV (Prop_MMCME3_ADV_CLKIN1_CLKOUT2)
                                                     -0.207    27.376 r  u_ddr4/inst/u_ddr4_infrastructure/gen_mmcme3.u_mmcme_adv_inst/CLKOUT2
                         net (fo=1, routed)           0.209    27.585    u_ddr4/inst/u_ddr4_infrastructure/mmcm_clkout2
    BUFGCE_X1Y29         BUFGCE (Prop_BUFCE_BUFGCE_I_O)
                                                      0.031    27.616 r  u_ddr4/inst/u_ddr4_infrastructure/u_bufg_addn_ui_clk_2/O
    X3Y1 (CLOCK_ROOT)    net (fo=767, routed)         0.999    28.615    u_output/u_scan/CLK
    SLICE_X89Y91         FDRE                                         r  u_output/u_scan/underflow_reg/C
  -------------------------------------------------------------------    -------------------
    SLICE_X89Y91         FDRE (Prop_BFF_SLICEM_C_Q)
                                                      0.064    28.679 r  u_output/u_scan/underflow_reg/Q
                         net (fo=3, routed)           1.612    30.291    u_output/u_store/err_sync_reg[0]
    SLICE_X83Y100        LUT4 (Prop_G5LUT_SLICEM_I3_O)
                                                      0.084    30.375 r  u_output/u_store/err_sync[0]_i_1/O
                         net (fo=1, routed)           0.871    31.246    p_1_out[0]
    SLICE_X81Y101        FDRE                                         r  err_sync_reg[0]/D
  -------------------------------------------------------------------    -------------------

                         (clock clk_out1_hdmi_net_clock rise edge)
                                                     29.988    29.988 r  
    AK17                                              0.000    29.988 r  sys_clk_p (IN)
                         net (fo=0)                   0.001    29.989    u_ddr4/inst/u_ddr4_mem_intfc/u_mig_ddr4_phy/inst/u_ddr4_phy_pll/diff_input_clk.u_ibufg_sys_clk/I
    HPIOBDIFFINBUF_X1Y35 DIFFINBUF (Prop_DIFFINBUF_HPIOBDIFFINBUF_DIFF_IN_P_O)
                                                      0.238    30.227 r  u_ddr4/inst/u_ddr4_mem_intfc/u_mig_ddr4_phy/inst/u_ddr4_phy_pll/diff_input_clk.u_ibufg_sys_clk/DIFFINBUF_INST/O
                         net (fo=1, routed)           0.028    30.255    u_ddr4/inst/u_ddr4_mem_intfc/u_mig_ddr4_phy/inst/u_ddr4_phy_pll/diff_input_clk.u_ibufg_sys_clk/OUT
    AK17                 IBUFCTRL (Prop_IBUFCTRL_HPIOB_I_O)
                                                      0.000    30.255 r  u_ddr4/inst/u_ddr4_mem_intfc/u_mig_ddr4_phy/inst/u_ddr4_phy_pll/diff_input_clk.u_ibufg_sys_clk/IBUFCTRL_INST/O
                         net (fo=2, routed)           0.405    30.660    u_ddr4/inst/u_ddr4_infrastructure/mmcm_clk_in
    MMCME3_ADV_X1Y1      MMCME3_ADV (Prop_MMCME3_ADV_CLKIN1_CLKOUT1)
                                                      0.270    30.930 r  u_ddr4/inst/u_ddr4_infrastructure/gen_mmcme3.u_mmcme_adv_inst/CLKOUT1
                         net (fo=1, routed)           0.167    31.097    u_ddr4/inst/u_ddr4_infrastructure/mmcm_clkout1
    BUFGCE_X1Y30         BUFGCE (Prop_BUFCE_BUFGCE_I_O)
                                                      0.027    31.124 r  u_ddr4/inst/u_ddr4_infrastructure/u_bufg_addn_ui_clk_1/O
                         net (fo=1, routed)           0.627    31.751    u_net_clock/inst/clk_in1
    MMCME3_ADV_X1Y2      MMCME3_ADV (Prop_MMCME3_ADV_CLKIN1_CLKOUT0)
                                                      0.270    32.021 r  u_net_clock/inst/mmcme3_adv_inst/CLKOUT0
                         net (fo=1, routed)           0.167    32.188    u_net_clock/inst/clk_out1_hdmi_net_clock
    BUFGCE_X1Y63         BUFGCE (Prop_BUFCE_BUFGCE_I_O)
                                                      0.027    32.215 r  u_net_clock/inst/clkout1_buf/O
    X2Y2 (CLOCK_ROOT)    net (fo=200888, routed)      0.938    33.153    net_clk_out
    SLICE_X81Y101        FDRE                                         r  err_sync_reg[0]/C
                         clock pessimism             -0.222    32.931    
                         clock uncertainty           -0.290    32.641    
    SLICE_X81Y101        FDRE (Setup_HFF2_SLICEL_C_D)
                                                      0.031    32.672    err_sync_reg[0]
  -------------------------------------------------------------------
                         required time                         32.672    
                         arrival time                         -31.246    
  -------------------------------------------------------------------
                         slack                                  1.426    





Min Delay Paths
--------------------------------------------------------------------------------------
Slack (MET) :             0.141ns  (arrival time - required time)
  Source:                 u_output/u_scan/underflow_reg/C
                            (rising edge-triggered cell FDRE clocked by mmcm_clkout2  {rise@0.000ns fall@6.664ns period=13.328ns})
  Destination:            err_sync_reg[0]/D
                            (rising edge-triggered cell FDRE clocked by clk_out1_hdmi_net_clock  {rise@0.000ns fall@4.998ns period=9.996ns})
  Path Group:             clk_out1_hdmi_net_clock
  Path Type:              Hold (Min at Slow Process Corner)
  Requirement:            0.000ns  (clk_out1_hdmi_net_clock rise@0.000ns - mmcm_clkout2 rise@0.000ns)
  Data Path Delay:        3.026ns  (logic 0.224ns (7.403%)  route 2.802ns (92.597%))
  Logic Levels:           1  (LUT4=1)
  Clock Path Skew:        2.487ns (DCD - SCD - CPR)
    Destination Clock Delay (DCD):    6.064ns
    Source Clock Delay      (SCD):    3.860ns
    Clock Pessimism Removal (CPR):    -0.283ns
  Clock Uncertainty:      0.290ns  ((TSJ^2 + DJ^2)^1/2) / 2 + PE
    Total System Jitter     (TSJ):    0.071ns
    Discrete Jitter          (DJ):    0.157ns
    Phase Error              (PE):    0.204ns
  Clock Net Delay (Source):      1.761ns (routing 0.662ns, distribution 1.099ns)
  Clock Net Delay (Destination): 2.220ns (routing 0.335ns, distribution 1.885ns)

    Location             Delay type                Incr(ns)  Path(ns)    Netlist Resource(s)
  -------------------------------------------------------------------    -------------------
                         (clock mmcm_clkout2 rise edge)
                                                      0.000     0.000 r  
    AK17                                              0.000     0.000 r  sys_clk_p (IN)
                         net (fo=0)                   0.001     0.001    u_ddr4/inst/u_ddr4_mem_intfc/u_mig_ddr4_phy/inst/u_ddr4_phy_pll/diff_input_clk.u_ibufg_sys_clk/I
    HPIOBDIFFINBUF_X1Y35 DIFFINBUF (Prop_DIFFINBUF_HPIOBDIFFINBUF_DIFF_IN_P_O)
                                                      0.377     0.378 r  u_ddr4/inst/u_ddr4_mem_intfc/u_mig_ddr4_phy/inst/u_ddr4_phy_pll/diff_input_clk.u_ibufg_sys_clk/DIFFINBUF_INST/O
                         net (fo=1, routed)           0.051     0.429    u_ddr4/inst/u_ddr4_mem_intfc/u_mig_ddr4_phy/inst/u_ddr4_phy_pll/diff_input_clk.u_ibufg_sys_clk/OUT
    AK17                 IBUFCTRL (Prop_IBUFCTRL_HPIOB_I_O)
                                                      0.000     0.429 r  u_ddr4/inst/u_ddr4_mem_intfc/u_mig_ddr4_phy/inst/u_ddr4_phy_pll/diff_input_clk.u_ibufg_sys_clk/IBUFCTRL_INST/O
                         net (fo=2, routed)           0.778     1.207    u_ddr4/inst/u_ddr4_infrastructure/mmcm_clk_in
    MMCME3_ADV_X1Y1      MMCME3_ADV (Prop_MMCME3_ADV_CLKIN1_CLKOUT2)
                                                      0.445     1.652 r  u_ddr4/inst/u_ddr4_infrastructure/gen_mmcme3.u_mmcme_adv_inst/CLKOUT2
                         net (fo=1, routed)           0.372     2.024    u_ddr4/inst/u_ddr4_infrastructure/mmcm_clkout2
    BUFGCE_X1Y29         BUFGCE (Prop_BUFCE_BUFGCE_I_O)
                                                      0.075     2.099 r  u_ddr4/inst/u_ddr4_infrastructure/u_bufg_addn_ui_clk_2/O
    X3Y1 (CLOCK_ROOT)    net (fo=767, routed)         1.761     3.860    u_output/u_scan/CLK
    SLICE_X89Y91         FDRE                                         r  u_output/u_scan/underflow_reg/C
  -------------------------------------------------------------------    -------------------
    SLICE_X89Y91         FDRE (Prop_BFF_SLICEM_C_Q)
                                                      0.104     3.964 r  u_output/u_scan/underflow_reg/Q
                         net (fo=3, routed)           1.791     5.755    u_output/u_store/err_sync_reg[0]
    SLICE_X83Y100        LUT4 (Prop_G5LUT_SLICEM_I3_O)
                                                      0.120     5.875 r  u_output/u_store/err_sync[0]_i_1/O
                         net (fo=1, routed)           1.011     6.886    p_1_out[0]
    SLICE_X81Y101        FDRE                                         r  err_sync_reg[0]/D
  -------------------------------------------------------------------    -------------------

                         (clock clk_out1_hdmi_net_clock rise edge)
                                                      0.000     0.000 r  
    AK17                                              0.000     0.000 r  sys_clk_p (IN)
                         net (fo=0)                   0.001     0.001    u_ddr4/inst/u_ddr4_mem_intfc/u_mig_ddr4_phy/inst/u_ddr4_phy_pll/diff_input_clk.u_ibufg_sys_clk/I
    HPIOBDIFFINBUF_X1Y35 DIFFINBUF (Prop_DIFFINBUF_HPIOBDIFFINBUF_DIFF_IN_P_O)
                                                      0.534     0.535 r  u_ddr4/inst/u_ddr4_mem_intfc/u_mig_ddr4_phy/inst/u_ddr4_phy_pll/diff_input_clk.u_ibufg_sys_clk/DIFFINBUF_INST/O
                         net (fo=1, routed)           0.090     0.625    u_ddr4/inst/u_ddr4_mem_intfc/u_mig_ddr4_phy/inst/u_ddr4_phy_pll/diff_input_clk.u_ibufg_sys_clk/OUT
    AK17                 IBUFCTRL (Prop_IBUFCTRL_HPIOB_I_O)
                                                      0.000     0.625 r  u_ddr4/inst/u_ddr4_mem_intfc/u_mig_ddr4_phy/inst/u_ddr4_phy_pll/diff_input_clk.u_ibufg_sys_clk/IBUFCTRL_INST/O
                         net (fo=2, routed)           0.865     1.490    u_ddr4/inst/u_ddr4_infrastructure/mmcm_clk_in
    MMCME3_ADV_X1Y1      MMCME3_ADV (Prop_MMCME3_ADV_CLKIN1_CLKOUT1)
                                                     -0.121     1.369 r  u_ddr4/inst/u_ddr4_infrastructure/gen_mmcme3.u_mmcme_adv_inst/CLKOUT1
                         net (fo=1, routed)           0.437     1.806    u_ddr4/inst/u_ddr4_infrastructure/mmcm_clkout1
    BUFGCE_X1Y30         BUFGCE (Prop_BUFCE_BUFGCE_I_O)
                                                      0.083     1.889 r  u_ddr4/inst/u_ddr4_infrastructure/u_bufg_addn_ui_clk_1/O
                         net (fo=1, routed)           1.556     3.445    u_net_clock/inst/clk_in1
    MMCME3_ADV_X1Y2      MMCME3_ADV (Prop_MMCME3_ADV_CLKIN1_CLKOUT0)
                                                     -0.121     3.324 r  u_net_clock/inst/mmcme3_adv_inst/CLKOUT0
                         net (fo=1, routed)           0.437     3.761    u_net_clock/inst/clk_out1_hdmi_net_clock
    BUFGCE_X1Y63         BUFGCE (Prop_BUFCE_BUFGCE_I_O)
                                                      0.083     3.844 r  u_net_clock/inst/clkout1_buf/O
    X2Y2 (CLOCK_ROOT)    net (fo=200888, routed)      2.220     6.064    net_clk_out
    SLICE_X81Y101        FDRE                                         r  err_sync_reg[0]/C
                         clock pessimism              0.283     6.347    
                         clock uncertainty            0.290     6.637    
    SLICE_X81Y101        FDRE (Hold_HFF2_SLICEL_C_D)
                                                      0.108     6.745    err_sync_reg[0]
  -------------------------------------------------------------------
                         required time                         -6.745    
                         arrival time                           6.886    
  -------------------------------------------------------------------
                         slack                                  0.141    





---------------------------------------------------------------------------------------------------
From Clock:  mmcm_clkout0
  To Clock:  mmcm_clkout2

Setup :            0  Failing Endpoints,  Worst Slack        1.422ns,  Total Violation        0.000ns
Hold  :            0  Failing Endpoints,  Worst Slack        0.265ns,  Total Violation        0.000ns
---------------------------------------------------------------------------------------------------


Max Delay Paths
--------------------------------------------------------------------------------------
Slack (MET) :             1.422ns  (required time - arrival time)
  Source:                 u_ddr4/inst/u_ddr4_mem_intfc/u_ddr_cal_top/calDone_gated_reg/C
                            (rising edge-triggered cell FDRE clocked by mmcm_clkout0  {rise@0.000ns fall@1.666ns period=3.332ns})
  Destination:            u_output/u_scan/fv0_reg/D
                            (rising edge-triggered cell FDRE clocked by mmcm_clkout2  {rise@0.000ns fall@6.664ns period=13.328ns})
  Path Group:             mmcm_clkout2
  Path Type:              Setup (Max at Slow Process Corner)
  Requirement:            3.332ns  (mmcm_clkout2 rise@13.328ns - mmcm_clkout0 rise@9.996ns)
  Data Path Delay:        1.478ns  (logic 0.115ns (7.781%)  route 1.363ns (92.219%))
  Logic Levels:           0  
  Clock Path Skew:        -0.305ns (DCD - SCD + CPR)
    Destination Clock Delay (DCD):    3.867ns = ( 17.195 - 13.328 ) 
    Source Clock Delay      (SCD):    3.889ns = ( 13.885 - 9.996 ) 
    Clock Pessimism Removal (CPR):    -0.283ns
  Clock Uncertainty:      0.190ns  ((TSJ^2 + DJ^2)^1/2) / 2 + PE
    Total System Jitter     (TSJ):    0.071ns
    Discrete Jitter          (DJ):    0.121ns
    Phase Error              (PE):    0.120ns
  Clock Net Delay (Source):      2.000ns (routing 0.495ns, distribution 1.505ns)
  Clock Net Delay (Destination): 1.768ns (routing 0.662ns, distribution 1.106ns)

    Location             Delay type                Incr(ns)  Path(ns)    Netlist Resource(s)
  -------------------------------------------------------------------    -------------------
                         (clock mmcm_clkout0 rise edge)
                                                      9.996     9.996 r  
    AK17                                              0.000     9.996 r  sys_clk_p (IN)
                         net (fo=0)                   0.001     9.997    u_ddr4/inst/u_ddr4_mem_intfc/u_mig_ddr4_phy/inst/u_ddr4_phy_pll/diff_input_clk.u_ibufg_sys_clk/I
    HPIOBDIFFINBUF_X1Y35 DIFFINBUF (Prop_DIFFINBUF_HPIOBDIFFINBUF_DIFF_IN_P_O)
                                                      0.534    10.531 r  u_ddr4/inst/u_ddr4_mem_intfc/u_mig_ddr4_phy/inst/u_ddr4_phy_pll/diff_input_clk.u_ibufg_sys_clk/DIFFINBUF_INST/O
                         net (fo=1, routed)           0.090    10.621    u_ddr4/inst/u_ddr4_mem_intfc/u_mig_ddr4_phy/inst/u_ddr4_phy_pll/diff_input_clk.u_ibufg_sys_clk/OUT
    AK17                 IBUFCTRL (Prop_IBUFCTRL_HPIOB_I_O)
                                                      0.000    10.621 r  u_ddr4/inst/u_ddr4_mem_intfc/u_mig_ddr4_phy/inst/u_ddr4_phy_pll/diff_input_clk.u_ibufg_sys_clk/IBUFCTRL_INST/O
                         net (fo=2, routed)           0.865    11.486    u_ddr4/inst/u_ddr4_infrastructure/mmcm_clk_in
    MMCME3_ADV_X1Y1      MMCME3_ADV (Prop_MMCME3_ADV_CLKIN1_CLKOUT0)
                                                     -0.121    11.365 r  u_ddr4/inst/u_ddr4_infrastructure/gen_mmcme3.u_mmcme_adv_inst/CLKOUT0
                         net (fo=1, routed)           0.437    11.802    u_ddr4/inst/u_ddr4_infrastructure/mmcm_clkout0
    BUFGCE_X1Y31         BUFGCE (Prop_BUFCE_BUFGCE_I_O)
                                                      0.083    11.885 r  u_ddr4/inst/u_ddr4_infrastructure/u_bufg_divClk/O
    X2Y1 (CLOCK_ROOT)    net (fo=17454, routed)       2.000    13.885    u_ddr4/inst/u_ddr4_mem_intfc/u_ddr_cal_top/dReg_reg[10]
    SLICE_X65Y130        FDRE                                         r  u_ddr4/inst/u_ddr4_mem_intfc/u_ddr_cal_top/calDone_gated_reg/C
  -------------------------------------------------------------------    -------------------
    SLICE_X65Y130        FDRE (Prop_AFF_SLICEM_C_Q)
                                                      0.115    14.000 r  u_ddr4/inst/u_ddr4_mem_intfc/u_ddr_cal_top/calDone_gated_reg/Q
                         net (fo=78, routed)          1.363    15.363    u_output/u_scan/c0_init_calib_complete
    SLICE_X86Y98         FDRE                                         r  u_output/u_scan/fv0_reg/D
  -------------------------------------------------------------------    -------------------

                         (clock mmcm_clkout2 rise edge)
                                                     13.328    13.328 r  
    AK17                                              0.000    13.328 r  sys_clk_p (IN)
                         net (fo=0)                   0.001    13.329    u_ddr4/inst/u_ddr4_mem_intfc/u_mig_ddr4_phy/inst/u_ddr4_phy_pll/diff_input_clk.u_ibufg_sys_clk/I
    HPIOBDIFFINBUF_X1Y35 DIFFINBUF (Prop_DIFFINBUF_HPIOBDIFFINBUF_DIFF_IN_P_O)
                                                      0.377    13.706 r  u_ddr4/inst/u_ddr4_mem_intfc/u_mig_ddr4_phy/inst/u_ddr4_phy_pll/diff_input_clk.u_ibufg_sys_clk/DIFFINBUF_INST/O
                         net (fo=1, routed)           0.051    13.757    u_ddr4/inst/u_ddr4_mem_intfc/u_mig_ddr4_phy/inst/u_ddr4_phy_pll/diff_input_clk.u_ibufg_sys_clk/OUT
    AK17                 IBUFCTRL (Prop_IBUFCTRL_HPIOB_I_O)
                                                      0.000    13.757 r  u_ddr4/inst/u_ddr4_mem_intfc/u_mig_ddr4_phy/inst/u_ddr4_phy_pll/diff_input_clk.u_ibufg_sys_clk/IBUFCTRL_INST/O
                         net (fo=2, routed)           0.778    14.535    u_ddr4/inst/u_ddr4_infrastructure/mmcm_clk_in
    MMCME3_ADV_X1Y1      MMCME3_ADV (Prop_MMCME3_ADV_CLKIN1_CLKOUT2)
                                                      0.445    14.980 r  u_ddr4/inst/u_ddr4_infrastructure/gen_mmcme3.u_mmcme_adv_inst/CLKOUT2
                         net (fo=1, routed)           0.372    15.352    u_ddr4/inst/u_ddr4_infrastructure/mmcm_clkout2
    BUFGCE_X1Y29         BUFGCE (Prop_BUFCE_BUFGCE_I_O)
                                                      0.075    15.427 r  u_ddr4/inst/u_ddr4_infrastructure/u_bufg_addn_ui_clk_2/O
    X3Y1 (CLOCK_ROOT)    net (fo=767, routed)         1.768    17.195    u_output/u_scan/CLK
    SLICE_X86Y98         FDRE                                         r  u_output/u_scan/fv0_reg/C
                         clock pessimism             -0.283    16.912    
                         clock uncertainty           -0.190    16.722    
    SLICE_X86Y98         FDRE (Setup_DFF2_SLICEL_C_D)
                                                      0.063    16.785    u_output/u_scan/fv0_reg
  -------------------------------------------------------------------
                         required time                         16.785    
                         arrival time                         -15.363    
  -------------------------------------------------------------------
                         slack                                  1.422    





Min Delay Paths
--------------------------------------------------------------------------------------
Slack (MET) :             0.265ns  (arrival time - required time)
  Source:                 u_ddr4/inst/u_ddr4_mem_intfc/u_ddr_cal_top/calDone_gated_reg/C
                            (rising edge-triggered cell FDRE clocked by mmcm_clkout0  {rise@0.000ns fall@1.666ns period=3.332ns})
  Destination:            u_output/u_scan/fv0_reg/D
                            (rising edge-triggered cell FDRE clocked by mmcm_clkout2  {rise@0.000ns fall@6.664ns period=13.328ns})
  Path Group:             mmcm_clkout2
  Path Type:              Hold (Min at Fast Process Corner)
  Requirement:            0.000ns  (mmcm_clkout2 rise@0.000ns - mmcm_clkout0 rise@0.000ns)
  Data Path Delay:        0.730ns  (logic 0.049ns (6.712%)  route 0.681ns (93.288%))
  Logic Levels:           0  
  Clock Path Skew:        0.219ns (DCD - SCD - CPR)
    Destination Clock Delay (DCD):    1.964ns
    Source Clock Delay      (SCD):    1.967ns
    Clock Pessimism Removal (CPR):    -0.222ns
  Clock Uncertainty:      0.190ns  ((TSJ^2 + DJ^2)^1/2) / 2 + PE
    Total System Jitter     (TSJ):    0.071ns
    Discrete Jitter          (DJ):    0.121ns
    Phase Error              (PE):    0.120ns
  Clock Net Delay (Source):      0.831ns (routing 0.208ns, distribution 0.623ns)
  Clock Net Delay (Destination): 1.004ns (routing 0.366ns, distribution 0.638ns)

    Location             Delay type                Incr(ns)  Path(ns)    Netlist Resource(s)
  -------------------------------------------------------------------    -------------------
                         (clock mmcm_clkout0 rise edge)
                                                      0.000     0.000 r  
    AK17                                              0.000     0.000 r  sys_clk_p (IN)
                         net (fo=0)                   0.001     0.001    u_ddr4/inst/u_ddr4_mem_intfc/u_mig_ddr4_phy/inst/u_ddr4_phy_pll/diff_input_clk.u_ibufg_sys_clk/I
    HPIOBDIFFINBUF_X1Y35 DIFFINBUF (Prop_DIFFINBUF_HPIOBDIFFINBUF_DIFF_IN_P_O)
                                                      0.238     0.239 r  u_ddr4/inst/u_ddr4_mem_intfc/u_mig_ddr4_phy/inst/u_ddr4_phy_pll/diff_input_clk.u_ibufg_sys_clk/DIFFINBUF_INST/O
                         net (fo=1, routed)           0.028     0.267    u_ddr4/inst/u_ddr4_mem_intfc/u_mig_ddr4_phy/inst/u_ddr4_phy_pll/diff_input_clk.u_ibufg_sys_clk/OUT
    AK17                 IBUFCTRL (Prop_IBUFCTRL_HPIOB_I_O)
                                                      0.000     0.267 r  u_ddr4/inst/u_ddr4_mem_intfc/u_mig_ddr4_phy/inst/u_ddr4_phy_pll/diff_input_clk.u_ibufg_sys_clk/IBUFCTRL_INST/O
                         net (fo=2, routed)           0.405     0.672    u_ddr4/inst/u_ddr4_infrastructure/mmcm_clk_in
    MMCME3_ADV_X1Y1      MMCME3_ADV (Prop_MMCME3_ADV_CLKIN1_CLKOUT0)
                                                      0.270     0.942 r  u_ddr4/inst/u_ddr4_infrastructure/gen_mmcme3.u_mmcme_adv_inst/CLKOUT0
                         net (fo=1, routed)           0.167     1.109    u_ddr4/inst/u_ddr4_infrastructure/mmcm_clkout0
    BUFGCE_X1Y31         BUFGCE (Prop_BUFCE_BUFGCE_I_O)
                                                      0.027     1.136 r  u_ddr4/inst/u_ddr4_infrastructure/u_bufg_divClk/O
    X2Y1 (CLOCK_ROOT)    net (fo=17454, routed)       0.831     1.967    u_ddr4/inst/u_ddr4_mem_intfc/u_ddr_cal_top/dReg_reg[10]
    SLICE_X65Y130        FDRE                                         r  u_ddr4/inst/u_ddr4_mem_intfc/u_ddr_cal_top/calDone_gated_reg/C
  -------------------------------------------------------------------    -------------------
    SLICE_X65Y130        FDRE (Prop_AFF_SLICEM_C_Q)
                                                      0.049     2.016 r  u_ddr4/inst/u_ddr4_mem_intfc/u_ddr_cal_top/calDone_gated_reg/Q
                         net (fo=78, routed)          0.681     2.697    u_output/u_scan/c0_init_calib_complete
    SLICE_X86Y98         FDRE                                         r  u_output/u_scan/fv0_reg/D
  -------------------------------------------------------------------    -------------------

                         (clock mmcm_clkout2 rise edge)
                                                      0.000     0.000 r  
    AK17                                              0.000     0.000 r  sys_clk_p (IN)
                         net (fo=0)                   0.001     0.001    u_ddr4/inst/u_ddr4_mem_intfc/u_mig_ddr4_phy/inst/u_ddr4_phy_pll/diff_input_clk.u_ibufg_sys_clk/I
    HPIOBDIFFINBUF_X1Y35 DIFFINBUF (Prop_DIFFINBUF_HPIOBDIFFINBUF_DIFF_IN_P_O)
                                                      0.421     0.422 r  u_ddr4/inst/u_ddr4_mem_intfc/u_mig_ddr4_phy/inst/u_ddr4_phy_pll/diff_input_clk.u_ibufg_sys_clk/DIFFINBUF_INST/O
                         net (fo=1, routed)           0.048     0.470    u_ddr4/inst/u_ddr4_mem_intfc/u_mig_ddr4_phy/inst/u_ddr4_phy_pll/diff_input_clk.u_ibufg_sys_clk/OUT
    AK17                 IBUFCTRL (Prop_IBUFCTRL_HPIOB_I_O)
                                                      0.000     0.470 r  u_ddr4/inst/u_ddr4_mem_intfc/u_mig_ddr4_phy/inst/u_ddr4_phy_pll/diff_input_clk.u_ibufg_sys_clk/IBUFCTRL_INST/O
                         net (fo=2, routed)           0.457     0.927    u_ddr4/inst/u_ddr4_infrastructure/mmcm_clk_in
    MMCME3_ADV_X1Y1      MMCME3_ADV (Prop_MMCME3_ADV_CLKIN1_CLKOUT2)
                                                     -0.207     0.720 r  u_ddr4/inst/u_ddr4_infrastructure/gen_mmcme3.u_mmcme_adv_inst/CLKOUT2
                         net (fo=1, routed)           0.209     0.929    u_ddr4/inst/u_ddr4_infrastructure/mmcm_clkout2
    BUFGCE_X1Y29         BUFGCE (Prop_BUFCE_BUFGCE_I_O)
                                                      0.031     0.960 r  u_ddr4/inst/u_ddr4_infrastructure/u_bufg_addn_ui_clk_2/O
    X3Y1 (CLOCK_ROOT)    net (fo=767, routed)         1.004     1.964    u_output/u_scan/CLK
    SLICE_X86Y98         FDRE                                         r  u_output/u_scan/fv0_reg/C
                         clock pessimism              0.222     2.186    
                         clock uncertainty            0.190     2.376    
    SLICE_X86Y98         FDRE (Hold_DFF2_SLICEL_C_D)
                                                      0.056     2.432    u_output/u_scan/fv0_reg
  -------------------------------------------------------------------
                         required time                         -2.432    
                         arrival time                           2.697    
  -------------------------------------------------------------------
                         slack                                  0.265    





---------------------------------------------------------------------------------------------------
From Clock:  hdmi_i2c_driver
  To Clock:  mmcm_clkout3

Setup :            0  Failing Endpoints,  Worst Slack       99.603ns,  Total Violation        0.000ns
Hold  :            0  Failing Endpoints,  Worst Slack        0.078ns,  Total Violation        0.000ns
---------------------------------------------------------------------------------------------------


Max Delay Paths
--------------------------------------------------------------------------------------
Slack (MET) :             99.603ns  (required time - arrival time)
  Source:                 u_config/u_i2c_dri/dri_clk_reg/Q
                            (clock source 'hdmi_i2c_driver'  {rise@0.000ns fall@499.800ns period=999.600ns})
  Destination:            u_config/u_i2c_dri/dri_clk_reg/D
                            (rising edge-triggered cell FDCE clocked by mmcm_clkout3  {rise@0.000ns fall@49.980ns period=99.960ns})
  Path Group:             mmcm_clkout3
  Path Type:              Setup (Max at Slow Process Corner)
  Requirement:            99.960ns  (mmcm_clkout3 rise@99.960ns - hdmi_i2c_driver rise@0.000ns)
  Data Path Delay:        0.204ns  (logic 0.093ns (45.588%)  route 0.111ns (54.412%))
  Logic Levels:           1  (LUT2=1)
  Clock Path Skew:        -0.118ns (DCD - SCD + CPR)
    Destination Clock Delay (DCD):    3.887ns = ( 103.847 - 99.960 ) 
    Source Clock Delay      (SCD):    4.015ns
    Clock Pessimism Removal (CPR):    0.010ns
  Clock Uncertainty:      0.095ns  ((TSJ^2 + DJ^2)^1/2) / 2 + PE
    Total System Jitter     (TSJ):    0.071ns
    Discrete Jitter          (DJ):    0.176ns
    Phase Error              (PE):    0.000ns
  Clock Net Delay (Source):      2.009ns (routing 0.712ns, distribution 1.297ns)
  Clock Net Delay (Destination): 1.788ns (routing 0.656ns, distribution 1.132ns)

    Location             Delay type                Incr(ns)  Path(ns)    Netlist Resource(s)
  -------------------------------------------------------------------    -------------------
                         (clock hdmi_i2c_driver rise edge)
                                                      0.000     0.000 r  
    AK17                                              0.000     0.000 r  sys_clk_p (IN)
                         net (fo=0)                   0.001     0.001    u_ddr4/inst/u_ddr4_mem_intfc/u_mig_ddr4_phy/inst/u_ddr4_phy_pll/diff_input_clk.u_ibufg_sys_clk/I
    HPIOBDIFFINBUF_X1Y35 DIFFINBUF (Prop_DIFFINBUF_HPIOBDIFFINBUF_DIFF_IN_P_O)
                                                      0.534     0.535 r  u_ddr4/inst/u_ddr4_mem_intfc/u_mig_ddr4_phy/inst/u_ddr4_phy_pll/diff_input_clk.u_ibufg_sys_clk/DIFFINBUF_INST/O
                         net (fo=1, routed)           0.090     0.625    u_ddr4/inst/u_ddr4_mem_intfc/u_mig_ddr4_phy/inst/u_ddr4_phy_pll/diff_input_clk.u_ibufg_sys_clk/OUT
    AK17                 IBUFCTRL (Prop_IBUFCTRL_HPIOB_I_O)
                                                      0.000     0.625 r  u_ddr4/inst/u_ddr4_mem_intfc/u_mig_ddr4_phy/inst/u_ddr4_phy_pll/diff_input_clk.u_ibufg_sys_clk/IBUFCTRL_INST/O
                         net (fo=2, routed)           0.865     1.490    u_ddr4/inst/u_ddr4_infrastructure/mmcm_clk_in
    MMCME3_ADV_X1Y1      MMCME3_ADV (Prop_MMCME3_ADV_CLKIN1_CLKOUT3)
                                                     -0.121     1.369 r  u_ddr4/inst/u_ddr4_infrastructure/gen_mmcme3.u_mmcme_adv_inst/CLKOUT3
                         net (fo=1, routed)           0.437     1.806    u_ddr4/inst/u_ddr4_infrastructure/mmcm_clkout3
    BUFGCE_X1Y28         BUFGCE (Prop_BUFCE_BUFGCE_I_O)
                                                      0.083     1.889 r  u_ddr4/inst/u_ddr4_infrastructure/u_bufg_addn_ui_clk_3/O
    X3Y1 (CLOCK_ROOT)    net (fo=15, routed)          2.009     3.898    u_config/u_i2c_dri/addn_ui_clkout3
  -------------------------------------------------------------------    -------------------
    SLICE_X89Y149        FDCE (Prop_HFF2_SLICEM_C_Q)
                                                      0.117     4.015 r  u_config/u_i2c_dri/dri_clk_reg/Q
                         net (fo=2, routed)           0.076     4.091    u_config/u_i2c_dri/dri_clk_reg_0
    SLICE_X89Y149        LUT2 (Prop_H5LUT_SLICEM_I1_O)
                                                      0.093     4.184 r  u_config/u_i2c_dri/dri_clk_i_1/O
                         net (fo=1, routed)           0.035     4.219    u_config/u_i2c_dri/dri_clk_i_1_n_0
    SLICE_X89Y149        FDCE                                         r  u_config/u_i2c_dri/dri_clk_reg/D
  -------------------------------------------------------------------    -------------------

                         (clock mmcm_clkout3 rise edge)
                                                     99.960    99.960 r  
    AK17                                              0.000    99.960 r  sys_clk_p (IN)
                         net (fo=0)                   0.001    99.961    u_ddr4/inst/u_ddr4_mem_intfc/u_mig_ddr4_phy/inst/u_ddr4_phy_pll/diff_input_clk.u_ibufg_sys_clk/I
    HPIOBDIFFINBUF_X1Y35 DIFFINBUF (Prop_DIFFINBUF_HPIOBDIFFINBUF_DIFF_IN_P_O)
                                                      0.377   100.338 r  u_ddr4/inst/u_ddr4_mem_intfc/u_mig_ddr4_phy/inst/u_ddr4_phy_pll/diff_input_clk.u_ibufg_sys_clk/DIFFINBUF_INST/O
                         net (fo=1, routed)           0.051   100.389    u_ddr4/inst/u_ddr4_mem_intfc/u_mig_ddr4_phy/inst/u_ddr4_phy_pll/diff_input_clk.u_ibufg_sys_clk/OUT
    AK17                 IBUFCTRL (Prop_IBUFCTRL_HPIOB_I_O)
                                                      0.000   100.389 r  u_ddr4/inst/u_ddr4_mem_intfc/u_mig_ddr4_phy/inst/u_ddr4_phy_pll/diff_input_clk.u_ibufg_sys_clk/IBUFCTRL_INST/O
                         net (fo=2, routed)           0.778   101.167    u_ddr4/inst/u_ddr4_infrastructure/mmcm_clk_in
    MMCME3_ADV_X1Y1      MMCME3_ADV (Prop_MMCME3_ADV_CLKIN1_CLKOUT3)
                                                      0.445   101.612 r  u_ddr4/inst/u_ddr4_infrastructure/gen_mmcme3.u_mmcme_adv_inst/CLKOUT3
                         net (fo=1, routed)           0.372   101.984    u_ddr4/inst/u_ddr4_infrastructure/mmcm_clkout3
    BUFGCE_X1Y28         BUFGCE (Prop_BUFCE_BUFGCE_I_O)
                                                      0.075   102.059 r  u_ddr4/inst/u_ddr4_infrastructure/u_bufg_addn_ui_clk_3/O
    X3Y1 (CLOCK_ROOT)    net (fo=15, routed)          1.788   103.847    u_config/u_i2c_dri/addn_ui_clkout3
    SLICE_X89Y149        FDCE                                         r  u_config/u_i2c_dri/dri_clk_reg/C
                         clock pessimism              0.010   103.857    
                         clock uncertainty           -0.095   103.762    
    SLICE_X89Y149        FDCE (Setup_HFF2_SLICEM_C_D)
                                                      0.060   103.822    u_config/u_i2c_dri/dri_clk_reg
  -------------------------------------------------------------------
                         required time                        103.822    
                         arrival time                          -4.219    
  -------------------------------------------------------------------
                         slack                                 99.603    





Min Delay Paths
--------------------------------------------------------------------------------------
Slack (MET) :             0.078ns  (arrival time - required time)
  Source:                 u_config/u_i2c_dri/dri_clk_reg/Q
                            (clock source 'hdmi_i2c_driver'  {rise@0.000ns fall@499.800ns period=999.600ns})
  Destination:            u_config/u_i2c_dri/dri_clk_reg/D
                            (rising edge-triggered cell FDCE clocked by mmcm_clkout3  {rise@0.000ns fall@49.980ns period=99.960ns})
  Path Group:             mmcm_clkout3
  Path Type:              Hold (Min at Fast Process Corner)
  Requirement:            0.000ns  (mmcm_clkout3 rise@0.000ns - hdmi_i2c_driver rise@0.000ns)
  Data Path Delay:        0.090ns  (logic 0.040ns (44.444%)  route 0.050ns (55.556%))
  Logic Levels:           1  (LUT2=1)
  Clock Path Skew:        -0.044ns (DCD - SCD - CPR)
    Destination Clock Delay (DCD):    1.979ns
    Source Clock Delay      (SCD):    2.052ns
    Clock Pessimism Removal (CPR):    -0.029ns
  Clock Net Delay (Source):      0.868ns (routing 0.326ns, distribution 0.542ns)
  Clock Net Delay (Destination): 1.019ns (routing 0.362ns, distribution 0.657ns)

    Location             Delay type                Incr(ns)  Path(ns)    Netlist Resource(s)
  -------------------------------------------------------------------    -------------------
                         (clock hdmi_i2c_driver rise edge)
                                                      0.000     0.000 r  
    AK17                                              0.000     0.000 r  sys_clk_p (IN)
                         net (fo=0)                   0.001     0.001    u_ddr4/inst/u_ddr4_mem_intfc/u_mig_ddr4_phy/inst/u_ddr4_phy_pll/diff_input_clk.u_ibufg_sys_clk/I
    HPIOBDIFFINBUF_X1Y35 DIFFINBUF (Prop_DIFFINBUF_HPIOBDIFFINBUF_DIFF_IN_P_O)
                                                      0.238     0.239 r  u_ddr4/inst/u_ddr4_mem_intfc/u_mig_ddr4_phy/inst/u_ddr4_phy_pll/diff_input_clk.u_ibufg_sys_clk/DIFFINBUF_INST/O
                         net (fo=1, routed)           0.028     0.267    u_ddr4/inst/u_ddr4_mem_intfc/u_mig_ddr4_phy/inst/u_ddr4_phy_pll/diff_input_clk.u_ibufg_sys_clk/OUT
    AK17                 IBUFCTRL (Prop_IBUFCTRL_HPIOB_I_O)
                                                      0.000     0.267 r  u_ddr4/inst/u_ddr4_mem_intfc/u_mig_ddr4_phy/inst/u_ddr4_phy_pll/diff_input_clk.u_ibufg_sys_clk/IBUFCTRL_INST/O
                         net (fo=2, routed)           0.405     0.672    u_ddr4/inst/u_ddr4_infrastructure/mmcm_clk_in
    MMCME3_ADV_X1Y1      MMCME3_ADV (Prop_MMCME3_ADV_CLKIN1_CLKOUT3)
                                                      0.270     0.942 r  u_ddr4/inst/u_ddr4_infrastructure/gen_mmcme3.u_mmcme_adv_inst/CLKOUT3
                         net (fo=1, routed)           0.167     1.109    u_ddr4/inst/u_ddr4_infrastructure/mmcm_clkout3
    BUFGCE_X1Y28         BUFGCE (Prop_BUFCE_BUFGCE_I_O)
                                                      0.027     1.136 r  u_ddr4/inst/u_ddr4_infrastructure/u_bufg_addn_ui_clk_3/O
    X3Y1 (CLOCK_ROOT)    net (fo=15, routed)          0.868     2.004    u_config/u_i2c_dri/addn_ui_clkout3
  -------------------------------------------------------------------    -------------------
    SLICE_X89Y149        FDCE (Prop_HFF2_SLICEM_C_Q)
                                                      0.048     2.052 r  u_config/u_i2c_dri/dri_clk_reg/Q
                         net (fo=2, routed)           0.038     2.090    u_config/u_i2c_dri/dri_clk_reg_0
    SLICE_X89Y149        LUT2 (Prop_H5LUT_SLICEM_I1_O)
                                                      0.040     2.130 r  u_config/u_i2c_dri/dri_clk_i_1/O
                         net (fo=1, routed)           0.012     2.142    u_config/u_i2c_dri/dri_clk_i_1_n_0
    SLICE_X89Y149        FDCE                                         r  u_config/u_i2c_dri/dri_clk_reg/D
  -------------------------------------------------------------------    -------------------

                         (clock mmcm_clkout3 rise edge)
                                                      0.000     0.000 r  
    AK17                                              0.000     0.000 r  sys_clk_p (IN)
                         net (fo=0)                   0.001     0.001    u_ddr4/inst/u_ddr4_mem_intfc/u_mig_ddr4_phy/inst/u_ddr4_phy_pll/diff_input_clk.u_ibufg_sys_clk/I
    HPIOBDIFFINBUF_X1Y35 DIFFINBUF (Prop_DIFFINBUF_HPIOBDIFFINBUF_DIFF_IN_P_O)
                                                      0.421     0.422 r  u_ddr4/inst/u_ddr4_mem_intfc/u_mig_ddr4_phy/inst/u_ddr4_phy_pll/diff_input_clk.u_ibufg_sys_clk/DIFFINBUF_INST/O
                         net (fo=1, routed)           0.048     0.470    u_ddr4/inst/u_ddr4_mem_intfc/u_mig_ddr4_phy/inst/u_ddr4_phy_pll/diff_input_clk.u_ibufg_sys_clk/OUT
    AK17                 IBUFCTRL (Prop_IBUFCTRL_HPIOB_I_O)
                                                      0.000     0.470 r  u_ddr4/inst/u_ddr4_mem_intfc/u_mig_ddr4_phy/inst/u_ddr4_phy_pll/diff_input_clk.u_ibufg_sys_clk/IBUFCTRL_INST/O
                         net (fo=2, routed)           0.457     0.927    u_ddr4/inst/u_ddr4_infrastructure/mmcm_clk_in
    MMCME3_ADV_X1Y1      MMCME3_ADV (Prop_MMCME3_ADV_CLKIN1_CLKOUT3)
                                                     -0.207     0.720 r  u_ddr4/inst/u_ddr4_infrastructure/gen_mmcme3.u_mmcme_adv_inst/CLKOUT3
                         net (fo=1, routed)           0.209     0.929    u_ddr4/inst/u_ddr4_infrastructure/mmcm_clkout3
    BUFGCE_X1Y28         BUFGCE (Prop_BUFCE_BUFGCE_I_O)
                                                      0.031     0.960 r  u_ddr4/inst/u_ddr4_infrastructure/u_bufg_addn_ui_clk_3/O
    X3Y1 (CLOCK_ROOT)    net (fo=15, routed)          1.019     1.979    u_config/u_i2c_dri/addn_ui_clkout3
    SLICE_X89Y149        FDCE                                         r  u_config/u_i2c_dri/dri_clk_reg/C
                         clock pessimism              0.029     2.008    
    SLICE_X89Y149        FDCE (Hold_HFF2_SLICEM_C_D)
                                                      0.056     2.064    u_config/u_i2c_dri/dri_clk_reg
  -------------------------------------------------------------------
                         required time                         -2.064    
                         arrival time                           2.142    
  -------------------------------------------------------------------
                         slack                                  0.078    





---------------------------------------------------------------------------------------------------
From Clock:  mmcm_clkout3
  To Clock:  hdmi_i2c_driver

Setup :            0  Failing Endpoints,  Worst Slack       96.452ns,  Total Violation        0.000ns
Hold  :            0  Failing Endpoints,  Worst Slack        0.701ns,  Total Violation        0.000ns
---------------------------------------------------------------------------------------------------


Max Delay Paths
--------------------------------------------------------------------------------------
Slack (MET) :             96.452ns  (required time - arrival time)
  Source:                 rc/u_reset/arststages_ff_reg[3]/C
                            (rising edge-triggered cell FDCE clocked by mmcm_clkout3  {rise@0.000ns fall@49.980ns period=99.960ns})
  Destination:            u_config/u_i2c_ms7210_cfg/rstn_1ms_reg[11]/R
                            (rising edge-triggered cell FDRE clocked by hdmi_i2c_driver  {rise@0.000ns fall@499.800ns period=999.600ns})
  Path Group:             hdmi_i2c_driver
  Path Type:              Setup (Max at Slow Process Corner)
  Requirement:            99.960ns  (hdmi_i2c_driver rise@999.600ns - mmcm_clkout3 rise@899.640ns)
  Data Path Delay:        6.458ns  (logic 0.117ns (1.812%)  route 6.341ns (98.188%))
  Logic Levels:           0  
  Clock Path Skew:        3.127ns (DCD - SCD + CPR)
    Destination Clock Delay (DCD):    7.164ns = ( 1006.764 - 999.600 ) 
    Source Clock Delay      (SCD):    3.883ns = ( 903.523 - 899.640 ) 
    Clock Pessimism Removal (CPR):    -0.154ns
  Clock Uncertainty:      0.095ns  ((TSJ^2 + DJ^2)^1/2) / 2 + PE
    Total System Jitter     (TSJ):    0.071ns
    Discrete Jitter          (DJ):    0.176ns
    Phase Error              (PE):    0.000ns
  Clock Net Delay (Source):      1.994ns (routing 0.712ns, distribution 1.282ns)
  Clock Net Delay (Destination): 1.168ns (routing 0.002ns, distribution 1.166ns)

    Location             Delay type                Incr(ns)  Path(ns)    Netlist Resource(s)
  -------------------------------------------------------------------    -------------------
                         (clock mmcm_clkout3 rise edge)
                                                    899.640   899.640 r  
    AK17                                              0.000   899.640 r  sys_clk_p (IN)
                         net (fo=0)                   0.001   899.641    u_ddr4/inst/u_ddr4_mem_intfc/u_mig_ddr4_phy/inst/u_ddr4_phy_pll/diff_input_clk.u_ibufg_sys_clk/I
    HPIOBDIFFINBUF_X1Y35 DIFFINBUF (Prop_DIFFINBUF_HPIOBDIFFINBUF_DIFF_IN_P_O)
                                                      0.534   900.175 r  u_ddr4/inst/u_ddr4_mem_intfc/u_mig_ddr4_phy/inst/u_ddr4_phy_pll/diff_input_clk.u_ibufg_sys_clk/DIFFINBUF_INST/O
                         net (fo=1, routed)           0.090   900.265    u_ddr4/inst/u_ddr4_mem_intfc/u_mig_ddr4_phy/inst/u_ddr4_phy_pll/diff_input_clk.u_ibufg_sys_clk/OUT
    AK17                 IBUFCTRL (Prop_IBUFCTRL_HPIOB_I_O)
                                                      0.000   900.265 r  u_ddr4/inst/u_ddr4_mem_intfc/u_mig_ddr4_phy/inst/u_ddr4_phy_pll/diff_input_clk.u_ibufg_sys_clk/IBUFCTRL_INST/O
                         net (fo=2, routed)           0.865   901.130    u_ddr4/inst/u_ddr4_infrastructure/mmcm_clk_in
    MMCME3_ADV_X1Y1      MMCME3_ADV (Prop_MMCME3_ADV_CLKIN1_CLKOUT3)
                                                     -0.121   901.009 r  u_ddr4/inst/u_ddr4_infrastructure/gen_mmcme3.u_mmcme_adv_inst/CLKOUT3
                         net (fo=1, routed)           0.437   901.446    u_ddr4/inst/u_ddr4_infrastructure/mmcm_clkout3
    BUFGCE_X1Y28         BUFGCE (Prop_BUFCE_BUFGCE_I_O)
                                                      0.083   901.529 r  u_ddr4/inst/u_ddr4_infrastructure/u_bufg_addn_ui_clk_3/O
    X3Y1 (CLOCK_ROOT)    net (fo=15, routed)          1.994   903.523    rc/u_reset/dest_clk
    SLICE_X90Y106        FDCE                                         r  rc/u_reset/arststages_ff_reg[3]/C
  -------------------------------------------------------------------    -------------------
    SLICE_X90Y106        FDCE (Prop_CFF2_SLICEM_C_Q)
                                                      0.117   903.640 f  rc/u_reset/arststages_ff_reg[3]/Q
                         net (fo=70, routed)          6.341   909.981    u_config/u_i2c_ms7210_cfg/p_0_in
    SLICE_X82Y33         FDRE                                         r  u_config/u_i2c_ms7210_cfg/rstn_1ms_reg[11]/R  (IS_INVERTED)
  -------------------------------------------------------------------    -------------------

                         (clock hdmi_i2c_driver rise edge)
                                                    999.600   999.600 r  
    AK17                                              0.000   999.600 r  sys_clk_p (IN)
                         net (fo=0)                   0.001   999.601    u_ddr4/inst/u_ddr4_mem_intfc/u_mig_ddr4_phy/inst/u_ddr4_phy_pll/diff_input_clk.u_ibufg_sys_clk/I
    HPIOBDIFFINBUF_X1Y35 DIFFINBUF (Prop_DIFFINBUF_HPIOBDIFFINBUF_DIFF_IN_P_O)
                                                      0.377   999.978 r  u_ddr4/inst/u_ddr4_mem_intfc/u_mig_ddr4_phy/inst/u_ddr4_phy_pll/diff_input_clk.u_ibufg_sys_clk/DIFFINBUF_INST/O
                         net (fo=1, routed)           0.051  1000.029    u_ddr4/inst/u_ddr4_mem_intfc/u_mig_ddr4_phy/inst/u_ddr4_phy_pll/diff_input_clk.u_ibufg_sys_clk/OUT
    AK17                 IBUFCTRL (Prop_IBUFCTRL_HPIOB_I_O)
                                                      0.000  1000.029 r  u_ddr4/inst/u_ddr4_mem_intfc/u_mig_ddr4_phy/inst/u_ddr4_phy_pll/diff_input_clk.u_ibufg_sys_clk/IBUFCTRL_INST/O
                         net (fo=2, routed)           0.778  1000.807    u_ddr4/inst/u_ddr4_infrastructure/mmcm_clk_in
    MMCME3_ADV_X1Y1      MMCME3_ADV (Prop_MMCME3_ADV_CLKIN1_CLKOUT3)
                                                      0.445  1001.252 r  u_ddr4/inst/u_ddr4_infrastructure/gen_mmcme3.u_mmcme_adv_inst/CLKOUT3
                         net (fo=1, routed)           0.372  1001.624    u_ddr4/inst/u_ddr4_infrastructure/mmcm_clkout3
    BUFGCE_X1Y28         BUFGCE (Prop_BUFCE_BUFGCE_I_O)
                                                      0.075  1001.699 r  u_ddr4/inst/u_ddr4_infrastructure/u_bufg_addn_ui_clk_3/O
                         net (fo=15, routed)          1.788  1003.487    u_config/u_i2c_dri/addn_ui_clkout3
    SLICE_X89Y149        FDCE (Prop_HFF2_SLICEM_C_Q)
                                                      0.106  1003.593 r  u_config/u_i2c_dri/dri_clk_reg/Q
                         net (fo=2, routed)           1.928  1005.521    u_config_n_3
    BUFGCE_X2Y9          BUFGCE (Prop_BUFCE_BUFGCE_I_O)
                                                      0.075  1005.596 r  FSM_onehot_cur_state_reg[5]_i_2/O
    X4Y0 (CLOCK_ROOT)    net (fo=114, routed)         1.168  1006.764    u_config/u_i2c_ms7210_cfg/i2c_dri_clk
    SLICE_X82Y33         FDRE                                         r  u_config/u_i2c_ms7210_cfg/rstn_1ms_reg[11]/C
                         clock pessimism             -0.154  1006.610    
                         clock uncertainty           -0.095  1006.515    
    SLICE_X82Y33         FDRE (Setup_CFF2_SLICEM_C_R)
                                                     -0.082  1006.433    u_config/u_i2c_ms7210_cfg/rstn_1ms_reg[11]
  -------------------------------------------------------------------
                         required time                       1006.433    
                         arrival time                        -909.981    
  -------------------------------------------------------------------
                         slack                                 96.452    





Min Delay Paths
--------------------------------------------------------------------------------------
Slack (MET) :             0.701ns  (arrival time - required time)
  Source:                 rc/u_reset/arststages_ff_reg[3]/C
                            (rising edge-triggered cell FDCE clocked by mmcm_clkout3  {rise@0.000ns fall@49.980ns period=99.960ns})
  Destination:            u_config/u_i2c_ms7210_cfg/rstn_1ms_reg[9]/R
                            (rising edge-triggered cell FDRE clocked by hdmi_i2c_driver  {rise@0.000ns fall@499.800ns period=999.600ns})
  Path Group:             hdmi_i2c_driver
  Path Type:              Hold (Min at Slow Process Corner)
  Requirement:            0.000ns  (hdmi_i2c_driver rise@0.000ns - mmcm_clkout3 rise@0.000ns)
  Data Path Delay:        4.779ns  (logic 0.107ns (2.239%)  route 4.672ns (97.761%))
  Logic Levels:           0  
  Clock Path Skew:        4.063ns (DCD - SCD - CPR)
    Destination Clock Delay (DCD):    7.781ns
    Source Clock Delay      (SCD):    3.872ns
    Clock Pessimism Removal (CPR):    -0.154ns
  Clock Net Delay (Source):      1.773ns (routing 0.656ns, distribution 1.117ns)
  Clock Net Delay (Destination): 1.298ns (routing 0.002ns, distribution 1.296ns)

    Location             Delay type                Incr(ns)  Path(ns)    Netlist Resource(s)
  -------------------------------------------------------------------    -------------------
                         (clock mmcm_clkout3 rise edge)
                                                      0.000     0.000 r  
    AK17                                              0.000     0.000 r  sys_clk_p (IN)
                         net (fo=0)                   0.001     0.001    u_ddr4/inst/u_ddr4_mem_intfc/u_mig_ddr4_phy/inst/u_ddr4_phy_pll/diff_input_clk.u_ibufg_sys_clk/I
    HPIOBDIFFINBUF_X1Y35 DIFFINBUF (Prop_DIFFINBUF_HPIOBDIFFINBUF_DIFF_IN_P_O)
                                                      0.377     0.378 r  u_ddr4/inst/u_ddr4_mem_intfc/u_mig_ddr4_phy/inst/u_ddr4_phy_pll/diff_input_clk.u_ibufg_sys_clk/DIFFINBUF_INST/O
                         net (fo=1, routed)           0.051     0.429    u_ddr4/inst/u_ddr4_mem_intfc/u_mig_ddr4_phy/inst/u_ddr4_phy_pll/diff_input_clk.u_ibufg_sys_clk/OUT
    AK17                 IBUFCTRL (Prop_IBUFCTRL_HPIOB_I_O)
                                                      0.000     0.429 r  u_ddr4/inst/u_ddr4_mem_intfc/u_mig_ddr4_phy/inst/u_ddr4_phy_pll/diff_input_clk.u_ibufg_sys_clk/IBUFCTRL_INST/O
                         net (fo=2, routed)           0.778     1.207    u_ddr4/inst/u_ddr4_infrastructure/mmcm_clk_in
    MMCME3_ADV_X1Y1      MMCME3_ADV (Prop_MMCME3_ADV_CLKIN1_CLKOUT3)
                                                      0.445     1.652 r  u_ddr4/inst/u_ddr4_infrastructure/gen_mmcme3.u_mmcme_adv_inst/CLKOUT3
                         net (fo=1, routed)           0.372     2.024    u_ddr4/inst/u_ddr4_infrastructure/mmcm_clkout3
    BUFGCE_X1Y28         BUFGCE (Prop_BUFCE_BUFGCE_I_O)
                                                      0.075     2.099 r  u_ddr4/inst/u_ddr4_infrastructure/u_bufg_addn_ui_clk_3/O
    X3Y1 (CLOCK_ROOT)    net (fo=15, routed)          1.773     3.872    rc/u_reset/dest_clk
    SLICE_X90Y106        FDCE                                         r  rc/u_reset/arststages_ff_reg[3]/C
  -------------------------------------------------------------------    -------------------
    SLICE_X90Y106        FDCE (Prop_CFF2_SLICEM_C_Q)
                                                      0.107     3.979 f  rc/u_reset/arststages_ff_reg[3]/Q
                         net (fo=70, routed)          4.672     8.651    u_config/u_i2c_ms7210_cfg/p_0_in
    SLICE_X86Y31         FDRE                                         r  u_config/u_i2c_ms7210_cfg/rstn_1ms_reg[9]/R  (IS_INVERTED)
  -------------------------------------------------------------------    -------------------

                         (clock hdmi_i2c_driver rise edge)
                                                      0.000     0.000 r  
    AK17                                              0.000     0.000 r  sys_clk_p (IN)
                         net (fo=0)                   0.001     0.001    u_ddr4/inst/u_ddr4_mem_intfc/u_mig_ddr4_phy/inst/u_ddr4_phy_pll/diff_input_clk.u_ibufg_sys_clk/I
    HPIOBDIFFINBUF_X1Y35 DIFFINBUF (Prop_DIFFINBUF_HPIOBDIFFINBUF_DIFF_IN_P_O)
                                                      0.534     0.535 r  u_ddr4/inst/u_ddr4_mem_intfc/u_mig_ddr4_phy/inst/u_ddr4_phy_pll/diff_input_clk.u_ibufg_sys_clk/DIFFINBUF_INST/O
                         net (fo=1, routed)           0.090     0.625    u_ddr4/inst/u_ddr4_mem_intfc/u_mig_ddr4_phy/inst/u_ddr4_phy_pll/diff_input_clk.u_ibufg_sys_clk/OUT
    AK17                 IBUFCTRL (Prop_IBUFCTRL_HPIOB_I_O)
                                                      0.000     0.625 r  u_ddr4/inst/u_ddr4_mem_intfc/u_mig_ddr4_phy/inst/u_ddr4_phy_pll/diff_input_clk.u_ibufg_sys_clk/IBUFCTRL_INST/O
                         net (fo=2, routed)           0.865     1.490    u_ddr4/inst/u_ddr4_infrastructure/mmcm_clk_in
    MMCME3_ADV_X1Y1      MMCME3_ADV (Prop_MMCME3_ADV_CLKIN1_CLKOUT3)
                                                     -0.121     1.369 r  u_ddr4/inst/u_ddr4_infrastructure/gen_mmcme3.u_mmcme_adv_inst/CLKOUT3
                         net (fo=1, routed)           0.437     1.806    u_ddr4/inst/u_ddr4_infrastructure/mmcm_clkout3
    BUFGCE_X1Y28         BUFGCE (Prop_BUFCE_BUFGCE_I_O)
                                                      0.083     1.889 r  u_ddr4/inst/u_ddr4_infrastructure/u_bufg_addn_ui_clk_3/O
                         net (fo=15, routed)          2.009     3.898    u_config/u_i2c_dri/addn_ui_clkout3
    SLICE_X89Y149        FDCE (Prop_HFF2_SLICEM_C_Q)
                                                      0.117     4.015 r  u_config/u_i2c_dri/dri_clk_reg/Q
                         net (fo=2, routed)           2.385     6.400    u_config_n_3
    BUFGCE_X2Y9          BUFGCE (Prop_BUFCE_BUFGCE_I_O)
                                                      0.083     6.483 r  FSM_onehot_cur_state_reg[5]_i_2/O
    X4Y0 (CLOCK_ROOT)    net (fo=114, routed)         1.298     7.781    u_config/u_i2c_ms7210_cfg/i2c_dri_clk
    SLICE_X86Y31         FDRE                                         r  u_config/u_i2c_ms7210_cfg/rstn_1ms_reg[9]/C
                         clock pessimism              0.154     7.935    
    SLICE_X86Y31         FDRE (Hold_HFF2_SLICEL_C_R)
                                                      0.015     7.950    u_config/u_i2c_ms7210_cfg/rstn_1ms_reg[9]
  -------------------------------------------------------------------
                         required time                         -7.950    
                         arrival time                           8.651    
  -------------------------------------------------------------------
                         slack                                  0.701    





---------------------------------------------------------------------------------------------------
From Clock:  dbg_hub/inst/BSCANID.u_xsdbm_id/SWITCH_N_EXT_BSCAN.bscan_inst/SERIES7_BSCAN.bscan_inst/TCK
  To Clock:  mmcm_clkout5

Setup :            0  Failing Endpoints,  Worst Slack       32.349ns,  Total Violation        0.000ns
Hold  :           NA  Failing Endpoints,  Worst Slack           NA  ,  Total Violation           NA
---------------------------------------------------------------------------------------------------


Max Delay Paths
--------------------------------------------------------------------------------------
Slack (MET) :             32.349ns  (required time - arrival time)
  Source:                 dbg_hub/inst/BSCANID.u_xsdbm_id/CORE_XSDB.UUT_MASTER/U_ICON_INTERFACE/U_CMD6_WR/U_WR_FIFO/SUBCORE_FIFO.xsdbm_v3_0_5_wrfifo_inst/inst_fifo_gen/gconvfifo.rf/grf.rf/gntv_or_sync_fifo.gcx.clkx/gnxpm_cdc.wr_pntr_gc_reg[0]/C
                            (rising edge-triggered cell FDCE clocked by dbg_hub/inst/BSCANID.u_xsdbm_id/SWITCH_N_EXT_BSCAN.bscan_inst/SERIES7_BSCAN.bscan_inst/TCK  {rise@0.000ns fall@16.500ns period=33.000ns})
  Destination:            dbg_hub/inst/BSCANID.u_xsdbm_id/CORE_XSDB.UUT_MASTER/U_ICON_INTERFACE/U_CMD6_WR/U_WR_FIFO/SUBCORE_FIFO.xsdbm_v3_0_5_wrfifo_inst/inst_fifo_gen/gconvfifo.rf/grf.rf/gntv_or_sync_fifo.gcx.clkx/gnxpm_cdc.gsync_stage[1].rd_stg_inst/Q_reg_reg[0]/D
                            (rising edge-triggered cell FDCE clocked by mmcm_clkout5  {rise@0.000ns fall@6.664ns period=13.328ns})
  Path Group:             mmcm_clkout5
  Path Type:              Setup (Max at Slow Process Corner)
  Requirement:            33.000ns  (MaxDelay Path 33.000ns)
  Data Path Delay:        0.711ns  (logic 0.114ns (16.034%)  route 0.597ns (83.966%))
  Logic Levels:           0  
  Timing Exception:       MaxDelay Path 33.000ns -datapath_only

    Location             Delay type                Incr(ns)  Path(ns)    Netlist Resource(s)
  -------------------------------------------------------------------    -------------------
    SLICE_X90Y28                                      0.000     0.000 r  dbg_hub/inst/BSCANID.u_xsdbm_id/CORE_XSDB.UUT_MASTER/U_ICON_INTERFACE/U_CMD6_WR/U_WR_FIFO/SUBCORE_FIFO.xsdbm_v3_0_5_wrfifo_inst/inst_fifo_gen/gconvfifo.rf/grf.rf/gntv_or_sync_fifo.gcx.clkx/gnxpm_cdc.wr_pntr_gc_reg[0]/C
    SLICE_X90Y28         FDCE (Prop_DFF_SLICEM_C_Q)
                                                      0.114     0.114 r  dbg_hub/inst/BSCANID.u_xsdbm_id/CORE_XSDB.UUT_MASTER/U_ICON_INTERFACE/U_CMD6_WR/U_WR_FIFO/SUBCORE_FIFO.xsdbm_v3_0_5_wrfifo_inst/inst_fifo_gen/gconvfifo.rf/grf.rf/gntv_or_sync_fifo.gcx.clkx/gnxpm_cdc.wr_pntr_gc_reg[0]/Q
                         net (fo=1, routed)           0.597     0.711    dbg_hub/inst/BSCANID.u_xsdbm_id/CORE_XSDB.UUT_MASTER/U_ICON_INTERFACE/U_CMD6_WR/U_WR_FIFO/SUBCORE_FIFO.xsdbm_v3_0_5_wrfifo_inst/inst_fifo_gen/gconvfifo.rf/grf.rf/gntv_or_sync_fifo.gcx.clkx/gnxpm_cdc.gsync_stage[1].rd_stg_inst/Q[0]
    SLICE_X87Y25         FDCE                                         r  dbg_hub/inst/BSCANID.u_xsdbm_id/CORE_XSDB.UUT_MASTER/U_ICON_INTERFACE/U_CMD6_WR/U_WR_FIFO/SUBCORE_FIFO.xsdbm_v3_0_5_wrfifo_inst/inst_fifo_gen/gconvfifo.rf/grf.rf/gntv_or_sync_fifo.gcx.clkx/gnxpm_cdc.gsync_stage[1].rd_stg_inst/Q_reg_reg[0]/D
  -------------------------------------------------------------------    -------------------

                         max delay                   33.000    33.000    
    SLICE_X87Y25         FDCE (Setup_HFF2_SLICEM_C_D)
                                                      0.060    33.060    dbg_hub/inst/BSCANID.u_xsdbm_id/CORE_XSDB.UUT_MASTER/U_ICON_INTERFACE/U_CMD6_WR/U_WR_FIFO/SUBCORE_FIFO.xsdbm_v3_0_5_wrfifo_inst/inst_fifo_gen/gconvfifo.rf/grf.rf/gntv_or_sync_fifo.gcx.clkx/gnxpm_cdc.gsync_stage[1].rd_stg_inst/Q_reg_reg[0]
  -------------------------------------------------------------------
                         required time                         33.060    
                         arrival time                          -0.711    
  -------------------------------------------------------------------
                         slack                                 32.349    





---------------------------------------------------------------------------------------------------
From Clock:  mmcm_clkout0
  To Clock:  mmcm_clkout5

Setup :            0  Failing Endpoints,  Worst Slack       11.320ns,  Total Violation        0.000ns
Hold  :           NA  Failing Endpoints,  Worst Slack           NA  ,  Total Violation           NA
---------------------------------------------------------------------------------------------------


Max Delay Paths
--------------------------------------------------------------------------------------
Slack (MET) :             11.320ns  (required time - arrival time)
  Source:                 u_ddr4/inst/u_ddr4_mem_intfc/u_ddr_cal_top/u_ddr_cal/u_xsdb_arbiter/slave_do_fclk_reg[4]/C
                            (rising edge-triggered cell FDRE clocked by mmcm_clkout0  {rise@0.000ns fall@1.666ns period=3.332ns})
  Destination:            u_ddr4/inst/u_ddr4_mem_intfc/u_ddr_cal_top/u_ddr_cal/u_xsdb_arbiter/u_slave_do_sync/SYNC[4].sync_reg_reg[0]/D
                            (rising edge-triggered cell FDRE clocked by mmcm_clkout5  {rise@0.000ns fall@6.664ns period=13.328ns})
  Path Group:             mmcm_clkout5
  Path Type:              Setup (Max at Slow Process Corner)
  Requirement:            12.000ns  (MaxDelay Path 12.000ns)
  Data Path Delay:        0.742ns  (logic 0.118ns (15.903%)  route 0.624ns (84.097%))
  Logic Levels:           0  
  Timing Exception:       MaxDelay Path 12.000ns -datapath_only

    Location             Delay type                Incr(ns)  Path(ns)    Netlist Resource(s)
  -------------------------------------------------------------------    -------------------
    SLICE_X56Y6                                       0.000     0.000 r  u_ddr4/inst/u_ddr4_mem_intfc/u_ddr_cal_top/u_ddr_cal/u_xsdb_arbiter/slave_do_fclk_reg[4]/C
    SLICE_X56Y6          FDRE (Prop_GFF2_SLICEL_C_Q)
                                                      0.118     0.118 r  u_ddr4/inst/u_ddr4_mem_intfc/u_ddr_cal_top/u_ddr_cal/u_xsdb_arbiter/slave_do_fclk_reg[4]/Q
                         net (fo=1, routed)           0.624     0.742    u_ddr4/inst/u_ddr4_mem_intfc/u_ddr_cal_top/u_ddr_cal/u_xsdb_arbiter/u_slave_do_sync/out[4]
    SLICE_X59Y3          FDRE                                         r  u_ddr4/inst/u_ddr4_mem_intfc/u_ddr_cal_top/u_ddr_cal/u_xsdb_arbiter/u_slave_do_sync/SYNC[4].sync_reg_reg[0]/D
  -------------------------------------------------------------------    -------------------

                         max delay                   12.000    12.000    
    SLICE_X59Y3          FDRE (Setup_CFF2_SLICEM_C_D)
                                                      0.062    12.062    u_ddr4/inst/u_ddr4_mem_intfc/u_ddr_cal_top/u_ddr_cal/u_xsdb_arbiter/u_slave_do_sync/SYNC[4].sync_reg_reg[0]
  -------------------------------------------------------------------
                         required time                         12.062    
                         arrival time                          -0.742    
  -------------------------------------------------------------------
                         slack                                 11.320    





---------------------------------------------------------------------------------------------------
From Clock:  mmcm_clkout0
  To Clock:  mmcm_clkout6

Setup :            0  Failing Endpoints,  Worst Slack        1.861ns,  Total Violation        0.000ns
Hold  :            0  Failing Endpoints,  Worst Slack        0.068ns,  Total Violation        0.000ns
---------------------------------------------------------------------------------------------------


Max Delay Paths
--------------------------------------------------------------------------------------
Slack (MET) :             1.861ns  (required time - arrival time)
  Source:                 u_ddr4/inst/u_ddr4_mem_intfc/u_ddr_cal_top/sample_gts_reg/C
                            (rising edge-triggered cell FDRE clocked by mmcm_clkout0  {rise@0.000ns fall@1.666ns period=3.332ns})
  Destination:            u_ddr4/inst/u_ddr4_mem_intfc/u_ddr_cal_riu/sample_gts_riu_reg/D
                            (rising edge-triggered cell FDRE clocked by mmcm_clkout6  {rise@0.000ns fall@3.332ns period=6.664ns})
  Path Group:             mmcm_clkout6
  Path Type:              Setup (Max at Slow Process Corner)
  Requirement:            3.332ns  (mmcm_clkout6 rise@6.664ns - mmcm_clkout0 rise@3.332ns)
  Data Path Delay:        1.046ns  (logic 0.113ns (10.803%)  route 0.933ns (89.197%))
  Logic Levels:           0  
  Clock Path Skew:        -0.301ns (DCD - SCD + CPR)
    Destination Clock Delay (DCD):    3.807ns = ( 10.471 - 6.664 ) 
    Source Clock Delay      (SCD):    3.825ns = ( 7.157 - 3.332 ) 
    Clock Pessimism Removal (CPR):    -0.283ns
  Clock Uncertainty:      0.184ns  ((TSJ^2 + DJ^2)^1/2) / 2 + PE
    Total System Jitter     (TSJ):    0.071ns
    Discrete Jitter          (DJ):    0.106ns
    Phase Error              (PE):    0.120ns
  Clock Net Delay (Source):      1.936ns (routing 0.495ns, distribution 1.441ns)
  Clock Net Delay (Destination): 1.708ns (routing 0.456ns, distribution 1.252ns)

    Location             Delay type                Incr(ns)  Path(ns)    Netlist Resource(s)
  -------------------------------------------------------------------    -------------------
                         (clock mmcm_clkout0 rise edge)
                                                      3.332     3.332 r  
    AK17                                              0.000     3.332 r  sys_clk_p (IN)
                         net (fo=0)                   0.001     3.333    u_ddr4/inst/u_ddr4_mem_intfc/u_mig_ddr4_phy/inst/u_ddr4_phy_pll/diff_input_clk.u_ibufg_sys_clk/I
    HPIOBDIFFINBUF_X1Y35 DIFFINBUF (Prop_DIFFINBUF_HPIOBDIFFINBUF_DIFF_IN_P_O)
                                                      0.534     3.867 r  u_ddr4/inst/u_ddr4_mem_intfc/u_mig_ddr4_phy/inst/u_ddr4_phy_pll/diff_input_clk.u_ibufg_sys_clk/DIFFINBUF_INST/O
                         net (fo=1, routed)           0.090     3.957    u_ddr4/inst/u_ddr4_mem_intfc/u_mig_ddr4_phy/inst/u_ddr4_phy_pll/diff_input_clk.u_ibufg_sys_clk/OUT
    AK17                 IBUFCTRL (Prop_IBUFCTRL_HPIOB_I_O)
                                                      0.000     3.957 r  u_ddr4/inst/u_ddr4_mem_intfc/u_mig_ddr4_phy/inst/u_ddr4_phy_pll/diff_input_clk.u_ibufg_sys_clk/IBUFCTRL_INST/O
                         net (fo=2, routed)           0.865     4.822    u_ddr4/inst/u_ddr4_infrastructure/mmcm_clk_in
    MMCME3_ADV_X1Y1      MMCME3_ADV (Prop_MMCME3_ADV_CLKIN1_CLKOUT0)
                                                     -0.121     4.701 r  u_ddr4/inst/u_ddr4_infrastructure/gen_mmcme3.u_mmcme_adv_inst/CLKOUT0
                         net (fo=1, routed)           0.437     5.138    u_ddr4/inst/u_ddr4_infrastructure/mmcm_clkout0
    BUFGCE_X1Y31         BUFGCE (Prop_BUFCE_BUFGCE_I_O)
                                                      0.083     5.221 r  u_ddr4/inst/u_ddr4_infrastructure/u_bufg_divClk/O
    X2Y1 (CLOCK_ROOT)    net (fo=17454, routed)       1.936     7.157    u_ddr4/inst/u_ddr4_mem_intfc/u_ddr_cal_top/dReg_reg[10]
    SLICE_X53Y6          FDRE                                         r  u_ddr4/inst/u_ddr4_mem_intfc/u_ddr_cal_top/sample_gts_reg/C
  -------------------------------------------------------------------    -------------------
    SLICE_X53Y6          FDRE (Prop_BFF_SLICEM_C_Q)
                                                      0.113     7.270 r  u_ddr4/inst/u_ddr4_mem_intfc/u_ddr_cal_top/sample_gts_reg/Q
                         net (fo=1, routed)           0.933     8.203    u_ddr4/inst/u_ddr4_mem_intfc/u_ddr_cal_riu/sample_gts
    SLICE_X61Y6          FDRE                                         r  u_ddr4/inst/u_ddr4_mem_intfc/u_ddr_cal_riu/sample_gts_riu_reg/D
  -------------------------------------------------------------------    -------------------

                         (clock mmcm_clkout6 rise edge)
                                                      6.664     6.664 r  
    AK17                                              0.000     6.664 r  sys_clk_p (IN)
                         net (fo=0)                   0.001     6.665    u_ddr4/inst/u_ddr4_mem_intfc/u_mig_ddr4_phy/inst/u_ddr4_phy_pll/diff_input_clk.u_ibufg_sys_clk/I
    HPIOBDIFFINBUF_X1Y35 DIFFINBUF (Prop_DIFFINBUF_HPIOBDIFFINBUF_DIFF_IN_P_O)
                                                      0.377     7.042 r  u_ddr4/inst/u_ddr4_mem_intfc/u_mig_ddr4_phy/inst/u_ddr4_phy_pll/diff_input_clk.u_ibufg_sys_clk/DIFFINBUF_INST/O
                         net (fo=1, routed)           0.051     7.093    u_ddr4/inst/u_ddr4_mem_intfc/u_mig_ddr4_phy/inst/u_ddr4_phy_pll/diff_input_clk.u_ibufg_sys_clk/OUT
    AK17                 IBUFCTRL (Prop_IBUFCTRL_HPIOB_I_O)
                                                      0.000     7.093 r  u_ddr4/inst/u_ddr4_mem_intfc/u_mig_ddr4_phy/inst/u_ddr4_phy_pll/diff_input_clk.u_ibufg_sys_clk/IBUFCTRL_INST/O
                         net (fo=2, routed)           0.778     7.871    u_ddr4/inst/u_ddr4_infrastructure/mmcm_clk_in
    MMCME3_ADV_X1Y1      MMCME3_ADV (Prop_MMCME3_ADV_CLKIN1_CLKOUT6)
                                                      0.445     8.316 r  u_ddr4/inst/u_ddr4_infrastructure/gen_mmcme3.u_mmcme_adv_inst/CLKOUT6
                         net (fo=1, routed)           0.372     8.688    u_ddr4/inst/u_ddr4_infrastructure/mmcm_clkout6
    BUFGCE_X1Y32         BUFGCE (Prop_BUFCE_BUFGCE_I_O)
                                                      0.075     8.763 r  u_ddr4/inst/u_ddr4_infrastructure/u_bufg_riuClk/O
    X2Y1 (CLOCK_ROOT)    net (fo=1744, routed)        1.708    10.471    u_ddr4/inst/u_ddr4_mem_intfc/u_ddr_cal_riu/CLK
    SLICE_X61Y6          FDRE                                         r  u_ddr4/inst/u_ddr4_mem_intfc/u_ddr_cal_riu/sample_gts_riu_reg/C
                         clock pessimism             -0.283    10.188    
                         clock uncertainty           -0.184    10.004    
    SLICE_X61Y6          FDRE (Setup_EFF_SLICEM_C_D)
                                                      0.060    10.064    u_ddr4/inst/u_ddr4_mem_intfc/u_ddr_cal_riu/sample_gts_riu_reg
  -------------------------------------------------------------------
                         required time                         10.064    
                         arrival time                          -8.203    
  -------------------------------------------------------------------
                         slack                                  1.861    





Min Delay Paths
--------------------------------------------------------------------------------------
Slack (MET) :             0.068ns  (arrival time - required time)
  Source:                 u_ddr4/inst/u_ddr4_mem_intfc/u_ddr_cal_top/sample_gts_reg/C
                            (rising edge-triggered cell FDRE clocked by mmcm_clkout0  {rise@0.000ns fall@1.666ns period=3.332ns})
  Destination:            u_ddr4/inst/u_ddr4_mem_intfc/u_ddr_cal_riu/sample_gts_riu_reg/D
                            (rising edge-triggered cell FDRE clocked by mmcm_clkout6  {rise@0.000ns fall@3.332ns period=6.664ns})
  Path Group:             mmcm_clkout6
  Path Type:              Hold (Min at Fast Process Corner)
  Requirement:            0.000ns  (mmcm_clkout6 rise@0.000ns - mmcm_clkout0 rise@0.000ns)
  Data Path Delay:        0.498ns  (logic 0.049ns (9.839%)  route 0.449ns (90.161%))
  Logic Levels:           0  
  Clock Path Skew:        0.190ns (DCD - SCD - CPR)
    Destination Clock Delay (DCD):    1.914ns
    Source Clock Delay      (SCD):    1.946ns
    Clock Pessimism Removal (CPR):    -0.222ns
  Clock Uncertainty:      0.184ns  ((TSJ^2 + DJ^2)^1/2) / 2 + PE
    Total System Jitter     (TSJ):    0.071ns
    Discrete Jitter          (DJ):    0.106ns
    Phase Error              (PE):    0.120ns
  Clock Net Delay (Source):      0.810ns (routing 0.208ns, distribution 0.602ns)
  Clock Net Delay (Destination): 0.954ns (routing 0.232ns, distribution 0.722ns)

    Location             Delay type                Incr(ns)  Path(ns)    Netlist Resource(s)
  -------------------------------------------------------------------    -------------------
                         (clock mmcm_clkout0 rise edge)
                                                      0.000     0.000 r  
    AK17                                              0.000     0.000 r  sys_clk_p (IN)
                         net (fo=0)                   0.001     0.001    u_ddr4/inst/u_ddr4_mem_intfc/u_mig_ddr4_phy/inst/u_ddr4_phy_pll/diff_input_clk.u_ibufg_sys_clk/I
    HPIOBDIFFINBUF_X1Y35 DIFFINBUF (Prop_DIFFINBUF_HPIOBDIFFINBUF_DIFF_IN_P_O)
                                                      0.238     0.239 r  u_ddr4/inst/u_ddr4_mem_intfc/u_mig_ddr4_phy/inst/u_ddr4_phy_pll/diff_input_clk.u_ibufg_sys_clk/DIFFINBUF_INST/O
                         net (fo=1, routed)           0.028     0.267    u_ddr4/inst/u_ddr4_mem_intfc/u_mig_ddr4_phy/inst/u_ddr4_phy_pll/diff_input_clk.u_ibufg_sys_clk/OUT
    AK17                 IBUFCTRL (Prop_IBUFCTRL_HPIOB_I_O)
                                                      0.000     0.267 r  u_ddr4/inst/u_ddr4_mem_intfc/u_mig_ddr4_phy/inst/u_ddr4_phy_pll/diff_input_clk.u_ibufg_sys_clk/IBUFCTRL_INST/O
                         net (fo=2, routed)           0.405     0.672    u_ddr4/inst/u_ddr4_infrastructure/mmcm_clk_in
    MMCME3_ADV_X1Y1      MMCME3_ADV (Prop_MMCME3_ADV_CLKIN1_CLKOUT0)
                                                      0.270     0.942 r  u_ddr4/inst/u_ddr4_infrastructure/gen_mmcme3.u_mmcme_adv_inst/CLKOUT0
                         net (fo=1, routed)           0.167     1.109    u_ddr4/inst/u_ddr4_infrastructure/mmcm_clkout0
    BUFGCE_X1Y31         BUFGCE (Prop_BUFCE_BUFGCE_I_O)
                                                      0.027     1.136 r  u_ddr4/inst/u_ddr4_infrastructure/u_bufg_divClk/O
    X2Y1 (CLOCK_ROOT)    net (fo=17454, routed)       0.810     1.946    u_ddr4/inst/u_ddr4_mem_intfc/u_ddr_cal_top/dReg_reg[10]
    SLICE_X53Y6          FDRE                                         r  u_ddr4/inst/u_ddr4_mem_intfc/u_ddr_cal_top/sample_gts_reg/C
  -------------------------------------------------------------------    -------------------
    SLICE_X53Y6          FDRE (Prop_BFF_SLICEM_C_Q)
                                                      0.049     1.995 r  u_ddr4/inst/u_ddr4_mem_intfc/u_ddr_cal_top/sample_gts_reg/Q
                         net (fo=1, routed)           0.449     2.444    u_ddr4/inst/u_ddr4_mem_intfc/u_ddr_cal_riu/sample_gts
    SLICE_X61Y6          FDRE                                         r  u_ddr4/inst/u_ddr4_mem_intfc/u_ddr_cal_riu/sample_gts_riu_reg/D
  -------------------------------------------------------------------    -------------------

                         (clock mmcm_clkout6 rise edge)
                                                      0.000     0.000 r  
    AK17                                              0.000     0.000 r  sys_clk_p (IN)
                         net (fo=0)                   0.001     0.001    u_ddr4/inst/u_ddr4_mem_intfc/u_mig_ddr4_phy/inst/u_ddr4_phy_pll/diff_input_clk.u_ibufg_sys_clk/I
    HPIOBDIFFINBUF_X1Y35 DIFFINBUF (Prop_DIFFINBUF_HPIOBDIFFINBUF_DIFF_IN_P_O)
                                                      0.421     0.422 r  u_ddr4/inst/u_ddr4_mem_intfc/u_mig_ddr4_phy/inst/u_ddr4_phy_pll/diff_input_clk.u_ibufg_sys_clk/DIFFINBUF_INST/O
                         net (fo=1, routed)           0.048     0.470    u_ddr4/inst/u_ddr4_mem_intfc/u_mig_ddr4_phy/inst/u_ddr4_phy_pll/diff_input_clk.u_ibufg_sys_clk/OUT
    AK17                 IBUFCTRL (Prop_IBUFCTRL_HPIOB_I_O)
                                                      0.000     0.470 r  u_ddr4/inst/u_ddr4_mem_intfc/u_mig_ddr4_phy/inst/u_ddr4_phy_pll/diff_input_clk.u_ibufg_sys_clk/IBUFCTRL_INST/O
                         net (fo=2, routed)           0.457     0.927    u_ddr4/inst/u_ddr4_infrastructure/mmcm_clk_in
    MMCME3_ADV_X1Y1      MMCME3_ADV (Prop_MMCME3_ADV_CLKIN1_CLKOUT6)
                                                     -0.207     0.720 r  u_ddr4/inst/u_ddr4_infrastructure/gen_mmcme3.u_mmcme_adv_inst/CLKOUT6
                         net (fo=1, routed)           0.209     0.929    u_ddr4/inst/u_ddr4_infrastructure/mmcm_clkout6
    BUFGCE_X1Y32         BUFGCE (Prop_BUFCE_BUFGCE_I_O)
                                                      0.031     0.960 r  u_ddr4/inst/u_ddr4_infrastructure/u_bufg_riuClk/O
    X2Y1 (CLOCK_ROOT)    net (fo=1744, routed)        0.954     1.914    u_ddr4/inst/u_ddr4_mem_intfc/u_ddr_cal_riu/CLK
    SLICE_X61Y6          FDRE                                         r  u_ddr4/inst/u_ddr4_mem_intfc/u_ddr_cal_riu/sample_gts_riu_reg/C
                         clock pessimism              0.222     2.136    
                         clock uncertainty            0.184     2.319    
    SLICE_X61Y6          FDRE (Hold_EFF_SLICEM_C_D)
                                                      0.056     2.375    u_ddr4/inst/u_ddr4_mem_intfc/u_ddr_cal_riu/sample_gts_riu_reg
  -------------------------------------------------------------------
                         required time                         -2.375    
                         arrival time                           2.444    
  -------------------------------------------------------------------
                         slack                                  0.068    





---------------------------------------------------------------------------------------------------
Path Group:  **async_default**
From Clock:  dbg_hub/inst/BSCANID.u_xsdbm_id/SWITCH_N_EXT_BSCAN.bscan_inst/SERIES7_BSCAN.bscan_inst/TCK
  To Clock:  dbg_hub/inst/BSCANID.u_xsdbm_id/SWITCH_N_EXT_BSCAN.bscan_inst/SERIES7_BSCAN.bscan_inst/TCK

Setup :            0  Failing Endpoints,  Worst Slack       30.499ns,  Total Violation        0.000ns
Hold  :            0  Failing Endpoints,  Worst Slack        0.141ns,  Total Violation        0.000ns
---------------------------------------------------------------------------------------------------


Max Delay Paths
--------------------------------------------------------------------------------------
Slack (MET) :             30.499ns  (required time - arrival time)
  Source:                 dbg_hub/inst/BSCANID.u_xsdbm_id/SWITCH_N_EXT_BSCAN.bscan_switch/state_reg[2]/C
                            (rising edge-triggered cell FDRE clocked by dbg_hub/inst/BSCANID.u_xsdbm_id/SWITCH_N_EXT_BSCAN.bscan_inst/SERIES7_BSCAN.bscan_inst/TCK  {rise@0.000ns fall@16.500ns period=33.000ns})
  Destination:            dbg_hub/inst/BSCANID.u_xsdbm_id/CORE_XSDB.U_ICON/U_CMD/iTARGET_reg[14]/CLR
                            (recovery check against rising-edge clock dbg_hub/inst/BSCANID.u_xsdbm_id/SWITCH_N_EXT_BSCAN.bscan_inst/SERIES7_BSCAN.bscan_inst/TCK  {rise@0.000ns fall@16.500ns period=33.000ns})
  Path Group:             **async_default**
  Path Type:              Recovery (Max at Slow Process Corner)
  Requirement:            33.000ns  (dbg_hub/inst/BSCANID.u_xsdbm_id/SWITCH_N_EXT_BSCAN.bscan_inst/SERIES7_BSCAN.bscan_inst/TCK rise@33.000ns - dbg_hub/inst/BSCANID.u_xsdbm_id/SWITCH_N_EXT_BSCAN.bscan_inst/SERIES7_BSCAN.bscan_inst/TCK rise@0.000ns)
  Data Path Delay:        2.246ns  (logic 0.328ns (14.604%)  route 1.918ns (85.396%))
  Logic Levels:           1  (LUT4=1)
  Clock Path Skew:        -0.137ns (DCD - SCD + CPR)
    Destination Clock Delay (DCD):    6.433ns = ( 39.433 - 33.000 ) 
    Source Clock Delay      (SCD):    7.739ns
    Clock Pessimism Removal (CPR):    1.169ns
  Clock Uncertainty:      0.035ns  ((TSJ^2 + TIJ^2)^1/2 + DJ) / 2 + PE
    Total System Jitter     (TSJ):    0.071ns
    Total Input Jitter      (TIJ):    0.000ns
    Discrete Jitter          (DJ):    0.000ns
    Phase Error              (PE):    0.000ns
  Clock Net Delay (Source):      2.777ns (routing 1.521ns, distribution 1.256ns)
  Clock Net Delay (Destination): 2.468ns (routing 1.393ns, distribution 1.075ns)

    Location             Delay type                Incr(ns)  Path(ns)    Netlist Resource(s)
  -------------------------------------------------------------------    -------------------
                         (clock dbg_hub/inst/BSCANID.u_xsdbm_id/SWITCH_N_EXT_BSCAN.bscan_inst/SERIES7_BSCAN.bscan_inst/TCK rise edge)
                                                      0.000     0.000 r  
    CONFIG_SITE_X0Y0     BSCANE2                      0.000     0.000 r  dbg_hub/inst/BSCANID.u_xsdbm_id/SWITCH_N_EXT_BSCAN.bscan_inst/SERIES7_BSCAN.bscan_inst/TCK
                         net (fo=1, routed)           4.879     4.879    dbg_hub/inst/BSCANID.u_xsdbm_id/tck_bs
    BUFGCE_X1Y107        BUFGCE (Prop_BUFCE_BUFGCE_I_O)
                                                      0.083     4.962 r  dbg_hub/inst/BSCANID.u_xsdbm_id/SWITCH_N_EXT_BSCAN.u_bufg_icon_tck/O
    X3Y0 (CLOCK_ROOT)    net (fo=478, routed)         2.777     7.739    dbg_hub/inst/BSCANID.u_xsdbm_id/SWITCH_N_EXT_BSCAN.bscan_switch/s_bscan_tck
    SLICE_X72Y30         FDRE                                         r  dbg_hub/inst/BSCANID.u_xsdbm_id/SWITCH_N_EXT_BSCAN.bscan_switch/state_reg[2]/C
  -------------------------------------------------------------------    -------------------
    SLICE_X72Y30         FDRE (Prop_AFF_SLICEL_C_Q)
                                                      0.115     7.854 r  dbg_hub/inst/BSCANID.u_xsdbm_id/SWITCH_N_EXT_BSCAN.bscan_switch/state_reg[2]/Q
                         net (fo=50, routed)          1.305     9.159    dbg_hub/inst/BSCANID.u_xsdbm_id/SWITCH_N_EXT_BSCAN.bscan_switch/state[2]
    SLICE_X82Y28         LUT4 (Prop_A5LUT_SLICEM_I2_O)
                                                      0.213     9.372 r  dbg_hub/inst/BSCANID.u_xsdbm_id/SWITCH_N_EXT_BSCAN.bscan_switch/m_bscan_sel[0]_INST_0/O
                         net (fo=11, routed)          0.613     9.985    dbg_hub/inst/BSCANID.u_xsdbm_id/CORE_XSDB.U_ICON/U_CMD/iTARGET_reg[6]_0
    SLICE_X84Y31         FDCE                                         f  dbg_hub/inst/BSCANID.u_xsdbm_id/CORE_XSDB.U_ICON/U_CMD/iTARGET_reg[14]/CLR  (IS_INVERTED)
  -------------------------------------------------------------------    -------------------

                         (clock dbg_hub/inst/BSCANID.u_xsdbm_id/SWITCH_N_EXT_BSCAN.bscan_inst/SERIES7_BSCAN.bscan_inst/TCK rise edge)
                                                     33.000    33.000 r  
    CONFIG_SITE_X0Y0     BSCANE2                      0.000    33.000 r  dbg_hub/inst/BSCANID.u_xsdbm_id/SWITCH_N_EXT_BSCAN.bscan_inst/SERIES7_BSCAN.bscan_inst/TCK
                         net (fo=1, routed)           3.890    36.890    dbg_hub/inst/BSCANID.u_xsdbm_id/tck_bs
    BUFGCE_X1Y107        BUFGCE (Prop_BUFCE_BUFGCE_I_O)
                                                      0.075    36.965 r  dbg_hub/inst/BSCANID.u_xsdbm_id/SWITCH_N_EXT_BSCAN.u_bufg_icon_tck/O
    X3Y0 (CLOCK_ROOT)    net (fo=478, routed)         2.468    39.433    dbg_hub/inst/BSCANID.u_xsdbm_id/CORE_XSDB.U_ICON/U_CMD/m_bscan_tck[0]
    SLICE_X84Y31         FDCE                                         r  dbg_hub/inst/BSCANID.u_xsdbm_id/CORE_XSDB.U_ICON/U_CMD/iTARGET_reg[14]/C
                         clock pessimism              1.169    40.602    
                         clock uncertainty           -0.035    40.566    
    SLICE_X84Y31         FDCE (Recov_EFF_SLICEL_C_CLR)
                                                     -0.082    40.484    dbg_hub/inst/BSCANID.u_xsdbm_id/CORE_XSDB.U_ICON/U_CMD/iTARGET_reg[14]
  -------------------------------------------------------------------
                         required time                         40.484    
                         arrival time                          -9.985    
  -------------------------------------------------------------------
                         slack                                 30.499    





Min Delay Paths
--------------------------------------------------------------------------------------
Slack (MET) :             0.141ns  (arrival time - required time)
  Source:                 dbg_hub/inst/BSCANID.u_xsdbm_id/CORE_XSDB.UUT_MASTER/U_ICON_INTERFACE/U_CMD6_RD/U_RD_FIFO/SUBCORE_FIFO.xsdbm_v3_0_5_rdfifo_inst/inst_fifo_gen/gconvfifo.rf/grf.rf/rstblk/ngwrdrst.grst.g7serrst.rst_rd_reg2_reg/C
                            (rising edge-triggered cell FDPE clocked by dbg_hub/inst/BSCANID.u_xsdbm_id/SWITCH_N_EXT_BSCAN.bscan_inst/SERIES7_BSCAN.bscan_inst/TCK  {rise@0.000ns fall@16.500ns period=33.000ns})
  Destination:            dbg_hub/inst/BSCANID.u_xsdbm_id/CORE_XSDB.UUT_MASTER/U_ICON_INTERFACE/U_CMD6_RD/U_RD_FIFO/SUBCORE_FIFO.xsdbm_v3_0_5_rdfifo_inst/inst_fifo_gen/gconvfifo.rf/grf.rf/rstblk/ngwrdrst.grst.g7serrst.rd_rst_asreg_reg/PRE
                            (removal check against rising-edge clock dbg_hub/inst/BSCANID.u_xsdbm_id/SWITCH_N_EXT_BSCAN.bscan_inst/SERIES7_BSCAN.bscan_inst/TCK  {rise@0.000ns fall@16.500ns period=33.000ns})
  Path Group:             **async_default**
  Path Type:              Removal (Min at Fast Process Corner)
  Requirement:            0.000ns  (dbg_hub/inst/BSCANID.u_xsdbm_id/SWITCH_N_EXT_BSCAN.bscan_inst/SERIES7_BSCAN.bscan_inst/TCK rise@0.000ns - dbg_hub/inst/BSCANID.u_xsdbm_id/SWITCH_N_EXT_BSCAN.bscan_inst/SERIES7_BSCAN.bscan_inst/TCK rise@0.000ns)
  Data Path Delay:        0.222ns  (logic 0.048ns (21.622%)  route 0.174ns (78.378%))
  Logic Levels:           0  
  Clock Path Skew:        0.076ns (DCD - SCD - CPR)
    Destination Clock Delay (DCD):    4.846ns
    Source Clock Delay      (SCD):    3.783ns
    Clock Pessimism Removal (CPR):    0.987ns
  Clock Net Delay (Source):      1.253ns (routing 0.735ns, distribution 0.518ns)
  Clock Net Delay (Destination): 1.452ns (routing 0.814ns, distribution 0.638ns)

    Location             Delay type                Incr(ns)  Path(ns)    Netlist Resource(s)
  -------------------------------------------------------------------    -------------------
                         (clock dbg_hub/inst/BSCANID.u_xsdbm_id/SWITCH_N_EXT_BSCAN.bscan_inst/SERIES7_BSCAN.bscan_inst/TCK rise edge)
                                                      0.000     0.000 r  
    CONFIG_SITE_X0Y0     BSCANE2                      0.000     0.000 r  dbg_hub/inst/BSCANID.u_xsdbm_id/SWITCH_N_EXT_BSCAN.bscan_inst/SERIES7_BSCAN.bscan_inst/TCK
                         net (fo=1, routed)           2.503     2.503    dbg_hub/inst/BSCANID.u_xsdbm_id/tck_bs
    BUFGCE_X1Y107        BUFGCE (Prop_BUFCE_BUFGCE_I_O)
                                                      0.027     2.530 r  dbg_hub/inst/BSCANID.u_xsdbm_id/SWITCH_N_EXT_BSCAN.u_bufg_icon_tck/O
    X3Y0 (CLOCK_ROOT)    net (fo=478, routed)         1.253     3.783    dbg_hub/inst/BSCANID.u_xsdbm_id/CORE_XSDB.UUT_MASTER/U_ICON_INTERFACE/U_CMD6_RD/U_RD_FIFO/SUBCORE_FIFO.xsdbm_v3_0_5_rdfifo_inst/inst_fifo_gen/gconvfifo.rf/grf.rf/rstblk/rd_clk
    SLICE_X82Y9          FDPE                                         r  dbg_hub/inst/BSCANID.u_xsdbm_id/CORE_XSDB.UUT_MASTER/U_ICON_INTERFACE/U_CMD6_RD/U_RD_FIFO/SUBCORE_FIFO.xsdbm_v3_0_5_rdfifo_inst/inst_fifo_gen/gconvfifo.rf/grf.rf/rstblk/ngwrdrst.grst.g7serrst.rst_rd_reg2_reg/C
  -------------------------------------------------------------------    -------------------
    SLICE_X82Y9          FDPE (Prop_EFF2_SLICEM_C_Q)
                                                      0.048     3.831 f  dbg_hub/inst/BSCANID.u_xsdbm_id/CORE_XSDB.UUT_MASTER/U_ICON_INTERFACE/U_CMD6_RD/U_RD_FIFO/SUBCORE_FIFO.xsdbm_v3_0_5_rdfifo_inst/inst_fifo_gen/gconvfifo.rf/grf.rf/rstblk/ngwrdrst.grst.g7serrst.rst_rd_reg2_reg/Q
                         net (fo=1, routed)           0.174     4.005    dbg_hub/inst/BSCANID.u_xsdbm_id/CORE_XSDB.UUT_MASTER/U_ICON_INTERFACE/U_CMD6_RD/U_RD_FIFO/SUBCORE_FIFO.xsdbm_v3_0_5_rdfifo_inst/inst_fifo_gen/gconvfifo.rf/grf.rf/rstblk/ngwrdrst.grst.rst_rd_reg2
    SLICE_X83Y9          FDPE                                         f  dbg_hub/inst/BSCANID.u_xsdbm_id/CORE_XSDB.UUT_MASTER/U_ICON_INTERFACE/U_CMD6_RD/U_RD_FIFO/SUBCORE_FIFO.xsdbm_v3_0_5_rdfifo_inst/inst_fifo_gen/gconvfifo.rf/grf.rf/rstblk/ngwrdrst.grst.g7serrst.rd_rst_asreg_reg/PRE
  -------------------------------------------------------------------    -------------------

                         (clock dbg_hub/inst/BSCANID.u_xsdbm_id/SWITCH_N_EXT_BSCAN.bscan_inst/SERIES7_BSCAN.bscan_inst/TCK rise edge)
                                                      0.000     0.000 r  
    CONFIG_SITE_X0Y0     BSCANE2                      0.000     0.000 r  dbg_hub/inst/BSCANID.u_xsdbm_id/SWITCH_N_EXT_BSCAN.bscan_inst/SERIES7_BSCAN.bscan_inst/TCK
                         net (fo=1, routed)           3.363     3.363    dbg_hub/inst/BSCANID.u_xsdbm_id/tck_bs
    BUFGCE_X1Y107        BUFGCE (Prop_BUFCE_BUFGCE_I_O)
                                                      0.031     3.394 r  dbg_hub/inst/BSCANID.u_xsdbm_id/SWITCH_N_EXT_BSCAN.u_bufg_icon_tck/O
    X3Y0 (CLOCK_ROOT)    net (fo=478, routed)         1.452     4.846    dbg_hub/inst/BSCANID.u_xsdbm_id/CORE_XSDB.UUT_MASTER/U_ICON_INTERFACE/U_CMD6_RD/U_RD_FIFO/SUBCORE_FIFO.xsdbm_v3_0_5_rdfifo_inst/inst_fifo_gen/gconvfifo.rf/grf.rf/rstblk/rd_clk
    SLICE_X83Y9          FDPE                                         r  dbg_hub/inst/BSCANID.u_xsdbm_id/CORE_XSDB.UUT_MASTER/U_ICON_INTERFACE/U_CMD6_RD/U_RD_FIFO/SUBCORE_FIFO.xsdbm_v3_0_5_rdfifo_inst/inst_fifo_gen/gconvfifo.rf/grf.rf/rstblk/ngwrdrst.grst.g7serrst.rd_rst_asreg_reg/C
                         clock pessimism             -0.987     3.859    
    SLICE_X83Y9          FDPE (Remov_DFF2_SLICEM_C_PRE)
                                                      0.005     3.864    dbg_hub/inst/BSCANID.u_xsdbm_id/CORE_XSDB.UUT_MASTER/U_ICON_INTERFACE/U_CMD6_RD/U_RD_FIFO/SUBCORE_FIFO.xsdbm_v3_0_5_rdfifo_inst/inst_fifo_gen/gconvfifo.rf/grf.rf/rstblk/ngwrdrst.grst.g7serrst.rd_rst_asreg_reg
  -------------------------------------------------------------------
                         required time                         -3.864    
                         arrival time                           4.005    
  -------------------------------------------------------------------
                         slack                                  0.141    





---------------------------------------------------------------------------------------------------
Path Group:  **async_default**
From Clock:  hdmi_i2c_driver
  To Clock:  hdmi_i2c_driver

Setup :            0  Failing Endpoints,  Worst Slack      994.852ns,  Total Violation        0.000ns
Hold  :            0  Failing Endpoints,  Worst Slack        0.735ns,  Total Violation        0.000ns
---------------------------------------------------------------------------------------------------


Max Delay Paths
--------------------------------------------------------------------------------------
Slack (MET) :             994.852ns  (required time - arrival time)
  Source:                 u_config/u_i2c_ms7210_cfg/rstn_1ms_reg[12]/C
                            (rising edge-triggered cell FDRE clocked by hdmi_i2c_driver  {rise@0.000ns fall@499.800ns period=999.600ns})
  Destination:            u_config/u_i2c_ms7210_cfg/i2c_data_reg[8]/CLR
                            (recovery check against rising-edge clock hdmi_i2c_driver  {rise@0.000ns fall@499.800ns period=999.600ns})
  Path Group:             **async_default**
  Path Type:              Recovery (Max at Slow Process Corner)
  Requirement:            999.600ns  (hdmi_i2c_driver rise@999.600ns - hdmi_i2c_driver rise@0.000ns)
  Data Path Delay:        4.328ns  (logic 0.723ns (16.705%)  route 3.605ns (83.295%))
  Logic Levels:           4  (LUT2=1 LUT4=1 LUT5=1 LUT6=1)
  Clock Path Skew:        -0.243ns (DCD - SCD + CPR)
    Destination Clock Delay (DCD):    7.041ns = ( 1006.641 - 999.600 ) 
    Source Clock Delay      (SCD):    7.793ns
    Clock Pessimism Removal (CPR):    0.509ns
  Clock Uncertainty:      0.095ns  ((TSJ^2 + DJ^2)^1/2) / 2 + PE
    Total System Jitter     (TSJ):    0.071ns
    Discrete Jitter          (DJ):    0.176ns
    Phase Error              (PE):    0.000ns
  Clock Net Delay (Source):      1.310ns (routing 0.002ns, distribution 1.308ns)
  Clock Net Delay (Destination): 1.045ns (routing 0.002ns, distribution 1.043ns)

    Location             Delay type                Incr(ns)  Path(ns)    Netlist Resource(s)
  -------------------------------------------------------------------    -------------------
                         (clock hdmi_i2c_driver rise edge)
                                                      0.000     0.000 r  
    AK17                                              0.000     0.000 r  sys_clk_p (IN)
                         net (fo=0)                   0.001     0.001    u_ddr4/inst/u_ddr4_mem_intfc/u_mig_ddr4_phy/inst/u_ddr4_phy_pll/diff_input_clk.u_ibufg_sys_clk/I
    HPIOBDIFFINBUF_X1Y35 DIFFINBUF (Prop_DIFFINBUF_HPIOBDIFFINBUF_DIFF_IN_P_O)
                                                      0.534     0.535 r  u_ddr4/inst/u_ddr4_mem_intfc/u_mig_ddr4_phy/inst/u_ddr4_phy_pll/diff_input_clk.u_ibufg_sys_clk/DIFFINBUF_INST/O
                         net (fo=1, routed)           0.090     0.625    u_ddr4/inst/u_ddr4_mem_intfc/u_mig_ddr4_phy/inst/u_ddr4_phy_pll/diff_input_clk.u_ibufg_sys_clk/OUT
    AK17                 IBUFCTRL (Prop_IBUFCTRL_HPIOB_I_O)
                                                      0.000     0.625 r  u_ddr4/inst/u_ddr4_mem_intfc/u_mig_ddr4_phy/inst/u_ddr4_phy_pll/diff_input_clk.u_ibufg_sys_clk/IBUFCTRL_INST/O
                         net (fo=2, routed)           0.865     1.490    u_ddr4/inst/u_ddr4_infrastructure/mmcm_clk_in
    MMCME3_ADV_X1Y1      MMCME3_ADV (Prop_MMCME3_ADV_CLKIN1_CLKOUT3)
                                                     -0.121     1.369 r  u_ddr4/inst/u_ddr4_infrastructure/gen_mmcme3.u_mmcme_adv_inst/CLKOUT3
                         net (fo=1, routed)           0.437     1.806    u_ddr4/inst/u_ddr4_infrastructure/mmcm_clkout3
    BUFGCE_X1Y28         BUFGCE (Prop_BUFCE_BUFGCE_I_O)
                                                      0.083     1.889 r  u_ddr4/inst/u_ddr4_infrastructure/u_bufg_addn_ui_clk_3/O
                         net (fo=15, routed)          2.009     3.898    u_config/u_i2c_dri/addn_ui_clkout3
    SLICE_X89Y149        FDCE (Prop_HFF2_SLICEM_C_Q)
                                                      0.117     4.015 r  u_config/u_i2c_dri/dri_clk_reg/Q
                         net (fo=2, routed)           2.385     6.400    u_config_n_3
    BUFGCE_X2Y9          BUFGCE (Prop_BUFCE_BUFGCE_I_O)
                                                      0.083     6.483 r  FSM_onehot_cur_state_reg[5]_i_2/O
    X4Y0 (CLOCK_ROOT)    net (fo=114, routed)         1.310     7.793    u_config/u_i2c_ms7210_cfg/i2c_dri_clk
    SLICE_X82Y30         FDRE                                         r  u_config/u_i2c_ms7210_cfg/rstn_1ms_reg[12]/C
  -------------------------------------------------------------------    -------------------
    SLICE_X82Y30         FDRE (Prop_HFF_SLICEM_C_Q)
                                                      0.114     7.907 f  u_config/u_i2c_ms7210_cfg/rstn_1ms_reg[12]/Q
                         net (fo=5, routed)           0.472     8.379    u_config/u_i2c_ms7210_cfg/rstn_1ms_reg_n_0_[12]
    SLICE_X82Y31         LUT4 (Prop_F6LUT_SLICEM_I1_O)
                                                      0.178     8.557 f  u_config/u_i2c_ms7210_cfg/rstn_out_OBUF_inst_i_5/O
                         net (fo=1, routed)           0.200     8.757    u_config/u_i2c_ms7210_cfg/rstn_out_OBUF_inst_i_5_n_0
    SLICE_X82Y33         LUT5 (Prop_E6LUT_SLICEM_I4_O)
                                                      0.117     8.874 f  u_config/u_i2c_ms7210_cfg/rstn_out_OBUF_inst_i_4/O
                         net (fo=1, routed)           0.218     9.092    u_config/u_i2c_ms7210_cfg/rstn_out_OBUF_inst_i_4_n_0
    SLICE_X82Y33         LUT6 (Prop_F6LUT_SLICEM_I5_O)
                                                      0.178     9.270 f  u_config/u_i2c_ms7210_cfg/rstn_out_OBUF_inst_i_2/O
                         net (fo=3, routed)           0.144     9.414    rc/init_reg_cnt_reg[7]
    SLICE_X82Y34         LUT2 (Prop_D5LUT_SLICEM_I1_O)
                                                      0.136     9.550 f  rc/i2c_exec_i_2/O
                         net (fo=57, routed)          2.571    12.121    u_config/u_i2c_ms7210_cfg/init_reg_cnt_reg[7]_0
    SLICE_X96Y11         FDCE                                         f  u_config/u_i2c_ms7210_cfg/i2c_data_reg[8]/CLR
  -------------------------------------------------------------------    -------------------

                         (clock hdmi_i2c_driver rise edge)
                                                    999.600   999.600 r  
    AK17                                              0.000   999.600 r  sys_clk_p (IN)
                         net (fo=0)                   0.001   999.601    u_ddr4/inst/u_ddr4_mem_intfc/u_mig_ddr4_phy/inst/u_ddr4_phy_pll/diff_input_clk.u_ibufg_sys_clk/I
    HPIOBDIFFINBUF_X1Y35 DIFFINBUF (Prop_DIFFINBUF_HPIOBDIFFINBUF_DIFF_IN_P_O)
                                                      0.377   999.978 r  u_ddr4/inst/u_ddr4_mem_intfc/u_mig_ddr4_phy/inst/u_ddr4_phy_pll/diff_input_clk.u_ibufg_sys_clk/DIFFINBUF_INST/O
                         net (fo=1, routed)           0.051  1000.029    u_ddr4/inst/u_ddr4_mem_intfc/u_mig_ddr4_phy/inst/u_ddr4_phy_pll/diff_input_clk.u_ibufg_sys_clk/OUT
    AK17                 IBUFCTRL (Prop_IBUFCTRL_HPIOB_I_O)
                                                      0.000  1000.029 r  u_ddr4/inst/u_ddr4_mem_intfc/u_mig_ddr4_phy/inst/u_ddr4_phy_pll/diff_input_clk.u_ibufg_sys_clk/IBUFCTRL_INST/O
                         net (fo=2, routed)           0.778  1000.807    u_ddr4/inst/u_ddr4_infrastructure/mmcm_clk_in
    MMCME3_ADV_X1Y1      MMCME3_ADV (Prop_MMCME3_ADV_CLKIN1_CLKOUT3)
                                                      0.445  1001.252 r  u_ddr4/inst/u_ddr4_infrastructure/gen_mmcme3.u_mmcme_adv_inst/CLKOUT3
                         net (fo=1, routed)           0.372  1001.624    u_ddr4/inst/u_ddr4_infrastructure/mmcm_clkout3
    BUFGCE_X1Y28         BUFGCE (Prop_BUFCE_BUFGCE_I_O)
                                                      0.075  1001.699 r  u_ddr4/inst/u_ddr4_infrastructure/u_bufg_addn_ui_clk_3/O
                         net (fo=15, routed)          1.788  1003.487    u_config/u_i2c_dri/addn_ui_clkout3
    SLICE_X89Y149        FDCE (Prop_HFF2_SLICEM_C_Q)
                                                      0.106  1003.593 r  u_config/u_i2c_dri/dri_clk_reg/Q
                         net (fo=2, routed)           1.928  1005.521    u_config_n_3
    BUFGCE_X2Y9          BUFGCE (Prop_BUFCE_BUFGCE_I_O)
                                                      0.075  1005.596 r  FSM_onehot_cur_state_reg[5]_i_2/O
    X4Y0 (CLOCK_ROOT)    net (fo=114, routed)         1.045  1006.641    u_config/u_i2c_ms7210_cfg/i2c_dri_clk
    SLICE_X96Y11         FDCE                                         r  u_config/u_i2c_ms7210_cfg/i2c_data_reg[8]/C
                         clock pessimism              0.509  1007.150    
                         clock uncertainty           -0.095  1007.055    
    SLICE_X96Y11         FDCE (Recov_DFF_SLICEL_C_CLR)
                                                     -0.082  1006.973    u_config/u_i2c_ms7210_cfg/i2c_data_reg[8]
  -------------------------------------------------------------------
                         required time                       1006.973    
                         arrival time                         -12.121    
  -------------------------------------------------------------------
                         slack                                994.852    





Min Delay Paths
--------------------------------------------------------------------------------------
Slack (MET) :             0.735ns  (arrival time - required time)
  Source:                 u_config/u_i2c_ms7210_cfg/rstn_1ms_reg[15]/C
                            (rising edge-triggered cell FDRE clocked by hdmi_i2c_driver  {rise@0.000ns fall@499.800ns period=999.600ns})
  Destination:            u_config/u_i2c_ms7210_cfg/cfg_delay_cnt_reg[0]/CLR
                            (removal check against rising-edge clock hdmi_i2c_driver  {rise@0.000ns fall@499.800ns period=999.600ns})
  Path Group:             **async_default**
  Path Type:              Removal (Min at Fast Process Corner)
  Requirement:            0.000ns  (hdmi_i2c_driver rise@0.000ns - hdmi_i2c_driver rise@0.000ns)
  Data Path Delay:        0.820ns  (logic 0.121ns (14.756%)  route 0.699ns (85.244%))
  Logic Levels:           2  (LUT2=1 LUT6=1)
  Clock Path Skew:        0.080ns (DCD - SCD - CPR)
    Destination Clock Delay (DCD):    4.271ns
    Source Clock Delay      (SCD):    3.805ns
    Clock Pessimism Removal (CPR):    0.386ns
  Clock Net Delay (Source):      0.563ns (routing 0.002ns, distribution 0.561ns)
  Clock Net Delay (Destination): 0.666ns (routing 0.002ns, distribution 0.664ns)

    Location             Delay type                Incr(ns)  Path(ns)    Netlist Resource(s)
  -------------------------------------------------------------------    -------------------
                         (clock hdmi_i2c_driver rise edge)
                                                      0.000     0.000 r  
    AK17                                              0.000     0.000 r  sys_clk_p (IN)
                         net (fo=0)                   0.001     0.001    u_ddr4/inst/u_ddr4_mem_intfc/u_mig_ddr4_phy/inst/u_ddr4_phy_pll/diff_input_clk.u_ibufg_sys_clk/I
    HPIOBDIFFINBUF_X1Y35 DIFFINBUF (Prop_DIFFINBUF_HPIOBDIFFINBUF_DIFF_IN_P_O)
                                                      0.238     0.239 r  u_ddr4/inst/u_ddr4_mem_intfc/u_mig_ddr4_phy/inst/u_ddr4_phy_pll/diff_input_clk.u_ibufg_sys_clk/DIFFINBUF_INST/O
                         net (fo=1, routed)           0.028     0.267    u_ddr4/inst/u_ddr4_mem_intfc/u_mig_ddr4_phy/inst/u_ddr4_phy_pll/diff_input_clk.u_ibufg_sys_clk/OUT
    AK17                 IBUFCTRL (Prop_IBUFCTRL_HPIOB_I_O)
                                                      0.000     0.267 r  u_ddr4/inst/u_ddr4_mem_intfc/u_mig_ddr4_phy/inst/u_ddr4_phy_pll/diff_input_clk.u_ibufg_sys_clk/IBUFCTRL_INST/O
                         net (fo=2, routed)           0.405     0.672    u_ddr4/inst/u_ddr4_infrastructure/mmcm_clk_in
    MMCME3_ADV_X1Y1      MMCME3_ADV (Prop_MMCME3_ADV_CLKIN1_CLKOUT3)
                                                      0.270     0.942 r  u_ddr4/inst/u_ddr4_infrastructure/gen_mmcme3.u_mmcme_adv_inst/CLKOUT3
                         net (fo=1, routed)           0.167     1.109    u_ddr4/inst/u_ddr4_infrastructure/mmcm_clkout3
    BUFGCE_X1Y28         BUFGCE (Prop_BUFCE_BUFGCE_I_O)
                                                      0.027     1.136 r  u_ddr4/inst/u_ddr4_infrastructure/u_bufg_addn_ui_clk_3/O
                         net (fo=15, routed)          0.868     2.004    u_config/u_i2c_dri/addn_ui_clkout3
    SLICE_X89Y149        FDCE (Prop_HFF2_SLICEM_C_Q)
                                                      0.048     2.052 r  u_config/u_i2c_dri/dri_clk_reg/Q
                         net (fo=2, routed)           1.163     3.215    u_config_n_3
    BUFGCE_X2Y9          BUFGCE (Prop_BUFCE_BUFGCE_I_O)
                                                      0.027     3.242 r  FSM_onehot_cur_state_reg[5]_i_2/O
    X4Y0 (CLOCK_ROOT)    net (fo=114, routed)         0.563     3.805    u_config/u_i2c_ms7210_cfg/i2c_dri_clk
    SLICE_X82Y30         FDRE                                         r  u_config/u_i2c_ms7210_cfg/rstn_1ms_reg[15]/C
  -------------------------------------------------------------------    -------------------
    SLICE_X82Y30         FDRE (Prop_HFF2_SLICEM_C_Q)
                                                      0.048     3.853 f  u_config/u_i2c_ms7210_cfg/rstn_1ms_reg[15]/Q
                         net (fo=2, routed)           0.112     3.965    u_config/u_i2c_ms7210_cfg/rstn_1ms_reg_n_0_[15]
    SLICE_X82Y33         LUT6 (Prop_F6LUT_SLICEM_I4_O)
                                                      0.016     3.981 f  u_config/u_i2c_ms7210_cfg/rstn_out_OBUF_inst_i_2/O
                         net (fo=3, routed)           0.072     4.053    rc/init_reg_cnt_reg[7]
    SLICE_X82Y34         LUT2 (Prop_D5LUT_SLICEM_I1_O)
                                                      0.057     4.110 f  rc/i2c_exec_i_2/O
                         net (fo=57, routed)          0.515     4.625    u_config/u_i2c_ms7210_cfg/init_reg_cnt_reg[7]_0
    SLICE_X85Y2          FDCE                                         f  u_config/u_i2c_ms7210_cfg/cfg_delay_cnt_reg[0]/CLR
  -------------------------------------------------------------------    -------------------

                         (clock hdmi_i2c_driver rise edge)
                                                      0.000     0.000 r  
    AK17                                              0.000     0.000 r  sys_clk_p (IN)
                         net (fo=0)                   0.001     0.001    u_ddr4/inst/u_ddr4_mem_intfc/u_mig_ddr4_phy/inst/u_ddr4_phy_pll/diff_input_clk.u_ibufg_sys_clk/I
    HPIOBDIFFINBUF_X1Y35 DIFFINBUF (Prop_DIFFINBUF_HPIOBDIFFINBUF_DIFF_IN_P_O)
                                                      0.421     0.422 r  u_ddr4/inst/u_ddr4_mem_intfc/u_mig_ddr4_phy/inst/u_ddr4_phy_pll/diff_input_clk.u_ibufg_sys_clk/DIFFINBUF_INST/O
                         net (fo=1, routed)           0.048     0.470    u_ddr4/inst/u_ddr4_mem_intfc/u_mig_ddr4_phy/inst/u_ddr4_phy_pll/diff_input_clk.u_ibufg_sys_clk/OUT
    AK17                 IBUFCTRL (Prop_IBUFCTRL_HPIOB_I_O)
                                                      0.000     0.470 r  u_ddr4/inst/u_ddr4_mem_intfc/u_mig_ddr4_phy/inst/u_ddr4_phy_pll/diff_input_clk.u_ibufg_sys_clk/IBUFCTRL_INST/O
                         net (fo=2, routed)           0.457     0.927    u_ddr4/inst/u_ddr4_infrastructure/mmcm_clk_in
    MMCME3_ADV_X1Y1      MMCME3_ADV (Prop_MMCME3_ADV_CLKIN1_CLKOUT3)
                                                     -0.207     0.720 r  u_ddr4/inst/u_ddr4_infrastructure/gen_mmcme3.u_mmcme_adv_inst/CLKOUT3
                         net (fo=1, routed)           0.209     0.929    u_ddr4/inst/u_ddr4_infrastructure/mmcm_clkout3
    BUFGCE_X1Y28         BUFGCE (Prop_BUFCE_BUFGCE_I_O)
                                                      0.031     0.960 r  u_ddr4/inst/u_ddr4_infrastructure/u_bufg_addn_ui_clk_3/O
                         net (fo=15, routed)          1.019     1.979    u_config/u_i2c_dri/addn_ui_clkout3
    SLICE_X89Y149        FDCE (Prop_HFF2_SLICEM_C_Q)
                                                      0.063     2.042 r  u_config/u_i2c_dri/dri_clk_reg/Q
                         net (fo=2, routed)           1.532     3.574    u_config_n_3
    BUFGCE_X2Y9          BUFGCE (Prop_BUFCE_BUFGCE_I_O)
                                                      0.031     3.605 r  FSM_onehot_cur_state_reg[5]_i_2/O
    X4Y0 (CLOCK_ROOT)    net (fo=114, routed)         0.666     4.271    u_config/u_i2c_ms7210_cfg/i2c_dri_clk
    SLICE_X85Y2          FDCE                                         r  u_config/u_i2c_ms7210_cfg/cfg_delay_cnt_reg[0]/C
                         clock pessimism             -0.386     3.885    
    SLICE_X85Y2          FDCE (Remov_AFF2_SLICEM_C_CLR)
                                                      0.005     3.890    u_config/u_i2c_ms7210_cfg/cfg_delay_cnt_reg[0]
  -------------------------------------------------------------------
                         required time                         -3.890    
                         arrival time                           4.625    
  -------------------------------------------------------------------
                         slack                                  0.735    





---------------------------------------------------------------------------------------------------
Path Group:  **async_default**
From Clock:  mmcm_clkout3
  To Clock:  hdmi_i2c_driver

Setup :            0  Failing Endpoints,  Worst Slack       95.200ns,  Total Violation        0.000ns
Hold  :            0  Failing Endpoints,  Worst Slack        0.133ns,  Total Violation        0.000ns
---------------------------------------------------------------------------------------------------


Max Delay Paths
--------------------------------------------------------------------------------------
Slack (MET) :             95.200ns  (required time - arrival time)
  Source:                 rc/u_reset/arststages_ff_reg[3]/C
                            (rising edge-triggered cell FDCE clocked by mmcm_clkout3  {rise@0.000ns fall@49.980ns period=99.960ns})
  Destination:            u_config/u_i2c_ms7210_cfg/i2c_data_reg[8]/CLR
                            (recovery check against rising-edge clock hdmi_i2c_driver  {rise@0.000ns fall@499.800ns period=999.600ns})
  Path Group:             **async_default**
  Path Type:              Recovery (Max at Slow Process Corner)
  Requirement:            99.960ns  (hdmi_i2c_driver rise@999.600ns - mmcm_clkout3 rise@899.640ns)
  Data Path Delay:        7.587ns  (logic 0.327ns (4.310%)  route 7.260ns (95.690%))
  Logic Levels:           1  (LUT2=1)
  Clock Path Skew:        3.004ns (DCD - SCD + CPR)
    Destination Clock Delay (DCD):    7.041ns = ( 1006.641 - 999.600 ) 
    Source Clock Delay      (SCD):    3.883ns = ( 903.523 - 899.640 ) 
    Clock Pessimism Removal (CPR):    -0.154ns
  Clock Uncertainty:      0.095ns  ((TSJ^2 + DJ^2)^1/2) / 2 + PE
    Total System Jitter     (TSJ):    0.071ns
    Discrete Jitter          (DJ):    0.176ns
    Phase Error              (PE):    0.000ns
  Clock Net Delay (Source):      1.994ns (routing 0.712ns, distribution 1.282ns)
  Clock Net Delay (Destination): 1.045ns (routing 0.002ns, distribution 1.043ns)

    Location             Delay type                Incr(ns)  Path(ns)    Netlist Resource(s)
  -------------------------------------------------------------------    -------------------
                         (clock mmcm_clkout3 rise edge)
                                                    899.640   899.640 r  
    AK17                                              0.000   899.640 r  sys_clk_p (IN)
                         net (fo=0)                   0.001   899.641    u_ddr4/inst/u_ddr4_mem_intfc/u_mig_ddr4_phy/inst/u_ddr4_phy_pll/diff_input_clk.u_ibufg_sys_clk/I
    HPIOBDIFFINBUF_X1Y35 DIFFINBUF (Prop_DIFFINBUF_HPIOBDIFFINBUF_DIFF_IN_P_O)
                                                      0.534   900.175 r  u_ddr4/inst/u_ddr4_mem_intfc/u_mig_ddr4_phy/inst/u_ddr4_phy_pll/diff_input_clk.u_ibufg_sys_clk/DIFFINBUF_INST/O
                         net (fo=1, routed)           0.090   900.265    u_ddr4/inst/u_ddr4_mem_intfc/u_mig_ddr4_phy/inst/u_ddr4_phy_pll/diff_input_clk.u_ibufg_sys_clk/OUT
    AK17                 IBUFCTRL (Prop_IBUFCTRL_HPIOB_I_O)
                                                      0.000   900.265 r  u_ddr4/inst/u_ddr4_mem_intfc/u_mig_ddr4_phy/inst/u_ddr4_phy_pll/diff_input_clk.u_ibufg_sys_clk/IBUFCTRL_INST/O
                         net (fo=2, routed)           0.865   901.130    u_ddr4/inst/u_ddr4_infrastructure/mmcm_clk_in
    MMCME3_ADV_X1Y1      MMCME3_ADV (Prop_MMCME3_ADV_CLKIN1_CLKOUT3)
                                                     -0.121   901.009 r  u_ddr4/inst/u_ddr4_infrastructure/gen_mmcme3.u_mmcme_adv_inst/CLKOUT3
                         net (fo=1, routed)           0.437   901.446    u_ddr4/inst/u_ddr4_infrastructure/mmcm_clkout3
    BUFGCE_X1Y28         BUFGCE (Prop_BUFCE_BUFGCE_I_O)
                                                      0.083   901.529 r  u_ddr4/inst/u_ddr4_infrastructure/u_bufg_addn_ui_clk_3/O
    X3Y1 (CLOCK_ROOT)    net (fo=15, routed)          1.994   903.523    rc/u_reset/dest_clk
    SLICE_X90Y106        FDCE                                         r  rc/u_reset/arststages_ff_reg[3]/C
  -------------------------------------------------------------------    -------------------
    SLICE_X90Y106        FDCE (Prop_CFF2_SLICEM_C_Q)
                                                      0.117   903.640 r  rc/u_reset/arststages_ff_reg[3]/Q
                         net (fo=70, routed)          4.689   908.329    rc/cfg_reset_n
    SLICE_X82Y34         LUT2 (Prop_D5LUT_SLICEM_I0_O)
                                                      0.210   908.539 f  rc/i2c_exec_i_2/O
                         net (fo=57, routed)          2.571   911.110    u_config/u_i2c_ms7210_cfg/init_reg_cnt_reg[7]_0
    SLICE_X96Y11         FDCE                                         f  u_config/u_i2c_ms7210_cfg/i2c_data_reg[8]/CLR
  -------------------------------------------------------------------    -------------------

                         (clock hdmi_i2c_driver rise edge)
                                                    999.600   999.600 r  
    AK17                                              0.000   999.600 r  sys_clk_p (IN)
                         net (fo=0)                   0.001   999.601    u_ddr4/inst/u_ddr4_mem_intfc/u_mig_ddr4_phy/inst/u_ddr4_phy_pll/diff_input_clk.u_ibufg_sys_clk/I
    HPIOBDIFFINBUF_X1Y35 DIFFINBUF (Prop_DIFFINBUF_HPIOBDIFFINBUF_DIFF_IN_P_O)
                                                      0.377   999.978 r  u_ddr4/inst/u_ddr4_mem_intfc/u_mig_ddr4_phy/inst/u_ddr4_phy_pll/diff_input_clk.u_ibufg_sys_clk/DIFFINBUF_INST/O
                         net (fo=1, routed)           0.051  1000.029    u_ddr4/inst/u_ddr4_mem_intfc/u_mig_ddr4_phy/inst/u_ddr4_phy_pll/diff_input_clk.u_ibufg_sys_clk/OUT
    AK17                 IBUFCTRL (Prop_IBUFCTRL_HPIOB_I_O)
                                                      0.000  1000.029 r  u_ddr4/inst/u_ddr4_mem_intfc/u_mig_ddr4_phy/inst/u_ddr4_phy_pll/diff_input_clk.u_ibufg_sys_clk/IBUFCTRL_INST/O
                         net (fo=2, routed)           0.778  1000.807    u_ddr4/inst/u_ddr4_infrastructure/mmcm_clk_in
    MMCME3_ADV_X1Y1      MMCME3_ADV (Prop_MMCME3_ADV_CLKIN1_CLKOUT3)
                                                      0.445  1001.252 r  u_ddr4/inst/u_ddr4_infrastructure/gen_mmcme3.u_mmcme_adv_inst/CLKOUT3
                         net (fo=1, routed)           0.372  1001.624    u_ddr4/inst/u_ddr4_infrastructure/mmcm_clkout3
    BUFGCE_X1Y28         BUFGCE (Prop_BUFCE_BUFGCE_I_O)
                                                      0.075  1001.699 r  u_ddr4/inst/u_ddr4_infrastructure/u_bufg_addn_ui_clk_3/O
                         net (fo=15, routed)          1.788  1003.487    u_config/u_i2c_dri/addn_ui_clkout3
    SLICE_X89Y149        FDCE (Prop_HFF2_SLICEM_C_Q)
                                                      0.106  1003.593 r  u_config/u_i2c_dri/dri_clk_reg/Q
                         net (fo=2, routed)           1.928  1005.521    u_config_n_3
    BUFGCE_X2Y9          BUFGCE (Prop_BUFCE_BUFGCE_I_O)
                                                      0.075  1005.596 r  FSM_onehot_cur_state_reg[5]_i_2/O
    X4Y0 (CLOCK_ROOT)    net (fo=114, routed)         1.045  1006.641    u_config/u_i2c_ms7210_cfg/i2c_dri_clk
    SLICE_X96Y11         FDCE                                         r  u_config/u_i2c_ms7210_cfg/i2c_data_reg[8]/C
                         clock pessimism             -0.154  1006.487    
                         clock uncertainty           -0.095  1006.392    
    SLICE_X96Y11         FDCE (Recov_DFF_SLICEL_C_CLR)
                                                     -0.082  1006.310    u_config/u_i2c_ms7210_cfg/i2c_data_reg[8]
  -------------------------------------------------------------------
                         required time                       1006.310    
                         arrival time                        -911.110    
  -------------------------------------------------------------------
                         slack                                 95.200    





Min Delay Paths
--------------------------------------------------------------------------------------
Slack (MET) :             0.133ns  (arrival time - required time)
  Source:                 rc/u_reset/arststages_ff_reg[3]/C
                            (rising edge-triggered cell FDCE clocked by mmcm_clkout3  {rise@0.000ns fall@49.980ns period=99.960ns})
  Destination:            u_config/u_i2c_dri/cnt_reg[1]/CLR
                            (removal check against rising-edge clock hdmi_i2c_driver  {rise@0.000ns fall@499.800ns period=999.600ns})
  Path Group:             **async_default**
  Path Type:              Removal (Min at Slow Process Corner)
  Requirement:            0.000ns  (hdmi_i2c_driver rise@0.000ns - mmcm_clkout3 rise@0.000ns)
  Data Path Delay:        4.245ns  (logic 0.107ns (2.521%)  route 4.138ns (97.479%))
  Logic Levels:           0  
  Clock Path Skew:        4.096ns (DCD - SCD - CPR)
    Destination Clock Delay (DCD):    7.814ns
    Source Clock Delay      (SCD):    3.872ns
    Clock Pessimism Removal (CPR):    -0.154ns
  Clock Net Delay (Source):      1.773ns (routing 0.656ns, distribution 1.117ns)
  Clock Net Delay (Destination): 1.331ns (routing 0.002ns, distribution 1.329ns)

    Location             Delay type                Incr(ns)  Path(ns)    Netlist Resource(s)
  -------------------------------------------------------------------    -------------------
                         (clock mmcm_clkout3 rise edge)
                                                      0.000     0.000 r  
    AK17                                              0.000     0.000 r  sys_clk_p (IN)
                         net (fo=0)                   0.001     0.001    u_ddr4/inst/u_ddr4_mem_intfc/u_mig_ddr4_phy/inst/u_ddr4_phy_pll/diff_input_clk.u_ibufg_sys_clk/I
    HPIOBDIFFINBUF_X1Y35 DIFFINBUF (Prop_DIFFINBUF_HPIOBDIFFINBUF_DIFF_IN_P_O)
                                                      0.377     0.378 r  u_ddr4/inst/u_ddr4_mem_intfc/u_mig_ddr4_phy/inst/u_ddr4_phy_pll/diff_input_clk.u_ibufg_sys_clk/DIFFINBUF_INST/O
                         net (fo=1, routed)           0.051     0.429    u_ddr4/inst/u_ddr4_mem_intfc/u_mig_ddr4_phy/inst/u_ddr4_phy_pll/diff_input_clk.u_ibufg_sys_clk/OUT
    AK17                 IBUFCTRL (Prop_IBUFCTRL_HPIOB_I_O)
                                                      0.000     0.429 r  u_ddr4/inst/u_ddr4_mem_intfc/u_mig_ddr4_phy/inst/u_ddr4_phy_pll/diff_input_clk.u_ibufg_sys_clk/IBUFCTRL_INST/O
                         net (fo=2, routed)           0.778     1.207    u_ddr4/inst/u_ddr4_infrastructure/mmcm_clk_in
    MMCME3_ADV_X1Y1      MMCME3_ADV (Prop_MMCME3_ADV_CLKIN1_CLKOUT3)
                                                      0.445     1.652 r  u_ddr4/inst/u_ddr4_infrastructure/gen_mmcme3.u_mmcme_adv_inst/CLKOUT3
                         net (fo=1, routed)           0.372     2.024    u_ddr4/inst/u_ddr4_infrastructure/mmcm_clkout3
    BUFGCE_X1Y28         BUFGCE (Prop_BUFCE_BUFGCE_I_O)
                                                      0.075     2.099 r  u_ddr4/inst/u_ddr4_infrastructure/u_bufg_addn_ui_clk_3/O
    X3Y1 (CLOCK_ROOT)    net (fo=15, routed)          1.773     3.872    rc/u_reset/dest_clk
    SLICE_X90Y106        FDCE                                         r  rc/u_reset/arststages_ff_reg[3]/C
  -------------------------------------------------------------------    -------------------
    SLICE_X90Y106        FDCE (Prop_CFF2_SLICEM_C_Q)
                                                      0.107     3.979 r  rc/u_reset/arststages_ff_reg[3]/Q
                         net (fo=70, routed)          4.138     8.117    u_config/u_i2c_dri/p_0_in
    SLICE_X82Y10         FDCE                                         f  u_config/u_i2c_dri/cnt_reg[1]/CLR  (IS_INVERTED)
  -------------------------------------------------------------------    -------------------

                         (clock hdmi_i2c_driver rise edge)
                                                      0.000     0.000 r  
    AK17                                              0.000     0.000 r  sys_clk_p (IN)
                         net (fo=0)                   0.001     0.001    u_ddr4/inst/u_ddr4_mem_intfc/u_mig_ddr4_phy/inst/u_ddr4_phy_pll/diff_input_clk.u_ibufg_sys_clk/I
    HPIOBDIFFINBUF_X1Y35 DIFFINBUF (Prop_DIFFINBUF_HPIOBDIFFINBUF_DIFF_IN_P_O)
                                                      0.534     0.535 r  u_ddr4/inst/u_ddr4_mem_intfc/u_mig_ddr4_phy/inst/u_ddr4_phy_pll/diff_input_clk.u_ibufg_sys_clk/DIFFINBUF_INST/O
                         net (fo=1, routed)           0.090     0.625    u_ddr4/inst/u_ddr4_mem_intfc/u_mig_ddr4_phy/inst/u_ddr4_phy_pll/diff_input_clk.u_ibufg_sys_clk/OUT
    AK17                 IBUFCTRL (Prop_IBUFCTRL_HPIOB_I_O)
                                                      0.000     0.625 r  u_ddr4/inst/u_ddr4_mem_intfc/u_mig_ddr4_phy/inst/u_ddr4_phy_pll/diff_input_clk.u_ibufg_sys_clk/IBUFCTRL_INST/O
                         net (fo=2, routed)           0.865     1.490    u_ddr4/inst/u_ddr4_infrastructure/mmcm_clk_in
    MMCME3_ADV_X1Y1      MMCME3_ADV (Prop_MMCME3_ADV_CLKIN1_CLKOUT3)
                                                     -0.121     1.369 r  u_ddr4/inst/u_ddr4_infrastructure/gen_mmcme3.u_mmcme_adv_inst/CLKOUT3
                         net (fo=1, routed)           0.437     1.806    u_ddr4/inst/u_ddr4_infrastructure/mmcm_clkout3
    BUFGCE_X1Y28         BUFGCE (Prop_BUFCE_BUFGCE_I_O)
                                                      0.083     1.889 r  u_ddr4/inst/u_ddr4_infrastructure/u_bufg_addn_ui_clk_3/O
                         net (fo=15, routed)          2.009     3.898    u_config/u_i2c_dri/addn_ui_clkout3
    SLICE_X89Y149        FDCE (Prop_HFF2_SLICEM_C_Q)
                                                      0.117     4.015 r  u_config/u_i2c_dri/dri_clk_reg/Q
                         net (fo=2, routed)           2.385     6.400    u_config_n_3
    BUFGCE_X2Y9          BUFGCE (Prop_BUFCE_BUFGCE_I_O)
                                                      0.083     6.483 r  FSM_onehot_cur_state_reg[5]_i_2/O
    X4Y0 (CLOCK_ROOT)    net (fo=114, routed)         1.331     7.814    u_config/u_i2c_dri/i2c_dri_clk
    SLICE_X82Y10         FDCE                                         r  u_config/u_i2c_dri/cnt_reg[1]/C
                         clock pessimism              0.154     7.968    
    SLICE_X82Y10         FDCE (Remov_EFF_SLICEM_C_CLR)
                                                      0.016     7.984    u_config/u_i2c_dri/cnt_reg[1]
  -------------------------------------------------------------------
                         required time                         -7.984    
                         arrival time                           8.117    
  -------------------------------------------------------------------
                         slack                                  0.133    





---------------------------------------------------------------------------------------------------
Path Group:  **async_default**
From Clock:  mmcm_clkout3
  To Clock:  mmcm_clkout3

Setup :            0  Failing Endpoints,  Worst Slack       98.436ns,  Total Violation        0.000ns
Hold  :            0  Failing Endpoints,  Worst Slack        0.323ns,  Total Violation        0.000ns
---------------------------------------------------------------------------------------------------


Max Delay Paths
--------------------------------------------------------------------------------------
Slack (MET) :             98.436ns  (required time - arrival time)
  Source:                 rc/u_reset/arststages_ff_reg[3]/C
                            (rising edge-triggered cell FDCE clocked by mmcm_clkout3  {rise@0.000ns fall@49.980ns period=99.960ns})
  Destination:            u_config/u_i2c_dri/clk_cnt_reg[6]/CLR
                            (recovery check against rising-edge clock mmcm_clkout3  {rise@0.000ns fall@49.980ns period=99.960ns})
  Path Group:             **async_default**
  Path Type:              Recovery (Max at Slow Process Corner)
  Requirement:            99.960ns  (mmcm_clkout3 rise@99.960ns - mmcm_clkout3 rise@0.000ns)
  Data Path Delay:        1.189ns  (logic 0.117ns (9.840%)  route 1.072ns (90.160%))
  Logic Levels:           0  
  Clock Path Skew:        -0.158ns (DCD - SCD + CPR)
    Destination Clock Delay (DCD):    3.879ns = ( 103.839 - 99.960 ) 
    Source Clock Delay      (SCD):    3.883ns
    Clock Pessimism Removal (CPR):    -0.154ns
  Clock Uncertainty:      0.095ns  ((TSJ^2 + DJ^2)^1/2) / 2 + PE
    Total System Jitter     (TSJ):    0.071ns
    Discrete Jitter          (DJ):    0.176ns
    Phase Error              (PE):    0.000ns
  Clock Net Delay (Source):      1.994ns (routing 0.712ns, distribution 1.282ns)
  Clock Net Delay (Destination): 1.780ns (routing 0.656ns, distribution 1.124ns)

    Location             Delay type                Incr(ns)  Path(ns)    Netlist Resource(s)
  -------------------------------------------------------------------    -------------------
                         (clock mmcm_clkout3 rise edge)
                                                      0.000     0.000 r  
    AK17                                              0.000     0.000 r  sys_clk_p (IN)
                         net (fo=0)                   0.001     0.001    u_ddr4/inst/u_ddr4_mem_intfc/u_mig_ddr4_phy/inst/u_ddr4_phy_pll/diff_input_clk.u_ibufg_sys_clk/I
    HPIOBDIFFINBUF_X1Y35 DIFFINBUF (Prop_DIFFINBUF_HPIOBDIFFINBUF_DIFF_IN_P_O)
                                                      0.534     0.535 r  u_ddr4/inst/u_ddr4_mem_intfc/u_mig_ddr4_phy/inst/u_ddr4_phy_pll/diff_input_clk.u_ibufg_sys_clk/DIFFINBUF_INST/O
                         net (fo=1, routed)           0.090     0.625    u_ddr4/inst/u_ddr4_mem_intfc/u_mig_ddr4_phy/inst/u_ddr4_phy_pll/diff_input_clk.u_ibufg_sys_clk/OUT
    AK17                 IBUFCTRL (Prop_IBUFCTRL_HPIOB_I_O)
                                                      0.000     0.625 r  u_ddr4/inst/u_ddr4_mem_intfc/u_mig_ddr4_phy/inst/u_ddr4_phy_pll/diff_input_clk.u_ibufg_sys_clk/IBUFCTRL_INST/O
                         net (fo=2, routed)           0.865     1.490    u_ddr4/inst/u_ddr4_infrastructure/mmcm_clk_in
    MMCME3_ADV_X1Y1      MMCME3_ADV (Prop_MMCME3_ADV_CLKIN1_CLKOUT3)
                                                     -0.121     1.369 r  u_ddr4/inst/u_ddr4_infrastructure/gen_mmcme3.u_mmcme_adv_inst/CLKOUT3
                         net (fo=1, routed)           0.437     1.806    u_ddr4/inst/u_ddr4_infrastructure/mmcm_clkout3
    BUFGCE_X1Y28         BUFGCE (Prop_BUFCE_BUFGCE_I_O)
                                                      0.083     1.889 r  u_ddr4/inst/u_ddr4_infrastructure/u_bufg_addn_ui_clk_3/O
    X3Y1 (CLOCK_ROOT)    net (fo=15, routed)          1.994     3.883    rc/u_reset/dest_clk
    SLICE_X90Y106        FDCE                                         r  rc/u_reset/arststages_ff_reg[3]/C
  -------------------------------------------------------------------    -------------------
    SLICE_X90Y106        FDCE (Prop_CFF2_SLICEM_C_Q)
                                                      0.117     4.000 r  rc/u_reset/arststages_ff_reg[3]/Q
                         net (fo=70, routed)          1.072     5.072    u_config/u_i2c_dri/p_0_in
    SLICE_X86Y149        FDCE                                         f  u_config/u_i2c_dri/clk_cnt_reg[6]/CLR  (IS_INVERTED)
  -------------------------------------------------------------------    -------------------

                         (clock mmcm_clkout3 rise edge)
                                                     99.960    99.960 r  
    AK17                                              0.000    99.960 r  sys_clk_p (IN)
                         net (fo=0)                   0.001    99.961    u_ddr4/inst/u_ddr4_mem_intfc/u_mig_ddr4_phy/inst/u_ddr4_phy_pll/diff_input_clk.u_ibufg_sys_clk/I
    HPIOBDIFFINBUF_X1Y35 DIFFINBUF (Prop_DIFFINBUF_HPIOBDIFFINBUF_DIFF_IN_P_O)
                                                      0.377   100.338 r  u_ddr4/inst/u_ddr4_mem_intfc/u_mig_ddr4_phy/inst/u_ddr4_phy_pll/diff_input_clk.u_ibufg_sys_clk/DIFFINBUF_INST/O
                         net (fo=1, routed)           0.051   100.389    u_ddr4/inst/u_ddr4_mem_intfc/u_mig_ddr4_phy/inst/u_ddr4_phy_pll/diff_input_clk.u_ibufg_sys_clk/OUT
    AK17                 IBUFCTRL (Prop_IBUFCTRL_HPIOB_I_O)
                                                      0.000   100.389 r  u_ddr4/inst/u_ddr4_mem_intfc/u_mig_ddr4_phy/inst/u_ddr4_phy_pll/diff_input_clk.u_ibufg_sys_clk/IBUFCTRL_INST/O
                         net (fo=2, routed)           0.778   101.167    u_ddr4/inst/u_ddr4_infrastructure/mmcm_clk_in
    MMCME3_ADV_X1Y1      MMCME3_ADV (Prop_MMCME3_ADV_CLKIN1_CLKOUT3)
                                                      0.445   101.612 r  u_ddr4/inst/u_ddr4_infrastructure/gen_mmcme3.u_mmcme_adv_inst/CLKOUT3
                         net (fo=1, routed)           0.372   101.984    u_ddr4/inst/u_ddr4_infrastructure/mmcm_clkout3
    BUFGCE_X1Y28         BUFGCE (Prop_BUFCE_BUFGCE_I_O)
                                                      0.075   102.059 r  u_ddr4/inst/u_ddr4_infrastructure/u_bufg_addn_ui_clk_3/O
    X3Y1 (CLOCK_ROOT)    net (fo=15, routed)          1.780   103.839    u_config/u_i2c_dri/addn_ui_clkout3
    SLICE_X86Y149        FDCE                                         r  u_config/u_i2c_dri/clk_cnt_reg[6]/C
                         clock pessimism             -0.154   103.685    
                         clock uncertainty           -0.095   103.590    
    SLICE_X86Y149        FDCE (Recov_BFF2_SLICEL_C_CLR)
                                                     -0.082   103.508    u_config/u_i2c_dri/clk_cnt_reg[6]
  -------------------------------------------------------------------
                         required time                        103.508    
                         arrival time                          -5.072    
  -------------------------------------------------------------------
                         slack                                 98.436    





Min Delay Paths
--------------------------------------------------------------------------------------
Slack (MET) :             0.323ns  (arrival time - required time)
  Source:                 rc/u_reset/arststages_ff_reg[3]/C
                            (rising edge-triggered cell FDCE clocked by mmcm_clkout3  {rise@0.000ns fall@49.980ns period=99.960ns})
  Destination:            u_config/u_i2c_dri/clk_cnt_reg[1]/CLR
                            (removal check against rising-edge clock mmcm_clkout3  {rise@0.000ns fall@49.980ns period=99.960ns})
  Path Group:             **async_default**
  Path Type:              Removal (Min at Fast Process Corner)
  Requirement:            0.000ns  (mmcm_clkout3 rise@0.000ns - mmcm_clkout3 rise@0.000ns)
  Data Path Delay:        0.454ns  (logic 0.048ns (10.573%)  route 0.406ns (89.427%))
  Logic Levels:           0  
  Clock Path Skew:        0.126ns (DCD - SCD - CPR)
    Destination Clock Delay (DCD):    1.983ns
    Source Clock Delay      (SCD):    1.997ns
    Clock Pessimism Removal (CPR):    -0.140ns
  Clock Net Delay (Source):      0.861ns (routing 0.326ns, distribution 0.535ns)
  Clock Net Delay (Destination): 1.023ns (routing 0.362ns, distribution 0.661ns)

    Location             Delay type                Incr(ns)  Path(ns)    Netlist Resource(s)
  -------------------------------------------------------------------    -------------------
                         (clock mmcm_clkout3 rise edge)
                                                      0.000     0.000 r  
    AK17                                              0.000     0.000 r  sys_clk_p (IN)
                         net (fo=0)                   0.001     0.001    u_ddr4/inst/u_ddr4_mem_intfc/u_mig_ddr4_phy/inst/u_ddr4_phy_pll/diff_input_clk.u_ibufg_sys_clk/I
    HPIOBDIFFINBUF_X1Y35 DIFFINBUF (Prop_DIFFINBUF_HPIOBDIFFINBUF_DIFF_IN_P_O)
                                                      0.238     0.239 r  u_ddr4/inst/u_ddr4_mem_intfc/u_mig_ddr4_phy/inst/u_ddr4_phy_pll/diff_input_clk.u_ibufg_sys_clk/DIFFINBUF_INST/O
                         net (fo=1, routed)           0.028     0.267    u_ddr4/inst/u_ddr4_mem_intfc/u_mig_ddr4_phy/inst/u_ddr4_phy_pll/diff_input_clk.u_ibufg_sys_clk/OUT
    AK17                 IBUFCTRL (Prop_IBUFCTRL_HPIOB_I_O)
                                                      0.000     0.267 r  u_ddr4/inst/u_ddr4_mem_intfc/u_mig_ddr4_phy/inst/u_ddr4_phy_pll/diff_input_clk.u_ibufg_sys_clk/IBUFCTRL_INST/O
                         net (fo=2, routed)           0.405     0.672    u_ddr4/inst/u_ddr4_infrastructure/mmcm_clk_in
    MMCME3_ADV_X1Y1      MMCME3_ADV (Prop_MMCME3_ADV_CLKIN1_CLKOUT3)
                                                      0.270     0.942 r  u_ddr4/inst/u_ddr4_infrastructure/gen_mmcme3.u_mmcme_adv_inst/CLKOUT3
                         net (fo=1, routed)           0.167     1.109    u_ddr4/inst/u_ddr4_infrastructure/mmcm_clkout3
    BUFGCE_X1Y28         BUFGCE (Prop_BUFCE_BUFGCE_I_O)
                                                      0.027     1.136 r  u_ddr4/inst/u_ddr4_infrastructure/u_bufg_addn_ui_clk_3/O
    X3Y1 (CLOCK_ROOT)    net (fo=15, routed)          0.861     1.997    rc/u_reset/dest_clk
    SLICE_X90Y106        FDCE                                         r  rc/u_reset/arststages_ff_reg[3]/C
  -------------------------------------------------------------------    -------------------
    SLICE_X90Y106        FDCE (Prop_CFF2_SLICEM_C_Q)
                                                      0.048     2.045 r  rc/u_reset/arststages_ff_reg[3]/Q
                         net (fo=70, routed)          0.406     2.451    u_config/u_i2c_dri/p_0_in
    SLICE_X90Y149        FDCE                                         f  u_config/u_i2c_dri/clk_cnt_reg[1]/CLR  (IS_INVERTED)
  -------------------------------------------------------------------    -------------------

                         (clock mmcm_clkout3 rise edge)
                                                      0.000     0.000 r  
    AK17                                              0.000     0.000 r  sys_clk_p (IN)
                         net (fo=0)                   0.001     0.001    u_ddr4/inst/u_ddr4_mem_intfc/u_mig_ddr4_phy/inst/u_ddr4_phy_pll/diff_input_clk.u_ibufg_sys_clk/I
    HPIOBDIFFINBUF_X1Y35 DIFFINBUF (Prop_DIFFINBUF_HPIOBDIFFINBUF_DIFF_IN_P_O)
                                                      0.421     0.422 r  u_ddr4/inst/u_ddr4_mem_intfc/u_mig_ddr4_phy/inst/u_ddr4_phy_pll/diff_input_clk.u_ibufg_sys_clk/DIFFINBUF_INST/O
                         net (fo=1, routed)           0.048     0.470    u_ddr4/inst/u_ddr4_mem_intfc/u_mig_ddr4_phy/inst/u_ddr4_phy_pll/diff_input_clk.u_ibufg_sys_clk/OUT
    AK17                 IBUFCTRL (Prop_IBUFCTRL_HPIOB_I_O)
                                                      0.000     0.470 r  u_ddr4/inst/u_ddr4_mem_intfc/u_mig_ddr4_phy/inst/u_ddr4_phy_pll/diff_input_clk.u_ibufg_sys_clk/IBUFCTRL_INST/O
                         net (fo=2, routed)           0.457     0.927    u_ddr4/inst/u_ddr4_infrastructure/mmcm_clk_in
    MMCME3_ADV_X1Y1      MMCME3_ADV (Prop_MMCME3_ADV_CLKIN1_CLKOUT3)
                                                     -0.207     0.720 r  u_ddr4/inst/u_ddr4_infrastructure/gen_mmcme3.u_mmcme_adv_inst/CLKOUT3
                         net (fo=1, routed)           0.209     0.929    u_ddr4/inst/u_ddr4_infrastructure/mmcm_clkout3
    BUFGCE_X1Y28         BUFGCE (Prop_BUFCE_BUFGCE_I_O)
                                                      0.031     0.960 r  u_ddr4/inst/u_ddr4_infrastructure/u_bufg_addn_ui_clk_3/O
    X3Y1 (CLOCK_ROOT)    net (fo=15, routed)          1.023     1.983    u_config/u_i2c_dri/addn_ui_clkout3
    SLICE_X90Y149        FDCE                                         r  u_config/u_i2c_dri/clk_cnt_reg[1]/C
                         clock pessimism              0.140     2.123    
    SLICE_X90Y149        FDCE (Remov_DFF2_SLICEM_C_CLR)
                                                      0.005     2.128    u_config/u_i2c_dri/clk_cnt_reg[1]
  -------------------------------------------------------------------
                         required time                         -2.128    
                         arrival time                           2.451    
  -------------------------------------------------------------------
                         slack                                  0.323    





---------------------------------------------------------------------------------------------------
Path Group:  **async_default**
From Clock:  mmcm_clkout5
  To Clock:  mmcm_clkout5

Setup :            0  Failing Endpoints,  Worst Slack       11.282ns,  Total Violation        0.000ns
Hold  :            0  Failing Endpoints,  Worst Slack        0.112ns,  Total Violation        0.000ns
---------------------------------------------------------------------------------------------------


Max Delay Paths
--------------------------------------------------------------------------------------
Slack (MET) :             11.282ns  (required time - arrival time)
  Source:                 dbg_hub/inst/BSCANID.u_xsdbm_id/CORE_XSDB.UUT_MASTER/U_ICON_INTERFACE/U_CMD1/ctl_reg_reg[0]/C
                            (rising edge-triggered cell FDRE clocked by mmcm_clkout5  {rise@0.000ns fall@6.664ns period=13.328ns})
  Destination:            dbg_hub/inst/BSCANID.u_xsdbm_id/CORE_XSDB.UUT_MASTER/U_XSDB_BUS_CONTROLLER/FSM_onehot_current_state_reg[4]/CLR
                            (recovery check against rising-edge clock mmcm_clkout5  {rise@0.000ns fall@6.664ns period=13.328ns})
  Path Group:             **async_default**
  Path Type:              Recovery (Max at Slow Process Corner)
  Requirement:            13.328ns  (mmcm_clkout5 rise@13.328ns - mmcm_clkout5 rise@0.000ns)
  Data Path Delay:        1.779ns  (logic 0.114ns (6.408%)  route 1.665ns (93.592%))
  Logic Levels:           0  
  Clock Path Skew:        -0.115ns (DCD - SCD + CPR)
    Destination Clock Delay (DCD):    4.154ns = ( 17.482 - 13.328 ) 
    Source Clock Delay      (SCD):    4.185ns
    Clock Pessimism Removal (CPR):    -0.083ns
  Clock Uncertainty:      0.070ns  ((TSJ^2 + DJ^2)^1/2) / 2 + PE
    Total System Jitter     (TSJ):    0.071ns
    Discrete Jitter          (DJ):    0.121ns
    Phase Error              (PE):    0.000ns
  Clock Net Delay (Source):      2.296ns (routing 1.024ns, distribution 1.272ns)
  Clock Net Delay (Destination): 2.055ns (routing 0.941ns, distribution 1.114ns)

    Location             Delay type                Incr(ns)  Path(ns)    Netlist Resource(s)
  -------------------------------------------------------------------    -------------------
                         (clock mmcm_clkout5 rise edge)
                                                      0.000     0.000 r  
    AK17                                              0.000     0.000 r  sys_clk_p (IN)
                         net (fo=0)                   0.001     0.001    u_ddr4/inst/u_ddr4_mem_intfc/u_mig_ddr4_phy/inst/u_ddr4_phy_pll/diff_input_clk.u_ibufg_sys_clk/I
    HPIOBDIFFINBUF_X1Y35 DIFFINBUF (Prop_DIFFINBUF_HPIOBDIFFINBUF_DIFF_IN_P_O)
                                                      0.534     0.535 r  u_ddr4/inst/u_ddr4_mem_intfc/u_mig_ddr4_phy/inst/u_ddr4_phy_pll/diff_input_clk.u_ibufg_sys_clk/DIFFINBUF_INST/O
                         net (fo=1, routed)           0.090     0.625    u_ddr4/inst/u_ddr4_mem_intfc/u_mig_ddr4_phy/inst/u_ddr4_phy_pll/diff_input_clk.u_ibufg_sys_clk/OUT
    AK17                 IBUFCTRL (Prop_IBUFCTRL_HPIOB_I_O)
                                                      0.000     0.625 r  u_ddr4/inst/u_ddr4_mem_intfc/u_mig_ddr4_phy/inst/u_ddr4_phy_pll/diff_input_clk.u_ibufg_sys_clk/IBUFCTRL_INST/O
                         net (fo=2, routed)           0.865     1.490    u_ddr4/inst/u_ddr4_infrastructure/mmcm_clk_in
    MMCME3_ADV_X1Y1      MMCME3_ADV (Prop_MMCME3_ADV_CLKIN1_CLKOUT5)
                                                     -0.121     1.369 r  u_ddr4/inst/u_ddr4_infrastructure/gen_mmcme3.u_mmcme_adv_inst/CLKOUT5
                         net (fo=1, routed)           0.437     1.806    u_ddr4/inst/u_ddr4_infrastructure/mmcm_clkout5
    BUFGCE_X1Y34         BUFGCE (Prop_BUFCE_BUFGCE_I_O)
                                                      0.083     1.889 r  u_ddr4/inst/u_ddr4_infrastructure/u_bufg_dbg_clk/O
    X3Y0 (CLOCK_ROOT)    net (fo=568, routed)         2.296     4.185    dbg_hub/inst/BSCANID.u_xsdbm_id/CORE_XSDB.UUT_MASTER/U_ICON_INTERFACE/U_CMD1/clk
    SLICE_X86Y24         FDRE                                         r  dbg_hub/inst/BSCANID.u_xsdbm_id/CORE_XSDB.UUT_MASTER/U_ICON_INTERFACE/U_CMD1/ctl_reg_reg[0]/C
  -------------------------------------------------------------------    -------------------
    SLICE_X86Y24         FDRE (Prop_DFF_SLICEL_C_Q)
                                                      0.114     4.299 f  dbg_hub/inst/BSCANID.u_xsdbm_id/CORE_XSDB.UUT_MASTER/U_ICON_INTERFACE/U_CMD1/ctl_reg_reg[0]/Q
                         net (fo=176, routed)         1.665     5.964    dbg_hub/inst/BSCANID.u_xsdbm_id/CORE_XSDB.UUT_MASTER/U_XSDB_BUS_CONTROLLER/out[0]
    SLICE_X94Y6          FDCE                                         f  dbg_hub/inst/BSCANID.u_xsdbm_id/CORE_XSDB.UUT_MASTER/U_XSDB_BUS_CONTROLLER/FSM_onehot_current_state_reg[4]/CLR
  -------------------------------------------------------------------    -------------------

                         (clock mmcm_clkout5 rise edge)
                                                     13.328    13.328 r  
    AK17                                              0.000    13.328 r  sys_clk_p (IN)
                         net (fo=0)                   0.001    13.329    u_ddr4/inst/u_ddr4_mem_intfc/u_mig_ddr4_phy/inst/u_ddr4_phy_pll/diff_input_clk.u_ibufg_sys_clk/I
    HPIOBDIFFINBUF_X1Y35 DIFFINBUF (Prop_DIFFINBUF_HPIOBDIFFINBUF_DIFF_IN_P_O)
                                                      0.377    13.706 r  u_ddr4/inst/u_ddr4_mem_intfc/u_mig_ddr4_phy/inst/u_ddr4_phy_pll/diff_input_clk.u_ibufg_sys_clk/DIFFINBUF_INST/O
                         net (fo=1, routed)           0.051    13.757    u_ddr4/inst/u_ddr4_mem_intfc/u_mig_ddr4_phy/inst/u_ddr4_phy_pll/diff_input_clk.u_ibufg_sys_clk/OUT
    AK17                 IBUFCTRL (Prop_IBUFCTRL_HPIOB_I_O)
                                                      0.000    13.757 r  u_ddr4/inst/u_ddr4_mem_intfc/u_mig_ddr4_phy/inst/u_ddr4_phy_pll/diff_input_clk.u_ibufg_sys_clk/IBUFCTRL_INST/O
                         net (fo=2, routed)           0.778    14.535    u_ddr4/inst/u_ddr4_infrastructure/mmcm_clk_in
    MMCME3_ADV_X1Y1      MMCME3_ADV (Prop_MMCME3_ADV_CLKIN1_CLKOUT5)
                                                      0.445    14.980 r  u_ddr4/inst/u_ddr4_infrastructure/gen_mmcme3.u_mmcme_adv_inst/CLKOUT5
                         net (fo=1, routed)           0.372    15.352    u_ddr4/inst/u_ddr4_infrastructure/mmcm_clkout5
    BUFGCE_X1Y34         BUFGCE (Prop_BUFCE_BUFGCE_I_O)
                                                      0.075    15.427 r  u_ddr4/inst/u_ddr4_infrastructure/u_bufg_dbg_clk/O
    X3Y0 (CLOCK_ROOT)    net (fo=568, routed)         2.055    17.482    dbg_hub/inst/BSCANID.u_xsdbm_id/CORE_XSDB.UUT_MASTER/U_XSDB_BUS_CONTROLLER/clk
    SLICE_X94Y6          FDCE                                         r  dbg_hub/inst/BSCANID.u_xsdbm_id/CORE_XSDB.UUT_MASTER/U_XSDB_BUS_CONTROLLER/FSM_onehot_current_state_reg[4]/C
                         clock pessimism             -0.083    17.398    
                         clock uncertainty           -0.070    17.328    
    SLICE_X94Y6          FDCE (Recov_AFF_SLICEL_C_CLR)
                                                     -0.082    17.246    dbg_hub/inst/BSCANID.u_xsdbm_id/CORE_XSDB.UUT_MASTER/U_XSDB_BUS_CONTROLLER/FSM_onehot_current_state_reg[4]
  -------------------------------------------------------------------
                         required time                         17.246    
                         arrival time                          -5.964    
  -------------------------------------------------------------------
                         slack                                 11.282    





Min Delay Paths
--------------------------------------------------------------------------------------
Slack (MET) :             0.112ns  (arrival time - required time)
  Source:                 dbg_hub/inst/BSCANID.u_xsdbm_id/CORE_XSDB.UUT_MASTER/U_ICON_INTERFACE/U_CMD6_RD/U_RD_FIFO/SUBCORE_FIFO.xsdbm_v3_0_5_rdfifo_inst/inst_fifo_gen/gconvfifo.rf/grf.rf/rstblk/ngwrdrst.grst.g7serrst.wr_rst_reg_reg[1]/C
                            (rising edge-triggered cell FDPE clocked by mmcm_clkout5  {rise@0.000ns fall@6.664ns period=13.328ns})
  Destination:            dbg_hub/inst/BSCANID.u_xsdbm_id/CORE_XSDB.UUT_MASTER/U_ICON_INTERFACE/U_CMD6_RD/U_RD_FIFO/SUBCORE_FIFO.xsdbm_v3_0_5_rdfifo_inst/inst_fifo_gen/gconvfifo.rf/grf.rf/gntv_or_sync_fifo.gl0.wr/wpntr/gic0.gc0.count_d1_reg[0]/PRE
                            (removal check against rising-edge clock mmcm_clkout5  {rise@0.000ns fall@6.664ns period=13.328ns})
  Path Group:             **async_default**
  Path Type:              Removal (Min at Fast Process Corner)
  Requirement:            0.000ns  (mmcm_clkout5 rise@0.000ns - mmcm_clkout5 rise@0.000ns)
  Data Path Delay:        0.189ns  (logic 0.048ns (25.397%)  route 0.141ns (74.603%))
  Logic Levels:           0  
  Clock Path Skew:        0.072ns (DCD - SCD - CPR)
    Destination Clock Delay (DCD):    2.137ns
    Source Clock Delay      (SCD):    2.145ns
    Clock Pessimism Removal (CPR):    -0.080ns
  Clock Net Delay (Source):      1.009ns (routing 0.483ns, distribution 0.526ns)
  Clock Net Delay (Destination): 1.177ns (routing 0.535ns, distribution 0.642ns)

    Location             Delay type                Incr(ns)  Path(ns)    Netlist Resource(s)
  -------------------------------------------------------------------    -------------------
                         (clock mmcm_clkout5 rise edge)
                                                      0.000     0.000 r  
    AK17                                              0.000     0.000 r  sys_clk_p (IN)
                         net (fo=0)                   0.001     0.001    u_ddr4/inst/u_ddr4_mem_intfc/u_mig_ddr4_phy/inst/u_ddr4_phy_pll/diff_input_clk.u_ibufg_sys_clk/I
    HPIOBDIFFINBUF_X1Y35 DIFFINBUF (Prop_DIFFINBUF_HPIOBDIFFINBUF_DIFF_IN_P_O)
                                                      0.238     0.239 r  u_ddr4/inst/u_ddr4_mem_intfc/u_mig_ddr4_phy/inst/u_ddr4_phy_pll/diff_input_clk.u_ibufg_sys_clk/DIFFINBUF_INST/O
                         net (fo=1, routed)           0.028     0.267    u_ddr4/inst/u_ddr4_mem_intfc/u_mig_ddr4_phy/inst/u_ddr4_phy_pll/diff_input_clk.u_ibufg_sys_clk/OUT
    AK17                 IBUFCTRL (Prop_IBUFCTRL_HPIOB_I_O)
                                                      0.000     0.267 r  u_ddr4/inst/u_ddr4_mem_intfc/u_mig_ddr4_phy/inst/u_ddr4_phy_pll/diff_input_clk.u_ibufg_sys_clk/IBUFCTRL_INST/O
                         net (fo=2, routed)           0.405     0.672    u_ddr4/inst/u_ddr4_infrastructure/mmcm_clk_in
    MMCME3_ADV_X1Y1      MMCME3_ADV (Prop_MMCME3_ADV_CLKIN1_CLKOUT5)
                                                      0.270     0.942 r  u_ddr4/inst/u_ddr4_infrastructure/gen_mmcme3.u_mmcme_adv_inst/CLKOUT5
                         net (fo=1, routed)           0.167     1.109    u_ddr4/inst/u_ddr4_infrastructure/mmcm_clkout5
    BUFGCE_X1Y34         BUFGCE (Prop_BUFCE_BUFGCE_I_O)
                                                      0.027     1.136 r  u_ddr4/inst/u_ddr4_infrastructure/u_bufg_dbg_clk/O
    X3Y0 (CLOCK_ROOT)    net (fo=568, routed)         1.009     2.145    dbg_hub/inst/BSCANID.u_xsdbm_id/CORE_XSDB.UUT_MASTER/U_ICON_INTERFACE/U_CMD6_RD/U_RD_FIFO/SUBCORE_FIFO.xsdbm_v3_0_5_rdfifo_inst/inst_fifo_gen/gconvfifo.rf/grf.rf/rstblk/wr_clk
    SLICE_X85Y9          FDPE                                         r  dbg_hub/inst/BSCANID.u_xsdbm_id/CORE_XSDB.UUT_MASTER/U_ICON_INTERFACE/U_CMD6_RD/U_RD_FIFO/SUBCORE_FIFO.xsdbm_v3_0_5_rdfifo_inst/inst_fifo_gen/gconvfifo.rf/grf.rf/rstblk/ngwrdrst.grst.g7serrst.wr_rst_reg_reg[1]/C
  -------------------------------------------------------------------    -------------------
    SLICE_X85Y9          FDPE (Prop_EFF2_SLICEM_C_Q)
                                                      0.048     2.193 f  dbg_hub/inst/BSCANID.u_xsdbm_id/CORE_XSDB.UUT_MASTER/U_ICON_INTERFACE/U_CMD6_RD/U_RD_FIFO/SUBCORE_FIFO.xsdbm_v3_0_5_rdfifo_inst/inst_fifo_gen/gconvfifo.rf/grf.rf/rstblk/ngwrdrst.grst.g7serrst.wr_rst_reg_reg[1]/Q
                         net (fo=12, routed)          0.141     2.334    dbg_hub/inst/BSCANID.u_xsdbm_id/CORE_XSDB.UUT_MASTER/U_ICON_INTERFACE/U_CMD6_RD/U_RD_FIFO/SUBCORE_FIFO.xsdbm_v3_0_5_rdfifo_inst/inst_fifo_gen/gconvfifo.rf/grf.rf/gntv_or_sync_fifo.gl0.wr/wpntr/gic0.gc0.count_reg[0]_0[0]
    SLICE_X84Y10         FDPE                                         f  dbg_hub/inst/BSCANID.u_xsdbm_id/CORE_XSDB.UUT_MASTER/U_ICON_INTERFACE/U_CMD6_RD/U_RD_FIFO/SUBCORE_FIFO.xsdbm_v3_0_5_rdfifo_inst/inst_fifo_gen/gconvfifo.rf/grf.rf/gntv_or_sync_fifo.gl0.wr/wpntr/gic0.gc0.count_d1_reg[0]/PRE
  -------------------------------------------------------------------    -------------------

                         (clock mmcm_clkout5 rise edge)
                                                      0.000     0.000 r  
    AK17                                              0.000     0.000 r  sys_clk_p (IN)
                         net (fo=0)                   0.001     0.001    u_ddr4/inst/u_ddr4_mem_intfc/u_mig_ddr4_phy/inst/u_ddr4_phy_pll/diff_input_clk.u_ibufg_sys_clk/I
    HPIOBDIFFINBUF_X1Y35 DIFFINBUF (Prop_DIFFINBUF_HPIOBDIFFINBUF_DIFF_IN_P_O)
                                                      0.421     0.422 r  u_ddr4/inst/u_ddr4_mem_intfc/u_mig_ddr4_phy/inst/u_ddr4_phy_pll/diff_input_clk.u_ibufg_sys_clk/DIFFINBUF_INST/O
                         net (fo=1, routed)           0.048     0.470    u_ddr4/inst/u_ddr4_mem_intfc/u_mig_ddr4_phy/inst/u_ddr4_phy_pll/diff_input_clk.u_ibufg_sys_clk/OUT
    AK17                 IBUFCTRL (Prop_IBUFCTRL_HPIOB_I_O)
                                                      0.000     0.470 r  u_ddr4/inst/u_ddr4_mem_intfc/u_mig_ddr4_phy/inst/u_ddr4_phy_pll/diff_input_clk.u_ibufg_sys_clk/IBUFCTRL_INST/O
                         net (fo=2, routed)           0.457     0.927    u_ddr4/inst/u_ddr4_infrastructure/mmcm_clk_in
    MMCME3_ADV_X1Y1      MMCME3_ADV (Prop_MMCME3_ADV_CLKIN1_CLKOUT5)
                                                     -0.207     0.720 r  u_ddr4/inst/u_ddr4_infrastructure/gen_mmcme3.u_mmcme_adv_inst/CLKOUT5
                         net (fo=1, routed)           0.209     0.929    u_ddr4/inst/u_ddr4_infrastructure/mmcm_clkout5
    BUFGCE_X1Y34         BUFGCE (Prop_BUFCE_BUFGCE_I_O)
                                                      0.031     0.960 r  u_ddr4/inst/u_ddr4_infrastructure/u_bufg_dbg_clk/O
    X3Y0 (CLOCK_ROOT)    net (fo=568, routed)         1.177     2.137    dbg_hub/inst/BSCANID.u_xsdbm_id/CORE_XSDB.UUT_MASTER/U_ICON_INTERFACE/U_CMD6_RD/U_RD_FIFO/SUBCORE_FIFO.xsdbm_v3_0_5_rdfifo_inst/inst_fifo_gen/gconvfifo.rf/grf.rf/gntv_or_sync_fifo.gl0.wr/wpntr/wr_clk
    SLICE_X84Y10         FDPE                                         r  dbg_hub/inst/BSCANID.u_xsdbm_id/CORE_XSDB.UUT_MASTER/U_ICON_INTERFACE/U_CMD6_RD/U_RD_FIFO/SUBCORE_FIFO.xsdbm_v3_0_5_rdfifo_inst/inst_fifo_gen/gconvfifo.rf/grf.rf/gntv_or_sync_fifo.gl0.wr/wpntr/gic0.gc0.count_d1_reg[0]/C
                         clock pessimism              0.080     2.217    
    SLICE_X84Y10         FDPE (Remov_EFF_SLICEL_C_PRE)
                                                      0.005     2.222    dbg_hub/inst/BSCANID.u_xsdbm_id/CORE_XSDB.UUT_MASTER/U_ICON_INTERFACE/U_CMD6_RD/U_RD_FIFO/SUBCORE_FIFO.xsdbm_v3_0_5_rdfifo_inst/inst_fifo_gen/gconvfifo.rf/grf.rf/gntv_or_sync_fifo.gl0.wr/wpntr/gic0.gc0.count_d1_reg[0]
  -------------------------------------------------------------------
                         required time                         -2.222    
                         arrival time                           2.334    
  -------------------------------------------------------------------
                         slack                                  0.112    





---------------------------------------------------------------------------------------------------
Path Group:  **async_default**
From Clock:  pcie_clk
  To Clock:  pcie_clk

Setup :            0  Failing Endpoints,  Worst Slack        0.512ns,  Total Violation        0.000ns
Hold  :            0  Failing Endpoints,  Worst Slack        0.210ns,  Total Violation        0.000ns
---------------------------------------------------------------------------------------------------


Max Delay Paths
--------------------------------------------------------------------------------------
Slack (MET) :             0.512ns  (required time - arrival time)
  Source:                 u_pcie/design_1_i/xdma_0/inst/pcie3_ip_i/inst/user_reset_reg_replica/C
                            (rising edge-triggered cell FDPE clocked by pcie_clk  {rise@0.000ns fall@2.000ns period=4.000ns})
  Destination:            u_pcie/design_1_i/xdma_0/inst/udma_wrapper/dma_top/reset_cntrlr/flush_txn_linkdown_ff_reg[0]/CLR
                            (recovery check against rising-edge clock pcie_clk  {rise@0.000ns fall@2.000ns period=4.000ns})
  Path Group:             **async_default**
  Path Type:              Recovery (Max at Slow Process Corner)
  Requirement:            4.000ns  (pcie_clk rise@4.000ns - pcie_clk rise@0.000ns)
  Data Path Delay:        3.380ns  (logic 0.117ns (3.462%)  route 3.263ns (96.538%))
  Logic Levels:           0  
  Clock Path Skew:        0.009ns (DCD - SCD + CPR)
    Destination Clock Delay (DCD):    2.189ns = ( 6.189 - 4.000 ) 
    Source Clock Delay      (SCD):    2.353ns
    Clock Pessimism Removal (CPR):    0.173ns
  Clock Uncertainty:      0.035ns  ((TSJ^2 + TIJ^2)^1/2 + DJ) / 2 + PE
    Total System Jitter     (TSJ):    0.071ns
    Total Input Jitter      (TIJ):    0.000ns
    Discrete Jitter          (DJ):    0.000ns
    Phase Error              (PE):    0.000ns
  Clock Net Delay (Source):      1.956ns (routing 0.522ns, distribution 1.434ns)
  Clock Net Delay (Destination): 1.860ns (routing 0.473ns, distribution 1.387ns)

    Location             Delay type                Incr(ns)  Path(ns)    Netlist Resource(s)
  -------------------------------------------------------------------    -------------------
                         (clock pcie_clk rise edge)
                                                      0.000     0.000 r  
    GTHE3_CHANNEL_X1Y7   GTHE3_CHANNEL                0.000     0.000 r  u_pcie/design_1_i/xdma_0/inst/pcie3_ip_i/inst/design_1_xdma_0_0_pcie3_ip_gt_top_i/gt_wizard.gtwizard_top_i/design_1_xdma_0_0_pcie3_ip_gt_i/inst/gen_gtwizard_gthe3_top.design_1_xdma_0_0_pcie3_ip_gt_gtwizard_gthe3_inst/gen_gtwizard_gthe3.gen_channel_container[25].gen_enabled_channel.gthe3_channel_wrapper_inst/channel_inst/gthe3_channel_gen.gen_gthe3_channel_inst[3].GTHE3_CHANNEL_PRIM_INST/TXOUTCLK
                         net (fo=5, routed)           0.082     0.082    u_pcie/design_1_i/xdma_0/inst/pcie3_ip_i/inst/design_1_xdma_0_0_pcie3_ip_gt_top_i/phy_clk_i/CLK_USERCLK_IN
    BUFG_GT_X1Y47        BUFG_GT (Prop_BUFG_GT_I_O)
                                                      0.315     0.397 r  u_pcie/design_1_i/xdma_0/inst/pcie3_ip_i/inst/design_1_xdma_0_0_pcie3_ip_gt_top_i/phy_clk_i/bufg_gt_userclk/O
    X4Y1 (CLOCK_ROOT)    net (fo=38944, routed)       1.956     2.353    u_pcie/design_1_i/xdma_0/inst/pcie3_ip_i/inst/user_clk
    SLICE_X116Y53        FDPE                                         r  u_pcie/design_1_i/xdma_0/inst/pcie3_ip_i/inst/user_reset_reg_replica/C
  -------------------------------------------------------------------    -------------------
    SLICE_X116Y53        FDPE (Prop_AFF2_SLICEL_C_Q)
                                                      0.117     2.470 f  u_pcie/design_1_i/xdma_0/inst/pcie3_ip_i/inst/user_reset_reg_replica/Q
                         net (fo=37, routed)          3.263     5.733    u_pcie/design_1_i/xdma_0/inst/udma_wrapper/dma_top/reset_cntrlr/user_reset_repN_alias
    SLICE_X133Y12        FDCE                                         f  u_pcie/design_1_i/xdma_0/inst/udma_wrapper/dma_top/reset_cntrlr/flush_txn_linkdown_ff_reg[0]/CLR
  -------------------------------------------------------------------    -------------------

                         (clock pcie_clk rise edge)
                                                      4.000     4.000 r  
    GTHE3_CHANNEL_X1Y7   GTHE3_CHANNEL                0.000     4.000 r  u_pcie/design_1_i/xdma_0/inst/pcie3_ip_i/inst/design_1_xdma_0_0_pcie3_ip_gt_top_i/gt_wizard.gtwizard_top_i/design_1_xdma_0_0_pcie3_ip_gt_i/inst/gen_gtwizard_gthe3_top.design_1_xdma_0_0_pcie3_ip_gt_gtwizard_gthe3_inst/gen_gtwizard_gthe3.gen_channel_container[25].gen_enabled_channel.gthe3_channel_wrapper_inst/channel_inst/gthe3_channel_gen.gen_gthe3_channel_inst[3].GTHE3_CHANNEL_PRIM_INST/TXOUTCLK
                         net (fo=5, routed)           0.046     4.046    u_pcie/design_1_i/xdma_0/inst/pcie3_ip_i/inst/design_1_xdma_0_0_pcie3_ip_gt_top_i/phy_clk_i/CLK_USERCLK_IN
    BUFG_GT_X1Y47        BUFG_GT (Prop_BUFG_GT_I_O)
                                                      0.283     4.329 r  u_pcie/design_1_i/xdma_0/inst/pcie3_ip_i/inst/design_1_xdma_0_0_pcie3_ip_gt_top_i/phy_clk_i/bufg_gt_userclk/O
    X4Y1 (CLOCK_ROOT)    net (fo=38944, routed)       1.860     6.189    u_pcie/design_1_i/xdma_0/inst/udma_wrapper/dma_top/reset_cntrlr/user_clk
    SLICE_X133Y12        FDCE                                         r  u_pcie/design_1_i/xdma_0/inst/udma_wrapper/dma_top/reset_cntrlr/flush_txn_linkdown_ff_reg[0]/C
                         clock pessimism              0.173     6.362    
                         clock uncertainty           -0.035     6.327    
    SLICE_X133Y12        FDCE (Recov_AFF_SLICEL_C_CLR)
                                                     -0.082     6.245    u_pcie/design_1_i/xdma_0/inst/udma_wrapper/dma_top/reset_cntrlr/flush_txn_linkdown_ff_reg[0]
  -------------------------------------------------------------------
                         required time                          6.245    
                         arrival time                          -5.733    
  -------------------------------------------------------------------
                         slack                                  0.512    





Min Delay Paths
--------------------------------------------------------------------------------------
Slack (MET) :             0.210ns  (arrival time - required time)
  Source:                 u_pcie/design_1_i/xdma_0/inst/udma_wrapper/dma_top/user_rst_ff_2_reg/C
                            (rising edge-triggered cell FDCE clocked by pcie_clk  {rise@0.000ns fall@2.000ns period=4.000ns})
  Destination:            u_pcie/design_1_i/xdma_0/inst/udma_wrapper/dma_top/dma_enable.vul_dma/pcie_h2c_rst_3ff_reg[0]_rep__1/PRE
                            (removal check against rising-edge clock pcie_clk  {rise@0.000ns fall@2.000ns period=4.000ns})
  Path Group:             **async_default**
  Path Type:              Removal (Min at Fast Process Corner)
  Requirement:            0.000ns  (pcie_clk rise@0.000ns - pcie_clk rise@0.000ns)
  Data Path Delay:        0.275ns  (logic 0.048ns (17.455%)  route 0.227ns (82.545%))
  Logic Levels:           0  
  Clock Path Skew:        0.060ns (DCD - SCD - CPR)
    Destination Clock Delay (DCD):    1.270ns
    Source Clock Delay      (SCD):    1.058ns
    Clock Pessimism Removal (CPR):    0.152ns
  Clock Net Delay (Source):      0.940ns (routing 0.275ns, distribution 0.665ns)
  Clock Net Delay (Destination): 1.105ns (routing 0.315ns, distribution 0.790ns)

    Location             Delay type                Incr(ns)  Path(ns)    Netlist Resource(s)
  -------------------------------------------------------------------    -------------------
                         (clock pcie_clk rise edge)
                                                      0.000     0.000 r  
    GTHE3_CHANNEL_X1Y7   GTHE3_CHANNEL                0.000     0.000 r  u_pcie/design_1_i/xdma_0/inst/pcie3_ip_i/inst/design_1_xdma_0_0_pcie3_ip_gt_top_i/gt_wizard.gtwizard_top_i/design_1_xdma_0_0_pcie3_ip_gt_i/inst/gen_gtwizard_gthe3_top.design_1_xdma_0_0_pcie3_ip_gt_gtwizard_gthe3_inst/gen_gtwizard_gthe3.gen_channel_container[25].gen_enabled_channel.gthe3_channel_wrapper_inst/channel_inst/gthe3_channel_gen.gen_gthe3_channel_inst[3].GTHE3_CHANNEL_PRIM_INST/TXOUTCLK
                         net (fo=5, routed)           0.018     0.018    u_pcie/design_1_i/xdma_0/inst/pcie3_ip_i/inst/design_1_xdma_0_0_pcie3_ip_gt_top_i/phy_clk_i/CLK_USERCLK_IN
    BUFG_GT_X1Y47        BUFG_GT (Prop_BUFG_GT_I_O)
                                                      0.100     0.118 r  u_pcie/design_1_i/xdma_0/inst/pcie3_ip_i/inst/design_1_xdma_0_0_pcie3_ip_gt_top_i/phy_clk_i/bufg_gt_userclk/O
    X4Y1 (CLOCK_ROOT)    net (fo=38944, routed)       0.940     1.058    u_pcie/design_1_i/xdma_0/inst/udma_wrapper/dma_top/user_clk
    SLICE_X129Y59        FDCE                                         r  u_pcie/design_1_i/xdma_0/inst/udma_wrapper/dma_top/user_rst_ff_2_reg/C
  -------------------------------------------------------------------    -------------------
    SLICE_X129Y59        FDCE (Prop_GFF_SLICEL_C_Q)
                                                      0.048     1.106 f  u_pcie/design_1_i/xdma_0/inst/udma_wrapper/dma_top/user_rst_ff_2_reg/Q
                         net (fo=24, routed)          0.227     1.333    u_pcie/design_1_i/xdma_0/inst/udma_wrapper/dma_top/dma_enable.vul_dma/user_rst_ff_2
    SLICE_X125Y59        FDPE                                         f  u_pcie/design_1_i/xdma_0/inst/udma_wrapper/dma_top/dma_enable.vul_dma/pcie_h2c_rst_3ff_reg[0]_rep__1/PRE
  -------------------------------------------------------------------    -------------------

                         (clock pcie_clk rise edge)
                                                      0.000     0.000 r  
    GTHE3_CHANNEL_X1Y7   GTHE3_CHANNEL                0.000     0.000 r  u_pcie/design_1_i/xdma_0/inst/pcie3_ip_i/inst/design_1_xdma_0_0_pcie3_ip_gt_top_i/gt_wizard.gtwizard_top_i/design_1_xdma_0_0_pcie3_ip_gt_i/inst/gen_gtwizard_gthe3_top.design_1_xdma_0_0_pcie3_ip_gt_gtwizard_gthe3_inst/gen_gtwizard_gthe3.gen_channel_container[25].gen_enabled_channel.gthe3_channel_wrapper_inst/channel_inst/gthe3_channel_gen.gen_gthe3_channel_inst[3].GTHE3_CHANNEL_PRIM_INST/TXOUTCLK
                         net (fo=5, routed)           0.035     0.035    u_pcie/design_1_i/xdma_0/inst/pcie3_ip_i/inst/design_1_xdma_0_0_pcie3_ip_gt_top_i/phy_clk_i/CLK_USERCLK_IN
    BUFG_GT_X1Y47        BUFG_GT (Prop_BUFG_GT_I_O)
                                                      0.130     0.165 r  u_pcie/design_1_i/xdma_0/inst/pcie3_ip_i/inst/design_1_xdma_0_0_pcie3_ip_gt_top_i/phy_clk_i/bufg_gt_userclk/O
    X4Y1 (CLOCK_ROOT)    net (fo=38944, routed)       1.105     1.270    u_pcie/design_1_i/xdma_0/inst/udma_wrapper/dma_top/dma_enable.vul_dma/user_clk
    SLICE_X125Y59        FDPE                                         r  u_pcie/design_1_i/xdma_0/inst/udma_wrapper/dma_top/dma_enable.vul_dma/pcie_h2c_rst_3ff_reg[0]_rep__1/C
                         clock pessimism             -0.152     1.118    
    SLICE_X125Y59        FDPE (Remov_EFF_SLICEL_C_PRE)
                                                      0.005     1.123    u_pcie/design_1_i/xdma_0/inst/udma_wrapper/dma_top/dma_enable.vul_dma/pcie_h2c_rst_3ff_reg[0]_rep__1
  -------------------------------------------------------------------
                         required time                         -1.123    
                         arrival time                           1.333    
  -------------------------------------------------------------------
                         slack                                  0.210    





---------------------------------------------------------------------------------------------------
Path Group:  **async_default**
From Clock:  pcie_ref_clk_p
  To Clock:  pcie_ref_clk_p

Setup :            0  Failing Endpoints,  Worst Slack        7.999ns,  Total Violation        0.000ns
Hold  :            0  Failing Endpoints,  Worst Slack        0.204ns,  Total Violation        0.000ns
---------------------------------------------------------------------------------------------------


Max Delay Paths
--------------------------------------------------------------------------------------
Slack (MET) :             7.999ns  (required time - arrival time)
  Source:                 u_pcie/design_1_i/xdma_0/inst/pcie3_ip_i/inst/design_1_xdma_0_0_pcie3_ip_gt_top_i/phy_rst_i/rrst_n_r_reg_reg/C
                            (rising edge-triggered cell FDCE clocked by pcie_ref_clk_p  {rise@0.000ns fall@5.000ns period=10.000ns})
  Destination:            u_pcie/design_1_i/xdma_0/inst/pcie3_ip_i/inst/design_1_xdma_0_0_pcie3_ip_gt_top_i/phy_rst_i/txprogdivreset_reg/PRE
                            (recovery check against rising-edge clock pcie_ref_clk_p  {rise@0.000ns fall@5.000ns period=10.000ns})
  Path Group:             **async_default**
  Path Type:              Recovery (Max at Slow Process Corner)
  Requirement:            10.000ns  (pcie_ref_clk_p rise@10.000ns - pcie_ref_clk_p rise@0.000ns)
  Data Path Delay:        1.677ns  (logic 0.114ns (6.798%)  route 1.563ns (93.202%))
  Logic Levels:           0  
  Clock Path Skew:        -0.207ns (DCD - SCD + CPR)
    Destination Clock Delay (DCD):    2.160ns = ( 12.160 - 10.000 ) 
    Source Clock Delay      (SCD):    2.633ns
    Clock Pessimism Removal (CPR):    0.265ns
  Clock Uncertainty:      0.035ns  ((TSJ^2 + TIJ^2)^1/2 + DJ) / 2 + PE
    Total System Jitter     (TSJ):    0.071ns
    Total Input Jitter      (TIJ):    0.000ns
    Discrete Jitter          (DJ):    0.000ns
    Phase Error              (PE):    0.000ns
  Clock Net Delay (Source):      1.899ns (routing 0.427ns, distribution 1.472ns)
  Clock Net Delay (Destination): 1.650ns (routing 0.385ns, distribution 1.265ns)

    Location             Delay type                Incr(ns)  Path(ns)    Netlist Resource(s)
  -------------------------------------------------------------------    -------------------
                         (clock pcie_ref_clk_p rise edge)
                                                      0.000     0.000 r  
    GTHE3_COMMON_X1Y1                                 0.000     0.000 r  pcie_ref_clk_p[0] (IN)
                         net (fo=0)                   0.000     0.000    u_pcie/design_1_i/util_ds_buf/U0/IBUF_DS_P[0]
    GTHE3_COMMON_X1Y1    IBUFDS_GTE3 (Prop_IBUFDS1_GTE3_GTHE3_COMMON_I_ODIV2)
                                                      0.337     0.337 r  u_pcie/design_1_i/util_ds_buf/U0/USE_IBUFDS_GTE3.GEN_IBUFDS_GTE3[0].IBUFDS_GTE3_I/ODIV2
                         net (fo=2, routed)           0.082     0.419    u_pcie/design_1_i/xdma_0/inst/pcie3_ip_i/inst/sys_clk
    BUFG_GT_X1Y27        BUFG_GT (Prop_BUFG_GT_I_O)
                                                      0.315     0.734 r  u_pcie/design_1_i/xdma_0/inst/pcie3_ip_i/inst/bufg_gt_sysclk/O
    X5Y1 (CLOCK_ROOT)    net (fo=237, routed)         1.899     2.633    u_pcie/design_1_i/xdma_0/inst/pcie3_ip_i/inst/design_1_xdma_0_0_pcie3_ip_gt_top_i/phy_rst_i/sync_reg[0]
    SLICE_X142Y148       FDCE                                         r  u_pcie/design_1_i/xdma_0/inst/pcie3_ip_i/inst/design_1_xdma_0_0_pcie3_ip_gt_top_i/phy_rst_i/rrst_n_r_reg_reg/C
  -------------------------------------------------------------------    -------------------
    SLICE_X142Y148       FDCE (Prop_EFF_SLICEM_C_Q)
                                                      0.114     2.747 r  u_pcie/design_1_i/xdma_0/inst/pcie3_ip_i/inst/design_1_xdma_0_0_pcie3_ip_gt_top_i/phy_rst_i/rrst_n_r_reg_reg/Q
                         net (fo=26, routed)          1.563     4.310    u_pcie/design_1_i/xdma_0/inst/pcie3_ip_i/inst/design_1_xdma_0_0_pcie3_ip_gt_top_i/phy_rst_i/phy_rrst_n
    SLICE_X142Y119       FDPE                                         f  u_pcie/design_1_i/xdma_0/inst/pcie3_ip_i/inst/design_1_xdma_0_0_pcie3_ip_gt_top_i/phy_rst_i/txprogdivreset_reg/PRE  (IS_INVERTED)
  -------------------------------------------------------------------    -------------------

                         (clock pcie_ref_clk_p rise edge)
                                                     10.000    10.000 r  
    GTHE3_COMMON_X1Y1                                 0.000    10.000 r  pcie_ref_clk_p[0] (IN)
                         net (fo=0)                   0.000    10.000    u_pcie/design_1_i/util_ds_buf/U0/IBUF_DS_P[0]
    GTHE3_COMMON_X1Y1    IBUFDS_GTE3 (Prop_IBUFDS1_GTE3_GTHE3_COMMON_I_ODIV2)
                                                      0.181    10.181 r  u_pcie/design_1_i/util_ds_buf/U0/USE_IBUFDS_GTE3.GEN_IBUFDS_GTE3[0].IBUFDS_GTE3_I/ODIV2
                         net (fo=2, routed)           0.046    10.227    u_pcie/design_1_i/xdma_0/inst/pcie3_ip_i/inst/sys_clk
    BUFG_GT_X1Y27        BUFG_GT (Prop_BUFG_GT_I_O)
                                                      0.283    10.510 r  u_pcie/design_1_i/xdma_0/inst/pcie3_ip_i/inst/bufg_gt_sysclk/O
    X5Y1 (CLOCK_ROOT)    net (fo=237, routed)         1.650    12.160    u_pcie/design_1_i/xdma_0/inst/pcie3_ip_i/inst/design_1_xdma_0_0_pcie3_ip_gt_top_i/phy_rst_i/sync_reg[0]
    SLICE_X142Y119       FDPE                                         r  u_pcie/design_1_i/xdma_0/inst/pcie3_ip_i/inst/design_1_xdma_0_0_pcie3_ip_gt_top_i/phy_rst_i/txprogdivreset_reg/C
                         clock pessimism              0.265    12.426    
                         clock uncertainty           -0.035    12.390    
    SLICE_X142Y119       FDPE (Recov_HFF_SLICEM_C_PRE)
                                                     -0.082    12.308    u_pcie/design_1_i/xdma_0/inst/pcie3_ip_i/inst/design_1_xdma_0_0_pcie3_ip_gt_top_i/phy_rst_i/txprogdivreset_reg
  -------------------------------------------------------------------
                         required time                         12.308    
                         arrival time                          -4.310    
  -------------------------------------------------------------------
                         slack                                  7.999    





Min Delay Paths
--------------------------------------------------------------------------------------
Slack (MET) :             0.204ns  (arrival time - required time)
  Source:                 u_pcie/design_1_i/xdma_0/inst/pcie3_ip_i/inst/design_1_xdma_0_0_pcie3_ip_gt_top_i/phy_rst_i/rrst_n_r_reg_reg/C
                            (rising edge-triggered cell FDCE clocked by pcie_ref_clk_p  {rise@0.000ns fall@5.000ns period=10.000ns})
  Destination:            u_pcie/design_1_i/xdma_0/inst/pcie3_ip_i/inst/design_1_xdma_0_0_pcie3_ip_gt_top_i/phy_rst_i/cpllreset_cnt_reg[0]/CLR
                            (removal check against rising-edge clock pcie_ref_clk_p  {rise@0.000ns fall@5.000ns period=10.000ns})
  Path Group:             **async_default**
  Path Type:              Removal (Min at Fast Process Corner)
  Requirement:            0.000ns  (pcie_ref_clk_p rise@0.000ns - pcie_ref_clk_p rise@0.000ns)
  Data Path Delay:        0.270ns  (logic 0.049ns (18.148%)  route 0.221ns (81.852%))
  Logic Levels:           0  
  Clock Path Skew:        0.061ns (DCD - SCD - CPR)
    Destination Clock Delay (DCD):    1.367ns
    Source Clock Delay      (SCD):    1.079ns
    Clock Pessimism Removal (CPR):    0.227ns
  Clock Net Delay (Source):      0.826ns (routing 0.224ns, distribution 0.602ns)
  Clock Net Delay (Destination): 0.979ns (routing 0.258ns, distribution 0.721ns)

    Location             Delay type                Incr(ns)  Path(ns)    Netlist Resource(s)
  -------------------------------------------------------------------    -------------------
                         (clock pcie_ref_clk_p rise edge)
                                                      0.000     0.000 r  
    GTHE3_COMMON_X1Y1                                 0.000     0.000 r  pcie_ref_clk_p[0] (IN)
                         net (fo=0)                   0.000     0.000    u_pcie/design_1_i/util_ds_buf/U0/IBUF_DS_P[0]
    GTHE3_COMMON_X1Y1    IBUFDS_GTE3 (Prop_IBUFDS1_GTE3_GTHE3_COMMON_I_ODIV2)
                                                      0.135     0.135 r  u_pcie/design_1_i/util_ds_buf/U0/USE_IBUFDS_GTE3.GEN_IBUFDS_GTE3[0].IBUFDS_GTE3_I/ODIV2
                         net (fo=2, routed)           0.018     0.153    u_pcie/design_1_i/xdma_0/inst/pcie3_ip_i/inst/sys_clk
    BUFG_GT_X1Y27        BUFG_GT (Prop_BUFG_GT_I_O)
                                                      0.100     0.253 r  u_pcie/design_1_i/xdma_0/inst/pcie3_ip_i/inst/bufg_gt_sysclk/O
    X5Y1 (CLOCK_ROOT)    net (fo=237, routed)         0.826     1.079    u_pcie/design_1_i/xdma_0/inst/pcie3_ip_i/inst/design_1_xdma_0_0_pcie3_ip_gt_top_i/phy_rst_i/sync_reg[0]
    SLICE_X142Y148       FDCE                                         r  u_pcie/design_1_i/xdma_0/inst/pcie3_ip_i/inst/design_1_xdma_0_0_pcie3_ip_gt_top_i/phy_rst_i/rrst_n_r_reg_reg/C
  -------------------------------------------------------------------    -------------------
    SLICE_X142Y148       FDCE (Prop_EFF_SLICEM_C_Q)
                                                      0.049     1.128 r  u_pcie/design_1_i/xdma_0/inst/pcie3_ip_i/inst/design_1_xdma_0_0_pcie3_ip_gt_top_i/phy_rst_i/rrst_n_r_reg_reg/Q
                         net (fo=26, routed)          0.221     1.349    u_pcie/design_1_i/xdma_0/inst/pcie3_ip_i/inst/design_1_xdma_0_0_pcie3_ip_gt_top_i/phy_rst_i/phy_rrst_n
    SLICE_X141Y150       FDCE                                         f  u_pcie/design_1_i/xdma_0/inst/pcie3_ip_i/inst/design_1_xdma_0_0_pcie3_ip_gt_top_i/phy_rst_i/cpllreset_cnt_reg[0]/CLR  (IS_INVERTED)
  -------------------------------------------------------------------    -------------------

                         (clock pcie_ref_clk_p rise edge)
                                                      0.000     0.000 r  
    GTHE3_COMMON_X1Y1                                 0.000     0.000 r  pcie_ref_clk_p[0] (IN)
                         net (fo=0)                   0.000     0.000    u_pcie/design_1_i/util_ds_buf/U0/IBUF_DS_P[0]
    GTHE3_COMMON_X1Y1    IBUFDS_GTE3 (Prop_IBUFDS1_GTE3_GTHE3_COMMON_I_ODIV2)
                                                      0.223     0.223 r  u_pcie/design_1_i/util_ds_buf/U0/USE_IBUFDS_GTE3.GEN_IBUFDS_GTE3[0].IBUFDS_GTE3_I/ODIV2
                         net (fo=2, routed)           0.035     0.258    u_pcie/design_1_i/xdma_0/inst/pcie3_ip_i/inst/sys_clk
    BUFG_GT_X1Y27        BUFG_GT (Prop_BUFG_GT_I_O)
                                                      0.130     0.388 r  u_pcie/design_1_i/xdma_0/inst/pcie3_ip_i/inst/bufg_gt_sysclk/O
    X5Y1 (CLOCK_ROOT)    net (fo=237, routed)         0.979     1.367    u_pcie/design_1_i/xdma_0/inst/pcie3_ip_i/inst/design_1_xdma_0_0_pcie3_ip_gt_top_i/phy_rst_i/sync_reg[0]
    SLICE_X141Y150       FDCE                                         r  u_pcie/design_1_i/xdma_0/inst/pcie3_ip_i/inst/design_1_xdma_0_0_pcie3_ip_gt_top_i/phy_rst_i/cpllreset_cnt_reg[0]/C
                         clock pessimism             -0.227     1.140    
    SLICE_X141Y150       FDCE (Remov_HFF_SLICEL_C_CLR)
                                                      0.005     1.145    u_pcie/design_1_i/xdma_0/inst/pcie3_ip_i/inst/design_1_xdma_0_0_pcie3_ip_gt_top_i/phy_rst_i/cpllreset_cnt_reg[0]
  -------------------------------------------------------------------
                         required time                         -1.145    
                         arrival time                           1.349    
  -------------------------------------------------------------------
                         slack                                  0.204    





